{
  "n_target_index": 9,
  "view_elev": 10.066718995290557,
  "view_azim": 75.76530612244892,
  "zoom_r": 0.6103544529306948,
  "zoom_center_z": 0.0534986682659202,
  "cut_angle_deg": 90.0,
  "cut_plane_offset": -1.5,
  "keep_side_sign": -1.0,
  "font_size": 24.06552502615495,
  "cbar_font_size": 24.06552502615495,
  "point_size": 39.00808741819969,
  "boundary_thresh_deg": 8.79535558780842,
  "only_octant_xyz_pos": false,
  "draw_faces": false,
  "draw_face_edges": true,
  "wire_thickness": 3.0,
  "face_alpha": 1.0,
  "face_color_hue": 0.5976255886970181,
  "face_color_lightness": 1.0,
  "face_enabled": [
    true,
    true,
    true,
    true,
    true,
    true,
    true,
    true
  ],
  "p_lo": 1.0,
  "p_hi": 99.0,
  "fig_width": 23.159076592698643,
  "fig_height": 11.934013958482463
}