{
  "O_KR_FCC": {
    "n_fz": 3429,
    "n_eff": 164592,
    "iter_count": 101,
    "initial": {
      "E3_ratio": 0.9218470325736,
      "cr_deg": 2.53945304534945,
      "cr_ratio": 1.2851484968379838
    },
    "final": {
      "E3_ratio": 0.9183728766016259,
      "cr_deg": 2.428170236192619,
      "cr_ratio": 1.2288312772013714
    }
  },
  "O_KR_PC": {
    "n_fz": 3375,
    "n_eff": 162000,
    "iter_count": 101,
    "initial": {
      "E3_ratio": 0.9327923593426183,
      "cr_deg": 2.7280964079874503,
      "cr_ratio": 1.373328614752989
    },
    "final": {
      "E3_ratio": 0.918720786276316,
      "cr_deg": 2.410530394994758,
      "cr_ratio": 1.2134653154066082
    }
  },
  "O_rej": {
    "n_fz": 3317,
    "n_eff": 159216,
    "iter_count": 101,
    "initial": {
      "E3_ratio": 0.9618304914944055,
      "cr_deg": 3.14380104952891,
      "cr_ratio": 1.5734750417703702
    },
    "final": {
      "E3_ratio": 0.9188464125504376,
      "cr_deg": 2.4124692238908256,
      "cr_ratio": 1.2074428543753313
    }
  }
}