{
  "elev": 18.0,
  "azim": 35.0,
  "point_size": 25.0,
  "wire_thickness": 2.5,
  "text_size": 20.0,
  "zoom_cu": 0.8800000000000001,
  "zoom_ho": 0.62,
  "zoom_fz": 0.8600000000000001,
  "p_lo": 0.0,
  "p_hi": 100.0,
  "version": 2
}