{
  "O_rej": {
    "n_fz": 12643,
    "n_eff": 606864,
    "iter_count": 101,
    "initial": {
      "E3_ratio": 14.248747087566144,
      "cr_deg": 2.396149351253116,
      "cr_ratio": 1.8734700397304183
    },
    "final": {
      "E3_ratio": 0.9269375233740498,
      "cr_deg": 1.581898096182211,
      "cr_ratio": 1.236833875799129
    }
  },
  "O_KR_PC": {
    "n_fz": 12167,
    "n_eff": 584016,
    "iter_count": 101,
    "initial": {
      "E3_ratio": 0.9390191008072678,
      "cr_deg": 1.8528864661775382,
      "cr_ratio": 1.4302951211300055
    },
    "final": {
      "E3_ratio": 0.9265948839684766,
      "cr_deg": 1.610356338656018,
      "cr_ratio": 1.243079301675782
    }
  },
  "O_KR_FCC": {
    "n_fz": 12195,
    "n_eff": 585360,
    "iter_count": 101,
    "initial": {
      "E3_ratio": 0.9288164522706479,
      "cr_deg": 1.7006267775438038,
      "cr_ratio": 1.3137679280100312
    },
    "final": {
      "E3_ratio": 0.9260205499882408,
      "cr_deg": 1.5902957855135105,
      "cr_ratio": 1.2285350475750434
    }
  }
}