{
  "O": {
    "phi_min": 0.7853981633974483,
    "phi_max": 1.5707963267948966,
    "phi_break": 1.1780972450961724,
    "u_break": 0.5667905347333297,
    "left": {
      "u0": 0.0,
      "u1": 0.5667905347333297,
      "degree_num": 8,
      "degree_den": 8,
      "sup_error": 1.199040866595169e-14,
      "rms_error": 5.3056874282651546e-15,
      "min_Q": 0.9011585816565335,
      "numerator": [
        0.972852840588069,
        0.19114256303868526,
        -0.07200597429184963,
        0.0019036882372386453,
        -6.90762808742289e-05,
        -3.541269544600796e-05,
        1.2802239724117446e-06,
        -4.353221441400241e-08,
        -5.969310864624526e-09
      ],
      "denominator": [
        1.0,
        0.003306117640028675,
        -0.08447285894067914,
        0.010338177449608622,
        -0.0007327163426372906,
        -4.420643674300553e-06,
        3.672842561317652e-06,
        -3.147154560490602e-07,
        1.105314525177379e-08
      ]
    },
    "right": {
      "u0": 0.5667905347333297,
      "u1": 1.0,
      "degree_num": 8,
      "degree_den": 5,
      "sup_error": 4.04121180963557e-14,
      "rms_error": 2.3377879742528675e-14,
      "min_Q": 0.996630013750432,
      "numerator": [
        1.3707109341917165,
        0.1947432679225177,
        0.007269980754321227,
        0.0007151827313080849,
        -5.174273157437798e-05,
        -5.3091738401265805e-06,
        -1.659001355271721e-07,
        2.8004315443311014e-09,
        3.284693250980296e-10
      ],
      "denominator": [
        1.0,
        -0.0017419236794533773,
        0.002750778936592661,
        0.0007074471694800329,
        -6.934266776154665e-05,
        -7.729908914691581e-07
      ]
    },
    "global_sup_error": 4.0190073491430667e-14,
    "global_rms_error": 1.5898606185026015e-14
  }
}