{
  "2": {
    "degree_num": 14,
    "degree_den": 0,
    "phi_max": 0.7853981633974483,
    "sup_error": 4.9960036108132044e-15,
    "rms_error": 2.6810265223476078e-15,
    "min_Q": 1.0,
    "numerator": [
      0.39627987780106344,
      0.39338452161224874,
      -0.003544966435596199,
      -0.0006823304169040724,
      -3.604149307300239e-05,
      -3.1605464484494636e-06,
      2.0432777448919986e-07,
      5.053742895615855e-08,
      7.523441384495686e-09,
      5.248732909091277e-10,
      -2.2865932040122213e-11,
      -1.2314903279531874e-11,
      -2.0242943434689516e-12,
      -1.6294199721876062e-13,
      3.866040574806242e-15
    ],
    "denominator": [
      1.0
    ]
  },
  "3": {
    "degree_num": 12,
    "degree_den": 0,
    "phi_max": 0.5235987755982988,
    "sup_error": 1.3877787807814457e-15,
    "rms_error": 5.520701013880689e-16,
    "min_Q": 1.0,
    "numerator": [
      0.26372079493664446,
      0.2621214219744662,
      -0.0019209446532809178,
      -0.00032215106358461057,
      -5.042526775859698e-07,
      1.1411079542434066e-07,
      4.183849390993462e-08,
      2.789976730130904e-09,
      -6.884027295928439e-11,
      -1.2483951830916921e-11,
      -1.1964284939950267e-12,
      -2.0890865865872803e-14,
      6.360346416223058e-15
    ],
    "denominator": [
      1.0
    ]
  },
  "4": {
    "degree_num": 10,
    "degree_den": 0,
    "phi_max": 0.39269908169872414,
    "sup_error": 3.0531133177191805e-15,
    "rms_error": 1.7538821615363918e-15,
    "min_Q": 1.0,
    "numerator": [
      0.19740759198647356,
      0.1965230199482321,
      -0.0010592628708664318,
      -0.0001736206447833958,
      1.2067879204577828e-06,
      1.413140039530892e-07,
      4.969033409020158e-09,
      2.3319140405071373e-10,
      -2.3209109765292826e-11,
      -1.2843902376725979e-12,
      1.0043923509978181e-14
    ],
    "denominator": [
      1.0
    ]
  },
  "6": {
    "degree_num": 9,
    "degree_den": 0,
    "phi_max": 0.2617993877991494,
    "sup_error": 1.887379141862766e-15,
    "rms_error": 1.1824290787139271e-15,
    "min_Q": 1.0,
    "numerator": [
      0.13130528077331868,
      0.13096612621072035,
      -0.00040606488851938056,
      -6.647953265805797e-05,
      4.781749066832917e-07,
      4.723681792250029e-08,
      -1.5943494316860916e-10,
      -1.5278450598504546e-11,
      -6.980104484333946e-13,
      -2.7112824751072206e-14
    ],
    "denominator": [
      1.0
    ]
  }
}