{
  "O": {
    "degree_num": 15,
    "degree_den": 13,
    "phi_min": 0.7853981633974483,
    "phi_max": 1.5707963267948966,
    "sup_error": 4.425448119071973e-08,
    "rms_error": 9.608746685672822e-09,
    "min_Q": 0.020267795637041952,
    "numerator": [
      1.1822546284090303,
      0.6266788394338704,
      0.6004499218470398,
      0.38819631496309054,
      -0.44145326792933237,
      -0.30362113191584633,
      0.1886312469947614,
      0.07689709519728546,
      0.0985972029255346,
      0.27635698327477154,
      -0.020057747872002395,
      0.0613199529525534,
      -0.001377649147953003,
      0.0008284032342458215,
      0.00021685353523857393,
      1.4705470527970237e-05
    ],
    "denominator": [
      1.0,
      0.1242750077114338,
      0.4241000808977174,
      0.33639100888253853,
      -0.40743628876474214,
      -0.232479603389913,
      0.20383650417779056,
      0.02527921959052187,
      0.037732606982845,
      0.24437987986578913,
      -0.07043165049777976,
      0.06442652257571665,
      -0.011610440319712067,
      0.002012544289499829
    ]
  }
}