{
  "2": {
    "degree_num": 12,
    "degree_den": 12,
    "sup_error_theta_rad": 9.163780845256042e-13,
    "rms_error_theta_rad": 4.873165475968358e-13,
    "min_Q_guard": 0.06880351643707552,
    "numerator": [
      0.8999089384191099,
      1.3902001116033234,
      0.6542892961897773,
      0.1961806458532806,
      0.036035891441522916,
      0.003948190876028702,
      6.071655510189562e-05,
      -4.115538577011848e-05,
      -5.71701605329937e-06,
      1.339790544391994e-06,
      -5.7209632478797744e-08,
      -5.47869988165713e-08,
      9.570567041789583e-09
    ],
    "denominator": [
      1.0,
      1.3995439613263834,
      0.5986944047319571,
      0.15410814316375174,
      0.02595151620589091,
      0.0022779557798183686,
      4.447524956155959e-05,
      -4.344136006169891e-05,
      6.415989165754566e-07,
      6.978896945974585e-07,
      -2.053887219920345e-07,
      3.205276029314007e-09,
      3.4970471787954822e-09
    ],
    "variable": {
      "input": "s = tan(theta/2) in [0,1]",
      "output": "phi' = tan(theta'/2) in [0,1]",
      "t_map": "t=2s-1"
    }
  },
  "3": {
    "degree_num": 25,
    "degree_den": 25,
    "sup_error_theta_rad": 1.5392409569159327e-12,
    "rms_error_theta_rad": 2.473925780204433e-13,
    "min_Q_guard": 0.001054277596716767,
    "numerator": [
      0.9406010169199541,
      1.5038812714928655,
      0.7687413925423949,
      0.26350890118639675,
      0.07822789243454514,
      0.02279273299840361,
      -0.0018635203753759536,
      -0.008084439335512946,
      -0.005185062826398469,
      -0.0020633290224697045,
      -0.0005503770722878467,
      -4.950278372243892e-05,
      2.0613284574333323e-05,
      8.736145620971186e-06,
      2.6792880532475374e-06,
      -4.158247059770906e-08,
      5.301567123467806e-07,
      1.696689227970471e-06,
      1.1367537479061344e-06,
      3.168901246401923e-07,
      1.3715273450810584e-07,
      1.615828605396988e-07,
      7.637239822806995e-08,
      9.156661189753585e-09,
      -1.5290601370437633e-09,
      -3.159936667027191e-10
    ],
    "denominator": [
      1.0,
      1.5463375854155719,
      0.7193779843818607,
      0.22258148545512932,
      0.07103512785607691,
      0.021293029290536298,
      -0.004531220663898332,
      -0.008859122325024806,
      -0.00494104345452395,
      -0.001880693388914236,
      -0.00044239364265250594,
      -1.1455757160469491e-05,
      2.007971536540592e-05,
      7.1517451909983955e-06,
      3.088244065480096e-06,
      -9.65525972270143e-07,
      6.997007196498962e-07,
      1.9864138744836404e-06,
      1.1221389421550365e-06,
      1.8312001840147144e-07,
      1.4478243628728864e-07,
      1.8729579978625327e-07,
      6.398331800679402e-08,
      2.7670633362267463e-09,
      -1.1519711634055695e-09,
      -1.9137372251910538e-10
    ],
    "variable": {
      "input": "s = tan(theta/2) in [0,1]",
      "output": "phi' = tan(theta'/2) in [0,1]",
      "t_map": "t=2s-1"
    }
  },
  "4": {
    "degree_num": 50,
    "degree_den": 50,
    "sup_error_theta_rad": 7.26713828003156e-13,
    "rms_error_theta_rad": 3.5376860238811484e-14,
    "min_Q_guard": 0.001130352883746058,
    "numerator": [
      0.9187284322607169,
      1.3425617264893104,
      0.5102699941016913,
      0.07936194443395517,
      -0.05088588602693037,
      -0.06807915463759605,
      -0.022493549794242833,
      -8.900859493998122e-05,
      -0.0059526896553506545,
      -0.005328153322842764,
      -0.0013712197067412488,
      0.00012806370816771613,
      0.0005329488717566679,
      0.0003916018594603037,
      0.00013544611757764345,
      -2.714462374621756e-06,
      -4.521148233018679e-05,
      -4.75385779918835e-05,
      -2.4430833998303843e-05,
      -1.7559546866043816e-07,
      9.823984323719334e-07,
      -1.2090682168365322e-06,
      3.3170584675455872e-06,
      2.891403707008423e-06,
      3.7159342489074105e-07,
      1.4084731339341833e-06,
      1.780930151005404e-06,
      6.733855038873094e-07,
      4.356610591903058e-08,
      -3.597129589495366e-08,
      -1.0030849930567158e-08,
      3.335948978446849e-11,
      2.0300216071599418e-11,
      -6.193282041918286e-11,
      1.5221174199670159e-10,
      -1.236453424117063e-11,
      2.1006548892541814e-10,
      2.7260982840283502e-11,
      9.87193505823172e-11,
      -8.869866360037363e-11,
      -1.8954578128500215e-10,
      1.259272648877372e-10,
      -3.240637945230796e-10,
      2.4688986740028285e-10,
      3.2235316593578934e-10,
      -3.3113939600339557e-10,
      -4.8233890429510225e-11,
      2.048224849003727e-10,
      5.649277534222031e-11,
      -1.4624668673057e-12,
      -1.0060317584537716e-12
    ],
    "denominator": [
      1.0,
      1.366633445445034,
      0.4309031707635718,
      0.06346951617605563,
      -0.058522150185013666,
      -0.07980395380928527,
      -0.01396921557370931,
      0.0025060199679121987,
      -0.008547739564191336,
      -0.004951738158526487,
      -0.0010732446835015664,
      0.00015908753056140547,
      0.0006147978228320445,
      0.00038356258658602,
      0.00012166400156075078,
      -1.4501878996483275e-05,
      -4.4574956636260466e-05,
      -5.262916335929682e-05,
      -2.4282931393514627e-05,
      4.294546106730782e-06,
      4.3350740275988863e-07,
      -3.102453653523831e-06,
      5.157306193461304e-06,
      2.816887890349183e-06,
      -4.551547700495345e-07,
      1.8353116757101183e-06,
      1.9334529244177652e-06,
      5.313430064120764e-07,
      4.071596017786068e-09,
      -3.739305704047926e-08,
      -5.584696571231214e-09,
      -7.270286362213183e-10,
      9.621309637722463e-10,
      -1.179724581979985e-09,
      1.362353718893472e-09,
      -1.21729436964703e-09,
      1.3104644096675996e-09,
      -8.606553634227557e-10,
      7.137528434284342e-10,
      -3.476667426000386e-10,
      -3.349933951631834e-10,
      5.662893433996324e-10,
      -8.38512067521564e-10,
      5.094733815297842e-10,
      4.738738042226313e-10,
      -6.333466129013338e-10,
      8.121186822694796e-11,
      2.345557517383559e-10,
      2.6357175220728297e-11,
      -1.2639387881450646e-13,
      -8.919698471582963e-13
    ],
    "variable": {
      "input": "s = tan(theta/2) in [0,1]",
      "output": "phi' = tan(theta'/2) in [0,1]",
      "t_map": "t=2s-1"
    }
  },
  "6": {
    "degree_num": 70,
    "degree_den": 70,
    "sup_error_theta_rad": 6.502472171820983e-13,
    "rms_error_theta_rad": 5.771158682369899e-14,
    "min_Q_guard": 0.0010786333399894921,