{
  "2": {
    "k": 2,
    "tau": 0.9999999999999999,
    "alpha": 2.346034268244241,
    "degree_num": 12,
    "degree_den": 12,
    "num": [
      -0.56110035332157,
      0.29482595907422865,
      -0.083272278636386,
      0.02498203909829357,
      -0.007727349191855481,
      0.002418706867592509,
      -0.00074408950317211,
      0.00020950574101386238,
      -4.0803789776311626e-05,
      -7.909821676324469e-06,
      1.5608037895448275e-05,
      -7.2554833953366366e-06,
      -7.052893163318243e-06
    ],
    "den": [
      1.0,
      1.2664336112170058e-05,
      -1.4720132826869928e-05,
      1.526131077037678e-05,
      -1.5108730688030284e-05,
      1.4558862188075468e-05,
      -1.3741487455358568e-05,
      1.26826214766668e-05,
      -1.127956375458121e-05,
      9.164094220198149e-06,
      -5.244941164294316e-06,
      -3.749460002201909e-06,
      2.6620625358634393e-05
    ],
    "sup_err_theta_prime_rad": 8.581439017718573e-07,
    "rms_err_theta_prime_rad": 4.169132224313551e-07,
    "H_MAX": 1.3306700394914688,
    "notes": [
      "\u03b8'(y) = \u03b1 sqrt(y) * (1 + y * P/Q),  t=2y-1;  R^3 uses u-0.5 sin(2u) identity."
    ]
  },
  "3": {
    "k": 3,
    "tau": 0.5773502691896257,
    "alpha": 3.400036590218377,
    "degree_num": 12,
    "degree_den": 12,
    "num": [
      -1.2222176976597299,
      0.974120621531869,
      -0.41896657974914076,
      0.18814652570006485,
      -0.0867015797807841,
      0.04059279064987879,
      -0.019158117595233642,
      0.009039160533288631,
      -0.00421586850641693,
      0.0019070905292409976,
      -0.0007999228654305795,
      0.00025868504336464584,
      1.986999793954533e-05
    ],
    "den": [
      1.0,
      0.00011433623141938204,
      -0.00013327794763371944,
      0.00014160356183574678,
      -0.00014299722651129742,
      0.00013924226070847825,
      -0.00013141781329782182,
      0.00012023744346360569,
      -0.0001062068430149814,
      9.00150207220225e-05,
      -7.426153966624008e-05,
      7.142448285432418e-05,
      -0.00014592823191634583
    ],
    "sup_err_theta_prime_rad": 2.1512288600478158e-06,
    "rms_err_theta_prime_rad": 8.854738751308352e-07,
    "H_MAX": 1.3306700394914688,
    "notes": [
      "\u03b8'(y) = \u03b1 sqrt(y) * (1 + y * P/Q),  t=2y-1;  R^3 uses u-0.5 sin(2u) identity."
    ]
  },
  "4": {
    "k": 4,
    "tau": 0.41421356237309503,
    "alpha": 4.479225823549059,
    "degree_num": 12,
    "degree_den": 12,
    "num": [
      -1.8444738230215292,
      1.8112819190305909,
      -0.9465245288871723,
      0.511367403289611,
      -0.28168744479022223,
      0.1568606608494678,
      -0.08766067407033767,
      0.04874317877977658,
      -0.026603407711684218,
      0.013865230790460585,
      -0.0064393873783270645,
      0.0020955558194913682,
      0.000158459652620499
    ],
    "den": [
      1.0,
      0.00037067691459564625,
      -0.0004149862540472182,
      0.00043744185433018147,
      -0.00044360630288531246,
      0.00043792636968232717,
      -0.0004253087795245359,
      0.00041211138438920704,
      -0.00040756705843939054,
      0.0004265844727413633,
      -0.0004954917322913671,
      0.0006633350480092334,
      -0.0010167134557166322
    ],
    "sup_err_theta_prime_rad": 3.595777597537042e-05,
    "rms_err_theta_prime_rad": 1.3431630923753323e-05,
    "H_MAX": 1.3306700394914688,
    "notes": [
      "\u03b8'(y) = \u03b1 sqrt(y) * (1 + y * P/Q),  t=2y-1;  R^3 uses u-0.5 sin(2u) identity."
    ]
  },
  "6": {
    "k": 6,
    "tau": 0.2679491924311227,
    "alpha": 6.661462289618532,
    "degree_num": 12,
    "degree_den": 12,
    "num": [
      -3.0101430422685103,
      3.650640673799203,
      -2.3065125399986792,
      1.4859264235052876,
      -0.9648188774601524,
      0.625243704541845,
      -0.3996336035136107,
      0.24741451910637705,
      -0.14369568365779614,
      0.07339084485711748,
      -0.02807057714056618,
      0.0040186264384540074,
      0.0007592869715858111
    ],
    "den": [
      1.0,
      0.0016390008361412587,
      -0.001844496833923767,
      0.00206115035082508,
      -0.002320410084693048,
      0.002657440625850805,
      -0.0031175988115928416,
      0.0037563865830992408,
      -0.004629013975361609,
      0.005748165988038801,
      -0.006933580966576459,
      0.0072513016911272534,
      -0.002565323781342785
    ],
    "sup_err_theta_prime_rad": 0.0004932928441373496,
    "rms_err_theta_prime_rad": 0.00016004692347035984,
    "H_MAX": 1.3306700394914688,
    "notes": [
      "\u03b8'(y) = \u03b1 sqrt(y) * (1 + y * P/Q),  t=2y-1;  R^3 uses u-0.5 sin(2u) identity."
    ]
  }
}