{
  "I_532": {
    "degree_num": 17,
    "degree_den": 0,
    "psi_max": 0.6283185307179586,
    "sup_error": 1.2212453270876722e-15,
    "rms_error": 3.438840854487764e-16,
    "min_Q": 1.0,
    "numerator": [
      0.3304924856175057,
      0.31583416591403574,
      -0.016688974639899247,
      -0.0016721216544865944,
      0.0003619870280989233,
      -3.4011730639492566e-06,
      -6.302515376491188e-06,
      6.421149861038183e-07,
      6.949651306457666e-08,
      -2.0250514424156133e-08,
      4.204414792689178e-10,
      4.1271900706295387e-10,
      -4.990132935908946e-11,
      -4.6492593956442474e-12,
      1.6306230055684584e-12,
      -5.1885682094719584e-14,
      -3.3872343958599216e-14,
      4.631902188019415e-15
    ],
    "denominator": [
      1.0
    ]
  }
}