{
  "T": {
    "degree_num": 12,
    "degree_den": 10,
    "phi_max": 0.7853981633974483,
    "sup_error": 3.247402347028583e-15,
    "rms_error": 1.5780596558690917e-15,
    "min_Q": 0.9999854460023455,
    "numerator": [
      0.36781788207117677,
      0.3947242675359163,
      0.025552232221354085,
      -0.0019925177097101683,
      -0.0006826585228387496,
      -3.461937624041875e-05,
      1.0711964436465566e-05,
      8.266471280731193e-07,
      4.637247599777716e-07,
      6.556999583536072e-07,
      -1.4219967302931709e-08,
      4.576707508498134e-09,
      1.3484067046460952e-10
    ],
    "denominator": [
      1.0,
      2.9141418502709427e-06,
      -1.5269094632305715e-06,
      6.416353453852009e-07,
      1.6615935995742397e-06,
      -1.5174845503286455e-06,
      -1.8299029656639242e-06,
      -6.052492204511186e-06,
      4.967030741589562e-06,
      -5.04089587435592e-07,
      6.408342665323226e-08
    ]
  }
}