{
  "n_target_index": 9,
  "view_elev": 10.066718995290557,
  "view_azim": 75.76530612244892,
  "zoom_r": 0.6103544529306948,
  "zoom_center_z": 0.0534986682659202,
  "cut_angle_deg": 89.79250389012921,
  "cut_plane_offset": -1.5,
  "keep_side_sign": -1.0,
  "font_size": 7.5,
  "cbar_font_size": 7.0,
  "point_size": 6.812732562072931,
  "boundary_thresh_deg": 8.286990054800082,
  "only_octant_xyz_pos": false,
  "draw_faces": false,
  "draw_face_edges": true,
  "wire_thickness": 3.0,
  "face_alpha": 1.0,
  "face_color_hue": 0.5976255886970181,
  "face_color_lightness": 1.0,
  "face_enabled": [
    true,
    true,
    true,
    true,
    true,
    true,
    true,
    true
  ],
  "p_lo": 1.0,
  "p_hi": 99.0,
  "fig_width": 4.827272727272727,
  "fig_height": 7.2
}