1.684771990419541288e-01,-5.690973652498539925e-01,-5.690973652498542146e-01,-5.690973652498544366e-01
1.684771990419543508e-01,-6.059161390239132805e-01,-6.059161390239136136e-01,-4.871824076705612572e-01
1.684771990419550169e-01,-6.374655011595687926e-01,-6.374655011595691256e-01,-3.986112179376499198e-01
1.684771990419554610e-01,-6.629479035644185725e-01,-6.629479035644187945e-01,-3.043280922328102100e-01
1.684771990419552390e-01,-6.816811124769358576e-01,-6.816811124769359687e-01,-2.055168002558220297e-01
1.684771990419552667e-01,-6.931414309188673739e-01,-6.931414309188674849e-01,-1.035632506754564919e-01
1.684771990419547949e-01,-6.969990794122247202e-01,-6.969990794122248312e-01,-6.986515028231858837e-17
1.684771990419552667e-01,-6.931414309188673739e-01,-6.931414309188674849e-01,1.035632506754564364e-01
1.684771990419552390e-01,-6.816811124769358576e-01,-6.816811124769359687e-01,2.055168002558220020e-01
1.684771990419554610e-01,-6.629479035644185725e-01,-6.629479035644187945e-01,3.043280922328102100e-01
1.684771990419550169e-01,-6.374655011595687926e-01,-6.374655011595691256e-01,3.986112179376499198e-01
1.684771990419543508e-01,-6.059161390239132805e-01,-6.059161390239136136e-01,4.871824076705612572e-01
1.684771990419543786e-01,-5.690973652498543256e-01,-5.690973652498545476e-01,5.690973652498537705e-01
1.684771990419543508e-01,-6.059161390239132805e-01,-4.871824076705612572e-01,-6.059161390239136136e-01
1.684771990419541288e-01,-6.963943109159997924e-01,-4.932800407105518148e-01,-4.932800407105521479e-01
1.684771990419550447e-01,-7.266561230628123536e-01,-5.284528097684508818e-01,-4.053688938067770420e-01
1.684771990419541288e-01,-7.514848734004723196e-01,-5.571348601852599280e-01,-3.106230287979380722e-01
1.684771990419550169e-01,-7.699622933033734018e-01,-5.783829217302860481e-01,-2.103489865550231541e-01
1.684771990419552667e-01,-7.813614527328335280e-01,-5.914518523897244195e-01,-1.061810712461371403e-01
1.684771990419547949e-01,-7.852149457509792763e-01,-5.958631742038303925e-01,-7.167309933646920891e-17
1.684771990419552390e-01,-7.813614527328335280e-01,-5.914518523897244195e-01,1.061810712461370848e-01
1.684771990419550169e-01,-7.699622933033734018e-01,-5.783829217302860481e-01,2.103489865550230986e-01
1.684771990419541288e-01,-7.514848734004723196e-01,-5.571348601852599280e-01,3.106230287979380167e-01
1.684771990419550447e-01,-7.266561230628123536e-01,-5.284528097684508818e-01,4.053688938067770420e-01
1.684771990419541288e-01,-6.963943109159997924e-01,-4.932800407105518148e-01,4.932800407105521479e-01
1.684771990419541565e-01,-6.059161390239137246e-01,-4.871824076705612572e-01,6.059161390239132805e-01
1.684771990419552390e-01,-6.374655011595687926e-01,-3.986112179376499198e-01,-6.374655011595691256e-01
1.684771990419550447e-01,-7.266561230628123536e-01,-4.053688938067770420e-01,-5.284528097684508818e-01
1.684771990419545729e-01,-8.005463573701186997e-01,-4.066576957985743590e-01,-4.066576957985746366e-01
1.684771990419550169e-01,-8.242370870480496547e-01,-4.402043228111484074e-01,-3.137974058463542382e-01
1.684771990419554610e-01,-8.422577077321472538e-01,-4.653794320243000993e-01,-2.136337319280504354e-01
1.684771990419552390e-01,-8.535456971929147318e-01,-4.810072138546426235e-01,-1.081999834853625969e-01
1.684771990419547949e-01,-8.573915636645055294e-01,-4.863076597791893274e-01,-7.311908739370381274e-17
1.684771990419552390e-01,-8.535456971929147318e-01,-4.810072138546426235e-01,1.081999834853625414e-01
1.684771990419554610e-01,-8.422577077321472538e-01,-4.653794320243000993e-01,2.136337319280503799e-01
1.684771990419550169e-01,-8.242370870480496547e-01,-4.402043228111484074e-01,3.137974058463541827e-01
1.684771990419545729e-01,-8.005463573701186997e-01,-4.066576957985743590e-01,4.066576957985746366e-01
1.684771990419550447e-01,-7.266561230628123536e-01,-4.053688938067770420e-01,5.284528097684508818e-01
1.684771990419550169e-01,-6.374655011595692367e-01,-3.986112179376499198e-01,6.374655011595687926e-01
1.684771990419554610e-01,-6.629479035644185725e-01,-3.043280922328102100e-01,-6.629479035644187945e-01
1.684771990419541288e-01,-7.514848734004723196e-01,-3.106230287979380722e-01,-5.571348601852599280e-01
1.684771990419550169e-01,-8.242370870480496547e-01,-3.137974058463542382e-01,-4.402043228111484074e-01
1.684771990419550169e-01,-8.815535046122111584e-01,-3.118323683559049986e-01,-3.118323683559052206e-01
1.684771990419552390e-01,-8.986455385896399140e-01,-3.434199002538332324e-01,-2.147426401196580181e-01
1.684771990419552667e-01,-9.096994414189816247e-01,-3.633993228708041756e-01,-1.095595355138535426e-01
1.684771990419552667e-01,-9.135289331528038126e-01,-3.702435977781083909e-01,-7.422427192198717708e-17
1.684771990419552667e-01,-9.096994414189816247e-01,-3.633993228708041756e-01,1.095595355138534455e-01
1.684771990419552390e-01,-8.986455385896399140e-01,-3.434199002538332324e-01,2.147426401196579626e-01
1.684771990419552390e-01,-8.815535046122111584e-01,-3.118323683559052206e-01,3.118323683559049431e-01
1.684771990419550169e-01,-8.242370870480496547e-01,-3.137974058463542382e-01,4.402043228111484074e-01
1.684771990419541288e-01,-7.514848734004723196e-01,-3.106230287979380722e-01,5.571348601852599280e-01
1.684771990419552390e-01,-6.629479035644189056e-01,-3.043280922328101545e-01,6.629479035644184615e-01
1.684771990419552390e-01,-6.816811124769358576e-01,-2.055168002558220297e-01,-6.816811124769359687e-01
1.684771990419550169e-01,-7.699622933033734018e-01,-2.103489865550231541e-01,-5.783829217302860481e-01
1.684771990419554610e-01,-8.422577077321472538e-01,-2.136337319280504354e-01,-4.653794320243000993e-01
1.684771990419552112e-01,-8.986455385896396919e-01,-2.147426401196579626e-01,-3.434199002538331769e-01
1.684771990419550447e-01,-9.394157526422772797e-01,-2.110846715071007795e-01,-2.110846715071009183e-01
1.684771990419554888e-01,-9.498435902327843072e-01,-2.394393690362417448e-01,-1.099153130923909011e-01
1.684771990419552390e-01,-9.536270542158739039e-01,-2.494210794430417599e-01,-7.500371971894714546e-17
1.684771990419554888e-01,-9.498435902327843072e-01,-2.394393690362417448e-01,1.099153130923908317e-01
1.684771990419552390e-01,-9.394157526422771687e-01,-2.110846715071008906e-01,2.110846715071007240e-01
1.684771990419552390e-01,-8.986455385896399140e-01,-2.147426401196580181e-01,3.434199002538331769e-01
1.684771990419554610e-01,-8.422577077321472538e-01,-2.136337319280504354e-01,4.653794320243000993e-01
1.684771990419550169e-01,-7.699622933033734018e-01,-2.103489865550231541e-01,5.783829217302860481e-01
1.684771990419552112e-01,-6.816811124769361907e-01,-2.055168002558220297e-01,6.816811124769356356e-01
1.684771990419552390e-01,-6.931414309188673739e-01,-1.035632506754565058e-01,-6.931414309188674849e-01
1.684771990419552390e-01,-7.813614527328335280e-01,-1.061810712461371403e-01,-5.914518523897244195e-01
1.684771990419552390e-01,-8.535456971929147318e-01,-1.081999834853625969e-01,-4.810072138546426235e-01
1.684771990419552390e-01,-9.096994414189817357e-01,-1.095595355138535426e-01,-3.633993228708041756e-01
1.684771990419554888e-01,-9.498435902327843072e-01,-1.099153130923909011e-01,-2.394393690362417448e-01
1.684771990419552667e-01,-9.741331014603168414e-01,-1.064897507797850779e-01,-1.064897507797851472e-01
1.684771990419554610e-01,-9.776859268537160252e-01,-1.254817191273998600e-01,-7.546752433514663482e-17
1.684771990419552667e-01,-9.741331014603168414e-01,-1.064897507797851472e-01,1.064897507797850085e-01
1.684771990419552390e-01,-9.498435902327844182e-01,-1.099153130923909288e-01,2.394393690362416893e-01
1.684771990419552390e-01,-9.096994414189817357e-01,-1.095595355138535426e-01,3.633993228708041756e-01
1.684771990419552390e-01,-8.535456971929147318e-01,-1.081999834853625969e-01,4.810072138546426235e-01
1.684771990419552390e-01,-7.813614527328335280e-01,-1.061810712461371403e-01,5.914518523897244195e-01
1.684771990419552112e-01,-6.931414309188675960e-01,-1.035632506754564780e-01,6.931414309188671519e-01
1.684771990419547949e-01,-6.969990794122247202e-01,-6.986515028231858837e-17,-6.969990794122248312e-01
1.684771990419547949e-01,-7.852149457509792763e-01,-7.167309933646920891e-17,-5.958631742038303925e-01
1.684771990419547949e-01,-8.573915636645055294e-01,-7.311908739370381274e-17,-4.863076597791893274e-01
1.684771990419552667e-01,-9.135289331528038126e-01,-7.422427192198717708e-17,-3.702435977781083909e-01
1.684771990419552390e-01,-9.536270542158739039e-01,-7.500371971894714546e-17,-2.494210794430417599e-01
1.684771990419554610e-01,-9.776859268537160252e-01,-7.546752433514663482e-17,-1.254817191273998600e-01
1.684771990419554610e-01,-9.857055510663300657e-01,-7.557232581877164008e-17,-7.605498103960520919e-16
1.684771990419554610e-01,-9.776859268537160252e-01,-7.546752433514664714e-17,1.254817191273997767e-01
1.684771990419550447e-01,-9.536270542158740149e-01,-7.500371971894715779e-17,2.494210794430416767e-01
1.684771990419552667e-01,-9.135289331528038126e-01,-7.422427192198718941e-17,3.702435977781083909e-01
1.684771990419547949e-01,-8.573915636645055294e-01,-7.311908739370381274e-17,4.863076597791893274e-01
1.684771990419547949e-01,-7.852149457509792763e-01,-7.167309933646920891e-17,5.958631742038303925e-01
1.684771990419541288e-01,-6.969990794122250533e-01,-6.986515028231855139e-17,6.969990794122246092e-01
1.684771990419552390e-01,-6.931414309188673739e-01,1.035632506754564364e-01,-6.931414309188674849e-01
1.684771990419552390e-01,-7.813614527328335280e-01,1.061810712461370848e-01,-5.914518523897244195e-01
1.684771990419552390e-01,-8.535456971929147318e-01,1.081999834853625414e-01,-4.810072138546426235e-01
1.684771990419552390e-01,-9.096994414189817357e-01,1.095595355138534593e-01,-3.633993228708041756e-01
1.684771990419554888e-01,-9.498435902327843072e-01,1.099153130923908317e-01,-2.394393690362417448e-01
1.684771990419552667e-01,-9.741331014603168414e-01,1.064897507797850085e-01,-1.064897507797851472e-01
1.684771990419554610e-01,-9.776859268537160252e-01,1.254817191273997767e-01,-7.546752433514664714e-17
1.684771990419552390e-01,-9.741331014603169525e-01,1.064897507797850223e-01,1.064897507797850917e-01
1.684771990419552390e-01,-9.498435902327844182e-01,1.099153130923908317e-01,2.394393690362416893e-01
1.684771990419552390e-01,-9.096994414189817357e-01,1.095595355138534593e-01,3.633993228708041756e-01
1.684771990419552390e-01,-8.535456971929147318e-01,1.081999834853625414e-01,4.810072138546426235e-01
1.684771990419552390e-01,-7.813614527328335280e-01,1.061810712461370848e-01,5.914518523897244195e-01
1.684771990419552112e-01,-6.931414309188675960e-01,1.035632506754564364e-01,6.931414309188671519e-01
1.684771990419552390e-01,-6.816811124769358576e-01,2.055168002558220020e-01,-6.816811124769359687e-01
1.684771990419550169e-01,-7.699622933033734018e-01,2.103489865550230986e-01,-5.783829217302860481e-01
1.684771990419554610e-01,-8.422577077321472538e-01,2.136337319280503799e-01,-4.653794320243000993e-01
1.684771990419552390e-01,-8.986455385896399140e-01,2.147426401196579626e-01,-3.434199002538332324e-01
1.684771990419552390e-01,-9.394157526422771687e-01,2.110846715071007240e-01,-2.110846715071008906e-01
1.684771990419552390e-01,-9.498435902327844182e-01,2.394393690362416893e-01,-1.099153130923909288e-01
1.684771990419550447e-01,-9.536270542158740149e-01,2.494210794430416767e-01,-7.500371971894715779e-17
1.684771990419552390e-01,-9.498435902327844182e-01,2.394393690362416893e-01,1.099153130923908317e-01
1.684771990419550447e-01,-9.394157526422772797e-01,2.110846715071007795e-01,2.110846715071008906e-01
1.684771990419552390e-01,-8.986455385896399140e-01,2.147426401196579626e-01,3.434199002538331769e-01
1.684771990419554610e-01,-8.422577077321472538e-01,2.136337319280503799e-01,4.653794320243000993e-01
1.684771990419550169e-01,-7.699622933033734018e-01,2.103489865550230986e-01,5.783829217302860481e-01
1.684771990419552390e-01,-6.816811124769363017e-01,2.055168002558220020e-01,6.816811124769357466e-01
1.684771990419554610e-01,-6.629479035644185725e-01,3.043280922328102100e-01,-6.629479035644187945e-01
1.684771990419541288e-01,-7.514848734004723196e-01,3.106230287979380167e-01,-5.571348601852599280e-01
1.684771990419550169e-01,-8.242370870480496547e-01,3.137974058463541827e-01,-4.402043228111484074e-01
1.684771990419550169e-01,-8.815535046122111584e-01,3.118323683559049431e-01,-3.118323683559052206e-01
1.684771990419552390e-01,-8.986455385896399140e-01,3.434199002538331769e-01,-2.147426401196580181e-01
1.684771990419552667e-01,-9.096994414189816247e-01,3.633993228708041756e-01,-1.095595355138535426e-01
1.684771990419552667e-01,-9.135289331528038126e-01,3.702435977781083909e-01,-7.422427192198718941e-17
1.684771990419552667e-01,-9.096994414189816247e-01,3.633993228708041756e-01,1.095595355138534455e-01
1.684771990419552390e-01,-8.986455385896399140e-01,3.434199002538331769e-01,2.147426401196579626e-01
1.684771990419550169e-01,-8.815535046122111584e-01,3.118323683559049986e-01,3.118323683559052206e-01
1.684771990419550169e-01,-8.242370870480496547e-01,3.137974058463541827e-01,4.402043228111484074e-01
1.684771990419541288e-01,-7.514848734004723196e-01,3.106230287979380167e-01,5.571348601852599280e-01
1.684771990419552390e-01,-6.629479035644189056e-01,3.043280922328101545e-01,6.629479035644184615e-01
1.684771990419552390e-01,-6.374655011595687926e-01,3.986112179376499198e-01,-6.374655011595691256e-01
1.684771990419550447e-01,-7.266561230628123536e-01,4.053688938067770420e-01,-5.284528097684508818e-01
1.684771990419545729e-01,-8.005463573701186997e-01,4.066576957985743590e-01,-4.066576957985746366e-01
1.684771990419550169e-01,-8.242370870480496547e-01,4.402043228111484074e-01,-3.137974058463542382e-01
1.684771990419554610e-01,-8.422577077321472538e-01,4.653794320243000993e-01,-2.136337319280504354e-01
1.684771990419552390e-01,-8.535456971929147318e-01,4.810072138546426235e-01,-1.081999834853625969e-01
1.684771990419547949e-01,-8.573915636645055294e-01,4.863076597791893274e-01,-7.311908739370381274e-17
1.684771990419552390e-01,-8.535456971929147318e-01,4.810072138546426235e-01,1.081999834853625414e-01
1.684771990419554610e-01,-8.422577077321472538e-01,4.653794320243000993e-01,2.136337319280503799e-01
1.684771990419550169e-01,-8.242370870480496547e-01,4.402043228111484074e-01,3.137974058463541827e-01
1.684771990419545729e-01,-8.005463573701186997e-01,4.066576957985743590e-01,4.066576957985746366e-01
1.684771990419550447e-01,-7.266561230628123536e-01,4.053688938067770420e-01,5.284528097684508818e-01
1.684771990419550169e-01,-6.374655011595692367e-01,3.986112179376499198e-01,6.374655011595687926e-01
1.684771990419543508e-01,-6.059161390239132805e-01,4.871824076705612572e-01,-6.059161390239136136e-01
1.684771990419541288e-01,-6.963943109159997924e-01,4.932800407105518148e-01,-4.932800407105521479e-01
1.684771990419550447e-01,-7.266561230628123536e-01,5.284528097684508818e-01,-4.053688938067770420e-01
1.684771990419541288e-01,-7.514848734004723196e-01,5.571348601852599280e-01,-3.106230287979380722e-01
1.684771990419550169e-01,-7.699622933033734018e-01,5.783829217302860481e-01,-2.103489865550231541e-01
1.684771990419552667e-01,-7.813614527328335280e-01,5.914518523897244195e-01,-1.061810712461371403e-01
1.684771990419547949e-01,-7.852149457509792763e-01,5.958631742038303925e-01,-7.167309933646920891e-17
1.684771990419552390e-01,-7.813614527328335280e-01,5.914518523897244195e-01,1.061810712461370848e-01
1.684771990419550169e-01,-7.699622933033734018e-01,5.783829217302860481e-01,2.103489865550230986e-01
1.684771990419541288e-01,-7.514848734004723196e-01,5.571348601852599280e-01,3.106230287979380167e-01
1.684771990419550447e-01,-7.266561230628123536e-01,5.284528097684508818e-01,4.053688938067770420e-01
1.684771990419541288e-01,-6.963943109159997924e-01,4.932800407105518148e-01,4.932800407105521479e-01
1.684771990419541565e-01,-6.059161390239137246e-01,4.871824076705612572e-01,6.059161390239132805e-01
1.684771990419543786e-01,-5.690973652498543256e-01,5.690973652498537705e-01,-5.690973652498545476e-01
1.684771990419541565e-01,-6.059161390239137246e-01,6.059161390239132805e-01,-4.871824076705612572e-01
1.684771990419548227e-01,-6.374655011595692367e-01,6.374655011595687926e-01,-3.986112179376499753e-01
1.684771990419552390e-01,-6.629479035644189056e-01,6.629479035644184615e-01,-3.043280922328101545e-01
1.684771990419552390e-01,-6.816811124769361907e-01,6.816811124769356356e-01,-2.055168002558220297e-01
1.684771990419552390e-01,-6.931414309188675960e-01,6.931414309188671519e-01,-1.035632506754564780e-01
1.684771990419541288e-01,-6.969990794122250533e-01,6.969990794122246092e-01,-6.986515028231855139e-17
1.684771990419552390e-01,-6.931414309188675960e-01,6.931414309188671519e-01,1.035632506754564364e-01
1.684771990419552390e-01,-6.816811124769361907e-01,6.816811124769356356e-01,2.055168002558219464e-01
1.684771990419552390e-01,-6.629479035644189056e-01,6.629479035644184615e-01,3.043280922328101545e-01
1.684771990419548227e-01,-6.374655011595692367e-01,6.374655011595687926e-01,3.986112179376499753e-01
1.684771990419541565e-01,-6.059161390239137246e-01,6.059161390239132805e-01,4.871824076705612572e-01
1.684771990419541288e-01,-5.690973652498546587e-01,5.690973652498537705e-01,5.690973652498541036e-01
1.684771990419543508e-01,-4.871824076705612572e-01,-6.059161390239132805e-01,-6.059161390239136136e-01
1.684771990419541288e-01,-4.932800407105518148e-01,-6.963943109159997924e-01,-4.932800407105521479e-01
1.684771990419550169e-01,-5.284528097684507708e-01,-7.266561230628122425e-01,-4.053688938067769865e-01
1.684771990419541565e-01,-5.571348601852600391e-01,-7.514848734004724307e-01,-3.106230287979381277e-01
1.684771990419550169e-01,-5.783829217302860481e-01,-7.699622933033734018e-01,-2.103489865550231541e-01
1.684771990419552667e-01,-5.914518523897244195e-01,-7.813614527328335280e-01,-1.061810712461371403e-01
1.684771990419547949e-01,-5.958631742038303925e-01,-7.852149457509792763e-01,-7.167309933646920891e-17
1.684771990419552390e-01,-5.914518523897244195e-01,-7.813614527328335280e-01,1.061810712461370848e-01
1.684771990419550169e-01,-5.783829217302860481e-01,-7.699622933033734018e-01,2.103489865550230986e-01
1.684771990419541565e-01,-5.571348601852600391e-01,-7.514848734004724307e-01,3.106230287979380722e-01
1.684771990419550169e-01,-5.284528097684507708e-01,-7.266561230628122425e-01,4.053688938067769865e-01
1.684771990419541288e-01,-4.932800407105518148e-01,-6.963943109159997924e-01,4.932800407105521479e-01
1.684771990419541565e-01,-4.871824076705612572e-01,-6.059161390239137246e-01,6.059161390239132805e-01
1.684771990419543786e-01,-4.932800407105518148e-01,-4.932800407105521479e-01,-6.963943109159997924e-01
4.428512232496727985e-01,-5.176494290110078556e-01,-5.176494290110081886e-01,-5.176494290110084107e-01
4.428512232496727985e-01,-5.572869593505348496e-01,-5.572869593505350716e-01,-4.274871740086931271e-01
4.428512232496723544e-01,-5.898081560332388840e-01,-5.898081560332392170e-01,-3.288395843258681284e-01
4.428512232496729095e-01,-6.140102523401035350e-01,-6.140102523401038681e-01,-2.233060995780293267e-01
4.428512232496732981e-01,-6.289411006825057493e-01,-6.289411006825058603e-01,-1.129113714858884787e-01
4.428512232496729095e-01,-6.339884833600165637e-01,-6.339884833600170078e-01,-7.625898278871656245e-17
4.428512232496732981e-01,-6.289411006825057493e-01,-6.289411006825058603e-01,1.129113714858884232e-01
4.428512232496729650e-01,-6.140102523401036461e-01,-6.140102523401039791e-01,2.233060995780292990e-01
4.428512232496723544e-01,-5.898081560332388840e-01,-5.898081560332392170e-01,3.288395843258680173e-01
4.428512232496727985e-01,-5.572869593505348496e-01,-5.572869593505350716e-01,4.274871740086931271e-01
4.428512232496727985e-01,-5.176494290110078556e-01,-5.176494290110081886e-01,5.176494290110084107e-01
1.684771990419547949e-01,-4.932800407105518703e-01,-4.932800407105522034e-01,6.963943109159995704e-01
1.684771990419550169e-01,-5.284528097684507708e-01,-4.053688938067769865e-01,-7.266561230628122425e-01
4.428512232496727985e-01,-5.572869593505348496e-01,-4.274871740086931271e-01,-5.572869593505350716e-01
4.428512232496729095e-01,-6.540698747272359892e-01,-4.336331358651954737e-01,-4.336331358651956958e-01
4.428512232496729095e-01,-6.851004690557855881e-01,-4.709655885585276036e-01,-3.357254172080669785e-01
4.428512232496732981e-01,-7.087042405562391512e-01,-4.991226718824829933e-01,-2.291236607091542421e-01
4.428512232496732981e-01,-7.234894762371946175e-01,-5.166610633522161766e-01,-1.162201250044726381e-01
4.428512232496729650e-01,-7.285268695106014158e-01,-5.226197417504926390e-01,-7.857881282001652916e-17
4.428512232496732981e-01,-7.234894762371946175e-01,-5.166610633522161766e-01,1.162201250044725548e-01
4.428512232496734646e-01,-7.087042405562390401e-01,-4.991226718824829378e-01,2.291236607091541588e-01
4.428512232496729095e-01,-6.851004690557855881e-01,-4.709655885585276036e-01,3.357254172080669230e-01
4.428512232496729095e-01,-6.540698747272359892e-01,-4.336331358651954737e-01,4.336331358651956958e-01
4.428512232496727985e-01,-5.572869593505348496e-01,-4.274871740086931271e-01,5.572869593505350716e-01
1.684771990419552667e-01,-5.284528097684508818e-01,-4.053688938067770420e-01,7.266561230628122425e-01
1.684771990419541565e-01,-5.571348601852600391e-01,-3.106230287979381277e-01,-7.514848734004724307e-01
4.428512232496723544e-01,-5.898081560332388840e-01,-3.288395843258681284e-01,-5.898081560332392170e-01
4.428512232496729095e-01,-6.851004690557855881e-01,-3.357254172080669785e-01,-4.709655885585276036e-01
4.428512232496733536e-01,-7.601746658398572665e-01,-3.361675709237355592e-01,-3.361675709237356702e-01
4.428512232496732981e-01,-7.825621557911457415e-01,-3.710189235903966209e-01,-2.320004843262315763e-01
4.428512232496734646e-01,-7.970407800930403575e-01,-3.931415596186705885e-01,-1.185263811796551242e-01
4.428512232496730761e-01,-8.020567254055004369e-01,-4.007340805298122977e-01,-8.033682564709291937e-17
4.428512232496734646e-01,-7.970407800930403575e-01,-3.931415596186705885e-01,1.185263811796550409e-01
4.428512232496732981e-01,-7.825621557911458526e-01,-3.710189235903966765e-01,2.320004843262315208e-01
4.428512232496733536e-01,-7.601746658398572665e-01,-3.361675709237356702e-01,3.361675709237354481e-01
4.428512232496729095e-01,-6.851004690557855881e-01,-3.357254172080669785e-01,4.709655885585276036e-01
4.428512232496723544e-01,-5.898081560332388840e-01,-3.288395843258681284e-01,5.898081560332392170e-01
1.684771990419541288e-01,-5.571348601852600391e-01,-3.106230287979381277e-01,7.514848734004724307e-01
1.684771990419550169e-01,-5.783829217302860481e-01,-2.103489865550231541e-01,-7.699622933033734018e-01
4.428512232496730761e-01,-6.140102523401035350e-01,-2.233060995780293545e-01,-6.140102523401038681e-01
4.428512232496732981e-01,-7.087042405562391512e-01,-2.291236607091542421e-01,-4.991226718824829933e-01
4.428512232496732981e-01,-7.825621557911458526e-01,-2.320004843262316319e-01,-3.710189235903966765e-01
4.428512232496730761e-01,-8.359638023488725755e-01,-2.291804040801517506e-01,-2.291804040801518894e-01
4.428512232496732981e-01,-8.496223938061233660e-01,-2.602845892118493820e-01,-1.194843698072661359e-01
4.428512232496730761e-01,-8.545780510447139600e-01,-2.712547672187283765e-01,-8.156935483693873333e-17
4.428512232496734646e-01,-8.496223938061232550e-01,-2.602845892118493820e-01,1.194843698072660526e-01
4.428512232496730761e-01,-8.359638023488725755e-01,-2.291804040801518894e-01,2.291804040801516951e-01
4.428512232496732981e-01,-7.825621557911458526e-01,-2.320004843262316319e-01,3.710189235903966765e-01
4.428512232496732981e-01,-7.087042405562391512e-01,-2.291236607091542421e-01,4.991226718824829933e-01
4.428512232496730761e-01,-6.140102523401035350e-01,-2.233060995780293545e-01,6.140102523401038681e-01
1.684771990419554610e-01,-5.783829217302861592e-01,-2.103489865550231819e-01,7.699622933033731798e-01
1.684771990419552390e-01,-5.914518523897244195e-01,-1.061810712461371403e-01,-7.813614527328335280e-01
4.428512232496730761e-01,-6.289411006825058603e-01,-1.129113714858884926e-01,-6.289411006825059713e-01
4.428512232496732981e-01,-7.234894762371946175e-01,-1.162201250044726381e-01,-5.166610633522161766e-01
4.428512232496732981e-01,-7.970407800930404685e-01,-1.185263811796551381e-01,-3.931415596186706440e-01
4.428512232496732981e-01,-8.496223938061233660e-01,-1.194843698072661359e-01,-2.602845892118493820e-01
4.428512232496732981e-01,-8.814372842542818054e-01,-1.160842538691287673e-01,-1.160842538691288506e-01
4.428512232496733536e-01,-8.860908464282420960e-01,-1.368422666516075636e-01,-8.230001278610001681e-17
4.428512232496732981e-01,-8.814372842542818054e-01,-1.160842538691288506e-01,1.160842538691286979e-01
4.428512232496732981e-01,-8.496223938061233660e-01,-1.194843698072661914e-01,2.602845892118493820e-01
4.428512232496732981e-01,-7.970407800930405795e-01,-1.185263811796551103e-01,3.931415596186704775e-01
4.428512232496732981e-01,-7.234894762371946175e-01,-1.162201250044726381e-01,5.166610633522161766e-01
4.428512232496730761e-01,-6.289411006825058603e-01,-1.129113714858884926e-01,6.289411006825059713e-01
1.684771990419554610e-01,-5.914518523897245306e-01,-1.061810712461371681e-01,7.813614527328331949e-01
1.684771990419547949e-01,-5.958631742038303925e-01,-7.167309933646920891e-17,-7.852149457509792763e-01
4.428512232496729095e-01,-6.339884833600165637e-01,-7.625898278871656245e-17,-6.339884833600170078e-01
4.428512232496729650e-01,-7.285268695106014158e-01,-7.857881282001652916e-17,-5.226197417504926390e-01
4.428512232496730761e-01,-8.020567254055004369e-01,-8.033682564709291937e-17,-4.007340805298122977e-01
4.428512232496730761e-01,-8.545780510447139600e-01,-8.156935483693873333e-17,-2.712547672187283765e-01
4.428512232496733536e-01,-8.860908464282420960e-01,-8.230001278610001681e-17,-1.368422666516075636e-01
4.428512232496734646e-01,-8.965951115560846230e-01,-8.248846056480181863e-17,-8.301528682982376672e-16
4.428512232496733536e-01,-8.860908464282420960e-01,-8.230001278610001681e-17,1.368422666516074526e-01
4.428512232496730761e-01,-8.545780510447139600e-01,-8.156935483693873333e-17,2.712547672187283210e-01
4.428512232496730761e-01,-8.020567254055004369e-01,-8.033682564709294402e-17,4.007340805298122977e-01
4.428512232496729650e-01,-7.285268695106014158e-01,-7.857881282001652916e-17,5.226197417504926390e-01
4.428512232496729095e-01,-6.339884833600165637e-01,-7.625898278871656245e-17,6.339884833600170078e-01
1.684771990419552390e-01,-5.958631742038305035e-01,-7.167309933646923356e-17,7.852149457509791652e-01
1.684771990419552390e-01,-5.914518523897244195e-01,1.061810712461370848e-01,-7.813614527328335280e-01
4.428512232496732981e-01,-6.289411006825057493e-01,1.129113714858884232e-01,-6.289411006825058603e-01
4.428512232496732981e-01,-7.234894762371946175e-01,1.162201250044725548e-01,-5.166610633522161766e-01
4.428512232496732981e-01,-7.970407800930404685e-01,1.185263811796550548e-01,-3.931415596186706440e-01
4.428512232496732981e-01,-8.496223938061233660e-01,1.194843698072660665e-01,-2.602845892118493820e-01
4.428512232496732981e-01,-8.814372842542818054e-01,1.160842538691286979e-01,-1.160842538691288506e-01
4.428512232496733536e-01,-8.860908464282420960e-01,1.368422666516074526e-01,-8.230001278610001681e-17
4.428512232496734646e-01,-8.814372842542816944e-01,1.160842538691286840e-01,1.160842538691287534e-01
4.428512232496732981e-01,-8.496223938061233660e-01,1.194843698072661081e-01,2.602845892118493820e-01
4.428512232496732981e-01,-7.970407800930405795e-01,1.185263811796550271e-01,3.931415596186704775e-01
4.428512232496732981e-01,-7.234894762371946175e-01,1.162201250044725548e-01,5.166610633522161766e-01
4.428512232496732981e-01,-6.289411006825057493e-01,1.129113714858884232e-01,6.289411006825058603e-01
1.684771990419554888e-01,-5.914518523897246416e-01,1.061810712461371126e-01,7.813614527328333059e-01
1.684771990419550169e-01,-5.783829217302860481e-01,2.103489865550230986e-01,-7.699622933033734018e-01
4.428512232496730761e-01,-6.140102523401035350e-01,2.233060995780292990e-01,-6.140102523401038681e-01
4.428512232496732981e-01,-7.087042405562391512e-01,2.291236607091541866e-01,-4.991226718824829933e-01
4.428512232496732981e-01,-7.825621557911458526e-01,2.320004843262315208e-01,-3.710189235903966765e-01
4.428512232496730761e-01,-8.359638023488725755e-01,2.291804040801516951e-01,-2.291804040801518894e-01
4.428512232496732981e-01,-8.496223938061233660e-01,2.602845892118493820e-01,-1.194843698072661914e-01
4.428512232496730761e-01,-8.545780510447139600e-01,2.712547672187283210e-01,-8.156935483693873333e-17
4.428512232496734646e-01,-8.496223938061232550e-01,2.602845892118493820e-01,1.194843698072660942e-01
4.428512232496730761e-01,-8.359638023488725755e-01,2.291804040801517506e-01,2.291804040801518616e-01
4.428512232496732981e-01,-7.825621557911458526e-01,2.320004843262315208e-01,3.710189235903966765e-01
4.428512232496732981e-01,-7.087042405562391512e-01,2.291236607091541866e-01,4.991226718824829933e-01
4.428512232496730761e-01,-6.140102523401035350e-01,2.233060995780292990e-01,6.140102523401038681e-01
1.684771990419554610e-01,-5.783829217302861592e-01,2.103489865550231541e-01,7.699622933033731798e-01
1.684771990419541565e-01,-5.571348601852600391e-01,3.106230287979380722e-01,-7.514848734004724307e-01
4.428512232496723544e-01,-5.898081560332388840e-01,3.288395843258680173e-01,-5.898081560332392170e-01
4.428512232496730761e-01,-6.851004690557855881e-01,3.357254172080669230e-01,-4.709655885585276591e-01
4.428512232496733536e-01,-7.601746658398572665e-01,3.361675709237354481e-01,-3.361675709237356702e-01
4.428512232496732981e-01,-7.825621557911457415e-01,3.710189235903966209e-01,-2.320004843262315763e-01
4.428512232496732981e-01,-7.970407800930405795e-01,3.931415596186704775e-01,-1.185263811796551103e-01
4.428512232496730761e-01,-8.020567254055004369e-01,4.007340805298122977e-01,-8.033682564709294402e-17
4.428512232496732981e-01,-7.970407800930405795e-01,3.931415596186704775e-01,1.185263811796550271e-01
4.428512232496732981e-01,-7.825621557911458526e-01,3.710189235903966765e-01,2.320004843262315208e-01
4.428512232496729095e-01,-7.601746658398574885e-01,3.361675709237355036e-01,3.361675709237356702e-01
4.428512232496730761e-01,-6.851004690557855881e-01,3.357254172080669230e-01,4.709655885585276591e-01
4.428512232496723544e-01,-5.898081560332388840e-01,3.288395843258680173e-01,5.898081560332392170e-01
1.684771990419543508e-01,-5.571348601852599280e-01,3.106230287979380722e-01,7.514848734004723196e-01
1.684771990419550169e-01,-5.284528097684507708e-01,4.053688938067769865e-01,-7.266561230628122425e-01
4.428512232496727985e-01,-5.572869593505348496e-01,4.274871740086931271e-01,-5.572869593505350716e-01
4.428512232496729095e-01,-6.540698747272359892e-01,4.336331358651954737e-01,-4.336331358651956958e-01
4.428512232496729095e-01,-6.851004690557855881e-01,4.709655885585276036e-01,-3.357254172080669785e-01
4.428512232496732981e-01,-7.087042405562391512e-01,4.991226718824829933e-01,-2.291236607091542421e-01
4.428512232496732981e-01,-7.234894762371946175e-01,5.166610633522161766e-01,-1.162201250044726381e-01
4.428512232496729650e-01,-7.285268695106014158e-01,5.226197417504926390e-01,-7.857881282001652916e-17
4.428512232496732981e-01,-7.234894762371946175e-01,5.166610633522161766e-01,1.162201250044725548e-01
4.428512232496734646e-01,-7.087042405562390401e-01,4.991226718824829378e-01,2.291236607091541588e-01
4.428512232496729095e-01,-6.851004690557855881e-01,4.709655885585276036e-01,3.357254172080669230e-01
4.428512232496729095e-01,-6.540698747272359892e-01,4.336331358651954737e-01,4.336331358651956958e-01
4.428512232496727985e-01,-5.572869593505348496e-01,4.274871740086931271e-01,5.572869593505350716e-01
1.684771990419552667e-01,-5.284528097684508818e-01,4.053688938067770420e-01,7.266561230628122425e-01
1.684771990419543786e-01,-4.932800407105518148e-01,4.932800407105521479e-01,-6.963943109159997924e-01
4.428512232496727985e-01,-5.176494290110078556e-01,5.176494290110081886e-01,-5.176494290110084107e-01
4.428512232496727985e-01,-5.572869593505348496e-01,5.572869593505350716e-01,-4.274871740086931271e-01
4.428512232496723544e-01,-5.898081560332388840e-01,5.898081560332392170e-01,-3.288395843258681284e-01
4.428512232496729095e-01,-6.140102523401035350e-01,6.140102523401038681e-01,-2.233060995780293267e-01
4.428512232496732981e-01,-6.289411006825057493e-01,6.289411006825058603e-01,-1.129113714858884787e-01
4.428512232496729095e-01,-6.339884833600165637e-01,6.339884833600170078e-01,-7.625898278871656245e-17
4.428512232496732981e-01,-6.289411006825057493e-01,6.289411006825058603e-01,1.129113714858884232e-01
4.428512232496729650e-01,-6.140102523401036461e-01,6.140102523401039791e-01,2.233060995780292990e-01
4.428512232496723544e-01,-5.898081560332388840e-01,5.898081560332392170e-01,3.288395843258680173e-01
4.428512232496727985e-01,-5.572869593505348496e-01,5.572869593505350716e-01,4.274871740086931271e-01
4.428512232496727985e-01,-5.176494290110078556e-01,5.176494290110081886e-01,5.176494290110084107e-01
1.684771990419547949e-01,-4.932800407105518703e-01,4.932800407105522034e-01,6.963943109159995704e-01
1.684771990419541565e-01,-4.871824076705612572e-01,6.059161390239132805e-01,-6.059161390239137246e-01
1.684771990419547949e-01,-4.932800407105518703e-01,6.963943109159995704e-01,-4.932800407105522034e-01
1.684771990419552667e-01,-5.284528097684508818e-01,7.266561230628122425e-01,-4.053688938067770420e-01
1.684771990419541288e-01,-5.571348601852600391e-01,7.514848734004724307e-01,-3.106230287979381277e-01
1.684771990419554610e-01,-5.783829217302861592e-01,7.699622933033731798e-01,-2.103489865550231819e-01
1.684771990419554888e-01,-5.914518523897246416e-01,7.813614527328333059e-01,-1.061810712461371820e-01
1.684771990419552390e-01,-5.958631742038305035e-01,7.852149457509791652e-01,-7.167309933646923356e-17
1.684771990419554888e-01,-5.914518523897246416e-01,7.813614527328333059e-01,1.061810712461371126e-01
1.684771990419554610e-01,-5.783829217302861592e-01,7.699622933033731798e-01,2.103489865550231541e-01
1.684771990419543508e-01,-5.571348601852599280e-01,7.514848734004723196e-01,3.106230287979380722e-01
1.684771990419552667e-01,-5.284528097684508818e-01,7.266561230628122425e-01,4.053688938067770420e-01
1.684771990419547949e-01,-4.932800407105518703e-01,6.963943109159995704e-01,4.932800407105522034e-01
1.684771990419541565e-01,-4.871824076705612572e-01,6.059161390239132805e-01,6.059161390239137246e-01
1.684771990419552390e-01,-3.986112179376499198e-01,-6.374655011595687926e-01,-6.374655011595691256e-01
1.684771990419550447e-01,-4.053688938067770420e-01,-7.266561230628123536e-01,-5.284528097684508818e-01
1.684771990419545729e-01,-4.066576957985743590e-01,-8.005463573701186997e-01,-4.066576957985746366e-01
1.684771990419550169e-01,-4.402043228111484074e-01,-8.242370870480496547e-01,-3.137974058463542382e-01
1.684771990419554610e-01,-4.653794320243000993e-01,-8.422577077321472538e-01,-2.136337319280504354e-01
1.684771990419552390e-01,-4.810072138546426235e-01,-8.535456971929147318e-01,-1.081999834853625969e-01
1.684771990419547949e-01,-4.863076597791893274e-01,-8.573915636645055294e-01,-7.311908739370381274e-17
1.684771990419552390e-01,-4.810072138546426235e-01,-8.535456971929147318e-01,1.081999834853625414e-01
1.684771990419554610e-01,-4.653794320243000993e-01,-8.422577077321472538e-01,2.136337319280503799e-01
1.684771990419550169e-01,-4.402043228111484074e-01,-8.242370870480496547e-01,3.137974058463541827e-01
1.684771990419545729e-01,-4.066576957985743590e-01,-8.005463573701186997e-01,4.066576957985746366e-01
1.684771990419550447e-01,-4.053688938067770420e-01,-7.266561230628123536e-01,5.284528097684508818e-01
1.684771990419550169e-01,-3.986112179376499198e-01,-6.374655011595692367e-01,6.374655011595687926e-01
1.684771990419550169e-01,-4.053688938067769865e-01,-5.284528097684507708e-01,-7.266561230628122425e-01
4.428512232496727985e-01,-4.274871740086931271e-01,-5.572869593505348496e-01,-5.572869593505350716e-01
4.428512232496729095e-01,-4.336331358651954737e-01,-6.540698747272359892e-01,-4.336331358651956958e-01
4.428512232496729095e-01,-4.709655885585276036e-01,-6.851004690557855881e-01,-3.357254172080669785e-01
4.428512232496732981e-01,-4.991226718824829933e-01,-7.087042405562391512e-01,-2.291236607091542421e-01
4.428512232496732981e-01,-5.166610633522161766e-01,-7.234894762371946175e-01,-1.162201250044726381e-01
4.428512232496729650e-01,-5.226197417504926390e-01,-7.285268695106014158e-01,-7.857881282001652916e-17
4.428512232496732981e-01,-5.166610633522161766e-01,-7.234894762371946175e-01,1.162201250044725548e-01
4.428512232496735201e-01,-4.991226718824829933e-01,-7.087042405562391512e-01,2.291236607091541866e-01
4.428512232496729095e-01,-4.709655885585276036e-01,-6.851004690557855881e-01,3.357254172080669230e-01
4.428512232496729095e-01,-4.336331358651954737e-01,-6.540698747272359892e-01,4.336331358651956958e-01
4.428512232496727985e-01,-4.274871740086931271e-01,-5.572869593505348496e-01,5.572869593505350716e-01
1.684771990419552667e-01,-4.053688938067770420e-01,-5.284528097684508818e-01,7.266561230628122425e-01
1.684771990419547949e-01,-4.066576957985743590e-01,-4.066576957985746366e-01,-8.005463573701186997e-01
4.428512232496729095e-01,-4.336331358651954737e-01,-4.336331358651956958e-01,-6.540698747272359892e-01
6.521021260208998971e-01,-4.377072146382106621e-01,-4.377072146382108842e-01,-4.377072146382110507e-01
6.521021260208998971e-01,-4.787047817503394809e-01,-4.787047817503397029e-01,-3.412422615939323389e-01
6.521021260209002302e-01,-5.098900434937432280e-01,-5.098900434937434500e-01,-2.340664528097075314e-01
6.521021260209004522e-01,-5.294242710912121508e-01,-5.294242710912121508e-01,-1.190911398807629334e-01
6.521021260208998971e-01,-5.360796662992461936e-01,-5.360796662992461936e-01,-8.060258805695158445e-17
6.521021260209004522e-01,-5.294242710912121508e-01,-5.294242710912121508e-01,1.190911398807628502e-01
6.521021260209003412e-01,-5.098900434937432280e-01,-5.098900434937433390e-01,2.340664528097074482e-01
6.521021260209000081e-01,-4.787047817503395364e-01,-4.787047817503397584e-01,3.412422615939322834e-01
6.521021260208998971e-01,-4.377072146382106621e-01,-4.377072146382108842e-01,4.377072146382110507e-01
4.428512232496729095e-01,-4.336331358651954737e-01,-4.336331358651956958e-01,6.540698747272359892e-01
1.684771990419550169e-01,-4.066576957985744145e-01,-4.066576957985746921e-01,8.005463573701184776e-01
1.684771990419550169e-01,-4.402043228111484074e-01,-3.137974058463542382e-01,-8.242370870480496547e-01
4.428512232496730761e-01,-4.709655885585276591e-01,-3.357254172080669785e-01,-6.851004690557855881e-01
6.521021260209000081e-01,-4.787047817503395364e-01,-3.412422615939323944e-01,-4.787047817503397584e-01
6.521021260209000081e-01,-5.778926796183598835e-01,-3.469890978709085361e-01,-3.469890978709087581e-01
6.521021260209001191e-01,-6.074709923000994882e-01,-3.845886494387588672e-01,-2.404857199000100254e-01
6.521021260209003412e-01,-6.266001254782576080e-01,-4.086068810158874354e-01,-1.231889474592679362e-01
6.521021260209001191e-01,-6.332271836776921514e-01,-4.168766617245928119e-01,-8.357299595041367582e-17
6.521021260209003412e-01,-6.266001254782576080e-01,-4.086068810158874354e-01,1.231889474592678529e-01
6.521021260209001191e-01,-6.074709923000994882e-01,-3.845886494387588672e-01,2.404857199000099421e-01
6.521021260209001191e-01,-5.778926796183598835e-01,-3.469890978709088136e-01,3.469890978709084806e-01
6.521021260209000081e-01,-4.787047817503395364e-01,-3.412422615939323944e-01,4.787047817503397584e-01
4.428512232496730761e-01,-4.709655885585276591e-01,-3.357254172080669785e-01,6.851004690557855881e-01
1.684771990419552390e-01,-4.402043228111484630e-01,-3.137974058463542937e-01,8.242370870480496547e-01
1.684771990419554610e-01,-4.653794320243000993e-01,-2.136337319280504354e-01,-8.422577077321472538e-01
4.428512232496732981e-01,-4.991226718824829933e-01,-2.291236607091542421e-01,-7.087042405562391512e-01
6.521021260209002302e-01,-5.098900434937432280e-01,-2.340664528097075314e-01,-5.098900434937434500e-01
6.521021260209001191e-01,-6.074709923000994882e-01,-2.404857199000100254e-01,-3.845886494387588672e-01
6.521021260209002302e-01,-6.780251546041803357e-01,-2.398381818674827359e-01,-2.398381818674828747e-01
6.521021260209002302e-01,-6.960708618180634355e-01,-2.730207471129134089e-01,-1.253309387692721211e-01
6.521021260209001191e-01,-7.026182675194391214e-01,-2.847637395930245896e-01,-8.563165454278253851e-17
6.521021260209003412e-01,-6.960708618180633245e-01,-2.730207471129134089e-01,1.253309387692720100e-01
6.521021260209002302e-01,-6.780251546041803357e-01,-2.398381818674828747e-01,2.398381818674827082e-01
6.521021260209000081e-01,-6.074709923000997103e-01,-2.404857199000100254e-01,3.845886494387588117e-01
6.521021260209002302e-01,-5.098900434937432280e-01,-2.340664528097075314e-01,5.098900434937434500e-01
4.428512232496732981e-01,-4.991226718824829933e-01,-2.291236607091542421e-01,7.087042405562391512e-01
1.684771990419554610e-01,-4.653794320243000993e-01,-2.136337319280504354e-01,8.422577077321472538e-01
1.684771990419552667e-01,-4.810072138546425680e-01,-1.081999834853625969e-01,-8.535456971929147318e-01
4.428512232496732981e-01,-5.166610633522161766e-01,-1.162201250044726381e-01,-7.234894762371946175e-01
6.521021260209003412e-01,-5.294242710912120398e-01,-1.190911398807629196e-01,-5.294242710912120398e-01
6.521021260209003412e-01,-6.266001254782576080e-01,-1.231889474592679362e-01,-4.086068810158874354e-01
6.521021260209003412e-01,-6.960708618180633245e-01,-1.253309387692720933e-01,-2.730207471129134089e-01
6.521021260209003412e-01,-7.381046395956725181e-01,-1.224017120925278840e-01,-1.224017120925279534e-01
6.521021260209002302e-01,-7.442529178244873256e-01,-1.443967158517078797e-01,-8.684342821594737549e-17
6.521021260209003412e-01,-7.381046395956725181e-01,-1.224017120925279534e-01,1.224017120925278007e-01
6.521021260209003412e-01,-6.960708618180633245e-01,-1.253309387692721211e-01,2.730207471129133534e-01
6.521021260209003412e-01,-6.266001254782576080e-01,-1.231889474592679362e-01,4.086068810158874354e-01
6.521021260209003412e-01,-5.294242710912120398e-01,-1.190911398807629196e-01,5.294242710912120398e-01
4.428512232496732981e-01,-5.166610633522161766e-01,-1.162201250044726381e-01,7.234894762371946175e-01
1.684771990419556831e-01,-4.810072138546427345e-01,-1.081999834853626385e-01,8.535456971929145098e-01
1.684771990419547949e-01,-4.863076597791893274e-01,-7.311908739370381274e-17,-8.573915636645055294e-01
4.428512232496729650e-01,-5.226197417504926390e-01,-7.857881282001652916e-17,-7.285268695106014158e-01
6.521021260208998971e-01,-5.360796662992461936e-01,-8.060258805695158445e-17,-5.360796662992461936e-01
6.521021260209001191e-01,-6.332271836776921514e-01,-8.357299595041367582e-17,-4.168766617245928119e-01
6.521021260209001191e-01,-7.026182675194391214e-01,-8.563165454278253851e-17,-2.847637395930245896e-01
6.521021260209002302e-01,-7.442529178244873256e-01,-8.684342821594737549e-17,-1.443967158517078797e-01
6.521021260209002302e-01,-7.581311345928367640e-01,-8.718688819621367715e-17,-8.774372175029867489e-16
6.521021260209003412e-01,-7.442529178244872146e-01,-8.684342821594736316e-17,1.443967158517077687e-01
6.521021260209001191e-01,-7.026182675194391214e-01,-8.563165454278253851e-17,2.847637395930245341e-01
6.521021260209000081e-01,-6.332271836776921514e-01,-8.357299595041368815e-17,4.168766617245929229e-01
6.521021260208998971e-01,-5.360796662992461936e-01,-8.060258805695158445e-17,5.360796662992461936e-01
4.428512232496729650e-01,-5.226197417504926390e-01,-7.857881282001652916e-17,7.285268695106014158e-01
1.684771990419554610e-01,-4.863076597791894384e-01,-7.311908739370383740e-17,8.573915636645054184e-01
1.684771990419552667e-01,-4.810072138546425680e-01,1.081999834853625275e-01,-8.535456971929147318e-01
4.428512232496732981e-01,-5.166610633522161766e-01,1.162201250044725548e-01,-7.234894762371946175e-01
6.521021260209004522e-01,-5.294242710912121508e-01,1.190911398807628502e-01,-5.294242710912121508e-01
6.521021260209003412e-01,-6.266001254782574970e-01,1.231889474592678113e-01,-4.086068810158873243e-01
6.521021260209003412e-01,-6.960708618180633245e-01,1.253309387692720100e-01,-2.730207471129134089e-01
6.521021260209003412e-01,-7.381046395956725181e-01,1.224017120925278007e-01,-1.224017120925279534e-01
6.521021260209003412e-01,-7.442529178244872146e-01,1.443967158517077687e-01,-8.684342821594736316e-17
6.521021260209002302e-01,-7.381046395956726291e-01,1.224017120925278007e-01,1.224017120925278562e-01
6.521021260209003412e-01,-6.960708618180633245e-01,1.253309387692720378e-01,2.730207471129133534e-01
6.521021260209003412e-01,-6.266001254782574970e-01,1.231889474592678113e-01,4.086068810158873243e-01
6.521021260209004522e-01,-5.294242710912121508e-01,1.190911398807628502e-01,5.294242710912121508e-01
4.428512232496732981e-01,-5.166610633522161766e-01,1.162201250044725548e-01,7.234894762371946175e-01
1.684771990419556831e-01,-4.810072138546427345e-01,1.081999834853625692e-01,8.535456971929145098e-01
1.684771990419554610e-01,-4.653794320243000993e-01,2.136337319280503799e-01,-8.422577077321472538e-01
4.428512232496732981e-01,-4.991226718824829933e-01,2.291236607091541866e-01,-7.087042405562391512e-01
6.521021260209002302e-01,-5.098900434937432280e-01,2.340664528097075037e-01,-5.098900434937434500e-01
6.521021260209001191e-01,-6.074709923000994882e-01,2.404857199000099421e-01,-3.845886494387588672e-01
6.521021260209002302e-01,-6.780251546041803357e-01,2.398381818674827082e-01,-2.398381818674828747e-01
6.521021260209003412e-01,-6.960708618180633245e-01,2.730207471129133534e-01,-1.253309387692721211e-01
6.521021260209001191e-01,-7.026182675194391214e-01,2.847637395930245341e-01,-8.563165454278253851e-17
6.521021260209003412e-01,-6.960708618180633245e-01,2.730207471129133534e-01,1.253309387692720378e-01
6.521021260209001191e-01,-6.780251546041804467e-01,2.398381818674826804e-01,2.398381818674827637e-01
6.521021260209001191e-01,-6.074709923000997103e-01,2.404857199000099144e-01,3.845886494387587562e-01
6.521021260209002302e-01,-5.098900434937432280e-01,2.340664528097075037e-01,5.098900434937434500e-01
4.428512232496732981e-01,-4.991226718824829933e-01,2.291236607091541866e-01,7.087042405562391512e-01
1.684771990419554610e-01,-4.653794320243000993e-01,2.136337319280503799e-01,8.422577077321472538e-01
1.684771990419550169e-01,-4.402043228111484074e-01,3.137974058463541827e-01,-8.242370870480496547e-01
4.428512232496730761e-01,-4.709655885585276591e-01,3.357254172080669230e-01,-6.851004690557855881e-01
6.521021260209000081e-01,-4.787047817503395364e-01,3.412422615939322834e-01,-4.787047817503397584e-01
6.521021260209001191e-01,-5.778926796183598835e-01,3.469890978709084806e-01,-3.469890978709088136e-01
6.521021260209000081e-01,-6.074709923000997103e-01,3.845886494387588117e-01,-2.404857199000100254e-01
6.521021260209003412e-01,-6.266001254782576080e-01,4.086068810158874354e-01,-1.231889474592679362e-01
6.521021260209000081e-01,-6.332271836776921514e-01,4.168766617245929229e-01,-8.357299595041368815e-17
6.521021260209003412e-01,-6.266001254782576080e-01,4.086068810158874354e-01,1.231889474592678529e-01
6.521021260209001191e-01,-6.074709923000997103e-01,3.845886494387587562e-01,2.404857199000099144e-01
6.521021260209000081e-01,-5.778926796183598835e-01,3.469890978709085361e-01,3.469890978709087581e-01
6.521021260209000081e-01,-4.787047817503395364e-01,3.412422615939322834e-01,4.787047817503397584e-01
4.428512232496730761e-01,-4.709655885585276591e-01,3.357254172080669230e-01,6.851004690557855881e-01
1.684771990419552390e-01,-4.402043228111484630e-01,3.137974058463542382e-01,8.242370870480496547e-01
1.684771990419547949e-01,-4.066576957985743590e-01,4.066576957985746366e-01,-8.005463573701186997e-01
4.428512232496729095e-01,-4.336331358651954737e-01,4.336331358651956958e-01,-6.540698747272359892e-01
6.521021260208998971e-01,-4.377072146382106621e-01,4.377072146382108842e-01,-4.377072146382110507e-01
6.521021260208998971e-01,-4.787047817503394809e-01,4.787047817503397029e-01,-3.412422615939323389e-01
6.521021260209002302e-01,-5.098900434937432280e-01,5.098900434937434500e-01,-2.340664528097075314e-01
6.521021260209004522e-01,-5.294242710912121508e-01,5.294242710912121508e-01,-1.190911398807629334e-01
6.521021260208998971e-01,-5.360796662992461936e-01,5.360796662992461936e-01,-8.060258805695158445e-17
6.521021260209004522e-01,-5.294242710912121508e-01,5.294242710912121508e-01,1.190911398807628502e-01
6.521021260209003412e-01,-5.098900434937432280e-01,5.098900434937433390e-01,2.340664528097074482e-01
6.521021260209000081e-01,-4.787047817503395364e-01,4.787047817503397584e-01,3.412422615939322834e-01
6.521021260208998971e-01,-4.377072146382106621e-01,4.377072146382108842e-01,4.377072146382110507e-01
4.428512232496729095e-01,-4.336331358651954737e-01,4.336331358651956958e-01,6.540698747272359892e-01
1.684771990419550169e-01,-4.066576957985744145e-01,4.066576957985746921e-01,8.005463573701184776e-01
1.684771990419550169e-01,-4.053688938067769865e-01,5.284528097684507708e-01,-7.266561230628122425e-01
4.428512232496727985e-01,-4.274871740086931271e-01,5.572869593505348496e-01,-5.572869593505350716e-01
4.428512232496729095e-01,-4.336331358651954737e-01,6.540698747272359892e-01,-4.336331358651956958e-01
4.428512232496729095e-01,-4.709655885585276036e-01,6.851004690557855881e-01,-3.357254172080669785e-01
4.428512232496732981e-01,-4.991226718824829933e-01,7.087042405562391512e-01,-2.291236607091542421e-01
4.428512232496732981e-01,-5.166610633522161766e-01,7.234894762371946175e-01,-1.162201250044726381e-01
4.428512232496729650e-01,-5.226197417504926390e-01,7.285268695106014158e-01,-7.857881282001652916e-17
4.428512232496732981e-01,-5.166610633522161766e-01,7.234894762371946175e-01,1.162201250044725548e-01
4.428512232496735201e-01,-4.991226718824829933e-01,7.087042405562391512e-01,2.291236607091541866e-01
4.428512232496729095e-01,-4.709655885585276036e-01,6.851004690557855881e-01,3.357254172080669230e-01
4.428512232496729095e-01,-4.336331358651954737e-01,6.540698747272359892e-01,4.336331358651956958e-01
4.428512232496727985e-01,-4.274871740086931271e-01,5.572869593505348496e-01,5.572869593505350716e-01
1.684771990419552667e-01,-4.053688938067770420e-01,5.284528097684508818e-01,7.266561230628122425e-01
1.684771990419550169e-01,-3.986112179376499198e-01,6.374655011595687926e-01,-6.374655011595692367e-01
1.684771990419552667e-01,-4.053688938067770420e-01,7.266561230628122425e-01,-5.284528097684508818e-01
1.684771990419550169e-01,-4.066576957985744145e-01,8.005463573701184776e-01,-4.066576957985746921e-01
1.684771990419552390e-01,-4.402043228111484630e-01,8.242370870480496547e-01,-3.137974058463542937e-01
1.684771990419554610e-01,-4.653794320243000993e-01,8.422577077321472538e-01,-2.136337319280504354e-01
1.684771990419556831e-01,-4.810072138546427345e-01,8.535456971929145098e-01,-1.081999834853626385e-01
1.684771990419554610e-01,-4.863076597791894384e-01,8.573915636645054184e-01,-7.311908739370383740e-17
1.684771990419556831e-01,-4.810072138546427345e-01,8.535456971929145098e-01,1.081999834853625692e-01
1.684771990419554610e-01,-4.653794320243000993e-01,8.422577077321472538e-01,2.136337319280503799e-01
1.684771990419552390e-01,-4.402043228111484630e-01,8.242370870480496547e-01,3.137974058463542382e-01
1.684771990419550169e-01,-4.066576957985744145e-01,8.005463573701184776e-01,4.066576957985746921e-01
1.684771990419552667e-01,-4.053688938067770420e-01,7.266561230628122425e-01,5.284528097684508818e-01
1.684771990419550169e-01,-3.986112179376499198e-01,6.374655011595687926e-01,6.374655011595692367e-01
1.684771990419554610e-01,-3.043280922328102100e-01,-6.629479035644185725e-01,-6.629479035644187945e-01
1.684771990419541288e-01,-3.106230287979380722e-01,-7.514848734004723196e-01,-5.571348601852599280e-01
1.684771990419550169e-01,-3.137974058463542382e-01,-8.242370870480496547e-01,-4.402043228111484074e-01
1.684771990419550169e-01,-3.118323683559049986e-01,-8.815535046122111584e-01,-3.118323683559052206e-01
1.684771990419552390e-01,-3.434199002538332324e-01,-8.986455385896399140e-01,-2.147426401196580181e-01
1.684771990419552667e-01,-3.633993228708041756e-01,-9.096994414189816247e-01,-1.095595355138535426e-01
1.684771990419552667e-01,-3.702435977781083909e-01,-9.135289331528038126e-01,-7.422427192198717708e-17
1.684771990419552667e-01,-3.633993228708041756e-01,-9.096994414189816247e-01,1.095595355138534455e-01
1.684771990419552390e-01,-3.434199002538332324e-01,-8.986455385896399140e-01,2.147426401196579626e-01
1.684771990419552390e-01,-3.118323683559052206e-01,-8.815535046122111584e-01,3.118323683559049431e-01
1.684771990419550169e-01,-3.137974058463542382e-01,-8.242370870480496547e-01,4.402043228111484074e-01
1.684771990419541288e-01,-3.106230287979380722e-01,-7.514848734004723196e-01,5.571348601852599280e-01
1.684771990419552390e-01,-3.043280922328101545e-01,-6.629479035644189056e-01,6.629479035644184615e-01
1.684771990419541565e-01,-3.106230287979381277e-01,-5.571348601852600391e-01,-7.514848734004724307e-01
4.428512232496723544e-01,-3.288395843258681284e-01,-5.898081560332388840e-01,-5.898081560332392170e-01
4.428512232496729095e-01,-3.357254172080669785e-01,-6.851004690557855881e-01,-4.709655885585276036e-01
4.428512232496733536e-01,-3.361675709237355592e-01,-7.601746658398572665e-01,-3.361675709237356702e-01
4.428512232496732981e-01,-3.710189235903966209e-01,-7.825621557911457415e-01,-2.320004843262315763e-01
4.428512232496734646e-01,-3.931415596186705885e-01,-7.970407800930403575e-01,-1.185263811796551242e-01
4.428512232496730761e-01,-4.007340805298122977e-01,-8.020567254055004369e-01,-8.033682564709291937e-17
4.428512232496734646e-01,-3.931415596186705885e-01,-7.970407800930403575e-01,1.185263811796550409e-01
4.428512232496732981e-01,-3.710189235903966765e-01,-7.825621557911458526e-01,2.320004843262315208e-01
4.428512232496732981e-01,-3.361675709237356147e-01,-7.601746658398571554e-01,3.361675709237353926e-01
4.428512232496729095e-01,-3.357254172080669785e-01,-6.851004690557855881e-01,4.709655885585276036e-01
4.428512232496723544e-01,-3.288395843258681284e-01,-5.898081560332388840e-01,5.898081560332392170e-01
1.684771990419541010e-01,-3.106230287979380722e-01,-5.571348601852599280e-01,7.514848734004722086e-01
1.684771990419550169e-01,-3.137974058463542382e-01,-4.402043228111484074e-01,-8.242370870480496547e-01
4.428512232496730761e-01,-3.357254172080669785e-01,-4.709655885585276591e-01,-6.851004690557855881e-01
6.521021260209000081e-01,-3.412422615939323944e-01,-4.787047817503395364e-01,-4.787047817503397584e-01
6.521021260209000081e-01,-3.469890978709085361e-01,-5.778926796183598835e-01,-3.469890978709087581e-01
6.521021260209001191e-01,-3.845886494387588672e-01,-6.074709923000994882e-01,-2.404857199000100254e-01
6.521021260209003412e-01,-4.086068810158874354e-01,-6.266001254782576080e-01,-1.231889474592679362e-01
6.521021260209001191e-01,-4.168766617245928119e-01,-6.332271836776921514e-01,-8.357299595041367582e-17
6.521021260209003412e-01,-4.086068810158874354e-01,-6.266001254782576080e-01,1.231889474592678529e-01
6.521021260209001191e-01,-3.845886494387588672e-01,-6.074709923000994882e-01,2.404857199000099421e-01
6.521021260209001191e-01,-3.469890978709088136e-01,-5.778926796183598835e-01,3.469890978709084806e-01
6.521021260209000081e-01,-3.412422615939323944e-01,-4.787047817503395364e-01,4.787047817503397584e-01
4.428512232496730761e-01,-3.357254172080669785e-01,-4.709655885585276591e-01,6.851004690557855881e-01
1.684771990419552390e-01,-3.137974058463542937e-01,-4.402043228111484630e-01,8.242370870480496547e-01
1.684771990419550169e-01,-3.118323683559049986e-01,-3.118323683559052206e-01,-8.815535046122111584e-01
4.428512232496730761e-01,-3.361675709237355592e-01,-3.361675709237356702e-01,-7.601746658398572665e-01
6.521021260209000081e-01,-3.469890978709085361e-01,-3.469890978709087581e-01,-5.778926796183598835e-01
8.076212350960505493e-01,-3.404643596726533716e-01,-3.404643596726535937e-01,-3.404643596726537602e-01
8.076212350960505493e-01,-3.813658205400650703e-01,-3.813658205400653478e-01,-2.384704645643469234e-01
8.076212350960507713e-01,-4.078179545928963812e-01,-4.078179545928966032e-01,-1.229510977798170118e-01
8.076212350960505493e-01,-4.169819784007036123e-01,-4.169819784007037788e-01,-8.359410922192592263e-17
8.076212350960507713e-01,-4.078179545928964367e-01,-4.078179545928966587e-01,1.229510977798169424e-01
8.076212350960507713e-01,-3.813658205400650147e-01,-3.813658205400652368e-01,2.384704645643467569e-01
8.076212350960504383e-01,-3.404643596726535937e-01,-3.404643596726537602e-01,3.404643596726532606e-01
6.521021260209000081e-01,-3.469890978709085361e-01,-3.469890978709087581e-01,5.778926796183598835e-01
4.428512232496730761e-01,-3.361675709237355592e-01,-3.361675709237356702e-01,7.601746658398572665e-01
1.684771990419554610e-01,-3.118323683559051096e-01,-3.118323683559053316e-01,8.815535046122109364e-01
1.684771990419552390e-01,-3.434199002538332324e-01,-2.147426401196580181e-01,-8.986455385896399140e-01
4.428512232496732981e-01,-3.710189235903966765e-01,-2.320004843262316319e-01,-7.825621557911458526e-01
6.521021260209001191e-01,-3.845886494387588672e-01,-2.404857199000100254e-01,-6.074709923000994882e-01
8.076212350960505493e-01,-3.813658205400650703e-01,-2.384704645643469234e-01,-3.813658205400653478e-01
8.076212350960505493e-01,-4.789294760319794952e-01,-2.432842962561120592e-01,-2.432842962561122258e-01
8.076212350960507713e-01,-5.038834277795066763e-01,-2.784147669694682081e-01,-1.278070786945742499e-01
8.076212350960505493e-01,-5.129373065777795837e-01,-2.909351476577948237e-01,-8.748746625603019362e-17
8.076212350960507713e-01,-5.038834277795067873e-01,-2.784147669694682081e-01,1.278070786945741666e-01
8.076212350960505493e-01,-4.789294760319794952e-01,-2.432842962561122258e-01,2.432842962561120315e-01
8.076212350960505493e-01,-3.813658205400653478e-01,-2.384704645643468957e-01,3.813658205400650147e-01
6.521021260209001191e-01,-3.845886494387588672e-01,-2.404857199000100254e-01,6.074709923000994882e-01
4.428512232496732981e-01,-3.710189235903966765e-01,-2.320004843262316319e-01,7.825621557911458526e-01
1.684771990419552390e-01,-3.434199002538332324e-01,-2.147426401196580459e-01,8.986455385896399140e-01
1.684771990419552390e-01,-3.633993228708041756e-01,-1.095595355138535426e-01,-9.096994414189817357e-01
4.428512232496732981e-01,-3.931415596186706440e-01,-1.185263811796551381e-01,-7.970407800930404685e-01
6.521021260209003412e-01,-4.086068810158874354e-01,-1.231889474592679362e-01,-6.266001254782576080e-01
8.076212350960505493e-01,-4.078179545928964922e-01,-1.229510977798170396e-01,-4.078179545928966587e-01
8.076212350960507713e-01,-5.038834277795066763e-01,-1.278070786945742499e-01,-2.784147669694682081e-01
8.076212350960505493e-01,-5.620085458475749807e-01,-1.262820949624768596e-01,-1.262820949624769429e-01
8.076212350960507713e-01,-5.705105034840248779e-01,-1.492169763677516636e-01,-8.974244115843778650e-17
8.076212350960505493e-01,-5.620085458475749807e-01,-1.262820949624769429e-01,1.262820949624767763e-01
8.076212350960505493e-01,-5.038834277795068983e-01,-1.278070786945742776e-01,2.784147669694682081e-01
8.076212350960507713e-01,-4.078179545928967142e-01,-1.229510977798170257e-01,4.078179545928963812e-01
6.521021260209003412e-01,-4.086068810158874354e-01,-1.231889474592679362e-01,6.266001254782576080e-01
4.428512232496732981e-01,-3.931415596186706440e-01,-1.185263811796551381e-01,7.970407800930404685e-01
1.684771990419559051e-01,-3.633993228708043977e-01,-1.095595355138535704e-01,9.096994414189814027e-01
1.684771990419552667e-01,-3.702435977781083909e-01,-7.422427192198717708e-17,-9.135289331528038126e-01
4.428512232496730761e-01,-4.007340805298122977e-01,-8.033682564709291937e-17,-8.020567254055004369e-01
6.521021260209001191e-01,-4.168766617245928119e-01,-8.357299595041367582e-17,-6.332271836776921514e-01
8.076212350960505493e-01,-4.169819784007036123e-01,-8.359410922192592263e-17,-4.169819784007037788e-01
8.076212350960505493e-01,-5.129373065777795837e-01,-8.748746625603019362e-17,-2.909351476577948237e-01
8.076212350960507713e-01,-5.705105034840248779e-01,-8.974244115843778650e-17,-1.492169763677516636e-01
8.076212350960507713e-01,-5.897015691194400500e-01,-9.042278207548882905e-17,-9.100028220371953049e-16
8.076212350960507713e-01,-5.705105034840248779e-01,-8.974244115843776185e-17,1.492169763677514971e-01
8.076212350960505493e-01,-5.129373065777795837e-01,-8.748746625603019362e-17,2.909351476577946571e-01
8.076212350960505493e-01,-4.169819784007039454e-01,-8.359410922192595961e-17,4.169819784007036678e-01
6.521021260209001191e-01,-4.168766617245928119e-01,-8.357299595041367582e-17,6.332271836776921514e-01
4.428512232496730761e-01,-4.007340805298122977e-01,-8.033682564709291937e-17,8.020567254055004369e-01
1.684771990419556831e-01,-3.702435977781085574e-01,-7.422427192198720173e-17,9.135289331528035905e-01
1.684771990419552390e-01,-3.633993228708041756e-01,1.095595355138534593e-01,-9.096994414189817357e-01
4.428512232496732981e-01,-3.931415596186706440e-01,1.185263811796550548e-01,-7.970407800930404685e-01
6.521021260209003412e-01,-4.086068810158873243e-01,1.231889474592678113e-01,-6.266001254782574970e-01
8.076212350960507713e-01,-4.078179545928963812e-01,1.229510977798169286e-01,-4.078179545928966032e-01
8.076212350960507713e-01,-5.038834277795067873e-01,1.278070786945741666e-01,-2.784147669694682081e-01
8.076212350960505493e-01,-5.620085458475749807e-01,1.262820949624767763e-01,-1.262820949624769429e-01
8.076212350960507713e-01,-5.705105034840248779e-01,1.492169763677514971e-01,-8.974244115843776185e-17
8.076212350960505493e-01,-5.620085458475749807e-01,1.262820949624767763e-01,1.262820949624768596e-01
8.076212350960505493e-01,-5.038834277795068983e-01,1.278070786945741943e-01,2.784147669694682081e-01
8.076212350960507713e-01,-4.078179545928967142e-01,1.229510977798169424e-01,4.078179545928963812e-01
6.521021260209003412e-01,-4.086068810158873243e-01,1.231889474592678113e-01,6.266001254782574970e-01
4.428512232496732981e-01,-3.931415596186706440e-01,1.185263811796550548e-01,7.970407800930404685e-01
1.684771990419559051e-01,-3.633993228708043977e-01,1.095595355138535010e-01,9.096994414189814027e-01
1.684771990419552390e-01,-3.434199002538332324e-01,2.147426401196579626e-01,-8.986455385896399140e-01
4.428512232496732981e-01,-3.710189235903966765e-01,2.320004843262315208e-01,-7.825621557911458526e-01
6.521021260209001191e-01,-3.845886494387588672e-01,2.404857199000099421e-01,-6.074709923000994882e-01
8.076212350960507713e-01,-3.813658205400650147e-01,2.384704645643467569e-01,-3.813658205400652368e-01
8.076212350960505493e-01,-4.789294760319794952e-01,2.432842962561120315e-01,-2.432842962561122258e-01
8.076212350960505493e-01,-5.038834277795068983e-01,2.784147669694682081e-01,-1.278070786945742776e-01
8.076212350960505493e-01,-5.129373065777795837e-01,2.909351476577946571e-01,-8.748746625603019362e-17
8.076212350960507713e-01,-5.038834277795067873e-01,2.784147669694681526e-01,1.278070786945741666e-01
8.076212350960504383e-01,-4.789294760319796063e-01,2.432842962561120592e-01,2.432842962561121425e-01
8.076212350960505493e-01,-3.813658205400653478e-01,2.384704645643468679e-01,3.813658205400650147e-01
6.521021260209001191e-01,-3.845886494387588672e-01,2.404857199000099421e-01,6.074709923000994882e-01
4.428512232496732981e-01,-3.710189235903966765e-01,2.320004843262315208e-01,7.825621557911458526e-01
1.684771990419552390e-01,-3.434199002538332324e-01,2.147426401196579626e-01,8.986455385896399140e-01
1.684771990419550169e-01,-3.118323683559052206e-01,3.118323683559049431e-01,-8.815535046122111584e-01
4.428512232496733536e-01,-3.361675709237356702e-01,3.361675709237354481e-01,-7.601746658398572665e-01
6.521021260209000081e-01,-3.469890978709087581e-01,3.469890978709084806e-01,-5.778926796183598835e-01
8.076212350960505493e-01,-3.404643596726535382e-01,3.404643596726532051e-01,-3.404643596726537047e-01
8.076212350960505493e-01,-3.813658205400653478e-01,3.813658205400650147e-01,-2.384704645643468957e-01
8.076212350960507713e-01,-4.078179545928966587e-01,4.078179545928963257e-01,-1.229510977798170118e-01
8.076212350960505493e-01,-4.169819784007039454e-01,4.169819784007036678e-01,-8.359410922192595961e-17
8.076212350960507713e-01,-4.078179545928967142e-01,4.078179545928963812e-01,1.229510977798169424e-01
8.076212350960505493e-01,-3.813658205400653478e-01,3.813658205400650147e-01,2.384704645643468679e-01
8.076212350960504383e-01,-3.404643596726539267e-01,3.404643596726532606e-01,3.404643596726534827e-01
6.521021260209000081e-01,-3.469890978709087581e-01,3.469890978709084806e-01,5.778926796183598835e-01
4.428512232496733536e-01,-3.361675709237356702e-01,3.361675709237354481e-01,7.601746658398572665e-01
1.684771990419554610e-01,-3.118323683559053316e-01,3.118323683559050541e-01,8.815535046122109364e-01
1.684771990419550169e-01,-3.137974058463542382e-01,4.402043228111484074e-01,-8.242370870480496547e-01
4.428512232496730761e-01,-3.357254172080669785e-01,4.709655885585276591e-01,-6.851004690557855881e-01
6.521021260209000081e-01,-3.412422615939323944e-01,4.787047817503395364e-01,-4.787047817503397584e-01
6.521021260209000081e-01,-3.469890978709085361e-01,5.778926796183598835e-01,-3.469890978709087581e-01
6.521021260209001191e-01,-3.845886494387588672e-01,6.074709923000994882e-01,-2.404857199000100254e-01
6.521021260209003412e-01,-4.086068810158874354e-01,6.266001254782576080e-01,-1.231889474592679362e-01
6.521021260209001191e-01,-4.168766617245928119e-01,6.332271836776921514e-01,-8.357299595041367582e-17
6.521021260209003412e-01,-4.086068810158874354e-01,6.266001254782576080e-01,1.231889474592678529e-01
6.521021260209001191e-01,-3.845886494387588672e-01,6.074709923000994882e-01,2.404857199000099421e-01
6.521021260209001191e-01,-3.469890978709088136e-01,5.778926796183598835e-01,3.469890978709084806e-01
6.521021260209000081e-01,-3.412422615939323944e-01,4.787047817503395364e-01,4.787047817503397584e-01
4.428512232496730761e-01,-3.357254172080669785e-01,4.709655885585276591e-01,6.851004690557855881e-01
1.684771990419552390e-01,-3.137974058463542937e-01,4.402043228111484630e-01,8.242370870480496547e-01
1.684771990419541565e-01,-3.106230287979381277e-01,5.571348601852600391e-01,-7.514848734004724307e-01
4.428512232496723544e-01,-3.288395843258681284e-01,5.898081560332388840e-01,-5.898081560332392170e-01
4.428512232496729095e-01,-3.357254172080669785e-01,6.851004690557855881e-01,-4.709655885585276036e-01
4.428512232496733536e-01,-3.361675709237355592e-01,7.601746658398572665e-01,-3.361675709237356702e-01
4.428512232496732981e-01,-3.710189235903966209e-01,7.825621557911457415e-01,-2.320004843262315763e-01
4.428512232496734646e-01,-3.931415596186705885e-01,7.970407800930403575e-01,-1.185263811796551242e-01
4.428512232496730761e-01,-4.007340805298122977e-01,8.020567254055004369e-01,-8.033682564709291937e-17
4.428512232496734646e-01,-3.931415596186705885e-01,7.970407800930403575e-01,1.185263811796550409e-01
4.428512232496732981e-01,-3.710189235903966765e-01,7.825621557911458526e-01,2.320004843262315208e-01
4.428512232496732981e-01,-3.361675709237356147e-01,7.601746658398571554e-01,3.361675709237353926e-01
4.428512232496729095e-01,-3.357254172080669785e-01,6.851004690557855881e-01,4.709655885585276036e-01
4.428512232496723544e-01,-3.288395843258681284e-01,5.898081560332388840e-01,5.898081560332392170e-01
1.684771990419541010e-01,-3.106230287979380722e-01,5.571348601852599280e-01,7.514848734004722086e-01
1.684771990419550447e-01,-3.043280922328102100e-01,6.629479035644185725e-01,-6.629479035644190166e-01
1.684771990419541288e-01,-3.106230287979381277e-01,7.514848734004724307e-01,-5.571348601852600391e-01
1.684771990419552390e-01,-3.137974058463542937e-01,8.242370870480496547e-01,-4.402043228111484630e-01
1.684771990419554610e-01,-3.118323683559051096e-01,8.815535046122109364e-01,-3.118323683559053316e-01
1.684771990419552390e-01,-3.434199002538332324e-01,8.986455385896399140e-01,-2.147426401196580459e-01
1.684771990419559051e-01,-3.633993228708043977e-01,9.096994414189814027e-01,-1.095595355138535704e-01
1.684771990419556831e-01,-3.702435977781085574e-01,9.135289331528035905e-01,-7.422427192198720173e-17
1.684771990419559051e-01,-3.633993228708043977e-01,9.096994414189814027e-01,1.095595355138535010e-01
1.684771990419552390e-01,-3.434199002538332324e-01,8.986455385896399140e-01,2.147426401196579626e-01
1.684771990419554610e-01,-3.118323683559053316e-01,8.815535046122109364e-01,3.118323683559050541e-01
1.684771990419552390e-01,-3.137974058463542937e-01,8.242370870480496547e-01,4.402043228111484630e-01
1.684771990419541288e-01,-3.106230287979381277e-01,7.514848734004724307e-01,5.571348601852600391e-01
1.684771990419552390e-01,-3.043280922328102100e-01,6.629479035644185725e-01,6.629479035644189056e-01
1.684771990419552390e-01,-2.055168002558220297e-01,-6.816811124769358576e-01,-6.816811124769359687e-01
1.684771990419550169e-01,-2.103489865550231541e-01,-7.699622933033734018e-01,-5.783829217302860481e-01
1.684771990419554610e-01,-2.136337319280504354e-01,-8.422577077321472538e-01,-4.653794320243000993e-01
1.684771990419552112e-01,-2.147426401196579626e-01,-8.986455385896396919e-01,-3.434199002538331769e-01
1.684771990419550447e-01,-2.110846715071007795e-01,-9.394157526422772797e-01,-2.110846715071009183e-01
1.684771990419554888e-01,-2.394393690362417448e-01,-9.498435902327843072e-01,-1.099153130923909011e-01
1.684771990419552390e-01,-2.494210794430417599e-01,-9.536270542158739039e-01,-7.500371971894714546e-17
1.684771990419554888e-01,-2.394393690362417448e-01,-9.498435902327843072e-01,1.099153130923908317e-01
1.684771990419552390e-01,-2.110846715071008906e-01,-9.394157526422771687e-01,2.110846715071007240e-01
1.684771990419552390e-01,-2.147426401196580181e-01,-8.986455385896399140e-01,3.434199002538331769e-01
1.684771990419554610e-01,-2.136337319280504354e-01,-8.422577077321472538e-01,4.653794320243000993e-01
1.684771990419550169e-01,-2.103489865550231541e-01,-7.699622933033734018e-01,5.783829217302860481e-01
1.684771990419552112e-01,-2.055168002558220297e-01,-6.816811124769361907e-01,6.816811124769356356e-01
1.684771990419550169e-01,-2.103489865550231541e-01,-5.783829217302860481e-01,-7.699622933033734018e-01
4.428512232496730761e-01,-2.233060995780293545e-01,-6.140102523401035350e-01,-6.140102523401038681e-01
4.428512232496732981e-01,-2.291236607091542421e-01,-7.087042405562391512e-01,-4.991226718824829933e-01
4.428512232496732981e-01,-2.320004843262316319e-01,-7.825621557911458526e-01,-3.710189235903966765e-01
4.428512232496730761e-01,-2.291804040801517506e-01,-8.359638023488725755e-01,-2.291804040801518894e-01
4.428512232496732981e-01,-2.602845892118493820e-01,-8.496223938061233660e-01,-1.194843698072661359e-01
4.428512232496730761e-01,-2.712547672187283765e-01,-8.545780510447139600e-01,-8.156935483693873333e-17
4.428512232496734646e-01,-2.602845892118493820e-01,-8.496223938061232550e-01,1.194843698072660526e-01
4.428512232496730761e-01,-2.291804040801518894e-01,-8.359638023488725755e-01,2.291804040801516951e-01
4.428512232496732981e-01,-2.320004843262316319e-01,-7.825621557911458526e-01,3.710189235903966765e-01
4.428512232496732981e-01,-2.291236607091542421e-01,-7.087042405562391512e-01,4.991226718824829933e-01
4.428512232496730761e-01,-2.233060995780293545e-01,-6.140102523401035350e-01,6.140102523401038681e-01
1.684771990419554610e-01,-2.103489865550231819e-01,-5.783829217302861592e-01,7.699622933033731798e-01
1.684771990419554610e-01,-2.136337319280504354e-01,-4.653794320243000993e-01,-8.422577077321472538e-01
4.428512232496732981e-01,-2.291236607091542421e-01,-4.991226718824829933e-01,-7.087042405562391512e-01
6.521021260209002302e-01,-2.340664528097075314e-01,-5.098900434937432280e-01,-5.098900434937434500e-01
6.521021260209001191e-01,-2.404857199000100254e-01,-6.074709923000994882e-01,-3.845886494387588672e-01
6.521021260209002302e-01,-2.398381818674827359e-01,-6.780251546041803357e-01,-2.398381818674828747e-01
6.521021260209002302e-01,-2.730207471129134089e-01,-6.960708618180634355e-01,-1.253309387692721211e-01
6.521021260209001191e-01,-2.847637395930245896e-01,-7.026182675194391214e-01,-8.563165454278253851e-17
6.521021260209003412e-01,-2.730207471129134089e-01,-6.960708618180633245e-01,1.253309387692720100e-01
6.521021260209002302e-01,-2.398381818674828747e-01,-6.780251546041803357e-01,2.398381818674827082e-01
6.521021260209000081e-01,-2.404857199000100254e-01,-6.074709923000997103e-01,3.845886494387588117e-01
6.521021260209002302e-01,-2.340664528097075314e-01,-5.098900434937432280e-01,5.098900434937434500e-01
4.428512232496732981e-01,-2.291236607091542421e-01,-4.991226718824829933e-01,7.087042405562391512e-01
1.684771990419554610e-01,-2.136337319280504354e-01,-4.653794320243000993e-01,8.422577077321472538e-01
1.684771990419552390e-01,-2.147426401196580181e-01,-3.434199002538332324e-01,-8.986455385896399140e-01
4.428512232496732981e-01,-2.320004843262316319e-01,-3.710189235903966765e-01,-7.825621557911458526e-01
6.521021260209001191e-01,-2.404857199000100254e-01,-3.845886494387588672e-01,-6.074709923000994882e-01
8.076212350960505493e-01,-2.384704645643469234e-01,-3.813658205400650703e-01,-3.813658205400653478e-01
8.076212350960505493e-01,-2.432842962561120592e-01,-4.789294760319794952e-01,-2.432842962561122258e-01
8.076212350960507713e-01,-2.784147669694682081e-01,-5.038834277795066763e-01,-1.278070786945742499e-01
8.076212350960505493e-01,-2.909351476577948237e-01,-5.129373065777795837e-01,-8.748746625603019362e-17
8.076212350960507713e-01,-2.784147669694682081e-01,-5.038834277795067873e-01,1.278070786945741666e-01
8.076212350960505493e-01,-2.432842962561122258e-01,-4.789294760319794952e-01,2.432842962561120315e-01
8.076212350960505493e-01,-2.384704645643468957e-01,-3.813658205400653478e-01,3.813658205400650147e-01
6.521021260209001191e-01,-2.404857199000100254e-01,-3.845886494387588672e-01,6.074709923000994882e-01
4.428512232496732981e-01,-2.320004843262316319e-01,-3.710189235903966765e-01,7.825621557911458526e-01
1.684771990419552390e-01,-2.147426401196580459e-01,-3.434199002538332324e-01,8.986455385896399140e-01
1.684771990419550169e-01,-2.110846715071007518e-01,-2.110846715071008906e-01,-9.394157526422771687e-01
4.428512232496730761e-01,-2.291804040801517506e-01,-2.291804040801518894e-01,-8.359638023488725755e-01
6.521021260209002302e-01,-2.398381818674827359e-01,-2.398381818674828747e-01,-6.780251546041803357e-01
8.076212350960505493e-01,-2.432842962561120592e-01,-2.432842962561122258e-01,-4.789294760319794952e-01
9.154590005350435877e-01,-2.323322465345543653e-01,-2.323322465345545040e-01,-2.323322465345546428e-01
9.154590005350436988e-01,-2.706464397403637867e-01,-2.706464397403640088e-01,-1.242410063188075370e-01
9.154590005350435877e-01,-2.845477274020818403e-01,-2.845477274020819514e-01,-8.556669725103507289e-17
9.154590005350436988e-01,-2.706464397403638422e-01,-2.706464397403640088e-01,1.242410063188074676e-01
9.154590005350435877e-01,-2.323322465345545318e-01,-2.323322465345546428e-01,2.323322465345543653e-01
8.076212350960507713e-01,-2.432842962561120870e-01,-2.432842962561122535e-01,4.789294760319792732e-01
6.521021260209002302e-01,-2.398381818674827359e-01,-2.398381818674828747e-01,6.780251546041803357e-01
4.428512232496730761e-01,-2.291804040801517506e-01,-2.291804040801518894e-01,8.359638023488725755e-01
1.684771990419554610e-01,-2.110846715071008350e-01,-2.110846715071009738e-01,9.394157526422771687e-01
1.684771990419556831e-01,-2.394393690362417448e-01,-1.099153130923908872e-01,-9.498435902327843072e-01
4.428512232496732981e-01,-2.602845892118493820e-01,-1.194843698072661359e-01,-8.496223938061233660e-01
6.521021260209003412e-01,-2.730207471129134089e-01,-1.253309387692720933e-01,-6.960708618180633245e-01
8.076212350960507713e-01,-2.784147669694682081e-01,-1.278070786945742499e-01,-5.038834277795066763e-01
9.154590005350436988e-01,-2.706464397403637867e-01,-1.242410063188075370e-01,-2.706464397403640088e-01
9.154590005350436988e-01,-3.598915030594884157e-01,-1.273046039327743462e-01,-1.273046039327744294e-01
9.154590005350436988e-01,-3.729453732763701734e-01,-1.511508084368975990e-01,-9.090549120073269580e-17
9.154590005350436988e-01,-3.598915030594884157e-01,-1.273046039327744294e-01,1.273046039327742907e-01
9.154590005350435877e-01,-2.706464397403642308e-01,-1.242410063188076202e-01,2.706464397403639532e-01
8.076212350960507713e-01,-2.784147669694682081e-01,-1.278070786945742499e-01,5.038834277795064542e-01
6.521021260209003412e-01,-2.730207471129134089e-01,-1.253309387692720933e-01,6.960708618180633245e-01
4.428512232496732981e-01,-2.602845892118493820e-01,-1.194843698072661359e-01,8.496223938061233660e-01
1.684771990419556831e-01,-2.394393690362417448e-01,-1.099153130923908872e-01,9.498435902327843072e-01
1.684771990419552390e-01,-2.494210794430417599e-01,-7.500371971894714546e-17,-9.536270542158739039e-01
4.428512232496730761e-01,-2.712547672187283765e-01,-8.156935483693873333e-17,-8.545780510447139600e-01
6.521021260209001191e-01,-2.847637395930245896e-01,-8.563165454278253851e-17,-7.026182675194391214e-01
8.076212350960505493e-01,-2.909351476577948237e-01,-8.748746625603019362e-17,-5.129373065777795837e-01
9.154590005350435877e-01,-2.845477274020818403e-01,-8.556669725103507289e-17,-2.845477274020819514e-01
9.154590005350436988e-01,-3.729453732763701734e-01,-9.090549120073269580e-17,-1.511508084368975990e-01
9.154590005350435877e-01,-4.024112552344666360e-01,-9.255650775473885943e-17,-9.314763527669812640e-16
9.154590005350436988e-01,-3.729453732763702845e-01,-9.090549120073269580e-17,1.511508084368975435e-01
9.154590005350435877e-01,-2.845477274020820624e-01,-8.556669725103510987e-17,2.845477274020817848e-01
8.076212350960507713e-01,-2.909351476577948792e-01,-8.748746625603021827e-17,5.129373065777793617e-01
6.521021260209001191e-01,-2.847637395930245896e-01,-8.563165454278253851e-17,7.026182675194391214e-01
4.428512232496730761e-01,-2.712547672187283765e-01,-8.156935483693873333e-17,8.545780510447139600e-01
1.684771990419560994e-01,-2.494210794430417322e-01,-7.500371971894715779e-17,9.536270542158739039e-01
1.684771990419556831e-01,-2.394393690362417448e-01,1.099153130923908178e-01,-9.498435902327843072e-01
4.428512232496734646e-01,-2.602845892118493820e-01,1.194843698072660526e-01,-8.496223938061232550e-01
6.521021260209003412e-01,-2.730207471129134089e-01,1.253309387692720100e-01,-6.960708618180633245e-01
8.076212350960507713e-01,-2.784147669694682081e-01,1.278070786945741666e-01,-5.038834277795067873e-01
9.154590005350436988e-01,-2.706464397403637867e-01,1.242410063188074676e-01,-2.706464397403640088e-01
9.154590005350436988e-01,-3.598915030594884157e-01,1.273046039327742907e-01,-1.273046039327744294e-01
9.154590005350436988e-01,-3.729453732763702845e-01,1.511508084368975435e-01,-9.090549120073269580e-17
9.154590005350435877e-01,-3.598915030594886377e-01,1.273046039327743739e-01,1.273046039327744572e-01
9.154590005350435877e-01,-2.706464397403642308e-01,1.242410063188075786e-01,2.706464397403639532e-01
8.076212350960507713e-01,-2.784147669694682081e-01,1.278070786945741666e-01,5.038834277795064542e-01
6.521021260209003412e-01,-2.730207471129134089e-01,1.253309387692720100e-01,6.960708618180633245e-01
4.428512232496734646e-01,-2.602845892118493820e-01,1.194843698072660526e-01,8.496223938061232550e-01
1.684771990419556831e-01,-2.394393690362417448e-01,1.099153130923908178e-01,9.498435902327843072e-01
1.684771990419552390e-01,-2.110846715071008906e-01,2.110846715071007240e-01,-9.394157526422771687e-01
4.428512232496730761e-01,-2.291804040801518894e-01,2.291804040801516951e-01,-8.359638023488725755e-01
6.521021260209002302e-01,-2.398381818674828747e-01,2.398381818674827082e-01,-6.780251546041803357e-01
8.076212350960505493e-01,-2.432842962561122258e-01,2.432842962561120315e-01,-4.789294760319794952e-01
9.154590005350435877e-01,-2.323322465345545318e-01,2.323322465345543653e-01,-2.323322465345546428e-01
9.154590005350435877e-01,-2.706464397403642308e-01,2.706464397403639532e-01,-1.242410063188076202e-01
9.154590005350435877e-01,-2.845477274020820624e-01,2.845477274020817848e-01,-8.556669725103510987e-17
9.154590005350436988e-01,-2.706464397403640643e-01,2.706464397403637867e-01,1.242410063188074953e-01
9.154590005350434767e-01,-2.323322465345548926e-01,2.323322465345544763e-01,2.323322465345546151e-01
8.076212350960507713e-01,-2.432842962561122535e-01,2.432842962561120315e-01,4.789294760319792732e-01
6.521021260209002302e-01,-2.398381818674828747e-01,2.398381818674827082e-01,6.780251546041803357e-01
4.428512232496730761e-01,-2.291804040801518894e-01,2.291804040801516951e-01,8.359638023488725755e-01
1.684771990419554610e-01,-2.110846715071009738e-01,2.110846715071008073e-01,9.394157526422771687e-01
1.684771990419552390e-01,-2.147426401196580181e-01,3.434199002538331769e-01,-8.986455385896399140e-01
4.428512232496732981e-01,-2.320004843262316319e-01,3.710189235903966765e-01,-7.825621557911458526e-01
6.521021260209000081e-01,-2.404857199000100254e-01,3.845886494387588117e-01,-6.074709923000997103e-01
8.076212350960505493e-01,-2.384704645643468957e-01,3.813658205400650147e-01,-3.813658205400653478e-01
8.076212350960506603e-01,-2.432842962561120592e-01,4.789294760319792177e-01,-2.432842962561122258e-01
8.076212350960507713e-01,-2.784147669694682081e-01,5.038834277795064542e-01,-1.278070786945742499e-01
8.076212350960507713e-01,-2.909351476577948792e-01,5.129373065777793617e-01,-8.748746625603021827e-17
8.076212350960507713e-01,-2.784147669694682081e-01,5.038834277795064542e-01,1.278070786945741666e-01
8.076212350960507713e-01,-2.432842962561122535e-01,4.789294760319792732e-01,2.432842962561120315e-01
8.076212350960505493e-01,-2.384704645643469512e-01,3.813658205400650703e-01,3.813658205400653478e-01
6.521021260209000081e-01,-2.404857199000100254e-01,3.845886494387588117e-01,6.074709923000997103e-01
4.428512232496732981e-01,-2.320004843262316319e-01,3.710189235903966765e-01,7.825621557911458526e-01
1.684771990419552390e-01,-2.147426401196580459e-01,3.434199002538332324e-01,8.986455385896399140e-01
1.684771990419554610e-01,-2.136337319280504354e-01,4.653794320243000993e-01,-8.422577077321472538e-01
4.428512232496732981e-01,-2.291236607091542421e-01,4.991226718824829933e-01,-7.087042405562391512e-01
6.521021260209002302e-01,-2.340664528097075314e-01,5.098900434937432280e-01,-5.098900434937434500e-01
6.521021260209001191e-01,-2.404857199000100254e-01,6.074709923000994882e-01,-3.845886494387588672e-01
6.521021260209002302e-01,-2.398381818674827359e-01,6.780251546041803357e-01,-2.398381818674828747e-01
6.521021260209002302e-01,-2.730207471129134089e-01,6.960708618180634355e-01,-1.253309387692721211e-01
6.521021260209001191e-01,-2.847637395930245896e-01,7.026182675194391214e-01,-8.563165454278253851e-17
6.521021260209003412e-01,-2.730207471129134089e-01,6.960708618180633245e-01,1.253309387692720100e-01
6.521021260209002302e-01,-2.398381818674828747e-01,6.780251546041803357e-01,2.398381818674827082e-01
6.521021260209000081e-01,-2.404857199000100254e-01,6.074709923000997103e-01,3.845886494387588117e-01
6.521021260209002302e-01,-2.340664528097075314e-01,5.098900434937432280e-01,5.098900434937434500e-01
4.428512232496732981e-01,-2.291236607091542421e-01,4.991226718824829933e-01,7.087042405562391512e-01
1.684771990419554610e-01,-2.136337319280504354e-01,4.653794320243000993e-01,8.422577077321472538e-01
1.684771990419550169e-01,-2.103489865550231541e-01,5.783829217302860481e-01,-7.699622933033734018e-01
4.428512232496730761e-01,-2.233060995780293545e-01,6.140102523401035350e-01,-6.140102523401038681e-01
4.428512232496732981e-01,-2.291236607091542421e-01,7.087042405562391512e-01,-4.991226718824829933e-01
4.428512232496732981e-01,-2.320004843262316319e-01,7.825621557911458526e-01,-3.710189235903966765e-01
4.428512232496730761e-01,-2.291804040801517506e-01,8.359638023488725755e-01,-2.291804040801518894e-01
4.428512232496732981e-01,-2.602845892118493820e-01,8.496223938061233660e-01,-1.194843698072661359e-01
4.428512232496730761e-01,-2.712547672187283765e-01,8.545780510447139600e-01,-8.156935483693873333e-17
4.428512232496734646e-01,-2.602845892118493820e-01,8.496223938061232550e-01,1.194843698072660526e-01
4.428512232496730761e-01,-2.291804040801518894e-01,8.359638023488725755e-01,2.291804040801516951e-01
4.428512232496732981e-01,-2.320004843262316319e-01,7.825621557911458526e-01,3.710189235903966765e-01
4.428512232496732981e-01,-2.291236607091542421e-01,7.087042405562391512e-01,4.991226718824829933e-01
4.428512232496730761e-01,-2.233060995780293545e-01,6.140102523401035350e-01,6.140102523401038681e-01
1.684771990419554610e-01,-2.103489865550231819e-01,5.783829217302861592e-01,7.699622933033731798e-01
1.684771990419552390e-01,-2.055168002558220852e-01,6.816811124769357466e-01,-6.816811124769363017e-01
1.684771990419554610e-01,-2.103489865550231819e-01,7.699622933033731798e-01,-5.783829217302861592e-01
1.684771990419554610e-01,-2.136337319280504354e-01,8.422577077321472538e-01,-4.653794320243000993e-01
1.684771990419552112e-01,-2.147426401196579904e-01,8.986455385896396919e-01,-3.434199002538331769e-01
1.684771990419554610e-01,-2.110846715071008350e-01,9.394157526422771687e-01,-2.110846715071009738e-01
1.684771990419554888e-01,-2.394393690362417448e-01,9.498435902327843072e-01,-1.099153130923909011e-01
1.684771990419560994e-01,-2.494210794430417322e-01,9.536270542158739039e-01,-7.500371971894715779e-17
1.684771990419554888e-01,-2.394393690362417448e-01,9.498435902327843072e-01,1.099153130923908317e-01
1.684771990419554610e-01,-2.110846715071009738e-01,9.394157526422771687e-01,2.110846715071008073e-01
1.684771990419552112e-01,-2.147426401196579904e-01,8.986455385896396919e-01,3.434199002538331769e-01
1.684771990419554610e-01,-2.136337319280504354e-01,8.422577077321472538e-01,4.653794320243000993e-01
1.684771990419554610e-01,-2.103489865550231819e-01,7.699622933033731798e-01,5.783829217302861592e-01
1.684771990419556831e-01,-2.055168002558220852e-01,6.816811124769358576e-01,6.816811124769360797e-01
1.684771990419552390e-01,-1.035632506754565058e-01,-6.931414309188673739e-01,-6.931414309188674849e-01
1.684771990419552390e-01,-1.061810712461371403e-01,-7.813614527328335280e-01,-5.914518523897244195e-01
1.684771990419552390e-01,-1.081999834853625969e-01,-8.535456971929147318e-01,-4.810072138546426235e-01
1.684771990419552390e-01,-1.095595355138535426e-01,-9.096994414189817357e-01,-3.633993228708041756e-01
1.684771990419554888e-01,-1.099153130923909011e-01,-9.498435902327843072e-01,-2.394393690362417448e-01
1.684771990419552667e-01,-1.064897507797850779e-01,-9.741331014603168414e-01,-1.064897507797851472e-01
1.684771990419554610e-01,-1.254817191273998600e-01,-9.776859268537160252e-01,-7.546752433514663482e-17
1.684771990419552667e-01,-1.064897507797851472e-01,-9.741331014603168414e-01,1.064897507797850085e-01
1.684771990419552390e-01,-1.099153130923909288e-01,-9.498435902327844182e-01,2.394393690362416893e-01
1.684771990419552390e-01,-1.095595355138535426e-01,-9.096994414189817357e-01,3.633993228708041756e-01
1.684771990419552390e-01,-1.081999834853625969e-01,-8.535456971929147318e-01,4.810072138546426235e-01
1.684771990419552390e-01,-1.061810712461371403e-01,-7.813614527328335280e-01,5.914518523897244195e-01
1.684771990419552112e-01,-1.035632506754564780e-01,-6.931414309188675960e-01,6.931414309188671519e-01
1.684771990419552390e-01,-1.061810712461371403e-01,-5.914518523897244195e-01,-7.813614527328335280e-01
4.428512232496730761e-01,-1.129113714858884926e-01,-6.289411006825058603e-01,-6.289411006825059713e-01
4.428512232496732981e-01,-1.162201250044726381e-01,-7.234894762371946175e-01,-5.166610633522161766e-01
4.428512232496732981e-01,-1.185263811796551381e-01,-7.970407800930404685e-01,-3.931415596186706440e-01
4.428512232496732981e-01,-1.194843698072661359e-01,-8.496223938061233660e-01,-2.602845892118493820e-01
4.428512232496732981e-01,-1.160842538691287673e-01,-8.814372842542818054e-01,-1.160842538691288506e-01
4.428512232496732981e-01,-1.368422666516075359e-01,-8.860908464282419850e-01,-8.230001278610000448e-17
4.428512232496732981e-01,-1.160842538691288506e-01,-8.814372842542818054e-01,1.160842538691286979e-01
4.428512232496732981e-01,-1.194843698072661914e-01,-8.496223938061233660e-01,2.602845892118493820e-01
4.428512232496732981e-01,-1.185263811796551103e-01,-7.970407800930405795e-01,3.931415596186704775e-01
4.428512232496732981e-01,-1.162201250044726381e-01,-7.234894762371946175e-01,5.166610633522161766e-01
4.428512232496730761e-01,-1.129113714858884926e-01,-6.289411006825058603e-01,6.289411006825059713e-01
1.684771990419554610e-01,-1.061810712461371681e-01,-5.914518523897245306e-01,7.813614527328331949e-01
1.684771990419552667e-01,-1.081999834853625969e-01,-4.810072138546425680e-01,-8.535456971929147318e-01
4.428512232496732981e-01,-1.162201250044726381e-01,-5.166610633522161766e-01,-7.234894762371946175e-01
6.521021260209003412e-01,-1.190911398807629196e-01,-5.294242710912120398e-01,-5.294242710912120398e-01
6.521021260209003412e-01,-1.231889474592679362e-01,-6.266001254782576080e-01,-4.086068810158874354e-01
6.521021260209003412e-01,-1.253309387692720933e-01,-6.960708618180633245e-01,-2.730207471129134089e-01
6.521021260209003412e-01,-1.224017120925278840e-01,-7.381046395956725181e-01,-1.224017120925279534e-01
6.521021260209002302e-01,-1.443967158517078797e-01,-7.442529178244873256e-01,-8.684342821594737549e-17
6.521021260209003412e-01,-1.224017120925279534e-01,-7.381046395956725181e-01,1.224017120925278007e-01
6.521021260209003412e-01,-1.253309387692721211e-01,-6.960708618180633245e-01,2.730207471129133534e-01
6.521021260209003412e-01,-1.231889474592679362e-01,-6.266001254782576080e-01,4.086068810158874354e-01
6.521021260209003412e-01,-1.190911398807629196e-01,-5.294242710912120398e-01,5.294242710912120398e-01
4.428512232496732981e-01,-1.162201250044726381e-01,-5.166610633522161766e-01,7.234894762371946175e-01
1.684771990419556831e-01,-1.081999834853626385e-01,-4.810072138546427345e-01,8.535456971929145098e-01
1.684771990419552390e-01,-1.095595355138535426e-01,-3.633993228708041756e-01,-9.096994414189817357e-01
4.428512232496732981e-01,-1.185263811796551381e-01,-3.931415596186706440e-01,-7.970407800930404685e-01
6.521021260209003412e-01,-1.231889474592679362e-01,-4.086068810158874354e-01,-6.266001254782576080e-01
8.076212350960505493e-01,-1.229510977798170396e-01,-4.078179545928964922e-01,-4.078179545928966587e-01
8.076212350960507713e-01,-1.278070786945742499e-01,-5.038834277795066763e-01,-2.784147669694682081e-01
8.076212350960505493e-01,-1.262820949624768596e-01,-5.620085458475749807e-01,-1.262820949624769429e-01
8.076212350960507713e-01,-1.492169763677516636e-01,-5.705105034840248779e-01,-8.974244115843778650e-17
8.076212350960505493e-01,-1.262820949624769429e-01,-5.620085458475749807e-01,1.262820949624767763e-01
8.076212350960505493e-01,-1.278070786945742776e-01,-5.038834277795068983e-01,2.784147669694682081e-01
8.076212350960506603e-01,-1.229510977798170118e-01,-4.078179545928966587e-01,4.078179545928963257e-01
6.521021260209003412e-01,-1.231889474592679362e-01,-4.086068810158874354e-01,6.266001254782576080e-01
4.428512232496732981e-01,-1.185263811796551381e-01,-3.931415596186706440e-01,7.970407800930404685e-01
1.684771990419559051e-01,-1.095595355138535704e-01,-3.633993228708043977e-01,9.096994414189814027e-01
1.684771990419556831e-01,-1.099153130923908872e-01,-2.394393690362417448e-01,-9.498435902327843072e-01
4.428512232496732981e-01,-1.194843698072661359e-01,-2.602845892118493820e-01,-8.496223938061233660e-01
6.521021260209003412e-01,-1.253309387692720933e-01,-2.730207471129134089e-01,-6.960708618180633245e-01
8.076212350960507713e-01,-1.278070786945742499e-01,-2.784147669694682081e-01,-5.038834277795066763e-01
9.154590005350436988e-01,-1.242410063188075370e-01,-2.706464397403637867e-01,-2.706464397403640088e-01
9.154590005350436988e-01,-1.273046039327743462e-01,-3.598915030594884157e-01,-1.273046039327744294e-01
9.154590005350436988e-01,-1.511508084368975990e-01,-3.729453732763701734e-01,-9.090549120073269580e-17
9.154590005350436988e-01,-1.273046039327744294e-01,-3.598915030594884157e-01,1.273046039327742907e-01
9.154590005350435877e-01,-1.242410063188076202e-01,-2.706464397403642308e-01,2.706464397403639532e-01
8.076212350960507713e-01,-1.278070786945742499e-01,-2.784147669694682081e-01,5.038834277795064542e-01
6.521021260209003412e-01,-1.253309387692720933e-01,-2.730207471129134089e-01,6.960708618180633245e-01
4.428512232496732981e-01,-1.194843698072661359e-01,-2.602845892118493820e-01,8.496223938061233660e-01
1.684771990419556831e-01,-1.099153130923908872e-01,-2.394393690362417448e-01,9.498435902327843072e-01
1.684771990419552667e-01,-1.064897507797850779e-01,-1.064897507797851472e-01,-9.741331014603168414e-01
4.428512232496732981e-01,-1.160842538691287673e-01,-1.160842538691288506e-01,-8.814372842542818054e-01
6.521021260209003412e-01,-1.224017120925278840e-01,-1.224017120925279534e-01,-7.381046395956725181e-01
8.076212350960505493e-01,-1.262820949624768596e-01,-1.262820949624769429e-01,-5.620085458475749807e-01
9.154590005350435877e-01,-1.273046039327744017e-01,-1.273046039327745127e-01,-3.598915030594885822e-01
9.790009734659406160e-01,-1.176960689696708862e-01,-1.176960689696709556e-01,-1.176960689696710249e-01
9.790009734659407270e-01,-1.441476568535552394e-01,-1.441476568535552949e-01,-8.669363854033023296e-17
9.790009734659406160e-01,-1.176960689696709972e-01,-1.176960689696710388e-01,1.176960689696708445e-01
9.154590005350436988e-01,-1.273046039327744017e-01,-1.273046039327744572e-01,3.598915030594883047e-01
8.076212350960508823e-01,-1.262820949624768596e-01,-1.262820949624769429e-01,5.620085458475747586e-01
6.521021260209003412e-01,-1.224017120925278840e-01,-1.224017120925279534e-01,7.381046395956725181e-01
4.428512232496732981e-01,-1.160842538691287673e-01,-1.160842538691288506e-01,8.814372842542818054e-01
1.684771990419559329e-01,-1.064897507797851334e-01,-1.064897507797852028e-01,9.741331014603167304e-01
1.684771990419554610e-01,-1.254817191273998600e-01,-7.546752433514663482e-17,-9.776859268537160252e-01
4.428512232496732981e-01,-1.368422666516075359e-01,-8.230001278610000448e-17,-8.860908464282419850e-01
6.521021260209002302e-01,-1.443967158517078797e-01,-8.684342821594737549e-17,-7.442529178244873256e-01
8.076212350960507713e-01,-1.492169763677516636e-01,-8.974244115843778650e-17,-5.705105034840248779e-01
9.154590005350436988e-01,-1.511508084368975990e-01,-9.090549120073269580e-17,-3.729453732763701734e-01
9.790009734659407270e-01,-1.441476568535552394e-01,-8.669363854033023296e-17,-1.441476568535552949e-01
9.790009734659406160e-01,-2.038555713066008690e-01,-9.377550712637254915e-17,-9.437441999044664406e-16
9.790009734659406160e-01,-1.441476568535553504e-01,-8.669363854033024529e-17,1.441476568535551561e-01
9.154590005350436988e-01,-1.511508084368976546e-01,-9.090549120073272046e-17,3.729453732763701734e-01
8.076212350960507713e-01,-1.492169763677516081e-01,-8.974244115843776185e-17,5.705105034840246558e-01
6.521021260209002302e-01,-1.443967158517078797e-01,-8.684342821594737549e-17,7.442529178244873256e-01
4.428512232496732981e-01,-1.368422666516075359e-01,-8.230001278610000448e-17,8.860908464282419850e-01
1.684771990419560994e-01,-1.254817191273998600e-01,-7.546752433514664714e-17,9.776859268537159142e-01
1.684771990419552667e-01,-1.064897507797851472e-01,1.064897507797850085e-01,-9.741331014603168414e-01
4.428512232496732981e-01,-1.160842538691288506e-01,1.160842538691286979e-01,-8.814372842542818054e-01
6.521021260209003412e-01,-1.224017120925279534e-01,1.224017120925278007e-01,-7.381046395956725181e-01
8.076212350960505493e-01,-1.262820949624769429e-01,1.262820949624767763e-01,-5.620085458475749807e-01
9.154590005350436988e-01,-1.273046039327744294e-01,1.273046039327742907e-01,-3.598915030594884157e-01
9.790009734659406160e-01,-1.176960689696709972e-01,1.176960689696708445e-01,-1.176960689696710388e-01
9.790009734659406160e-01,-1.441476568535553504e-01,1.441476568535551561e-01,-8.669363854033024529e-17
9.790009734659406160e-01,-1.176960689696711360e-01,1.176960689696708445e-01,1.176960689696709139e-01
9.154590005350436988e-01,-1.273046039327744572e-01,1.273046039327742907e-01,3.598915030594883047e-01
8.076212350960508823e-01,-1.262820949624769429e-01,1.262820949624767763e-01,5.620085458475747586e-01
6.521021260209003412e-01,-1.224017120925279534e-01,1.224017120925278007e-01,7.381046395956725181e-01
4.428512232496732981e-01,-1.160842538691288506e-01,1.160842538691286979e-01,8.814372842542818054e-01
1.684771990419559329e-01,-1.064897507797852028e-01,1.064897507797850640e-01,9.741331014603167304e-01
1.684771990419554610e-01,-1.099153130923909288e-01,2.394393690362416893e-01,-9.498435902327844182e-01
4.428512232496732981e-01,-1.194843698072661914e-01,2.602845892118493820e-01,-8.496223938061233660e-01
6.521021260209003412e-01,-1.253309387692721211e-01,2.730207471129133534e-01,-6.960708618180633245e-01
8.076212350960505493e-01,-1.278070786945742776e-01,2.784147669694682081e-01,-5.038834277795068983e-01
9.154590005350435877e-01,-1.242410063188076202e-01,2.706464397403639532e-01,-2.706464397403642308e-01
9.154590005350436988e-01,-1.273046039327744017e-01,3.598915030594883047e-01,-1.273046039327744572e-01
9.154590005350436988e-01,-1.511508084368976546e-01,3.729453732763701734e-01,-9.090549120073272046e-17
9.154590005350436988e-01,-1.273046039327744572e-01,3.598915030594883047e-01,1.273046039327742907e-01
9.154590005350436988e-01,-1.242410063188075786e-01,2.706464397403638422e-01,2.706464397403639532e-01
8.076212350960508823e-01,-1.278070786945742776e-01,2.784147669694681526e-01,5.038834277795065653e-01
6.521021260209003412e-01,-1.253309387692721211e-01,2.730207471129133534e-01,6.960708618180633245e-01
4.428512232496732981e-01,-1.194843698072661914e-01,2.602845892118493820e-01,8.496223938061233660e-01
1.684771990419554610e-01,-1.099153130923909288e-01,2.394393690362416893e-01,9.498435902327844182e-01
1.684771990419552390e-01,-1.095595355138535426e-01,3.633993228708041756e-01,-9.096994414189817357e-01
4.428512232496732981e-01,-1.185263811796551103e-01,3.931415596186704775e-01,-7.970407800930405795e-01
6.521021260209003412e-01,-1.231889474592679362e-01,4.086068810158874354e-01,-6.266001254782576080e-01
8.076212350960506603e-01,-1.229510977798170118e-01,4.078179545928963257e-01,-4.078179545928966587e-01
8.076212350960507713e-01,-1.278070786945742499e-01,5.038834277795064542e-01,-2.784147669694682081e-01
8.076212350960507713e-01,-1.262820949624768874e-01,5.620085458475748696e-01,-1.262820949624769706e-01
8.076212350960507713e-01,-1.492169763677516081e-01,5.705105034840246558e-01,-8.974244115843776185e-17
8.076212350960508823e-01,-1.262820949624769429e-01,5.620085458475747586e-01,1.262820949624767763e-01
8.076212350960508823e-01,-1.278070786945742776e-01,5.038834277795065653e-01,2.784147669694681526e-01
8.076212350960507713e-01,-1.229510977798170257e-01,4.078179545928964367e-01,4.078179545928964922e-01
6.521021260209003412e-01,-1.231889474592679362e-01,4.086068810158874354e-01,6.266001254782576080e-01
4.428512232496732981e-01,-1.185263811796551103e-01,3.931415596186704775e-01,7.970407800930405795e-01
1.684771990419554610e-01,-1.095595355138535704e-01,3.633993228708042866e-01,9.096994414189815137e-01
1.684771990419552667e-01,-1.081999834853625969e-01,4.810072138546425680e-01,-8.535456971929147318e-01
4.428512232496732981e-01,-1.162201250044726381e-01,5.166610633522161766e-01,-7.234894762371946175e-01
6.521021260209003412e-01,-1.190911398807629196e-01,5.294242710912120398e-01,-5.294242710912120398e-01
6.521021260209003412e-01,-1.231889474592679362e-01,6.266001254782576080e-01,-4.086068810158874354e-01
6.521021260209003412e-01,-1.253309387692720933e-01,6.960708618180633245e-01,-2.730207471129134089e-01
6.521021260209003412e-01,-1.224017120925278840e-01,7.381046395956725181e-01,-1.224017120925279534e-01
6.521021260209002302e-01,-1.443967158517078797e-01,7.442529178244873256e-01,-8.684342821594737549e-17
6.521021260209003412e-01,-1.224017120925279534e-01,7.381046395956725181e-01,1.224017120925278007e-01
6.521021260209003412e-01,-1.253309387692721211e-01,6.960708618180633245e-01,2.730207471129133534e-01
6.521021260209003412e-01,-1.231889474592679362e-01,6.266001254782576080e-01,4.086068810158874354e-01
6.521021260209003412e-01,-1.190911398807629196e-01,5.294242710912120398e-01,5.294242710912120398e-01
4.428512232496732981e-01,-1.162201250044726381e-01,5.166610633522161766e-01,7.234894762371946175e-01
1.684771990419556831e-01,-1.081999834853626385e-01,4.810072138546427345e-01,8.535456971929145098e-01
1.684771990419552390e-01,-1.061810712461371403e-01,5.914518523897244195e-01,-7.813614527328335280e-01
4.428512232496730761e-01,-1.129113714858884926e-01,6.289411006825058603e-01,-6.289411006825059713e-01
4.428512232496732981e-01,-1.162201250044726381e-01,7.234894762371946175e-01,-5.166610633522161766e-01
4.428512232496732981e-01,-1.185263811796551381e-01,7.970407800930404685e-01,-3.931415596186706440e-01
4.428512232496732981e-01,-1.194843698072661359e-01,8.496223938061233660e-01,-2.602845892118493820e-01
4.428512232496732981e-01,-1.160842538691287673e-01,8.814372842542818054e-01,-1.160842538691288506e-01
4.428512232496732981e-01,-1.368422666516075359e-01,8.860908464282419850e-01,-8.230001278610000448e-17
4.428512232496732981e-01,-1.160842538691288506e-01,8.814372842542818054e-01,1.160842538691286979e-01
4.428512232496732981e-01,-1.194843698072661914e-01,8.496223938061233660e-01,2.602845892118493820e-01
4.428512232496732981e-01,-1.185263811796551103e-01,7.970407800930405795e-01,3.931415596186704775e-01
4.428512232496732981e-01,-1.162201250044726381e-01,7.234894762371946175e-01,5.166610633522161766e-01
4.428512232496730761e-01,-1.129113714858884926e-01,6.289411006825058603e-01,6.289411006825059713e-01
1.684771990419554610e-01,-1.061810712461371681e-01,5.914518523897245306e-01,7.813614527328331949e-01
1.684771990419552112e-01,-1.035632506754564780e-01,6.931414309188671519e-01,-6.931414309188675960e-01
1.684771990419554610e-01,-1.061810712461371681e-01,7.813614527328331949e-01,-5.914518523897245306e-01
1.684771990419556831e-01,-1.081999834853626385e-01,8.535456971929145098e-01,-4.810072138546427345e-01
1.684771990419559051e-01,-1.095595355138535704e-01,9.096994414189814027e-01,-3.633993228708043977e-01
1.684771990419554888e-01,-1.099153130923909011e-01,9.498435902327843072e-01,-2.394393690362417448e-01
1.684771990419559329e-01,-1.064897507797851334e-01,9.741331014603167304e-01,-1.064897507797852028e-01
1.684771990419560994e-01,-1.254817191273998600e-01,9.776859268537159142e-01,-7.546752433514664714e-17
1.684771990419559329e-01,-1.064897507797852028e-01,9.741331014603167304e-01,1.064897507797850640e-01
1.684771990419552390e-01,-1.099153130923909288e-01,9.498435902327844182e-01,2.394393690362416893e-01
1.684771990419554610e-01,-1.095595355138535704e-01,9.096994414189815137e-01,3.633993228708042866e-01
1.684771990419556831e-01,-1.081999834853626385e-01,8.535456971929145098e-01,4.810072138546427345e-01
1.684771990419554610e-01,-1.061810712461371681e-01,7.813614527328331949e-01,5.914518523897245306e-01
1.684771990419552667e-01,-1.035632506754565474e-01,6.931414309188673739e-01,6.931414309188674849e-01
1.684771990419547949e-01,-6.986515028231858837e-17,-6.969990794122247202e-01,-6.969990794122248312e-01
1.684771990419547949e-01,-7.167309933646920891e-17,-7.852149457509792763e-01,-5.958631742038303925e-01
1.684771990419547949e-01,-7.311908739370381274e-17,-8.573915636645055294e-01,-4.863076597791893274e-01
1.684771990419552667e-01,-7.422427192198717708e-17,-9.135289331528038126e-01,-3.702435977781083909e-01
1.684771990419552390e-01,-7.500371971894714546e-17,-9.536270542158739039e-01,-2.494210794430417599e-01
1.684771990419554610e-01,-7.546752433514663482e-17,-9.776859268537160252e-01,-1.254817191273998600e-01
1.684771990419554610e-01,-7.557232581877164008e-17,-9.857055510663300657e-01,-7.605498103960520919e-16
1.684771990419554610e-01,-7.546752433514664714e-17,-9.776859268537160252e-01,1.254817191273997767e-01
1.684771990419550447e-01,-7.500371971894715779e-17,-9.536270542158740149e-01,2.494210794430416767e-01
1.684771990419552667e-01,-7.422427192198718941e-17,-9.135289331528038126e-01,3.702435977781083909e-01
1.684771990419547949e-01,-7.311908739370381274e-17,-8.573915636645055294e-01,4.863076597791893274e-01
1.684771990419547949e-01,-7.167309933646920891e-17,-7.852149457509792763e-01,5.958631742038303925e-01
1.684771990419541288e-01,-6.986515028231855139e-17,-6.969990794122250533e-01,6.969990794122246092e-01
1.684771990419547949e-01,-7.167309933646920891e-17,-5.958631742038303925e-01,-7.852149457509792763e-01
4.428512232496729095e-01,-7.625898278871656245e-17,-6.339884833600165637e-01,-6.339884833600170078e-01
4.428512232496729650e-01,-7.857881282001652916e-17,-7.285268695106014158e-01,-5.226197417504926390e-01
4.428512232496730761e-01,-8.033682564709291937e-17,-8.020567254055004369e-01,-4.007340805298122977e-01
4.428512232496730761e-01,-8.156935483693873333e-17,-8.545780510447139600e-01,-2.712547672187283765e-01
4.428512232496733536e-01,-8.230001278610001681e-17,-8.860908464282420960e-01,-1.368422666516075636e-01
4.428512232496734646e-01,-8.248846056480181863e-17,-8.965951115560846230e-01,-8.301528682982376672e-16
4.428512232496733536e-01,-8.230001278610001681e-17,-8.860908464282420960e-01,1.368422666516074526e-01
4.428512232496730761e-01,-8.156935483693873333e-17,-8.545780510447139600e-01,2.712547672187283210e-01
4.428512232496730761e-01,-8.033682564709294402e-17,-8.020567254055004369e-01,4.007340805298122977e-01
4.428512232496729650e-01,-7.857881282001652916e-17,-7.285268695106014158e-01,5.226197417504926390e-01
4.428512232496729095e-01,-7.625898278871656245e-17,-6.339884833600165637e-01,6.339884833600170078e-01
1.684771990419552390e-01,-7.167309933646923356e-17,-5.958631742038305035e-01,7.852149457509791652e-01
1.684771990419547949e-01,-7.311908739370381274e-17,-4.863076597791893274e-01,-8.573915636645055294e-01
4.428512232496729650e-01,-7.857881282001652916e-17,-5.226197417504926390e-01,-7.285268695106014158e-01
6.521021260208998971e-01,-8.060258805695158445e-17,-5.360796662992461936e-01,-5.360796662992461936e-01
6.521021260209001191e-01,-8.357299595041367582e-17,-6.332271836776921514e-01,-4.168766617245928119e-01
6.521021260209001191e-01,-8.563165454278253851e-17,-7.026182675194391214e-01,-2.847637395930245896e-01
6.521021260209002302e-01,-8.684342821594737549e-17,-7.442529178244873256e-01,-1.443967158517078797e-01
6.521021260209002302e-01,-8.718688819621367715e-17,-7.581311345928367640e-01,-8.774372175029867489e-16
6.521021260209003412e-01,-8.684342821594736316e-17,-7.442529178244872146e-01,1.443967158517077687e-01
6.521021260209001191e-01,-8.563165454278253851e-17,-7.026182675194391214e-01,2.847637395930245341e-01
6.521021260209000081e-01,-8.357299595041368815e-17,-6.332271836776921514e-01,4.168766617245929229e-01
6.521021260208998971e-01,-8.060258805695158445e-17,-5.360796662992461936e-01,5.360796662992461936e-01
4.428512232496729650e-01,-7.857881282001652916e-17,-5.226197417504926390e-01,7.285268695106014158e-01
1.684771990419554610e-01,-7.311908739370383740e-17,-4.863076597791894384e-01,8.573915636645054184e-01
1.684771990419552667e-01,-7.422427192198717708e-17,-3.702435977781083909e-01,-9.135289331528038126e-01
4.428512232496730761e-01,-8.033682564709291937e-17,-4.007340805298122977e-01,-8.020567254055004369e-01
6.521021260209001191e-01,-8.357299595041367582e-17,-4.168766617245928119e-01,-6.332271836776921514e-01
8.076212350960505493e-01,-8.359410922192592263e-17,-4.169819784007036123e-01,-4.169819784007037788e-01
8.076212350960505493e-01,-8.748746625603019362e-17,-5.129373065777795837e-01,-2.909351476577948237e-01
8.076212350960507713e-01,-8.974244115843778650e-17,-5.705105034840248779e-01,-1.492169763677516636e-01
8.076212350960507713e-01,-9.042278207548882905e-17,-5.897015691194400500e-01,-9.100028220371953049e-16
8.076212350960507713e-01,-8.974244115843776185e-17,-5.705105034840248779e-01,1.492169763677514971e-01
8.076212350960505493e-01,-8.748746625603019362e-17,-5.129373065777795837e-01,2.909351476577946571e-01
8.076212350960505493e-01,-8.359410922192595961e-17,-4.169819784007039454e-01,4.169819784007036678e-01
6.521021260209001191e-01,-8.357299595041367582e-17,-4.168766617245928119e-01,6.332271836776921514e-01
4.428512232496730761e-01,-8.033682564709291937e-17,-4.007340805298122977e-01,8.020567254055004369e-01
1.684771990419556831e-01,-7.422427192198720173e-17,-3.702435977781085574e-01,9.135289331528035905e-01
1.684771990419552390e-01,-7.500371971894714546e-17,-2.494210794430417599e-01,-9.536270542158739039e-01
4.428512232496730761e-01,-8.156935483693873333e-17,-2.712547672187283765e-01,-8.545780510447139600e-01
6.521021260209001191e-01,-8.563165454278253851e-17,-2.847637395930245896e-01,-7.026182675194391214e-01
8.076212350960505493e-01,-8.748746625603019362e-17,-2.909351476577948237e-01,-5.129373065777795837e-01
9.154590005350435877e-01,-8.556669725103507289e-17,-2.845477274020818403e-01,-2.845477274020819514e-01
9.154590005350436988e-01,-9.090549120073269580e-17,-3.729453732763701734e-01,-1.511508084368975990e-01
9.154590005350435877e-01,-9.255650775473885943e-17,-4.024112552344666360e-01,-9.314763527669812640e-16
9.154590005350436988e-01,-9.090549120073269580e-17,-3.729453732763702845e-01,1.511508084368975435e-01
9.154590005350435877e-01,-8.556669725103510987e-17,-2.845477274020820624e-01,2.845477274020817848e-01
8.076212350960507713e-01,-8.748746625603021827e-17,-2.909351476577948792e-01,5.129373065777793617e-01
6.521021260209001191e-01,-8.563165454278253851e-17,-2.847637395930245896e-01,7.026182675194391214e-01
4.428512232496730761e-01,-8.156935483693873333e-17,-2.712547672187283765e-01,8.545780510447139600e-01
1.684771990419560994e-01,-7.500371971894715779e-17,-2.494210794430417322e-01,9.536270542158739039e-01
1.684771990419554610e-01,-7.546752433514663482e-17,-1.254817191273998600e-01,-9.776859268537160252e-01
4.428512232496732981e-01,-8.230001278610000448e-17,-1.368422666516075359e-01,-8.860908464282419850e-01
6.521021260209002302e-01,-8.684342821594737549e-17,-1.443967158517078797e-01,-7.442529178244873256e-01
8.076212350960507713e-01,-8.974244115843778650e-17,-1.492169763677516636e-01,-5.705105034840248779e-01
9.154590005350436988e-01,-9.090549120073269580e-17,-1.511508084368975990e-01,-3.729453732763701734e-01
9.790009734659407270e-01,-8.669363854033023296e-17,-1.441476568535552394e-01,-1.441476568535552949e-01
9.790009734659406160e-01,-9.377550712637254915e-17,-2.038555713066008690e-01,-9.437441999044664406e-16
9.790009734659406160e-01,-8.669363854033024529e-17,-1.441476568535553504e-01,1.441476568535551561e-01
9.154590005350436988e-01,-9.090549120073272046e-17,-1.511508084368976546e-01,3.729453732763701734e-01
8.076212350960507713e-01,-8.974244115843776185e-17,-1.492169763677516081e-01,5.705105034840246558e-01
6.521021260209002302e-01,-8.684342821594737549e-17,-1.443967158517078797e-01,7.442529178244873256e-01
4.428512232496732981e-01,-8.230001278610000448e-17,-1.368422666516075359e-01,8.860908464282419850e-01
1.684771990419560994e-01,-7.546752433514664714e-17,-1.254817191273998600e-01,9.776859268537159142e-01
1.684771990419554610e-01,-7.557232581877164008e-17,-7.605498103960520919e-16,-9.857055510663300657e-01
4.428512232496734646e-01,-8.248846056480181863e-17,-8.301528682982376672e-16,-8.965951115560846230e-01
6.521021260209002302e-01,-8.718688819621367715e-17,-8.774372175029867489e-16,-7.581311345928367640e-01
8.076212350960507713e-01,-9.042278207548882905e-17,-9.100028220371953049e-16,-5.897015691194400500e-01
9.154590005350435877e-01,-9.255650775473885943e-17,-9.314763527669812640e-16,-4.024112552344666360e-01
9.790009734659406160e-01,-9.377550712637254915e-17,-9.437441999044664406e-16,-2.038555713066008690e-01
1.000000000000000000e+00,0.000000000000000000e+00,0.000000000000000000e+00,0.000000000000000000e+00
9.790009734659406160e-01,-9.377550712637264776e-17,-9.437441999044672294e-16,2.038555713066008690e-01
9.154590005350436988e-01,-9.255650775473885943e-17,-9.314763527669810668e-16,4.024112552344663585e-01
8.076212350960507713e-01,-9.042278207548885370e-17,-9.100028220371953049e-16,5.897015691194400500e-01
6.521021260209002302e-01,-8.718688819621367715e-17,-8.774372175029867489e-16,7.581311345928367640e-01
4.428512232496734646e-01,-8.248846056480181863e-17,-8.301528682982376672e-16,8.965951115560846230e-01
1.684771990419559051e-01,-7.557232581877165240e-17,-7.605498103960521905e-16,9.857055510663299547e-01
1.684771990419554610e-01,-7.546752433514664714e-17,1.254817191273997767e-01,-9.776859268537160252e-01
4.428512232496733536e-01,-8.230001278610001681e-17,1.368422666516074526e-01,-8.860908464282420960e-01
6.521021260209003412e-01,-8.684342821594736316e-17,1.443967158517077687e-01,-7.442529178244872146e-01
8.076212350960507713e-01,-8.974244115843776185e-17,1.492169763677514971e-01,-5.705105034840248779e-01
9.154590005350436988e-01,-9.090549120073269580e-17,1.511508084368975435e-01,-3.729453732763702845e-01
9.790009734659406160e-01,-8.669363854033024529e-17,1.441476568535551561e-01,-1.441476568535553504e-01
9.790009734659406160e-01,-9.377550712637264776e-17,2.038555713066008690e-01,-9.437441999044672294e-16
9.790009734659406160e-01,-8.669363854033028227e-17,1.441476568535552116e-01,1.441476568535553227e-01
9.154590005350436988e-01,-9.090549120073269580e-17,1.511508084368975435e-01,3.729453732763701734e-01
8.076212350960507713e-01,-8.974244115843778650e-17,1.492169763677515804e-01,5.705105034840248779e-01
6.521021260209003412e-01,-8.684342821594736316e-17,1.443967158517077687e-01,7.442529178244872146e-01
4.428512232496733536e-01,-8.230001278610001681e-17,1.368422666516074526e-01,8.860908464282420960e-01
1.684771990419560994e-01,-7.546752433514664714e-17,1.254817191273998045e-01,9.776859268537159142e-01
1.684771990419550447e-01,-7.500371971894715779e-17,2.494210794430416767e-01,-9.536270542158740149e-01
4.428512232496730761e-01,-8.156935483693873333e-17,2.712547672187283210e-01,-8.545780510447139600e-01
6.521021260209001191e-01,-8.563165454278253851e-17,2.847637395930245341e-01,-7.026182675194391214e-01
8.076212350960505493e-01,-8.748746625603019362e-17,2.909351476577946571e-01,-5.129373065777795837e-01
9.154590005350435877e-01,-8.556669725103510987e-17,2.845477274020817848e-01,-2.845477274020820624e-01
9.154590005350436988e-01,-9.090549120073272046e-17,3.729453732763701734e-01,-1.511508084368976546e-01
9.154590005350436988e-01,-9.255650775473885943e-17,4.024112552344663585e-01,-9.314763527669810668e-16
9.154590005350436988e-01,-9.090549120073269580e-17,3.729453732763701734e-01,1.511508084368975435e-01
9.154590005350436988e-01,-8.556669725103506057e-17,2.845477274020817293e-01,2.845477274020817848e-01
8.076212350960506603e-01,-8.748746625603020595e-17,2.909351476577947682e-01,5.129373065777793617e-01
6.521021260209001191e-01,-8.563165454278253851e-17,2.847637395930245341e-01,7.026182675194391214e-01
4.428512232496730761e-01,-8.156935483693873333e-17,2.712547672187283210e-01,8.545780510447139600e-01
1.684771990419554888e-01,-7.500371971894714546e-17,2.494210794430416767e-01,9.536270542158739039e-01
1.684771990419552667e-01,-7.422427192198718941e-17,3.702435977781083909e-01,-9.135289331528038126e-01
4.428512232496730761e-01,-8.033682564709294402e-17,4.007340805298122977e-01,-8.020567254055004369e-01
6.521021260209000081e-01,-8.357299595041368815e-17,4.168766617245929229e-01,-6.332271836776921514e-01
8.076212350960505493e-01,-8.359410922192595961e-17,4.169819784007036678e-01,-4.169819784007039454e-01
8.076212350960507713e-01,-8.748746625603021827e-17,5.129373065777793617e-01,-2.909351476577948792e-01
8.076212350960507713e-01,-8.974244115843776185e-17,5.705105034840246558e-01,-1.492169763677516081e-01
8.076212350960507713e-01,-9.042278207548885370e-17,5.897015691194400500e-01,-9.100028220371953049e-16
8.076212350960507713e-01,-8.974244115843778650e-17,5.705105034840248779e-01,1.492169763677515804e-01
8.076212350960506603e-01,-8.748746625603020595e-17,5.129373065777793617e-01,2.909351476577947682e-01
8.076212350960505493e-01,-8.359410922192595961e-17,4.169819784007036678e-01,4.169819784007037233e-01
6.521021260209000081e-01,-8.357299595041368815e-17,4.168766617245929229e-01,6.332271836776921514e-01
4.428512232496730761e-01,-8.033682564709294402e-17,4.007340805298122977e-01,8.020567254055004369e-01
1.684771990419559051e-01,-7.422427192198720173e-17,3.702435977781085019e-01,9.135289331528035905e-01
1.684771990419547949e-01,-7.311908739370381274e-17,4.863076597791893274e-01,-8.573915636645055294e-01
4.428512232496729650e-01,-7.857881282001652916e-17,5.226197417504926390e-01,-7.285268695106014158e-01
6.521021260208998971e-01,-8.060258805695158445e-17,5.360796662992461936e-01,-5.360796662992461936e-01
6.521021260209001191e-01,-8.357299595041367582e-17,6.332271836776921514e-01,-4.168766617245928119e-01
6.521021260209001191e-01,-8.563165454278253851e-17,7.026182675194391214e-01,-2.847637395930245896e-01
6.521021260209002302e-01,-8.684342821594737549e-17,7.442529178244873256e-01,-1.443967158517078797e-01
6.521021260209002302e-01,-8.718688819621367715e-17,7.581311345928367640e-01,-8.774372175029867489e-16
6.521021260209003412e-01,-8.684342821594736316e-17,7.442529178244872146e-01,1.443967158517077687e-01
6.521021260209001191e-01,-8.563165454278253851e-17,7.026182675194391214e-01,2.847637395930245341e-01
6.521021260209000081e-01,-8.357299595041368815e-17,6.332271836776921514e-01,4.168766617245929229e-01
6.521021260208998971e-01,-8.060258805695158445e-17,5.360796662992461936e-01,5.360796662992461936e-01
4.428512232496729650e-01,-7.857881282001652916e-17,5.226197417504926390e-01,7.285268695106014158e-01
1.684771990419554610e-01,-7.311908739370383740e-17,4.863076597791894384e-01,8.573915636645054184e-01
1.684771990419547949e-01,-7.167309933646920891e-17,5.958631742038303925e-01,-7.852149457509792763e-01
4.428512232496729095e-01,-7.625898278871656245e-17,6.339884833600165637e-01,-6.339884833600170078e-01
4.428512232496729650e-01,-7.857881282001652916e-17,7.285268695106014158e-01,-5.226197417504926390e-01
4.428512232496730761e-01,-8.033682564709291937e-17,8.020567254055004369e-01,-4.007340805298122977e-01
4.428512232496730761e-01,-8.156935483693873333e-17,8.545780510447139600e-01,-2.712547672187283765e-01
4.428512232496733536e-01,-8.230001278610001681e-17,8.860908464282420960e-01,-1.368422666516075636e-01
4.428512232496734646e-01,-8.248846056480181863e-17,8.965951115560846230e-01,-8.301528682982376672e-16
4.428512232496733536e-01,-8.230001278610001681e-17,8.860908464282420960e-01,1.368422666516074526e-01
4.428512232496730761e-01,-8.156935483693873333e-17,8.545780510447139600e-01,2.712547672187283210e-01
4.428512232496730761e-01,-8.033682564709294402e-17,8.020567254055004369e-01,4.007340805298122977e-01
4.428512232496729650e-01,-7.857881282001652916e-17,7.285268695106014158e-01,5.226197417504926390e-01
4.428512232496729095e-01,-7.625898278871656245e-17,6.339884833600165637e-01,6.339884833600170078e-01
1.684771990419552390e-01,-7.167309933646923356e-17,5.958631742038305035e-01,7.852149457509791652e-01
1.684771990419541288e-01,-6.986515028231855139e-17,6.969990794122246092e-01,-6.969990794122250533e-01
1.684771990419552390e-01,-7.167309933646923356e-17,7.852149457509791652e-01,-5.958631742038305035e-01
1.684771990419554610e-01,-7.311908739370383740e-17,8.573915636645054184e-01,-4.863076597791894384e-01
1.684771990419556831e-01,-7.422427192198720173e-17,9.135289331528035905e-01,-3.702435977781085574e-01
1.684771990419560717e-01,-7.500371971894714546e-17,9.536270542158736818e-01,-2.494210794430416767e-01
1.684771990419560994e-01,-7.546752433514664714e-17,9.776859268537159142e-01,-1.254817191273998600e-01
1.684771990419559051e-01,-7.557232581877165240e-17,9.857055510663299547e-01,-7.605498103960521905e-16
1.684771990419560994e-01,-7.546752433514664714e-17,9.776859268537159142e-01,1.254817191273998045e-01
1.684771990419554888e-01,-7.500371971894714546e-17,9.536270542158739039e-01,2.494210794430416767e-01
1.684771990419559051e-01,-7.422427192198720173e-17,9.135289331528035905e-01,3.702435977781085019e-01
1.684771990419554610e-01,-7.311908739370383740e-17,8.573915636645054184e-01,4.863076597791894384e-01
1.684771990419552390e-01,-7.167309933646923356e-17,7.852149457509791652e-01,5.958631742038305035e-01
1.684771990419552390e-01,-6.986515028231857605e-17,6.969990794122246092e-01,6.969990794122248312e-01
1.684771990419552390e-01,1.035632506754564364e-01,-6.931414309188673739e-01,-6.931414309188674849e-01
1.684771990419552390e-01,1.061810712461370848e-01,-7.813614527328335280e-01,-5.914518523897244195e-01
1.684771990419552390e-01,1.081999834853625414e-01,-8.535456971929147318e-01,-4.810072138546426235e-01
1.684771990419552390e-01,1.095595355138534593e-01,-9.096994414189817357e-01,-3.633993228708041756e-01
1.684771990419554888e-01,1.099153130923908317e-01,-9.498435902327843072e-01,-2.394393690362417448e-01
1.684771990419552667e-01,1.064897507797850085e-01,-9.741331014603168414e-01,-1.064897507797851472e-01
1.684771990419554610e-01,1.254817191273997767e-01,-9.776859268537160252e-01,-7.546752433514664714e-17
1.684771990419552390e-01,1.064897507797850223e-01,-9.741331014603169525e-01,1.064897507797850917e-01
1.684771990419552390e-01,1.099153130923908317e-01,-9.498435902327844182e-01,2.394393690362416893e-01
1.684771990419552390e-01,1.095595355138534593e-01,-9.096994414189817357e-01,3.633993228708041756e-01
1.684771990419552390e-01,1.081999834853625414e-01,-8.535456971929147318e-01,4.810072138546426235e-01
1.684771990419552390e-01,1.061810712461370848e-01,-7.813614527328335280e-01,5.914518523897244195e-01
1.684771990419552112e-01,1.035632506754564364e-01,-6.931414309188675960e-01,6.931414309188671519e-01
1.684771990419552390e-01,1.061810712461370848e-01,-5.914518523897244195e-01,-7.813614527328335280e-01
4.428512232496732981e-01,1.129113714858884232e-01,-6.289411006825057493e-01,-6.289411006825058603e-01
4.428512232496732981e-01,1.162201250044725548e-01,-7.234894762371946175e-01,-5.166610633522161766e-01
4.428512232496732981e-01,1.185263811796550548e-01,-7.970407800930404685e-01,-3.931415596186706440e-01
4.428512232496732981e-01,1.194843698072660665e-01,-8.496223938061233660e-01,-2.602845892118493820e-01
4.428512232496732981e-01,1.160842538691286979e-01,-8.814372842542818054e-01,-1.160842538691288506e-01
4.428512232496733536e-01,1.368422666516074526e-01,-8.860908464282420960e-01,-8.230001278610001681e-17
4.428512232496734646e-01,1.160842538691286840e-01,-8.814372842542816944e-01,1.160842538691287534e-01
4.428512232496732981e-01,1.194843698072661081e-01,-8.496223938061233660e-01,2.602845892118493820e-01
4.428512232496732981e-01,1.185263811796550271e-01,-7.970407800930405795e-01,3.931415596186704775e-01
4.428512232496732981e-01,1.162201250044725548e-01,-7.234894762371946175e-01,5.166610633522161766e-01
4.428512232496732981e-01,1.129113714858884232e-01,-6.289411006825057493e-01,6.289411006825058603e-01
1.684771990419554610e-01,1.061810712461370987e-01,-5.914518523897245306e-01,7.813614527328331949e-01
1.684771990419552667e-01,1.081999834853625275e-01,-4.810072138546425680e-01,-8.535456971929147318e-01
4.428512232496732981e-01,1.162201250044725548e-01,-5.166610633522161766e-01,-7.234894762371946175e-01
6.521021260209003412e-01,1.190911398807628363e-01,-5.294242710912120398e-01,-5.294242710912120398e-01
6.521021260209003412e-01,1.231889474592678113e-01,-6.266001254782574970e-01,-4.086068810158873243e-01
6.521021260209003412e-01,1.253309387692720100e-01,-6.960708618180633245e-01,-2.730207471129134089e-01
6.521021260209003412e-01,1.224017120925278007e-01,-7.381046395956725181e-01,-1.224017120925279534e-01
6.521021260209003412e-01,1.443967158517077687e-01,-7.442529178244872146e-01,-8.684342821594736316e-17
6.521021260209002302e-01,1.224017120925278007e-01,-7.381046395956726291e-01,1.224017120925278562e-01
6.521021260209003412e-01,1.253309387692720378e-01,-6.960708618180633245e-01,2.730207471129133534e-01
6.521021260209003412e-01,1.231889474592678113e-01,-6.266001254782574970e-01,4.086068810158873243e-01
6.521021260209003412e-01,1.190911398807628363e-01,-5.294242710912120398e-01,5.294242710912120398e-01
4.428512232496732981e-01,1.162201250044725548e-01,-5.166610633522161766e-01,7.234894762371946175e-01
1.684771990419556831e-01,1.081999834853625692e-01,-4.810072138546427345e-01,8.535456971929145098e-01
1.684771990419552390e-01,1.095595355138534593e-01,-3.633993228708041756e-01,-9.096994414189817357e-01
4.428512232496732981e-01,1.185263811796550548e-01,-3.931415596186706440e-01,-7.970407800930404685e-01
6.521021260209003412e-01,1.231889474592678113e-01,-4.086068810158873243e-01,-6.266001254782574970e-01
8.076212350960507713e-01,1.229510977798169286e-01,-4.078179545928963812e-01,-4.078179545928966032e-01
8.076212350960507713e-01,1.278070786945741666e-01,-5.038834277795067873e-01,-2.784147669694682081e-01
8.076212350960505493e-01,1.262820949624767763e-01,-5.620085458475749807e-01,-1.262820949624769429e-01
8.076212350960507713e-01,1.492169763677514971e-01,-5.705105034840248779e-01,-8.974244115843776185e-17
8.076212350960505493e-01,1.262820949624767763e-01,-5.620085458475749807e-01,1.262820949624768596e-01
8.076212350960505493e-01,1.278070786945741943e-01,-5.038834277795068983e-01,2.784147669694682081e-01
8.076212350960506603e-01,1.229510977798169286e-01,-4.078179545928966587e-01,4.078179545928963257e-01
6.521021260209003412e-01,1.231889474592678113e-01,-4.086068810158873243e-01,6.266001254782574970e-01
4.428512232496732981e-01,1.185263811796550548e-01,-3.931415596186706440e-01,7.970407800930404685e-01
1.684771990419559051e-01,1.095595355138535010e-01,-3.633993228708043977e-01,9.096994414189814027e-01
1.684771990419556831e-01,1.099153130923908178e-01,-2.394393690362417448e-01,-9.498435902327843072e-01
4.428512232496734646e-01,1.194843698072660526e-01,-2.602845892118493820e-01,-8.496223938061232550e-01
6.521021260209003412e-01,1.253309387692720100e-01,-2.730207471129134089e-01,-6.960708618180633245e-01
8.076212350960507713e-01,1.278070786945741666e-01,-2.784147669694682081e-01,-5.038834277795067873e-01
9.154590005350436988e-01,1.242410063188074676e-01,-2.706464397403637867e-01,-2.706464397403640088e-01
9.154590005350436988e-01,1.273046039327742907e-01,-3.598915030594884157e-01,-1.273046039327744294e-01
9.154590005350436988e-01,1.511508084368975435e-01,-3.729453732763702845e-01,-9.090549120073269580e-17
9.154590005350435877e-01,1.273046039327743739e-01,-3.598915030594886377e-01,1.273046039327744572e-01
9.154590005350435877e-01,1.242410063188075786e-01,-2.706464397403642308e-01,2.706464397403639532e-01
8.076212350960507713e-01,1.278070786945741666e-01,-2.784147669694682081e-01,5.038834277795064542e-01
6.521021260209003412e-01,1.253309387692720100e-01,-2.730207471129134089e-01,6.960708618180633245e-01
4.428512232496734646e-01,1.194843698072660526e-01,-2.602845892118493820e-01,8.496223938061232550e-01
1.684771990419556831e-01,1.099153130923908178e-01,-2.394393690362417448e-01,9.498435902327843072e-01
1.684771990419552667e-01,1.064897507797850085e-01,-1.064897507797851472e-01,-9.741331014603168414e-01
4.428512232496732981e-01,1.160842538691286979e-01,-1.160842538691288506e-01,-8.814372842542818054e-01
6.521021260209003412e-01,1.224017120925278007e-01,-1.224017120925279534e-01,-7.381046395956725181e-01
8.076212350960505493e-01,1.262820949624767763e-01,-1.262820949624769429e-01,-5.620085458475749807e-01
9.154590005350436988e-01,1.273046039327742907e-01,-1.273046039327744294e-01,-3.598915030594884157e-01
9.790009734659406160e-01,1.176960689696708445e-01,-1.176960689696709972e-01,-1.176960689696710388e-01
9.790009734659406160e-01,1.441476568535551561e-01,-1.441476568535553504e-01,-8.669363854033024529e-17
9.790009734659406160e-01,1.176960689696708445e-01,-1.176960689696711360e-01,1.176960689696709139e-01
9.154590005350436988e-01,1.273046039327742907e-01,-1.273046039327744572e-01,3.598915030594883047e-01
8.076212350960508823e-01,1.262820949624767763e-01,-1.262820949624769429e-01,5.620085458475747586e-01
6.521021260209003412e-01,1.224017120925278007e-01,-1.224017120925279534e-01,7.381046395956725181e-01
4.428512232496732981e-01,1.160842538691286979e-01,-1.160842538691288506e-01,8.814372842542818054e-01
1.684771990419559329e-01,1.064897507797850640e-01,-1.064897507797852028e-01,9.741331014603167304e-01
1.684771990419554610e-01,1.254817191273997767e-01,-7.546752433514664714e-17,-9.776859268537160252e-01
4.428512232496733536e-01,1.368422666516074526e-01,-8.230001278610001681e-17,-8.860908464282420960e-01
6.521021260209003412e-01,1.443967158517077687e-01,-8.684342821594736316e-17,-7.442529178244872146e-01
8.076212350960507713e-01,1.492169763677514971e-01,-8.974244115843776185e-17,-5.705105034840248779e-01
9.154590005350436988e-01,1.511508084368975435e-01,-9.090549120073269580e-17,-3.729453732763702845e-01
9.790009734659406160e-01,1.441476568535551561e-01,-8.669363854033024529e-17,-1.441476568535553504e-01
9.790009734659406160e-01,2.038555713066008690e-01,-9.377550712637264776e-17,-9.437441999044672294e-16
9.790009734659406160e-01,1.441476568535552116e-01,-8.669363854033028227e-17,1.441476568535553227e-01
9.154590005350436988e-01,1.511508084368975435e-01,-9.090549120073269580e-17,3.729453732763701734e-01
8.076212350960507713e-01,1.492169763677515804e-01,-8.974244115843778650e-17,5.705105034840248779e-01
6.521021260209003412e-01,1.443967158517077687e-01,-8.684342821594736316e-17,7.442529178244872146e-01
4.428512232496733536e-01,1.368422666516074526e-01,-8.230001278610001681e-17,8.860908464282420960e-01
1.684771990419560994e-01,1.254817191273998045e-01,-7.546752433514664714e-17,9.776859268537159142e-01
1.684771990419552667e-01,1.064897507797850085e-01,1.064897507797850779e-01,-9.741331014603168414e-01
4.428512232496732981e-01,1.160842538691286979e-01,1.160842538691287673e-01,-8.814372842542818054e-01
6.521021260209003412e-01,1.224017120925277868e-01,1.224017120925278423e-01,-7.381046395956725181e-01
8.076212350960505493e-01,1.262820949624767763e-01,1.262820949624768596e-01,-5.620085458475749807e-01
9.154590005350435877e-01,1.273046039327743739e-01,1.273046039327744572e-01,-3.598915030594886377e-01
9.790009734659406160e-01,1.176960689696708445e-01,1.176960689696709139e-01,-1.176960689696711360e-01
9.790009734659406160e-01,1.441476568535552116e-01,1.441476568535553227e-01,-8.669363854033028227e-17
9.790009734659406160e-01,1.176960689696709139e-01,1.176960689696709833e-01,1.176960689696710249e-01
9.154590005350436988e-01,1.273046039327742907e-01,1.273046039327744017e-01,3.598915030594884157e-01
8.076212350960508823e-01,1.262820949624767763e-01,1.262820949624768596e-01,5.620085458475747586e-01
6.521021260209003412e-01,1.224017120925277868e-01,1.224017120925278423e-01,7.381046395956725181e-01
4.428512232496732981e-01,1.160842538691286979e-01,1.160842538691287673e-01,8.814372842542818054e-01
1.684771990419559329e-01,1.064897507797850640e-01,1.064897507797851334e-01,9.741331014603167304e-01
1.684771990419554610e-01,1.099153130923908317e-01,2.394393690362416893e-01,-9.498435902327844182e-01
4.428512232496732981e-01,1.194843698072661081e-01,2.602845892118493820e-01,-8.496223938061233660e-01
6.521021260209003412e-01,1.253309387692720378e-01,2.730207471129133534e-01,-6.960708618180633245e-01
8.076212350960505493e-01,1.278070786945741943e-01,2.784147669694682081e-01,-5.038834277795068983e-01
9.154590005350435877e-01,1.242410063188075786e-01,2.706464397403639532e-01,-2.706464397403642308e-01
9.154590005350436988e-01,1.273046039327742907e-01,3.598915030594883047e-01,-1.273046039327744572e-01
9.154590005350436988e-01,1.511508084368975435e-01,3.729453732763701734e-01,-9.090549120073269580e-17
9.154590005350436988e-01,1.273046039327742907e-01,3.598915030594884157e-01,1.273046039327744017e-01
9.154590005350436988e-01,1.242410063188075231e-01,2.706464397403638422e-01,2.706464397403639532e-01
8.076212350960508823e-01,1.278070786945741943e-01,2.784147669694681526e-01,5.038834277795065653e-01
6.521021260209003412e-01,1.253309387692720378e-01,2.730207471129133534e-01,6.960708618180633245e-01
4.428512232496732981e-01,1.194843698072661081e-01,2.602845892118493820e-01,8.496223938061233660e-01
1.684771990419554610e-01,1.099153130923908317e-01,2.394393690362416893e-01,9.498435902327844182e-01
1.684771990419552390e-01,1.095595355138534593e-01,3.633993228708041756e-01,-9.096994414189817357e-01
4.428512232496732981e-01,1.185263811796550271e-01,3.931415596186704775e-01,-7.970407800930405795e-01
6.521021260209003412e-01,1.231889474592678113e-01,4.086068810158873243e-01,-6.266001254782574970e-01
8.076212350960506603e-01,1.229510977798169286e-01,4.078179545928963257e-01,-4.078179545928966587e-01
8.076212350960507713e-01,1.278070786945741666e-01,5.038834277795064542e-01,-2.784147669694682081e-01
8.076212350960507713e-01,1.262820949624767486e-01,5.620085458475746476e-01,-1.262820949624769151e-01
8.076212350960507713e-01,1.492169763677515804e-01,5.705105034840248779e-01,-8.974244115843778650e-17
8.076212350960508823e-01,1.262820949624767763e-01,5.620085458475747586e-01,1.262820949624768596e-01
8.076212350960508823e-01,1.278070786945741943e-01,5.038834277795065653e-01,2.784147669694681526e-01
8.076212350960507713e-01,1.229510977798169702e-01,4.078179545928964367e-01,4.078179545928964922e-01
6.521021260209003412e-01,1.231889474592678113e-01,4.086068810158873243e-01,6.266001254782574970e-01
4.428512232496732981e-01,1.185263811796550271e-01,3.931415596186704775e-01,7.970407800930405795e-01
1.684771990419554610e-01,1.095595355138535010e-01,3.633993228708042866e-01,9.096994414189815137e-01
1.684771990419552667e-01,1.081999834853625275e-01,4.810072138546425680e-01,-8.535456971929147318e-01
4.428512232496732981e-01,1.162201250044725548e-01,5.166610633522161766e-01,-7.234894762371946175e-01
6.521021260209003412e-01,1.190911398807628363e-01,5.294242710912120398e-01,-5.294242710912120398e-01
6.521021260209003412e-01,1.231889474592678113e-01,6.266001254782574970e-01,-4.086068810158873243e-01
6.521021260209003412e-01,1.253309387692720100e-01,6.960708618180633245e-01,-2.730207471129134089e-01
6.521021260209003412e-01,1.224017120925278007e-01,7.381046395956725181e-01,-1.224017120925279534e-01
6.521021260209003412e-01,1.443967158517077687e-01,7.442529178244872146e-01,-8.684342821594736316e-17
6.521021260209002302e-01,1.224017120925278007e-01,7.381046395956726291e-01,1.224017120925278562e-01
6.521021260209003412e-01,1.253309387692720378e-01,6.960708618180633245e-01,2.730207471129133534e-01
6.521021260209003412e-01,1.231889474592678113e-01,6.266001254782574970e-01,4.086068810158873243e-01
6.521021260209003412e-01,1.190911398807628363e-01,5.294242710912120398e-01,5.294242710912120398e-01
4.428512232496732981e-01,1.162201250044725548e-01,5.166610633522161766e-01,7.234894762371946175e-01
1.684771990419556831e-01,1.081999834853625692e-01,4.810072138546427345e-01,8.535456971929145098e-01
1.684771990419552390e-01,1.061810712461370848e-01,5.914518523897244195e-01,-7.813614527328335280e-01
4.428512232496732981e-01,1.129113714858884232e-01,6.289411006825057493e-01,-6.289411006825058603e-01
4.428512232496732981e-01,1.162201250044725548e-01,7.234894762371946175e-01,-5.166610633522161766e-01
4.428512232496732981e-01,1.185263811796550548e-01,7.970407800930404685e-01,-3.931415596186706440e-01
4.428512232496732981e-01,1.194843698072660665e-01,8.496223938061233660e-01,-2.602845892118493820e-01
4.428512232496732981e-01,1.160842538691286979e-01,8.814372842542818054e-01,-1.160842538691288506e-01
4.428512232496733536e-01,1.368422666516074526e-01,8.860908464282420960e-01,-8.230001278610001681e-17
4.428512232496734646e-01,1.160842538691286840e-01,8.814372842542816944e-01,1.160842538691287534e-01
4.428512232496732981e-01,1.194843698072661081e-01,8.496223938061233660e-01,2.602845892118493820e-01
4.428512232496732981e-01,1.185263811796550271e-01,7.970407800930405795e-01,3.931415596186704775e-01
4.428512232496732981e-01,1.162201250044725548e-01,7.234894762371946175e-01,5.166610633522161766e-01
4.428512232496732981e-01,1.129113714858884232e-01,6.289411006825057493e-01,6.289411006825058603e-01
1.684771990419554610e-01,1.061810712461370987e-01,5.914518523897245306e-01,7.813614527328331949e-01
1.684771990419552112e-01,1.035632506754564364e-01,6.931414309188671519e-01,-6.931414309188675960e-01
1.684771990419554610e-01,1.061810712461370987e-01,7.813614527328331949e-01,-5.914518523897245306e-01
1.684771990419556831e-01,1.081999834853625692e-01,8.535456971929145098e-01,-4.810072138546427345e-01
1.684771990419559051e-01,1.095595355138535010e-01,9.096994414189814027e-01,-3.633993228708043977e-01
1.684771990419554888e-01,1.099153130923908317e-01,9.498435902327843072e-01,-2.394393690362417448e-01
1.684771990419559329e-01,1.064897507797850640e-01,9.741331014603167304e-01,-1.064897507797852028e-01
1.684771990419560994e-01,1.254817191273998045e-01,9.776859268537159142e-01,-7.546752433514664714e-17
1.684771990419559329e-01,1.064897507797850640e-01,9.741331014603167304e-01,1.064897507797851334e-01
1.684771990419552390e-01,1.099153130923908317e-01,9.498435902327844182e-01,2.394393690362416893e-01
1.684771990419554610e-01,1.095595355138535010e-01,9.096994414189815137e-01,3.633993228708042866e-01
1.684771990419556831e-01,1.081999834853625692e-01,8.535456971929145098e-01,4.810072138546427345e-01
1.684771990419554610e-01,1.061810712461370987e-01,7.813614527328331949e-01,5.914518523897245306e-01
1.684771990419552390e-01,1.035632506754564780e-01,6.931414309188673739e-01,6.931414309188674849e-01
1.684771990419552390e-01,2.055168002558220020e-01,-6.816811124769358576e-01,-6.816811124769359687e-01
1.684771990419550169e-01,2.103489865550230986e-01,-7.699622933033734018e-01,-5.783829217302860481e-01
1.684771990419554610e-01,2.136337319280503799e-01,-8.422577077321472538e-01,-4.653794320243000993e-01
1.684771990419552390e-01,2.147426401196579626e-01,-8.986455385896399140e-01,-3.434199002538332324e-01
1.684771990419552390e-01,2.110846715071007240e-01,-9.394157526422771687e-01,-2.110846715071008906e-01
1.684771990419552390e-01,2.394393690362416893e-01,-9.498435902327844182e-01,-1.099153130923909288e-01
1.684771990419550447e-01,2.494210794430416767e-01,-9.536270542158740149e-01,-7.500371971894715779e-17
1.684771990419552390e-01,2.394393690362416893e-01,-9.498435902327844182e-01,1.099153130923908317e-01
1.684771990419550447e-01,2.110846715071007795e-01,-9.394157526422772797e-01,2.110846715071008906e-01
1.684771990419552390e-01,2.147426401196579626e-01,-8.986455385896399140e-01,3.434199002538331769e-01
1.684771990419554610e-01,2.136337319280503799e-01,-8.422577077321472538e-01,4.653794320243000993e-01
1.684771990419550169e-01,2.103489865550230986e-01,-7.699622933033734018e-01,5.783829217302860481e-01
1.684771990419552390e-01,2.055168002558220020e-01,-6.816811124769363017e-01,6.816811124769357466e-01
1.684771990419550169e-01,2.103489865550230986e-01,-5.783829217302860481e-01,-7.699622933033734018e-01
4.428512232496730761e-01,2.233060995780292990e-01,-6.140102523401035350e-01,-6.140102523401038681e-01
4.428512232496732981e-01,2.291236607091541866e-01,-7.087042405562391512e-01,-4.991226718824829933e-01
4.428512232496732981e-01,2.320004843262315208e-01,-7.825621557911458526e-01,-3.710189235903966765e-01
4.428512232496730761e-01,2.291804040801516951e-01,-8.359638023488725755e-01,-2.291804040801518894e-01
4.428512232496732981e-01,2.602845892118493820e-01,-8.496223938061233660e-01,-1.194843698072661914e-01
4.428512232496730761e-01,2.712547672187283210e-01,-8.545780510447139600e-01,-8.156935483693873333e-17
4.428512232496734646e-01,2.602845892118493820e-01,-8.496223938061232550e-01,1.194843698072660942e-01
4.428512232496730761e-01,2.291804040801517506e-01,-8.359638023488725755e-01,2.291804040801518616e-01
4.428512232496732981e-01,2.320004843262315208e-01,-7.825621557911458526e-01,3.710189235903966765e-01
4.428512232496732981e-01,2.291236607091541866e-01,-7.087042405562391512e-01,4.991226718824829933e-01
4.428512232496730761e-01,2.233060995780292990e-01,-6.140102523401035350e-01,6.140102523401038681e-01
1.684771990419554610e-01,2.103489865550231541e-01,-5.783829217302861592e-01,7.699622933033731798e-01
1.684771990419554610e-01,2.136337319280503799e-01,-4.653794320243000993e-01,-8.422577077321472538e-01
4.428512232496732981e-01,2.291236607091541866e-01,-4.991226718824829933e-01,-7.087042405562391512e-01
6.521021260209002302e-01,2.340664528097075037e-01,-5.098900434937432280e-01,-5.098900434937434500e-01
6.521021260209001191e-01,2.404857199000099421e-01,-6.074709923000994882e-01,-3.845886494387588672e-01
6.521021260209002302e-01,2.398381818674827082e-01,-6.780251546041803357e-01,-2.398381818674828747e-01
6.521021260209003412e-01,2.730207471129133534e-01,-6.960708618180633245e-01,-1.253309387692721211e-01
6.521021260209001191e-01,2.847637395930245341e-01,-7.026182675194391214e-01,-8.563165454278253851e-17
6.521021260209003412e-01,2.730207471129133534e-01,-6.960708618180633245e-01,1.253309387692720378e-01
6.521021260209001191e-01,2.398381818674826804e-01,-6.780251546041804467e-01,2.398381818674827637e-01
6.521021260209001191e-01,2.404857199000099144e-01,-6.074709923000997103e-01,3.845886494387587562e-01
6.521021260209002302e-01,2.340664528097075037e-01,-5.098900434937432280e-01,5.098900434937434500e-01
4.428512232496732981e-01,2.291236607091541866e-01,-4.991226718824829933e-01,7.087042405562391512e-01
1.684771990419554610e-01,2.136337319280503799e-01,-4.653794320243000993e-01,8.422577077321472538e-01
1.684771990419552390e-01,2.147426401196579626e-01,-3.434199002538332324e-01,-8.986455385896399140e-01
4.428512232496732981e-01,2.320004843262315208e-01,-3.710189235903966765e-01,-7.825621557911458526e-01
6.521021260209001191e-01,2.404857199000099421e-01,-3.845886494387588672e-01,-6.074709923000994882e-01
8.076212350960507713e-01,2.384704645643467569e-01,-3.813658205400650147e-01,-3.813658205400652368e-01
8.076212350960505493e-01,2.432842962561120315e-01,-4.789294760319794952e-01,-2.432842962561122258e-01
8.076212350960505493e-01,2.784147669694682081e-01,-5.038834277795068983e-01,-1.278070786945742776e-01
8.076212350960505493e-01,2.909351476577946571e-01,-5.129373065777795837e-01,-8.748746625603019362e-17
8.076212350960507713e-01,2.784147669694681526e-01,-5.038834277795067873e-01,1.278070786945741666e-01
8.076212350960504383e-01,2.432842962561120592e-01,-4.789294760319796063e-01,2.432842962561121425e-01
8.076212350960505493e-01,2.384704645643468679e-01,-3.813658205400653478e-01,3.813658205400650147e-01
6.521021260209001191e-01,2.404857199000099421e-01,-3.845886494387588672e-01,6.074709923000994882e-01
4.428512232496732981e-01,2.320004843262315208e-01,-3.710189235903966765e-01,7.825621557911458526e-01
1.684771990419552390e-01,2.147426401196579626e-01,-3.434199002538332324e-01,8.986455385896399140e-01
1.684771990419552390e-01,2.110846715071007240e-01,-2.110846715071008906e-01,-9.394157526422771687e-01
4.428512232496730761e-01,2.291804040801516951e-01,-2.291804040801518894e-01,-8.359638023488725755e-01
6.521021260209002302e-01,2.398381818674827082e-01,-2.398381818674828747e-01,-6.780251546041803357e-01
8.076212350960505493e-01,2.432842962561120315e-01,-2.432842962561122258e-01,-4.789294760319794952e-01
9.154590005350435877e-01,2.323322465345543653e-01,-2.323322465345545318e-01,-2.323322465345546428e-01
9.154590005350435877e-01,2.706464397403639532e-01,-2.706464397403642308e-01,-1.242410063188076202e-01
9.154590005350435877e-01,2.845477274020817848e-01,-2.845477274020820624e-01,-8.556669725103510987e-17
9.154590005350436988e-01,2.706464397403637867e-01,-2.706464397403640643e-01,1.242410063188074953e-01
9.154590005350435877e-01,2.323322465345545040e-01,-2.323322465345549204e-01,2.323322465345546428e-01
8.076212350960507713e-01,2.432842962561120315e-01,-2.432842962561122535e-01,4.789294760319792732e-01
6.521021260209002302e-01,2.398381818674827082e-01,-2.398381818674828747e-01,6.780251546041803357e-01
4.428512232496730761e-01,2.291804040801516951e-01,-2.291804040801518894e-01,8.359638023488725755e-01
1.684771990419554610e-01,2.110846715071008073e-01,-2.110846715071009738e-01,9.394157526422771687e-01
1.684771990419554610e-01,2.394393690362416893e-01,-1.099153130923909288e-01,-9.498435902327844182e-01
4.428512232496732981e-01,2.602845892118493820e-01,-1.194843698072661914e-01,-8.496223938061233660e-01
6.521021260209003412e-01,2.730207471129133534e-01,-1.253309387692721211e-01,-6.960708618180633245e-01
8.076212350960505493e-01,2.784147669694682081e-01,-1.278070786945742776e-01,-5.038834277795068983e-01
9.154590005350435877e-01,2.706464397403639532e-01,-1.242410063188076202e-01,-2.706464397403642308e-01
9.154590005350436988e-01,3.598915030594883047e-01,-1.273046039327744017e-01,-1.273046039327744572e-01
9.154590005350436988e-01,3.729453732763701734e-01,-1.511508084368976546e-01,-9.090549120073272046e-17
9.154590005350436988e-01,3.598915030594883047e-01,-1.273046039327744572e-01,1.273046039327742907e-01
9.154590005350436988e-01,2.706464397403638422e-01,-1.242410063188075786e-01,2.706464397403639532e-01
8.076212350960508823e-01,2.784147669694681526e-01,-1.278070786945742776e-01,5.038834277795065653e-01
6.521021260209003412e-01,2.730207471129133534e-01,-1.253309387692721211e-01,6.960708618180633245e-01
4.428512232496732981e-01,2.602845892118493820e-01,-1.194843698072661914e-01,8.496223938061233660e-01
1.684771990419554610e-01,2.394393690362416893e-01,-1.099153130923909288e-01,9.498435902327844182e-01
1.684771990419550447e-01,2.494210794430416767e-01,-7.500371971894715779e-17,-9.536270542158740149e-01
4.428512232496730761e-01,2.712547672187283210e-01,-8.156935483693873333e-17,-8.545780510447139600e-01
6.521021260209001191e-01,2.847637395930245341e-01,-8.563165454278253851e-17,-7.026182675194391214e-01
8.076212350960505493e-01,2.909351476577946571e-01,-8.748746625603019362e-17,-5.129373065777795837e-01
9.154590005350435877e-01,2.845477274020817848e-01,-8.556669725103510987e-17,-2.845477274020820624e-01
9.154590005350436988e-01,3.729453732763701734e-01,-9.090549120073272046e-17,-1.511508084368976546e-01
9.154590005350436988e-01,4.024112552344663585e-01,-9.255650775473885943e-17,-9.314763527669810668e-16
9.154590005350436988e-01,3.729453732763701734e-01,-9.090549120073269580e-17,1.511508084368975435e-01
9.154590005350436988e-01,2.845477274020817293e-01,-8.556669725103506057e-17,2.845477274020817848e-01
8.076212350960506603e-01,2.909351476577947682e-01,-8.748746625603020595e-17,5.129373065777793617e-01
6.521021260209001191e-01,2.847637395930245341e-01,-8.563165454278253851e-17,7.026182675194391214e-01
4.428512232496730761e-01,2.712547672187283210e-01,-8.156935483693873333e-17,8.545780510447139600e-01
1.684771990419554888e-01,2.494210794430416767e-01,-7.500371971894714546e-17,9.536270542158739039e-01
1.684771990419554610e-01,2.394393690362416893e-01,1.099153130923908317e-01,-9.498435902327844182e-01
4.428512232496732981e-01,2.602845892118493820e-01,1.194843698072661081e-01,-8.496223938061233660e-01
6.521021260209003412e-01,2.730207471129133534e-01,1.253309387692720378e-01,-6.960708618180633245e-01
8.076212350960505493e-01,2.784147669694682081e-01,1.278070786945741943e-01,-5.038834277795068983e-01
9.154590005350435877e-01,2.706464397403639532e-01,1.242410063188075786e-01,-2.706464397403642308e-01
9.154590005350436988e-01,3.598915030594883047e-01,1.273046039327742907e-01,-1.273046039327744572e-01
9.154590005350436988e-01,3.729453732763701734e-01,1.511508084368975435e-01,-9.090549120073269580e-17
9.154590005350436988e-01,3.598915030594884157e-01,1.273046039327742907e-01,1.273046039327744017e-01
9.154590005350436988e-01,2.706464397403638422e-01,1.242410063188075231e-01,2.706464397403639532e-01
8.076212350960508823e-01,2.784147669694681526e-01,1.278070786945741943e-01,5.038834277795065653e-01
6.521021260209003412e-01,2.730207471129133534e-01,1.253309387692720378e-01,6.960708618180633245e-01
4.428512232496732981e-01,2.602845892118493820e-01,1.194843698072661081e-01,8.496223938061233660e-01
1.684771990419554610e-01,2.394393690362416893e-01,1.099153130923908317e-01,9.498435902327844182e-01
1.684771990419552390e-01,2.110846715071007518e-01,2.110846715071008628e-01,-9.394157526422771687e-01
4.428512232496730761e-01,2.291804040801517506e-01,2.291804040801518616e-01,-8.359638023488725755e-01
6.521021260209001191e-01,2.398381818674826804e-01,2.398381818674827637e-01,-6.780251546041804467e-01
8.076212350960505493e-01,2.432842962561120315e-01,2.432842962561120870e-01,-4.789294760319795508e-01
9.154590005350435877e-01,2.323322465345545040e-01,2.323322465345546428e-01,-2.323322465345549204e-01
9.154590005350436988e-01,2.706464397403638422e-01,2.706464397403639532e-01,-1.242410063188075786e-01
9.154590005350436988e-01,2.845477274020817293e-01,2.845477274020817848e-01,-8.556669725103506057e-17
9.154590005350436988e-01,2.706464397403638422e-01,2.706464397403639532e-01,1.242410063188075231e-01
9.154590005350435877e-01,2.323322465345544208e-01,2.323322465345545040e-01,2.323322465345545873e-01
8.076212350960505493e-01,2.432842962561121147e-01,2.432842962561122258e-01,4.789294760319794952e-01
6.521021260209001191e-01,2.398381818674826804e-01,2.398381818674827637e-01,6.780251546041804467e-01
4.428512232496730761e-01,2.291804040801517506e-01,2.291804040801518616e-01,8.359638023488725755e-01
1.684771990419554610e-01,2.110846715071008350e-01,2.110846715071009461e-01,9.394157526422771687e-01
1.684771990419552390e-01,2.147426401196579626e-01,3.434199002538331769e-01,-8.986455385896399140e-01
4.428512232496732981e-01,2.320004843262315208e-01,3.710189235903966765e-01,-7.825621557911458526e-01
6.521021260209001191e-01,2.404857199000099144e-01,3.845886494387587562e-01,-6.074709923000997103e-01
8.076212350960505493e-01,2.384704645643468679e-01,3.813658205400650147e-01,-3.813658205400653478e-01
8.076212350960506603e-01,2.432842962561120037e-01,4.789294760319792177e-01,-2.432842962561122258e-01
8.076212350960508823e-01,2.784147669694681526e-01,5.038834277795065653e-01,-1.278070786945742776e-01
8.076212350960506603e-01,2.909351476577947682e-01,5.129373065777793617e-01,-8.748746625603020595e-17
8.076212350960507713e-01,2.784147669694680971e-01,5.038834277795065653e-01,1.278070786945741666e-01
8.076212350960505493e-01,2.432842962561121147e-01,4.789294760319794952e-01,2.432842962561122258e-01
8.076212350960505493e-01,2.384704645643468957e-01,3.813658205400650703e-01,3.813658205400653478e-01
6.521021260209001191e-01,2.404857199000099144e-01,3.845886494387587562e-01,6.074709923000997103e-01
4.428512232496732981e-01,2.320004843262315208e-01,3.710189235903966765e-01,7.825621557911458526e-01
1.684771990419552390e-01,2.147426401196579626e-01,3.434199002538332324e-01,8.986455385896399140e-01
1.684771990419554610e-01,2.136337319280503799e-01,4.653794320243000993e-01,-8.422577077321472538e-01
4.428512232496732981e-01,2.291236607091541866e-01,4.991226718824829933e-01,-7.087042405562391512e-01
6.521021260209002302e-01,2.340664528097075037e-01,5.098900434937432280e-01,-5.098900434937434500e-01
6.521021260209001191e-01,2.404857199000099421e-01,6.074709923000994882e-01,-3.845886494387588672e-01
6.521021260209002302e-01,2.398381818674827082e-01,6.780251546041803357e-01,-2.398381818674828747e-01
6.521021260209003412e-01,2.730207471129133534e-01,6.960708618180633245e-01,-1.253309387692721211e-01
6.521021260209001191e-01,2.847637395930245341e-01,7.026182675194391214e-01,-8.563165454278253851e-17
6.521021260209003412e-01,2.730207471129133534e-01,6.960708618180633245e-01,1.253309387692720378e-01
6.521021260209001191e-01,2.398381818674826804e-01,6.780251546041804467e-01,2.398381818674827637e-01
6.521021260209001191e-01,2.404857199000099144e-01,6.074709923000997103e-01,3.845886494387587562e-01
6.521021260209002302e-01,2.340664528097075037e-01,5.098900434937432280e-01,5.098900434937434500e-01
4.428512232496732981e-01,2.291236607091541866e-01,4.991226718824829933e-01,7.087042405562391512e-01
1.684771990419554610e-01,2.136337319280503799e-01,4.653794320243000993e-01,8.422577077321472538e-01
1.684771990419550169e-01,2.103489865550230986e-01,5.783829217302860481e-01,-7.699622933033734018e-01
4.428512232496730761e-01,2.233060995780292990e-01,6.140102523401035350e-01,-6.140102523401038681e-01
4.428512232496732981e-01,2.291236607091541866e-01,7.087042405562391512e-01,-4.991226718824829933e-01
4.428512232496732981e-01,2.320004843262315208e-01,7.825621557911458526e-01,-3.710189235903966765e-01
4.428512232496730761e-01,2.291804040801516951e-01,8.359638023488725755e-01,-2.291804040801518894e-01
4.428512232496732981e-01,2.602845892118493820e-01,8.496223938061233660e-01,-1.194843698072661914e-01
4.428512232496730761e-01,2.712547672187283210e-01,8.545780510447139600e-01,-8.156935483693873333e-17
4.428512232496734646e-01,2.602845892118493820e-01,8.496223938061232550e-01,1.194843698072660942e-01
4.428512232496730761e-01,2.291804040801517506e-01,8.359638023488725755e-01,2.291804040801518616e-01
4.428512232496732981e-01,2.320004843262315208e-01,7.825621557911458526e-01,3.710189235903966765e-01
4.428512232496732981e-01,2.291236607091541866e-01,7.087042405562391512e-01,4.991226718824829933e-01
4.428512232496730761e-01,2.233060995780292990e-01,6.140102523401035350e-01,6.140102523401038681e-01
1.684771990419554610e-01,2.103489865550231541e-01,5.783829217302861592e-01,7.699622933033731798e-01
1.684771990419552390e-01,2.055168002558220020e-01,6.816811124769357466e-01,-6.816811124769363017e-01
1.684771990419554610e-01,2.103489865550231541e-01,7.699622933033731798e-01,-5.783829217302861592e-01
1.684771990419554610e-01,2.136337319280503799e-01,8.422577077321472538e-01,-4.653794320243000993e-01
1.684771990419552390e-01,2.147426401196579626e-01,8.986455385896399140e-01,-3.434199002538332324e-01
1.684771990419554610e-01,2.110846715071008073e-01,9.394157526422771687e-01,-2.110846715071009738e-01
1.684771990419552390e-01,2.394393690362416893e-01,9.498435902327844182e-01,-1.099153130923909288e-01
1.684771990419554888e-01,2.494210794430416767e-01,9.536270542158739039e-01,-7.500371971894714546e-17
1.684771990419552390e-01,2.394393690362416893e-01,9.498435902327844182e-01,1.099153130923908317e-01
1.684771990419554610e-01,2.110846715071008350e-01,9.394157526422771687e-01,2.110846715071009461e-01
1.684771990419552390e-01,2.147426401196579626e-01,8.986455385896399140e-01,3.434199002538332324e-01
1.684771990419554610e-01,2.136337319280503799e-01,8.422577077321472538e-01,4.653794320243000993e-01
1.684771990419554610e-01,2.103489865550231541e-01,7.699622933033731798e-01,5.783829217302861592e-01
1.684771990419558774e-01,2.055168002558219464e-01,6.816811124769357466e-01,6.816811124769359687e-01
1.684771990419554610e-01,3.043280922328102100e-01,-6.629479035644185725e-01,-6.629479035644187945e-01
1.684771990419541288e-01,3.106230287979380167e-01,-7.514848734004723196e-01,-5.571348601852599280e-01
1.684771990419550169e-01,3.137974058463541827e-01,-8.242370870480496547e-01,-4.402043228111484074e-01
1.684771990419550169e-01,3.118323683559049431e-01,-8.815535046122111584e-01,-3.118323683559052206e-01
1.684771990419552390e-01,3.434199002538331769e-01,-8.986455385896399140e-01,-2.147426401196580181e-01
1.684771990419552667e-01,3.633993228708041756e-01,-9.096994414189816247e-01,-1.095595355138535426e-01
1.684771990419552667e-01,3.702435977781083909e-01,-9.135289331528038126e-01,-7.422427192198718941e-17
1.684771990419552667e-01,3.633993228708041756e-01,-9.096994414189816247e-01,1.095595355138534455e-01
1.684771990419552390e-01,3.434199002538331769e-01,-8.986455385896399140e-01,2.147426401196579626e-01
1.684771990419550169e-01,3.118323683559049986e-01,-8.815535046122111584e-01,3.118323683559052206e-01
1.684771990419550169e-01,3.137974058463541827e-01,-8.242370870480496547e-01,4.402043228111484074e-01
1.684771990419541288e-01,3.106230287979380167e-01,-7.514848734004723196e-01,5.571348601852599280e-01
1.684771990419552390e-01,3.043280922328101545e-01,-6.629479035644189056e-01,6.629479035644184615e-01
1.684771990419541565e-01,3.106230287979380722e-01,-5.571348601852600391e-01,-7.514848734004724307e-01
4.428512232496723544e-01,3.288395843258680173e-01,-5.898081560332388840e-01,-5.898081560332392170e-01
4.428512232496730761e-01,3.357254172080669230e-01,-6.851004690557855881e-01,-4.709655885585276591e-01
4.428512232496733536e-01,3.361675709237354481e-01,-7.601746658398572665e-01,-3.361675709237356702e-01
4.428512232496732981e-01,3.710189235903966209e-01,-7.825621557911457415e-01,-2.320004843262315763e-01
4.428512232496732981e-01,3.931415596186704775e-01,-7.970407800930405795e-01,-1.185263811796551103e-01
4.428512232496730761e-01,4.007340805298122977e-01,-8.020567254055004369e-01,-8.033682564709294402e-17
4.428512232496732981e-01,3.931415596186704775e-01,-7.970407800930405795e-01,1.185263811796550271e-01
4.428512232496732981e-01,3.710189235903966765e-01,-7.825621557911458526e-01,2.320004843262315208e-01
4.428512232496729095e-01,3.361675709237355036e-01,-7.601746658398574885e-01,3.361675709237356702e-01
4.428512232496730761e-01,3.357254172080669230e-01,-6.851004690557855881e-01,4.709655885585276591e-01
4.428512232496723544e-01,3.288395843258680173e-01,-5.898081560332388840e-01,5.898081560332392170e-01
1.684771990419543508e-01,3.106230287979380722e-01,-5.571348601852599280e-01,7.514848734004723196e-01
1.684771990419550169e-01,3.137974058463541827e-01,-4.402043228111484074e-01,-8.242370870480496547e-01
4.428512232496730761e-01,3.357254172080669230e-01,-4.709655885585276591e-01,-6.851004690557855881e-01
6.521021260209000081e-01,3.412422615939322834e-01,-4.787047817503395364e-01,-4.787047817503397584e-01
6.521021260209001191e-01,3.469890978709084806e-01,-5.778926796183598835e-01,-3.469890978709088136e-01
6.521021260209000081e-01,3.845886494387588117e-01,-6.074709923000997103e-01,-2.404857199000100254e-01
6.521021260209003412e-01,4.086068810158874354e-01,-6.266001254782576080e-01,-1.231889474592679362e-01
6.521021260209000081e-01,4.168766617245929229e-01,-6.332271836776921514e-01,-8.357299595041368815e-17
6.521021260209003412e-01,4.086068810158874354e-01,-6.266001254782576080e-01,1.231889474592678529e-01
6.521021260209001191e-01,3.845886494387587562e-01,-6.074709923000997103e-01,2.404857199000099144e-01
6.521021260209000081e-01,3.469890978709085361e-01,-5.778926796183598835e-01,3.469890978709087581e-01
6.521021260209000081e-01,3.412422615939322834e-01,-4.787047817503395364e-01,4.787047817503397584e-01
4.428512232496730761e-01,3.357254172080669230e-01,-4.709655885585276591e-01,6.851004690557855881e-01
1.684771990419552390e-01,3.137974058463542382e-01,-4.402043228111484630e-01,8.242370870480496547e-01
1.684771990419550169e-01,3.118323683559049431e-01,-3.118323683559052206e-01,-8.815535046122111584e-01
4.428512232496733536e-01,3.361675709237354481e-01,-3.361675709237356702e-01,-7.601746658398572665e-01
6.521021260209000081e-01,3.469890978709084806e-01,-3.469890978709087581e-01,-5.778926796183598835e-01
8.076212350960505493e-01,3.404643596726532051e-01,-3.404643596726535382e-01,-3.404643596726537047e-01
8.076212350960505493e-01,3.813658205400650147e-01,-3.813658205400653478e-01,-2.384704645643468957e-01
8.076212350960507713e-01,4.078179545928963257e-01,-4.078179545928966587e-01,-1.229510977798170118e-01
8.076212350960505493e-01,4.169819784007036678e-01,-4.169819784007039454e-01,-8.359410922192595961e-17
8.076212350960507713e-01,4.078179545928963812e-01,-4.078179545928967142e-01,1.229510977798169424e-01
8.076212350960505493e-01,3.813658205400650147e-01,-3.813658205400653478e-01,2.384704645643468679e-01
8.076212350960504383e-01,3.404643596726532606e-01,-3.404643596726539267e-01,3.404643596726534827e-01
6.521021260209000081e-01,3.469890978709084806e-01,-3.469890978709087581e-01,5.778926796183598835e-01
4.428512232496733536e-01,3.361675709237354481e-01,-3.361675709237356702e-01,7.601746658398572665e-01
1.684771990419554610e-01,3.118323683559050541e-01,-3.118323683559053316e-01,8.815535046122109364e-01
1.684771990419552390e-01,3.434199002538331769e-01,-2.147426401196580181e-01,-8.986455385896399140e-01
4.428512232496732981e-01,3.710189235903966765e-01,-2.320004843262316319e-01,-7.825621557911458526e-01
6.521021260209000081e-01,3.845886494387588117e-01,-2.404857199000100254e-01,-6.074709923000997103e-01
8.076212350960505493e-01,3.813658205400650147e-01,-2.384704645643468957e-01,-3.813658205400653478e-01
8.076212350960506603e-01,4.789294760319792177e-01,-2.432842962561120592e-01,-2.432842962561122258e-01
8.076212350960507713e-01,5.038834277795064542e-01,-2.784147669694682081e-01,-1.278070786945742499e-01
8.076212350960507713e-01,5.129373065777793617e-01,-2.909351476577948792e-01,-8.748746625603021827e-17
8.076212350960507713e-01,5.038834277795064542e-01,-2.784147669694682081e-01,1.278070786945741666e-01
8.076212350960506603e-01,4.789294760319792177e-01,-2.432842962561122258e-01,2.432842962561120037e-01
8.076212350960505493e-01,3.813658205400650703e-01,-2.384704645643469512e-01,3.813658205400653478e-01
6.521021260209000081e-01,3.845886494387588117e-01,-2.404857199000100254e-01,6.074709923000997103e-01
4.428512232496732981e-01,3.710189235903966765e-01,-2.320004843262316319e-01,7.825621557911458526e-01
1.684771990419552390e-01,3.434199002538332324e-01,-2.147426401196580459e-01,8.986455385896399140e-01
1.684771990419552390e-01,3.633993228708041756e-01,-1.095595355138535426e-01,-9.096994414189817357e-01
4.428512232496732981e-01,3.931415596186704775e-01,-1.185263811796551103e-01,-7.970407800930405795e-01
6.521021260209003412e-01,4.086068810158874354e-01,-1.231889474592679362e-01,-6.266001254782576080e-01
8.076212350960506603e-01,4.078179545928963257e-01,-1.229510977798170118e-01,-4.078179545928966587e-01
8.076212350960507713e-01,5.038834277795064542e-01,-1.278070786945742499e-01,-2.784147669694682081e-01
8.076212350960507713e-01,5.620085458475748696e-01,-1.262820949624768874e-01,-1.262820949624769706e-01
8.076212350960507713e-01,5.705105034840246558e-01,-1.492169763677516081e-01,-8.974244115843776185e-17
8.076212350960507713e-01,5.620085458475746476e-01,-1.262820949624769151e-01,1.262820949624767486e-01
8.076212350960508823e-01,5.038834277795065653e-01,-1.278070786945742776e-01,2.784147669694681526e-01
8.076212350960507713e-01,4.078179545928964367e-01,-1.229510977798170257e-01,4.078179545928964922e-01
6.521021260209003412e-01,4.086068810158874354e-01,-1.231889474592679362e-01,6.266001254782576080e-01
4.428512232496732981e-01,3.931415596186704775e-01,-1.185263811796551103e-01,7.970407800930405795e-01
1.684771990419554610e-01,3.633993228708042866e-01,-1.095595355138535704e-01,9.096994414189815137e-01
1.684771990419552667e-01,3.702435977781083909e-01,-7.422427192198718941e-17,-9.135289331528038126e-01
4.428512232496730761e-01,4.007340805298122977e-01,-8.033682564709294402e-17,-8.020567254055004369e-01
6.521021260209000081e-01,4.168766617245929229e-01,-8.357299595041368815e-17,-6.332271836776921514e-01
8.076212350960505493e-01,4.169819784007036678e-01,-8.359410922192595961e-17,-4.169819784007039454e-01
8.076212350960507713e-01,5.129373065777793617e-01,-8.748746625603021827e-17,-2.909351476577948792e-01
8.076212350960507713e-01,5.705105034840246558e-01,-8.974244115843776185e-17,-1.492169763677516081e-01
8.076212350960507713e-01,5.897015691194400500e-01,-9.042278207548885370e-17,-9.100028220371953049e-16
8.076212350960507713e-01,5.705105034840248779e-01,-8.974244115843778650e-17,1.492169763677515804e-01
8.076212350960506603e-01,5.129373065777793617e-01,-8.748746625603020595e-17,2.909351476577947682e-01
8.076212350960505493e-01,4.169819784007036678e-01,-8.359410922192595961e-17,4.169819784007037233e-01
6.521021260209000081e-01,4.168766617245929229e-01,-8.357299595041368815e-17,6.332271836776921514e-01
4.428512232496730761e-01,4.007340805298122977e-01,-8.033682564709294402e-17,8.020567254055004369e-01
1.684771990419559051e-01,3.702435977781085019e-01,-7.422427192198720173e-17,9.135289331528035905e-01
1.684771990419552390e-01,3.633993228708041756e-01,1.095595355138534593e-01,-9.096994414189817357e-01
4.428512232496732981e-01,3.931415596186704775e-01,1.185263811796550271e-01,-7.970407800930405795e-01
6.521021260209003412e-01,4.086068810158873243e-01,1.231889474592678113e-01,-6.266001254782574970e-01
8.076212350960506603e-01,4.078179545928963257e-01,1.229510977798169286e-01,-4.078179545928966587e-01
8.076212350960507713e-01,5.038834277795064542e-01,1.278070786945741666e-01,-2.784147669694682081e-01
8.076212350960507713e-01,5.620085458475746476e-01,1.262820949624767486e-01,-1.262820949624769151e-01
8.076212350960507713e-01,5.705105034840248779e-01,1.492169763677515804e-01,-8.974244115843778650e-17
8.076212350960508823e-01,5.620085458475747586e-01,1.262820949624767763e-01,1.262820949624768596e-01
8.076212350960508823e-01,5.038834277795065653e-01,1.278070786945741943e-01,2.784147669694681526e-01
8.076212350960507713e-01,4.078179545928964367e-01,1.229510977798169702e-01,4.078179545928964922e-01
6.521021260209003412e-01,4.086068810158873243e-01,1.231889474592678113e-01,6.266001254782574970e-01
4.428512232496732981e-01,3.931415596186704775e-01,1.185263811796550271e-01,7.970407800930405795e-01
1.684771990419554610e-01,3.633993228708042866e-01,1.095595355138535010e-01,9.096994414189815137e-01
1.684771990419552390e-01,3.434199002538331769e-01,2.147426401196579626e-01,-8.986455385896399140e-01
4.428512232496732981e-01,3.710189235903966765e-01,2.320004843262315208e-01,-7.825621557911458526e-01
6.521021260209001191e-01,3.845886494387587562e-01,2.404857199000099144e-01,-6.074709923000997103e-01
8.076212350960505493e-01,3.813658205400650147e-01,2.384704645643468679e-01,-3.813658205400653478e-01
8.076212350960507713e-01,4.789294760319792732e-01,2.432842962561120315e-01,-2.432842962561122535e-01
8.076212350960508823e-01,5.038834277795065653e-01,2.784147669694681526e-01,-1.278070786945742776e-01
8.076212350960506603e-01,5.129373065777793617e-01,2.909351476577947682e-01,-8.748746625603020595e-17
8.076212350960507713e-01,5.038834277795065653e-01,2.784147669694680971e-01,1.278070786945741666e-01
8.076212350960505493e-01,4.789294760319794952e-01,2.432842962561121147e-01,2.432842962561122258e-01
8.076212350960505493e-01,3.813658205400650703e-01,2.384704645643468957e-01,3.813658205400653478e-01
6.521021260209001191e-01,3.845886494387587562e-01,2.404857199000099144e-01,6.074709923000997103e-01
4.428512232496732981e-01,3.710189235903966765e-01,2.320004843262315208e-01,7.825621557911458526e-01
1.684771990419552390e-01,3.434199002538332324e-01,2.147426401196579626e-01,8.986455385896399140e-01
1.684771990419550169e-01,3.118323683559049986e-01,3.118323683559052206e-01,-8.815535046122111584e-01
4.428512232496729095e-01,3.361675709237355036e-01,3.361675709237356702e-01,-7.601746658398574885e-01
6.521021260209000081e-01,3.469890978709085361e-01,3.469890978709087581e-01,-5.778926796183598835e-01
8.076212350960504383e-01,3.404643596726532606e-01,3.404643596726534827e-01,-3.404643596726539267e-01
8.076212350960505493e-01,3.813658205400650703e-01,3.813658205400653478e-01,-2.384704645643469512e-01
8.076212350960507713e-01,4.078179545928964367e-01,4.078179545928964922e-01,-1.229510977798170257e-01
8.076212350960505493e-01,4.169819784007036678e-01,4.169819784007037233e-01,-8.359410922192595961e-17
8.076212350960507713e-01,4.078179545928964367e-01,4.078179545928964922e-01,1.229510977798169702e-01
8.076212350960505493e-01,3.813658205400650703e-01,3.813658205400653478e-01,2.384704645643468957e-01
8.076212350960505493e-01,3.404643596726534271e-01,3.404643596726536492e-01,3.404643596726537047e-01
6.521021260209000081e-01,3.469890978709085361e-01,3.469890978709087581e-01,5.778926796183598835e-01
4.428512232496729095e-01,3.361675709237355036e-01,3.361675709237356702e-01,7.601746658398574885e-01
1.684771990419552390e-01,3.118323683559050541e-01,3.118323683559052761e-01,8.815535046122111584e-01
1.684771990419550169e-01,3.137974058463541827e-01,4.402043228111484074e-01,-8.242370870480496547e-01
4.428512232496730761e-01,3.357254172080669230e-01,4.709655885585276591e-01,-6.851004690557855881e-01
6.521021260209000081e-01,3.412422615939322834e-01,4.787047817503395364e-01,-4.787047817503397584e-01
6.521021260209001191e-01,3.469890978709084806e-01,5.778926796183598835e-01,-3.469890978709088136e-01
6.521021260209000081e-01,3.845886494387588117e-01,6.074709923000997103e-01,-2.404857199000100254e-01
6.521021260209003412e-01,4.086068810158874354e-01,6.266001254782576080e-01,-1.231889474592679362e-01
6.521021260209000081e-01,4.168766617245929229e-01,6.332271836776921514e-01,-8.357299595041368815e-17
6.521021260209003412e-01,4.086068810158874354e-01,6.266001254782576080e-01,1.231889474592678529e-01
6.521021260209001191e-01,3.845886494387587562e-01,6.074709923000997103e-01,2.404857199000099144e-01
6.521021260209000081e-01,3.469890978709085361e-01,5.778926796183598835e-01,3.469890978709087581e-01
6.521021260209000081e-01,3.412422615939322834e-01,4.787047817503395364e-01,4.787047817503397584e-01
4.428512232496730761e-01,3.357254172080669230e-01,4.709655885585276591e-01,6.851004690557855881e-01
1.684771990419552390e-01,3.137974058463542382e-01,4.402043228111484630e-01,8.242370870480496547e-01
1.684771990419541565e-01,3.106230287979380722e-01,5.571348601852600391e-01,-7.514848734004724307e-01
4.428512232496723544e-01,3.288395843258680173e-01,5.898081560332388840e-01,-5.898081560332392170e-01
4.428512232496730761e-01,3.357254172080669230e-01,6.851004690557855881e-01,-4.709655885585276591e-01
4.428512232496733536e-01,3.361675709237354481e-01,7.601746658398572665e-01,-3.361675709237356702e-01
4.428512232496732981e-01,3.710189235903966209e-01,7.825621557911457415e-01,-2.320004843262315763e-01
4.428512232496732981e-01,3.931415596186704775e-01,7.970407800930405795e-01,-1.185263811796551103e-01
4.428512232496730761e-01,4.007340805298122977e-01,8.020567254055004369e-01,-8.033682564709294402e-17
4.428512232496732981e-01,3.931415596186704775e-01,7.970407800930405795e-01,1.185263811796550271e-01
4.428512232496732981e-01,3.710189235903966765e-01,7.825621557911458526e-01,2.320004843262315208e-01
4.428512232496729095e-01,3.361675709237355036e-01,7.601746658398574885e-01,3.361675709237356702e-01
4.428512232496730761e-01,3.357254172080669230e-01,6.851004690557855881e-01,4.709655885585276591e-01
4.428512232496723544e-01,3.288395843258680173e-01,5.898081560332388840e-01,5.898081560332392170e-01
1.684771990419543508e-01,3.106230287979380722e-01,5.571348601852599280e-01,7.514848734004723196e-01
1.684771990419550447e-01,3.043280922328102100e-01,6.629479035644185725e-01,-6.629479035644190166e-01
1.684771990419541288e-01,3.106230287979380722e-01,7.514848734004724307e-01,-5.571348601852600391e-01
1.684771990419552390e-01,3.137974058463542382e-01,8.242370870480496547e-01,-4.402043228111484630e-01
1.684771990419554888e-01,3.118323683559051096e-01,8.815535046122110474e-01,-3.118323683559053872e-01
1.684771990419552390e-01,3.434199002538332324e-01,8.986455385896399140e-01,-2.147426401196580459e-01
1.684771990419554610e-01,3.633993228708042866e-01,9.096994414189815137e-01,-1.095595355138535704e-01
1.684771990419559051e-01,3.702435977781085019e-01,9.135289331528035905e-01,-7.422427192198720173e-17
1.684771990419554610e-01,3.633993228708042866e-01,9.096994414189815137e-01,1.095595355138535010e-01
1.684771990419552390e-01,3.434199002538332324e-01,8.986455385896399140e-01,2.147426401196579626e-01
1.684771990419552390e-01,3.118323683559050541e-01,8.815535046122111584e-01,3.118323683559052761e-01
1.684771990419552390e-01,3.137974058463542382e-01,8.242370870480496547e-01,4.402043228111484630e-01
1.684771990419541288e-01,3.106230287979380722e-01,7.514848734004724307e-01,5.571348601852600391e-01
1.684771990419552390e-01,3.043280922328102100e-01,6.629479035644185725e-01,6.629479035644189056e-01
1.684771990419552390e-01,3.986112179376499198e-01,-6.374655011595687926e-01,-6.374655011595691256e-01
1.684771990419550447e-01,4.053688938067770420e-01,-7.266561230628123536e-01,-5.284528097684508818e-01
1.684771990419545729e-01,4.066576957985743590e-01,-8.005463573701186997e-01,-4.066576957985746366e-01
1.684771990419550169e-01,4.402043228111484074e-01,-8.242370870480496547e-01,-3.137974058463542382e-01
1.684771990419554610e-01,4.653794320243000993e-01,-8.422577077321472538e-01,-2.136337319280504354e-01
1.684771990419552390e-01,4.810072138546426235e-01,-8.535456971929147318e-01,-1.081999834853625969e-01
1.684771990419547949e-01,4.863076597791893274e-01,-8.573915636645055294e-01,-7.311908739370381274e-17
1.684771990419552390e-01,4.810072138546426235e-01,-8.535456971929147318e-01,1.081999834853625414e-01
1.684771990419554610e-01,4.653794320243000993e-01,-8.422577077321472538e-01,2.136337319280503799e-01
1.684771990419550169e-01,4.402043228111484074e-01,-8.242370870480496547e-01,3.137974058463541827e-01
1.684771990419545729e-01,4.066576957985743590e-01,-8.005463573701186997e-01,4.066576957985746366e-01
1.684771990419550447e-01,4.053688938067770420e-01,-7.266561230628123536e-01,5.284528097684508818e-01
1.684771990419550169e-01,3.986112179376499198e-01,-6.374655011595692367e-01,6.374655011595687926e-01
1.684771990419550169e-01,4.053688938067769865e-01,-5.284528097684507708e-01,-7.266561230628122425e-01
4.428512232496727985e-01,4.274871740086931271e-01,-5.572869593505348496e-01,-5.572869593505350716e-01
4.428512232496729095e-01,4.336331358651954737e-01,-6.540698747272359892e-01,-4.336331358651956958e-01
4.428512232496729095e-01,4.709655885585276036e-01,-6.851004690557855881e-01,-3.357254172080669785e-01
4.428512232496732981e-01,4.991226718824829933e-01,-7.087042405562391512e-01,-2.291236607091542421e-01
4.428512232496732981e-01,5.166610633522161766e-01,-7.234894762371946175e-01,-1.162201250044726381e-01
4.428512232496729650e-01,5.226197417504926390e-01,-7.285268695106014158e-01,-7.857881282001652916e-17
4.428512232496732981e-01,5.166610633522161766e-01,-7.234894762371946175e-01,1.162201250044725548e-01
4.428512232496735201e-01,4.991226718824829933e-01,-7.087042405562391512e-01,2.291236607091541866e-01
4.428512232496729095e-01,4.709655885585276036e-01,-6.851004690557855881e-01,3.357254172080669230e-01
4.428512232496729095e-01,4.336331358651954737e-01,-6.540698747272359892e-01,4.336331358651956958e-01
4.428512232496727985e-01,4.274871740086931271e-01,-5.572869593505348496e-01,5.572869593505350716e-01
1.684771990419552667e-01,4.053688938067770420e-01,-5.284528097684508818e-01,7.266561230628122425e-01
1.684771990419547949e-01,4.066576957985743590e-01,-4.066576957985746366e-01,-8.005463573701186997e-01
4.428512232496729095e-01,4.336331358651954737e-01,-4.336331358651956958e-01,-6.540698747272359892e-01
6.521021260208998971e-01,4.377072146382106621e-01,-4.377072146382108842e-01,-4.377072146382110507e-01
6.521021260208998971e-01,4.787047817503394809e-01,-4.787047817503397029e-01,-3.412422615939323389e-01
6.521021260209002302e-01,5.098900434937432280e-01,-5.098900434937434500e-01,-2.340664528097075314e-01
6.521021260209004522e-01,5.294242710912121508e-01,-5.294242710912121508e-01,-1.190911398807629334e-01
6.521021260208998971e-01,5.360796662992461936e-01,-5.360796662992461936e-01,-8.060258805695158445e-17
6.521021260209004522e-01,5.294242710912121508e-01,-5.294242710912121508e-01,1.190911398807628502e-01
6.521021260209003412e-01,5.098900434937432280e-01,-5.098900434937433390e-01,2.340664528097074482e-01
6.521021260209000081e-01,4.787047817503395364e-01,-4.787047817503397584e-01,3.412422615939322834e-01
6.521021260208998971e-01,4.377072146382106621e-01,-4.377072146382108842e-01,4.377072146382110507e-01
4.428512232496729095e-01,4.336331358651954737e-01,-4.336331358651956958e-01,6.540698747272359892e-01
1.684771990419550169e-01,4.066576957985744145e-01,-4.066576957985746921e-01,8.005463573701184776e-01
1.684771990419550169e-01,4.402043228111484074e-01,-3.137974058463542382e-01,-8.242370870480496547e-01
4.428512232496730761e-01,4.709655885585276591e-01,-3.357254172080669785e-01,-6.851004690557855881e-01
6.521021260209000081e-01,4.787047817503395364e-01,-3.412422615939323944e-01,-4.787047817503397584e-01
6.521021260209000081e-01,5.778926796183598835e-01,-3.469890978709085361e-01,-3.469890978709087581e-01
6.521021260209001191e-01,6.074709923000994882e-01,-3.845886494387588672e-01,-2.404857199000100254e-01
6.521021260209003412e-01,6.266001254782576080e-01,-4.086068810158874354e-01,-1.231889474592679362e-01
6.521021260209001191e-01,6.332271836776921514e-01,-4.168766617245928119e-01,-8.357299595041367582e-17
6.521021260209003412e-01,6.266001254782576080e-01,-4.086068810158874354e-01,1.231889474592678529e-01
6.521021260209001191e-01,6.074709923000994882e-01,-3.845886494387588672e-01,2.404857199000099421e-01
6.521021260209001191e-01,5.778926796183598835e-01,-3.469890978709088136e-01,3.469890978709084806e-01
6.521021260209000081e-01,4.787047817503395364e-01,-3.412422615939323944e-01,4.787047817503397584e-01
4.428512232496730761e-01,4.709655885585276591e-01,-3.357254172080669785e-01,6.851004690557855881e-01
1.684771990419552390e-01,4.402043228111484630e-01,-3.137974058463542937e-01,8.242370870480496547e-01
1.684771990419554610e-01,4.653794320243000993e-01,-2.136337319280504354e-01,-8.422577077321472538e-01
4.428512232496732981e-01,4.991226718824829933e-01,-2.291236607091542421e-01,-7.087042405562391512e-01
6.521021260209002302e-01,5.098900434937432280e-01,-2.340664528097075314e-01,-5.098900434937434500e-01
6.521021260209001191e-01,6.074709923000994882e-01,-2.404857199000100254e-01,-3.845886494387588672e-01
6.521021260209002302e-01,6.780251546041803357e-01,-2.398381818674827359e-01,-2.398381818674828747e-01
6.521021260209002302e-01,6.960708618180634355e-01,-2.730207471129134089e-01,-1.253309387692721211e-01
6.521021260209001191e-01,7.026182675194391214e-01,-2.847637395930245896e-01,-8.563165454278253851e-17
6.521021260209003412e-01,6.960708618180633245e-01,-2.730207471129134089e-01,1.253309387692720100e-01
6.521021260209002302e-01,6.780251546041803357e-01,-2.398381818674828747e-01,2.398381818674827082e-01
6.521021260209000081e-01,6.074709923000997103e-01,-2.404857199000100254e-01,3.845886494387588117e-01
6.521021260209002302e-01,5.098900434937432280e-01,-2.340664528097075314e-01,5.098900434937434500e-01
4.428512232496732981e-01,4.991226718824829933e-01,-2.291236607091542421e-01,7.087042405562391512e-01
1.684771990419554610e-01,4.653794320243000993e-01,-2.136337319280504354e-01,8.422577077321472538e-01
1.684771990419552667e-01,4.810072138546425680e-01,-1.081999834853625969e-01,-8.535456971929147318e-01
4.428512232496732981e-01,5.166610633522161766e-01,-1.162201250044726381e-01,-7.234894762371946175e-01
6.521021260209003412e-01,5.294242710912120398e-01,-1.190911398807629196e-01,-5.294242710912120398e-01
6.521021260209003412e-01,6.266001254782576080e-01,-1.231889474592679362e-01,-4.086068810158874354e-01
6.521021260209003412e-01,6.960708618180633245e-01,-1.253309387692720933e-01,-2.730207471129134089e-01
6.521021260209003412e-01,7.381046395956725181e-01,-1.224017120925278840e-01,-1.224017120925279534e-01
6.521021260209002302e-01,7.442529178244873256e-01,-1.443967158517078797e-01,-8.684342821594737549e-17
6.521021260209003412e-01,7.381046395956725181e-01,-1.224017120925279534e-01,1.224017120925278007e-01
6.521021260209003412e-01,6.960708618180633245e-01,-1.253309387692721211e-01,2.730207471129133534e-01
6.521021260209003412e-01,6.266001254782576080e-01,-1.231889474592679362e-01,4.086068810158874354e-01
6.521021260209003412e-01,5.294242710912120398e-01,-1.190911398807629196e-01,5.294242710912120398e-01
4.428512232496732981e-01,5.166610633522161766e-01,-1.162201250044726381e-01,7.234894762371946175e-01
1.684771990419556831e-01,4.810072138546427345e-01,-1.081999834853626385e-01,8.535456971929145098e-01
1.684771990419547949e-01,4.863076597791893274e-01,-7.311908739370381274e-17,-8.573915636645055294e-01
4.428512232496729650e-01,5.226197417504926390e-01,-7.857881282001652916e-17,-7.285268695106014158e-01
6.521021260208998971e-01,5.360796662992461936e-01,-8.060258805695158445e-17,-5.360796662992461936e-01
6.521021260209001191e-01,6.332271836776921514e-01,-8.357299595041367582e-17,-4.168766617245928119e-01
6.521021260209001191e-01,7.026182675194391214e-01,-8.563165454278253851e-17,-2.847637395930245896e-01
6.521021260209002302e-01,7.442529178244873256e-01,-8.684342821594737549e-17,-1.443967158517078797e-01
6.521021260209002302e-01,7.581311345928367640e-01,-8.718688819621367715e-17,-8.774372175029867489e-16
6.521021260209003412e-01,7.442529178244872146e-01,-8.684342821594736316e-17,1.443967158517077687e-01
6.521021260209001191e-01,7.026182675194391214e-01,-8.563165454278253851e-17,2.847637395930245341e-01
6.521021260209000081e-01,6.332271836776921514e-01,-8.357299595041368815e-17,4.168766617245929229e-01
6.521021260208998971e-01,5.360796662992461936e-01,-8.060258805695158445e-17,5.360796662992461936e-01
4.428512232496729650e-01,5.226197417504926390e-01,-7.857881282001652916e-17,7.285268695106014158e-01
1.684771990419554610e-01,4.863076597791894384e-01,-7.311908739370383740e-17,8.573915636645054184e-01
1.684771990419552667e-01,4.810072138546425680e-01,1.081999834853625275e-01,-8.535456971929147318e-01
4.428512232496732981e-01,5.166610633522161766e-01,1.162201250044725548e-01,-7.234894762371946175e-01
6.521021260209004522e-01,5.294242710912121508e-01,1.190911398807628502e-01,-5.294242710912121508e-01
6.521021260209003412e-01,6.266001254782574970e-01,1.231889474592678113e-01,-4.086068810158873243e-01
6.521021260209003412e-01,6.960708618180633245e-01,1.253309387692720100e-01,-2.730207471129134089e-01
6.521021260209003412e-01,7.381046395956725181e-01,1.224017120925278007e-01,-1.224017120925279534e-01
6.521021260209003412e-01,7.442529178244872146e-01,1.443967158517077687e-01,-8.684342821594736316e-17
6.521021260209002302e-01,7.381046395956726291e-01,1.224017120925278007e-01,1.224017120925278562e-01
6.521021260209003412e-01,6.960708618180633245e-01,1.253309387692720378e-01,2.730207471129133534e-01
6.521021260209003412e-01,6.266001254782574970e-01,1.231889474592678113e-01,4.086068810158873243e-01
6.521021260209004522e-01,5.294242710912121508e-01,1.190911398807628502e-01,5.294242710912121508e-01
4.428512232496732981e-01,5.166610633522161766e-01,1.162201250044725548e-01,7.234894762371946175e-01
1.684771990419556831e-01,4.810072138546427345e-01,1.081999834853625692e-01,8.535456971929145098e-01
1.684771990419554610e-01,4.653794320243000993e-01,2.136337319280503799e-01,-8.422577077321472538e-01
4.428512232496732981e-01,4.991226718824829933e-01,2.291236607091541866e-01,-7.087042405562391512e-01
6.521021260209002302e-01,5.098900434937432280e-01,2.340664528097075037e-01,-5.098900434937434500e-01
6.521021260209001191e-01,6.074709923000994882e-01,2.404857199000099421e-01,-3.845886494387588672e-01
6.521021260209002302e-01,6.780251546041803357e-01,2.398381818674827082e-01,-2.398381818674828747e-01
6.521021260209003412e-01,6.960708618180633245e-01,2.730207471129133534e-01,-1.253309387692721211e-01
6.521021260209001191e-01,7.026182675194391214e-01,2.847637395930245341e-01,-8.563165454278253851e-17
6.521021260209003412e-01,6.960708618180633245e-01,2.730207471129133534e-01,1.253309387692720378e-01
6.521021260209001191e-01,6.780251546041804467e-01,2.398381818674826804e-01,2.398381818674827637e-01
6.521021260209001191e-01,6.074709923000997103e-01,2.404857199000099144e-01,3.845886494387587562e-01
6.521021260209002302e-01,5.098900434937432280e-01,2.340664528097075037e-01,5.098900434937434500e-01
4.428512232496732981e-01,4.991226718824829933e-01,2.291236607091541866e-01,7.087042405562391512e-01
1.684771990419554610e-01,4.653794320243000993e-01,2.136337319280503799e-01,8.422577077321472538e-01
1.684771990419550169e-01,4.402043228111484074e-01,3.137974058463541827e-01,-8.242370870480496547e-01
4.428512232496730761e-01,4.709655885585276591e-01,3.357254172080669230e-01,-6.851004690557855881e-01
6.521021260209000081e-01,4.787047817503395364e-01,3.412422615939322834e-01,-4.787047817503397584e-01
6.521021260209001191e-01,5.778926796183598835e-01,3.469890978709084806e-01,-3.469890978709088136e-01
6.521021260209000081e-01,6.074709923000997103e-01,3.845886494387588117e-01,-2.404857199000100254e-01
6.521021260209003412e-01,6.266001254782576080e-01,4.086068810158874354e-01,-1.231889474592679362e-01
6.521021260209000081e-01,6.332271836776921514e-01,4.168766617245929229e-01,-8.357299595041368815e-17
6.521021260209003412e-01,6.266001254782576080e-01,4.086068810158874354e-01,1.231889474592678529e-01
6.521021260209001191e-01,6.074709923000997103e-01,3.845886494387587562e-01,2.404857199000099144e-01
6.521021260209000081e-01,5.778926796183598835e-01,3.469890978709085361e-01,3.469890978709087581e-01
6.521021260209000081e-01,4.787047817503395364e-01,3.412422615939322834e-01,4.787047817503397584e-01
4.428512232496730761e-01,4.709655885585276591e-01,3.357254172080669230e-01,6.851004690557855881e-01
1.684771990419552390e-01,4.402043228111484630e-01,3.137974058463542382e-01,8.242370870480496547e-01
1.684771990419547949e-01,4.066576957985743590e-01,4.066576957985746366e-01,-8.005463573701186997e-01
4.428512232496729095e-01,4.336331358651954737e-01,4.336331358651956958e-01,-6.540698747272359892e-01
6.521021260208998971e-01,4.377072146382106621e-01,4.377072146382108842e-01,-4.377072146382110507e-01
6.521021260208998971e-01,4.787047817503394809e-01,4.787047817503397029e-01,-3.412422615939323389e-01
6.521021260209002302e-01,5.098900434937432280e-01,5.098900434937434500e-01,-2.340664528097075314e-01
6.521021260209004522e-01,5.294242710912121508e-01,5.294242710912121508e-01,-1.190911398807629334e-01
6.521021260208998971e-01,5.360796662992461936e-01,5.360796662992461936e-01,-8.060258805695158445e-17
6.521021260209004522e-01,5.294242710912121508e-01,5.294242710912121508e-01,1.190911398807628502e-01
6.521021260209003412e-01,5.098900434937432280e-01,5.098900434937433390e-01,2.340664528097074482e-01
6.521021260209000081e-01,4.787047817503395364e-01,4.787047817503397584e-01,3.412422615939322834e-01
6.521021260208998971e-01,4.377072146382106621e-01,4.377072146382108842e-01,4.377072146382110507e-01
4.428512232496729095e-01,4.336331358651954737e-01,4.336331358651956958e-01,6.540698747272359892e-01
1.684771990419550169e-01,4.066576957985744145e-01,4.066576957985746921e-01,8.005463573701184776e-01
1.684771990419550169e-01,4.053688938067769865e-01,5.284528097684507708e-01,-7.266561230628122425e-01
4.428512232496727985e-01,4.274871740086931271e-01,5.572869593505348496e-01,-5.572869593505350716e-01
4.428512232496729095e-01,4.336331358651954737e-01,6.540698747272359892e-01,-4.336331358651956958e-01
4.428512232496729095e-01,4.709655885585276036e-01,6.851004690557855881e-01,-3.357254172080669785e-01
4.428512232496732981e-01,4.991226718824829933e-01,7.087042405562391512e-01,-2.291236607091542421e-01
4.428512232496732981e-01,5.166610633522161766e-01,7.234894762371946175e-01,-1.162201250044726381e-01
4.428512232496729650e-01,5.226197417504926390e-01,7.285268695106014158e-01,-7.857881282001652916e-17
4.428512232496732981e-01,5.166610633522161766e-01,7.234894762371946175e-01,1.162201250044725548e-01
4.428512232496735201e-01,4.991226718824829933e-01,7.087042405562391512e-01,2.291236607091541866e-01
4.428512232496729095e-01,4.709655885585276036e-01,6.851004690557855881e-01,3.357254172080669230e-01
4.428512232496729095e-01,4.336331358651954737e-01,6.540698747272359892e-01,4.336331358651956958e-01
4.428512232496727985e-01,4.274871740086931271e-01,5.572869593505348496e-01,5.572869593505350716e-01
1.684771990419552667e-01,4.053688938067770420e-01,5.284528097684508818e-01,7.266561230628122425e-01
1.684771990419550169e-01,3.986112179376499198e-01,6.374655011595687926e-01,-6.374655011595692367e-01
1.684771990419552667e-01,4.053688938067770420e-01,7.266561230628122425e-01,-5.284528097684508818e-01
1.684771990419550169e-01,4.066576957985744145e-01,8.005463573701184776e-01,-4.066576957985746921e-01
1.684771990419552390e-01,4.402043228111484630e-01,8.242370870480496547e-01,-3.137974058463542937e-01
1.684771990419554610e-01,4.653794320243000993e-01,8.422577077321472538e-01,-2.136337319280504354e-01
1.684771990419556831e-01,4.810072138546427345e-01,8.535456971929145098e-01,-1.081999834853626385e-01
1.684771990419554610e-01,4.863076597791894384e-01,8.573915636645054184e-01,-7.311908739370383740e-17
1.684771990419556831e-01,4.810072138546427345e-01,8.535456971929145098e-01,1.081999834853625692e-01
1.684771990419554610e-01,4.653794320243000993e-01,8.422577077321472538e-01,2.136337319280503799e-01
1.684771990419552390e-01,4.402043228111484630e-01,8.242370870480496547e-01,3.137974058463542382e-01
1.684771990419550169e-01,4.066576957985744145e-01,8.005463573701184776e-01,4.066576957985746921e-01
1.684771990419552667e-01,4.053688938067770420e-01,7.266561230628122425e-01,5.284528097684508818e-01
1.684771990419550169e-01,3.986112179376499198e-01,6.374655011595687926e-01,6.374655011595692367e-01
1.684771990419543508e-01,4.871824076705612572e-01,-6.059161390239132805e-01,-6.059161390239136136e-01
1.684771990419541288e-01,4.932800407105518148e-01,-6.963943109159997924e-01,-4.932800407105521479e-01
1.684771990419550169e-01,5.284528097684507708e-01,-7.266561230628122425e-01,-4.053688938067769865e-01
1.684771990419541565e-01,5.571348601852600391e-01,-7.514848734004724307e-01,-3.106230287979381277e-01
1.684771990419550169e-01,5.783829217302860481e-01,-7.699622933033734018e-01,-2.103489865550231541e-01
1.684771990419552667e-01,5.914518523897244195e-01,-7.813614527328335280e-01,-1.061810712461371403e-01
1.684771990419547949e-01,5.958631742038303925e-01,-7.852149457509792763e-01,-7.167309933646920891e-17
1.684771990419552390e-01,5.914518523897244195e-01,-7.813614527328335280e-01,1.061810712461370848e-01
1.684771990419550169e-01,5.783829217302860481e-01,-7.699622933033734018e-01,2.103489865550230986e-01
1.684771990419541565e-01,5.571348601852600391e-01,-7.514848734004724307e-01,3.106230287979380722e-01
1.684771990419550169e-01,5.284528097684507708e-01,-7.266561230628122425e-01,4.053688938067769865e-01
1.684771990419541288e-01,4.932800407105518148e-01,-6.963943109159997924e-01,4.932800407105521479e-01
1.684771990419541565e-01,4.871824076705612572e-01,-6.059161390239137246e-01,6.059161390239132805e-01
1.684771990419543786e-01,4.932800407105518148e-01,-4.932800407105521479e-01,-6.963943109159997924e-01
4.428512232496727985e-01,5.176494290110078556e-01,-5.176494290110081886e-01,-5.176494290110084107e-01
4.428512232496727985e-01,5.572869593505348496e-01,-5.572869593505350716e-01,-4.274871740086931271e-01
4.428512232496723544e-01,5.898081560332388840e-01,-5.898081560332392170e-01,-3.288395843258681284e-01
4.428512232496729095e-01,6.140102523401035350e-01,-6.140102523401038681e-01,-2.233060995780293267e-01
4.428512232496732981e-01,6.289411006825057493e-01,-6.289411006825058603e-01,-1.129113714858884787e-01
4.428512232496729095e-01,6.339884833600165637e-01,-6.339884833600170078e-01,-7.625898278871656245e-17
4.428512232496732981e-01,6.289411006825057493e-01,-6.289411006825058603e-01,1.129113714858884232e-01
4.428512232496729650e-01,6.140102523401036461e-01,-6.140102523401039791e-01,2.233060995780292990e-01
4.428512232496723544e-01,5.898081560332388840e-01,-5.898081560332392170e-01,3.288395843258680173e-01
4.428512232496727985e-01,5.572869593505348496e-01,-5.572869593505350716e-01,4.274871740086931271e-01
4.428512232496727985e-01,5.176494290110078556e-01,-5.176494290110081886e-01,5.176494290110084107e-01
1.684771990419547949e-01,4.932800407105518703e-01,-4.932800407105522034e-01,6.963943109159995704e-01
1.684771990419550169e-01,5.284528097684507708e-01,-4.053688938067769865e-01,-7.266561230628122425e-01
4.428512232496727985e-01,5.572869593505348496e-01,-4.274871740086931271e-01,-5.572869593505350716e-01
4.428512232496729095e-01,6.540698747272359892e-01,-4.336331358651954737e-01,-4.336331358651956958e-01
4.428512232496729095e-01,6.851004690557855881e-01,-4.709655885585276036e-01,-3.357254172080669785e-01
4.428512232496732981e-01,7.087042405562391512e-01,-4.991226718824829933e-01,-2.291236607091542421e-01
4.428512232496732981e-01,7.234894762371946175e-01,-5.166610633522161766e-01,-1.162201250044726381e-01
4.428512232496729650e-01,7.285268695106014158e-01,-5.226197417504926390e-01,-7.857881282001652916e-17
4.428512232496732981e-01,7.234894762371946175e-01,-5.166610633522161766e-01,1.162201250044725548e-01
4.428512232496734646e-01,7.087042405562390401e-01,-4.991226718824829378e-01,2.291236607091541588e-01
4.428512232496729095e-01,6.851004690557855881e-01,-4.709655885585276036e-01,3.357254172080669230e-01
4.428512232496729095e-01,6.540698747272359892e-01,-4.336331358651954737e-01,4.336331358651956958e-01
4.428512232496727985e-01,5.572869593505348496e-01,-4.274871740086931271e-01,5.572869593505350716e-01
1.684771990419552667e-01,5.284528097684508818e-01,-4.053688938067770420e-01,7.266561230628122425e-01
1.684771990419541565e-01,5.571348601852600391e-01,-3.106230287979381277e-01,-7.514848734004724307e-01
4.428512232496723544e-01,5.898081560332388840e-01,-3.288395843258681284e-01,-5.898081560332392170e-01
4.428512232496729095e-01,6.851004690557855881e-01,-3.357254172080669785e-01,-4.709655885585276036e-01
4.428512232496733536e-01,7.601746658398572665e-01,-3.361675709237355592e-01,-3.361675709237356702e-01
4.428512232496732981e-01,7.825621557911457415e-01,-3.710189235903966209e-01,-2.320004843262315763e-01
4.428512232496734646e-01,7.970407800930403575e-01,-3.931415596186705885e-01,-1.185263811796551242e-01
4.428512232496730761e-01,8.020567254055004369e-01,-4.007340805298122977e-01,-8.033682564709291937e-17
4.428512232496734646e-01,7.970407800930403575e-01,-3.931415596186705885e-01,1.185263811796550409e-01
4.428512232496732981e-01,7.825621557911458526e-01,-3.710189235903966765e-01,2.320004843262315208e-01
4.428512232496733536e-01,7.601746658398572665e-01,-3.361675709237356702e-01,3.361675709237354481e-01
4.428512232496729095e-01,6.851004690557855881e-01,-3.357254172080669785e-01,4.709655885585276036e-01
4.428512232496723544e-01,5.898081560332388840e-01,-3.288395843258681284e-01,5.898081560332392170e-01
1.684771990419541288e-01,5.571348601852600391e-01,-3.106230287979381277e-01,7.514848734004724307e-01
1.684771990419550169e-01,5.783829217302860481e-01,-2.103489865550231541e-01,-7.699622933033734018e-01
4.428512232496730761e-01,6.140102523401035350e-01,-2.233060995780293545e-01,-6.140102523401038681e-01
4.428512232496732981e-01,7.087042405562391512e-01,-2.291236607091542421e-01,-4.991226718824829933e-01
4.428512232496732981e-01,7.825621557911458526e-01,-2.320004843262316319e-01,-3.710189235903966765e-01
4.428512232496730761e-01,8.359638023488725755e-01,-2.291804040801517506e-01,-2.291804040801518894e-01
4.428512232496732981e-01,8.496223938061233660e-01,-2.602845892118493820e-01,-1.194843698072661359e-01
4.428512232496730761e-01,8.545780510447139600e-01,-2.712547672187283765e-01,-8.156935483693873333e-17
4.428512232496734646e-01,8.496223938061232550e-01,-2.602845892118493820e-01,1.194843698072660526e-01
4.428512232496730761e-01,8.359638023488725755e-01,-2.291804040801518894e-01,2.291804040801516951e-01
4.428512232496732981e-01,7.825621557911458526e-01,-2.320004843262316319e-01,3.710189235903966765e-01
4.428512232496732981e-01,7.087042405562391512e-01,-2.291236607091542421e-01,4.991226718824829933e-01
4.428512232496730761e-01,6.140102523401035350e-01,-2.233060995780293545e-01,6.140102523401038681e-01
1.684771990419554610e-01,5.783829217302861592e-01,-2.103489865550231819e-01,7.699622933033731798e-01
1.684771990419552390e-01,5.914518523897244195e-01,-1.061810712461371403e-01,-7.813614527328335280e-01
4.428512232496730761e-01,6.289411006825058603e-01,-1.129113714858884926e-01,-6.289411006825059713e-01
4.428512232496732981e-01,7.234894762371946175e-01,-1.162201250044726381e-01,-5.166610633522161766e-01
4.428512232496732981e-01,7.970407800930404685e-01,-1.185263811796551381e-01,-3.931415596186706440e-01
4.428512232496732981e-01,8.496223938061233660e-01,-1.194843698072661359e-01,-2.602845892118493820e-01
4.428512232496732981e-01,8.814372842542818054e-01,-1.160842538691287673e-01,-1.160842538691288506e-01
4.428512232496733536e-01,8.860908464282420960e-01,-1.368422666516075636e-01,-8.230001278610001681e-17
4.428512232496732981e-01,8.814372842542818054e-01,-1.160842538691288506e-01,1.160842538691286979e-01
4.428512232496732981e-01,8.496223938061233660e-01,-1.194843698072661914e-01,2.602845892118493820e-01
4.428512232496732981e-01,7.970407800930405795e-01,-1.185263811796551103e-01,3.931415596186704775e-01
4.428512232496732981e-01,7.234894762371946175e-01,-1.162201250044726381e-01,5.166610633522161766e-01
4.428512232496730761e-01,6.289411006825058603e-01,-1.129113714858884926e-01,6.289411006825059713e-01
1.684771990419554610e-01,5.914518523897245306e-01,-1.061810712461371681e-01,7.813614527328331949e-01
1.684771990419547949e-01,5.958631742038303925e-01,-7.167309933646920891e-17,-7.852149457509792763e-01
4.428512232496729095e-01,6.339884833600165637e-01,-7.625898278871656245e-17,-6.339884833600170078e-01
4.428512232496729650e-01,7.285268695106014158e-01,-7.857881282001652916e-17,-5.226197417504926390e-01
4.428512232496730761e-01,8.020567254055004369e-01,-8.033682564709291937e-17,-4.007340805298122977e-01
4.428512232496730761e-01,8.545780510447139600e-01,-8.156935483693873333e-17,-2.712547672187283765e-01
4.428512232496733536e-01,8.860908464282420960e-01,-8.230001278610001681e-17,-1.368422666516075636e-01
4.428512232496734646e-01,8.965951115560846230e-01,-8.248846056480181863e-17,-8.301528682982376672e-16
4.428512232496733536e-01,8.860908464282420960e-01,-8.230001278610001681e-17,1.368422666516074526e-01
4.428512232496730761e-01,8.545780510447139600e-01,-8.156935483693873333e-17,2.712547672187283210e-01
4.428512232496730761e-01,8.020567254055004369e-01,-8.033682564709294402e-17,4.007340805298122977e-01
4.428512232496729650e-01,7.285268695106014158e-01,-7.857881282001652916e-17,5.226197417504926390e-01
4.428512232496729095e-01,6.339884833600165637e-01,-7.625898278871656245e-17,6.339884833600170078e-01
1.684771990419552390e-01,5.958631742038305035e-01,-7.167309933646923356e-17,7.852149457509791652e-01
1.684771990419552390e-01,5.914518523897244195e-01,1.061810712461370848e-01,-7.813614527328335280e-01
4.428512232496732981e-01,6.289411006825057493e-01,1.129113714858884232e-01,-6.289411006825058603e-01
4.428512232496732981e-01,7.234894762371946175e-01,1.162201250044725548e-01,-5.166610633522161766e-01
4.428512232496732981e-01,7.970407800930404685e-01,1.185263811796550548e-01,-3.931415596186706440e-01
4.428512232496732981e-01,8.496223938061233660e-01,1.194843698072660665e-01,-2.602845892118493820e-01
4.428512232496732981e-01,8.814372842542818054e-01,1.160842538691286979e-01,-1.160842538691288506e-01
4.428512232496733536e-01,8.860908464282420960e-01,1.368422666516074526e-01,-8.230001278610001681e-17
4.428512232496734646e-01,8.814372842542816944e-01,1.160842538691286840e-01,1.160842538691287534e-01
4.428512232496732981e-01,8.496223938061233660e-01,1.194843698072661081e-01,2.602845892118493820e-01
4.428512232496732981e-01,7.970407800930405795e-01,1.185263811796550271e-01,3.931415596186704775e-01
4.428512232496732981e-01,7.234894762371946175e-01,1.162201250044725548e-01,5.166610633522161766e-01
4.428512232496732981e-01,6.289411006825057493e-01,1.129113714858884232e-01,6.289411006825058603e-01
1.684771990419554888e-01,5.914518523897246416e-01,1.061810712461371126e-01,7.813614527328333059e-01
1.684771990419550169e-01,5.783829217302860481e-01,2.103489865550230986e-01,-7.699622933033734018e-01
4.428512232496730761e-01,6.140102523401035350e-01,2.233060995780292990e-01,-6.140102523401038681e-01
4.428512232496732981e-01,7.087042405562391512e-01,2.291236607091541866e-01,-4.991226718824829933e-01
4.428512232496732981e-01,7.825621557911458526e-01,2.320004843262315208e-01,-3.710189235903966765e-01
4.428512232496730761e-01,8.359638023488725755e-01,2.291804040801516951e-01,-2.291804040801518894e-01
4.428512232496732981e-01,8.496223938061233660e-01,2.602845892118493820e-01,-1.194843698072661914e-01
4.428512232496730761e-01,8.545780510447139600e-01,2.712547672187283210e-01,-8.156935483693873333e-17
4.428512232496734646e-01,8.496223938061232550e-01,2.602845892118493820e-01,1.194843698072660942e-01
4.428512232496730761e-01,8.359638023488725755e-01,2.291804040801517506e-01,2.291804040801518616e-01
4.428512232496732981e-01,7.825621557911458526e-01,2.320004843262315208e-01,3.710189235903966765e-01
4.428512232496732981e-01,7.087042405562391512e-01,2.291236607091541866e-01,4.991226718824829933e-01
4.428512232496730761e-01,6.140102523401035350e-01,2.233060995780292990e-01,6.140102523401038681e-01
1.684771990419554610e-01,5.783829217302861592e-01,2.103489865550231541e-01,7.699622933033731798e-01
1.684771990419541565e-01,5.571348601852600391e-01,3.106230287979380722e-01,-7.514848734004724307e-01
4.428512232496723544e-01,5.898081560332388840e-01,3.288395843258680173e-01,-5.898081560332392170e-01
4.428512232496730761e-01,6.851004690557855881e-01,3.357254172080669230e-01,-4.709655885585276591e-01
4.428512232496733536e-01,7.601746658398572665e-01,3.361675709237354481e-01,-3.361675709237356702e-01
4.428512232496732981e-01,7.825621557911457415e-01,3.710189235903966209e-01,-2.320004843262315763e-01
4.428512232496732981e-01,7.970407800930405795e-01,3.931415596186704775e-01,-1.185263811796551103e-01
4.428512232496730761e-01,8.020567254055004369e-01,4.007340805298122977e-01,-8.033682564709294402e-17
4.428512232496732981e-01,7.970407800930405795e-01,3.931415596186704775e-01,1.185263811796550271e-01
4.428512232496732981e-01,7.825621557911458526e-01,3.710189235903966765e-01,2.320004843262315208e-01
4.428512232496729095e-01,7.601746658398574885e-01,3.361675709237355036e-01,3.361675709237356702e-01
4.428512232496730761e-01,6.851004690557855881e-01,3.357254172080669230e-01,4.709655885585276591e-01
4.428512232496723544e-01,5.898081560332388840e-01,3.288395843258680173e-01,5.898081560332392170e-01
1.684771990419543508e-01,5.571348601852599280e-01,3.106230287979380722e-01,7.514848734004723196e-01
1.684771990419550169e-01,5.284528097684507708e-01,4.053688938067769865e-01,-7.266561230628122425e-01
4.428512232496727985e-01,5.572869593505348496e-01,4.274871740086931271e-01,-5.572869593505350716e-01
4.428512232496729095e-01,6.540698747272359892e-01,4.336331358651954737e-01,-4.336331358651956958e-01
4.428512232496729095e-01,6.851004690557855881e-01,4.709655885585276036e-01,-3.357254172080669785e-01
4.428512232496732981e-01,7.087042405562391512e-01,4.991226718824829933e-01,-2.291236607091542421e-01
4.428512232496732981e-01,7.234894762371946175e-01,5.166610633522161766e-01,-1.162201250044726381e-01
4.428512232496729650e-01,7.285268695106014158e-01,5.226197417504926390e-01,-7.857881282001652916e-17
4.428512232496732981e-01,7.234894762371946175e-01,5.166610633522161766e-01,1.162201250044725548e-01
4.428512232496734646e-01,7.087042405562390401e-01,4.991226718824829378e-01,2.291236607091541588e-01
4.428512232496729095e-01,6.851004690557855881e-01,4.709655885585276036e-01,3.357254172080669230e-01
4.428512232496729095e-01,6.540698747272359892e-01,4.336331358651954737e-01,4.336331358651956958e-01
4.428512232496727985e-01,5.572869593505348496e-01,4.274871740086931271e-01,5.572869593505350716e-01
1.684771990419552667e-01,5.284528097684508818e-01,4.053688938067770420e-01,7.266561230628122425e-01
1.684771990419543786e-01,4.932800407105518148e-01,4.932800407105521479e-01,-6.963943109159997924e-01
4.428512232496727985e-01,5.176494290110078556e-01,5.176494290110081886e-01,-5.176494290110084107e-01
4.428512232496727985e-01,5.572869593505348496e-01,5.572869593505350716e-01,-4.274871740086931271e-01
4.428512232496723544e-01,5.898081560332388840e-01,5.898081560332392170e-01,-3.288395843258681284e-01
4.428512232496729095e-01,6.140102523401035350e-01,6.140102523401038681e-01,-2.233060995780293267e-01
4.428512232496732981e-01,6.289411006825057493e-01,6.289411006825058603e-01,-1.129113714858884787e-01
4.428512232496729095e-01,6.339884833600165637e-01,6.339884833600170078e-01,-7.625898278871656245e-17
4.428512232496732981e-01,6.289411006825057493e-01,6.289411006825058603e-01,1.129113714858884232e-01
4.428512232496729650e-01,6.140102523401036461e-01,6.140102523401039791e-01,2.233060995780292990e-01
4.428512232496723544e-01,5.898081560332388840e-01,5.898081560332392170e-01,3.288395843258680173e-01
4.428512232496727985e-01,5.572869593505348496e-01,5.572869593505350716e-01,4.274871740086931271e-01
4.428512232496727985e-01,5.176494290110078556e-01,5.176494290110081886e-01,5.176494290110084107e-01
1.684771990419547949e-01,4.932800407105518703e-01,4.932800407105522034e-01,6.963943109159995704e-01
1.684771990419541565e-01,4.871824076705612572e-01,6.059161390239132805e-01,-6.059161390239137246e-01
1.684771990419547949e-01,4.932800407105518703e-01,6.963943109159995704e-01,-4.932800407105522034e-01
1.684771990419552667e-01,5.284528097684508818e-01,7.266561230628122425e-01,-4.053688938067770420e-01
1.684771990419541288e-01,5.571348601852600391e-01,7.514848734004724307e-01,-3.106230287979381277e-01
1.684771990419554610e-01,5.783829217302861592e-01,7.699622933033731798e-01,-2.103489865550231819e-01
1.684771990419554888e-01,5.914518523897246416e-01,7.813614527328333059e-01,-1.061810712461371820e-01
1.684771990419552390e-01,5.958631742038305035e-01,7.852149457509791652e-01,-7.167309933646923356e-17
1.684771990419554888e-01,5.914518523897246416e-01,7.813614527328333059e-01,1.061810712461371126e-01
1.684771990419554610e-01,5.783829217302861592e-01,7.699622933033731798e-01,2.103489865550231541e-01
1.684771990419543508e-01,5.571348601852599280e-01,7.514848734004723196e-01,3.106230287979380722e-01
1.684771990419552667e-01,5.284528097684508818e-01,7.266561230628122425e-01,4.053688938067770420e-01
1.684771990419547949e-01,4.932800407105518703e-01,6.963943109159995704e-01,4.932800407105522034e-01
1.684771990419541565e-01,4.871824076705612572e-01,6.059161390239132805e-01,6.059161390239137246e-01
1.684771990419543786e-01,5.690973652498537705e-01,-5.690973652498543256e-01,-5.690973652498545476e-01
1.684771990419541565e-01,6.059161390239132805e-01,-6.059161390239137246e-01,-4.871824076705612572e-01
1.684771990419548227e-01,6.374655011595687926e-01,-6.374655011595692367e-01,-3.986112179376499753e-01
1.684771990419552390e-01,6.629479035644184615e-01,-6.629479035644189056e-01,-3.043280922328101545e-01
1.684771990419552390e-01,6.816811124769356356e-01,-6.816811124769361907e-01,-2.055168002558220297e-01
1.684771990419552390e-01,6.931414309188671519e-01,-6.931414309188675960e-01,-1.035632506754564780e-01
1.684771990419541288e-01,6.969990794122246092e-01,-6.969990794122250533e-01,-6.986515028231855139e-17
1.684771990419552390e-01,6.931414309188671519e-01,-6.931414309188675960e-01,1.035632506754564364e-01
1.684771990419552390e-01,6.816811124769356356e-01,-6.816811124769361907e-01,2.055168002558219464e-01
1.684771990419552390e-01,6.629479035644184615e-01,-6.629479035644189056e-01,3.043280922328101545e-01
1.684771990419548227e-01,6.374655011595687926e-01,-6.374655011595692367e-01,3.986112179376499753e-01
1.684771990419541565e-01,6.059161390239132805e-01,-6.059161390239137246e-01,4.871824076705612572e-01
1.684771990419541288e-01,5.690973652498537705e-01,-5.690973652498546587e-01,5.690973652498541036e-01
1.684771990419541565e-01,6.059161390239132805e-01,-4.871824076705612572e-01,-6.059161390239137246e-01
1.684771990419547949e-01,6.963943109159995704e-01,-4.932800407105518703e-01,-4.932800407105522034e-01
1.684771990419552667e-01,7.266561230628122425e-01,-5.284528097684508818e-01,-4.053688938067770420e-01
1.684771990419541288e-01,7.514848734004724307e-01,-5.571348601852600391e-01,-3.106230287979381277e-01
1.684771990419554610e-01,7.699622933033731798e-01,-5.783829217302861592e-01,-2.103489865550231819e-01
1.684771990419554888e-01,7.813614527328333059e-01,-5.914518523897246416e-01,-1.061810712461371820e-01
1.684771990419552390e-01,7.852149457509791652e-01,-5.958631742038305035e-01,-7.167309933646923356e-17
1.684771990419554888e-01,7.813614527328333059e-01,-5.914518523897246416e-01,1.061810712461371126e-01
1.684771990419554610e-01,7.699622933033731798e-01,-5.783829217302861592e-01,2.103489865550231541e-01
1.684771990419543508e-01,7.514848734004723196e-01,-5.571348601852599280e-01,3.106230287979380722e-01
1.684771990419552667e-01,7.266561230628122425e-01,-5.284528097684508818e-01,4.053688938067770420e-01
1.684771990419547949e-01,6.963943109159995704e-01,-4.932800407105518703e-01,4.932800407105522034e-01
1.684771990419541565e-01,6.059161390239132805e-01,-4.871824076705612572e-01,6.059161390239137246e-01
1.684771990419550169e-01,6.374655011595687926e-01,-3.986112179376499198e-01,-6.374655011595692367e-01
1.684771990419552667e-01,7.266561230628122425e-01,-4.053688938067770420e-01,-5.284528097684508818e-01
1.684771990419550169e-01,8.005463573701184776e-01,-4.066576957985744145e-01,-4.066576957985746921e-01
1.684771990419552390e-01,8.242370870480496547e-01,-4.402043228111484630e-01,-3.137974058463542937e-01
1.684771990419554610e-01,8.422577077321472538e-01,-4.653794320243000993e-01,-2.136337319280504354e-01
1.684771990419557108e-01,8.535456971929146208e-01,-4.810072138546427900e-01,-1.081999834853626524e-01
1.684771990419554610e-01,8.573915636645054184e-01,-4.863076597791894384e-01,-7.311908739370383740e-17
1.684771990419557108e-01,8.535456971929146208e-01,-4.810072138546427900e-01,1.081999834853625830e-01
1.684771990419554610e-01,8.422577077321472538e-01,-4.653794320243000993e-01,2.136337319280503799e-01
1.684771990419552390e-01,8.242370870480496547e-01,-4.402043228111484630e-01,3.137974058463542382e-01
1.684771990419550169e-01,8.005463573701184776e-01,-4.066576957985744145e-01,4.066576957985746921e-01
1.684771990419552667e-01,7.266561230628122425e-01,-4.053688938067770420e-01,5.284528097684508818e-01
1.684771990419550169e-01,6.374655011595687926e-01,-3.986112179376499198e-01,6.374655011595692367e-01
1.684771990419550169e-01,6.629479035644184615e-01,-3.043280922328101545e-01,-6.629479035644189056e-01
1.684771990419541288e-01,7.514848734004724307e-01,-3.106230287979381277e-01,-5.571348601852600391e-01
1.684771990419552390e-01,8.242370870480496547e-01,-3.137974058463542937e-01,-4.402043228111484630e-01
1.684771990419554610e-01,8.815535046122109364e-01,-3.118323683559051096e-01,-3.118323683559053316e-01
1.684771990419552390e-01,8.986455385896399140e-01,-3.434199002538332324e-01,-2.147426401196580459e-01
1.684771990419559051e-01,9.096994414189814027e-01,-3.633993228708043977e-01,-1.095595355138535704e-01
1.684771990419556831e-01,9.135289331528035905e-01,-3.702435977781085574e-01,-7.422427192198720173e-17
1.684771990419559051e-01,9.096994414189814027e-01,-3.633993228708043977e-01,1.095595355138535010e-01
1.684771990419552390e-01,8.986455385896399140e-01,-3.434199002538332324e-01,2.147426401196579626e-01
1.684771990419554610e-01,8.815535046122109364e-01,-3.118323683559053316e-01,3.118323683559050541e-01
1.684771990419552390e-01,8.242370870480496547e-01,-3.137974058463542937e-01,4.402043228111484630e-01
1.684771990419541288e-01,7.514848734004724307e-01,-3.106230287979381277e-01,5.571348601852600391e-01
1.684771990419552390e-01,6.629479035644185725e-01,-3.043280922328102100e-01,6.629479035644189056e-01
1.684771990419552390e-01,6.816811124769357466e-01,-2.055168002558220852e-01,-6.816811124769363017e-01
1.684771990419554610e-01,7.699622933033731798e-01,-2.103489865550231819e-01,-5.783829217302861592e-01
1.684771990419554610e-01,8.422577077321472538e-01,-2.136337319280504354e-01,-4.653794320243000993e-01
1.684771990419552112e-01,8.986455385896396919e-01,-2.147426401196579904e-01,-3.434199002538331769e-01
1.684771990419554610e-01,9.394157526422771687e-01,-2.110846715071008350e-01,-2.110846715071009738e-01
1.684771990419554888e-01,9.498435902327843072e-01,-2.394393690362417448e-01,-1.099153130923909011e-01
1.684771990419560717e-01,9.536270542158736818e-01,-2.494210794430416767e-01,-7.500371971894714546e-17
1.684771990419554888e-01,9.498435902327843072e-01,-2.394393690362417448e-01,1.099153130923908317e-01
1.684771990419554610e-01,9.394157526422771687e-01,-2.110846715071009738e-01,2.110846715071008073e-01
1.684771990419552112e-01,8.986455385896396919e-01,-2.147426401196579904e-01,3.434199002538331769e-01
1.684771990419554610e-01,8.422577077321472538e-01,-2.136337319280504354e-01,4.653794320243000993e-01
1.684771990419554610e-01,7.699622933033731798e-01,-2.103489865550231819e-01,5.783829217302861592e-01
1.684771990419556553e-01,6.816811124769357466e-01,-2.055168002558220297e-01,6.816811124769359687e-01
1.684771990419552112e-01,6.931414309188671519e-01,-1.035632506754564780e-01,-6.931414309188675960e-01
1.684771990419554610e-01,7.813614527328331949e-01,-1.061810712461371681e-01,-5.914518523897245306e-01
1.684771990419557108e-01,8.535456971929146208e-01,-1.081999834853626524e-01,-4.810072138546427900e-01
1.684771990419559051e-01,9.096994414189814027e-01,-1.095595355138535704e-01,-3.633993228708043977e-01
1.684771990419554888e-01,9.498435902327843072e-01,-1.099153130923909011e-01,-2.394393690362417448e-01
1.684771990419559329e-01,9.741331014603167304e-01,-1.064897507797851334e-01,-1.064897507797852028e-01
1.684771990419560994e-01,9.776859268537159142e-01,-1.254817191273998600e-01,-7.546752433514664714e-17
1.684771990419559329e-01,9.741331014603167304e-01,-1.064897507797852028e-01,1.064897507797850640e-01
1.684771990419552390e-01,9.498435902327844182e-01,-1.099153130923909288e-01,2.394393690362416893e-01
1.684771990419554610e-01,9.096994414189815137e-01,-1.095595355138535704e-01,3.633993228708042866e-01
1.684771990419557108e-01,8.535456971929146208e-01,-1.081999834853626524e-01,4.810072138546427900e-01
1.684771990419554610e-01,7.813614527328331949e-01,-1.061810712461371681e-01,5.914518523897245306e-01
1.684771990419552667e-01,6.931414309188673739e-01,-1.035632506754565474e-01,6.931414309188674849e-01
1.684771990419541288e-01,6.969990794122246092e-01,-6.986515028231855139e-17,-6.969990794122250533e-01
1.684771990419552390e-01,7.852149457509791652e-01,-7.167309933646923356e-17,-5.958631742038305035e-01
1.684771990419554610e-01,8.573915636645054184e-01,-7.311908739370383740e-17,-4.863076597791894384e-01
1.684771990419556831e-01,9.135289331528035905e-01,-7.422427192198720173e-17,-3.702435977781085574e-01
1.684771990419560717e-01,9.536270542158736818e-01,-7.500371971894714546e-17,-2.494210794430416767e-01
1.684771990419560994e-01,9.776859268537159142e-01,-7.546752433514664714e-17,-1.254817191273998600e-01
1.684771990419559051e-01,9.857055510663299547e-01,-7.557232581877165240e-17,-7.605498103960521905e-16
1.684771990419560994e-01,9.776859268537159142e-01,-7.546752433514664714e-17,1.254817191273998045e-01
1.684771990419554888e-01,9.536270542158739039e-01,-7.500371971894714546e-17,2.494210794430416767e-01
1.684771990419559051e-01,9.135289331528035905e-01,-7.422427192198720173e-17,3.702435977781085019e-01
1.684771990419554610e-01,8.573915636645054184e-01,-7.311908739370383740e-17,4.863076597791894384e-01
1.684771990419552390e-01,7.852149457509791652e-01,-7.167309933646923356e-17,5.958631742038305035e-01
1.684771990419552390e-01,6.969990794122246092e-01,-6.986515028231857605e-17,6.969990794122248312e-01
1.684771990419552112e-01,6.931414309188671519e-01,1.035632506754564364e-01,-6.931414309188675960e-01
1.684771990419554610e-01,7.813614527328331949e-01,1.061810712461370987e-01,-5.914518523897245306e-01
1.684771990419557108e-01,8.535456971929146208e-01,1.081999834853625830e-01,-4.810072138546427900e-01
1.684771990419559051e-01,9.096994414189814027e-01,1.095595355138535010e-01,-3.633993228708043977e-01
1.684771990419554888e-01,9.498435902327843072e-01,1.099153130923908317e-01,-2.394393690362417448e-01
1.684771990419559329e-01,9.741331014603167304e-01,1.064897507797850640e-01,-1.064897507797852028e-01
1.684771990419560994e-01,9.776859268537159142e-01,1.254817191273998045e-01,-7.546752433514664714e-17
1.684771990419559329e-01,9.741331014603167304e-01,1.064897507797850640e-01,1.064897507797851334e-01
1.684771990419552390e-01,9.498435902327844182e-01,1.099153130923908317e-01,2.394393690362416893e-01
1.684771990419554610e-01,9.096994414189815137e-01,1.095595355138535010e-01,3.633993228708042866e-01
1.684771990419557108e-01,8.535456971929146208e-01,1.081999834853625830e-01,4.810072138546427900e-01
1.684771990419554610e-01,7.813614527328331949e-01,1.061810712461370987e-01,5.914518523897245306e-01
1.684771990419552390e-01,6.931414309188673739e-01,1.035632506754564780e-01,6.931414309188674849e-01
1.684771990419552390e-01,6.816811124769357466e-01,2.055168002558220020e-01,-6.816811124769363017e-01
1.684771990419554610e-01,7.699622933033731798e-01,2.103489865550231541e-01,-5.783829217302861592e-01
1.684771990419554610e-01,8.422577077321472538e-01,2.136337319280503799e-01,-4.653794320243000993e-01
1.684771990419552390e-01,8.986455385896399140e-01,2.147426401196579626e-01,-3.434199002538332324e-01
1.684771990419554610e-01,9.394157526422771687e-01,2.110846715071008073e-01,-2.110846715071009738e-01
1.684771990419552390e-01,9.498435902327844182e-01,2.394393690362416893e-01,-1.099153130923909288e-01
1.684771990419554888e-01,9.536270542158739039e-01,2.494210794430416767e-01,-7.500371971894714546e-17
1.684771990419552390e-01,9.498435902327844182e-01,2.394393690362416893e-01,1.099153130923908317e-01
1.684771990419554610e-01,9.394157526422771687e-01,2.110846715071008350e-01,2.110846715071009461e-01
1.684771990419552390e-01,8.986455385896399140e-01,2.147426401196579626e-01,3.434199002538332324e-01
1.684771990419554610e-01,8.422577077321472538e-01,2.136337319280503799e-01,4.653794320243000993e-01
1.684771990419554610e-01,7.699622933033731798e-01,2.103489865550231541e-01,5.783829217302861592e-01
1.684771990419558774e-01,6.816811124769357466e-01,2.055168002558219464e-01,6.816811124769359687e-01
1.684771990419550169e-01,6.629479035644184615e-01,3.043280922328101545e-01,-6.629479035644189056e-01
1.684771990419541288e-01,7.514848734004724307e-01,3.106230287979380722e-01,-5.571348601852600391e-01
1.684771990419552390e-01,8.242370870480496547e-01,3.137974058463542382e-01,-4.402043228111484630e-01
1.684771990419554610e-01,8.815535046122109364e-01,3.118323683559050541e-01,-3.118323683559053316e-01
1.684771990419552390e-01,8.986455385896399140e-01,3.434199002538332324e-01,-2.147426401196580459e-01
1.684771990419554610e-01,9.096994414189815137e-01,3.633993228708042866e-01,-1.095595355138535704e-01
1.684771990419559051e-01,9.135289331528035905e-01,3.702435977781085019e-01,-7.422427192198720173e-17
1.684771990419554610e-01,9.096994414189815137e-01,3.633993228708042866e-01,1.095595355138535010e-01
1.684771990419552390e-01,8.986455385896399140e-01,3.434199002538332324e-01,2.147426401196579626e-01
1.684771990419552390e-01,8.815535046122111584e-01,3.118323683559050541e-01,3.118323683559052761e-01
1.684771990419552390e-01,8.242370870480496547e-01,3.137974058463542382e-01,4.402043228111484630e-01
1.684771990419541288e-01,7.514848734004724307e-01,3.106230287979380722e-01,5.571348601852600391e-01
1.684771990419552390e-01,6.629479035644185725e-01,3.043280922328102100e-01,6.629479035644189056e-01
1.684771990419550169e-01,6.374655011595687926e-01,3.986112179376499198e-01,-6.374655011595692367e-01
1.684771990419552667e-01,7.266561230628122425e-01,4.053688938067770420e-01,-5.284528097684508818e-01
1.684771990419550169e-01,8.005463573701184776e-01,4.066576957985744145e-01,-4.066576957985746921e-01
1.684771990419552390e-01,8.242370870480496547e-01,4.402043228111484630e-01,-3.137974058463542937e-01
1.684771990419554610e-01,8.422577077321472538e-01,4.653794320243000993e-01,-2.136337319280504354e-01
1.684771990419557108e-01,8.535456971929146208e-01,4.810072138546427900e-01,-1.081999834853626524e-01
1.684771990419554610e-01,8.573915636645054184e-01,4.863076597791894384e-01,-7.311908739370383740e-17
1.684771990419557108e-01,8.535456971929146208e-01,4.810072138546427900e-01,1.081999834853625830e-01
1.684771990419554610e-01,8.422577077321472538e-01,4.653794320243000993e-01,2.136337319280503799e-01
1.684771990419552390e-01,8.242370870480496547e-01,4.402043228111484630e-01,3.137974058463542382e-01
1.684771990419550169e-01,8.005463573701184776e-01,4.066576957985744145e-01,4.066576957985746921e-01
1.684771990419552667e-01,7.266561230628122425e-01,4.053688938067770420e-01,5.284528097684508818e-01
1.684771990419550169e-01,6.374655011595687926e-01,3.986112179376499198e-01,6.374655011595692367e-01
1.684771990419541565e-01,6.059161390239132805e-01,4.871824076705612572e-01,-6.059161390239137246e-01
1.684771990419547949e-01,6.963943109159995704e-01,4.932800407105518703e-01,-4.932800407105522034e-01
1.684771990419552667e-01,7.266561230628122425e-01,5.284528097684508818e-01,-4.053688938067770420e-01
1.684771990419541288e-01,7.514848734004724307e-01,5.571348601852600391e-01,-3.106230287979381277e-01
1.684771990419554610e-01,7.699622933033731798e-01,5.783829217302861592e-01,-2.103489865550231819e-01
1.684771990419554888e-01,7.813614527328333059e-01,5.914518523897246416e-01,-1.061810712461371820e-01
1.684771990419552390e-01,7.852149457509791652e-01,5.958631742038305035e-01,-7.167309933646923356e-17
1.684771990419554888e-01,7.813614527328333059e-01,5.914518523897246416e-01,1.061810712461371126e-01
1.684771990419554610e-01,7.699622933033731798e-01,5.783829217302861592e-01,2.103489865550231541e-01
1.684771990419543508e-01,7.514848734004723196e-01,5.571348601852599280e-01,3.106230287979380722e-01
1.684771990419552667e-01,7.266561230628122425e-01,5.284528097684508818e-01,4.053688938067770420e-01
1.684771990419547949e-01,6.963943109159995704e-01,4.932800407105518703e-01,4.932800407105522034e-01
1.684771990419541565e-01,6.059161390239132805e-01,4.871824076705612572e-01,6.059161390239137246e-01
1.684771990419541288e-01,5.690973652498537705e-01,5.690973652498541036e-01,-5.690973652498546587e-01
1.684771990419541565e-01,6.059161390239132805e-01,6.059161390239137246e-01,-4.871824076705612572e-01
1.684771990419550169e-01,6.374655011595687926e-01,6.374655011595692367e-01,-3.986112179376499198e-01
1.684771990419552390e-01,6.629479035644185725e-01,6.629479035644189056e-01,-3.043280922328102100e-01
1.684771990419556831e-01,6.816811124769358576e-01,6.816811124769360797e-01,-2.055168002558220852e-01
1.684771990419552667e-01,6.931414309188673739e-01,6.931414309188674849e-01,-1.035632506754565474e-01
1.684771990419552390e-01,6.969990794122246092e-01,6.969990794122248312e-01,-6.986515028231857605e-17
1.684771990419552667e-01,6.931414309188673739e-01,6.931414309188674849e-01,1.035632506754564780e-01
1.684771990419556831e-01,6.816811124769358576e-01,6.816811124769360797e-01,2.055168002558220020e-01
1.684771990419552390e-01,6.629479035644185725e-01,6.629479035644189056e-01,3.043280922328102100e-01
1.684771990419550169e-01,6.374655011595687926e-01,6.374655011595692367e-01,3.986112179376499198e-01
1.684771990419541565e-01,6.059161390239132805e-01,6.059161390239137246e-01,4.871824076705612572e-01
1.684771990419543508e-01,5.690973652498538815e-01,5.690973652498542146e-01,5.690973652498544366e-01
