1.309988949563623828e-01,-5.723749614603498292e-01,-5.723749614603501623e-01,-5.723749614603503844e-01
1.309988949563634653e-01,-6.006117135338211455e-01,-6.006117135338214785e-01,-5.112440010915976218e-01
1.309988949563628269e-01,-6.259860971944701813e-01,-6.259860971944705144e-01,-4.462309959636175383e-01
1.309988949563634930e-01,-6.481453314975968993e-01,-6.481453314975971214e-01,-3.776963701651792071e-01
1.309988949563632987e-01,-6.667660121503282689e-01,-6.667660121503284909e-01,-3.060808056747567063e-01
1.309988949563624105e-01,-6.815651180949259258e-01,-6.815651180949262589e-01,-2.318992650111487974e-01
1.309988949563637151e-01,-6.923102627231695338e-01,-6.923102627231698669e-01,-1.557314668798931989e-01
1.309988949563615224e-01,-6.988285314663404968e-01,-6.988285314663408299e-01,-7.820905789873446035e-02
1.309988949563626048e-01,-7.010132985615220580e-01,-7.010132985615223911e-01,-3.445811266978992003e-17
1.309988949563615224e-01,-6.988285314663404968e-01,-6.988285314663408299e-01,7.820905789873446035e-02
1.309988949563637151e-01,-6.923102627231695338e-01,-6.923102627231698669e-01,1.557314668798931157e-01
1.309988949563626048e-01,-6.815651180949259258e-01,-6.815651180949262589e-01,2.318992650111487419e-01
1.309988949563632987e-01,-6.667660121503282689e-01,-6.667660121503284909e-01,3.060808056747567063e-01
1.309988949563634930e-01,-6.481453314975968993e-01,-6.481453314975971214e-01,3.776963701651792071e-01
1.309988949563628269e-01,-6.259860971944701813e-01,-6.259860971944705144e-01,4.462309959636175383e-01
1.309988949563636873e-01,-6.006117135338211455e-01,-6.006117135338214785e-01,5.112440010915975108e-01
1.309988949563623828e-01,-5.723749614603498292e-01,-5.723749614603501623e-01,5.723749614603503844e-01
1.309988949563634653e-01,-6.006117135338211455e-01,-5.112440010915976218e-01,-6.006117135338214785e-01
1.309988949563628269e-01,-6.705798566406441230e-01,-5.163147999951310796e-01,-5.163147999951315237e-01
1.309988949563624105e-01,-6.951146068427629388e-01,-5.436887074559376698e-01,-4.517273096226693818e-01
1.309988949563624105e-01,-7.167357216903449402e-01,-5.677260121467180287e-01,-3.831662431702682059e-01
1.309988949563628546e-01,-7.350466308393530657e-01,-5.880233121780003014e-01,-3.110857186486415404e-01
1.309988949563623828e-01,-7.496932722594074061e-01,-6.042208825844817000e-01,-2.360432420087980876e-01
1.309988949563628546e-01,-7.603801697714149821e-01,-6.160187961681270474e-01,-1.586887825467748203e-01
1.309988949563632987e-01,-7.668847389933719505e-01,-6.231912639947079224e-01,-7.974794730874217030e-02
1.309988949563628546e-01,-7.690685834837290846e-01,-6.255979566930685021e-01,-3.514410586088920904e-17
1.309988949563632987e-01,-7.668847389933719505e-01,-6.231912639947079224e-01,7.974794730874217030e-02
1.309988949563628546e-01,-7.603801697714150931e-01,-6.160187961681270474e-01,1.586887825467747370e-01
1.309988949563623828e-01,-7.496932722594074061e-01,-6.042208825844817000e-01,2.360432420087980598e-01
1.309988949563628546e-01,-7.350466308393530657e-01,-5.880233121780003014e-01,3.110857186486415404e-01
1.309988949563624105e-01,-7.167357216903449402e-01,-5.677260121467180287e-01,3.831662431702682059e-01
1.309988949563624105e-01,-6.951146068427629388e-01,-5.436887074559376698e-01,4.517273096226693818e-01
1.309988949563628269e-01,-6.705798566406442340e-01,-5.163147999951315237e-01,5.163147999951310796e-01
1.309988949563634653e-01,-6.006117135338211455e-01,-5.112440010915976218e-01,6.006117135338214785e-01
1.309988949563630489e-01,-6.259860971944701813e-01,-4.462309959636175383e-01,-6.259860971944705144e-01
1.309988949563624105e-01,-6.951146068427629388e-01,-4.517273096226693818e-01,-5.436887074559376698e-01
1.309988949563628546e-01,-7.556907657968989778e-01,-4.537459399319779263e-01,-4.537459399319780928e-01
1.309988949563628546e-01,-7.765206041471686138e-01,-4.803193871372907209e-01,-3.861972646138056020e-01
1.309988949563632987e-01,-7.943693276644854251e-01,-5.029136053481467750e-01,-3.144750647377528296e-01
1.309988949563632987e-01,-8.087857318100117876e-01,-5.210501809129910455e-01,-2.391895451546637852e-01
1.309988949563630767e-01,-8.193838499283421228e-01,-5.343214366873394461e-01,-1.610900316382040676e-01
1.309988949563630489e-01,-8.258674059004377233e-01,-5.424152861952489246e-01,-8.104304222584161888e-02
1.309988949563628269e-01,-8.280498304163081968e-01,-5.451355499944349203e-01,-3.572798070176712705e-17
1.309988949563630489e-01,-8.258674059004377233e-01,-5.424152861952489246e-01,8.104304222584161888e-02
1.309988949563630489e-01,-8.193838499283421228e-01,-5.343214366873394461e-01,1.610900316382040398e-01
1.309988949563632987e-01,-8.087857318100117876e-01,-5.210501809129910455e-01,2.391895451546637297e-01
1.309988949563632987e-01,-7.943693276644854251e-01,-5.029136053481467750e-01,3.144750647377528296e-01
1.309988949563628546e-01,-7.765206041471686138e-01,-4.803193871372907209e-01,3.861972646138056020e-01
1.309988949563628546e-01,-7.556907657968989778e-01,-4.537459399319779263e-01,4.537459399319780928e-01
1.309988949563624105e-01,-6.951146068427631608e-01,-4.517273096226692153e-01,5.436887074559374478e-01
1.309988949563630489e-01,-6.259860971944701813e-01,-4.462309959636175383e-01,6.259860971944705144e-01
1.309988949563632987e-01,-6.481453314975967883e-01,-3.776963701651792071e-01,-6.481453314975970104e-01
1.309988949563623828e-01,-7.167357216903448291e-01,-3.831662431702681504e-01,-5.677260121467179177e-01
1.309988949563628269e-01,-7.765206041471685028e-01,-3.861972646138055465e-01,-4.803193871372906654e-01
1.309988949563630212e-01,-8.277076889291143935e-01,-3.858362808289519941e-01,-3.858362808289522161e-01
1.309988949563639093e-01,-8.448279944306639200e-01,-4.116024827542429931e-01,-3.157346125102801770e-01
1.309988949563628269e-01,-8.588746017171086100e-01,-4.324749439208109281e-01,-2.411205734195680239e-01
1.309988949563630489e-01,-8.693280098634345032e-01,-4.478596948598949634e-01,-1.628796933540020975e-01
1.309988949563630489e-01,-8.757769657602738622e-01,-4.572901893244815663e-01,-8.209554501627919221e-02
1.309988949563630212e-01,-8.779570393592597277e-01,-4.604679430315804511e-01,-3.621467677002388493e-17
1.309988949563630489e-01,-8.757769657602738622e-01,-4.572901893244815663e-01,8.209554501627919221e-02
1.309988949563630489e-01,-8.693280098634345032e-01,-4.478596948598949634e-01,1.628796933540020420e-01
1.309988949563628269e-01,-8.588746017171086100e-01,-4.324749439208109281e-01,2.411205734195679684e-01
1.309988949563639093e-01,-8.448279944306639200e-01,-4.116024827542429931e-01,3.157346125102801770e-01
1.309988949563630212e-01,-8.277076889291143935e-01,-3.858362808289519941e-01,3.858362808289522161e-01
1.309988949563628269e-01,-7.765206041471685028e-01,-3.861972646138055465e-01,4.803193871372906654e-01
1.309988949563623828e-01,-7.167357216903451622e-01,-3.831662431702680394e-01,5.677260121467176957e-01
1.309988949563632987e-01,-6.481453314975967883e-01,-3.776963701651792071e-01,6.481453314975970104e-01
1.309988949563632987e-01,-6.667660121503282689e-01,-3.060808056747567063e-01,-6.667660121503284909e-01
1.309988949563628546e-01,-7.350466308393530657e-01,-3.110857186486415404e-01,-5.880233121780003014e-01
1.309988949563632710e-01,-7.943693276644853141e-01,-3.144750647377527741e-01,-5.029136053481466639e-01
1.309988949563639093e-01,-8.448279944306639200e-01,-3.157346125102801770e-01,-4.116024827542429931e-01
1.309988949563632987e-01,-8.866306260372907033e-01,-3.136283010929765691e-01,-3.136283010929767912e-01
1.309988949563632710e-01,-9.000334099708208191e-01,-3.384727481444002040e-01,-2.412785718212155373e-01
1.309988949563636873e-01,-9.102283887097852855e-01,-3.570200224727752558e-01,-1.638910414285623118e-01
1.309988949563632987e-01,-9.166144513529957960e-01,-3.684921066187725192e-01,-8.289031578367631048e-02
1.309988949563632710e-01,-9.187902103125837883e-01,-3.723759376677952537e-01,-3.660807018070986585e-17
1.309988949563632987e-01,-9.166144513529957960e-01,-3.684921066187725192e-01,8.289031578367631048e-02
1.309988949563636873e-01,-9.102283887097852855e-01,-3.570200224727752558e-01,1.638910414285622563e-01
1.309988949563632710e-01,-9.000334099708208191e-01,-3.384727481444002040e-01,2.412785718212154262e-01
1.309988949563632987e-01,-8.866306260372907033e-01,-3.136283010929765691e-01,3.136283010929767912e-01
1.309988949563639093e-01,-8.448279944306639200e-01,-3.157346125102801770e-01,4.116024827542429931e-01
1.309988949563632710e-01,-7.943693276644853141e-01,-3.144750647377527741e-01,5.029136053481466639e-01
1.309988949563627991e-01,-7.350466308393531767e-01,-3.110857186486414294e-01,5.880233121780000793e-01
1.309988949563632987e-01,-6.667660121503282689e-01,-3.060808056747567063e-01,6.667660121503284909e-01
1.309988949563624105e-01,-6.815651180949259258e-01,-2.318992650111487974e-01,-6.815651180949262589e-01
1.309988949563619665e-01,-7.496932722594075171e-01,-2.360432420087981154e-01,-6.042208825844817000e-01
1.309988949563632987e-01,-8.087857318100116766e-01,-2.391895451546637574e-01,-5.210501809129910455e-01
1.309988949563628269e-01,-8.588746017171086100e-01,-2.411205734195680239e-01,-4.324749439208109281e-01
1.309988949563632710e-01,-9.000334099708208191e-01,-2.412785718212155373e-01,-3.384727481444002040e-01
1.309988949563632987e-01,-9.324595771214280182e-01,-2.380739659798393471e-01,-2.380739659798395413e-01
1.309988949563634653e-01,-9.421292175883246856e-01,-2.616533150806144570e-01,-1.636134761990825914e-01
1.309988949563630489e-01,-9.483828481542888600e-01,-2.765132796003040294e-01,-8.336467508276558525e-02
1.309988949563632987e-01,-9.505493432762802675e-01,-2.815940970923290765e-01,-3.691114427136140995e-17
1.309988949563630489e-01,-9.483828481542888600e-01,-2.765132796003040294e-01,8.336467508276558525e-02
1.309988949563630767e-01,-9.421292175883246856e-01,-2.616533150806145680e-01,1.636134761990825082e-01
1.309988949563632987e-01,-9.324595771214280182e-01,-2.380739659798395413e-01,2.380739659798393193e-01
1.309988949563632710e-01,-9.000334099708208191e-01,-2.412785718212155373e-01,3.384727481444002040e-01
1.309988949563628269e-01,-8.588746017171086100e-01,-2.411205734195680239e-01,4.324749439208109281e-01
1.309988949563632987e-01,-8.087857318100116766e-01,-2.391895451546637574e-01,5.210501809129910455e-01
1.309988949563624105e-01,-7.496932722594075171e-01,-2.360432420087980876e-01,6.042208825844815889e-01
1.309988949563624105e-01,-6.815651180949259258e-01,-2.318992650111487974e-01,6.815651180949262589e-01
1.309988949563637151e-01,-6.923102627231695338e-01,-1.557314668798931989e-01,-6.923102627231698669e-01
1.309988949563628546e-01,-7.603801697714149821e-01,-1.586887825467748203e-01,-6.160187961681270474e-01
1.309988949563630489e-01,-8.193838499283420118e-01,-1.610900316382040398e-01,-5.343214366873393351e-01
1.309988949563630489e-01,-8.693280098634345032e-01,-1.628796933540020975e-01,-4.478596948598949634e-01
1.309988949563636873e-01,-9.102283887097852855e-01,-1.638910414285623118e-01,-3.570200224727752558e-01
1.309988949563634653e-01,-9.421292175883246856e-01,-1.636134761990825914e-01,-2.616533150806144570e-01
1.309988949563632987e-01,-9.651945421815260051e-01,-1.600605905012319752e-01,-1.600605905012320584e-01
1.309988949563632710e-01,-9.710939828496496506e-01,-1.813443295040871872e-01,-8.324662245478288425e-02
1.309988949563632987e-01,-9.732344382503492763e-01,-1.888227150629364637e-01,-3.712611103729743375e-17
1.309988949563632710e-01,-9.710939828496496506e-01,-1.813443295040871872e-01,8.324662245478288425e-02
1.309988949563632987e-01,-9.651945421815260051e-01,-1.600605905012320584e-01,1.600605905012319197e-01
1.309988949563634653e-01,-9.421292175883246856e-01,-1.636134761990825914e-01,2.616533150806143460e-01
1.309988949563636873e-01,-9.102283887097852855e-01,-1.638910414285623118e-01,3.570200224727752558e-01
1.309988949563630489e-01,-8.693280098634345032e-01,-1.628796933540020975e-01,4.478596948598949634e-01
1.309988949563630489e-01,-8.193838499283420118e-01,-1.610900316382040398e-01,5.343214366873393351e-01
1.309988949563630489e-01,-7.603801697714150931e-01,-1.586887825467748203e-01,6.160187961681269364e-01
1.309988949563637151e-01,-6.923102627231695338e-01,-1.557314668798931989e-01,6.923102627231698669e-01
1.309988949563615224e-01,-6.988285314663404968e-01,-7.820905789873446035e-02,-6.988285314663408299e-01
1.309988949563632987e-01,-7.668847389933719505e-01,-7.974794730874217030e-02,-6.231912639947079224e-01
1.309988949563630489e-01,-8.258674059004377233e-01,-8.104304222584161888e-02,-5.424152861952489246e-01
1.309988949563630489e-01,-8.757769657602738622e-01,-8.209554501627919221e-02,-4.572901893244815663e-01
1.309988949563632987e-01,-9.166144513529957960e-01,-8.289031578367631048e-02,-3.684921066187725192e-01
1.309988949563630489e-01,-9.483828481542888600e-01,-8.336467508276558525e-02,-2.765132796003040294e-01
1.309988949563632710e-01,-9.710939828496496506e-01,-8.324662245478288425e-02,-1.813443295040871872e-01
1.309988949563634653e-01,-9.848355212175847750e-01,-8.043098180520939777e-02,-8.043098180520946716e-02
1.309988949563634653e-01,-9.868454952347905929e-01,-9.473783855995782099e-02,-3.725449570660203928e-17
1.309988949563634653e-01,-9.848355212175847750e-01,-8.043098180520939777e-02,8.043098180520946716e-02
1.309988949563632710e-01,-9.710939828496496506e-01,-8.324662245478291200e-02,1.813443295040871039e-01
1.309988949563632987e-01,-9.483828481542888600e-01,-8.336467508276558525e-02,2.765132796003039184e-01
1.309988949563632987e-01,-9.166144513529957960e-01,-8.289031578367631048e-02,3.684921066187725192e-01
1.309988949563630489e-01,-8.757769657602738622e-01,-8.209554501627919221e-02,4.572901893244815663e-01
1.309988949563630489e-01,-8.258674059004377233e-01,-8.104304222584161888e-02,5.424152861952489246e-01
1.309988949563632710e-01,-7.668847389933720615e-01,-7.974794730874214255e-02,6.231912639947077004e-01
1.309988949563615224e-01,-6.988285314663404968e-01,-7.820905789873446035e-02,6.988285314663408299e-01
1.309988949563626048e-01,-7.010132985615220580e-01,-3.445811266978992003e-17,-7.010132985615223911e-01
1.309988949563628546e-01,-7.690685834837290846e-01,-3.514410586088920904e-17,-6.255979566930685021e-01
1.309988949563628269e-01,-8.280498304163081968e-01,-3.572798070176712705e-17,-5.451355499944349203e-01
1.309988949563630212e-01,-8.779570393592597277e-01,-3.621467677002388493e-17,-4.604679430315804511e-01
1.309988949563632710e-01,-9.187902103125837883e-01,-3.660807018070986585e-17,-3.723759376677952537e-01
1.309988949563632987e-01,-9.505493432762802675e-01,-3.691114427136140995e-17,-2.815940970923290765e-01
1.309988949563632987e-01,-9.732344382503492763e-01,-3.712611103729743375e-17,-1.888227150629364637e-01
1.309988949563634653e-01,-9.868454952347905929e-01,-3.725449570660203928e-17,-9.473783855995782099e-02
1.309988949563632987e-01,-9.913825142296044390e-01,-3.729112635903550246e-17,-7.513194585428772208e-16
1.309988949563634653e-01,-9.868454952347905929e-01,-3.725449570660203928e-17,9.473783855995782099e-02
1.309988949563632987e-01,-9.732344382503492763e-01,-3.712611103729743991e-17,1.888227150629363804e-01
1.309988949563632987e-01,-9.505493432762803785e-01,-3.691114427136140378e-17,2.815940970923289099e-01
1.309988949563632710e-01,-9.187902103125837883e-01,-3.660807018070986585e-17,3.723759376677952537e-01
1.309988949563630212e-01,-8.779570393592597277e-01,-3.621467677002388493e-17,4.604679430315804511e-01
1.309988949563628269e-01,-8.280498304163081968e-01,-3.572798070176712705e-17,5.451355499944349203e-01
1.309988949563626326e-01,-7.690685834837291956e-01,-3.514410586088921521e-17,6.255979566930683911e-01
1.309988949563626048e-01,-7.010132985615220580e-01,-3.445811266978992003e-17,7.010132985615223911e-01
1.309988949563615224e-01,-6.988285314663404968e-01,7.820905789873446035e-02,-6.988285314663408299e-01
1.309988949563632987e-01,-7.668847389933719505e-01,7.974794730874217030e-02,-6.231912639947079224e-01
1.309988949563630489e-01,-8.258674059004377233e-01,8.104304222584161888e-02,-5.424152861952489246e-01
1.309988949563630489e-01,-8.757769657602738622e-01,8.209554501627919221e-02,-4.572901893244815663e-01
1.309988949563632987e-01,-9.166144513529957960e-01,8.289031578367631048e-02,-3.684921066187725192e-01
1.309988949563630489e-01,-9.483828481542888600e-01,8.336467508276558525e-02,-2.765132796003040294e-01
1.309988949563632710e-01,-9.710939828496496506e-01,8.324662245478288425e-02,-1.813443295040871872e-01
1.309988949563634653e-01,-9.848355212175847750e-01,8.043098180520939777e-02,-8.043098180520946716e-02
1.309988949563634653e-01,-9.868454952347905929e-01,9.473783855995782099e-02,-3.725449570660203928e-17
1.309988949563634653e-01,-9.848355212175847750e-01,8.043098180520939777e-02,8.043098180520946716e-02
1.309988949563632710e-01,-9.710939828496496506e-01,8.324662245478291200e-02,1.813443295040871039e-01
1.309988949563632987e-01,-9.483828481542888600e-01,8.336467508276558525e-02,2.765132796003039184e-01
1.309988949563632987e-01,-9.166144513529957960e-01,8.289031578367631048e-02,3.684921066187725192e-01
1.309988949563630489e-01,-8.757769657602738622e-01,8.209554501627919221e-02,4.572901893244815663e-01
1.309988949563630489e-01,-8.258674059004377233e-01,8.104304222584161888e-02,5.424152861952489246e-01
1.309988949563632710e-01,-7.668847389933720615e-01,7.974794730874214255e-02,6.231912639947077004e-01
1.309988949563615224e-01,-6.988285314663404968e-01,7.820905789873446035e-02,6.988285314663408299e-01
1.309988949563637151e-01,-6.923102627231695338e-01,1.557314668798931157e-01,-6.923102627231698669e-01
1.309988949563628546e-01,-7.603801697714150931e-01,1.586887825467747370e-01,-6.160187961681270474e-01
1.309988949563630489e-01,-8.193838499283421228e-01,1.610900316382040398e-01,-5.343214366873394461e-01
1.309988949563630489e-01,-8.693280098634345032e-01,1.628796933540020420e-01,-4.478596948598949634e-01
1.309988949563636873e-01,-9.102283887097852855e-01,1.638910414285622563e-01,-3.570200224727752558e-01
1.309988949563630767e-01,-9.421292175883246856e-01,1.636134761990825082e-01,-2.616533150806145680e-01
1.309988949563632987e-01,-9.651945421815260051e-01,1.600605905012319197e-01,-1.600605905012320584e-01
1.309988949563632710e-01,-9.710939828496496506e-01,1.813443295040871039e-01,-8.324662245478291200e-02
1.309988949563632987e-01,-9.732344382503492763e-01,1.888227150629363804e-01,-3.712611103729743991e-17
1.309988949563632710e-01,-9.710939828496496506e-01,1.813443295040871039e-01,8.324662245478291200e-02
1.309988949563632987e-01,-9.651945421815260051e-01,1.600605905012319197e-01,1.600605905012320029e-01
1.309988949563634653e-01,-9.421292175883246856e-01,1.636134761990825082e-01,2.616533150806143460e-01
1.309988949563636873e-01,-9.102283887097852855e-01,1.638910414285622563e-01,3.570200224727752558e-01
1.309988949563630489e-01,-8.693280098634345032e-01,1.628796933540020420e-01,4.478596948598949634e-01
1.309988949563630489e-01,-8.193838499283421228e-01,1.610900316382040398e-01,5.343214366873394461e-01
1.309988949563630489e-01,-7.603801697714150931e-01,1.586887825467747648e-01,6.160187961681269364e-01
1.309988949563637151e-01,-6.923102627231695338e-01,1.557314668798931157e-01,6.923102627231698669e-01
1.309988949563624105e-01,-6.815651180949259258e-01,2.318992650111487142e-01,-6.815651180949262589e-01
1.309988949563619665e-01,-7.496932722594075171e-01,2.360432420087980598e-01,-6.042208825844817000e-01
1.309988949563632987e-01,-8.087857318100117876e-01,2.391895451546637297e-01,-5.210501809129910455e-01
1.309988949563628269e-01,-8.588746017171086100e-01,2.411205734195679684e-01,-4.324749439208109281e-01
1.309988949563632710e-01,-9.000334099708208191e-01,2.412785718212154262e-01,-3.384727481444002040e-01
1.309988949563632987e-01,-9.324595771214280182e-01,2.380739659798393193e-01,-2.380739659798395413e-01
1.309988949563634653e-01,-9.421292175883246856e-01,2.616533150806143460e-01,-1.636134761990825914e-01
1.309988949563632987e-01,-9.483828481542888600e-01,2.765132796003039184e-01,-8.336467508276558525e-02
1.309988949563632987e-01,-9.505493432762803785e-01,2.815940970923289099e-01,-3.691114427136140378e-17
1.309988949563632987e-01,-9.483828481542888600e-01,2.765132796003039184e-01,8.336467508276558525e-02
1.309988949563634653e-01,-9.421292175883246856e-01,2.616533150806143460e-01,1.636134761990825082e-01
1.309988949563632987e-01,-9.324595771214280182e-01,2.380739659798393471e-01,2.380739659798394581e-01
1.309988949563632710e-01,-9.000334099708208191e-01,2.412785718212154262e-01,3.384727481444002040e-01
1.309988949563628269e-01,-8.588746017171086100e-01,2.411205734195679684e-01,4.324749439208109281e-01
1.309988949563632987e-01,-8.087857318100117876e-01,2.391895451546637297e-01,5.210501809129910455e-01
1.309988949563624105e-01,-7.496932722594075171e-01,2.360432420087980321e-01,6.042208825844815889e-01
1.309988949563624105e-01,-6.815651180949259258e-01,2.318992650111487142e-01,6.815651180949262589e-01
1.309988949563632987e-01,-6.667660121503282689e-01,3.060808056747567063e-01,-6.667660121503284909e-01
1.309988949563628546e-01,-7.350466308393530657e-01,3.110857186486415404e-01,-5.880233121780003014e-01
1.309988949563632710e-01,-7.943693276644853141e-01,3.144750647377527741e-01,-5.029136053481466639e-01
1.309988949563639093e-01,-8.448279944306639200e-01,3.157346125102801770e-01,-4.116024827542429931e-01
1.309988949563632987e-01,-8.866306260372907033e-01,3.136283010929765691e-01,-3.136283010929767912e-01
1.309988949563632710e-01,-9.000334099708208191e-01,3.384727481444002040e-01,-2.412785718212155373e-01
1.309988949563636873e-01,-9.102283887097852855e-01,3.570200224727752558e-01,-1.638910414285623118e-01
1.309988949563632987e-01,-9.166144513529957960e-01,3.684921066187725192e-01,-8.289031578367631048e-02
1.309988949563632710e-01,-9.187902103125837883e-01,3.723759376677952537e-01,-3.660807018070986585e-17
1.309988949563632987e-01,-9.166144513529957960e-01,3.684921066187725192e-01,8.289031578367631048e-02
1.309988949563636873e-01,-9.102283887097852855e-01,3.570200224727752558e-01,1.638910414285622563e-01
1.309988949563632710e-01,-9.000334099708208191e-01,3.384727481444002040e-01,2.412785718212154262e-01
1.309988949563632987e-01,-8.866306260372907033e-01,3.136283010929765691e-01,3.136283010929767912e-01
1.309988949563639093e-01,-8.448279944306639200e-01,3.157346125102801770e-01,4.116024827542429931e-01
1.309988949563632710e-01,-7.943693276644853141e-01,3.144750647377527741e-01,5.029136053481466639e-01
1.309988949563627991e-01,-7.350466308393531767e-01,3.110857186486414294e-01,5.880233121780000793e-01
1.309988949563632987e-01,-6.667660121503282689e-01,3.060808056747567063e-01,6.667660121503284909e-01
1.309988949563632987e-01,-6.481453314975967883e-01,3.776963701651792071e-01,-6.481453314975970104e-01
1.309988949563623828e-01,-7.167357216903448291e-01,3.831662431702681504e-01,-5.677260121467179177e-01
1.309988949563628269e-01,-7.765206041471685028e-01,3.861972646138055465e-01,-4.803193871372906654e-01
1.309988949563630212e-01,-8.277076889291143935e-01,3.858362808289519941e-01,-3.858362808289522161e-01
1.309988949563639093e-01,-8.448279944306639200e-01,4.116024827542429931e-01,-3.157346125102801770e-01
1.309988949563628269e-01,-8.588746017171086100e-01,4.324749439208109281e-01,-2.411205734195680239e-01
1.309988949563630489e-01,-8.693280098634345032e-01,4.478596948598949634e-01,-1.628796933540020975e-01
1.309988949563630489e-01,-8.757769657602738622e-01,4.572901893244815663e-01,-8.209554501627919221e-02
1.309988949563630212e-01,-8.779570393592597277e-01,4.604679430315804511e-01,-3.621467677002388493e-17
1.309988949563630489e-01,-8.757769657602738622e-01,4.572901893244815663e-01,8.209554501627919221e-02
1.309988949563630489e-01,-8.693280098634345032e-01,4.478596948598949634e-01,1.628796933540020420e-01
1.309988949563628269e-01,-8.588746017171086100e-01,4.324749439208109281e-01,2.411205734195679684e-01
1.309988949563639093e-01,-8.448279944306639200e-01,4.116024827542429931e-01,3.157346125102801770e-01
1.309988949563630212e-01,-8.277076889291143935e-01,3.858362808289519941e-01,3.858362808289522161e-01
1.309988949563628269e-01,-7.765206041471685028e-01,3.861972646138055465e-01,4.803193871372906654e-01
1.309988949563623828e-01,-7.167357216903451622e-01,3.831662431702680394e-01,5.677260121467176957e-01
1.309988949563632987e-01,-6.481453314975967883e-01,3.776963701651792071e-01,6.481453314975970104e-01
1.309988949563630489e-01,-6.259860971944701813e-01,4.462309959636175383e-01,-6.259860971944705144e-01
1.309988949563624105e-01,-6.951146068427629388e-01,4.517273096226693818e-01,-5.436887074559376698e-01
1.309988949563628546e-01,-7.556907657968989778e-01,4.537459399319779263e-01,-4.537459399319780928e-01
1.309988949563628546e-01,-7.765206041471686138e-01,4.803193871372907209e-01,-3.861972646138056020e-01
1.309988949563632987e-01,-7.943693276644854251e-01,5.029136053481467750e-01,-3.144750647377528296e-01
1.309988949563632987e-01,-8.087857318100117876e-01,5.210501809129910455e-01,-2.391895451546637852e-01
1.309988949563630767e-01,-8.193838499283421228e-01,5.343214366873394461e-01,-1.610900316382040676e-01
1.309988949563630489e-01,-8.258674059004377233e-01,5.424152861952489246e-01,-8.104304222584161888e-02
1.309988949563628269e-01,-8.280498304163081968e-01,5.451355499944349203e-01,-3.572798070176712705e-17
1.309988949563630489e-01,-8.258674059004377233e-01,5.424152861952489246e-01,8.104304222584161888e-02
1.309988949563630489e-01,-8.193838499283421228e-01,5.343214366873394461e-01,1.610900316382040398e-01
1.309988949563632987e-01,-8.087857318100117876e-01,5.210501809129910455e-01,2.391895451546637297e-01
1.309988949563632987e-01,-7.943693276644854251e-01,5.029136053481467750e-01,3.144750647377528296e-01
1.309988949563628546e-01,-7.765206041471686138e-01,4.803193871372907209e-01,3.861972646138056020e-01
1.309988949563628546e-01,-7.556907657968989778e-01,4.537459399319779263e-01,4.537459399319780928e-01
1.309988949563624105e-01,-6.951146068427631608e-01,4.517273096226692153e-01,5.436887074559374478e-01
1.309988949563630489e-01,-6.259860971944701813e-01,4.462309959636175383e-01,6.259860971944705144e-01
1.309988949563637151e-01,-6.006117135338212565e-01,5.112440010915976218e-01,-6.006117135338215896e-01
1.309988949563628269e-01,-6.705798566406442340e-01,5.163147999951310796e-01,-5.163147999951315237e-01
1.309988949563624105e-01,-6.951146068427631608e-01,5.436887074559374478e-01,-4.517273096226692153e-01
1.309988949563623828e-01,-7.167357216903451622e-01,5.677260121467176957e-01,-3.831662431702680394e-01
1.309988949563628269e-01,-7.350466308393531767e-01,5.880233121780000793e-01,-3.110857186486414294e-01
1.309988949563624105e-01,-7.496932722594075171e-01,6.042208825844815889e-01,-2.360432420087980876e-01
1.309988949563630489e-01,-7.603801697714150931e-01,6.160187961681269364e-01,-1.586887825467748203e-01
1.309988949563632710e-01,-7.668847389933720615e-01,6.231912639947077004e-01,-7.974794730874214255e-02
1.309988949563626326e-01,-7.690685834837291956e-01,6.255979566930683911e-01,-3.514410586088921521e-17
1.309988949563632710e-01,-7.668847389933720615e-01,6.231912639947077004e-01,7.974794730874214255e-02
1.309988949563630489e-01,-7.603801697714150931e-01,6.160187961681269364e-01,1.586887825467747648e-01
1.309988949563624105e-01,-7.496932722594075171e-01,6.042208825844815889e-01,2.360432420087980321e-01
1.309988949563628269e-01,-7.350466308393531767e-01,5.880233121780000793e-01,3.110857186486414294e-01
1.309988949563623828e-01,-7.167357216903451622e-01,5.677260121467176957e-01,3.831662431702680394e-01
1.309988949563624105e-01,-6.951146068427631608e-01,5.436887074559374478e-01,4.517273096226692153e-01
1.309988949563628546e-01,-6.705798566406443451e-01,5.163147999951311906e-01,5.163147999951315237e-01
1.309988949563637151e-01,-6.006117135338212565e-01,5.112440010915976218e-01,6.006117135338215896e-01
1.309988949563623828e-01,-5.723749614603498292e-01,5.723749614603501623e-01,-5.723749614603503844e-01
1.309988949563634653e-01,-6.006117135338211455e-01,6.006117135338214785e-01,-5.112440010915976218e-01
1.309988949563628269e-01,-6.259860971944701813e-01,6.259860971944705144e-01,-4.462309959636175383e-01
1.309988949563634930e-01,-6.481453314975968993e-01,6.481453314975971214e-01,-3.776963701651792071e-01
1.309988949563632987e-01,-6.667660121503282689e-01,6.667660121503284909e-01,-3.060808056747567063e-01
1.309988949563624105e-01,-6.815651180949259258e-01,6.815651180949262589e-01,-2.318992650111487974e-01
1.309988949563637151e-01,-6.923102627231695338e-01,6.923102627231698669e-01,-1.557314668798931989e-01
1.309988949563615224e-01,-6.988285314663404968e-01,6.988285314663408299e-01,-7.820905789873446035e-02
1.309988949563626048e-01,-7.010132985615220580e-01,7.010132985615223911e-01,-3.445811266978992003e-17
1.309988949563615224e-01,-6.988285314663404968e-01,6.988285314663408299e-01,7.820905789873446035e-02
1.309988949563637151e-01,-6.923102627231695338e-01,6.923102627231698669e-01,1.557314668798931157e-01
1.309988949563626048e-01,-6.815651180949259258e-01,6.815651180949262589e-01,2.318992650111487419e-01
1.309988949563632987e-01,-6.667660121503282689e-01,6.667660121503284909e-01,3.060808056747567063e-01
1.309988949563634930e-01,-6.481453314975968993e-01,6.481453314975971214e-01,3.776963701651792071e-01
1.309988949563628269e-01,-6.259860971944701813e-01,6.259860971944705144e-01,4.462309959636175383e-01
1.309988949563636873e-01,-6.006117135338211455e-01,6.006117135338214785e-01,5.112440010915975108e-01
1.309988949563623828e-01,-5.723749614603498292e-01,5.723749614603501623e-01,5.723749614603503844e-01
1.309988949563634653e-01,-5.112440010915976218e-01,-6.006117135338211455e-01,-6.006117135338214785e-01
1.309988949563628269e-01,-5.163147999951310796e-01,-6.705798566406441230e-01,-5.163147999951315237e-01
1.309988949563624105e-01,-5.436887074559376698e-01,-6.951146068427629388e-01,-4.517273096226693818e-01
1.309988949563624105e-01,-5.677260121467180287e-01,-7.167357216903449402e-01,-3.831662431702682059e-01
1.309988949563628546e-01,-5.880233121780003014e-01,-7.350466308393530657e-01,-3.110857186486415404e-01
1.309988949563623828e-01,-6.042208825844817000e-01,-7.496932722594074061e-01,-2.360432420087980876e-01
1.309988949563628546e-01,-6.160187961681270474e-01,-7.603801697714149821e-01,-1.586887825467748203e-01
1.309988949563632987e-01,-6.231912639947079224e-01,-7.668847389933719505e-01,-7.974794730874217030e-02
1.309988949563628546e-01,-6.255979566930685021e-01,-7.690685834837290846e-01,-3.514410586088920904e-17
1.309988949563632987e-01,-6.231912639947079224e-01,-7.668847389933719505e-01,7.974794730874217030e-02
1.309988949563628546e-01,-6.160187961681270474e-01,-7.603801697714150931e-01,1.586887825467747370e-01
1.309988949563623828e-01,-6.042208825844817000e-01,-7.496932722594074061e-01,2.360432420087980598e-01
1.309988949563628546e-01,-5.880233121780003014e-01,-7.350466308393530657e-01,3.110857186486415404e-01
1.309988949563624105e-01,-5.677260121467180287e-01,-7.167357216903449402e-01,3.831662431702682059e-01
1.309988949563624105e-01,-5.436887074559376698e-01,-6.951146068427629388e-01,4.517273096226693818e-01
1.309988949563628269e-01,-5.163147999951315237e-01,-6.705798566406442340e-01,5.163147999951310796e-01
1.309988949563634653e-01,-5.112440010915976218e-01,-6.006117135338211455e-01,6.006117135338214785e-01
1.309988949563628546e-01,-5.163147999951311906e-01,-5.163147999951316347e-01,-6.705798566406442340e-01
3.543067373357625116e-01,-5.398971309050414336e-01,-5.398971309050415446e-01,-5.398971309050418776e-01
3.543067373357621230e-01,-5.701241922113320371e-01,-5.701241922113323701e-01,-4.736914045971694631e-01
3.543067373357622896e-01,-5.967616251839231722e-01,-5.967616251839233943e-01,-4.027627853888346432e-01
3.543067373357627337e-01,-6.193208511332944921e-01,-6.193208511332946031e-01,-3.276432550527326737e-01
3.543067373357623451e-01,-6.373656620438618026e-01,-6.373656620438621356e-01,-2.489914889574871282e-01
3.543067373357627337e-01,-6.505320282635429496e-01,-6.505320282635431717e-01,-1.675795222726468581e-01
3.543067373357631222e-01,-6.585457235742097071e-01,-6.585457235742098181e-01,-8.427215318672941213e-02
3.543067373357627337e-01,-6.612362421549830005e-01,-6.612362421549831115e-01,-3.714615152547984225e-17
3.543067373357631222e-01,-6.585457235742097071e-01,-6.585457235742098181e-01,8.427215318672941213e-02
3.543067373357627337e-01,-6.505320282635429496e-01,-6.505320282635431717e-01,1.675795222726467748e-01
3.543067373357623451e-01,-6.373656620438618026e-01,-6.373656620438621356e-01,2.489914889574870727e-01
3.543067373357627337e-01,-6.193208511332944921e-01,-6.193208511332946031e-01,3.276432550527326737e-01
3.543067373357622896e-01,-5.967616251839231722e-01,-5.967616251839233943e-01,4.027627853888346432e-01
3.543067373357621230e-01,-5.701241922113320371e-01,-5.701241922113323701e-01,4.736914045971694631e-01
3.543067373357625671e-01,-5.398971309050416556e-01,-5.398971309050419887e-01,5.398971309050414336e-01
1.309988949563628546e-01,-5.163147999951311906e-01,-5.163147999951316347e-01,6.705798566406442340e-01
1.309988949563624105e-01,-5.436887074559376698e-01,-4.517273096226693818e-01,-6.951146068427629388e-01
3.543067373357622896e-01,-5.701241922113319260e-01,-4.736914045971694076e-01,-5.701241922113323701e-01
3.543067373357622896e-01,-6.447546349638382246e-01,-4.789353800728939348e-01,-4.789353800728941568e-01
3.543067373357627337e-01,-6.704172072593304055e-01,-5.080652229485899118e-01,-4.085060994884735508e-01
3.543067373357627337e-01,-6.924070158187171087e-01,-5.329117713325552952e-01,-3.332331080470606888e-01
3.543067373357633443e-01,-7.101681720698798106e-01,-5.529073407221201109e-01,-2.538136636058143103e-01
3.543067373357629557e-01,-7.232251611753330867e-01,-5.675670944583569577e-01,-1.711131070651777386e-01
3.543067373357627892e-01,-7.312129679488610368e-01,-5.765192784436967699e-01,-8.613856839223701933e-02
3.543067373357629557e-01,-7.339017371066520745e-01,-5.795299613914065562e-01,-3.798217760133125925e-17
3.543067373357627892e-01,-7.312129679488610368e-01,-5.765192784436967699e-01,8.613856839223701933e-02
3.543067373357629557e-01,-7.232251611753330867e-01,-5.675670944583569577e-01,1.711131070651776831e-01
3.543067373357633443e-01,-7.101681720698798106e-01,-5.529073407221201109e-01,2.538136636058142548e-01
3.543067373357627337e-01,-6.924070158187171087e-01,-5.329117713325552952e-01,3.332331080470606888e-01
3.543067373357627337e-01,-6.704172072593304055e-01,-5.080652229485899118e-01,4.085060994884735508e-01
3.543067373357622896e-01,-6.447546349638382246e-01,-4.789353800728939348e-01,4.789353800728941568e-01
3.543067373357622896e-01,-5.701241922113325922e-01,-4.736914045971692966e-01,5.701241922113318150e-01
1.309988949563624105e-01,-5.436887074559376698e-01,-4.517273096226693818e-01,6.951146068427629388e-01
1.309988949563623828e-01,-5.677260121467179177e-01,-3.831662431702681504e-01,-7.167357216903448291e-01
3.543067373357622896e-01,-5.967616251839231722e-01,-4.027627853888346432e-01,-5.967616251839233943e-01
3.543067373357627337e-01,-6.704172072593304055e-01,-4.085060994884735508e-01,-5.080652229485899118e-01
3.543067373357627337e-01,-7.334802153212811593e-01,-4.101667402476300572e-01,-4.101667402476303348e-01
3.543067373357633443e-01,-7.545726054909215330e-01,-4.382570757111587945e-01,-3.361809847540935814e-01
3.543067373357625671e-01,-7.718781682578124137e-01,-4.610730713345900234e-01,-2.570650737372532912e-01
3.543067373357629557e-01,-7.847568732087754073e-01,-4.779247962389485682e-01,-1.738139090235081008e-01
3.543067373357630112e-01,-7.927020523383547790e-01,-4.882688185147964766e-01,-8.765701890443103328e-02
3.543067373357629557e-01,-7.953879251426797525e-01,-4.917568346405666868e-01,-3.867547151862603640e-17
3.543067373357630112e-01,-7.927020523383547790e-01,-4.882688185147964766e-01,8.765701890443103328e-02
3.543067373357629557e-01,-7.847568732087754073e-01,-4.779247962389485682e-01,1.738139090235080730e-01
3.543067373357625671e-01,-7.718781682578124137e-01,-4.610730713345900234e-01,2.570650737372532357e-01
3.543067373357633443e-01,-7.545726054909215330e-01,-4.382570757111587945e-01,3.361809847540935814e-01
3.543067373357627337e-01,-7.334802153212811593e-01,-4.101667402476300572e-01,4.101667402476303348e-01
3.543067373357627337e-01,-6.704172072593304055e-01,-4.085060994884735508e-01,5.080652229485899118e-01
3.543067373357622896e-01,-5.967616251839235053e-01,-4.027627853888346432e-01,5.967616251839230612e-01
1.309988949563623828e-01,-5.677260121467179177e-01,-3.831662431702681504e-01,7.167357216903448291e-01
1.309988949563628269e-01,-5.880233121780003014e-01,-3.110857186486415404e-01,-7.350466308393530657e-01
3.543067373357627337e-01,-6.193208511332944921e-01,-3.276432550527326737e-01,-6.193208511332946031e-01
3.543067373357627337e-01,-6.924070158187171087e-01,-3.332331080470606888e-01,-5.329117713325552952e-01
3.543067373357633443e-01,-7.545726054909215330e-01,-3.361809847540935814e-01,-4.382570757111587945e-01
3.543067373357627892e-01,-8.060738719773709038e-01,-3.351952034217493548e-01,-3.351952034217495768e-01
3.543067373357631777e-01,-8.225862378378876461e-01,-3.621692896404027917e-01,-2.581705305404990991e-01
3.543067373357631777e-01,-8.351465551356115347e-01,-3.823484685643742664e-01,-1.755181355589367775e-01
3.543067373357633443e-01,-8.430142491382779379e-01,-3.948479588026154175e-01,-8.881892285836402723e-02
3.543067373357631777e-01,-8.456948062630658125e-01,-3.990827364571939984e-01,-3.923360063390638487e-17
3.543067373357633443e-01,-8.430142491382779379e-01,-3.948479588026154175e-01,8.881892285836402723e-02
3.543067373357631777e-01,-8.351465551356115347e-01,-3.823484685643742664e-01,1.755181355589367220e-01
3.543067373357631777e-01,-8.225862378378876461e-01,-3.621692896404027917e-01,2.581705305404990436e-01
3.543067373357627892e-01,-8.060738719773709038e-01,-3.351952034217493548e-01,3.351952034217495768e-01
3.543067373357633443e-01,-7.545726054909215330e-01,-3.361809847540935814e-01,4.382570757111587945e-01
3.543067373357627337e-01,-6.924070158187171087e-01,-3.332331080470606888e-01,5.329117713325552952e-01
3.543067373357625116e-01,-6.193208511332948252e-01,-3.276432550527327292e-01,6.193208511332943811e-01
1.309988949563628269e-01,-5.880233121780003014e-01,-3.110857186486415404e-01,7.350466308393530657e-01
1.309988949563619665e-01,-6.042208825844817000e-01,-2.360432420087981154e-01,-7.496932722594075171e-01
3.543067373357623451e-01,-6.373656620438618026e-01,-2.489914889574871282e-01,-6.373656620438621356e-01
3.543067373357631777e-01,-7.101681720698799216e-01,-2.538136636058143658e-01,-5.529073407221201109e-01
3.543067373357625671e-01,-7.718781682578124137e-01,-2.570650737372532912e-01,-4.610730713345900234e-01
3.543067373357633443e-01,-8.225862378378875350e-01,-2.581705305404990991e-01,-3.621692896404027362e-01
3.543067373357629557e-01,-8.625356049321072360e-01,-2.554398814818178987e-01,-2.554398814818181207e-01
3.543067373357631222e-01,-8.744487001458269848e-01,-2.809626743522972703e-01,-1.756877409285153013e-01
3.543067373357629557e-01,-8.821532364849810071e-01,-2.970706580912623185e-01,-8.956242146561342599e-02
3.543067373357629557e-01,-8.848223804678108095e-01,-3.025823704411136905e-01,-3.966227149165166038e-17
3.543067373357629557e-01,-8.821532364849810071e-01,-2.970706580912623185e-01,8.956242146561342599e-02
3.543067373357629002e-01,-8.744487001458268738e-01,-2.809626743522974923e-01,1.756877409285152736e-01
3.543067373357629557e-01,-8.625356049321073471e-01,-2.554398814818181762e-01,2.554398814818179542e-01
3.543067373357633443e-01,-8.225862378378875350e-01,-2.581705305404990991e-01,3.621692896404027362e-01
3.543067373357625671e-01,-7.718781682578124137e-01,-2.570650737372532912e-01,4.610730713345900234e-01
3.543067373357631777e-01,-7.101681720698799216e-01,-2.538136636058143658e-01,5.529073407221201109e-01
3.543067373357622896e-01,-6.373656620438621356e-01,-2.489914889574870449e-01,6.373656620438616915e-01
1.309988949563619665e-01,-6.042208825844817000e-01,-2.360432420087981154e-01,7.496932722594075171e-01
1.309988949563628546e-01,-6.160187961681270474e-01,-1.586887825467748203e-01,-7.603801697714149821e-01
3.543067373357625671e-01,-6.505320282635430607e-01,-1.675795222726468303e-01,-6.505320282635432827e-01
3.543067373357629557e-01,-7.232251611753330867e-01,-1.711131070651777386e-01,-5.675670944583569577e-01
3.543067373357629557e-01,-7.847568732087754073e-01,-1.738139090235081008e-01,-4.779247962389485682e-01
3.543067373357631777e-01,-8.351465551356115347e-01,-1.755181355589367775e-01,-3.823484685643742664e-01
3.543067373357631222e-01,-8.744487001458269848e-01,-1.756877409285153013e-01,-2.809626743522972703e-01
3.543067373357629557e-01,-9.028654141854904891e-01,-1.721928856633591631e-01,-1.721928856633592742e-01
3.543067373357630112e-01,-9.101335849750507023e-01,-1.951812117079452513e-01,-8.959848199142153580e-02
3.543067373357635663e-01,-9.127706477569140775e-01,-2.032645578351272853e-01,-3.996565000995143067e-17
3.543067373357630112e-01,-9.101335849750507023e-01,-1.951812117079452513e-01,8.959848199142153580e-02
3.543067373357631777e-01,-9.028654141854904891e-01,-1.721928856633592742e-01,1.721928856633591076e-01
3.543067373357631222e-01,-8.744487001458269848e-01,-1.756877409285153013e-01,2.809626743522971593e-01
3.543067373357631777e-01,-8.351465551356115347e-01,-1.755181355589367775e-01,3.823484685643742664e-01
3.543067373357629557e-01,-7.847568732087754073e-01,-1.738139090235081008e-01,4.779247962389485682e-01
3.543067373357629557e-01,-7.232251611753330867e-01,-1.711131070651777386e-01,5.675670944583569577e-01
3.543067373357630112e-01,-6.505320282635432827e-01,-1.675795222726468581e-01,6.505320282635428386e-01
1.309988949563628546e-01,-6.160187961681270474e-01,-1.586887825467748203e-01,7.603801697714149821e-01
1.309988949563632987e-01,-6.231912639947079224e-01,-7.974794730874217030e-02,-7.668847389933719505e-01
3.543067373357631222e-01,-6.585457235742097071e-01,-8.427215318672941213e-02,-6.585457235742098181e-01
3.543067373357627892e-01,-7.312129679488610368e-01,-8.613856839223701933e-02,-5.765192784436967699e-01
3.543067373357631777e-01,-7.927020523383546680e-01,-8.765701890443101940e-02,-4.882688185147964210e-01
3.543067373357633443e-01,-8.430142491382779379e-01,-8.881892285836402723e-02,-3.948479588026154175e-01
3.543067373357629557e-01,-8.821532364849810071e-01,-8.956242146561342599e-02,-2.970706580912623185e-01
3.543067373357630112e-01,-9.101335849750507023e-01,-8.959848199142153580e-02,-1.951812117079452513e-01
3.543067373357633443e-01,-9.270632997375203299e-01,-8.666133554898361457e-02,-8.666133554898365621e-02
3.543067373357635663e-01,-9.295396081303761715e-01,-1.020923738352333271e-01,-4.014657670614269289e-17
3.543067373357633443e-01,-9.270632997375203299e-01,-8.666133554898361457e-02,8.666133554898365621e-02
3.543067373357629557e-01,-9.101335849750507023e-01,-8.959848199142156355e-02,1.951812117079451681e-01
3.543067373357631222e-01,-8.821532364849810071e-01,-8.956242146561338435e-02,2.970706580912621519e-01
3.543067373357633443e-01,-8.430142491382779379e-01,-8.881892285836402723e-02,3.948479588026154175e-01
3.543067373357631777e-01,-7.927020523383546680e-01,-8.765701890443101940e-02,4.882688185147964210e-01
3.543067373357627892e-01,-7.312129679488610368e-01,-8.613856839223701933e-02,5.765192784436967699e-01
3.543067373357633998e-01,-6.585457235742100401e-01,-8.427215318672942601e-02,6.585457235742094850e-01
1.309988949563632987e-01,-6.231912639947079224e-01,-7.974794730874217030e-02,7.668847389933719505e-01
1.309988949563628546e-01,-6.255979566930685021e-01,-3.514410586088920904e-17,-7.690685834837290846e-01
3.543067373357627337e-01,-6.612362421549830005e-01,-3.714615152547984225e-17,-6.612362421549831115e-01
3.543067373357629557e-01,-7.339017371066520745e-01,-3.798217760133125925e-17,-5.795299613914065562e-01
3.543067373357629557e-01,-7.953879251426797525e-01,-3.867547151862603640e-17,-4.917568346405666868e-01
3.543067373357631777e-01,-8.456948062630658125e-01,-3.923360063390638487e-17,-3.990827364571939984e-01
3.543067373357629557e-01,-8.848223804678108095e-01,-3.966227149165166038e-17,-3.025823704411136905e-01
3.543067373357635663e-01,-9.127706477569140775e-01,-3.996565000995143067e-17,-2.032645578351272853e-01
3.543067373357635663e-01,-9.295396081303761715e-01,-4.014657670614269289e-17,-1.020923738352333271e-01
3.543067373357629557e-01,-9.351292615881970915e-01,-4.020016544617657237e-17,-8.099290497573652217e-16
3.543067373357635663e-01,-9.295396081303761715e-01,-4.014657670614269289e-17,1.020923738352333271e-01
3.543067373357633998e-01,-9.127706477569141885e-01,-3.996565000995143683e-17,2.032645578351271742e-01
3.543067373357631777e-01,-8.848223804678108095e-01,-3.966227149165166038e-17,3.025823704411136905e-01
3.543067373357631777e-01,-8.456948062630658125e-01,-3.923360063390638487e-17,3.990827364571939984e-01
3.543067373357629557e-01,-7.953879251426797525e-01,-3.867547151862603640e-17,4.917568346405666868e-01
3.543067373357629557e-01,-7.339017371066520745e-01,-3.798217760133125925e-17,5.795299613914065562e-01
3.543067373357625671e-01,-6.612362421549832225e-01,-3.714615152547984225e-17,6.612362421549831115e-01
1.309988949563628546e-01,-6.255979566930685021e-01,-3.514410586088920904e-17,7.690685834837290846e-01
1.309988949563632987e-01,-6.231912639947079224e-01,7.974794730874217030e-02,-7.668847389933719505e-01
3.543067373357631222e-01,-6.585457235742097071e-01,8.427215318672941213e-02,-6.585457235742098181e-01
3.543067373357627892e-01,-7.312129679488610368e-01,8.613856839223701933e-02,-5.765192784436967699e-01
3.543067373357631777e-01,-7.927020523383546680e-01,8.765701890443101940e-02,-4.882688185147964210e-01
3.543067373357633443e-01,-8.430142491382779379e-01,8.881892285836402723e-02,-3.948479588026154175e-01
3.543067373357629557e-01,-8.821532364849810071e-01,8.956242146561342599e-02,-2.970706580912623185e-01
3.543067373357630112e-01,-9.101335849750507023e-01,8.959848199142153580e-02,-1.951812117079452513e-01
3.543067373357633443e-01,-9.270632997375203299e-01,8.666133554898361457e-02,-8.666133554898365621e-02
3.543067373357635663e-01,-9.295396081303761715e-01,1.020923738352333271e-01,-4.014657670614269289e-17
3.543067373357633443e-01,-9.270632997375203299e-01,8.666133554898361457e-02,8.666133554898365621e-02
3.543067373357629557e-01,-9.101335849750507023e-01,8.959848199142156355e-02,1.951812117079451681e-01
3.543067373357631222e-01,-8.821532364849810071e-01,8.956242146561338435e-02,2.970706580912621519e-01
3.543067373357633443e-01,-8.430142491382779379e-01,8.881892285836402723e-02,3.948479588026154175e-01
3.543067373357631777e-01,-7.927020523383546680e-01,8.765701890443101940e-02,4.882688185147964210e-01
3.543067373357627892e-01,-7.312129679488610368e-01,8.613856839223701933e-02,5.765192784436967699e-01
3.543067373357633998e-01,-6.585457235742100401e-01,8.427215318672942601e-02,6.585457235742094850e-01
1.309988949563632987e-01,-6.231912639947079224e-01,7.974794730874217030e-02,7.668847389933719505e-01
1.309988949563628546e-01,-6.160187961681270474e-01,1.586887825467747370e-01,-7.603801697714149821e-01
3.543067373357625671e-01,-6.505320282635430607e-01,1.675795222726468026e-01,-6.505320282635432827e-01
3.543067373357629557e-01,-7.232251611753330867e-01,1.711131070651776831e-01,-5.675670944583569577e-01
3.543067373357629557e-01,-7.847568732087754073e-01,1.738139090235080730e-01,-4.779247962389485682e-01
3.543067373357631777e-01,-8.351465551356115347e-01,1.755181355589367220e-01,-3.823484685643742664e-01
3.543067373357629557e-01,-8.744487001458270958e-01,1.756877409285153013e-01,-2.809626743522975478e-01
3.543067373357631777e-01,-9.028654141854904891e-01,1.721928856633591076e-01,-1.721928856633592742e-01
3.543067373357629557e-01,-9.101335849750507023e-01,1.951812117079451681e-01,-8.959848199142156355e-02
3.543067373357633998e-01,-9.127706477569141885e-01,2.032645578351271742e-01,-3.996565000995143683e-17
3.543067373357629557e-01,-9.101335849750507023e-01,1.951812117079451681e-01,8.959848199142156355e-02
3.543067373357631777e-01,-9.028654141854904891e-01,1.721928856633591076e-01,1.721928856633591909e-01
3.543067373357631222e-01,-8.744487001458269848e-01,1.756877409285152458e-01,2.809626743522971593e-01
3.543067373357631777e-01,-8.351465551356115347e-01,1.755181355589367220e-01,3.823484685643742664e-01
3.543067373357629557e-01,-7.847568732087754073e-01,1.738139090235080730e-01,4.779247962389485682e-01
3.543067373357629557e-01,-7.232251611753330867e-01,1.711131070651776831e-01,5.675670944583569577e-01
3.543067373357630112e-01,-6.505320282635432827e-01,1.675795222726467748e-01,6.505320282635428386e-01
1.309988949563628546e-01,-6.160187961681270474e-01,1.586887825467747370e-01,7.603801697714149821e-01
1.309988949563619665e-01,-6.042208825844817000e-01,2.360432420087980598e-01,-7.496932722594075171e-01
3.543067373357623451e-01,-6.373656620438618026e-01,2.489914889574870727e-01,-6.373656620438621356e-01
3.543067373357633443e-01,-7.101681720698798106e-01,2.538136636058142548e-01,-5.529073407221201109e-01
3.543067373357625671e-01,-7.718781682578124137e-01,2.570650737372532357e-01,-4.610730713345900234e-01
3.543067373357633443e-01,-8.225862378378875350e-01,2.581705305404990436e-01,-3.621692896404027362e-01
3.543067373357629557e-01,-8.625356049321073471e-01,2.554398814818179542e-01,-2.554398814818181762e-01
3.543067373357631222e-01,-8.744487001458269848e-01,2.809626743522971593e-01,-1.756877409285153013e-01
3.543067373357631222e-01,-8.821532364849810071e-01,2.970706580912621519e-01,-8.956242146561338435e-02
3.543067373357631777e-01,-8.848223804678108095e-01,3.025823704411136905e-01,-3.966227149165166038e-17
3.543067373357631222e-01,-8.821532364849810071e-01,2.970706580912621519e-01,8.956242146561338435e-02
3.543067373357631222e-01,-8.744487001458269848e-01,2.809626743522971593e-01,1.756877409285152458e-01
3.543067373357630112e-01,-8.625356049321073471e-01,2.554398814818179542e-01,2.554398814818180652e-01
3.543067373357633443e-01,-8.225862378378875350e-01,2.581705305404990436e-01,3.621692896404027362e-01
3.543067373357625671e-01,-7.718781682578124137e-01,2.570650737372532357e-01,4.610730713345900234e-01
3.543067373357633443e-01,-7.101681720698798106e-01,2.538136636058142548e-01,5.529073407221201109e-01
3.543067373357622896e-01,-6.373656620438621356e-01,2.489914889574869894e-01,6.373656620438616915e-01
1.309988949563619665e-01,-6.042208825844817000e-01,2.360432420087980598e-01,7.496932722594075171e-01
1.309988949563628269e-01,-5.880233121780003014e-01,3.110857186486415404e-01,-7.350466308393530657e-01
3.543067373357627337e-01,-6.193208511332944921e-01,3.276432550527326737e-01,-6.193208511332946031e-01
3.543067373357627337e-01,-6.924070158187171087e-01,3.332331080470606888e-01,-5.329117713325552952e-01
3.543067373357633443e-01,-7.545726054909215330e-01,3.361809847540935814e-01,-4.382570757111587945e-01
3.543067373357627892e-01,-8.060738719773709038e-01,3.351952034217493548e-01,-3.351952034217495768e-01
3.543067373357631777e-01,-8.225862378378876461e-01,3.621692896404027917e-01,-2.581705305404990991e-01
3.543067373357631777e-01,-8.351465551356115347e-01,3.823484685643742664e-01,-1.755181355589367775e-01
3.543067373357633443e-01,-8.430142491382779379e-01,3.948479588026154175e-01,-8.881892285836402723e-02
3.543067373357631777e-01,-8.456948062630658125e-01,3.990827364571939984e-01,-3.923360063390638487e-17
3.543067373357633443e-01,-8.430142491382779379e-01,3.948479588026154175e-01,8.881892285836402723e-02
3.543067373357631777e-01,-8.351465551356115347e-01,3.823484685643742664e-01,1.755181355589367220e-01
3.543067373357631777e-01,-8.225862378378876461e-01,3.621692896404027917e-01,2.581705305404990436e-01
3.543067373357627892e-01,-8.060738719773709038e-01,3.351952034217493548e-01,3.351952034217495768e-01
3.543067373357633443e-01,-7.545726054909215330e-01,3.361809847540935814e-01,4.382570757111587945e-01
3.543067373357627337e-01,-6.924070158187171087e-01,3.332331080470606888e-01,5.329117713325552952e-01
3.543067373357625116e-01,-6.193208511332948252e-01,3.276432550527327292e-01,6.193208511332943811e-01
1.309988949563628269e-01,-5.880233121780003014e-01,3.110857186486415404e-01,7.350466308393530657e-01
1.309988949563623828e-01,-5.677260121467179177e-01,3.831662431702681504e-01,-7.167357216903448291e-01
3.543067373357622896e-01,-5.967616251839231722e-01,4.027627853888346432e-01,-5.967616251839233943e-01
3.543067373357627337e-01,-6.704172072593304055e-01,4.085060994884735508e-01,-5.080652229485899118e-01
3.543067373357627337e-01,-7.334802153212811593e-01,4.101667402476300572e-01,-4.101667402476303348e-01
3.543067373357633443e-01,-7.545726054909215330e-01,4.382570757111587945e-01,-3.361809847540935814e-01
3.543067373357625671e-01,-7.718781682578124137e-01,4.610730713345900234e-01,-2.570650737372532912e-01
3.543067373357629557e-01,-7.847568732087754073e-01,4.779247962389485682e-01,-1.738139090235081008e-01
3.543067373357630112e-01,-7.927020523383547790e-01,4.882688185147964766e-01,-8.765701890443103328e-02
3.543067373357629557e-01,-7.953879251426797525e-01,4.917568346405666868e-01,-3.867547151862603640e-17
3.543067373357630112e-01,-7.927020523383547790e-01,4.882688185147964766e-01,8.765701890443103328e-02
3.543067373357629557e-01,-7.847568732087754073e-01,4.779247962389485682e-01,1.738139090235080730e-01
3.543067373357625671e-01,-7.718781682578124137e-01,4.610730713345900234e-01,2.570650737372532357e-01
3.543067373357633443e-01,-7.545726054909215330e-01,4.382570757111587945e-01,3.361809847540935814e-01
3.543067373357627337e-01,-7.334802153212811593e-01,4.101667402476300572e-01,4.101667402476303348e-01
3.543067373357627337e-01,-6.704172072593304055e-01,4.085060994884735508e-01,5.080652229485899118e-01
3.543067373357622896e-01,-5.967616251839235053e-01,4.027627853888346432e-01,5.967616251839230612e-01
1.309988949563623828e-01,-5.677260121467179177e-01,3.831662431702681504e-01,7.167357216903448291e-01
1.309988949563624105e-01,-5.436887074559376698e-01,4.517273096226693818e-01,-6.951146068427629388e-01
3.543067373357622896e-01,-5.701241922113319260e-01,4.736914045971694076e-01,-5.701241922113323701e-01
3.543067373357622896e-01,-6.447546349638382246e-01,4.789353800728939348e-01,-4.789353800728941568e-01
3.543067373357627337e-01,-6.704172072593304055e-01,5.080652229485899118e-01,-4.085060994884735508e-01
3.543067373357627337e-01,-6.924070158187171087e-01,5.329117713325552952e-01,-3.332331080470606888e-01
3.543067373357633443e-01,-7.101681720698798106e-01,5.529073407221201109e-01,-2.538136636058143103e-01
3.543067373357629557e-01,-7.232251611753330867e-01,5.675670944583569577e-01,-1.711131070651777386e-01
3.543067373357627892e-01,-7.312129679488610368e-01,5.765192784436967699e-01,-8.613856839223701933e-02
3.543067373357629557e-01,-7.339017371066520745e-01,5.795299613914065562e-01,-3.798217760133125925e-17
3.543067373357627892e-01,-7.312129679488610368e-01,5.765192784436967699e-01,8.613856839223701933e-02
3.543067373357629557e-01,-7.232251611753330867e-01,5.675670944583569577e-01,1.711131070651776831e-01
3.543067373357633443e-01,-7.101681720698798106e-01,5.529073407221201109e-01,2.538136636058142548e-01
3.543067373357627337e-01,-6.924070158187171087e-01,5.329117713325552952e-01,3.332331080470606888e-01
3.543067373357627337e-01,-6.704172072593304055e-01,5.080652229485899118e-01,4.085060994884735508e-01
3.543067373357622896e-01,-6.447546349638382246e-01,4.789353800728939348e-01,4.789353800728941568e-01
3.543067373357622896e-01,-5.701241922113325922e-01,4.736914045971692966e-01,5.701241922113318150e-01
1.309988949563624105e-01,-5.436887074559376698e-01,4.517273096226693818e-01,6.951146068427629388e-01
1.309988949563628269e-01,-5.163147999951315237e-01,5.163147999951310796e-01,-6.705798566406442340e-01
3.543067373357625671e-01,-5.398971309050416556e-01,5.398971309050414336e-01,-5.398971309050419887e-01
3.543067373357622896e-01,-5.701241922113325922e-01,5.701241922113318150e-01,-4.736914045971692966e-01
3.543067373357622896e-01,-5.967616251839235053e-01,5.967616251839230612e-01,-4.027627853888346432e-01
3.543067373357622896e-01,-6.193208511332948252e-01,6.193208511332944921e-01,-3.276432550527327847e-01
3.543067373357621230e-01,-6.373656620438622467e-01,6.373656620438616915e-01,-2.489914889574870727e-01
3.543067373357630112e-01,-6.505320282635432827e-01,6.505320282635428386e-01,-1.675795222726468581e-01
3.543067373357633998e-01,-6.585457235742100401e-01,6.585457235742094850e-01,-8.427215318672942601e-02
3.543067373357625671e-01,-6.612362421549832225e-01,6.612362421549831115e-01,-3.714615152547984225e-17
3.543067373357633998e-01,-6.585457235742100401e-01,6.585457235742094850e-01,8.427215318672942601e-02
3.543067373357630112e-01,-6.505320282635432827e-01,6.505320282635428386e-01,1.675795222726467748e-01
3.543067373357621230e-01,-6.373656620438622467e-01,6.373656620438616915e-01,2.489914889574870172e-01
3.543067373357622896e-01,-6.193208511332948252e-01,6.193208511332944921e-01,3.276432550527327847e-01
3.543067373357622896e-01,-5.967616251839235053e-01,5.967616251839230612e-01,4.027627853888346432e-01
3.543067373357622896e-01,-5.701241922113325922e-01,5.701241922113318150e-01,4.736914045971692966e-01
3.543067373357623451e-01,-5.398971309050422107e-01,5.398971309050414336e-01,5.398971309050416556e-01
1.309988949563628269e-01,-5.163147999951315237e-01,5.163147999951310796e-01,6.705798566406442340e-01
1.309988949563634653e-01,-5.112440010915976218e-01,6.006117135338211455e-01,-6.006117135338214785e-01
1.309988949563628269e-01,-5.163147999951310796e-01,6.705798566406441230e-01,-5.163147999951315237e-01
1.309988949563624105e-01,-5.436887074559376698e-01,6.951146068427629388e-01,-4.517273096226693818e-01
1.309988949563624105e-01,-5.677260121467180287e-01,7.167357216903449402e-01,-3.831662431702682059e-01
1.309988949563628546e-01,-5.880233121780003014e-01,7.350466308393530657e-01,-3.110857186486415404e-01
1.309988949563623828e-01,-6.042208825844817000e-01,7.496932722594074061e-01,-2.360432420087980876e-01
1.309988949563628546e-01,-6.160187961681270474e-01,7.603801697714149821e-01,-1.586887825467748203e-01
1.309988949563632987e-01,-6.231912639947079224e-01,7.668847389933719505e-01,-7.974794730874217030e-02
1.309988949563628546e-01,-6.255979566930685021e-01,7.690685834837290846e-01,-3.514410586088920904e-17
1.309988949563632987e-01,-6.231912639947079224e-01,7.668847389933719505e-01,7.974794730874217030e-02
1.309988949563628546e-01,-6.160187961681270474e-01,7.603801697714150931e-01,1.586887825467747370e-01
1.309988949563623828e-01,-6.042208825844817000e-01,7.496932722594074061e-01,2.360432420087980598e-01
1.309988949563628546e-01,-5.880233121780003014e-01,7.350466308393530657e-01,3.110857186486415404e-01
1.309988949563624105e-01,-5.677260121467180287e-01,7.167357216903449402e-01,3.831662431702682059e-01
1.309988949563624105e-01,-5.436887074559376698e-01,6.951146068427629388e-01,4.517273096226693818e-01
1.309988949563628269e-01,-5.163147999951315237e-01,6.705798566406442340e-01,5.163147999951310796e-01
1.309988949563634653e-01,-5.112440010915976218e-01,6.006117135338211455e-01,6.006117135338214785e-01
1.309988949563630489e-01,-4.462309959636175383e-01,-6.259860971944701813e-01,-6.259860971944705144e-01
1.309988949563624105e-01,-4.517273096226693818e-01,-6.951146068427629388e-01,-5.436887074559376698e-01
1.309988949563628546e-01,-4.537459399319779263e-01,-7.556907657968989778e-01,-4.537459399319780928e-01
1.309988949563628546e-01,-4.803193871372907209e-01,-7.765206041471686138e-01,-3.861972646138056020e-01
1.309988949563632987e-01,-5.029136053481467750e-01,-7.943693276644854251e-01,-3.144750647377528296e-01
1.309988949563632987e-01,-5.210501809129910455e-01,-8.087857318100117876e-01,-2.391895451546637852e-01
1.309988949563630767e-01,-5.343214366873394461e-01,-8.193838499283421228e-01,-1.610900316382040676e-01
1.309988949563630489e-01,-5.424152861952489246e-01,-8.258674059004377233e-01,-8.104304222584161888e-02
1.309988949563628269e-01,-5.451355499944349203e-01,-8.280498304163081968e-01,-3.572798070176712705e-17
1.309988949563630489e-01,-5.424152861952489246e-01,-8.258674059004377233e-01,8.104304222584161888e-02
1.309988949563630489e-01,-5.343214366873394461e-01,-8.193838499283421228e-01,1.610900316382040398e-01
1.309988949563632987e-01,-5.210501809129910455e-01,-8.087857318100117876e-01,2.391895451546637297e-01
1.309988949563632987e-01,-5.029136053481467750e-01,-7.943693276644854251e-01,3.144750647377528296e-01
1.309988949563628546e-01,-4.803193871372907209e-01,-7.765206041471686138e-01,3.861972646138056020e-01
1.309988949563628546e-01,-4.537459399319779263e-01,-7.556907657968989778e-01,4.537459399319780928e-01
1.309988949563624105e-01,-4.517273096226692153e-01,-6.951146068427631608e-01,5.436887074559374478e-01
1.309988949563630489e-01,-4.462309959636175383e-01,-6.259860971944701813e-01,6.259860971944705144e-01
1.309988949563624105e-01,-4.517273096226693818e-01,-5.436887074559376698e-01,-6.951146068427629388e-01
3.543067373357622896e-01,-4.736914045971694076e-01,-5.701241922113319260e-01,-5.701241922113323701e-01
3.543067373357622896e-01,-4.789353800728939348e-01,-6.447546349638382246e-01,-4.789353800728941568e-01
3.543067373357627337e-01,-5.080652229485899118e-01,-6.704172072593304055e-01,-4.085060994884735508e-01
3.543067373357627337e-01,-5.329117713325552952e-01,-6.924070158187171087e-01,-3.332331080470606888e-01
3.543067373357633443e-01,-5.529073407221201109e-01,-7.101681720698798106e-01,-2.538136636058143103e-01
3.543067373357629557e-01,-5.675670944583569577e-01,-7.232251611753330867e-01,-1.711131070651777386e-01
3.543067373357627892e-01,-5.765192784436967699e-01,-7.312129679488610368e-01,-8.613856839223701933e-02
3.543067373357629557e-01,-5.795299613914065562e-01,-7.339017371066520745e-01,-3.798217760133125925e-17
3.543067373357627892e-01,-5.765192784436967699e-01,-7.312129679488610368e-01,8.613856839223701933e-02
3.543067373357629557e-01,-5.675670944583569577e-01,-7.232251611753330867e-01,1.711131070651776831e-01
3.543067373357633443e-01,-5.529073407221201109e-01,-7.101681720698798106e-01,2.538136636058142548e-01
3.543067373357627337e-01,-5.329117713325552952e-01,-6.924070158187171087e-01,3.332331080470606888e-01
3.543067373357627337e-01,-5.080652229485899118e-01,-6.704172072593304055e-01,4.085060994884735508e-01
3.543067373357622896e-01,-4.789353800728939348e-01,-6.447546349638382246e-01,4.789353800728941568e-01
3.543067373357622896e-01,-4.736914045971692966e-01,-5.701241922113325922e-01,5.701241922113318150e-01
1.309988949563624105e-01,-4.517273096226693818e-01,-5.436887074559376698e-01,6.951146068427629388e-01
1.309988949563626326e-01,-4.537459399319779263e-01,-4.537459399319780928e-01,-7.556907657968989778e-01
3.543067373357625116e-01,-4.789353800728938793e-01,-4.789353800728941013e-01,-6.447546349638381136e-01
5.360770014093566571e-01,-4.873812500018003813e-01,-4.873812500018006033e-01,-4.873812500018007698e-01
5.360770014093566571e-01,-5.189132532779991980e-01,-5.189132532779996421e-01,-4.172283783551143377e-01
5.360770014093567681e-01,-5.459324744049225409e-01,-5.459324744049228739e-01,-3.413750361994700167e-01
5.360770014093572122e-01,-5.677558844143359984e-01,-5.677558844143361094e-01,-2.606299291826290054e-01
5.360770014093572122e-01,-5.837992108007074021e-01,-5.837992108007077352e-01,-1.760068507101184287e-01
5.360770014093571012e-01,-5.936139537053686244e-01,-5.936139537053687354e-01,-8.869270822628665119e-02
5.360770014093567681e-01,-5.969176863521268306e-01,-5.969176863521272747e-01,-3.912176261252817769e-17
5.360770014093571012e-01,-5.936139537053686244e-01,-5.936139537053687354e-01,8.869270822628665119e-02
5.360770014093573232e-01,-5.837992108007075132e-01,-5.837992108007078462e-01,1.760068507101184010e-01
5.360770014093572122e-01,-5.677558844143359984e-01,-5.677558844143361094e-01,2.606299291826288944e-01
5.360770014093567681e-01,-5.459324744049225409e-01,-5.459324744049228739e-01,3.413750361994700167e-01
5.360770014093566571e-01,-5.189132532779991980e-01,-5.189132532779996421e-01,4.172283783551143377e-01
5.360770014093566571e-01,-4.873812500018003813e-01,-4.873812500018006033e-01,4.873812500018007698e-01
3.543067373357627892e-01,-4.789353800728938793e-01,-4.789353800728941013e-01,6.447546349638380025e-01
1.309988949563626326e-01,-4.537459399319779263e-01,-4.537459399319780928e-01,7.556907657968989778e-01
1.309988949563628269e-01,-4.803193871372906654e-01,-3.861972646138055465e-01,-7.765206041471685028e-01
3.543067373357627337e-01,-5.080652229485899118e-01,-4.085060994884735508e-01,-6.704172072593304055e-01
5.360770014093566571e-01,-5.189132532779991980e-01,-4.172283783551143377e-01,-5.189132532779996421e-01
5.360770014093567681e-01,-5.963997559527789427e-01,-4.224504584323575118e-01,-4.224504584323577894e-01
5.360770014093575453e-01,-6.223163050918840700e-01,-4.525728051452738154e-01,-3.471623842233992896e-01
5.360770014093564351e-01,-6.435799202735125180e-01,-4.771364289438517758e-01,-2.660209821713336309e-01
5.360770014093569902e-01,-6.594041861355238732e-01,-4.953335028160588682e-01,-1.801451882645582758e-01
5.360770014093571012e-01,-6.691665517884748393e-01,-5.065258789364216474e-01,-9.093463858816520917e-02
5.360770014093567681e-01,-6.724667256405055804e-01,-5.103037835116349674e-01,-4.013414365552618855e-17
5.360770014093571012e-01,-6.691665517884748393e-01,-5.065258789364216474e-01,9.093463858816520917e-02
5.360770014093569902e-01,-6.594041861355238732e-01,-4.953335028160588682e-01,1.801451882645582203e-01
5.360770014093564351e-01,-6.435799202735125180e-01,-4.771364289438517758e-01,2.660209821713335199e-01
5.360770014093575453e-01,-6.223163050918840700e-01,-4.525728051452738154e-01,3.471623842233992896e-01
5.360770014093567681e-01,-5.963997559527789427e-01,-4.224504584323575118e-01,4.224504584323577894e-01
5.360770014093566571e-01,-5.189132532779991980e-01,-4.172283783551143377e-01,5.189132532779996421e-01
3.543067373357627337e-01,-5.080652229485899118e-01,-4.085060994884735508e-01,6.704172072593302945e-01
1.309988949563628269e-01,-4.803193871372906654e-01,-3.861972646138055465e-01,7.765206041471685028e-01
1.309988949563630489e-01,-5.029136053481467750e-01,-3.144750647377528296e-01,-7.943693276644854251e-01
3.543067373357627337e-01,-5.329117713325552952e-01,-3.332331080470606888e-01,-6.924070158187171087e-01
5.360770014093567681e-01,-5.459324744049225409e-01,-3.413750361994700167e-01,-5.459324744049228739e-01
5.360770014093574343e-01,-6.223163050918839589e-01,-3.471623842233992341e-01,-4.525728051452737599e-01
5.360770014093568792e-01,-6.855967153672154479e-01,-3.482661284403336110e-01,-3.482661284403337776e-01
5.360770014093569902e-01,-7.058857171249646179e-01,-3.769958291999816469e-01,-2.687395536290572706e-01
5.360770014093572122e-01,-7.213187751061198583e-01,-3.985560699363813741e-01,-1.829582803707583694e-01
5.360770014093573232e-01,-7.309859335737761699e-01,-4.119398743753349135e-01,-9.266365726033148897e-02
5.360770014093568792e-01,-7.342795759673605982e-01,-4.164792346289857838e-01,-4.094384064017578380e-17
5.360770014093573232e-01,-7.309859335737761699e-01,-4.119398743753349135e-01,9.266365726033148897e-02
5.360770014093573232e-01,-7.213187751061199693e-01,-3.985560699363814852e-01,1.829582803707583416e-01
5.360770014093569902e-01,-7.058857171249646179e-01,-3.769958291999816469e-01,2.687395536290572151e-01
5.360770014093568792e-01,-6.855967153672154479e-01,-3.482661284403336110e-01,3.482661284403337776e-01
5.360770014093574343e-01,-6.223163050918839589e-01,-3.471623842233992341e-01,4.525728051452737599e-01
5.360770014093567681e-01,-5.459324744049225409e-01,-3.413750361994700167e-01,5.459324744049228739e-01
3.543067373357629557e-01,-5.329117713325554062e-01,-3.332331080470607443e-01,6.924070158187168866e-01
1.309988949563630489e-01,-5.029136053481467750e-01,-3.144750647377528296e-01,7.943693276644854251e-01
1.309988949563632987e-01,-5.210501809129910455e-01,-2.391895451546637852e-01,-8.087857318100117876e-01
3.543067373357633443e-01,-5.529073407221201109e-01,-2.538136636058143103e-01,-7.101681720698798106e-01
5.360770014093573232e-01,-5.677558844143359984e-01,-2.606299291826290054e-01,-5.677558844143361094e-01
5.360770014093564351e-01,-6.435799202735125180e-01,-2.660209821713336309e-01,-4.771364289438517758e-01
5.360770014093569902e-01,-7.058857171249646179e-01,-2.687395536290572706e-01,-3.769958291999816469e-01
5.360770014093571012e-01,-7.549721282451105075e-01,-2.670566738849646238e-01,-2.670566738849647903e-01
5.360770014093572122e-01,-7.696099343458908670e-01,-2.941085840165901244e-01,-1.839079615563770642e-01
5.360770014093573232e-01,-7.790766184448372211e-01,-3.112191815416699980e-01,-9.382799258772753226e-02
5.360770014093571012e-01,-7.823562373326921060e-01,-3.170806939354470222e-01,-4.156270092436359062e-17
5.360770014093573232e-01,-7.790766184448372211e-01,-3.112191815416699980e-01,9.382799258772753226e-02
5.360770014093567681e-01,-7.696099343458910891e-01,-2.941085840165904575e-01,1.839079615563770365e-01
5.360770014093571012e-01,-7.549721282451105075e-01,-2.670566738849647903e-01,2.670566738849645683e-01
5.360770014093569902e-01,-7.058857171249646179e-01,-2.687395536290572706e-01,3.769958291999816469e-01
5.360770014093564351e-01,-6.435799202735125180e-01,-2.660209821713336309e-01,4.771364289438517758e-01
5.360770014093573232e-01,-5.677558844143359984e-01,-2.606299291826290054e-01,5.677558844143361094e-01
3.543067373357633443e-01,-5.529073407221202219e-01,-2.538136636058143658e-01,7.101681720698795885e-01
1.309988949563632987e-01,-5.210501809129910455e-01,-2.391895451546637852e-01,8.087857318100117876e-01
1.309988949563630767e-01,-5.343214366873394461e-01,-1.610900316382040676e-01,-8.193838499283421228e-01
3.543067373357629557e-01,-5.675670944583569577e-01,-1.711131070651777386e-01,-7.232251611753330867e-01
5.360770014093572122e-01,-5.837992108007074021e-01,-1.760068507101184287e-01,-5.837992108007077352e-01
5.360770014093569902e-01,-6.594041861355238732e-01,-1.801451882645582758e-01,-4.953335028160588682e-01
5.360770014093573232e-01,-7.213187751061199693e-01,-1.829582803707583971e-01,-3.985560699363814297e-01
5.360770014093571012e-01,-7.696099343458910891e-01,-1.839079615563771197e-01,-2.941085840165902354e-01
5.360770014093572122e-01,-8.045259945864641216e-01,-1.807752369582359964e-01,-1.807752369582361629e-01
5.360770014093573232e-01,-8.134565095211903074e-01,-2.050585121392911603e-01,-9.413268442349803644e-02
5.360770014093571012e-01,-8.166967097365005479e-01,-2.136069588415286657e-01,-4.199916132784521469e-17
5.360770014093573232e-01,-8.134565095211903074e-01,-2.050585121392911603e-01,9.413268442349803644e-02
5.360770014093572122e-01,-8.045259945864641216e-01,-1.807752369582361629e-01,1.807752369582359409e-01
5.360770014093573232e-01,-7.696099343458909781e-01,-1.839079615563770642e-01,2.941085840165900689e-01
5.360770014093573232e-01,-7.213187751061199693e-01,-1.829582803707583971e-01,3.985560699363814297e-01
5.360770014093569902e-01,-6.594041861355238732e-01,-1.801451882645582758e-01,4.953335028160588682e-01
5.360770014093572122e-01,-5.837992108007074021e-01,-1.760068507101184287e-01,5.837992108007077352e-01
3.543067373357633998e-01,-5.675670944583570687e-01,-1.711131070651777386e-01,7.232251611753327536e-01
1.309988949563630767e-01,-5.343214366873394461e-01,-1.610900316382040676e-01,8.193838499283421228e-01
1.309988949563630489e-01,-5.424152861952489246e-01,-8.104304222584161888e-02,-8.258674059004377233e-01
3.543067373357627892e-01,-5.765192784436967699e-01,-8.613856839223701933e-02,-7.312129679488610368e-01
5.360770014093571012e-01,-5.936139537053686244e-01,-8.869270822628665119e-02,-5.936139537053687354e-01
5.360770014093571012e-01,-6.691665517884748393e-01,-9.093463858816520917e-02,-5.065258789364216474e-01
5.360770014093573232e-01,-7.309859335737761699e-01,-9.266365726033148897e-02,-4.119398743753349135e-01
5.360770014093572122e-01,-7.790766184448372211e-01,-9.382799258772753226e-02,-3.112191815416699980e-01
5.360770014093573232e-01,-8.134565095211903074e-01,-9.413268442349803644e-02,-2.050585121392911603e-01
5.360770014093572122e-01,-8.342583143912762900e-01,-9.119899513969002836e-02,-9.119899513969006999e-02
5.360770014093571012e-01,-8.373009931787855908e-01,-1.074639259555114218e-01,-4.225887384574907191e-17
5.360770014093572122e-01,-8.342583143912762900e-01,-9.119899513969002836e-02,9.119899513969006999e-02
5.360770014093572122e-01,-8.134565095211903074e-01,-9.413268442349806420e-02,2.050585121392910493e-01
5.360770014093572122e-01,-7.790766184448373322e-01,-9.382799258772751838e-02,3.112191815416698315e-01
5.360770014093573232e-01,-7.309859335737761699e-01,-9.266365726033148897e-02,4.119398743753349135e-01
5.360770014093571012e-01,-6.691665517884748393e-01,-9.093463858816520917e-02,5.065258789364216474e-01
5.360770014093571012e-01,-5.936139537053686244e-01,-8.869270822628665119e-02,5.936139537053687354e-01
3.543067373357633443e-01,-5.765192784436967699e-01,-8.613856839223699158e-02,7.312129679488607037e-01
1.309988949563630489e-01,-5.424152861952489246e-01,-8.104304222584161888e-02,8.258674059004377233e-01
1.309988949563628269e-01,-5.451355499944349203e-01,-3.572798070176712705e-17,-8.280498304163081968e-01
3.543067373357629557e-01,-5.795299613914065562e-01,-3.798217760133125925e-17,-7.339017371066520745e-01
5.360770014093567681e-01,-5.969176863521268306e-01,-3.912176261252817769e-17,-5.969176863521272747e-01
5.360770014093567681e-01,-6.724667256405055804e-01,-4.013414365552618855e-17,-5.103037835116349674e-01
5.360770014093568792e-01,-7.342795759673605982e-01,-4.094384064017578380e-17,-4.164792346289857838e-01
5.360770014093571012e-01,-7.823562373326921060e-01,-4.156270092436359062e-17,-3.170806939354470222e-01
5.360770014093571012e-01,-8.166967097365005479e-01,-4.199916132784521469e-17,-2.136069588415286657e-01
5.360770014093571012e-01,-8.373009931787855908e-01,-4.225887384574907191e-17,-1.074639259555114218e-01
5.360770014093571012e-01,-8.441690876595472348e-01,-4.233820368957757286e-17,-8.530049740378552933e-16
5.360770014093571012e-01,-8.373009931787855908e-01,-4.225887384574907191e-17,1.074639259555114218e-01
5.360770014093571012e-01,-8.166967097365005479e-01,-4.199916132784522085e-17,2.136069588415285547e-01
5.360770014093571012e-01,-7.823562373326922170e-01,-4.156270092436359062e-17,3.170806939354468557e-01
5.360770014093568792e-01,-7.342795759673605982e-01,-4.094384064017578380e-17,4.164792346289857838e-01
5.360770014093567681e-01,-6.724667256405055804e-01,-4.013414365552618855e-17,5.103037835116349674e-01
5.360770014093567681e-01,-5.969176863521268306e-01,-3.912176261252817769e-17,5.969176863521272747e-01
3.543067373357630112e-01,-5.795299613914066672e-01,-3.798217760133126541e-17,7.339017371066520745e-01
1.309988949563628269e-01,-5.451355499944349203e-01,-3.572798070176712705e-17,8.280498304163081968e-01
1.309988949563630489e-01,-5.424152861952489246e-01,8.104304222584161888e-02,-8.258674059004377233e-01
3.543067373357627892e-01,-5.765192784436967699e-01,8.613856839223701933e-02,-7.312129679488610368e-01
5.360770014093571012e-01,-5.936139537053686244e-01,8.869270822628665119e-02,-5.936139537053687354e-01
5.360770014093571012e-01,-6.691665517884748393e-01,9.093463858816520917e-02,-5.065258789364216474e-01
5.360770014093573232e-01,-7.309859335737761699e-01,9.266365726033148897e-02,-4.119398743753349135e-01
5.360770014093572122e-01,-7.790766184448372211e-01,9.382799258772753226e-02,-3.112191815416699980e-01
5.360770014093573232e-01,-8.134565095211903074e-01,9.413268442349803644e-02,-2.050585121392911603e-01
5.360770014093572122e-01,-8.342583143912762900e-01,9.119899513969002836e-02,-9.119899513969006999e-02
5.360770014093571012e-01,-8.373009931787855908e-01,1.074639259555114218e-01,-4.225887384574907191e-17
5.360770014093572122e-01,-8.342583143912762900e-01,9.119899513969002836e-02,9.119899513969006999e-02
5.360770014093572122e-01,-8.134565095211903074e-01,9.413268442349806420e-02,2.050585121392910493e-01
5.360770014093572122e-01,-7.790766184448373322e-01,9.382799258772751838e-02,3.112191815416698315e-01
5.360770014093573232e-01,-7.309859335737761699e-01,9.266365726033148897e-02,4.119398743753349135e-01
5.360770014093571012e-01,-6.691665517884748393e-01,9.093463858816520917e-02,5.065258789364216474e-01
5.360770014093571012e-01,-5.936139537053686244e-01,8.869270822628665119e-02,5.936139537053687354e-01
3.543067373357633443e-01,-5.765192784436967699e-01,8.613856839223699158e-02,7.312129679488607037e-01
1.309988949563630489e-01,-5.424152861952489246e-01,8.104304222584161888e-02,8.258674059004377233e-01
1.309988949563630767e-01,-5.343214366873394461e-01,1.610900316382040398e-01,-8.193838499283421228e-01
3.543067373357629557e-01,-5.675670944583569577e-01,1.711131070651776831e-01,-7.232251611753330867e-01
5.360770014093572122e-01,-5.837992108007074021e-01,1.760068507101183732e-01,-5.837992108007078462e-01
5.360770014093569902e-01,-6.594041861355238732e-01,1.801451882645582203e-01,-4.953335028160588682e-01
5.360770014093573232e-01,-7.213187751061199693e-01,1.829582803707583416e-01,-3.985560699363814852e-01
5.360770014093567681e-01,-7.696099343458910891e-01,1.839079615563770365e-01,-2.941085840165904575e-01
5.360770014093572122e-01,-8.045259945864641216e-01,1.807752369582359409e-01,-1.807752369582361629e-01
5.360770014093572122e-01,-8.134565095211903074e-01,2.050585121392910493e-01,-9.413268442349806420e-02
5.360770014093571012e-01,-8.166967097365005479e-01,2.136069588415285547e-01,-4.199916132784522085e-17
5.360770014093572122e-01,-8.134565095211903074e-01,2.050585121392910493e-01,9.413268442349806420e-02
5.360770014093571012e-01,-8.045259945864643436e-01,1.807752369582359686e-01,1.807752369582360519e-01
5.360770014093572122e-01,-7.696099343458909781e-01,1.839079615563770087e-01,2.941085840165900689e-01
5.360770014093573232e-01,-7.213187751061199693e-01,1.829582803707583416e-01,3.985560699363814852e-01
5.360770014093569902e-01,-6.594041861355238732e-01,1.801451882645582203e-01,4.953335028160588682e-01
5.360770014093572122e-01,-5.837992108007074021e-01,1.760068507101183732e-01,5.837992108007078462e-01
3.543067373357633998e-01,-5.675670944583570687e-01,1.711131070651776831e-01,7.232251611753327536e-01
1.309988949563630767e-01,-5.343214366873394461e-01,1.610900316382040398e-01,8.193838499283421228e-01
1.309988949563632987e-01,-5.210501809129910455e-01,2.391895451546637297e-01,-8.087857318100117876e-01
3.543067373357633443e-01,-5.529073407221201109e-01,2.538136636058142548e-01,-7.101681720698798106e-01
5.360770014093572122e-01,-5.677558844143359984e-01,2.606299291826288944e-01,-5.677558844143361094e-01
5.360770014093564351e-01,-6.435799202735125180e-01,2.660209821713335199e-01,-4.771364289438517758e-01
5.360770014093569902e-01,-7.058857171249646179e-01,2.687395536290572151e-01,-3.769958291999816469e-01
5.360770014093571012e-01,-7.549721282451105075e-01,2.670566738849645683e-01,-2.670566738849647903e-01
5.360770014093573232e-01,-7.696099343458909781e-01,2.941085840165900689e-01,-1.839079615563770642e-01
5.360770014093573232e-01,-7.790766184448373322e-01,3.112191815416698315e-01,-9.382799258772751838e-02
5.360770014093571012e-01,-7.823562373326922170e-01,3.170806939354468557e-01,-4.156270092436359062e-17
5.360770014093573232e-01,-7.790766184448373322e-01,3.112191815416698315e-01,9.382799258772751838e-02
5.360770014093572122e-01,-7.696099343458909781e-01,2.941085840165900689e-01,1.839079615563770087e-01
5.360770014093571012e-01,-7.549721282451105075e-01,2.670566738849645683e-01,2.670566738849646793e-01
5.360770014093569902e-01,-7.058857171249646179e-01,2.687395536290572151e-01,3.769958291999816469e-01
5.360770014093564351e-01,-6.435799202735125180e-01,2.660209821713335199e-01,4.771364289438517758e-01
5.360770014093572122e-01,-5.677558844143359984e-01,2.606299291826288944e-01,5.677558844143361094e-01
3.543067373357633443e-01,-5.529073407221202219e-01,2.538136636058143103e-01,7.101681720698795885e-01
1.309988949563632987e-01,-5.210501809129910455e-01,2.391895451546637297e-01,8.087857318100117876e-01
1.309988949563630489e-01,-5.029136053481467750e-01,3.144750647377528296e-01,-7.943693276644854251e-01
3.543067373357627337e-01,-5.329117713325552952e-01,3.332331080470606888e-01,-6.924070158187171087e-01
5.360770014093567681e-01,-5.459324744049225409e-01,3.413750361994700167e-01,-5.459324744049228739e-01
5.360770014093574343e-01,-6.223163050918839589e-01,3.471623842233992341e-01,-4.525728051452737599e-01
5.360770014093568792e-01,-6.855967153672154479e-01,3.482661284403336110e-01,-3.482661284403337776e-01
5.360770014093569902e-01,-7.058857171249646179e-01,3.769958291999816469e-01,-2.687395536290572706e-01
5.360770014093572122e-01,-7.213187751061198583e-01,3.985560699363813741e-01,-1.829582803707583694e-01
5.360770014093573232e-01,-7.309859335737761699e-01,4.119398743753349135e-01,-9.266365726033148897e-02
5.360770014093568792e-01,-7.342795759673605982e-01,4.164792346289857838e-01,-4.094384064017578380e-17
5.360770014093573232e-01,-7.309859335737761699e-01,4.119398743753349135e-01,9.266365726033148897e-02
5.360770014093573232e-01,-7.213187751061199693e-01,3.985560699363814852e-01,1.829582803707583416e-01
5.360770014093569902e-01,-7.058857171249646179e-01,3.769958291999816469e-01,2.687395536290572151e-01
5.360770014093568792e-01,-6.855967153672154479e-01,3.482661284403336110e-01,3.482661284403337776e-01
5.360770014093574343e-01,-6.223163050918839589e-01,3.471623842233992341e-01,4.525728051452737599e-01
5.360770014093567681e-01,-5.459324744049225409e-01,3.413750361994700167e-01,5.459324744049228739e-01
3.543067373357629557e-01,-5.329117713325554062e-01,3.332331080470607443e-01,6.924070158187168866e-01
1.309988949563630489e-01,-5.029136053481467750e-01,3.144750647377528296e-01,7.943693276644854251e-01
1.309988949563628269e-01,-4.803193871372906654e-01,3.861972646138055465e-01,-7.765206041471685028e-01
3.543067373357627337e-01,-5.080652229485899118e-01,4.085060994884735508e-01,-6.704172072593304055e-01
5.360770014093566571e-01,-5.189132532779991980e-01,4.172283783551143377e-01,-5.189132532779996421e-01
5.360770014093567681e-01,-5.963997559527789427e-01,4.224504584323575118e-01,-4.224504584323577894e-01
5.360770014093575453e-01,-6.223163050918840700e-01,4.525728051452738154e-01,-3.471623842233992896e-01
5.360770014093564351e-01,-6.435799202735125180e-01,4.771364289438517758e-01,-2.660209821713336309e-01
5.360770014093569902e-01,-6.594041861355238732e-01,4.953335028160588682e-01,-1.801451882645582758e-01
5.360770014093571012e-01,-6.691665517884748393e-01,5.065258789364216474e-01,-9.093463858816520917e-02
5.360770014093567681e-01,-6.724667256405055804e-01,5.103037835116349674e-01,-4.013414365552618855e-17
5.360770014093571012e-01,-6.691665517884748393e-01,5.065258789364216474e-01,9.093463858816520917e-02
5.360770014093569902e-01,-6.594041861355238732e-01,4.953335028160588682e-01,1.801451882645582203e-01
5.360770014093564351e-01,-6.435799202735125180e-01,4.771364289438517758e-01,2.660209821713335199e-01
5.360770014093575453e-01,-6.223163050918840700e-01,4.525728051452738154e-01,3.471623842233992896e-01
5.360770014093567681e-01,-5.963997559527789427e-01,4.224504584323575118e-01,4.224504584323577894e-01
5.360770014093566571e-01,-5.189132532779991980e-01,4.172283783551143377e-01,5.189132532779996421e-01
3.543067373357627337e-01,-5.080652229485899118e-01,4.085060994884735508e-01,6.704172072593302945e-01
1.309988949563628269e-01,-4.803193871372906654e-01,3.861972646138055465e-01,7.765206041471685028e-01
1.309988949563626326e-01,-4.537459399319779263e-01,4.537459399319780928e-01,-7.556907657968989778e-01
3.543067373357625116e-01,-4.789353800728938793e-01,4.789353800728941013e-01,-6.447546349638381136e-01
5.360770014093566571e-01,-4.873812500018003813e-01,4.873812500018006033e-01,-4.873812500018007698e-01
5.360770014093566571e-01,-5.189132532779991980e-01,5.189132532779996421e-01,-4.172283783551143377e-01
5.360770014093567681e-01,-5.459324744049225409e-01,5.459324744049228739e-01,-3.413750361994700167e-01
5.360770014093572122e-01,-5.677558844143359984e-01,5.677558844143361094e-01,-2.606299291826290054e-01
5.360770014093572122e-01,-5.837992108007074021e-01,5.837992108007077352e-01,-1.760068507101184287e-01
5.360770014093571012e-01,-5.936139537053686244e-01,5.936139537053687354e-01,-8.869270822628665119e-02
5.360770014093567681e-01,-5.969176863521268306e-01,5.969176863521272747e-01,-3.912176261252817769e-17
5.360770014093571012e-01,-5.936139537053686244e-01,5.936139537053687354e-01,8.869270822628665119e-02
5.360770014093573232e-01,-5.837992108007075132e-01,5.837992108007078462e-01,1.760068507101184010e-01
5.360770014093572122e-01,-5.677558844143359984e-01,5.677558844143361094e-01,2.606299291826288944e-01
5.360770014093567681e-01,-5.459324744049225409e-01,5.459324744049228739e-01,3.413750361994700167e-01
5.360770014093566571e-01,-5.189132532779991980e-01,5.189132532779996421e-01,4.172283783551143377e-01
5.360770014093566571e-01,-4.873812500018003813e-01,4.873812500018006033e-01,4.873812500018007698e-01
3.543067373357627892e-01,-4.789353800728938793e-01,4.789353800728941013e-01,6.447546349638380025e-01
1.309988949563626326e-01,-4.537459399319779263e-01,4.537459399319780928e-01,7.556907657968989778e-01
1.309988949563624105e-01,-4.517273096226691598e-01,5.436887074559374478e-01,-6.951146068427631608e-01
3.543067373357622896e-01,-4.736914045971692966e-01,5.701241922113318150e-01,-5.701241922113325922e-01
3.543067373357627892e-01,-4.789353800728938793e-01,6.447546349638380025e-01,-4.789353800728941013e-01
3.543067373357627337e-01,-5.080652229485899118e-01,6.704172072593302945e-01,-4.085060994884735508e-01
3.543067373357629557e-01,-5.329117713325554062e-01,6.924070158187168866e-01,-3.332331080470607443e-01
3.543067373357633443e-01,-5.529073407221202219e-01,7.101681720698795885e-01,-2.538136636058143658e-01
3.543067373357633998e-01,-5.675670944583570687e-01,7.232251611753327536e-01,-1.711131070651777386e-01
3.543067373357631777e-01,-5.765192784436967699e-01,7.312129679488608147e-01,-8.613856839223699158e-02
3.543067373357630112e-01,-5.795299613914066672e-01,7.339017371066520745e-01,-3.798217760133126541e-17
3.543067373357631777e-01,-5.765192784436967699e-01,7.312129679488608147e-01,8.613856839223699158e-02
3.543067373357633998e-01,-5.675670944583570687e-01,7.232251611753327536e-01,1.711131070651776831e-01
3.543067373357633443e-01,-5.529073407221202219e-01,7.101681720698795885e-01,2.538136636058143103e-01
3.543067373357629557e-01,-5.329117713325554062e-01,6.924070158187168866e-01,3.332331080470607443e-01
3.543067373357627337e-01,-5.080652229485899118e-01,6.704172072593302945e-01,4.085060994884735508e-01
3.543067373357627892e-01,-4.789353800728938793e-01,6.447546349638380025e-01,4.789353800728941013e-01
3.543067373357625116e-01,-4.736914045971693521e-01,5.701241922113318150e-01,5.701241922113322591e-01
1.309988949563624105e-01,-4.517273096226691598e-01,5.436887074559374478e-01,6.951146068427631608e-01
1.309988949563630489e-01,-4.462309959636175383e-01,6.259860971944701813e-01,-6.259860971944705144e-01
1.309988949563624105e-01,-4.517273096226693818e-01,6.951146068427629388e-01,-5.436887074559376698e-01
1.309988949563628546e-01,-4.537459399319779263e-01,7.556907657968989778e-01,-4.537459399319780928e-01
1.309988949563628546e-01,-4.803193871372907209e-01,7.765206041471686138e-01,-3.861972646138056020e-01
1.309988949563632987e-01,-5.029136053481467750e-01,7.943693276644854251e-01,-3.144750647377528296e-01
1.309988949563632987e-01,-5.210501809129910455e-01,8.087857318100117876e-01,-2.391895451546637852e-01
1.309988949563630767e-01,-5.343214366873394461e-01,8.193838499283421228e-01,-1.610900316382040676e-01
1.309988949563630489e-01,-5.424152861952489246e-01,8.258674059004377233e-01,-8.104304222584161888e-02
1.309988949563628269e-01,-5.451355499944349203e-01,8.280498304163081968e-01,-3.572798070176712705e-17
1.309988949563630489e-01,-5.424152861952489246e-01,8.258674059004377233e-01,8.104304222584161888e-02
1.309988949563630489e-01,-5.343214366873394461e-01,8.193838499283421228e-01,1.610900316382040398e-01
1.309988949563632987e-01,-5.210501809129910455e-01,8.087857318100117876e-01,2.391895451546637297e-01
1.309988949563632987e-01,-5.029136053481467750e-01,7.943693276644854251e-01,3.144750647377528296e-01
1.309988949563628546e-01,-4.803193871372907209e-01,7.765206041471686138e-01,3.861972646138056020e-01
1.309988949563628546e-01,-4.537459399319779263e-01,7.556907657968989778e-01,4.537459399319780928e-01
1.309988949563624105e-01,-4.517273096226692153e-01,6.951146068427631608e-01,5.436887074559374478e-01
1.309988949563630489e-01,-4.462309959636175383e-01,6.259860971944701813e-01,6.259860971944705144e-01
1.309988949563632987e-01,-3.776963701651792071e-01,-6.481453314975967883e-01,-6.481453314975970104e-01
1.309988949563623828e-01,-3.831662431702681504e-01,-7.167357216903448291e-01,-5.677260121467179177e-01
1.309988949563628269e-01,-3.861972646138055465e-01,-7.765206041471685028e-01,-4.803193871372906654e-01
1.309988949563630212e-01,-3.858362808289519941e-01,-8.277076889291143935e-01,-3.858362808289522161e-01
1.309988949563639093e-01,-4.116024827542429931e-01,-8.448279944306639200e-01,-3.157346125102801770e-01
1.309988949563628269e-01,-4.324749439208109281e-01,-8.588746017171086100e-01,-2.411205734195680239e-01
1.309988949563630489e-01,-4.478596948598949634e-01,-8.693280098634345032e-01,-1.628796933540020975e-01
1.309988949563630489e-01,-4.572901893244815663e-01,-8.757769657602738622e-01,-8.209554501627919221e-02
1.309988949563630212e-01,-4.604679430315804511e-01,-8.779570393592597277e-01,-3.621467677002388493e-17
1.309988949563630489e-01,-4.572901893244815663e-01,-8.757769657602738622e-01,8.209554501627919221e-02
1.309988949563630767e-01,-4.478596948598950189e-01,-8.693280098634346142e-01,1.628796933540020697e-01
1.309988949563628269e-01,-4.324749439208109281e-01,-8.588746017171086100e-01,2.411205734195679684e-01
1.309988949563639093e-01,-4.116024827542429931e-01,-8.448279944306639200e-01,3.157346125102801770e-01
1.309988949563630212e-01,-3.858362808289519941e-01,-8.277076889291143935e-01,3.858362808289522161e-01
1.309988949563628269e-01,-3.861972646138055465e-01,-7.765206041471685028e-01,4.803193871372906654e-01
1.309988949563623828e-01,-3.831662431702680394e-01,-7.167357216903451622e-01,5.677260121467176957e-01
1.309988949563632987e-01,-3.776963701651792071e-01,-6.481453314975967883e-01,6.481453314975970104e-01
1.309988949563623828e-01,-3.831662431702681504e-01,-5.677260121467179177e-01,-7.167357216903448291e-01
3.543067373357622896e-01,-4.027627853888346432e-01,-5.967616251839231722e-01,-5.967616251839233943e-01
3.543067373357627337e-01,-4.085060994884735508e-01,-6.704172072593304055e-01,-5.080652229485899118e-01
3.543067373357627892e-01,-4.101667402476301127e-01,-7.334802153212812703e-01,-4.101667402476303903e-01
3.543067373357633443e-01,-4.382570757111587945e-01,-7.545726054909215330e-01,-3.361809847540935814e-01
3.543067373357625671e-01,-4.610730713345900234e-01,-7.718781682578124137e-01,-2.570650737372532912e-01
3.543067373357629557e-01,-4.779247962389485682e-01,-7.847568732087754073e-01,-1.738139090235081008e-01
3.543067373357630112e-01,-4.882688185147964766e-01,-7.927020523383547790e-01,-8.765701890443103328e-02
3.543067373357629557e-01,-4.917568346405666868e-01,-7.953879251426797525e-01,-3.867547151862603640e-17
3.543067373357630112e-01,-4.882688185147964766e-01,-7.927020523383547790e-01,8.765701890443103328e-02
3.543067373357629557e-01,-4.779247962389485682e-01,-7.847568732087754073e-01,1.738139090235080730e-01
3.543067373357625671e-01,-4.610730713345900234e-01,-7.718781682578124137e-01,2.570650737372532357e-01
3.543067373357633443e-01,-4.382570757111587945e-01,-7.545726054909215330e-01,3.361809847540935814e-01
3.543067373357627892e-01,-4.101667402476301127e-01,-7.334802153212812703e-01,4.101667402476303903e-01
3.543067373357627337e-01,-4.085060994884735508e-01,-6.704172072593304055e-01,5.080652229485899118e-01
3.543067373357622896e-01,-4.027627853888346432e-01,-5.967616251839235053e-01,5.967616251839230612e-01
1.309988949563623828e-01,-3.831662431702681504e-01,-5.677260121467179177e-01,7.167357216903448291e-01
1.309988949563628269e-01,-3.861972646138055465e-01,-4.803193871372906654e-01,-7.765206041471685028e-01
3.543067373357627337e-01,-4.085060994884735508e-01,-5.080652229485899118e-01,-6.704172072593304055e-01
5.360770014093566571e-01,-4.172283783551143377e-01,-5.189132532779991980e-01,-5.189132532779996421e-01
5.360770014093567681e-01,-4.224504584323575118e-01,-5.963997559527789427e-01,-4.224504584323577894e-01
5.360770014093574343e-01,-4.525728051452737599e-01,-6.223163050918839589e-01,-3.471623842233992341e-01
5.360770014093564351e-01,-4.771364289438517758e-01,-6.435799202735125180e-01,-2.660209821713336309e-01
5.360770014093569902e-01,-4.953335028160588682e-01,-6.594041861355238732e-01,-1.801451882645582758e-01
5.360770014093571012e-01,-5.065258789364216474e-01,-6.691665517884748393e-01,-9.093463858816520917e-02
5.360770014093567681e-01,-5.103037835116349674e-01,-6.724667256405055804e-01,-4.013414365552618855e-17
5.360770014093571012e-01,-5.065258789364216474e-01,-6.691665517884748393e-01,9.093463858816520917e-02
5.360770014093569902e-01,-4.953335028160588682e-01,-6.594041861355238732e-01,1.801451882645582203e-01
5.360770014093564351e-01,-4.771364289438517758e-01,-6.435799202735125180e-01,2.660209821713335199e-01
5.360770014093574343e-01,-4.525728051452737599e-01,-6.223163050918839589e-01,3.471623842233992341e-01
5.360770014093567681e-01,-4.224504584323575118e-01,-5.963997559527789427e-01,4.224504584323577894e-01
5.360770014093566571e-01,-4.172283783551143377e-01,-5.189132532779991980e-01,5.189132532779996421e-01
3.543067373357627337e-01,-4.085060994884735508e-01,-5.080652229485899118e-01,6.704172072593302945e-01
1.309988949563628269e-01,-3.861972646138055465e-01,-4.803193871372906654e-01,7.765206041471685028e-01
1.309988949563630212e-01,-3.858362808289519941e-01,-3.858362808289522161e-01,-8.277076889291143935e-01
3.543067373357627337e-01,-4.101667402476300572e-01,-4.101667402476303348e-01,-7.334802153212811593e-01
5.360770014093567681e-01,-4.224504584323575118e-01,-4.224504584323577894e-01,-5.963997559527789427e-01
6.832315830601860540e-01,-4.215821801693676041e-01,-4.215821801693678816e-01,-4.215821801693682147e-01
6.832315830601868312e-01,-4.538636346065784144e-01,-4.538636346065785809e-01,-3.481525617778558623e-01
6.832315830601859430e-01,-4.803494302644728542e-01,-4.803494302644732428e-01,-2.678123477330060509e-01
6.832315830601862761e-01,-5.000600142116253810e-01,-5.000600142116256031e-01,-1.818641478753018070e-01
6.832315830601864981e-01,-5.122199418444909336e-01,-5.122199418444911556e-01,-9.195687175368637278e-02
6.832315830601862761e-01,-5.163306130325180376e-01,-5.163306130325180376e-01,-4.060813904727890835e-17
6.832315830601864981e-01,-5.122199418444909336e-01,-5.122199418444911556e-01,9.195687175368637278e-02
6.832315830601862761e-01,-5.000600142116253810e-01,-5.000600142116256031e-01,1.818641478753017515e-01
6.832315830601859430e-01,-4.803494302644728542e-01,-4.803494302644732428e-01,2.678123477330059954e-01
6.832315830601868312e-01,-4.538636346065784144e-01,-4.538636346065785809e-01,3.481525617778558623e-01
6.832315830601860540e-01,-4.215821801693676041e-01,-4.215821801693678816e-01,4.215821801693682147e-01
5.360770014093567681e-01,-4.224504584323575118e-01,-4.224504584323577894e-01,5.963997559527789427e-01
3.543067373357629557e-01,-4.101667402476300572e-01,-4.101667402476303348e-01,7.334802153212810483e-01
1.309988949563630212e-01,-3.858362808289519941e-01,-3.858362808289522161e-01,8.277076889291143935e-01
1.309988949563639093e-01,-4.116024827542429931e-01,-3.157346125102801770e-01,-8.448279944306639200e-01
3.543067373357633443e-01,-4.382570757111587945e-01,-3.361809847540935814e-01,-7.545726054909215330e-01
5.360770014093574343e-01,-4.525728051452737599e-01,-3.471623842233992341e-01,-6.223163050918839589e-01
6.832315830601867201e-01,-4.538636346065783589e-01,-3.481525617778558068e-01,-4.538636346065785254e-01
6.832315830601862761e-01,-5.326852273312359110e-01,-3.531579338568945348e-01,-3.531579338568947013e-01
6.832315830601864981e-01,-5.579570519983174659e-01,-3.835620952747756385e-01,-2.734202829031568416e-01
6.832315830601866091e-01,-5.771803504155350595e-01,-4.064936854778264941e-01,-1.866020650205287568e-01
6.832315830601864981e-01,-5.892216887100713008e-01,-4.207772389757994391e-01,-9.465157485549950678e-02
6.832315830601862761e-01,-5.933242243636519531e-01,-4.256300843365546371e-01,-4.184345555731004544e-17
6.832315830601864981e-01,-5.892216887100713008e-01,-4.207772389757994391e-01,9.465157485549950678e-02
6.832315830601866091e-01,-5.771803504155350595e-01,-4.064936854778264941e-01,1.866020650205287290e-01
6.832315830601864981e-01,-5.579570519983174659e-01,-3.835620952747756385e-01,2.734202829031567861e-01
6.832315830601862761e-01,-5.326852273312359110e-01,-3.531579338568945348e-01,3.531579338568947013e-01
6.832315830601867201e-01,-4.538636346065783589e-01,-3.481525617778558068e-01,4.538636346065785254e-01
5.360770014093574343e-01,-4.525728051452737599e-01,-3.471623842233992341e-01,6.223163050918839589e-01
3.543067373357635663e-01,-4.382570757111588500e-01,-3.361809847540936369e-01,7.545726054909215330e-01
1.309988949563639093e-01,-4.116024827542429931e-01,-3.157346125102801770e-01,8.448279944306639200e-01
1.309988949563628269e-01,-4.324749439208109281e-01,-2.411205734195680239e-01,-8.588746017171086100e-01
3.543067373357625671e-01,-4.610730713345900234e-01,-2.570650737372532912e-01,-7.718781682578124137e-01
5.360770014093564351e-01,-4.771364289438517758e-01,-2.660209821713336309e-01,-6.435799202735125180e-01
6.832315830601859430e-01,-4.803494302644728542e-01,-2.678123477330060509e-01,-4.803494302644732428e-01
6.832315830601864981e-01,-5.579570519983174659e-01,-2.734202829031568416e-01,-3.835620952747756385e-01
6.832315830601864981e-01,-6.190987084571332177e-01,-2.737803801368729473e-01,-2.737803801368731138e-01
6.832315830601864981e-01,-6.373314472437209277e-01,-3.021638930234485376e-01,-1.889449973304654640e-01
6.832315830601867201e-01,-6.491230762052513370e-01,-3.201809304337125961e-01,-9.652982768815518422e-02
6.832315830601864981e-01,-6.532081442878672206e-01,-3.263644039184918633e-01,-4.277960270638244285e-17
6.832315830601867201e-01,-6.491230762052513370e-01,-3.201809304337125961e-01,9.652982768815518422e-02
6.832315830601861650e-01,-6.373314472437211498e-01,-3.021638930234488152e-01,1.889449973304654362e-01
6.832315830601864981e-01,-6.190987084571332177e-01,-2.737803801368731138e-01,2.737803801368728918e-01
6.832315830601864981e-01,-5.579570519983174659e-01,-2.734202829031568416e-01,3.835620952747756385e-01
6.832315830601859430e-01,-4.803494302644728542e-01,-2.678123477330060509e-01,4.803494302644732428e-01
5.360770014093564351e-01,-4.771364289438517758e-01,-2.660209821713336309e-01,6.435799202735125180e-01
3.543067373357627337e-01,-4.610730713345899678e-01,-2.570650737372532912e-01,7.718781682578121917e-01
1.309988949563628269e-01,-4.324749439208109281e-01,-2.411205734195680239e-01,8.588746017171086100e-01
1.309988949563632987e-01,-4.478596948598949634e-01,-1.628796933540020975e-01,-8.693280098634345032e-01
3.543067373357630112e-01,-4.779247962389485127e-01,-1.738139090235081008e-01,-7.847568732087752963e-01
5.360770014093569902e-01,-4.953335028160588682e-01,-1.801451882645582758e-01,-6.594041861355238732e-01
6.832315830601862761e-01,-5.000600142116253810e-01,-1.818641478753018070e-01,-5.000600142116256031e-01
6.832315830601864981e-01,-5.771803504155349485e-01,-1.866020650205287290e-01,-4.064936854778264386e-01
6.832315830601864981e-01,-6.373314472437209277e-01,-1.889449973304654640e-01,-3.021638930234485376e-01
6.832315830601864981e-01,-6.808226235470598020e-01,-1.866482777519926362e-01,-1.866482777519926917e-01
6.832315830601864981e-01,-6.919464043181345891e-01,-2.119800359754405727e-01,-9.731002932959682827e-02
6.832315830601864981e-01,-6.959823728051638403e-01,-2.209143287647170051e-01,-4.343592822884264479e-17
6.832315830601864981e-01,-6.919464043181345891e-01,-2.119800359754405727e-01,9.731002932959682827e-02
6.832315830601864981e-01,-6.808226235470598020e-01,-1.866482777519926917e-01,1.866482777519925529e-01
6.832315830601864981e-01,-6.373314472437209277e-01,-1.889449973304654640e-01,3.021638930234484821e-01
6.832315830601864981e-01,-5.771803504155349485e-01,-1.866020650205287290e-01,4.064936854778264386e-01
6.832315830601862761e-01,-5.000600142116253810e-01,-1.818641478753018070e-01,5.000600142116256031e-01
5.360770014093569902e-01,-4.953335028160588682e-01,-1.801451882645582758e-01,6.594041861355238732e-01
3.543067373357631777e-01,-4.779247962389486792e-01,-1.738139090235081563e-01,7.847568732087751853e-01
1.309988949563632987e-01,-4.478596948598949634e-01,-1.628796933540020975e-01,8.693280098634345032e-01
1.309988949563630489e-01,-4.572901893244815663e-01,-8.209554501627919221e-02,-8.757769657602738622e-01
3.543067373357631777e-01,-4.882688185147964210e-01,-8.765701890443101940e-02,-7.927020523383546680e-01
5.360770014093571012e-01,-5.065258789364216474e-01,-9.093463858816520917e-02,-6.691665517884748393e-01
6.832315830601864981e-01,-5.122199418444909336e-01,-9.195687175368637278e-02,-5.122199418444911556e-01
6.832315830601864981e-01,-5.892216887100713008e-01,-9.465157485549950678e-02,-4.207772389757994391e-01
6.832315830601867201e-01,-6.491230762052513370e-01,-9.652982768815518422e-02,-3.201809304337125961e-01
6.832315830601864981e-01,-6.919464043181345891e-01,-9.731002932959682827e-02,-2.119800359754405727e-01
6.832315830601866091e-01,-7.178569726010158858e-01,-9.454091917570911496e-02,-9.454091917570917047e-02
6.832315830601864981e-01,-7.216469099155418121e-01,-1.114465850460271135e-01,-4.382500579728789461e-17
6.832315830601866091e-01,-7.178569726010158858e-01,-9.454091917570911496e-02,9.454091917570917047e-02
6.832315830601863871e-01,-6.919464043181347002e-01,-9.731002932959684215e-02,2.119800359754404895e-01
6.832315830601864981e-01,-6.491230762052515590e-01,-9.652982768815515646e-02,3.201809304337123741e-01
6.832315830601864981e-01,-5.892216887100713008e-01,-9.465157485549950678e-02,4.207772389757994391e-01
6.832315830601864981e-01,-5.122199418444909336e-01,-9.195687175368637278e-02,5.122199418444911556e-01
5.360770014093571012e-01,-5.065258789364216474e-01,-9.093463858816520917e-02,6.691665517884748393e-01
3.543067373357631777e-01,-4.882688185147964210e-01,-8.765701890443101940e-02,7.927020523383546680e-01
1.309988949563630489e-01,-4.572901893244815663e-01,-8.209554501627919221e-02,8.757769657602738622e-01
1.309988949563630212e-01,-4.604679430315804511e-01,-3.621467677002388493e-17,-8.779570393592597277e-01
3.543067373357629557e-01,-4.917568346405666868e-01,-3.867547151862603640e-17,-7.953879251426797525e-01
5.360770014093567681e-01,-5.103037835116349674e-01,-4.013414365552618855e-17,-6.724667256405055804e-01
6.832315830601862761e-01,-5.163306130325180376e-01,-4.060813904727890835e-17,-5.163306130325180376e-01
6.832315830601862761e-01,-5.933242243636519531e-01,-4.184345555731004544e-17,-4.256300843365546371e-01
6.832315830601864981e-01,-6.532081442878672206e-01,-4.277960270638244285e-17,-3.263644039184918633e-01
6.832315830601864981e-01,-6.959823728051638403e-01,-4.343592822884264479e-17,-2.209143287647170051e-01
6.832315830601864981e-01,-7.216469099155418121e-01,-4.382500579728789461e-17,-1.114465850460271135e-01
6.832315830601864981e-01,-7.302017556190011360e-01,-4.394678428644748909e-17,-8.854137002164909922e-16
6.832315830601864981e-01,-7.216469099155418121e-01,-4.382500579728789461e-17,1.114465850460271135e-01
6.832315830601864981e-01,-6.959823728051638403e-01,-4.343592822884265095e-17,2.209143287647168385e-01
6.832315830601864981e-01,-6.532081442878672206e-01,-4.277960270638242436e-17,3.263644039184915857e-01
6.832315830601862761e-01,-5.933242243636519531e-01,-4.184345555731004544e-17,4.256300843365546371e-01
6.832315830601862761e-01,-5.163306130325180376e-01,-4.060813904727890835e-17,5.163306130325180376e-01
5.360770014093567681e-01,-5.103037835116349674e-01,-4.013414365552618855e-17,6.724667256405055804e-01
3.543067373357629557e-01,-4.917568346405666868e-01,-3.867547151862604256e-17,7.953879251426797525e-01
1.309988949563630212e-01,-4.604679430315804511e-01,-3.621467677002388493e-17,8.779570393592597277e-01
1.309988949563630489e-01,-4.572901893244815663e-01,8.209554501627919221e-02,-8.757769657602738622e-01
3.543067373357631777e-01,-4.882688185147964210e-01,8.765701890443101940e-02,-7.927020523383546680e-01
5.360770014093571012e-01,-5.065258789364216474e-01,9.093463858816520917e-02,-6.691665517884748393e-01
6.832315830601864981e-01,-5.122199418444909336e-01,9.195687175368637278e-02,-5.122199418444911556e-01
6.832315830601864981e-01,-5.892216887100713008e-01,9.465157485549950678e-02,-4.207772389757994391e-01
6.832315830601867201e-01,-6.491230762052513370e-01,9.652982768815518422e-02,-3.201809304337125961e-01
6.832315830601864981e-01,-6.919464043181345891e-01,9.731002932959682827e-02,-2.119800359754405727e-01
6.832315830601866091e-01,-7.178569726010158858e-01,9.454091917570911496e-02,-9.454091917570917047e-02
6.832315830601864981e-01,-7.216469099155418121e-01,1.114465850460271135e-01,-4.382500579728789461e-17
6.832315830601866091e-01,-7.178569726010158858e-01,9.454091917570911496e-02,9.454091917570917047e-02
6.832315830601863871e-01,-6.919464043181347002e-01,9.731002932959684215e-02,2.119800359754404895e-01
6.832315830601864981e-01,-6.491230762052515590e-01,9.652982768815515646e-02,3.201809304337123741e-01
6.832315830601864981e-01,-5.892216887100713008e-01,9.465157485549950678e-02,4.207772389757994391e-01
6.832315830601864981e-01,-5.122199418444909336e-01,9.195687175368637278e-02,5.122199418444911556e-01
5.360770014093571012e-01,-5.065258789364216474e-01,9.093463858816520917e-02,6.691665517884748393e-01
3.543067373357631777e-01,-4.882688185147964210e-01,8.765701890443101940e-02,7.927020523383546680e-01
1.309988949563630489e-01,-4.572901893244815663e-01,8.209554501627919221e-02,8.757769657602738622e-01
1.309988949563632987e-01,-4.478596948598950189e-01,1.628796933540020420e-01,-8.693280098634346142e-01
3.543067373357629557e-01,-4.779247962389485682e-01,1.738139090235080730e-01,-7.847568732087754073e-01
5.360770014093569902e-01,-4.953335028160588682e-01,1.801451882645582203e-01,-6.594041861355238732e-01
6.832315830601862761e-01,-5.000600142116253810e-01,1.818641478753017238e-01,-5.000600142116256031e-01
6.832315830601864981e-01,-5.771803504155349485e-01,1.866020650205287013e-01,-4.064936854778264386e-01
6.832315830601863871e-01,-6.373314472437211498e-01,1.889449973304654640e-01,-3.021638930234488707e-01
6.832315830601864981e-01,-6.808226235470598020e-01,1.866482777519925529e-01,-1.866482777519926917e-01
6.832315830601863871e-01,-6.919464043181347002e-01,2.119800359754404895e-01,-9.731002932959684215e-02
6.832315830601864981e-01,-6.959823728051638403e-01,2.209143287647168385e-01,-4.343592822884265095e-17
6.832315830601863871e-01,-6.919464043181347002e-01,2.119800359754404895e-01,9.731002932959684215e-02
6.832315830601864981e-01,-6.808226235470598020e-01,1.866482777519925529e-01,1.866482777519926639e-01
6.832315830601866091e-01,-6.373314472437210387e-01,1.889449973304654362e-01,3.021638930234485376e-01
6.832315830601864981e-01,-5.771803504155349485e-01,1.866020650205287013e-01,4.064936854778264386e-01
6.832315830601862761e-01,-5.000600142116253810e-01,1.818641478753017238e-01,5.000600142116256031e-01
5.360770014093569902e-01,-4.953335028160588682e-01,1.801451882645582203e-01,6.594041861355238732e-01
3.543067373357631777e-01,-4.779247962389486792e-01,1.738139090235081008e-01,7.847568732087751853e-01
1.309988949563632987e-01,-4.478596948598950189e-01,1.628796933540020420e-01,8.693280098634346142e-01
1.309988949563628269e-01,-4.324749439208109281e-01,2.411205734195679684e-01,-8.588746017171086100e-01
3.543067373357625671e-01,-4.610730713345900234e-01,2.570650737372532357e-01,-7.718781682578124137e-01
5.360770014093566571e-01,-4.771364289438517203e-01,2.660209821713334644e-01,-6.435799202735124069e-01
6.832315830601859430e-01,-4.803494302644728542e-01,2.678123477330059954e-01,-4.803494302644732428e-01
6.832315830601864981e-01,-5.579570519983174659e-01,2.734202829031567861e-01,-3.835620952747756385e-01
6.832315830601864981e-01,-6.190987084571332177e-01,2.737803801368728918e-01,-2.737803801368731138e-01
6.832315830601864981e-01,-6.373314472437209277e-01,3.021638930234484821e-01,-1.889449973304654640e-01
6.832315830601864981e-01,-6.491230762052515590e-01,3.201809304337123741e-01,-9.652982768815515646e-02
6.832315830601864981e-01,-6.532081442878672206e-01,3.263644039184915857e-01,-4.277960270638242436e-17
6.832315830601864981e-01,-6.491230762052515590e-01,3.201809304337123741e-01,9.652982768815515646e-02
6.832315830601866091e-01,-6.373314472437210387e-01,3.021638930234485376e-01,1.889449973304654362e-01
6.832315830601862761e-01,-6.190987084571333288e-01,2.737803801368729473e-01,2.737803801368730583e-01
6.832315830601864981e-01,-5.579570519983174659e-01,2.734202829031567861e-01,3.835620952747756385e-01
6.832315830601859430e-01,-4.803494302644728542e-01,2.678123477330059954e-01,4.803494302644732428e-01
5.360770014093566571e-01,-4.771364289438517203e-01,2.660209821713334644e-01,6.435799202735124069e-01
3.543067373357627892e-01,-4.610730713345900234e-01,2.570650737372532912e-01,7.718781682578123027e-01
1.309988949563628269e-01,-4.324749439208109281e-01,2.411205734195679684e-01,8.588746017171086100e-01
1.309988949563639093e-01,-4.116024827542429931e-01,3.157346125102801770e-01,-8.448279944306639200e-01
3.543067373357633443e-01,-4.382570757111587945e-01,3.361809847540935814e-01,-7.545726054909215330e-01
5.360770014093574343e-01,-4.525728051452737599e-01,3.471623842233992341e-01,-6.223163050918839589e-01
6.832315830601867201e-01,-4.538636346065783589e-01,3.481525617778558068e-01,-4.538636346065785254e-01
6.832315830601862761e-01,-5.326852273312359110e-01,3.531579338568945348e-01,-3.531579338568947013e-01
6.832315830601864981e-01,-5.579570519983174659e-01,3.835620952747756385e-01,-2.734202829031568416e-01
6.832315830601866091e-01,-5.771803504155350595e-01,4.064936854778264941e-01,-1.866020650205287568e-01
6.832315830601864981e-01,-5.892216887100713008e-01,4.207772389757994391e-01,-9.465157485549950678e-02
6.832315830601862761e-01,-5.933242243636519531e-01,4.256300843365546371e-01,-4.184345555731004544e-17
6.832315830601864981e-01,-5.892216887100713008e-01,4.207772389757994391e-01,9.465157485549950678e-02
6.832315830601866091e-01,-5.771803504155350595e-01,4.064936854778264941e-01,1.866020650205287290e-01
6.832315830601864981e-01,-5.579570519983174659e-01,3.835620952747756385e-01,2.734202829031567861e-01
6.832315830601862761e-01,-5.326852273312359110e-01,3.531579338568945348e-01,3.531579338568947013e-01
6.832315830601867201e-01,-4.538636346065783589e-01,3.481525617778558068e-01,4.538636346065785254e-01
5.360770014093574343e-01,-4.525728051452737599e-01,3.471623842233992341e-01,6.223163050918839589e-01
3.543067373357635663e-01,-4.382570757111588500e-01,3.361809847540936369e-01,7.545726054909215330e-01
1.309988949563639093e-01,-4.116024827542429931e-01,3.157346125102801770e-01,8.448279944306639200e-01
1.309988949563630212e-01,-3.858362808289519941e-01,3.858362808289522161e-01,-8.277076889291143935e-01
3.543067373357627337e-01,-4.101667402476300572e-01,4.101667402476303348e-01,-7.334802153212811593e-01
5.360770014093567681e-01,-4.224504584323575118e-01,4.224504584323577894e-01,-5.963997559527789427e-01
6.832315830601860540e-01,-4.215821801693676041e-01,4.215821801693678816e-01,-4.215821801693682147e-01
6.832315830601868312e-01,-4.538636346065784144e-01,4.538636346065785809e-01,-3.481525617778558623e-01
6.832315830601859430e-01,-4.803494302644728542e-01,4.803494302644732428e-01,-2.678123477330060509e-01
6.832315830601862761e-01,-5.000600142116253810e-01,5.000600142116256031e-01,-1.818641478753018070e-01
6.832315830601864981e-01,-5.122199418444909336e-01,5.122199418444911556e-01,-9.195687175368637278e-02
6.832315830601862761e-01,-5.163306130325180376e-01,5.163306130325180376e-01,-4.060813904727890835e-17
6.832315830601864981e-01,-5.122199418444909336e-01,5.122199418444911556e-01,9.195687175368637278e-02
6.832315830601862761e-01,-5.000600142116253810e-01,5.000600142116256031e-01,1.818641478753017515e-01
6.832315830601859430e-01,-4.803494302644728542e-01,4.803494302644732428e-01,2.678123477330059954e-01
6.832315830601868312e-01,-4.538636346065784144e-01,4.538636346065785809e-01,3.481525617778558623e-01
6.832315830601860540e-01,-4.215821801693676041e-01,4.215821801693678816e-01,4.215821801693682147e-01
5.360770014093567681e-01,-4.224504584323575118e-01,4.224504584323577894e-01,5.963997559527789427e-01
3.543067373357629557e-01,-4.101667402476300572e-01,4.101667402476303348e-01,7.334802153212810483e-01
1.309988949563630212e-01,-3.858362808289519941e-01,3.858362808289522161e-01,8.277076889291143935e-01
1.309988949563628269e-01,-3.861972646138055465e-01,4.803193871372906654e-01,-7.765206041471685028e-01
3.543067373357627337e-01,-4.085060994884735508e-01,5.080652229485899118e-01,-6.704172072593304055e-01
5.360770014093566571e-01,-4.172283783551143377e-01,5.189132532779991980e-01,-5.189132532779996421e-01
5.360770014093567681e-01,-4.224504584323575118e-01,5.963997559527789427e-01,-4.224504584323577894e-01
5.360770014093574343e-01,-4.525728051452737599e-01,6.223163050918839589e-01,-3.471623842233992341e-01
5.360770014093564351e-01,-4.771364289438517758e-01,6.435799202735125180e-01,-2.660209821713336309e-01
5.360770014093569902e-01,-4.953335028160588682e-01,6.594041861355238732e-01,-1.801451882645582758e-01
5.360770014093571012e-01,-5.065258789364216474e-01,6.691665517884748393e-01,-9.093463858816520917e-02
5.360770014093567681e-01,-5.103037835116349674e-01,6.724667256405055804e-01,-4.013414365552618855e-17
5.360770014093571012e-01,-5.065258789364216474e-01,6.691665517884748393e-01,9.093463858816520917e-02
5.360770014093569902e-01,-4.953335028160588682e-01,6.594041861355238732e-01,1.801451882645582203e-01
5.360770014093564351e-01,-4.771364289438517758e-01,6.435799202735125180e-01,2.660209821713335199e-01
5.360770014093574343e-01,-4.525728051452737599e-01,6.223163050918839589e-01,3.471623842233992341e-01
5.360770014093567681e-01,-4.224504584323575118e-01,5.963997559527789427e-01,4.224504584323577894e-01
5.360770014093566571e-01,-4.172283783551143377e-01,5.189132532779991980e-01,5.189132532779996421e-01
3.543067373357627337e-01,-4.085060994884735508e-01,5.080652229485899118e-01,6.704172072593302945e-01
1.309988949563628269e-01,-3.861972646138055465e-01,4.803193871372906654e-01,7.765206041471685028e-01
1.309988949563623828e-01,-3.831662431702680394e-01,5.677260121467176957e-01,-7.167357216903451622e-01
3.543067373357622896e-01,-4.027627853888346432e-01,5.967616251839230612e-01,-5.967616251839235053e-01
3.543067373357627337e-01,-4.085060994884735508e-01,6.704172072593302945e-01,-5.080652229485899118e-01
3.543067373357629557e-01,-4.101667402476300572e-01,7.334802153212810483e-01,-4.101667402476303348e-01
3.543067373357635663e-01,-4.382570757111587945e-01,7.545726054909214220e-01,-3.361809847540935814e-01
3.543067373357627892e-01,-4.610730713345900234e-01,7.718781682578123027e-01,-2.570650737372533468e-01
3.543067373357631777e-01,-4.779247962389486792e-01,7.847568732087751853e-01,-1.738139090235081563e-01
3.543067373357630112e-01,-4.882688185147964766e-01,7.927020523383547790e-01,-8.765701890443103328e-02
3.543067373357629557e-01,-4.917568346405666868e-01,7.953879251426797525e-01,-3.867547151862604256e-17
3.543067373357630112e-01,-4.882688185147964766e-01,7.927020523383547790e-01,8.765701890443103328e-02
3.543067373357631777e-01,-4.779247962389486792e-01,7.847568732087751853e-01,1.738139090235081008e-01
3.543067373357627892e-01,-4.610730713345900234e-01,7.718781682578123027e-01,2.570650737372532912e-01
3.543067373357635663e-01,-4.382570757111587945e-01,7.545726054909214220e-01,3.361809847540935814e-01
3.543067373357629557e-01,-4.101667402476300572e-01,7.334802153212810483e-01,4.101667402476303348e-01
3.543067373357627337e-01,-4.085060994884735508e-01,6.704172072593302945e-01,5.080652229485899118e-01
3.543067373357625116e-01,-4.027627853888345877e-01,5.967616251839230612e-01,5.967616251839233943e-01
1.309988949563623828e-01,-3.831662431702680394e-01,5.677260121467176957e-01,7.167357216903451622e-01
1.309988949563632987e-01,-3.776963701651792071e-01,6.481453314975967883e-01,-6.481453314975970104e-01
1.309988949563623828e-01,-3.831662431702681504e-01,7.167357216903448291e-01,-5.677260121467179177e-01
1.309988949563628269e-01,-3.861972646138055465e-01,7.765206041471685028e-01,-4.803193871372906654e-01
1.309988949563630212e-01,-3.858362808289519941e-01,8.277076889291143935e-01,-3.858362808289522161e-01
1.309988949563639093e-01,-4.116024827542429931e-01,8.448279944306639200e-01,-3.157346125102801770e-01
1.309988949563628269e-01,-4.324749439208109281e-01,8.588746017171086100e-01,-2.411205734195680239e-01
1.309988949563630489e-01,-4.478596948598949634e-01,8.693280098634345032e-01,-1.628796933540020975e-01
1.309988949563630489e-01,-4.572901893244815663e-01,8.757769657602738622e-01,-8.209554501627919221e-02
1.309988949563630212e-01,-4.604679430315804511e-01,8.779570393592597277e-01,-3.621467677002388493e-17
1.309988949563630489e-01,-4.572901893244815663e-01,8.757769657602738622e-01,8.209554501627919221e-02
1.309988949563630767e-01,-4.478596948598950189e-01,8.693280098634346142e-01,1.628796933540020697e-01
1.309988949563628269e-01,-4.324749439208109281e-01,8.588746017171086100e-01,2.411205734195679684e-01
1.309988949563639093e-01,-4.116024827542429931e-01,8.448279944306639200e-01,3.157346125102801770e-01
1.309988949563630212e-01,-3.858362808289519941e-01,8.277076889291143935e-01,3.858362808289522161e-01
1.309988949563628269e-01,-3.861972646138055465e-01,7.765206041471685028e-01,4.803193871372906654e-01
1.309988949563623828e-01,-3.831662431702680394e-01,7.167357216903451622e-01,5.677260121467176957e-01
1.309988949563632987e-01,-3.776963701651792071e-01,6.481453314975967883e-01,6.481453314975970104e-01
1.309988949563632987e-01,-3.060808056747567063e-01,-6.667660121503282689e-01,-6.667660121503284909e-01
1.309988949563628546e-01,-3.110857186486415404e-01,-7.350466308393530657e-01,-5.880233121780003014e-01
1.309988949563632710e-01,-3.144750647377527741e-01,-7.943693276644853141e-01,-5.029136053481466639e-01
1.309988949563639093e-01,-3.157346125102801770e-01,-8.448279944306639200e-01,-4.116024827542429931e-01
1.309988949563632987e-01,-3.136283010929765691e-01,-8.866306260372907033e-01,-3.136283010929767912e-01
1.309988949563632710e-01,-3.384727481444002040e-01,-9.000334099708208191e-01,-2.412785718212155373e-01
1.309988949563636873e-01,-3.570200224727752558e-01,-9.102283887097852855e-01,-1.638910414285623118e-01
1.309988949563632987e-01,-3.684921066187725192e-01,-9.166144513529957960e-01,-8.289031578367631048e-02
1.309988949563632710e-01,-3.723759376677952537e-01,-9.187902103125837883e-01,-3.660807018070986585e-17
1.309988949563632987e-01,-3.684921066187725192e-01,-9.166144513529957960e-01,8.289031578367631048e-02
1.309988949563636873e-01,-3.570200224727752558e-01,-9.102283887097852855e-01,1.638910414285622563e-01
1.309988949563632710e-01,-3.384727481444002040e-01,-9.000334099708208191e-01,2.412785718212154262e-01
1.309988949563632987e-01,-3.136283010929765691e-01,-8.866306260372907033e-01,3.136283010929767912e-01
1.309988949563639093e-01,-3.157346125102801770e-01,-8.448279944306639200e-01,4.116024827542429931e-01
1.309988949563632710e-01,-3.144750647377527741e-01,-7.943693276644853141e-01,5.029136053481466639e-01
1.309988949563627991e-01,-3.110857186486414294e-01,-7.350466308393531767e-01,5.880233121780000793e-01
1.309988949563632987e-01,-3.060808056747567063e-01,-6.667660121503282689e-01,6.667660121503284909e-01
1.309988949563628269e-01,-3.110857186486415404e-01,-5.880233121780003014e-01,-7.350466308393530657e-01
3.543067373357627337e-01,-3.276432550527326737e-01,-6.193208511332944921e-01,-6.193208511332946031e-01
3.543067373357627337e-01,-3.332331080470606888e-01,-6.924070158187171087e-01,-5.329117713325552952e-01
3.543067373357633443e-01,-3.361809847540935814e-01,-7.545726054909215330e-01,-4.382570757111587945e-01
3.543067373357627892e-01,-3.351952034217493548e-01,-8.060738719773709038e-01,-3.351952034217495768e-01
3.543067373357631777e-01,-3.621692896404027917e-01,-8.225862378378876461e-01,-2.581705305404990991e-01
3.543067373357631777e-01,-3.823484685643742664e-01,-8.351465551356115347e-01,-1.755181355589367775e-01
3.543067373357633443e-01,-3.948479588026154175e-01,-8.430142491382779379e-01,-8.881892285836402723e-02
3.543067373357631777e-01,-3.990827364571939984e-01,-8.456948062630658125e-01,-3.923360063390638487e-17
3.543067373357633443e-01,-3.948479588026154175e-01,-8.430142491382779379e-01,8.881892285836402723e-02
3.543067373357631777e-01,-3.823484685643742664e-01,-8.351465551356115347e-01,1.755181355589367220e-01
3.543067373357631777e-01,-3.621692896404027917e-01,-8.225862378378876461e-01,2.581705305404990436e-01
3.543067373357627892e-01,-3.351952034217493548e-01,-8.060738719773709038e-01,3.351952034217495768e-01
3.543067373357633443e-01,-3.361809847540935814e-01,-7.545726054909215330e-01,4.382570757111587945e-01
3.543067373357627337e-01,-3.332331080470606888e-01,-6.924070158187171087e-01,5.329117713325552952e-01
3.543067373357625116e-01,-3.276432550527327292e-01,-6.193208511332948252e-01,6.193208511332943811e-01
1.309988949563628269e-01,-3.110857186486415404e-01,-5.880233121780003014e-01,7.350466308393530657e-01
1.309988949563630489e-01,-3.144750647377528296e-01,-5.029136053481467750e-01,-7.943693276644854251e-01
3.543067373357627337e-01,-3.332331080470606888e-01,-5.329117713325552952e-01,-6.924070158187171087e-01
5.360770014093567681e-01,-3.413750361994700167e-01,-5.459324744049225409e-01,-5.459324744049228739e-01
5.360770014093574343e-01,-3.471623842233992341e-01,-6.223163050918839589e-01,-4.525728051452737599e-01
5.360770014093568792e-01,-3.482661284403336110e-01,-6.855967153672154479e-01,-3.482661284403337776e-01
5.360770014093569902e-01,-3.769958291999816469e-01,-7.058857171249646179e-01,-2.687395536290572706e-01
5.360770014093572122e-01,-3.985560699363813741e-01,-7.213187751061198583e-01,-1.829582803707583694e-01
5.360770014093573232e-01,-4.119398743753349135e-01,-7.309859335737761699e-01,-9.266365726033148897e-02
5.360770014093567681e-01,-4.164792346289857283e-01,-7.342795759673604872e-01,-4.094384064017577764e-17
5.360770014093573232e-01,-4.119398743753349135e-01,-7.309859335737761699e-01,9.266365726033148897e-02
5.360770014093573232e-01,-3.985560699363814852e-01,-7.213187751061199693e-01,1.829582803707583416e-01
5.360770014093569902e-01,-3.769958291999816469e-01,-7.058857171249646179e-01,2.687395536290572151e-01
5.360770014093568792e-01,-3.482661284403336110e-01,-6.855967153672154479e-01,3.482661284403337776e-01
5.360770014093574343e-01,-3.471623842233992341e-01,-6.223163050918839589e-01,4.525728051452737599e-01
5.360770014093567681e-01,-3.413750361994700167e-01,-5.459324744049225409e-01,5.459324744049228739e-01
3.543067373357629557e-01,-3.332331080470607443e-01,-5.329117713325554062e-01,6.924070158187168866e-01
1.309988949563630489e-01,-3.144750647377528296e-01,-5.029136053481467750e-01,7.943693276644854251e-01
1.309988949563639093e-01,-3.157346125102801770e-01,-4.116024827542429931e-01,-8.448279944306639200e-01
3.543067373357633443e-01,-3.361809847540935814e-01,-4.382570757111587945e-01,-7.545726054909215330e-01
5.360770014093574343e-01,-3.471623842233992341e-01,-4.525728051452737599e-01,-6.223163050918839589e-01
6.832315830601867201e-01,-3.481525617778558068e-01,-4.538636346065783589e-01,-4.538636346065785254e-01
6.832315830601862761e-01,-3.531579338568945348e-01,-5.326852273312359110e-01,-3.531579338568947013e-01
6.832315830601864981e-01,-3.835620952747756385e-01,-5.579570519983174659e-01,-2.734202829031568416e-01
6.832315830601866091e-01,-4.064936854778264941e-01,-5.771803504155350595e-01,-1.866020650205287568e-01
6.832315830601866091e-01,-4.207772389757994946e-01,-5.892216887100714118e-01,-9.465157485549952066e-02
6.832315830601862761e-01,-4.256300843365546371e-01,-5.933242243636519531e-01,-4.184345555731004544e-17
6.832315830601866091e-01,-4.207772389757994946e-01,-5.892216887100714118e-01,9.465157485549952066e-02
6.832315830601866091e-01,-4.064936854778264941e-01,-5.771803504155350595e-01,1.866020650205287290e-01
6.832315830601864981e-01,-3.835620952747756385e-01,-5.579570519983174659e-01,2.734202829031567861e-01
6.832315830601862761e-01,-3.531579338568945348e-01,-5.326852273312359110e-01,3.531579338568947013e-01
6.832315830601867201e-01,-3.481525617778558068e-01,-4.538636346065783589e-01,4.538636346065785254e-01
5.360770014093574343e-01,-3.471623842233992341e-01,-4.525728051452737599e-01,6.223163050918839589e-01
3.543067373357635663e-01,-3.361809847540936369e-01,-4.382570757111588500e-01,7.545726054909215330e-01
1.309988949563639093e-01,-3.157346125102801770e-01,-4.116024827542429931e-01,8.448279944306639200e-01
1.309988949563632987e-01,-3.136283010929765691e-01,-3.136283010929767912e-01,-8.866306260372907033e-01
3.543067373357627892e-01,-3.351952034217493548e-01,-3.351952034217495768e-01,-8.060738719773709038e-01
5.360770014093567681e-01,-3.482661284403335555e-01,-3.482661284403337221e-01,-6.855967153672153369e-01
6.832315830601862761e-01,-3.531579338568944793e-01,-3.531579338568946458e-01,-5.326852273312357999e-01
7.998364879955841555e-01,-3.465359973946379180e-01,-3.465359973946380845e-01,-3.465359973946381400e-01
7.998364879955842666e-01,-3.789940705879210614e-01,-3.789940705879212279e-01,-2.701639898085703151e-01
7.998364879955842666e-01,-4.036836699841653275e-01,-4.036836699841653830e-01,-1.853121195365282359e-01
7.998364879955844886e-01,-4.191490605864607311e-01,-4.191490605864607311e-01,-9.428532489133388539e-02
7.998364879955841555e-01,-4.244181855616520060e-01,-4.244181855616520060e-01,-4.172431446650430553e-17
7.998364879955844886e-01,-4.191490605864607311e-01,-4.191490605864607311e-01,9.428532489133388539e-02
7.998364879955843776e-01,-4.036836699841652165e-01,-4.036836699841653275e-01,1.853121195365281249e-01
7.998364879955843776e-01,-3.789940705879211169e-01,-3.789940705879212834e-01,2.701639898085703151e-01
7.998364879955841555e-01,-3.465359973946379180e-01,-3.465359973946380845e-01,3.465359973946381400e-01
6.832315830601862761e-01,-3.531579338568944793e-01,-3.531579338568946458e-01,5.326852273312357999e-01
5.360770014093567681e-01,-3.482661284403335555e-01,-3.482661284403337221e-01,6.855967153672153369e-01
3.543067373357629557e-01,-3.351952034217494103e-01,-3.351952034217495768e-01,8.060738719773706817e-01
1.309988949563632987e-01,-3.136283010929765691e-01,-3.136283010929767912e-01,8.866306260372907033e-01
1.309988949563632710e-01,-3.384727481444002040e-01,-2.412785718212155373e-01,-9.000334099708208191e-01
3.543067373357631777e-01,-3.621692896404027917e-01,-2.581705305404990991e-01,-8.225862378378876461e-01
5.360770014093569902e-01,-3.769958291999816469e-01,-2.687395536290572706e-01,-7.058857171249646179e-01
6.832315830601864981e-01,-3.835620952747756385e-01,-2.734202829031568416e-01,-5.579570519983174659e-01
7.998364879955842666e-01,-3.789940705879210614e-01,-2.701639898085703151e-01,-3.789940705879212279e-01
7.998364879955842666e-01,-4.575218534703266449e-01,-2.747138020449341744e-01,-2.747138020449343410e-01
7.998364879955843776e-01,-4.809392195626110422e-01,-3.044816415239470220e-01,-1.903943001570126137e-01
7.998364879955843776e-01,-4.960838939556686533e-01,-3.234970508132712363e-01,-9.752958906806735717e-02
7.998364879955842666e-01,-5.013305843142719098e-01,-3.300442965754754043e-01,-4.326196029188433825e-17
7.998364879955843776e-01,-4.960838939556686533e-01,-3.234970508132712363e-01,9.752958906806735717e-02
7.998364879955841555e-01,-4.809392195626112643e-01,-3.044816415239473550e-01,1.903943001570125859e-01
7.998364879955842666e-01,-4.575218534703266449e-01,-2.747138020449343410e-01,2.747138020449341189e-01
7.998364879955842666e-01,-3.789940705879210614e-01,-2.701639898085703151e-01,3.789940705879212279e-01
6.832315830601864981e-01,-3.835620952747756385e-01,-2.734202829031568416e-01,5.579570519983174659e-01
5.360770014093569902e-01,-3.769958291999816469e-01,-2.687395536290572706e-01,7.058857171249646179e-01
3.543067373357635663e-01,-3.621692896404027362e-01,-2.581705305404990991e-01,8.225862378378874240e-01
1.309988949563632710e-01,-3.384727481444002040e-01,-2.412785718212155373e-01,9.000334099708208191e-01
1.309988949563634653e-01,-3.570200224727752558e-01,-1.638910414285623118e-01,-9.102283887097852855e-01
3.543067373357631777e-01,-3.823484685643742664e-01,-1.755181355589367775e-01,-8.351465551356115347e-01
5.360770014093572122e-01,-3.985560699363814297e-01,-1.829582803707583971e-01,-7.213187751061198583e-01
6.832315830601866091e-01,-4.064936854778264941e-01,-1.866020650205287568e-01,-5.771803504155350595e-01
7.998364879955842666e-01,-4.036836699841653275e-01,-1.853121195365282359e-01,-4.036836699841653830e-01
7.998364879955843776e-01,-4.809392195626110422e-01,-1.903943001570126137e-01,-3.044816415239470220e-01
7.998364879955842666e-01,-5.367974649529613229e-01,-1.898816395691850789e-01,-1.898816395691851899e-01
7.998364879955843776e-01,-5.510843831003429116e-01,-2.161525187296816364e-01,-9.922541922621651300e-02
7.998364879955844886e-01,-5.562680119947146506e-01,-2.254495316081571443e-01,-4.432763473929137898e-17
7.998364879955843776e-01,-5.510843831003429116e-01,-2.161525187296816364e-01,9.922541922621651300e-02
7.998364879955843776e-01,-5.367974649529612119e-01,-1.898816395691851622e-01,1.898816395691849679e-01
7.998364879955843776e-01,-4.809392195626111532e-01,-1.903943001570126137e-01,3.044816415239469110e-01
7.998364879955842666e-01,-4.036836699841653275e-01,-1.853121195365282359e-01,4.036836699841653830e-01
6.832315830601866091e-01,-4.064936854778264941e-01,-1.866020650205287568e-01,5.771803504155350595e-01
5.360770014093572122e-01,-3.985560699363814297e-01,-1.829582803707583971e-01,7.213187751061198583e-01
3.543067373357635663e-01,-3.823484685643742109e-01,-1.755181355589367775e-01,8.351465551356113126e-01
1.309988949563634653e-01,-3.570200224727752558e-01,-1.638910414285623118e-01,9.102283887097852855e-01
1.309988949563632710e-01,-3.684921066187724636e-01,-8.289031578367629660e-02,-9.166144513529956850e-01
3.543067373357633443e-01,-3.948479588026154175e-01,-8.881892285836402723e-02,-8.430142491382779379e-01
5.360770014093572122e-01,-4.119398743753349135e-01,-9.266365726033148897e-02,-7.309859335737761699e-01
6.832315830601864981e-01,-4.207772389757994391e-01,-9.465157485549950678e-02,-5.892216887100713008e-01
7.998364879955843776e-01,-4.191490605864606755e-01,-9.428532489133387151e-02,-4.191490605864606755e-01
7.998364879955843776e-01,-4.960838939556686533e-01,-9.752958906806735717e-02,-3.234970508132712363e-01
7.998364879955843776e-01,-5.510843831003429116e-01,-9.922541922621651300e-02,-2.161525187296816364e-01
7.998364879955843776e-01,-5.843628318425418966e-01,-9.690632908085630715e-02,-9.690632908085639041e-02
7.998364879955843776e-01,-5.892304686029803396e-01,-1.143199341357474391e-01,-4.495491516564241045e-17
7.998364879955843776e-01,-5.843628318425418966e-01,-9.690632908085630715e-02,9.690632908085639041e-02
7.998364879955843776e-01,-5.510843831003429116e-01,-9.922541922621652688e-02,2.161525187296815809e-01
7.998364879955842666e-01,-4.960838939556688199e-01,-9.752958906806738493e-02,3.234970508132711808e-01
7.998364879955843776e-01,-4.191490605864606755e-01,-9.428532489133387151e-02,4.191490605864606755e-01
6.832315830601864981e-01,-4.207772389757994391e-01,-9.465157485549950678e-02,5.892216887100713008e-01
5.360770014093572122e-01,-4.119398743753349135e-01,-9.266365726033148897e-02,7.309859335737761699e-01
3.543067373357635663e-01,-3.948479588026154175e-01,-8.881892285836404111e-02,8.430142491382778269e-01
1.309988949563632710e-01,-3.684921066187724636e-01,-8.289031578367629660e-02,9.166144513529956850e-01
1.309988949563632710e-01,-3.723759376677952537e-01,-3.660807018070986585e-17,-9.187902103125837883e-01
3.543067373357631777e-01,-3.990827364571939984e-01,-3.923360063390638487e-17,-8.456948062630658125e-01
5.360770014093567681e-01,-4.164792346289857283e-01,-4.094384064017577764e-17,-7.342795759673604872e-01
6.832315830601862761e-01,-4.256300843365546371e-01,-4.184345555731004544e-17,-5.933242243636519531e-01
7.998364879955841555e-01,-4.244181855616520060e-01,-4.172431446650430553e-17,-4.244181855616520060e-01
7.998364879955842666e-01,-5.013305843142719098e-01,-4.326196029188433825e-17,-3.300442965754754043e-01
7.998364879955844886e-01,-5.562680119947146506e-01,-4.432763473929137898e-17,-2.254495316081571443e-01
7.998364879955843776e-01,-5.892304686029803396e-01,-4.495491516564241045e-17,-1.143199341357474391e-01
7.998364879955843776e-01,-6.002179541390688655e-01,-4.515472736203199040e-17,-9.097506196423337476e-16
7.998364879955843776e-01,-5.892304686029803396e-01,-4.495491516564241045e-17,1.143199341357474391e-01
7.998364879955843776e-01,-5.562680119947147617e-01,-4.432763473929139747e-17,2.254495316081570333e-01
7.998364879955842666e-01,-5.013305843142720208e-01,-4.326196029188433825e-17,3.300442965754751823e-01
7.998364879955841555e-01,-4.244181855616520060e-01,-4.172431446650430553e-17,4.244181855616520060e-01
6.832315830601862761e-01,-4.256300843365546371e-01,-4.184345555731004544e-17,5.933242243636519531e-01
5.360770014093567681e-01,-4.164792346289857283e-01,-4.094384064017577764e-17,7.342795759673604872e-01
3.543067373357633443e-01,-3.990827364571939428e-01,-3.923360063390637254e-17,8.456948062630658125e-01
1.309988949563632710e-01,-3.723759376677952537e-01,-3.660807018070986585e-17,9.187902103125837883e-01
1.309988949563632710e-01,-3.684921066187724636e-01,8.289031578367629660e-02,-9.166144513529956850e-01
3.543067373357633443e-01,-3.948479588026154175e-01,8.881892285836402723e-02,-8.430142491382779379e-01
5.360770014093572122e-01,-4.119398743753349135e-01,9.266365726033148897e-02,-7.309859335737761699e-01
6.832315830601864981e-01,-4.207772389757994391e-01,9.465157485549950678e-02,-5.892216887100713008e-01
7.998364879955843776e-01,-4.191490605864606755e-01,9.428532489133387151e-02,-4.191490605864606755e-01
7.998364879955843776e-01,-4.960838939556686533e-01,9.752958906806735717e-02,-3.234970508132712363e-01
7.998364879955843776e-01,-5.510843831003429116e-01,9.922541922621651300e-02,-2.161525187296816364e-01
7.998364879955843776e-01,-5.843628318425418966e-01,9.690632908085630715e-02,-9.690632908085639041e-02
7.998364879955843776e-01,-5.892304686029803396e-01,1.143199341357474391e-01,-4.495491516564241045e-17
7.998364879955843776e-01,-5.843628318425418966e-01,9.690632908085630715e-02,9.690632908085639041e-02
7.998364879955843776e-01,-5.510843831003429116e-01,9.922541922621652688e-02,2.161525187296815809e-01
7.998364879955842666e-01,-4.960838939556688199e-01,9.752958906806738493e-02,3.234970508132711808e-01
7.998364879955843776e-01,-4.191490605864606755e-01,9.428532489133387151e-02,4.191490605864606755e-01
6.832315830601864981e-01,-4.207772389757994391e-01,9.465157485549950678e-02,5.892216887100713008e-01
5.360770014093572122e-01,-4.119398743753349135e-01,9.266365726033148897e-02,7.309859335737761699e-01
3.543067373357635663e-01,-3.948479588026154175e-01,8.881892285836404111e-02,8.430142491382778269e-01
1.309988949563632710e-01,-3.684921066187724636e-01,8.289031578367629660e-02,9.166144513529956850e-01
1.309988949563636873e-01,-3.570200224727752558e-01,1.638910414285622563e-01,-9.102283887097852855e-01
3.543067373357631777e-01,-3.823484685643742664e-01,1.755181355589367220e-01,-8.351465551356115347e-01
5.360770014093572122e-01,-3.985560699363814297e-01,1.829582803707583138e-01,-7.213187751061198583e-01
6.832315830601866091e-01,-4.064936854778264941e-01,1.866020650205287290e-01,-5.771803504155350595e-01
7.998364879955843776e-01,-4.036836699841652165e-01,1.853121195365281249e-01,-4.036836699841653275e-01
7.998364879955841555e-01,-4.809392195626112643e-01,1.903943001570125859e-01,-3.044816415239473550e-01
7.998364879955843776e-01,-5.367974649529612119e-01,1.898816395691849679e-01,-1.898816395691851622e-01
7.998364879955843776e-01,-5.510843831003430227e-01,2.161525187296816086e-01,-9.922541922621654076e-02
7.998364879955843776e-01,-5.562680119947147617e-01,2.254495316081570333e-01,-4.432763473929139747e-17
7.998364879955843776e-01,-5.510843831003430227e-01,2.161525187296816086e-01,9.922541922621654076e-02
7.998364879955843776e-01,-5.367974649529614339e-01,1.898816395691850512e-01,1.898816395691851899e-01
7.998364879955844886e-01,-4.809392195626112088e-01,1.903943001570125582e-01,3.044816415239469665e-01
7.998364879955843776e-01,-4.036836699841652165e-01,1.853121195365281249e-01,4.036836699841653275e-01
6.832315830601866091e-01,-4.064936854778264941e-01,1.866020650205287290e-01,5.771803504155350595e-01
5.360770014093572122e-01,-3.985560699363814297e-01,1.829582803707583138e-01,7.213187751061198583e-01
3.543067373357636218e-01,-3.823484685643742664e-01,1.755181355589367220e-01,8.351465551356114236e-01
1.309988949563636873e-01,-3.570200224727752558e-01,1.638910414285622563e-01,9.102283887097852855e-01
1.309988949563632710e-01,-3.384727481444002040e-01,2.412785718212154262e-01,-9.000334099708208191e-01
3.543067373357633443e-01,-3.621692896404027362e-01,2.581705305404990436e-01,-8.225862378378875350e-01
5.360770014093569902e-01,-3.769958291999816469e-01,2.687395536290572151e-01,-7.058857171249646179e-01
6.832315830601864981e-01,-3.835620952747756385e-01,2.734202829031567861e-01,-5.579570519983174659e-01
7.998364879955843776e-01,-3.789940705879209504e-01,2.701639898085702041e-01,-3.789940705879211724e-01
7.998364879955842666e-01,-4.575218534703266449e-01,2.747138020449341189e-01,-2.747138020449343410e-01
7.998364879955843776e-01,-4.809392195626111532e-01,3.044816415239469110e-01,-1.903943001570126137e-01
7.998364879955842666e-01,-4.960838939556688199e-01,3.234970508132711808e-01,-9.752958906806738493e-02
7.998364879955842666e-01,-5.013305843142720208e-01,3.300442965754751823e-01,-4.326196029188433825e-17
7.998364879955842666e-01,-4.960838939556688199e-01,3.234970508132711808e-01,9.752958906806738493e-02
7.998364879955844886e-01,-4.809392195626112088e-01,3.044816415239469665e-01,1.903943001570125582e-01
7.998364879955841555e-01,-4.575218534703268114e-01,2.747138020449341744e-01,2.747138020449342855e-01
7.998364879955843776e-01,-3.789940705879209504e-01,2.701639898085702041e-01,3.789940705879211724e-01
6.832315830601864981e-01,-3.835620952747756385e-01,2.734202829031567861e-01,5.579570519983174659e-01
5.360770014093569902e-01,-3.769958291999816469e-01,2.687395536290572151e-01,7.058857171249646179e-01
3.543067373357635663e-01,-3.621692896404028472e-01,2.581705305404990991e-01,8.225862378378875350e-01
1.309988949563632710e-01,-3.384727481444002040e-01,2.412785718212154262e-01,9.000334099708208191e-01
1.309988949563632987e-01,-3.136283010929765691e-01,3.136283010929767912e-01,-8.866306260372907033e-01
3.543067373357627892e-01,-3.351952034217493548e-01,3.351952034217495768e-01,-8.060738719773709038e-01
5.360770014093567681e-01,-3.482661284403335555e-01,3.482661284403337221e-01,-6.855967153672153369e-01
6.832315830601862761e-01,-3.531579338568944793e-01,3.531579338568946458e-01,-5.326852273312357999e-01
7.998364879955841555e-01,-3.465359973946379180e-01,3.465359973946380845e-01,-3.465359973946381400e-01
7.998364879955842666e-01,-3.789940705879210614e-01,3.789940705879212279e-01,-2.701639898085703151e-01
7.998364879955842666e-01,-4.036836699841653275e-01,4.036836699841653830e-01,-1.853121195365282359e-01
7.998364879955844886e-01,-4.191490605864607311e-01,4.191490605864607311e-01,-9.428532489133388539e-02
7.998364879955841555e-01,-4.244181855616520060e-01,4.244181855616520060e-01,-4.172431446650430553e-17
7.998364879955844886e-01,-4.191490605864607311e-01,4.191490605864607311e-01,9.428532489133388539e-02
7.998364879955843776e-01,-4.036836699841652165e-01,4.036836699841653275e-01,1.853121195365281249e-01
7.998364879955843776e-01,-3.789940705879211169e-01,3.789940705879212834e-01,2.701639898085703151e-01
7.998364879955841555e-01,-3.465359973946379180e-01,3.465359973946380845e-01,3.465359973946381400e-01
6.832315830601862761e-01,-3.531579338568944793e-01,3.531579338568946458e-01,5.326852273312357999e-01
5.360770014093567681e-01,-3.482661284403335555e-01,3.482661284403337221e-01,6.855967153672153369e-01
3.543067373357629557e-01,-3.351952034217494103e-01,3.351952034217495768e-01,8.060738719773706817e-01
1.309988949563632987e-01,-3.136283010929765691e-01,3.136283010929767912e-01,8.866306260372907033e-01
1.309988949563639093e-01,-3.157346125102801770e-01,4.116024827542429931e-01,-8.448279944306639200e-01
3.543067373357633443e-01,-3.361809847540935814e-01,4.382570757111587945e-01,-7.545726054909215330e-01
5.360770014093574343e-01,-3.471623842233992341e-01,4.525728051452737599e-01,-6.223163050918839589e-01
6.832315830601867201e-01,-3.481525617778558068e-01,4.538636346065783589e-01,-4.538636346065785254e-01
6.832315830601862761e-01,-3.531579338568945348e-01,5.326852273312359110e-01,-3.531579338568947013e-01
6.832315830601864981e-01,-3.835620952747756385e-01,5.579570519983174659e-01,-2.734202829031568416e-01
6.832315830601866091e-01,-4.064936854778264941e-01,5.771803504155350595e-01,-1.866020650205287568e-01
6.832315830601866091e-01,-4.207772389757994946e-01,5.892216887100714118e-01,-9.465157485549952066e-02
6.832315830601862761e-01,-4.256300843365546371e-01,5.933242243636519531e-01,-4.184345555731004544e-17
6.832315830601866091e-01,-4.207772389757994946e-01,5.892216887100714118e-01,9.465157485549952066e-02
6.832315830601866091e-01,-4.064936854778264941e-01,5.771803504155350595e-01,1.866020650205287290e-01
6.832315830601864981e-01,-3.835620952747756385e-01,5.579570519983174659e-01,2.734202829031567861e-01
6.832315830601862761e-01,-3.531579338568945348e-01,5.326852273312359110e-01,3.531579338568947013e-01
6.832315830601867201e-01,-3.481525617778558068e-01,4.538636346065783589e-01,4.538636346065785254e-01
5.360770014093574343e-01,-3.471623842233992341e-01,4.525728051452737599e-01,6.223163050918839589e-01
3.543067373357635663e-01,-3.361809847540936369e-01,4.382570757111588500e-01,7.545726054909215330e-01
1.309988949563639093e-01,-3.157346125102801770e-01,4.116024827542429931e-01,8.448279944306639200e-01
1.309988949563630489e-01,-3.144750647377528296e-01,5.029136053481467750e-01,-7.943693276644854251e-01
3.543067373357627337e-01,-3.332331080470606888e-01,5.329117713325552952e-01,-6.924070158187171087e-01
5.360770014093567681e-01,-3.413750361994700167e-01,5.459324744049225409e-01,-5.459324744049228739e-01
5.360770014093574343e-01,-3.471623842233992341e-01,6.223163050918839589e-01,-4.525728051452737599e-01
5.360770014093568792e-01,-3.482661284403336110e-01,6.855967153672154479e-01,-3.482661284403337776e-01
5.360770014093569902e-01,-3.769958291999816469e-01,7.058857171249646179e-01,-2.687395536290572706e-01
5.360770014093572122e-01,-3.985560699363813741e-01,7.213187751061198583e-01,-1.829582803707583694e-01
5.360770014093573232e-01,-4.119398743753349135e-01,7.309859335737761699e-01,-9.266365726033148897e-02
5.360770014093567681e-01,-4.164792346289857283e-01,7.342795759673604872e-01,-4.094384064017577764e-17
5.360770014093573232e-01,-4.119398743753349135e-01,7.309859335737761699e-01,9.266365726033148897e-02
5.360770014093573232e-01,-3.985560699363814852e-01,7.213187751061199693e-01,1.829582803707583416e-01
5.360770014093569902e-01,-3.769958291999816469e-01,7.058857171249646179e-01,2.687395536290572151e-01
5.360770014093568792e-01,-3.482661284403336110e-01,6.855967153672154479e-01,3.482661284403337776e-01
5.360770014093574343e-01,-3.471623842233992341e-01,6.223163050918839589e-01,4.525728051452737599e-01
5.360770014093567681e-01,-3.413750361994700167e-01,5.459324744049225409e-01,5.459324744049228739e-01
3.543067373357629557e-01,-3.332331080470607443e-01,5.329117713325554062e-01,6.924070158187168866e-01
1.309988949563630489e-01,-3.144750647377528296e-01,5.029136053481467750e-01,7.943693276644854251e-01
1.309988949563627991e-01,-3.110857186486414294e-01,5.880233121780000793e-01,-7.350466308393531767e-01
3.543067373357625116e-01,-3.276432550527327292e-01,6.193208511332943811e-01,-6.193208511332948252e-01
3.543067373357631777e-01,-3.332331080470607998e-01,6.924070158187168866e-01,-5.329117713325554062e-01
3.543067373357635663e-01,-3.361809847540936369e-01,7.545726054909215330e-01,-4.382570757111588500e-01
3.543067373357629557e-01,-3.351952034217494103e-01,8.060738719773706817e-01,-3.351952034217495768e-01
3.543067373357636218e-01,-3.621692896404027917e-01,8.225862378378875350e-01,-2.581705305404991546e-01
3.543067373357636218e-01,-3.823484685643742664e-01,8.351465551356114236e-01,-1.755181355589368053e-01
3.543067373357635663e-01,-3.948479588026154175e-01,8.430142491382778269e-01,-8.881892285836404111e-02
3.543067373357633443e-01,-3.990827364571939428e-01,8.456948062630658125e-01,-3.923360063390637254e-17
3.543067373357635663e-01,-3.948479588026154175e-01,8.430142491382778269e-01,8.881892285836404111e-02
3.543067373357636218e-01,-3.823484685643742664e-01,8.351465551356114236e-01,1.755181355589367220e-01
3.543067373357636218e-01,-3.621692896404027917e-01,8.225862378378875350e-01,2.581705305404990991e-01
3.543067373357629557e-01,-3.351952034217494103e-01,8.060738719773706817e-01,3.351952034217495768e-01
3.543067373357635663e-01,-3.361809847540936369e-01,7.545726054909215330e-01,4.382570757111588500e-01
3.543067373357631777e-01,-3.332331080470607998e-01,6.924070158187168866e-01,5.329117713325554062e-01
3.543067373357627337e-01,-3.276432550527327292e-01,6.193208511332944921e-01,6.193208511332944921e-01
1.309988949563627991e-01,-3.110857186486414294e-01,5.880233121780000793e-01,7.350466308393531767e-01
1.309988949563632987e-01,-3.060808056747567063e-01,6.667660121503282689e-01,-6.667660121503284909e-01
1.309988949563628546e-01,-3.110857186486415404e-01,7.350466308393530657e-01,-5.880233121780003014e-01
1.309988949563632710e-01,-3.144750647377527741e-01,7.943693276644853141e-01,-5.029136053481466639e-01
1.309988949563639093e-01,-3.157346125102801770e-01,8.448279944306639200e-01,-4.116024827542429931e-01
1.309988949563632987e-01,-3.136283010929765691e-01,8.866306260372907033e-01,-3.136283010929767912e-01
1.309988949563632710e-01,-3.384727481444002040e-01,9.000334099708208191e-01,-2.412785718212155373e-01
1.309988949563636873e-01,-3.570200224727752558e-01,9.102283887097852855e-01,-1.638910414285623118e-01
1.309988949563632987e-01,-3.684921066187725192e-01,9.166144513529957960e-01,-8.289031578367631048e-02
1.309988949563632710e-01,-3.723759376677952537e-01,9.187902103125837883e-01,-3.660807018070986585e-17
1.309988949563632987e-01,-3.684921066187725192e-01,9.166144513529957960e-01,8.289031578367631048e-02
1.309988949563636873e-01,-3.570200224727752558e-01,9.102283887097852855e-01,1.638910414285622563e-01
1.309988949563632710e-01,-3.384727481444002040e-01,9.000334099708208191e-01,2.412785718212154262e-01
1.309988949563632987e-01,-3.136283010929765691e-01,8.866306260372907033e-01,3.136283010929767912e-01
1.309988949563639093e-01,-3.157346125102801770e-01,8.448279944306639200e-01,4.116024827542429931e-01
1.309988949563632710e-01,-3.144750647377527741e-01,7.943693276644853141e-01,5.029136053481466639e-01
1.309988949563627991e-01,-3.110857186486414294e-01,7.350466308393531767e-01,5.880233121780000793e-01
1.309988949563632987e-01,-3.060808056747567063e-01,6.667660121503282689e-01,6.667660121503284909e-01
1.309988949563624105e-01,-2.318992650111487974e-01,-6.815651180949259258e-01,-6.815651180949262589e-01
1.309988949563619665e-01,-2.360432420087981154e-01,-7.496932722594075171e-01,-6.042208825844817000e-01
1.309988949563632987e-01,-2.391895451546637574e-01,-8.087857318100116766e-01,-5.210501809129910455e-01
1.309988949563628269e-01,-2.411205734195680239e-01,-8.588746017171086100e-01,-4.324749439208109281e-01
1.309988949563632710e-01,-2.412785718212155373e-01,-9.000334099708208191e-01,-3.384727481444002040e-01
1.309988949563632987e-01,-2.380739659798393471e-01,-9.324595771214280182e-01,-2.380739659798395413e-01
1.309988949563634653e-01,-2.616533150806144570e-01,-9.421292175883246856e-01,-1.636134761990825914e-01
1.309988949563630489e-01,-2.765132796003040294e-01,-9.483828481542888600e-01,-8.336467508276558525e-02
1.309988949563632987e-01,-2.815940970923290765e-01,-9.505493432762802675e-01,-3.691114427136140995e-17
1.309988949563630489e-01,-2.765132796003040294e-01,-9.483828481542888600e-01,8.336467508276558525e-02
1.309988949563630767e-01,-2.616533150806145680e-01,-9.421292175883246856e-01,1.636134761990825082e-01
1.309988949563632987e-01,-2.380739659798395413e-01,-9.324595771214280182e-01,2.380739659798393193e-01
1.309988949563632710e-01,-2.412785718212155373e-01,-9.000334099708208191e-01,3.384727481444002040e-01
1.309988949563628269e-01,-2.411205734195680239e-01,-8.588746017171086100e-01,4.324749439208109281e-01
1.309988949563632987e-01,-2.391895451546637574e-01,-8.087857318100116766e-01,5.210501809129910455e-01
1.309988949563624105e-01,-2.360432420087980876e-01,-7.496932722594075171e-01,6.042208825844815889e-01
1.309988949563624105e-01,-2.318992650111487974e-01,-6.815651180949259258e-01,6.815651180949262589e-01
1.309988949563619665e-01,-2.360432420087981154e-01,-6.042208825844817000e-01,-7.496932722594075171e-01
3.543067373357622896e-01,-2.489914889574871004e-01,-6.373656620438616915e-01,-6.373656620438620246e-01
3.543067373357631777e-01,-2.538136636058143658e-01,-7.101681720698799216e-01,-5.529073407221201109e-01
3.543067373357625671e-01,-2.570650737372532912e-01,-7.718781682578124137e-01,-4.610730713345900234e-01
3.543067373357633443e-01,-2.581705305404990991e-01,-8.225862378378875350e-01,-3.621692896404027362e-01
3.543067373357629557e-01,-2.554398814818178987e-01,-8.625356049321072360e-01,-2.554398814818181207e-01
3.543067373357631222e-01,-2.809626743522972703e-01,-8.744487001458269848e-01,-1.756877409285153013e-01
3.543067373357629557e-01,-2.970706580912623185e-01,-8.821532364849810071e-01,-8.956242146561342599e-02
3.543067373357629557e-01,-3.025823704411136905e-01,-8.848223804678108095e-01,-3.966227149165166038e-17
3.543067373357629557e-01,-2.970706580912623185e-01,-8.821532364849810071e-01,8.956242146561342599e-02
3.543067373357629002e-01,-2.809626743522974923e-01,-8.744487001458268738e-01,1.756877409285152736e-01
3.543067373357629557e-01,-2.554398814818181762e-01,-8.625356049321073471e-01,2.554398814818179542e-01
3.543067373357633443e-01,-2.581705305404990991e-01,-8.225862378378875350e-01,3.621692896404027362e-01
3.543067373357625671e-01,-2.570650737372532912e-01,-7.718781682578124137e-01,4.610730713345900234e-01
3.543067373357631777e-01,-2.538136636058143658e-01,-7.101681720698799216e-01,5.529073407221201109e-01
3.543067373357622896e-01,-2.489914889574870449e-01,-6.373656620438621356e-01,6.373656620438616915e-01
1.309988949563619665e-01,-2.360432420087981154e-01,-6.042208825844817000e-01,7.496932722594075171e-01
1.309988949563632987e-01,-2.391895451546637852e-01,-5.210501809129910455e-01,-8.087857318100117876e-01
3.543067373357633443e-01,-2.538136636058143103e-01,-5.529073407221201109e-01,-7.101681720698798106e-01
5.360770014093573232e-01,-2.606299291826290054e-01,-5.677558844143359984e-01,-5.677558844143361094e-01
5.360770014093564351e-01,-2.660209821713336309e-01,-6.435799202735125180e-01,-4.771364289438517758e-01
5.360770014093569902e-01,-2.687395536290572706e-01,-7.058857171249646179e-01,-3.769958291999816469e-01
5.360770014093571012e-01,-2.670566738849646238e-01,-7.549721282451103965e-01,-2.670566738849647903e-01
5.360770014093572122e-01,-2.941085840165901244e-01,-7.696099343458908670e-01,-1.839079615563770642e-01
5.360770014093573232e-01,-3.112191815416699980e-01,-7.790766184448372211e-01,-9.382799258772753226e-02
5.360770014093571012e-01,-3.170806939354470222e-01,-7.823562373326921060e-01,-4.156270092436359062e-17
5.360770014093573232e-01,-3.112191815416699980e-01,-7.790766184448372211e-01,9.382799258772753226e-02
5.360770014093567681e-01,-2.941085840165904575e-01,-7.696099343458910891e-01,1.839079615563770365e-01
5.360770014093571012e-01,-2.670566738849647903e-01,-7.549721282451105075e-01,2.670566738849645683e-01
5.360770014093569902e-01,-2.687395536290572706e-01,-7.058857171249646179e-01,3.769958291999816469e-01
5.360770014093564351e-01,-2.660209821713336309e-01,-6.435799202735125180e-01,4.771364289438517758e-01
5.360770014093573232e-01,-2.606299291826290054e-01,-5.677558844143359984e-01,5.677558844143361094e-01
3.543067373357633443e-01,-2.538136636058143658e-01,-5.529073407221202219e-01,7.101681720698795885e-01
1.309988949563632987e-01,-2.391895451546637852e-01,-5.210501809129910455e-01,8.087857318100117876e-01
1.309988949563628269e-01,-2.411205734195680239e-01,-4.324749439208109281e-01,-8.588746017171086100e-01
3.543067373357625671e-01,-2.570650737372532912e-01,-4.610730713345900234e-01,-7.718781682578124137e-01
5.360770014093564351e-01,-2.660209821713336309e-01,-4.771364289438517758e-01,-6.435799202735125180e-01
6.832315830601859430e-01,-2.678123477330060509e-01,-4.803494302644728542e-01,-4.803494302644732428e-01
6.832315830601864981e-01,-2.734202829031568416e-01,-5.579570519983174659e-01,-3.835620952747756385e-01
6.832315830601863871e-01,-2.737803801368728918e-01,-6.190987084571331067e-01,-2.737803801368730583e-01
6.832315830601864981e-01,-3.021638930234485376e-01,-6.373314472437209277e-01,-1.889449973304654640e-01
6.832315830601867201e-01,-3.201809304337125961e-01,-6.491230762052513370e-01,-9.652982768815518422e-02
6.832315830601864981e-01,-3.263644039184918633e-01,-6.532081442878672206e-01,-4.277960270638244285e-17
6.832315830601867201e-01,-3.201809304337125961e-01,-6.491230762052513370e-01,9.652982768815518422e-02
6.832315830601861650e-01,-3.021638930234488152e-01,-6.373314472437211498e-01,1.889449973304654362e-01
6.832315830601863871e-01,-2.737803801368730583e-01,-6.190987084571331067e-01,2.737803801368728362e-01
6.832315830601864981e-01,-2.734202829031568416e-01,-5.579570519983174659e-01,3.835620952747756385e-01
6.832315830601859430e-01,-2.678123477330060509e-01,-4.803494302644728542e-01,4.803494302644732428e-01
5.360770014093564351e-01,-2.660209821713336309e-01,-4.771364289438517758e-01,6.435799202735125180e-01
3.543067373357627892e-01,-2.570650737372533468e-01,-4.610730713345900234e-01,7.718781682578123027e-01
1.309988949563628269e-01,-2.411205734195680239e-01,-4.324749439208109281e-01,8.588746017171086100e-01
1.309988949563632710e-01,-2.412785718212155373e-01,-3.384727481444002040e-01,-9.000334099708208191e-01
3.543067373357631777e-01,-2.581705305404990991e-01,-3.621692896404027917e-01,-8.225862378378876461e-01
5.360770014093569902e-01,-2.687395536290572706e-01,-3.769958291999816469e-01,-7.058857171249646179e-01
6.832315830601864981e-01,-2.734202829031568416e-01,-3.835620952747756385e-01,-5.579570519983174659e-01
7.998364879955842666e-01,-2.701639898085703151e-01,-3.789940705879210614e-01,-3.789940705879212279e-01
7.998364879955842666e-01,-2.747138020449341744e-01,-4.575218534703266449e-01,-2.747138020449343410e-01
7.998364879955843776e-01,-3.044816415239470220e-01,-4.809392195626110422e-01,-1.903943001570126137e-01
7.998364879955843776e-01,-3.234970508132712363e-01,-4.960838939556686533e-01,-9.752958906806735717e-02
7.998364879955842666e-01,-3.300442965754754043e-01,-5.013305843142719098e-01,-4.326196029188433825e-17
7.998364879955843776e-01,-3.234970508132712363e-01,-4.960838939556686533e-01,9.752958906806735717e-02
7.998364879955841555e-01,-3.044816415239473550e-01,-4.809392195626112643e-01,1.903943001570125859e-01
7.998364879955842666e-01,-2.747138020449343410e-01,-4.575218534703266449e-01,2.747138020449341189e-01
7.998364879955842666e-01,-2.701639898085703151e-01,-3.789940705879210614e-01,3.789940705879212279e-01
6.832315830601864981e-01,-2.734202829031568416e-01,-3.835620952747756385e-01,5.579570519983174659e-01
5.360770014093569902e-01,-2.687395536290572706e-01,-3.769958291999816469e-01,7.058857171249646179e-01
3.543067373357635663e-01,-2.581705305404990991e-01,-3.621692896404027362e-01,8.225862378378874240e-01
1.309988949563632710e-01,-2.412785718212155373e-01,-3.384727481444002040e-01,9.000334099708208191e-01
1.309988949563632987e-01,-2.380739659798393471e-01,-2.380739659798395413e-01,-9.324595771214280182e-01
3.543067373357629557e-01,-2.554398814818178987e-01,-2.554398814818181207e-01,-8.625356049321072360e-01
5.360770014093571012e-01,-2.670566738849646238e-01,-2.670566738849647903e-01,-7.549721282451105075e-01
6.832315830601863871e-01,-2.737803801368728918e-01,-2.737803801368730583e-01,-6.190987084571331067e-01
7.998364879955842666e-01,-2.747138020449341744e-01,-2.747138020449343410e-01,-4.575218534703266449e-01
8.884548914866745584e-01,-2.649829590705793936e-01,-2.649829590705795601e-01,-2.649829590705797822e-01
8.884548914866746694e-01,-2.968165117554386057e-01,-2.968165117554387167e-01,-1.856012459335018849e-01
8.884548914866746694e-01,-3.174041725660743385e-01,-3.174041725660744495e-01,-9.569267614970546065e-02
8.884548914866745584e-01,-3.245365201278596623e-01,-3.245365201278597178e-01,-4.254000506209949639e-17
8.884548914866746694e-01,-3.174041725660743385e-01,-3.174041725660744495e-01,9.569267614970546065e-02
8.884548914866745584e-01,-2.968165117554387722e-01,-2.968165117554389387e-01,1.856012459335017739e-01
8.884548914866745584e-01,-2.649829590705796156e-01,-2.649829590705797822e-01,2.649829590705793936e-01
7.998364879955842666e-01,-2.747138020449341744e-01,-2.747138020449343410e-01,4.575218534703266449e-01
6.832315830601863871e-01,-2.737803801368728918e-01,-2.737803801368730583e-01,6.190987084571331067e-01
5.360770014093571012e-01,-2.670566738849646238e-01,-2.670566738849647903e-01,7.549721282451105075e-01
3.543067373357633443e-01,-2.554398814818179542e-01,-2.554398814818181207e-01,8.625356049321071250e-01
1.309988949563632987e-01,-2.380739659798393471e-01,-2.380739659798395413e-01,9.324595771214280182e-01
1.309988949563634653e-01,-2.616533150806144570e-01,-1.636134761990825914e-01,-9.421292175883246856e-01
3.543067373357629557e-01,-2.809626743522972703e-01,-1.756877409285153013e-01,-8.744487001458270958e-01
5.360770014093572122e-01,-2.941085840165901244e-01,-1.839079615563770642e-01,-7.696099343458908670e-01
6.832315830601864981e-01,-3.021638930234485931e-01,-1.889449973304654917e-01,-6.373314472437209277e-01
7.998364879955843776e-01,-3.044816415239470220e-01,-1.903943001570126137e-01,-4.809392195626110422e-01
8.884548914866746694e-01,-2.968165117554386057e-01,-1.856012459335018849e-01,-2.968165117554387167e-01
8.884548914866745584e-01,-3.727501752814732505e-01,-1.893478447474808701e-01,-1.893478447474810367e-01
8.884548914866746694e-01,-3.921718027931511141e-01,-2.166898434580588062e-01,-9.947207964797412372e-02
8.884548914866746694e-01,-3.992184246402641357e-01,-2.264344391234399956e-01,-4.452128615332635015e-17
8.884548914866746694e-01,-3.921718027931511141e-01,-2.166898434580588062e-01,9.947207964797412372e-02
8.884548914866745584e-01,-3.727501752814733060e-01,-1.893478447474810367e-01,1.893478447474808146e-01
8.884548914866746694e-01,-2.968165117554388832e-01,-1.856012459335018294e-01,2.968165117554384391e-01
7.998364879955843776e-01,-3.044816415239470220e-01,-1.903943001570126137e-01,4.809392195626110422e-01
6.832315830601864981e-01,-3.021638930234485931e-01,-1.889449973304654917e-01,6.373314472437209277e-01
5.360770014093572122e-01,-2.941085840165901244e-01,-1.839079615563770642e-01,7.696099343458908670e-01
3.543067373357633443e-01,-2.809626743522973258e-01,-1.756877409285153568e-01,8.744487001458268738e-01
1.309988949563634653e-01,-2.616533150806144570e-01,-1.636134761990825914e-01,9.421292175883246856e-01
1.309988949563632987e-01,-2.765132796003040294e-01,-8.336467508276558525e-02,-9.483828481542888600e-01
3.543067373357629557e-01,-2.970706580912623185e-01,-8.956242146561342599e-02,-8.821532364849810071e-01
5.360770014093573232e-01,-3.112191815416699980e-01,-9.382799258772753226e-02,-7.790766184448372211e-01
6.832315830601867201e-01,-3.201809304337125961e-01,-9.652982768815518422e-02,-6.491230762052513370e-01
7.998364879955843776e-01,-3.234970508132712363e-01,-9.752958906806735717e-02,-4.960838939556686533e-01
8.884548914866746694e-01,-3.174041725660743940e-01,-9.569267614970547453e-02,-3.174041725660745050e-01
8.884548914866746694e-01,-3.921718027931511141e-01,-9.947207964797412372e-02,-2.166898434580588062e-01
8.884548914866746694e-01,-4.374105050080092094e-01,-9.828518683412956758e-02,-9.828518683412963697e-02
8.884548914866746694e-01,-4.440275673477069307e-01,-1.161353745793188980e-01,-4.566881490452889973e-17
8.884548914866746694e-01,-4.374105050080092094e-01,-9.828518683412956758e-02,9.828518683412963697e-02
8.884548914866746694e-01,-3.921718027931512252e-01,-9.947207964797415147e-02,2.166898434580586952e-01
8.884548914866746694e-01,-3.174041725660746160e-01,-9.569267614970546065e-02,3.174041725660743385e-01
7.998364879955843776e-01,-3.234970508132712363e-01,-9.752958906806735717e-02,4.960838939556686533e-01
6.832315830601867201e-01,-3.201809304337125961e-01,-9.652982768815518422e-02,6.491230762052513370e-01
5.360770014093573232e-01,-3.112191815416699980e-01,-9.382799258772753226e-02,7.790766184448372211e-01
3.543067373357635663e-01,-2.970706580912623185e-01,-8.956242146561341211e-02,8.821532364849808960e-01
1.309988949563632987e-01,-2.765132796003040294e-01,-8.336467508276558525e-02,9.483828481542888600e-01
1.309988949563632987e-01,-2.815940970923290765e-01,-3.691114427136140995e-17,-9.505493432762802675e-01
3.543067373357629557e-01,-3.025823704411136905e-01,-3.966227149165166038e-17,-8.848223804678108095e-01
5.360770014093571012e-01,-3.170806939354470222e-01,-4.156270092436359062e-17,-7.823562373326921060e-01
6.832315830601864981e-01,-3.263644039184918633e-01,-4.277960270638244285e-17,-6.532081442878672206e-01
7.998364879955842666e-01,-3.300442965754754043e-01,-4.326196029188433825e-17,-5.013305843142719098e-01
8.884548914866745584e-01,-3.245365201278596623e-01,-4.254000506209949639e-17,-3.245365201278597178e-01
8.884548914866746694e-01,-3.992184246402641357e-01,-4.452128615332635015e-17,-2.264344391234399956e-01
8.884548914866746694e-01,-4.440275673477069307e-01,-4.566881490452889973e-17,-1.161353745793188980e-01
8.884548914866746694e-01,-4.589639482501878809e-01,-4.603748090578267843e-17,-9.275358135818263380e-16
8.884548914866746694e-01,-4.440275673477069307e-01,-4.566881490452889973e-17,1.161353745793188980e-01
8.884548914866746694e-01,-3.992184246402641912e-01,-4.452128615332636863e-17,2.264344391234399123e-01
8.884548914866745584e-01,-3.245365201278598288e-01,-4.254000506209950871e-17,3.245365201278596068e-01
7.998364879955842666e-01,-3.300442965754754043e-01,-4.326196029188433825e-17,5.013305843142719098e-01
6.832315830601864981e-01,-3.263644039184918633e-01,-4.277960270638244285e-17,6.532081442878672206e-01
5.360770014093571012e-01,-3.170806939354470222e-01,-4.156270092436359062e-17,7.823562373326921060e-01
3.543067373357629557e-01,-3.025823704411136905e-01,-3.966227149165166038e-17,8.848223804678108095e-01
1.309988949563632987e-01,-2.815940970923290765e-01,-3.691114427136140995e-17,9.505493432762802675e-01
1.309988949563632987e-01,-2.765132796003040294e-01,8.336467508276558525e-02,-9.483828481542888600e-01
3.543067373357629557e-01,-2.970706580912623185e-01,8.956242146561342599e-02,-8.821532364849810071e-01
5.360770014093573232e-01,-3.112191815416699980e-01,9.382799258772753226e-02,-7.790766184448372211e-01
6.832315830601867201e-01,-3.201809304337125961e-01,9.652982768815518422e-02,-6.491230762052513370e-01
7.998364879955843776e-01,-3.234970508132712363e-01,9.752958906806735717e-02,-4.960838939556686533e-01
8.884548914866746694e-01,-3.174041725660743940e-01,9.569267614970547453e-02,-3.174041725660745050e-01
8.884548914866746694e-01,-3.921718027931511141e-01,9.947207964797412372e-02,-2.166898434580588062e-01
8.884548914866746694e-01,-4.374105050080092094e-01,9.828518683412956758e-02,-9.828518683412963697e-02
8.884548914866746694e-01,-4.440275673477069307e-01,1.161353745793188980e-01,-4.566881490452889973e-17
8.884548914866746694e-01,-4.374105050080092094e-01,9.828518683412956758e-02,9.828518683412963697e-02
8.884548914866746694e-01,-3.921718027931512252e-01,9.947207964797415147e-02,2.166898434580586952e-01
8.884548914866746694e-01,-3.174041725660746160e-01,9.569267614970546065e-02,3.174041725660743385e-01
7.998364879955843776e-01,-3.234970508132712363e-01,9.752958906806735717e-02,4.960838939556686533e-01
6.832315830601867201e-01,-3.201809304337125961e-01,9.652982768815518422e-02,6.491230762052513370e-01
5.360770014093573232e-01,-3.112191815416699980e-01,9.382799258772753226e-02,7.790766184448372211e-01
3.543067373357635663e-01,-2.970706580912623185e-01,8.956242146561341211e-02,8.821532364849808960e-01
1.309988949563632987e-01,-2.765132796003040294e-01,8.336467508276558525e-02,9.483828481542888600e-01
1.309988949563630767e-01,-2.616533150806145680e-01,1.636134761990825082e-01,-9.421292175883246856e-01
3.543067373357629557e-01,-2.809626743522975478e-01,1.756877409285153013e-01,-8.744487001458270958e-01
5.360770014093567681e-01,-2.941085840165904575e-01,1.839079615563770365e-01,-7.696099343458910891e-01
6.832315830601863871e-01,-3.021638930234488707e-01,1.889449973304654640e-01,-6.373314472437211498e-01
7.998364879955841555e-01,-3.044816415239473550e-01,1.903943001570125859e-01,-4.809392195626112643e-01
8.884548914866745584e-01,-2.968165117554387722e-01,1.856012459335017739e-01,-2.968165117554389387e-01
8.884548914866745584e-01,-3.727501752814733060e-01,1.893478447474808146e-01,-1.893478447474810367e-01
8.884548914866746694e-01,-3.921718027931512252e-01,2.166898434580586952e-01,-9.947207964797415147e-02
8.884548914866746694e-01,-3.992184246402641912e-01,2.264344391234399123e-01,-4.452128615332636863e-17
8.884548914866746694e-01,-3.921718027931512252e-01,2.166898434580586952e-01,9.947207964797415147e-02
8.884548914866745584e-01,-3.727501752814733615e-01,1.893478447474808146e-01,1.893478447474809534e-01
8.884548914866746694e-01,-2.968165117554388832e-01,1.856012459335017739e-01,2.968165117554384946e-01
7.998364879955841555e-01,-3.044816415239473550e-01,1.903943001570125859e-01,4.809392195626112643e-01
6.832315830601863871e-01,-3.021638930234488707e-01,1.889449973304654640e-01,6.373314472437211498e-01
5.360770014093567681e-01,-2.941085840165904575e-01,1.839079615563770365e-01,7.696099343458910891e-01
3.543067373357627337e-01,-2.809626743522974923e-01,1.756877409285152736e-01,8.744487001458270958e-01
1.309988949563630767e-01,-2.616533150806145680e-01,1.636134761990825082e-01,9.421292175883246856e-01
1.309988949563632987e-01,-2.380739659798395413e-01,2.380739659798393193e-01,-9.324595771214280182e-01
3.543067373357629557e-01,-2.554398814818181207e-01,2.554398814818178987e-01,-8.625356049321072360e-01
5.360770014093571012e-01,-2.670566738849647903e-01,2.670566738849646238e-01,-7.549721282451105075e-01
6.832315830601863871e-01,-2.737803801368730583e-01,2.737803801368728362e-01,-6.190987084571331067e-01
7.998364879955842666e-01,-2.747138020449343410e-01,2.747138020449341189e-01,-4.575218534703266449e-01
8.884548914866745584e-01,-2.649829590705796156e-01,2.649829590705793936e-01,-2.649829590705797822e-01
8.884548914866746694e-01,-2.968165117554388832e-01,2.968165117554384391e-01,-1.856012459335018294e-01
8.884548914866746694e-01,-3.174041725660746160e-01,3.174041725660743385e-01,-9.569267614970546065e-02
8.884548914866745584e-01,-3.245365201278598288e-01,3.245365201278596068e-01,-4.254000506209950871e-17
8.884548914866746694e-01,-3.174041725660746160e-01,3.174041725660743385e-01,9.569267614970546065e-02
8.884548914866746694e-01,-2.968165117554388832e-01,2.968165117554384946e-01,1.856012459335017739e-01
8.884548914866745584e-01,-2.649829590705798377e-01,2.649829590705793936e-01,2.649829590705795046e-01
7.998364879955842666e-01,-2.747138020449343410e-01,2.747138020449341189e-01,4.575218534703266449e-01
6.832315830601863871e-01,-2.737803801368730583e-01,2.737803801368728362e-01,6.190987084571331067e-01
5.360770014093571012e-01,-2.670566738849647903e-01,2.670566738849646238e-01,7.549721282451105075e-01
3.543067373357633443e-01,-2.554398814818181207e-01,2.554398814818178987e-01,8.625356049321071250e-01
1.309988949563632987e-01,-2.380739659798395413e-01,2.380739659798393193e-01,9.324595771214280182e-01
1.309988949563632710e-01,-2.412785718212155373e-01,3.384727481444002040e-01,-9.000334099708208191e-01
3.543067373357631777e-01,-2.581705305404990991e-01,3.621692896404027917e-01,-8.225862378378876461e-01
5.360770014093569902e-01,-2.687395536290572706e-01,3.769958291999816469e-01,-7.058857171249646179e-01
6.832315830601864981e-01,-2.734202829031568416e-01,3.835620952747756385e-01,-5.579570519983174659e-01
7.998364879955842666e-01,-2.701639898085703151e-01,3.789940705879210614e-01,-3.789940705879212279e-01
7.998364879955842666e-01,-2.747138020449341744e-01,4.575218534703266449e-01,-2.747138020449343410e-01
7.998364879955843776e-01,-3.044816415239470220e-01,4.809392195626110422e-01,-1.903943001570126137e-01
7.998364879955843776e-01,-3.234970508132712363e-01,4.960838939556686533e-01,-9.752958906806735717e-02
7.998364879955842666e-01,-3.300442965754754043e-01,5.013305843142719098e-01,-4.326196029188433825e-17
7.998364879955843776e-01,-3.234970508132712363e-01,4.960838939556686533e-01,9.752958906806735717e-02
7.998364879955841555e-01,-3.044816415239473550e-01,4.809392195626112643e-01,1.903943001570125859e-01
7.998364879955842666e-01,-2.747138020449343410e-01,4.575218534703266449e-01,2.747138020449341189e-01
7.998364879955842666e-01,-2.701639898085703151e-01,3.789940705879210614e-01,3.789940705879212279e-01
6.832315830601864981e-01,-2.734202829031568416e-01,3.835620952747756385e-01,5.579570519983174659e-01
5.360770014093569902e-01,-2.687395536290572706e-01,3.769958291999816469e-01,7.058857171249646179e-01
3.543067373357635663e-01,-2.581705305404990991e-01,3.621692896404027362e-01,8.225862378378874240e-01
1.309988949563632710e-01,-2.412785718212155373e-01,3.384727481444002040e-01,9.000334099708208191e-01
1.309988949563628269e-01,-2.411205734195680239e-01,4.324749439208109281e-01,-8.588746017171086100e-01
3.543067373357625671e-01,-2.570650737372532912e-01,4.610730713345900234e-01,-7.718781682578124137e-01
5.360770014093564351e-01,-2.660209821713336309e-01,4.771364289438517758e-01,-6.435799202735125180e-01
6.832315830601859430e-01,-2.678123477330060509e-01,4.803494302644728542e-01,-4.803494302644732428e-01
6.832315830601864981e-01,-2.734202829031568416e-01,5.579570519983174659e-01,-3.835620952747756385e-01
6.832315830601863871e-01,-2.737803801368728918e-01,6.190987084571331067e-01,-2.737803801368730583e-01
6.832315830601864981e-01,-3.021638930234485376e-01,6.373314472437209277e-01,-1.889449973304654640e-01
6.832315830601867201e-01,-3.201809304337125961e-01,6.491230762052513370e-01,-9.652982768815518422e-02
6.832315830601864981e-01,-3.263644039184918633e-01,6.532081442878672206e-01,-4.277960270638244285e-17
6.832315830601867201e-01,-3.201809304337125961e-01,6.491230762052513370e-01,9.652982768815518422e-02
6.832315830601861650e-01,-3.021638930234488152e-01,6.373314472437211498e-01,1.889449973304654362e-01
6.832315830601863871e-01,-2.737803801368730583e-01,6.190987084571331067e-01,2.737803801368728362e-01
6.832315830601864981e-01,-2.734202829031568416e-01,5.579570519983174659e-01,3.835620952747756385e-01
6.832315830601859430e-01,-2.678123477330060509e-01,4.803494302644728542e-01,4.803494302644732428e-01
5.360770014093564351e-01,-2.660209821713336309e-01,4.771364289438517758e-01,6.435799202735125180e-01
3.543067373357627892e-01,-2.570650737372533468e-01,4.610730713345900234e-01,7.718781682578123027e-01
1.309988949563628269e-01,-2.411205734195680239e-01,4.324749439208109281e-01,8.588746017171086100e-01
1.309988949563632987e-01,-2.391895451546637852e-01,5.210501809129910455e-01,-8.087857318100117876e-01
3.543067373357633443e-01,-2.538136636058143103e-01,5.529073407221201109e-01,-7.101681720698798106e-01
5.360770014093573232e-01,-2.606299291826290054e-01,5.677558844143359984e-01,-5.677558844143361094e-01
5.360770014093564351e-01,-2.660209821713336309e-01,6.435799202735125180e-01,-4.771364289438517758e-01
5.360770014093569902e-01,-2.687395536290572706e-01,7.058857171249646179e-01,-3.769958291999816469e-01
5.360770014093571012e-01,-2.670566738849646238e-01,7.549721282451103965e-01,-2.670566738849647903e-01
5.360770014093572122e-01,-2.941085840165901244e-01,7.696099343458908670e-01,-1.839079615563770642e-01
5.360770014093573232e-01,-3.112191815416699980e-01,7.790766184448372211e-01,-9.382799258772753226e-02
5.360770014093571012e-01,-3.170806939354470222e-01,7.823562373326921060e-01,-4.156270092436359062e-17
5.360770014093573232e-01,-3.112191815416699980e-01,7.790766184448372211e-01,9.382799258772753226e-02
5.360770014093567681e-01,-2.941085840165904575e-01,7.696099343458910891e-01,1.839079615563770365e-01
5.360770014093571012e-01,-2.670566738849647903e-01,7.549721282451105075e-01,2.670566738849645683e-01
5.360770014093569902e-01,-2.687395536290572706e-01,7.058857171249646179e-01,3.769958291999816469e-01
5.360770014093564351e-01,-2.660209821713336309e-01,6.435799202735125180e-01,4.771364289438517758e-01
5.360770014093573232e-01,-2.606299291826290054e-01,5.677558844143359984e-01,5.677558844143361094e-01
3.543067373357633443e-01,-2.538136636058143658e-01,5.529073407221202219e-01,7.101681720698795885e-01
1.309988949563632987e-01,-2.391895451546637852e-01,5.210501809129910455e-01,8.087857318100117876e-01
1.309988949563624105e-01,-2.360432420087980876e-01,6.042208825844815889e-01,-7.496932722594075171e-01
3.543067373357622896e-01,-2.489914889574870449e-01,6.373656620438616915e-01,-6.373656620438621356e-01
3.543067373357633443e-01,-2.538136636058143658e-01,7.101681720698795885e-01,-5.529073407221202219e-01
3.543067373357627892e-01,-2.570650737372533468e-01,7.718781682578123027e-01,-4.610730713345900234e-01
3.543067373357635663e-01,-2.581705305404991546e-01,8.225862378378875350e-01,-3.621692896404028472e-01
3.543067373357633443e-01,-2.554398814818179542e-01,8.625356049321071250e-01,-2.554398814818181207e-01
3.543067373357635663e-01,-2.809626743522973258e-01,8.744487001458268738e-01,-1.756877409285153568e-01
3.543067373357635663e-01,-2.970706580912623185e-01,8.821532364849808960e-01,-8.956242146561341211e-02
3.543067373357629557e-01,-3.025823704411136905e-01,8.848223804678108095e-01,-3.966227149165166038e-17
3.543067373357635663e-01,-2.970706580912623185e-01,8.821532364849808960e-01,8.956242146561341211e-02
3.543067373357627337e-01,-2.809626743522974923e-01,8.744487001458270958e-01,1.756877409285152736e-01
3.543067373357633443e-01,-2.554398814818181207e-01,8.625356049321071250e-01,2.554398814818178987e-01
3.543067373357635663e-01,-2.581705305404991546e-01,8.225862378378875350e-01,3.621692896404028472e-01
3.543067373357627892e-01,-2.570650737372533468e-01,7.718781682578123027e-01,4.610730713345900234e-01
3.543067373357633443e-01,-2.538136636058143658e-01,7.101681720698795885e-01,5.529073407221202219e-01
3.543067373357622896e-01,-2.489914889574871004e-01,6.373656620438616915e-01,6.373656620438620246e-01
1.309988949563624105e-01,-2.360432420087980876e-01,6.042208825844815889e-01,7.496932722594075171e-01
1.309988949563624105e-01,-2.318992650111487974e-01,6.815651180949259258e-01,-6.815651180949262589e-01
1.309988949563619665e-01,-2.360432420087981154e-01,7.496932722594075171e-01,-6.042208825844817000e-01
1.309988949563632987e-01,-2.391895451546637574e-01,8.087857318100116766e-01,-5.210501809129910455e-01
1.309988949563628269e-01,-2.411205734195680239e-01,8.588746017171086100e-01,-4.324749439208109281e-01
1.309988949563632710e-01,-2.412785718212155373e-01,9.000334099708208191e-01,-3.384727481444002040e-01
1.309988949563632987e-01,-2.380739659798393471e-01,9.324595771214280182e-01,-2.380739659798395413e-01
1.309988949563634653e-01,-2.616533150806144570e-01,9.421292175883246856e-01,-1.636134761990825914e-01
1.309988949563630489e-01,-2.765132796003040294e-01,9.483828481542888600e-01,-8.336467508276558525e-02
1.309988949563632987e-01,-2.815940970923290765e-01,9.505493432762802675e-01,-3.691114427136140995e-17
1.309988949563630489e-01,-2.765132796003040294e-01,9.483828481542888600e-01,8.336467508276558525e-02
1.309988949563630767e-01,-2.616533150806145680e-01,9.421292175883246856e-01,1.636134761990825082e-01
1.309988949563632987e-01,-2.380739659798395413e-01,9.324595771214280182e-01,2.380739659798393193e-01
1.309988949563632710e-01,-2.412785718212155373e-01,9.000334099708208191e-01,3.384727481444002040e-01
1.309988949563628269e-01,-2.411205734195680239e-01,8.588746017171086100e-01,4.324749439208109281e-01
1.309988949563632987e-01,-2.391895451546637574e-01,8.087857318100116766e-01,5.210501809129910455e-01
1.309988949563624105e-01,-2.360432420087980876e-01,7.496932722594075171e-01,6.042208825844815889e-01
1.309988949563624105e-01,-2.318992650111487974e-01,6.815651180949259258e-01,6.815651180949262589e-01
1.309988949563637151e-01,-1.557314668798931989e-01,-6.923102627231695338e-01,-6.923102627231698669e-01
1.309988949563628546e-01,-1.586887825467748203e-01,-7.603801697714149821e-01,-6.160187961681270474e-01
1.309988949563630489e-01,-1.610900316382040398e-01,-8.193838499283420118e-01,-5.343214366873393351e-01
1.309988949563630489e-01,-1.628796933540020975e-01,-8.693280098634345032e-01,-4.478596948598949634e-01
1.309988949563636873e-01,-1.638910414285623118e-01,-9.102283887097852855e-01,-3.570200224727752558e-01
1.309988949563634653e-01,-1.636134761990825914e-01,-9.421292175883246856e-01,-2.616533150806144570e-01
1.309988949563632987e-01,-1.600605905012319752e-01,-9.651945421815260051e-01,-1.600605905012320584e-01
1.309988949563632710e-01,-1.813443295040871872e-01,-9.710939828496496506e-01,-8.324662245478288425e-02
1.309988949563632987e-01,-1.888227150629364637e-01,-9.732344382503492763e-01,-3.712611103729743375e-17
1.309988949563632710e-01,-1.813443295040871872e-01,-9.710939828496496506e-01,8.324662245478288425e-02
1.309988949563632987e-01,-1.600605905012320584e-01,-9.651945421815260051e-01,1.600605905012319197e-01
1.309988949563634653e-01,-1.636134761990825914e-01,-9.421292175883246856e-01,2.616533150806143460e-01
1.309988949563636873e-01,-1.638910414285623118e-01,-9.102283887097852855e-01,3.570200224727752558e-01
1.309988949563630489e-01,-1.628796933540020975e-01,-8.693280098634345032e-01,4.478596948598949634e-01
1.309988949563630489e-01,-1.610900316382040398e-01,-8.193838499283420118e-01,5.343214366873393351e-01
1.309988949563630489e-01,-1.586887825467748203e-01,-7.603801697714150931e-01,6.160187961681269364e-01
1.309988949563637151e-01,-1.557314668798931989e-01,-6.923102627231695338e-01,6.923102627231698669e-01
1.309988949563628546e-01,-1.586887825467748203e-01,-6.160187961681270474e-01,-7.603801697714149821e-01
3.543067373357625671e-01,-1.675795222726468303e-01,-6.505320282635430607e-01,-6.505320282635432827e-01
3.543067373357629002e-01,-1.711131070651777109e-01,-7.232251611753329756e-01,-5.675670944583568467e-01
3.543067373357629557e-01,-1.738139090235081008e-01,-7.847568732087754073e-01,-4.779247962389485682e-01
3.543067373357631777e-01,-1.755181355589367775e-01,-8.351465551356115347e-01,-3.823484685643742664e-01
3.543067373357631222e-01,-1.756877409285153013e-01,-8.744487001458269848e-01,-2.809626743522972703e-01
3.543067373357629557e-01,-1.721928856633591631e-01,-9.028654141854904891e-01,-1.721928856633592742e-01
3.543067373357630112e-01,-1.951812117079452513e-01,-9.101335849750507023e-01,-8.959848199142153580e-02
3.543067373357635663e-01,-2.032645578351272853e-01,-9.127706477569140775e-01,-3.996565000995143067e-17
3.543067373357630112e-01,-1.951812117079452513e-01,-9.101335849750507023e-01,8.959848199142153580e-02
3.543067373357631222e-01,-1.721928856633592464e-01,-9.028654141854903781e-01,1.721928856633590799e-01
3.543067373357631222e-01,-1.756877409285153013e-01,-8.744487001458269848e-01,2.809626743522971593e-01
3.543067373357631777e-01,-1.755181355589367775e-01,-8.351465551356115347e-01,3.823484685643742664e-01
3.543067373357629557e-01,-1.738139090235081008e-01,-7.847568732087754073e-01,4.779247962389485682e-01
3.543067373357629002e-01,-1.711131070651777109e-01,-7.232251611753329756e-01,5.675670944583568467e-01
3.543067373357629557e-01,-1.675795222726468303e-01,-6.505320282635431717e-01,6.505320282635427276e-01
1.309988949563628546e-01,-1.586887825467748203e-01,-6.160187961681270474e-01,7.603801697714149821e-01
1.309988949563630489e-01,-1.610900316382040398e-01,-5.343214366873393351e-01,-8.193838499283420118e-01
3.543067373357629557e-01,-1.711131070651777386e-01,-5.675670944583569577e-01,-7.232251611753330867e-01
5.360770014093573232e-01,-1.760068507101184565e-01,-5.837992108007075132e-01,-5.837992108007078462e-01
5.360770014093569902e-01,-1.801451882645582758e-01,-6.594041861355238732e-01,-4.953335028160588682e-01
5.360770014093573232e-01,-1.829582803707583971e-01,-7.213187751061199693e-01,-3.985560699363814297e-01
5.360770014093571012e-01,-1.839079615563771197e-01,-7.696099343458910891e-01,-2.941085840165902354e-01
5.360770014093572122e-01,-1.807752369582359964e-01,-8.045259945864641216e-01,-1.807752369582361629e-01
5.360770014093573232e-01,-2.050585121392911603e-01,-8.134565095211903074e-01,-9.413268442349803644e-02
5.360770014093571012e-01,-2.136069588415286380e-01,-8.166967097365004369e-01,-4.199916132784520853e-17
5.360770014093573232e-01,-2.050585121392911603e-01,-8.134565095211903074e-01,9.413268442349803644e-02
5.360770014093572122e-01,-1.807752369582361629e-01,-8.045259945864641216e-01,1.807752369582359409e-01
5.360770014093573232e-01,-1.839079615563770642e-01,-7.696099343458909781e-01,2.941085840165900689e-01
5.360770014093573232e-01,-1.829582803707583971e-01,-7.213187751061199693e-01,3.985560699363814297e-01
5.360770014093569902e-01,-1.801451882645582758e-01,-6.594041861355238732e-01,4.953335028160588682e-01
5.360770014093573232e-01,-1.760068507101184565e-01,-5.837992108007075132e-01,5.837992108007078462e-01
3.543067373357633998e-01,-1.711131070651777386e-01,-5.675670944583570687e-01,7.232251611753327536e-01
1.309988949563630489e-01,-1.610900316382040398e-01,-5.343214366873393351e-01,8.193838499283420118e-01
1.309988949563632987e-01,-1.628796933540020975e-01,-4.478596948598949634e-01,-8.693280098634345032e-01
3.543067373357630112e-01,-1.738139090235081008e-01,-4.779247962389485682e-01,-7.847568732087754073e-01
5.360770014093569902e-01,-1.801451882645582758e-01,-4.953335028160588682e-01,-6.594041861355238732e-01
6.832315830601862761e-01,-1.818641478753018070e-01,-5.000600142116253810e-01,-5.000600142116256031e-01
6.832315830601864981e-01,-1.866020650205287290e-01,-5.771803504155349485e-01,-4.064936854778264386e-01
6.832315830601864981e-01,-1.889449973304654640e-01,-6.373314472437209277e-01,-3.021638930234485376e-01
6.832315830601864981e-01,-1.866482777519926362e-01,-6.808226235470598020e-01,-1.866482777519926917e-01
6.832315830601864981e-01,-2.119800359754405727e-01,-6.919464043181345891e-01,-9.731002932959682827e-02
6.832315830601864981e-01,-2.209143287647170051e-01,-6.959823728051638403e-01,-4.343592822884264479e-17
6.832315830601864981e-01,-2.119800359754405727e-01,-6.919464043181345891e-01,9.731002932959682827e-02
6.832315830601864981e-01,-1.866482777519926917e-01,-6.808226235470598020e-01,1.866482777519925529e-01
6.832315830601864981e-01,-1.889449973304654640e-01,-6.373314472437209277e-01,3.021638930234484821e-01
6.832315830601864981e-01,-1.866020650205287290e-01,-5.771803504155349485e-01,4.064936854778264386e-01
6.832315830601862761e-01,-1.818641478753018070e-01,-5.000600142116253810e-01,5.000600142116256031e-01
5.360770014093569902e-01,-1.801451882645582758e-01,-4.953335028160588682e-01,6.594041861355238732e-01
3.543067373357631777e-01,-1.738139090235081563e-01,-4.779247962389486792e-01,7.847568732087751853e-01
1.309988949563632987e-01,-1.628796933540020975e-01,-4.478596948598949634e-01,8.693280098634345032e-01
1.309988949563634653e-01,-1.638910414285623118e-01,-3.570200224727752558e-01,-9.102283887097852855e-01
3.543067373357631777e-01,-1.755181355589367775e-01,-3.823484685643742664e-01,-8.351465551356115347e-01
5.360770014093573232e-01,-1.829582803707584249e-01,-3.985560699363814852e-01,-7.213187751061199693e-01
6.832315830601864981e-01,-1.866020650205287290e-01,-4.064936854778264386e-01,-5.771803504155349485e-01
7.998364879955842666e-01,-1.853121195365282359e-01,-4.036836699841653275e-01,-4.036836699841653830e-01
7.998364879955843776e-01,-1.903943001570126137e-01,-4.809392195626110422e-01,-3.044816415239470220e-01
7.998364879955842666e-01,-1.898816395691850789e-01,-5.367974649529613229e-01,-1.898816395691851899e-01
7.998364879955843776e-01,-2.161525187296816364e-01,-5.510843831003429116e-01,-9.922541922621651300e-02
7.998364879955844886e-01,-2.254495316081571443e-01,-5.562680119947146506e-01,-4.432763473929137898e-17
7.998364879955843776e-01,-2.161525187296816364e-01,-5.510843831003429116e-01,9.922541922621651300e-02
7.998364879955843776e-01,-1.898816395691851622e-01,-5.367974649529612119e-01,1.898816395691849679e-01
7.998364879955843776e-01,-1.903943001570126137e-01,-4.809392195626111532e-01,3.044816415239469110e-01
7.998364879955842666e-01,-1.853121195365282359e-01,-4.036836699841653275e-01,4.036836699841653830e-01
6.832315830601864981e-01,-1.866020650205287290e-01,-4.064936854778264386e-01,5.771803504155349485e-01
5.360770014093573232e-01,-1.829582803707584249e-01,-3.985560699363814852e-01,7.213187751061199693e-01
3.543067373357636218e-01,-1.755181355589368053e-01,-3.823484685643742664e-01,8.351465551356114236e-01
1.309988949563634653e-01,-1.638910414285623118e-01,-3.570200224727752558e-01,9.102283887097852855e-01
1.309988949563634653e-01,-1.636134761990825914e-01,-2.616533150806144570e-01,-9.421292175883246856e-01
3.543067373357629557e-01,-1.756877409285153013e-01,-2.809626743522972703e-01,-8.744487001458270958e-01
5.360770014093572122e-01,-1.839079615563770642e-01,-2.941085840165901244e-01,-7.696099343458908670e-01
6.832315830601864981e-01,-1.889449973304654917e-01,-3.021638930234485931e-01,-6.373314472437209277e-01
7.998364879955843776e-01,-1.903943001570126137e-01,-3.044816415239470220e-01,-4.809392195626110422e-01
8.884548914866746694e-01,-1.856012459335018849e-01,-2.968165117554386057e-01,-2.968165117554387167e-01
8.884548914866745584e-01,-1.893478447474808701e-01,-3.727501752814732505e-01,-1.893478447474810367e-01
8.884548914866746694e-01,-2.166898434580588062e-01,-3.921718027931511141e-01,-9.947207964797412372e-02
8.884548914866746694e-01,-2.264344391234399956e-01,-3.992184246402641357e-01,-4.452128615332635015e-17
8.884548914866746694e-01,-2.166898434580588062e-01,-3.921718027931511141e-01,9.947207964797412372e-02
8.884548914866745584e-01,-1.893478447474810367e-01,-3.727501752814733060e-01,1.893478447474808146e-01
8.884548914866746694e-01,-1.856012459335018294e-01,-2.968165117554388832e-01,2.968165117554384391e-01
7.998364879955843776e-01,-1.903943001570126137e-01,-3.044816415239470220e-01,4.809392195626110422e-01
6.832315830601864981e-01,-1.889449973304654917e-01,-3.021638930234485931e-01,6.373314472437209277e-01
5.360770014093572122e-01,-1.839079615563770642e-01,-2.941085840165901244e-01,7.696099343458908670e-01
3.543067373357633443e-01,-1.756877409285153568e-01,-2.809626743522973258e-01,8.744487001458268738e-01
1.309988949563634653e-01,-1.636134761990825914e-01,-2.616533150806144570e-01,9.421292175883246856e-01
1.309988949563632987e-01,-1.600605905012319752e-01,-1.600605905012320584e-01,-9.651945421815260051e-01
3.543067373357631222e-01,-1.721928856633591354e-01,-1.721928856633592464e-01,-9.028654141854903781e-01
5.360770014093572122e-01,-1.807752369582359964e-01,-1.807752369582361629e-01,-8.045259945864641216e-01
6.832315830601864981e-01,-1.866482777519926362e-01,-1.866482777519926917e-01,-6.808226235470598020e-01
7.998364879955843776e-01,-1.898816395691850234e-01,-1.898816395691851622e-01,-5.367974649529612119e-01
8.884548914866745584e-01,-1.893478447474808701e-01,-1.893478447474810367e-01,-3.727501752814732505e-01
9.507405430238866639e-01,-1.789715245978579783e-01,-1.789715245978580893e-01,-1.789715245978581448e-01
9.507405430238866639e-01,-2.084859362822505946e-01,-2.084859362822506779e-01,-9.570605307749238677e-02
9.507405430238866639e-01,-2.191944568763602164e-01,-2.191944568763603274e-01,-4.309776894183220725e-17
9.507405430238866639e-01,-2.084859362822505946e-01,-2.084859362822506779e-01,9.570605307749238677e-02
9.507405430238866639e-01,-1.789715245978581171e-01,-1.789715245978581726e-01,1.789715245978578950e-01
8.884548914866746694e-01,-1.893478447474808701e-01,-1.893478447474809812e-01,3.727501752814730285e-01
7.998364879955843776e-01,-1.898816395691850234e-01,-1.898816395691851622e-01,5.367974649529612119e-01
6.832315830601864981e-01,-1.866482777519926362e-01,-1.866482777519926917e-01,6.808226235470598020e-01
5.360770014093572122e-01,-1.807752369582359964e-01,-1.807752369582361629e-01,8.045259945864641216e-01
3.543067373357631222e-01,-1.721928856633591354e-01,-1.721928856633592464e-01,9.028654141854903781e-01
1.309988949563632987e-01,-1.600605905012319752e-01,-1.600605905012320584e-01,9.651945421815260051e-01
1.309988949563632710e-01,-1.813443295040871872e-01,-8.324662245478288425e-02,-9.710939828496496506e-01
3.543067373357629557e-01,-1.951812117079452513e-01,-8.959848199142153580e-02,-9.101335849750507023e-01
5.360770014093573232e-01,-2.050585121392911603e-01,-9.413268442349803644e-02,-8.134565095211903074e-01
6.832315830601864981e-01,-2.119800359754405727e-01,-9.731002932959682827e-02,-6.919464043181345891e-01
7.998364879955843776e-01,-2.161525187296816364e-01,-9.922541922621651300e-02,-5.510843831003429116e-01
8.884548914866746694e-01,-2.166898434580587784e-01,-9.947207964797410984e-02,-3.921718027931511141e-01
9.507405430238866639e-01,-2.084859362822505946e-01,-9.570605307749238677e-02,-2.084859362822506779e-01
9.507405430238866639e-01,-2.772337114331294150e-01,-9.806602137248518480e-02,-9.806602137248525419e-02
9.507405430238866639e-01,-2.872894445027550092e-01,-1.164353680285487719e-01,-4.578678365741818129e-17
9.507405430238866639e-01,-2.772337114331294150e-01,-9.806602137248518480e-02,9.806602137248525419e-02
9.507405430238866639e-01,-2.084859362822507611e-01,-9.570605307749240065e-02,2.084859362822504836e-01
8.884548914866748914e-01,-2.166898434580587507e-01,-9.947207964797410984e-02,3.921718027931509476e-01
7.998364879955843776e-01,-2.161525187296816364e-01,-9.922541922621651300e-02,5.510843831003429116e-01
6.832315830601864981e-01,-2.119800359754405727e-01,-9.731002932959682827e-02,6.919464043181345891e-01
5.360770014093573232e-01,-2.050585121392911603e-01,-9.413268442349803644e-02,8.134565095211903074e-01
3.543067373357633998e-01,-1.951812117079452791e-01,-8.959848199142154968e-02,9.101335849750505913e-01
1.309988949563632710e-01,-1.813443295040871872e-01,-8.324662245478288425e-02,9.710939828496496506e-01
1.309988949563632987e-01,-1.888227150629364637e-01,-3.712611103729743375e-17,-9.732344382503492763e-01
3.543067373357635663e-01,-2.032645578351272853e-01,-3.996565000995143067e-17,-9.127706477569140775e-01
5.360770014093571012e-01,-2.136069588415286380e-01,-4.199916132784520853e-17,-8.166967097365004369e-01
6.832315830601864981e-01,-2.209143287647170051e-01,-4.343592822884264479e-17,-6.959823728051638403e-01
7.998364879955844886e-01,-2.254495316081571443e-01,-4.432763473929137898e-17,-5.562680119947146506e-01
8.884548914866746694e-01,-2.264344391234399956e-01,-4.452128615332635015e-17,-3.992184246402641357e-01
9.507405430238866639e-01,-2.191944568763602164e-01,-4.309776894183220725e-17,-2.191944568763603274e-01
9.507405430238866639e-01,-2.872894445027550092e-01,-4.578678365741818129e-17,-1.164353680285487719e-01
9.507405430238866639e-01,-3.099877737115532272e-01,-4.664110198964588593e-17,-9.396972125571963344e-16
9.507405430238866639e-01,-2.872894445027550092e-01,-4.578678365741818129e-17,1.164353680285487719e-01
9.507405430238866639e-01,-2.191944568763603829e-01,-4.309776894183222573e-17,2.191944568763601608e-01
8.884548914866746694e-01,-2.264344391234400233e-01,-4.452128615332635631e-17,3.992184246402641357e-01
7.998364879955844886e-01,-2.254495316081571443e-01,-4.432763473929137898e-17,5.562680119947146506e-01
6.832315830601864981e-01,-2.209143287647170051e-01,-4.343592822884264479e-17,6.959823728051638403e-01
5.360770014093571012e-01,-2.136069588415286380e-01,-4.199916132784520853e-17,8.166967097365004369e-01
3.543067373357635663e-01,-2.032645578351273130e-01,-3.996565000995143683e-17,9.127706477569140775e-01
1.309988949563632987e-01,-1.888227150629364637e-01,-3.712611103729743375e-17,9.732344382503492763e-01
1.309988949563632710e-01,-1.813443295040871872e-01,8.324662245478288425e-02,-9.710939828496496506e-01
3.543067373357629557e-01,-1.951812117079452513e-01,8.959848199142153580e-02,-9.101335849750507023e-01
5.360770014093573232e-01,-2.050585121392911603e-01,9.413268442349803644e-02,-8.134565095211903074e-01
6.832315830601864981e-01,-2.119800359754405727e-01,9.731002932959682827e-02,-6.919464043181345891e-01
7.998364879955843776e-01,-2.161525187296816364e-01,9.922541922621651300e-02,-5.510843831003429116e-01
8.884548914866746694e-01,-2.166898434580587784e-01,9.947207964797410984e-02,-3.921718027931511141e-01
9.507405430238866639e-01,-2.084859362822505946e-01,9.570605307749238677e-02,-2.084859362822506779e-01
9.507405430238866639e-01,-2.772337114331294150e-01,9.806602137248518480e-02,-9.806602137248525419e-02
9.507405430238866639e-01,-2.872894445027550092e-01,1.164353680285487719e-01,-4.578678365741818129e-17
9.507405430238866639e-01,-2.772337114331294150e-01,9.806602137248518480e-02,9.806602137248525419e-02
9.507405430238866639e-01,-2.084859362822507611e-01,9.570605307749240065e-02,2.084859362822504836e-01
8.884548914866748914e-01,-2.166898434580587507e-01,9.947207964797410984e-02,3.921718027931509476e-01
7.998364879955843776e-01,-2.161525187296816364e-01,9.922541922621651300e-02,5.510843831003429116e-01
6.832315830601864981e-01,-2.119800359754405727e-01,9.731002932959682827e-02,6.919464043181345891e-01
5.360770014093573232e-01,-2.050585121392911603e-01,9.413268442349803644e-02,8.134565095211903074e-01
3.543067373357633998e-01,-1.951812117079452791e-01,8.959848199142154968e-02,9.101335849750505913e-01
1.309988949563632710e-01,-1.813443295040871872e-01,8.324662245478288425e-02,9.710939828496496506e-01
1.309988949563632987e-01,-1.600605905012320584e-01,1.600605905012319197e-01,-9.651945421815260051e-01
3.543067373357631222e-01,-1.721928856633592464e-01,1.721928856633590799e-01,-9.028654141854903781e-01
5.360770014093572122e-01,-1.807752369582361629e-01,1.807752369582359409e-01,-8.045259945864641216e-01
6.832315830601864981e-01,-1.866482777519926917e-01,1.866482777519925529e-01,-6.808226235470598020e-01
7.998364879955843776e-01,-1.898816395691851622e-01,1.898816395691849679e-01,-5.367974649529612119e-01
8.884548914866745584e-01,-1.893478447474810367e-01,1.893478447474808146e-01,-3.727501752814733060e-01
9.507405430238866639e-01,-1.789715245978581171e-01,1.789715245978578950e-01,-1.789715245978581726e-01
9.507405430238866639e-01,-2.084859362822507611e-01,2.084859362822504836e-01,-9.570605307749240065e-02
9.507405430238866639e-01,-2.191944568763603829e-01,2.191944568763601608e-01,-4.309776894183222573e-17
9.507405430238866639e-01,-2.084859362822507611e-01,2.084859362822504836e-01,9.570605307749240065e-02
9.507405430238866639e-01,-1.789715245978582558e-01,1.789715245978578950e-01,1.789715245978580060e-01
8.884548914866746694e-01,-1.893478447474810089e-01,1.893478447474808146e-01,3.727501752814730840e-01
7.998364879955843776e-01,-1.898816395691851622e-01,1.898816395691849679e-01,5.367974649529612119e-01
6.832315830601864981e-01,-1.866482777519926917e-01,1.866482777519925529e-01,6.808226235470598020e-01
5.360770014093572122e-01,-1.807752369582361629e-01,1.807752369582359409e-01,8.045259945864641216e-01
3.543067373357631222e-01,-1.721928856633592464e-01,1.721928856633590799e-01,9.028654141854903781e-01
1.309988949563632987e-01,-1.600605905012320584e-01,1.600605905012319197e-01,9.651945421815260051e-01
1.309988949563634653e-01,-1.636134761990825914e-01,2.616533150806143460e-01,-9.421292175883246856e-01
3.543067373357631222e-01,-1.756877409285153013e-01,2.809626743522971593e-01,-8.744487001458269848e-01
5.360770014093572122e-01,-1.839079615563770642e-01,2.941085840165900689e-01,-7.696099343458909781e-01
6.832315830601864981e-01,-1.889449973304654640e-01,3.021638930234484821e-01,-6.373314472437209277e-01
7.998364879955843776e-01,-1.903943001570126137e-01,3.044816415239469110e-01,-4.809392195626111532e-01
8.884548914866746694e-01,-1.856012459335018294e-01,2.968165117554384391e-01,-2.968165117554388832e-01
8.884548914866746694e-01,-1.893478447474808701e-01,3.727501752814730285e-01,-1.893478447474809812e-01
8.884548914866748914e-01,-2.166898434580587507e-01,3.921718027931509476e-01,-9.947207964797410984e-02
8.884548914866746694e-01,-2.264344391234400233e-01,3.992184246402641357e-01,-4.452128615332635631e-17
8.884548914866748914e-01,-2.166898434580587507e-01,3.921718027931509476e-01,9.947207964797410984e-02
8.884548914866746694e-01,-1.893478447474810089e-01,3.727501752814730840e-01,1.893478447474808146e-01
8.884548914866746694e-01,-1.856012459335018849e-01,2.968165117554385501e-01,2.968165117554387722e-01
7.998364879955843776e-01,-1.903943001570126137e-01,3.044816415239469110e-01,4.809392195626111532e-01
6.832315830601864981e-01,-1.889449973304654640e-01,3.021638930234484821e-01,6.373314472437209277e-01
5.360770014093572122e-01,-1.839079615563770642e-01,2.941085840165900689e-01,7.696099343458909781e-01
3.543067373357635663e-01,-1.756877409285153568e-01,2.809626743522972148e-01,8.744487001458268738e-01
1.309988949563634653e-01,-1.636134761990825914e-01,2.616533150806143460e-01,9.421292175883246856e-01
1.309988949563634653e-01,-1.638910414285623118e-01,3.570200224727752558e-01,-9.102283887097852855e-01
3.543067373357631777e-01,-1.755181355589367775e-01,3.823484685643742664e-01,-8.351465551356115347e-01
5.360770014093573232e-01,-1.829582803707584249e-01,3.985560699363814852e-01,-7.213187751061199693e-01
6.832315830601864981e-01,-1.866020650205287290e-01,4.064936854778264386e-01,-5.771803504155349485e-01
7.998364879955842666e-01,-1.853121195365282359e-01,4.036836699841653275e-01,-4.036836699841653830e-01
7.998364879955843776e-01,-1.903943001570126137e-01,4.809392195626110422e-01,-3.044816415239470220e-01
7.998364879955842666e-01,-1.898816395691850789e-01,5.367974649529613229e-01,-1.898816395691851899e-01
7.998364879955843776e-01,-2.161525187296816364e-01,5.510843831003429116e-01,-9.922541922621651300e-02
7.998364879955844886e-01,-2.254495316081571443e-01,5.562680119947146506e-01,-4.432763473929137898e-17
7.998364879955843776e-01,-2.161525187296816364e-01,5.510843831003429116e-01,9.922541922621651300e-02
7.998364879955843776e-01,-1.898816395691851622e-01,5.367974649529612119e-01,1.898816395691849679e-01
7.998364879955843776e-01,-1.903943001570126137e-01,4.809392195626111532e-01,3.044816415239469110e-01
7.998364879955842666e-01,-1.853121195365282359e-01,4.036836699841653275e-01,4.036836699841653830e-01
6.832315830601864981e-01,-1.866020650205287290e-01,4.064936854778264386e-01,5.771803504155349485e-01
5.360770014093573232e-01,-1.829582803707584249e-01,3.985560699363814852e-01,7.213187751061199693e-01
3.543067373357636218e-01,-1.755181355589368053e-01,3.823484685643742664e-01,8.351465551356114236e-01
1.309988949563634653e-01,-1.638910414285623118e-01,3.570200224727752558e-01,9.102283887097852855e-01
1.309988949563632987e-01,-1.628796933540020975e-01,4.478596948598949634e-01,-8.693280098634345032e-01
3.543067373357630112e-01,-1.738139090235081008e-01,4.779247962389485682e-01,-7.847568732087754073e-01
5.360770014093569902e-01,-1.801451882645582758e-01,4.953335028160588682e-01,-6.594041861355238732e-01
6.832315830601862761e-01,-1.818641478753018070e-01,5.000600142116253810e-01,-5.000600142116256031e-01
6.832315830601864981e-01,-1.866020650205287290e-01,5.771803504155349485e-01,-4.064936854778264386e-01
6.832315830601864981e-01,-1.889449973304654640e-01,6.373314472437209277e-01,-3.021638930234485376e-01
6.832315830601864981e-01,-1.866482777519926362e-01,6.808226235470598020e-01,-1.866482777519926917e-01
6.832315830601864981e-01,-2.119800359754405727e-01,6.919464043181345891e-01,-9.731002932959682827e-02
6.832315830601864981e-01,-2.209143287647170051e-01,6.959823728051638403e-01,-4.343592822884264479e-17
6.832315830601864981e-01,-2.119800359754405727e-01,6.919464043181345891e-01,9.731002932959682827e-02
6.832315830601864981e-01,-1.866482777519926917e-01,6.808226235470598020e-01,1.866482777519925529e-01
6.832315830601864981e-01,-1.889449973304654640e-01,6.373314472437209277e-01,3.021638930234484821e-01
6.832315830601864981e-01,-1.866020650205287290e-01,5.771803504155349485e-01,4.064936854778264386e-01
6.832315830601862761e-01,-1.818641478753018070e-01,5.000600142116253810e-01,5.000600142116256031e-01
5.360770014093569902e-01,-1.801451882645582758e-01,4.953335028160588682e-01,6.594041861355238732e-01
3.543067373357631777e-01,-1.738139090235081563e-01,4.779247962389486792e-01,7.847568732087751853e-01
1.309988949563632987e-01,-1.628796933540020975e-01,4.478596948598949634e-01,8.693280098634345032e-01
1.309988949563630489e-01,-1.610900316382040398e-01,5.343214366873393351e-01,-8.193838499283420118e-01
3.543067373357629557e-01,-1.711131070651777386e-01,5.675670944583569577e-01,-7.232251611753330867e-01
5.360770014093573232e-01,-1.760068507101184565e-01,5.837992108007075132e-01,-5.837992108007078462e-01
5.360770014093569902e-01,-1.801451882645582758e-01,6.594041861355238732e-01,-4.953335028160588682e-01
5.360770014093573232e-01,-1.829582803707583971e-01,7.213187751061199693e-01,-3.985560699363814297e-01
5.360770014093571012e-01,-1.839079615563771197e-01,7.696099343458910891e-01,-2.941085840165902354e-01
5.360770014093572122e-01,-1.807752369582359964e-01,8.045259945864641216e-01,-1.807752369582361629e-01
5.360770014093573232e-01,-2.050585121392911603e-01,8.134565095211903074e-01,-9.413268442349803644e-02
5.360770014093571012e-01,-2.136069588415286380e-01,8.166967097365004369e-01,-4.199916132784520853e-17
5.360770014093573232e-01,-2.050585121392911603e-01,8.134565095211903074e-01,9.413268442349803644e-02
5.360770014093572122e-01,-1.807752369582361629e-01,8.045259945864641216e-01,1.807752369582359409e-01
5.360770014093573232e-01,-1.839079615563770642e-01,7.696099343458909781e-01,2.941085840165900689e-01
5.360770014093573232e-01,-1.829582803707583971e-01,7.213187751061199693e-01,3.985560699363814297e-01
5.360770014093569902e-01,-1.801451882645582758e-01,6.594041861355238732e-01,4.953335028160588682e-01
5.360770014093573232e-01,-1.760068507101184565e-01,5.837992108007075132e-01,5.837992108007078462e-01
3.543067373357633998e-01,-1.711131070651777386e-01,5.675670944583570687e-01,7.232251611753327536e-01
1.309988949563630489e-01,-1.610900316382040398e-01,5.343214366873393351e-01,8.193838499283420118e-01
1.309988949563630489e-01,-1.586887825467748203e-01,6.160187961681269364e-01,-7.603801697714150931e-01
3.543067373357629557e-01,-1.675795222726468303e-01,6.505320282635427276e-01,-6.505320282635431717e-01
3.543067373357633998e-01,-1.711131070651777386e-01,7.232251611753327536e-01,-5.675670944583570687e-01
3.543067373357629557e-01,-1.738139090235081285e-01,7.847568732087751853e-01,-4.779247962389486792e-01
3.543067373357636218e-01,-1.755181355589368053e-01,8.351465551356114236e-01,-3.823484685643742664e-01
3.543067373357635663e-01,-1.756877409285153568e-01,8.744487001458268738e-01,-2.809626743522973258e-01
3.543067373357629557e-01,-1.721928856633591631e-01,9.028654141854904891e-01,-1.721928856633592742e-01
3.543067373357631777e-01,-1.951812117079452791e-01,9.101335849750507023e-01,-8.959848199142154968e-02
3.543067373357635663e-01,-2.032645578351273130e-01,9.127706477569140775e-01,-3.996565000995143683e-17
3.543067373357631777e-01,-1.951812117079452791e-01,9.101335849750507023e-01,8.959848199142154968e-02
3.543067373357631222e-01,-1.721928856633592464e-01,9.028654141854903781e-01,1.721928856633590799e-01
3.543067373357635663e-01,-1.756877409285153568e-01,8.744487001458268738e-01,2.809626743522972148e-01
3.543067373357636218e-01,-1.755181355589368053e-01,8.351465551356114236e-01,3.823484685643742664e-01
3.543067373357629557e-01,-1.738139090235081285e-01,7.847568732087751853e-01,4.779247962389486792e-01
3.543067373357633998e-01,-1.711131070651777386e-01,7.232251611753327536e-01,5.675670944583570687e-01
3.543067373357633443e-01,-1.675795222726468303e-01,6.505320282635428386e-01,6.505320282635429496e-01
1.309988949563630489e-01,-1.586887825467748203e-01,6.160187961681269364e-01,7.603801697714150931e-01
1.309988949563637151e-01,-1.557314668798931989e-01,6.923102627231695338e-01,-6.923102627231698669e-01
1.309988949563628546e-01,-1.586887825467748203e-01,7.603801697714149821e-01,-6.160187961681270474e-01
1.309988949563630489e-01,-1.610900316382040398e-01,8.193838499283420118e-01,-5.343214366873393351e-01
1.309988949563630489e-01,-1.628796933540020975e-01,8.693280098634345032e-01,-4.478596948598949634e-01
1.309988949563636873e-01,-1.638910414285623118e-01,9.102283887097852855e-01,-3.570200224727752558e-01
1.309988949563634653e-01,-1.636134761990825914e-01,9.421292175883246856e-01,-2.616533150806144570e-01
1.309988949563632987e-01,-1.600605905012319752e-01,9.651945421815260051e-01,-1.600605905012320584e-01
1.309988949563632710e-01,-1.813443295040871872e-01,9.710939828496496506e-01,-8.324662245478288425e-02
1.309988949563632987e-01,-1.888227150629364637e-01,9.732344382503492763e-01,-3.712611103729743375e-17
1.309988949563632710e-01,-1.813443295040871872e-01,9.710939828496496506e-01,8.324662245478288425e-02
1.309988949563632987e-01,-1.600605905012320584e-01,9.651945421815260051e-01,1.600605905012319197e-01
1.309988949563634653e-01,-1.636134761990825914e-01,9.421292175883246856e-01,2.616533150806143460e-01
1.309988949563636873e-01,-1.638910414285623118e-01,9.102283887097852855e-01,3.570200224727752558e-01
1.309988949563630489e-01,-1.628796933540020975e-01,8.693280098634345032e-01,4.478596948598949634e-01
1.309988949563630489e-01,-1.610900316382040398e-01,8.193838499283420118e-01,5.343214366873393351e-01
1.309988949563630489e-01,-1.586887825467748203e-01,7.603801697714150931e-01,6.160187961681269364e-01
1.309988949563637151e-01,-1.557314668798931989e-01,6.923102627231695338e-01,6.923102627231698669e-01
1.309988949563615224e-01,-7.820905789873446035e-02,-6.988285314663404968e-01,-6.988285314663408299e-01
1.309988949563632987e-01,-7.974794730874217030e-02,-7.668847389933719505e-01,-6.231912639947079224e-01
1.309988949563630489e-01,-8.104304222584161888e-02,-8.258674059004377233e-01,-5.424152861952489246e-01
1.309988949563630489e-01,-8.209554501627919221e-02,-8.757769657602738622e-01,-4.572901893244815663e-01
1.309988949563632710e-01,-8.289031578367629660e-02,-9.166144513529956850e-01,-3.684921066187724636e-01
1.309988949563630489e-01,-8.336467508276558525e-02,-9.483828481542888600e-01,-2.765132796003040294e-01
1.309988949563632710e-01,-8.324662245478288425e-02,-9.710939828496496506e-01,-1.813443295040871872e-01
1.309988949563634653e-01,-8.043098180520939777e-02,-9.848355212175847750e-01,-8.043098180520946716e-02
1.309988949563634653e-01,-9.473783855995782099e-02,-9.868454952347905929e-01,-3.725449570660203928e-17
1.309988949563634653e-01,-8.043098180520939777e-02,-9.848355212175847750e-01,8.043098180520946716e-02
1.309988949563632710e-01,-8.324662245478291200e-02,-9.710939828496496506e-01,1.813443295040871039e-01
1.309988949563632987e-01,-8.336467508276558525e-02,-9.483828481542888600e-01,2.765132796003039184e-01
1.309988949563632710e-01,-8.289031578367629660e-02,-9.166144513529956850e-01,3.684921066187724636e-01
1.309988949563630489e-01,-8.209554501627919221e-02,-8.757769657602738622e-01,4.572901893244815663e-01
1.309988949563630489e-01,-8.104304222584161888e-02,-8.258674059004377233e-01,5.424152861952489246e-01
1.309988949563632710e-01,-7.974794730874214255e-02,-7.668847389933720615e-01,6.231912639947077004e-01
1.309988949563615224e-01,-7.820905789873446035e-02,-6.988285314663404968e-01,6.988285314663408299e-01
1.309988949563632987e-01,-7.974794730874217030e-02,-6.231912639947079224e-01,-7.668847389933719505e-01
3.543067373357631222e-01,-8.427215318672941213e-02,-6.585457235742097071e-01,-6.585457235742098181e-01
3.543067373357627892e-01,-8.613856839223701933e-02,-7.312129679488610368e-01,-5.765192784436967699e-01
3.543067373357631777e-01,-8.765701890443101940e-02,-7.927020523383546680e-01,-4.882688185147964210e-01
3.543067373357633443e-01,-8.881892285836402723e-02,-8.430142491382779379e-01,-3.948479588026154175e-01
3.543067373357629557e-01,-8.956242146561342599e-02,-8.821532364849810071e-01,-2.970706580912623185e-01
3.543067373357630112e-01,-8.959848199142153580e-02,-9.101335849750507023e-01,-1.951812117079452513e-01
3.543067373357633443e-01,-8.666133554898361457e-02,-9.270632997375203299e-01,-8.666133554898365621e-02
3.543067373357635663e-01,-1.020923738352333271e-01,-9.295396081303761715e-01,-4.014657670614269289e-17
3.543067373357633443e-01,-8.666133554898361457e-02,-9.270632997375203299e-01,8.666133554898365621e-02
3.543067373357629557e-01,-8.959848199142156355e-02,-9.101335849750507023e-01,1.951812117079451681e-01
3.543067373357631222e-01,-8.956242146561338435e-02,-8.821532364849810071e-01,2.970706580912621519e-01
3.543067373357633443e-01,-8.881892285836402723e-02,-8.430142491382779379e-01,3.948479588026154175e-01
3.543067373357631777e-01,-8.765701890443101940e-02,-7.927020523383546680e-01,4.882688185147964210e-01
3.543067373357627892e-01,-8.613856839223701933e-02,-7.312129679488610368e-01,5.765192784436967699e-01
3.543067373357633998e-01,-8.427215318672942601e-02,-6.585457235742100401e-01,6.585457235742094850e-01
1.309988949563632987e-01,-7.974794730874217030e-02,-6.231912639947079224e-01,7.668847389933719505e-01
1.309988949563630489e-01,-8.104304222584161888e-02,-5.424152861952489246e-01,-8.258674059004377233e-01
3.543067373357627892e-01,-8.613856839223701933e-02,-5.765192784436967699e-01,-7.312129679488610368e-01
5.360770014093571012e-01,-8.869270822628665119e-02,-5.936139537053686244e-01,-5.936139537053687354e-01
5.360770014093571012e-01,-9.093463858816520917e-02,-6.691665517884748393e-01,-5.065258789364216474e-01
5.360770014093573232e-01,-9.266365726033148897e-02,-7.309859335737761699e-01,-4.119398743753349135e-01
5.360770014093572122e-01,-9.382799258772753226e-02,-7.790766184448372211e-01,-3.112191815416699980e-01
5.360770014093573232e-01,-9.413268442349803644e-02,-8.134565095211903074e-01,-2.050585121392911603e-01
5.360770014093573232e-01,-9.119899513969004223e-02,-8.342583143912764010e-01,-9.119899513969008387e-02
5.360770014093569902e-01,-1.074639259555114079e-01,-8.373009931787854798e-01,-4.225887384574906574e-17
5.360770014093573232e-01,-9.119899513969004223e-02,-8.342583143912764010e-01,9.119899513969008387e-02
5.360770014093572122e-01,-9.413268442349806420e-02,-8.134565095211903074e-01,2.050585121392910493e-01
5.360770014093572122e-01,-9.382799258772751838e-02,-7.790766184448373322e-01,3.112191815416698315e-01
5.360770014093573232e-01,-9.266365726033148897e-02,-7.309859335737761699e-01,4.119398743753349135e-01
5.360770014093571012e-01,-9.093463858816520917e-02,-6.691665517884748393e-01,5.065258789364216474e-01
5.360770014093571012e-01,-8.869270822628665119e-02,-5.936139537053686244e-01,5.936139537053687354e-01
3.543067373357633443e-01,-8.613856839223699158e-02,-5.765192784436967699e-01,7.312129679488607037e-01
1.309988949563630489e-01,-8.104304222584161888e-02,-5.424152861952489246e-01,8.258674059004377233e-01
1.309988949563630489e-01,-8.209554501627919221e-02,-4.572901893244815663e-01,-8.757769657602738622e-01
3.543067373357631777e-01,-8.765701890443101940e-02,-4.882688185147964210e-01,-7.927020523383546680e-01
5.360770014093571012e-01,-9.093463858816520917e-02,-5.065258789364216474e-01,-6.691665517884748393e-01
6.832315830601864981e-01,-9.195687175368637278e-02,-5.122199418444909336e-01,-5.122199418444911556e-01
6.832315830601864981e-01,-9.465157485549950678e-02,-5.892216887100713008e-01,-4.207772389757994391e-01
6.832315830601867201e-01,-9.652982768815518422e-02,-6.491230762052513370e-01,-3.201809304337125961e-01
6.832315830601866091e-01,-9.731002932959684215e-02,-6.919464043181347002e-01,-2.119800359754406005e-01
6.832315830601866091e-01,-9.454091917570911496e-02,-7.178569726010158858e-01,-9.454091917570917047e-02
6.832315830601864981e-01,-1.114465850460271135e-01,-7.216469099155418121e-01,-4.382500579728789461e-17
6.832315830601866091e-01,-9.454091917570911496e-02,-7.178569726010158858e-01,9.454091917570917047e-02
6.832315830601864981e-01,-9.731002932959685603e-02,-6.919464043181348112e-01,2.119800359754405172e-01
6.832315830601864981e-01,-9.652982768815515646e-02,-6.491230762052515590e-01,3.201809304337123741e-01
6.832315830601864981e-01,-9.465157485549950678e-02,-5.892216887100713008e-01,4.207772389757994391e-01
6.832315830601864981e-01,-9.195687175368637278e-02,-5.122199418444909336e-01,5.122199418444911556e-01
5.360770014093571012e-01,-9.093463858816520917e-02,-5.065258789364216474e-01,6.691665517884748393e-01
3.543067373357631777e-01,-8.765701890443101940e-02,-4.882688185147964210e-01,7.927020523383546680e-01
1.309988949563630489e-01,-8.209554501627919221e-02,-4.572901893244815663e-01,8.757769657602738622e-01
1.309988949563632710e-01,-8.289031578367629660e-02,-3.684921066187724636e-01,-9.166144513529956850e-01
3.543067373357633443e-01,-8.881892285836402723e-02,-3.948479588026154175e-01,-8.430142491382779379e-01
5.360770014093572122e-01,-9.266365726033148897e-02,-4.119398743753349135e-01,-7.309859335737761699e-01
6.832315830601864981e-01,-9.465157485549950678e-02,-4.207772389757994391e-01,-5.892216887100713008e-01
7.998364879955843776e-01,-9.428532489133387151e-02,-4.191490605864606755e-01,-4.191490605864606755e-01
7.998364879955843776e-01,-9.752958906806735717e-02,-4.960838939556686533e-01,-3.234970508132712363e-01
7.998364879955843776e-01,-9.922541922621651300e-02,-5.510843831003429116e-01,-2.161525187296816364e-01
7.998364879955843776e-01,-9.690632908085630715e-02,-5.843628318425418966e-01,-9.690632908085639041e-02
7.998364879955843776e-01,-1.143199341357474391e-01,-5.892304686029803396e-01,-4.495491516564241045e-17
7.998364879955843776e-01,-9.690632908085630715e-02,-5.843628318425418966e-01,9.690632908085639041e-02
7.998364879955843776e-01,-9.922541922621652688e-02,-5.510843831003429116e-01,2.161525187296815809e-01
7.998364879955843776e-01,-9.752958906806739880e-02,-4.960838939556688754e-01,3.234970508132712363e-01
7.998364879955843776e-01,-9.428532489133387151e-02,-4.191490605864606755e-01,4.191490605864606755e-01
6.832315830601864981e-01,-9.465157485549950678e-02,-4.207772389757994391e-01,5.892216887100713008e-01
5.360770014093572122e-01,-9.266365726033148897e-02,-4.119398743753349135e-01,7.309859335737761699e-01
3.543067373357635663e-01,-8.881892285836404111e-02,-3.948479588026154175e-01,8.430142491382778269e-01
1.309988949563632710e-01,-8.289031578367629660e-02,-3.684921066187724636e-01,9.166144513529956850e-01
1.309988949563632987e-01,-8.336467508276558525e-02,-2.765132796003040294e-01,-9.483828481542888600e-01
3.543067373357629557e-01,-8.956242146561342599e-02,-2.970706580912623185e-01,-8.821532364849810071e-01
5.360770014093573232e-01,-9.382799258772753226e-02,-3.112191815416699980e-01,-7.790766184448372211e-01
6.832315830601867201e-01,-9.652982768815518422e-02,-3.201809304337125961e-01,-6.491230762052513370e-01
7.998364879955843776e-01,-9.752958906806735717e-02,-3.234970508132712363e-01,-4.960838939556686533e-01
8.884548914866746694e-01,-9.569267614970547453e-02,-3.174041725660743940e-01,-3.174041725660745050e-01
8.884548914866746694e-01,-9.947207964797412372e-02,-3.921718027931511141e-01,-2.166898434580588062e-01
8.884548914866746694e-01,-9.828518683412956758e-02,-4.374105050080092094e-01,-9.828518683412963697e-02
8.884548914866746694e-01,-1.161353745793188980e-01,-4.440275673477069307e-01,-4.566881490452889973e-17
8.884548914866746694e-01,-9.828518683412956758e-02,-4.374105050080092094e-01,9.828518683412963697e-02
8.884548914866746694e-01,-9.947207964797415147e-02,-3.921718027931512252e-01,2.166898434580586952e-01
8.884548914866746694e-01,-9.569267614970546065e-02,-3.174041725660746160e-01,3.174041725660743385e-01
7.998364879955843776e-01,-9.752958906806735717e-02,-3.234970508132712363e-01,4.960838939556686533e-01
6.832315830601867201e-01,-9.652982768815518422e-02,-3.201809304337125961e-01,6.491230762052513370e-01
5.360770014093573232e-01,-9.382799258772753226e-02,-3.112191815416699980e-01,7.790766184448372211e-01
3.543067373357635663e-01,-8.956242146561341211e-02,-2.970706580912623185e-01,8.821532364849808960e-01
1.309988949563632987e-01,-8.336467508276558525e-02,-2.765132796003040294e-01,9.483828481542888600e-01
1.309988949563632710e-01,-8.324662245478288425e-02,-1.813443295040871872e-01,-9.710939828496496506e-01
3.543067373357629557e-01,-8.959848199142153580e-02,-1.951812117079452513e-01,-9.101335849750507023e-01
5.360770014093573232e-01,-9.413268442349803644e-02,-2.050585121392911603e-01,-8.134565095211903074e-01
6.832315830601864981e-01,-9.731002932959682827e-02,-2.119800359754405727e-01,-6.919464043181345891e-01
7.998364879955843776e-01,-9.922541922621651300e-02,-2.161525187296816364e-01,-5.510843831003429116e-01
8.884548914866746694e-01,-9.947207964797410984e-02,-2.166898434580587784e-01,-3.921718027931511141e-01
9.507405430238866639e-01,-9.570605307749238677e-02,-2.084859362822505946e-01,-2.084859362822506779e-01
9.507405430238866639e-01,-9.806602137248518480e-02,-2.772337114331294150e-01,-9.806602137248525419e-02
9.507405430238866639e-01,-1.164353680285487719e-01,-2.872894445027550092e-01,-4.578678365741818129e-17
9.507405430238866639e-01,-9.806602137248518480e-02,-2.772337114331294150e-01,9.806602137248525419e-02
9.507405430238866639e-01,-9.570605307749240065e-02,-2.084859362822507611e-01,2.084859362822504836e-01
8.884548914866748914e-01,-9.947207964797410984e-02,-2.166898434580587507e-01,3.921718027931509476e-01
7.998364879955843776e-01,-9.922541922621651300e-02,-2.161525187296816364e-01,5.510843831003429116e-01
6.832315830601864981e-01,-9.731002932959682827e-02,-2.119800359754405727e-01,6.919464043181345891e-01
5.360770014093573232e-01,-9.413268442349803644e-02,-2.050585121392911603e-01,8.134565095211903074e-01
3.543067373357633998e-01,-8.959848199142154968e-02,-1.951812117079452791e-01,9.101335849750505913e-01
1.309988949563632710e-01,-8.324662245478288425e-02,-1.813443295040871872e-01,9.710939828496496506e-01
1.309988949563634653e-01,-8.043098180520939777e-02,-8.043098180520946716e-02,-9.848355212175847750e-01
3.543067373357631777e-01,-8.666133554898361457e-02,-8.666133554898367009e-02,-9.270632997375203299e-01
5.360770014093573232e-01,-9.119899513969004223e-02,-9.119899513969008387e-02,-8.342583143912764010e-01
6.832315830601864981e-01,-9.454091917570910109e-02,-9.454091917570915660e-02,-7.178569726010157748e-01
7.998364879955843776e-01,-9.690632908085630715e-02,-9.690632908085639041e-02,-5.843628318425418966e-01
8.884548914866746694e-01,-9.828518683412956758e-02,-9.828518683412963697e-02,-4.374105050080092094e-01
9.507405430238866639e-01,-9.806602137248518480e-02,-9.806602137248525419e-02,-2.772337114331294150e-01
9.877310665252150290e-01,-9.016159607608481563e-02,-9.016159607608487114e-02,-9.016159607608488502e-02
9.877310665252150290e-01,-1.104249523906649377e-01,-1.104249523906649377e-01,-4.342326125728735831e-17
9.877310665252150290e-01,-9.016159607608481563e-02,-9.016159607608487114e-02,9.016159607608488502e-02
9.507405430238867750e-01,-9.806602137248510154e-02,-9.806602137248517093e-02,2.772337114331290264e-01
8.884548914866747804e-01,-9.828518683412955370e-02,-9.828518683412963697e-02,4.374105050080089319e-01
7.998364879955843776e-01,-9.690632908085630715e-02,-9.690632908085639041e-02,5.843628318425418966e-01
6.832315830601864981e-01,-9.454091917570910109e-02,-9.454091917570915660e-02,7.178569726010157748e-01
5.360770014093573232e-01,-9.119899513969004223e-02,-9.119899513969008387e-02,8.342583143912764010e-01
3.543067373357631777e-01,-8.666133554898361457e-02,-8.666133554898365621e-02,9.270632997375203299e-01
1.309988949563634653e-01,-8.043098180520939777e-02,-8.043098180520946716e-02,9.848355212175847750e-01
1.309988949563634653e-01,-9.473783855995782099e-02,-3.725449570660203928e-17,-9.868454952347905929e-01
3.543067373357635663e-01,-1.020923738352333271e-01,-4.014657670614269289e-17,-9.295396081303761715e-01
5.360770014093569902e-01,-1.074639259555114079e-01,-4.225887384574906574e-17,-8.373009931787854798e-01
6.832315830601864981e-01,-1.114465850460271135e-01,-4.382500579728789461e-17,-7.216469099155418121e-01
7.998364879955843776e-01,-1.143199341357474391e-01,-4.495491516564241045e-17,-5.892304686029803396e-01
8.884548914866746694e-01,-1.161353745793188980e-01,-4.566881490452889973e-17,-4.440275673477069307e-01
9.507405430238866639e-01,-1.164353680285487719e-01,-4.578678365741818129e-17,-2.872894445027550092e-01
9.877310665252150290e-01,-1.104249523906649377e-01,-4.342326125728735831e-17,-1.104249523906649377e-01
9.877310665252150290e-01,-1.561644652952816903e-01,-4.699335503324262963e-17,-9.467941975996195063e-16
9.877310665252150290e-01,-1.104249523906649377e-01,-4.342326125728735831e-17,1.104249523906649377e-01
9.507405430238867750e-01,-1.164353680285487025e-01,-4.578678365741814431e-17,2.872894445027546206e-01
8.884548914866747804e-01,-1.161353745793188980e-01,-4.566881490452889973e-17,4.440275673477067087e-01
7.998364879955843776e-01,-1.143199341357474391e-01,-4.495491516564241045e-17,5.892304686029803396e-01
6.832315830601864981e-01,-1.114465850460271135e-01,-4.382500579728789461e-17,7.216469099155418121e-01
5.360770014093569902e-01,-1.074639259555114079e-01,-4.225887384574906574e-17,8.373009931787854798e-01
3.543067373357635663e-01,-1.020923738352333410e-01,-4.014657670614269905e-17,9.295396081303761715e-01
1.309988949563634653e-01,-9.473783855995782099e-02,-3.725449570660203928e-17,9.868454952347905929e-01
1.309988949563634653e-01,-8.043098180520939777e-02,8.043098180520946716e-02,-9.848355212175847750e-01
3.543067373357631777e-01,-8.666133554898361457e-02,8.666133554898367009e-02,-9.270632997375203299e-01
5.360770014093573232e-01,-9.119899513969004223e-02,9.119899513969008387e-02,-8.342583143912764010e-01
6.832315830601864981e-01,-9.454091917570910109e-02,9.454091917570915660e-02,-7.178569726010157748e-01
7.998364879955843776e-01,-9.690632908085630715e-02,9.690632908085639041e-02,-5.843628318425418966e-01
8.884548914866746694e-01,-9.828518683412956758e-02,9.828518683412963697e-02,-4.374105050080092094e-01
9.507405430238866639e-01,-9.806602137248518480e-02,9.806602137248525419e-02,-2.772337114331294150e-01
9.877310665252150290e-01,-9.016159607608481563e-02,9.016159607608487114e-02,-9.016159607608488502e-02
9.877310665252150290e-01,-1.104249523906649377e-01,1.104249523906649377e-01,-4.342326125728735831e-17
9.877310665252150290e-01,-9.016159607608481563e-02,9.016159607608487114e-02,9.016159607608488502e-02
9.507405430238867750e-01,-9.806602137248510154e-02,9.806602137248517093e-02,2.772337114331290264e-01
8.884548914866747804e-01,-9.828518683412955370e-02,9.828518683412963697e-02,4.374105050080089319e-01
7.998364879955843776e-01,-9.690632908085630715e-02,9.690632908085639041e-02,5.843628318425418966e-01
6.832315830601864981e-01,-9.454091917570910109e-02,9.454091917570915660e-02,7.178569726010157748e-01
5.360770014093573232e-01,-9.119899513969004223e-02,9.119899513969008387e-02,8.342583143912764010e-01
3.543067373357631777e-01,-8.666133554898361457e-02,8.666133554898365621e-02,9.270632997375203299e-01
1.309988949563634653e-01,-8.043098180520939777e-02,8.043098180520946716e-02,9.848355212175847750e-01
1.309988949563632710e-01,-8.324662245478291200e-02,1.813443295040871039e-01,-9.710939828496496506e-01
3.543067373357629557e-01,-8.959848199142156355e-02,1.951812117079451681e-01,-9.101335849750507023e-01
5.360770014093572122e-01,-9.413268442349806420e-02,2.050585121392910493e-01,-8.134565095211903074e-01
6.832315830601864981e-01,-9.731002932959685603e-02,2.119800359754405172e-01,-6.919464043181348112e-01
7.998364879955843776e-01,-9.922541922621652688e-02,2.161525187296815809e-01,-5.510843831003429116e-01
8.884548914866746694e-01,-9.947207964797415147e-02,2.166898434580586952e-01,-3.921718027931512252e-01
9.507405430238866639e-01,-9.570605307749240065e-02,2.084859362822504836e-01,-2.084859362822507611e-01
9.507405430238867750e-01,-9.806602137248510154e-02,2.772337114331290264e-01,-9.806602137248517093e-02
9.507405430238867750e-01,-1.164353680285487025e-01,2.872894445027546206e-01,-4.578678365741814431e-17
9.507405430238867750e-01,-9.806602137248510154e-02,2.772337114331290264e-01,9.806602137248517093e-02
9.507405430238867750e-01,-9.570605307749231738e-02,2.084859362822503170e-01,2.084859362822504003e-01
8.884548914866748914e-01,-9.947207964797413760e-02,2.166898434580586674e-01,3.921718027931509476e-01
7.998364879955843776e-01,-9.922541922621652688e-02,2.161525187296815809e-01,5.510843831003429116e-01
6.832315830601864981e-01,-9.731002932959685603e-02,2.119800359754405172e-01,6.919464043181348112e-01
5.360770014093572122e-01,-9.413268442349806420e-02,2.050585121392910493e-01,8.134565095211903074e-01
3.543067373357633998e-01,-8.959848199142159131e-02,1.951812117079452236e-01,9.101335849750505913e-01
1.309988949563632710e-01,-8.324662245478291200e-02,1.813443295040871039e-01,9.710939828496496506e-01
1.309988949563632987e-01,-8.336467508276558525e-02,2.765132796003039184e-01,-9.483828481542888600e-01
3.543067373357629557e-01,-8.956242146561339823e-02,2.970706580912622075e-01,-8.821532364849810071e-01
5.360770014093573232e-01,-9.382799258772751838e-02,3.112191815416698315e-01,-7.790766184448373322e-01
6.832315830601864981e-01,-9.652982768815515646e-02,3.201809304337123741e-01,-6.491230762052515590e-01
7.998364879955842666e-01,-9.752958906806738493e-02,3.234970508132711808e-01,-4.960838939556688199e-01
8.884548914866746694e-01,-9.569267614970546065e-02,3.174041725660743385e-01,-3.174041725660746160e-01
8.884548914866748914e-01,-9.947207964797410984e-02,3.921718027931509476e-01,-2.166898434580587507e-01
8.884548914866747804e-01,-9.828518683412955370e-02,4.374105050080089319e-01,-9.828518683412963697e-02
8.884548914866747804e-01,-1.161353745793188980e-01,4.440275673477067087e-01,-4.566881490452889973e-17
8.884548914866747804e-01,-9.828518683412955370e-02,4.374105050080089319e-01,9.828518683412963697e-02
8.884548914866748914e-01,-9.947207964797413760e-02,3.921718027931509476e-01,2.166898434580586674e-01
8.884548914866747804e-01,-9.569267614970544678e-02,3.174041725660742830e-01,3.174041725660743385e-01
7.998364879955842666e-01,-9.752958906806738493e-02,3.234970508132711808e-01,4.960838939556688199e-01
6.832315830601864981e-01,-9.652982768815515646e-02,3.201809304337123741e-01,6.491230762052515590e-01
5.360770014093573232e-01,-9.382799258772751838e-02,3.112191815416698315e-01,7.790766184448373322e-01
3.543067373357635663e-01,-8.956242146561341211e-02,2.970706580912622630e-01,8.821532364849808960e-01
1.309988949563632987e-01,-8.336467508276558525e-02,2.765132796003039184e-01,9.483828481542888600e-01
1.309988949563632710e-01,-8.289031578367629660e-02,3.684921066187724636e-01,-9.166144513529956850e-01
3.543067373357633443e-01,-8.881892285836402723e-02,3.948479588026154175e-01,-8.430142491382779379e-01
5.360770014093572122e-01,-9.266365726033148897e-02,4.119398743753349135e-01,-7.309859335737761699e-01
6.832315830601864981e-01,-9.465157485549950678e-02,4.207772389757994391e-01,-5.892216887100713008e-01
7.998364879955843776e-01,-9.428532489133387151e-02,4.191490605864606755e-01,-4.191490605864606755e-01
7.998364879955843776e-01,-9.752958906806735717e-02,4.960838939556686533e-01,-3.234970508132712363e-01
7.998364879955843776e-01,-9.922541922621651300e-02,5.510843831003429116e-01,-2.161525187296816364e-01
7.998364879955843776e-01,-9.690632908085630715e-02,5.843628318425418966e-01,-9.690632908085639041e-02
7.998364879955843776e-01,-1.143199341357474391e-01,5.892304686029803396e-01,-4.495491516564241045e-17
7.998364879955843776e-01,-9.690632908085630715e-02,5.843628318425418966e-01,9.690632908085639041e-02
7.998364879955843776e-01,-9.922541922621652688e-02,5.510843831003429116e-01,2.161525187296815809e-01
7.998364879955843776e-01,-9.752958906806739880e-02,4.960838939556688754e-01,3.234970508132712363e-01
7.998364879955843776e-01,-9.428532489133387151e-02,4.191490605864606755e-01,4.191490605864606755e-01
6.832315830601864981e-01,-9.465157485549950678e-02,4.207772389757994391e-01,5.892216887100713008e-01
5.360770014093572122e-01,-9.266365726033148897e-02,4.119398743753349135e-01,7.309859335737761699e-01
3.543067373357635663e-01,-8.881892285836404111e-02,3.948479588026154175e-01,8.430142491382778269e-01
1.309988949563632710e-01,-8.289031578367629660e-02,3.684921066187724636e-01,9.166144513529956850e-01
1.309988949563630489e-01,-8.209554501627919221e-02,4.572901893244815663e-01,-8.757769657602738622e-01
3.543067373357631777e-01,-8.765701890443101940e-02,4.882688185147964210e-01,-7.927020523383546680e-01
5.360770014093571012e-01,-9.093463858816520917e-02,5.065258789364216474e-01,-6.691665517884748393e-01
6.832315830601864981e-01,-9.195687175368637278e-02,5.122199418444909336e-01,-5.122199418444911556e-01
6.832315830601864981e-01,-9.465157485549950678e-02,5.892216887100713008e-01,-4.207772389757994391e-01
6.832315830601867201e-01,-9.652982768815518422e-02,6.491230762052513370e-01,-3.201809304337125961e-01
6.832315830601866091e-01,-9.731002932959684215e-02,6.919464043181347002e-01,-2.119800359754406005e-01
6.832315830601866091e-01,-9.454091917570911496e-02,7.178569726010158858e-01,-9.454091917570917047e-02
6.832315830601864981e-01,-1.114465850460271135e-01,7.216469099155418121e-01,-4.382500579728789461e-17
6.832315830601866091e-01,-9.454091917570911496e-02,7.178569726010158858e-01,9.454091917570917047e-02
6.832315830601864981e-01,-9.731002932959685603e-02,6.919464043181348112e-01,2.119800359754405172e-01
6.832315830601864981e-01,-9.652982768815515646e-02,6.491230762052515590e-01,3.201809304337123741e-01
6.832315830601864981e-01,-9.465157485549950678e-02,5.892216887100713008e-01,4.207772389757994391e-01
6.832315830601864981e-01,-9.195687175368637278e-02,5.122199418444909336e-01,5.122199418444911556e-01
5.360770014093571012e-01,-9.093463858816520917e-02,5.065258789364216474e-01,6.691665517884748393e-01
3.543067373357631777e-01,-8.765701890443101940e-02,4.882688185147964210e-01,7.927020523383546680e-01
1.309988949563630489e-01,-8.209554501627919221e-02,4.572901893244815663e-01,8.757769657602738622e-01
1.309988949563630489e-01,-8.104304222584161888e-02,5.424152861952489246e-01,-8.258674059004377233e-01
3.543067373357627892e-01,-8.613856839223701933e-02,5.765192784436967699e-01,-7.312129679488610368e-01
5.360770014093571012e-01,-8.869270822628665119e-02,5.936139537053686244e-01,-5.936139537053687354e-01
5.360770014093571012e-01,-9.093463858816520917e-02,6.691665517884748393e-01,-5.065258789364216474e-01
5.360770014093573232e-01,-9.266365726033148897e-02,7.309859335737761699e-01,-4.119398743753349135e-01
5.360770014093572122e-01,-9.382799258772753226e-02,7.790766184448372211e-01,-3.112191815416699980e-01
5.360770014093573232e-01,-9.413268442349803644e-02,8.134565095211903074e-01,-2.050585121392911603e-01
5.360770014093573232e-01,-9.119899513969004223e-02,8.342583143912764010e-01,-9.119899513969008387e-02
5.360770014093569902e-01,-1.074639259555114079e-01,8.373009931787854798e-01,-4.225887384574906574e-17
5.360770014093573232e-01,-9.119899513969004223e-02,8.342583143912764010e-01,9.119899513969008387e-02
5.360770014093572122e-01,-9.413268442349806420e-02,8.134565095211903074e-01,2.050585121392910493e-01
5.360770014093572122e-01,-9.382799258772751838e-02,7.790766184448373322e-01,3.112191815416698315e-01
5.360770014093573232e-01,-9.266365726033148897e-02,7.309859335737761699e-01,4.119398743753349135e-01
5.360770014093571012e-01,-9.093463858816520917e-02,6.691665517884748393e-01,5.065258789364216474e-01
5.360770014093571012e-01,-8.869270822628665119e-02,5.936139537053686244e-01,5.936139537053687354e-01
3.543067373357633443e-01,-8.613856839223699158e-02,5.765192784436967699e-01,7.312129679488607037e-01
1.309988949563630489e-01,-8.104304222584161888e-02,5.424152861952489246e-01,8.258674059004377233e-01
1.309988949563632710e-01,-7.974794730874214255e-02,6.231912639947077004e-01,-7.668847389933720615e-01
3.543067373357633998e-01,-8.427215318672942601e-02,6.585457235742094850e-01,-6.585457235742100401e-01
3.543067373357633443e-01,-8.613856839223699158e-02,7.312129679488607037e-01,-5.765192784436967699e-01
3.543067373357631777e-01,-8.765701890443101940e-02,7.927020523383546680e-01,-4.882688185147964210e-01
3.543067373357635663e-01,-8.881892285836404111e-02,8.430142491382778269e-01,-3.948479588026154175e-01
3.543067373357635663e-01,-8.956242146561341211e-02,8.821532364849808960e-01,-2.970706580912623185e-01
3.543067373357631777e-01,-8.959848199142154968e-02,9.101335849750507023e-01,-1.951812117079452791e-01
3.543067373357633443e-01,-8.666133554898360070e-02,9.270632997375203299e-01,-8.666133554898365621e-02
3.543067373357635663e-01,-1.020923738352333410e-01,9.295396081303761715e-01,-4.014657670614269905e-17
3.543067373357633443e-01,-8.666133554898360070e-02,9.270632997375203299e-01,8.666133554898365621e-02
3.543067373357631777e-01,-8.959848199142159131e-02,9.101335849750507023e-01,1.951812117079452513e-01
3.543067373357635663e-01,-8.956242146561341211e-02,8.821532364849808960e-01,2.970706580912622630e-01
3.543067373357635663e-01,-8.881892285836404111e-02,8.430142491382778269e-01,3.948479588026154175e-01
3.543067373357631777e-01,-8.765701890443101940e-02,7.927020523383546680e-01,4.882688185147964210e-01
3.543067373357633443e-01,-8.613856839223699158e-02,7.312129679488607037e-01,5.765192784436967699e-01
3.543067373357633443e-01,-8.427215318672941213e-02,6.585457235742094850e-01,6.585457235742098181e-01
1.309988949563632710e-01,-7.974794730874214255e-02,6.231912639947077004e-01,7.668847389933720615e-01
1.309988949563615224e-01,-7.820905789873446035e-02,6.988285314663404968e-01,-6.988285314663408299e-01
1.309988949563632987e-01,-7.974794730874217030e-02,7.668847389933719505e-01,-6.231912639947079224e-01
1.309988949563630489e-01,-8.104304222584161888e-02,8.258674059004377233e-01,-5.424152861952489246e-01
1.309988949563630489e-01,-8.209554501627919221e-02,8.757769657602738622e-01,-4.572901893244815663e-01
1.309988949563632710e-01,-8.289031578367629660e-02,9.166144513529956850e-01,-3.684921066187724636e-01
1.309988949563630489e-01,-8.336467508276558525e-02,9.483828481542888600e-01,-2.765132796003040294e-01
1.309988949563632710e-01,-8.324662245478288425e-02,9.710939828496496506e-01,-1.813443295040871872e-01
1.309988949563634653e-01,-8.043098180520939777e-02,9.848355212175847750e-01,-8.043098180520946716e-02
1.309988949563634653e-01,-9.473783855995782099e-02,9.868454952347905929e-01,-3.725449570660203928e-17
1.309988949563634653e-01,-8.043098180520939777e-02,9.848355212175847750e-01,8.043098180520946716e-02
1.309988949563632710e-01,-8.324662245478291200e-02,9.710939828496496506e-01,1.813443295040871039e-01
1.309988949563632987e-01,-8.336467508276558525e-02,9.483828481542888600e-01,2.765132796003039184e-01
1.309988949563632710e-01,-8.289031578367629660e-02,9.166144513529956850e-01,3.684921066187724636e-01
1.309988949563630489e-01,-8.209554501627919221e-02,8.757769657602738622e-01,4.572901893244815663e-01
1.309988949563630489e-01,-8.104304222584161888e-02,8.258674059004377233e-01,5.424152861952489246e-01
1.309988949563632710e-01,-7.974794730874214255e-02,7.668847389933720615e-01,6.231912639947077004e-01
1.309988949563615224e-01,-7.820905789873446035e-02,6.988285314663404968e-01,6.988285314663408299e-01
1.309988949563626048e-01,-3.445811266978992003e-17,-7.010132985615220580e-01,-7.010132985615223911e-01
1.309988949563628546e-01,-3.514410586088920904e-17,-7.690685834837290846e-01,-6.255979566930685021e-01
1.309988949563628269e-01,-3.572798070176712705e-17,-8.280498304163081968e-01,-5.451355499944349203e-01
1.309988949563630212e-01,-3.621467677002388493e-17,-8.779570393592597277e-01,-4.604679430315804511e-01
1.309988949563632710e-01,-3.660807018070986585e-17,-9.187902103125837883e-01,-3.723759376677952537e-01
1.309988949563632987e-01,-3.691114427136140995e-17,-9.505493432762802675e-01,-2.815940970923290765e-01
1.309988949563632987e-01,-3.712611103729743375e-17,-9.732344382503492763e-01,-1.888227150629364637e-01
1.309988949563634653e-01,-3.725449570660203928e-17,-9.868454952347905929e-01,-9.473783855995782099e-02
1.309988949563632987e-01,-3.729112635903550246e-17,-9.913825142296044390e-01,-7.513194585428772208e-16
1.309988949563634653e-01,-3.725449570660203928e-17,-9.868454952347905929e-01,9.473783855995782099e-02
1.309988949563632987e-01,-3.712611103729743991e-17,-9.732344382503492763e-01,1.888227150629363804e-01
1.309988949563632987e-01,-3.691114427136140378e-17,-9.505493432762803785e-01,2.815940970923289099e-01
1.309988949563632710e-01,-3.660807018070986585e-17,-9.187902103125837883e-01,3.723759376677952537e-01
1.309988949563630212e-01,-3.621467677002388493e-17,-8.779570393592597277e-01,4.604679430315804511e-01
1.309988949563628269e-01,-3.572798070176712705e-17,-8.280498304163081968e-01,5.451355499944349203e-01
1.309988949563626326e-01,-3.514410586088921521e-17,-7.690685834837291956e-01,6.255979566930683911e-01
1.309988949563626048e-01,-3.445811266978992003e-17,-7.010132985615220580e-01,7.010132985615223911e-01
1.309988949563628546e-01,-3.514410586088920904e-17,-6.255979566930685021e-01,-7.690685834837290846e-01
3.543067373357627337e-01,-3.714615152547984225e-17,-6.612362421549830005e-01,-6.612362421549831115e-01
3.543067373357629557e-01,-3.798217760133125925e-17,-7.339017371066520745e-01,-5.795299613914065562e-01
3.543067373357629557e-01,-3.867547151862603640e-17,-7.953879251426797525e-01,-4.917568346405666868e-01
3.543067373357631777e-01,-3.923360063390638487e-17,-8.456948062630658125e-01,-3.990827364571939984e-01
3.543067373357629557e-01,-3.966227149165166038e-17,-8.848223804678108095e-01,-3.025823704411136905e-01
3.543067373357635663e-01,-3.996565000995143067e-17,-9.127706477569140775e-01,-2.032645578351272853e-01
3.543067373357635663e-01,-4.014657670614269289e-17,-9.295396081303761715e-01,-1.020923738352333271e-01
3.543067373357629557e-01,-4.020016544617657237e-17,-9.351292615881970915e-01,-8.099290497573652217e-16
3.543067373357635663e-01,-4.014657670614269289e-17,-9.295396081303761715e-01,1.020923738352333271e-01
3.543067373357633998e-01,-3.996565000995143683e-17,-9.127706477569141885e-01,2.032645578351271742e-01
3.543067373357631777e-01,-3.966227149165166038e-17,-8.848223804678108095e-01,3.025823704411136905e-01
3.543067373357631777e-01,-3.923360063390638487e-17,-8.456948062630658125e-01,3.990827364571939984e-01
3.543067373357629557e-01,-3.867547151862603640e-17,-7.953879251426797525e-01,4.917568346405666868e-01
3.543067373357629557e-01,-3.798217760133125925e-17,-7.339017371066520745e-01,5.795299613914065562e-01
3.543067373357625671e-01,-3.714615152547984225e-17,-6.612362421549832225e-01,6.612362421549831115e-01
1.309988949563628546e-01,-3.514410586088920904e-17,-6.255979566930685021e-01,7.690685834837290846e-01
1.309988949563628269e-01,-3.572798070176712705e-17,-5.451355499944349203e-01,-8.280498304163081968e-01
3.543067373357629557e-01,-3.798217760133125925e-17,-5.795299613914065562e-01,-7.339017371066520745e-01
5.360770014093567681e-01,-3.912176261252817769e-17,-5.969176863521268306e-01,-5.969176863521272747e-01
5.360770014093567681e-01,-4.013414365552618855e-17,-6.724667256405055804e-01,-5.103037835116349674e-01
5.360770014093568792e-01,-4.094384064017578380e-17,-7.342795759673605982e-01,-4.164792346289857838e-01
5.360770014093571012e-01,-4.156270092436359062e-17,-7.823562373326921060e-01,-3.170806939354470222e-01
5.360770014093571012e-01,-4.199916132784521469e-17,-8.166967097365005479e-01,-2.136069588415286657e-01
5.360770014093571012e-01,-4.225887384574907191e-17,-8.373009931787855908e-01,-1.074639259555114218e-01
5.360770014093571012e-01,-4.233820368957757286e-17,-8.441690876595472348e-01,-8.530049740378552933e-16
5.360770014093571012e-01,-4.225887384574907191e-17,-8.373009931787855908e-01,1.074639259555114218e-01
5.360770014093571012e-01,-4.199916132784522085e-17,-8.166967097365005479e-01,2.136069588415285547e-01
5.360770014093571012e-01,-4.156270092436359062e-17,-7.823562373326922170e-01,3.170806939354468557e-01
5.360770014093568792e-01,-4.094384064017578380e-17,-7.342795759673605982e-01,4.164792346289857838e-01
5.360770014093567681e-01,-4.013414365552618855e-17,-6.724667256405055804e-01,5.103037835116349674e-01
5.360770014093567681e-01,-3.912176261252817769e-17,-5.969176863521268306e-01,5.969176863521272747e-01
3.543067373357630112e-01,-3.798217760133126541e-17,-5.795299613914066672e-01,7.339017371066520745e-01
1.309988949563628269e-01,-3.572798070176712705e-17,-5.451355499944349203e-01,8.280498304163081968e-01
1.309988949563630212e-01,-3.621467677002388493e-17,-4.604679430315804511e-01,-8.779570393592597277e-01
3.543067373357629557e-01,-3.867547151862603640e-17,-4.917568346405666868e-01,-7.953879251426797525e-01
5.360770014093567681e-01,-4.013414365552618855e-17,-5.103037835116349674e-01,-6.724667256405055804e-01
6.832315830601862761e-01,-4.060813904727890835e-17,-5.163306130325180376e-01,-5.163306130325180376e-01
6.832315830601862761e-01,-4.184345555731004544e-17,-5.933242243636519531e-01,-4.256300843365546371e-01
6.832315830601864981e-01,-4.277960270638244285e-17,-6.532081442878672206e-01,-3.263644039184918633e-01
6.832315830601864981e-01,-4.343592822884264479e-17,-6.959823728051638403e-01,-2.209143287647170051e-01
6.832315830601864981e-01,-4.382500579728789461e-17,-7.216469099155418121e-01,-1.114465850460271135e-01
6.832315830601864981e-01,-4.394678428644748909e-17,-7.302017556190011360e-01,-8.854137002164909922e-16
6.832315830601864981e-01,-4.382500579728789461e-17,-7.216469099155418121e-01,1.114465850460271135e-01
6.832315830601864981e-01,-4.343592822884265095e-17,-6.959823728051638403e-01,2.209143287647168385e-01
6.832315830601864981e-01,-4.277960270638242436e-17,-6.532081442878672206e-01,3.263644039184915857e-01
6.832315830601862761e-01,-4.184345555731004544e-17,-5.933242243636519531e-01,4.256300843365546371e-01
6.832315830601862761e-01,-4.060813904727890835e-17,-5.163306130325180376e-01,5.163306130325180376e-01
5.360770014093567681e-01,-4.013414365552618855e-17,-5.103037835116349674e-01,6.724667256405055804e-01
3.543067373357629557e-01,-3.867547151862604256e-17,-4.917568346405666868e-01,7.953879251426797525e-01
1.309988949563630212e-01,-3.621467677002388493e-17,-4.604679430315804511e-01,8.779570393592597277e-01
1.309988949563632710e-01,-3.660807018070986585e-17,-3.723759376677952537e-01,-9.187902103125837883e-01
3.543067373357631777e-01,-3.923360063390638487e-17,-3.990827364571939984e-01,-8.456948062630658125e-01
5.360770014093567681e-01,-4.094384064017577764e-17,-4.164792346289857283e-01,-7.342795759673604872e-01
6.832315830601862761e-01,-4.184345555731004544e-17,-4.256300843365546371e-01,-5.933242243636519531e-01
7.998364879955841555e-01,-4.172431446650430553e-17,-4.244181855616520060e-01,-4.244181855616520060e-01
7.998364879955842666e-01,-4.326196029188433825e-17,-5.013305843142719098e-01,-3.300442965754754043e-01
7.998364879955844886e-01,-4.432763473929137898e-17,-5.562680119947146506e-01,-2.254495316081571443e-01
7.998364879955843776e-01,-4.495491516564241045e-17,-5.892304686029803396e-01,-1.143199341357474391e-01
7.998364879955843776e-01,-4.515472736203199040e-17,-6.002179541390688655e-01,-9.097506196423337476e-16
7.998364879955843776e-01,-4.495491516564241045e-17,-5.892304686029803396e-01,1.143199341357474391e-01
7.998364879955843776e-01,-4.432763473929139747e-17,-5.562680119947147617e-01,2.254495316081570333e-01
7.998364879955842666e-01,-4.326196029188433825e-17,-5.013305843142720208e-01,3.300442965754751823e-01
7.998364879955841555e-01,-4.172431446650430553e-17,-4.244181855616520060e-01,4.244181855616520060e-01
6.832315830601862761e-01,-4.184345555731004544e-17,-4.256300843365546371e-01,5.933242243636519531e-01
5.360770014093567681e-01,-4.094384064017577764e-17,-4.164792346289857283e-01,7.342795759673604872e-01
3.543067373357633443e-01,-3.923360063390637254e-17,-3.990827364571939428e-01,8.456948062630658125e-01
1.309988949563632710e-01,-3.660807018070986585e-17,-3.723759376677952537e-01,9.187902103125837883e-01
1.309988949563632987e-01,-3.691114427136140995e-17,-2.815940970923290765e-01,-9.505493432762802675e-01
3.543067373357629557e-01,-3.966227149165166038e-17,-3.025823704411136905e-01,-8.848223804678108095e-01
5.360770014093571012e-01,-4.156270092436359062e-17,-3.170806939354470222e-01,-7.823562373326921060e-01
6.832315830601864981e-01,-4.277960270638244285e-17,-3.263644039184918633e-01,-6.532081442878672206e-01
7.998364879955842666e-01,-4.326196029188433825e-17,-3.300442965754754043e-01,-5.013305843142719098e-01
8.884548914866745584e-01,-4.254000506209949639e-17,-3.245365201278596623e-01,-3.245365201278597178e-01
8.884548914866746694e-01,-4.452128615332635015e-17,-3.992184246402641357e-01,-2.264344391234399956e-01
8.884548914866746694e-01,-4.566881490452889973e-17,-4.440275673477069307e-01,-1.161353745793188980e-01
8.884548914866746694e-01,-4.603748090578267843e-17,-4.589639482501878809e-01,-9.275358135818263380e-16
8.884548914866746694e-01,-4.566881490452889973e-17,-4.440275673477069307e-01,1.161353745793188980e-01
8.884548914866746694e-01,-4.452128615332636863e-17,-3.992184246402641912e-01,2.264344391234399123e-01
8.884548914866745584e-01,-4.254000506209950871e-17,-3.245365201278598288e-01,3.245365201278596068e-01
7.998364879955842666e-01,-4.326196029188433825e-17,-3.300442965754754043e-01,5.013305843142719098e-01
6.832315830601864981e-01,-4.277960270638244285e-17,-3.263644039184918633e-01,6.532081442878672206e-01
5.360770014093571012e-01,-4.156270092436359062e-17,-3.170806939354470222e-01,7.823562373326921060e-01
3.543067373357629557e-01,-3.966227149165166038e-17,-3.025823704411136905e-01,8.848223804678108095e-01
1.309988949563632987e-01,-3.691114427136140995e-17,-2.815940970923290765e-01,9.505493432762802675e-01
1.309988949563632987e-01,-3.712611103729743375e-17,-1.888227150629364637e-01,-9.732344382503492763e-01
3.543067373357635663e-01,-3.996565000995143067e-17,-2.032645578351272853e-01,-9.127706477569140775e-01
5.360770014093571012e-01,-4.199916132784520853e-17,-2.136069588415286380e-01,-8.166967097365004369e-01
6.832315830601864981e-01,-4.343592822884264479e-17,-2.209143287647170051e-01,-6.959823728051638403e-01
7.998364879955844886e-01,-4.432763473929137898e-17,-2.254495316081571443e-01,-5.562680119947146506e-01
8.884548914866746694e-01,-4.452128615332635015e-17,-2.264344391234399956e-01,-3.992184246402641357e-01
9.507405430238866639e-01,-4.309776894183220725e-17,-2.191944568763602164e-01,-2.191944568763603274e-01
9.507405430238866639e-01,-4.578678365741818129e-17,-2.872894445027550092e-01,-1.164353680285487719e-01
9.507405430238866639e-01,-4.664110198964588593e-17,-3.099877737115532272e-01,-9.396972125571963344e-16
9.507405430238866639e-01,-4.578678365741818129e-17,-2.872894445027550092e-01,1.164353680285487719e-01
9.507405430238866639e-01,-4.309776894183222573e-17,-2.191944568763603829e-01,2.191944568763601608e-01
8.884548914866746694e-01,-4.452128615332635631e-17,-2.264344391234400233e-01,3.992184246402641357e-01
7.998364879955844886e-01,-4.432763473929137898e-17,-2.254495316081571443e-01,5.562680119947146506e-01
6.832315830601864981e-01,-4.343592822884264479e-17,-2.209143287647170051e-01,6.959823728051638403e-01
5.360770014093571012e-01,-4.199916132784520853e-17,-2.136069588415286380e-01,8.166967097365004369e-01
3.543067373357635663e-01,-3.996565000995143683e-17,-2.032645578351273130e-01,9.127706477569140775e-01
1.309988949563632987e-01,-3.712611103729743375e-17,-1.888227150629364637e-01,9.732344382503492763e-01
1.309988949563634653e-01,-3.725449570660203928e-17,-9.473783855995782099e-02,-9.868454952347905929e-01
3.543067373357635663e-01,-4.014657670614269289e-17,-1.020923738352333271e-01,-9.295396081303761715e-01
5.360770014093569902e-01,-4.225887384574906574e-17,-1.074639259555114079e-01,-8.373009931787854798e-01
6.832315830601864981e-01,-4.382500579728789461e-17,-1.114465850460271135e-01,-7.216469099155418121e-01
7.998364879955843776e-01,-4.495491516564241045e-17,-1.143199341357474391e-01,-5.892304686029803396e-01
8.884548914866746694e-01,-4.566881490452889973e-17,-1.161353745793188980e-01,-4.440275673477069307e-01
9.507405430238866639e-01,-4.578678365741818129e-17,-1.164353680285487719e-01,-2.872894445027550092e-01
9.877310665252150290e-01,-4.342326125728735831e-17,-1.104249523906649377e-01,-1.104249523906649377e-01
9.877310665252150290e-01,-4.699335503324262963e-17,-1.561644652952816903e-01,-9.467941975996195063e-16
9.877310665252150290e-01,-4.342326125728735831e-17,-1.104249523906649377e-01,1.104249523906649377e-01
9.507405430238867750e-01,-4.578678365741814431e-17,-1.164353680285487025e-01,2.872894445027546206e-01
8.884548914866747804e-01,-4.566881490452889973e-17,-1.161353745793188980e-01,4.440275673477067087e-01
7.998364879955843776e-01,-4.495491516564241045e-17,-1.143199341357474391e-01,5.892304686029803396e-01
6.832315830601864981e-01,-4.382500579728789461e-17,-1.114465850460271135e-01,7.216469099155418121e-01
5.360770014093569902e-01,-4.225887384574906574e-17,-1.074639259555114079e-01,8.373009931787854798e-01
3.543067373357635663e-01,-4.014657670614269905e-17,-1.020923738352333410e-01,9.295396081303761715e-01
1.309988949563634653e-01,-3.725449570660203928e-17,-9.473783855995782099e-02,9.868454952347905929e-01
1.309988949563632987e-01,-3.729112635903550246e-17,-7.513194585428772208e-16,-9.913825142296044390e-01
3.543067373357629557e-01,-4.020016544617657237e-17,-8.099290497573652217e-16,-9.351292615881970915e-01
5.360770014093571012e-01,-4.233820368957757286e-17,-8.530049740378552933e-16,-8.441690876595472348e-01
6.832315830601864981e-01,-4.394678428644748909e-17,-8.854137002164909922e-16,-7.302017556190011360e-01
7.998364879955843776e-01,-4.515472736203199040e-17,-9.097506196423337476e-16,-6.002179541390688655e-01
8.884548914866746694e-01,-4.603748090578267843e-17,-9.275358135818263380e-16,-4.589639482501878809e-01
9.507405430238866639e-01,-4.664110198964588593e-17,-9.396972125571963344e-16,-3.099877737115532272e-01
9.877310665252150290e-01,-4.699335503324262963e-17,-9.467941975996195063e-16,-1.561644652952816903e-01
1.000000000000000000e+00,0.000000000000000000e+00,0.000000000000000000e+00,0.000000000000000000e+00
9.877310665252150290e-01,-4.699335503324262963e-17,-9.467941975996195063e-16,1.561644652952816903e-01
9.507405430238867750e-01,-4.664110198964587360e-17,-9.396972125571961372e-16,3.099877737115528387e-01
8.884548914866747804e-01,-4.603748090578266611e-17,-9.275358135818261407e-16,4.589639482501876588e-01
7.998364879955843776e-01,-4.515472736203199040e-17,-9.097506196423337476e-16,6.002179541390688655e-01
6.832315830601864981e-01,-4.394678428644748909e-17,-8.854137002164909922e-16,7.302017556190011360e-01
5.360770014093571012e-01,-4.233820368957757286e-17,-8.530049740378552933e-16,8.441690876595472348e-01
3.543067373357637329e-01,-4.020016544617657854e-17,-8.099290497573653203e-16,9.351292615881967585e-01
1.309988949563632987e-01,-3.729112635903550246e-17,-7.513194585428772208e-16,9.913825142296044390e-01
1.309988949563634653e-01,-3.725449570660203928e-17,9.473783855995782099e-02,-9.868454952347905929e-01
3.543067373357635663e-01,-4.014657670614269289e-17,1.020923738352333271e-01,-9.295396081303761715e-01
5.360770014093569902e-01,-4.225887384574906574e-17,1.074639259555114079e-01,-8.373009931787854798e-01
6.832315830601864981e-01,-4.382500579728789461e-17,1.114465850460271135e-01,-7.216469099155418121e-01
7.998364879955843776e-01,-4.495491516564241045e-17,1.143199341357474391e-01,-5.892304686029803396e-01
8.884548914866746694e-01,-4.566881490452889973e-17,1.161353745793188980e-01,-4.440275673477069307e-01
9.507405430238866639e-01,-4.578678365741818129e-17,1.164353680285487719e-01,-2.872894445027550092e-01
9.877310665252150290e-01,-4.342326125728735831e-17,1.104249523906649377e-01,-1.104249523906649377e-01
9.877310665252150290e-01,-4.699335503324262963e-17,1.561644652952816903e-01,-9.467941975996195063e-16
9.877310665252150290e-01,-4.342326125728735831e-17,1.104249523906649377e-01,1.104249523906649377e-01
9.507405430238867750e-01,-4.578678365741814431e-17,1.164353680285487025e-01,2.872894445027546206e-01
8.884548914866747804e-01,-4.566881490452889973e-17,1.161353745793188980e-01,4.440275673477067087e-01
7.998364879955843776e-01,-4.495491516564241045e-17,1.143199341357474391e-01,5.892304686029803396e-01
6.832315830601864981e-01,-4.382500579728789461e-17,1.114465850460271135e-01,7.216469099155418121e-01
5.360770014093569902e-01,-4.225887384574906574e-17,1.074639259555114079e-01,8.373009931787854798e-01
3.543067373357635663e-01,-4.014657670614269905e-17,1.020923738352333410e-01,9.295396081303761715e-01
1.309988949563634653e-01,-3.725449570660203928e-17,9.473783855995782099e-02,9.868454952347905929e-01
1.309988949563632987e-01,-3.712611103729743991e-17,1.888227150629363804e-01,-9.732344382503492763e-01
3.543067373357633998e-01,-3.996565000995143683e-17,2.032645578351271742e-01,-9.127706477569141885e-01
5.360770014093571012e-01,-4.199916132784522085e-17,2.136069588415285547e-01,-8.166967097365005479e-01
6.832315830601864981e-01,-4.343592822884265095e-17,2.209143287647168385e-01,-6.959823728051638403e-01
7.998364879955843776e-01,-4.432763473929139747e-17,2.254495316081570333e-01,-5.562680119947147617e-01
8.884548914866746694e-01,-4.452128615332636863e-17,2.264344391234399123e-01,-3.992184246402641912e-01
9.507405430238866639e-01,-4.309776894183222573e-17,2.191944568763601608e-01,-2.191944568763603829e-01
9.507405430238867750e-01,-4.578678365741814431e-17,2.872894445027546206e-01,-1.164353680285487025e-01
9.507405430238867750e-01,-4.664110198964587360e-17,3.099877737115528387e-01,-9.396972125571961372e-16
9.507405430238867750e-01,-4.578678365741814431e-17,2.872894445027546206e-01,1.164353680285487025e-01
9.507405430238867750e-01,-4.309776894183218259e-17,2.191944568763599943e-01,2.191944568763600498e-01
8.884548914866746694e-01,-4.452128615332636863e-17,2.264344391234399123e-01,3.992184246402641912e-01
7.998364879955843776e-01,-4.432763473929139747e-17,2.254495316081570333e-01,5.562680119947147617e-01
6.832315830601864981e-01,-4.343592822884265095e-17,2.209143287647168385e-01,6.959823728051638403e-01
5.360770014093571012e-01,-4.199916132784522085e-17,2.136069588415285547e-01,8.166967097365005479e-01
3.543067373357633998e-01,-3.996565000995143683e-17,2.032645578351271742e-01,9.127706477569141885e-01
1.309988949563632987e-01,-3.712611103729743991e-17,1.888227150629363804e-01,9.732344382503492763e-01
1.309988949563632987e-01,-3.691114427136140378e-17,2.815940970923289099e-01,-9.505493432762803785e-01
3.543067373357631777e-01,-3.966227149165166038e-17,3.025823704411136905e-01,-8.848223804678108095e-01
5.360770014093571012e-01,-4.156270092436359062e-17,3.170806939354468557e-01,-7.823562373326922170e-01
6.832315830601864981e-01,-4.277960270638242436e-17,3.263644039184915857e-01,-6.532081442878672206e-01
7.998364879955842666e-01,-4.326196029188433825e-17,3.300442965754751823e-01,-5.013305843142720208e-01
8.884548914866745584e-01,-4.254000506209950871e-17,3.245365201278596068e-01,-3.245365201278598288e-01
8.884548914866746694e-01,-4.452128615332635631e-17,3.992184246402641357e-01,-2.264344391234400233e-01
8.884548914866747804e-01,-4.566881490452889973e-17,4.440275673477067087e-01,-1.161353745793188980e-01
8.884548914866747804e-01,-4.603748090578266611e-17,4.589639482501876588e-01,-9.275358135818261407e-16
8.884548914866747804e-01,-4.566881490452889973e-17,4.440275673477067087e-01,1.161353745793188980e-01
8.884548914866746694e-01,-4.452128615332636863e-17,3.992184246402641912e-01,2.264344391234399123e-01
8.884548914866746694e-01,-4.254000506209948406e-17,3.245365201278594403e-01,3.245365201278596068e-01
7.998364879955842666e-01,-4.326196029188433825e-17,3.300442965754751823e-01,5.013305843142720208e-01
6.832315830601864981e-01,-4.277960270638242436e-17,3.263644039184915857e-01,6.532081442878672206e-01
5.360770014093571012e-01,-4.156270092436359062e-17,3.170806939354468557e-01,7.823562373326922170e-01
3.543067373357631777e-01,-3.966227149165166038e-17,3.025823704411136905e-01,8.848223804678108095e-01
1.309988949563632987e-01,-3.691114427136140378e-17,2.815940970923289099e-01,9.505493432762803785e-01
1.309988949563632710e-01,-3.660807018070986585e-17,3.723759376677952537e-01,-9.187902103125837883e-01
3.543067373357631777e-01,-3.923360063390638487e-17,3.990827364571939984e-01,-8.456948062630658125e-01
5.360770014093567681e-01,-4.094384064017577764e-17,4.164792346289857283e-01,-7.342795759673604872e-01
6.832315830601862761e-01,-4.184345555731004544e-17,4.256300843365546371e-01,-5.933242243636519531e-01
7.998364879955841555e-01,-4.172431446650430553e-17,4.244181855616520060e-01,-4.244181855616520060e-01
7.998364879955842666e-01,-4.326196029188433825e-17,5.013305843142719098e-01,-3.300442965754754043e-01
7.998364879955844886e-01,-4.432763473929137898e-17,5.562680119947146506e-01,-2.254495316081571443e-01
7.998364879955843776e-01,-4.495491516564241045e-17,5.892304686029803396e-01,-1.143199341357474391e-01
7.998364879955843776e-01,-4.515472736203199040e-17,6.002179541390688655e-01,-9.097506196423337476e-16
7.998364879955843776e-01,-4.495491516564241045e-17,5.892304686029803396e-01,1.143199341357474391e-01
7.998364879955843776e-01,-4.432763473929139747e-17,5.562680119947147617e-01,2.254495316081570333e-01
7.998364879955842666e-01,-4.326196029188433825e-17,5.013305843142720208e-01,3.300442965754751823e-01
7.998364879955841555e-01,-4.172431446650430553e-17,4.244181855616520060e-01,4.244181855616520060e-01
6.832315830601862761e-01,-4.184345555731004544e-17,4.256300843365546371e-01,5.933242243636519531e-01
5.360770014093567681e-01,-4.094384064017577764e-17,4.164792346289857283e-01,7.342795759673604872e-01
3.543067373357633443e-01,-3.923360063390637254e-17,3.990827364571939428e-01,8.456948062630658125e-01
1.309988949563632710e-01,-3.660807018070986585e-17,3.723759376677952537e-01,9.187902103125837883e-01
1.309988949563630212e-01,-3.621467677002388493e-17,4.604679430315804511e-01,-8.779570393592597277e-01
3.543067373357629557e-01,-3.867547151862603640e-17,4.917568346405666868e-01,-7.953879251426797525e-01
5.360770014093567681e-01,-4.013414365552618855e-17,5.103037835116349674e-01,-6.724667256405055804e-01
6.832315830601862761e-01,-4.060813904727890835e-17,5.163306130325180376e-01,-5.163306130325180376e-01
6.832315830601862761e-01,-4.184345555731004544e-17,5.933242243636519531e-01,-4.256300843365546371e-01
6.832315830601864981e-01,-4.277960270638244285e-17,6.532081442878672206e-01,-3.263644039184918633e-01
6.832315830601864981e-01,-4.343592822884264479e-17,6.959823728051638403e-01,-2.209143287647170051e-01
6.832315830601864981e-01,-4.382500579728789461e-17,7.216469099155418121e-01,-1.114465850460271135e-01
6.832315830601864981e-01,-4.394678428644748909e-17,7.302017556190011360e-01,-8.854137002164909922e-16
6.832315830601864981e-01,-4.382500579728789461e-17,7.216469099155418121e-01,1.114465850460271135e-01
6.832315830601864981e-01,-4.343592822884265095e-17,6.959823728051638403e-01,2.209143287647168385e-01
6.832315830601864981e-01,-4.277960270638242436e-17,6.532081442878672206e-01,3.263644039184915857e-01
6.832315830601862761e-01,-4.184345555731004544e-17,5.933242243636519531e-01,4.256300843365546371e-01
6.832315830601862761e-01,-4.060813904727890835e-17,5.163306130325180376e-01,5.163306130325180376e-01
5.360770014093567681e-01,-4.013414365552618855e-17,5.103037835116349674e-01,6.724667256405055804e-01
3.543067373357629557e-01,-3.867547151862604256e-17,4.917568346405666868e-01,7.953879251426797525e-01
1.309988949563630212e-01,-3.621467677002388493e-17,4.604679430315804511e-01,8.779570393592597277e-01
1.309988949563628269e-01,-3.572798070176712705e-17,5.451355499944349203e-01,-8.280498304163081968e-01
3.543067373357629557e-01,-3.798217760133125925e-17,5.795299613914065562e-01,-7.339017371066520745e-01
5.360770014093567681e-01,-3.912176261252817769e-17,5.969176863521268306e-01,-5.969176863521272747e-01
5.360770014093567681e-01,-4.013414365552618855e-17,6.724667256405055804e-01,-5.103037835116349674e-01
5.360770014093568792e-01,-4.094384064017578380e-17,7.342795759673605982e-01,-4.164792346289857838e-01
5.360770014093571012e-01,-4.156270092436359062e-17,7.823562373326921060e-01,-3.170806939354470222e-01
5.360770014093571012e-01,-4.199916132784521469e-17,8.166967097365005479e-01,-2.136069588415286657e-01
5.360770014093571012e-01,-4.225887384574907191e-17,8.373009931787855908e-01,-1.074639259555114218e-01
5.360770014093571012e-01,-4.233820368957757286e-17,8.441690876595472348e-01,-8.530049740378552933e-16
5.360770014093571012e-01,-4.225887384574907191e-17,8.373009931787855908e-01,1.074639259555114218e-01
5.360770014093571012e-01,-4.199916132784522085e-17,8.166967097365005479e-01,2.136069588415285547e-01
5.360770014093571012e-01,-4.156270092436359062e-17,7.823562373326922170e-01,3.170806939354468557e-01
5.360770014093568792e-01,-4.094384064017578380e-17,7.342795759673605982e-01,4.164792346289857838e-01
5.360770014093567681e-01,-4.013414365552618855e-17,6.724667256405055804e-01,5.103037835116349674e-01
5.360770014093567681e-01,-3.912176261252817769e-17,5.969176863521268306e-01,5.969176863521272747e-01
3.543067373357630112e-01,-3.798217760133126541e-17,5.795299613914066672e-01,7.339017371066520745e-01
1.309988949563628269e-01,-3.572798070176712705e-17,5.451355499944349203e-01,8.280498304163081968e-01
1.309988949563626326e-01,-3.514410586088921521e-17,6.255979566930683911e-01,-7.690685834837291956e-01
3.543067373357625671e-01,-3.714615152547984225e-17,6.612362421549831115e-01,-6.612362421549832225e-01
3.543067373357630112e-01,-3.798217760133126541e-17,7.339017371066520745e-01,-5.795299613914066672e-01
3.543067373357629557e-01,-3.867547151862604256e-17,7.953879251426797525e-01,-4.917568346405666868e-01
3.543067373357633443e-01,-3.923360063390637254e-17,8.456948062630658125e-01,-3.990827364571939428e-01
3.543067373357629557e-01,-3.966227149165166038e-17,8.848223804678108095e-01,-3.025823704411136905e-01
3.543067373357635663e-01,-3.996565000995143683e-17,9.127706477569140775e-01,-2.032645578351273130e-01
3.543067373357635663e-01,-4.014657670614269905e-17,9.295396081303761715e-01,-1.020923738352333410e-01
3.543067373357637329e-01,-4.020016544617657854e-17,9.351292615881967585e-01,-8.099290497573653203e-16
3.543067373357635663e-01,-4.014657670614269905e-17,9.295396081303761715e-01,1.020923738352333410e-01
3.543067373357633998e-01,-3.996565000995143683e-17,9.127706477569141885e-01,2.032645578351271742e-01
3.543067373357631777e-01,-3.966227149165166038e-17,8.848223804678108095e-01,3.025823704411136905e-01
3.543067373357633443e-01,-3.923360063390637254e-17,8.456948062630658125e-01,3.990827364571939428e-01
3.543067373357629557e-01,-3.867547151862604256e-17,7.953879251426797525e-01,4.917568346405666868e-01
3.543067373357630112e-01,-3.798217760133126541e-17,7.339017371066520745e-01,5.795299613914066672e-01
3.543067373357627892e-01,-3.714615152547984842e-17,6.612362421549830005e-01,6.612362421549833336e-01
1.309988949563626326e-01,-3.514410586088921521e-17,6.255979566930683911e-01,7.690685834837291956e-01
1.309988949563626048e-01,-3.445811266978992003e-17,7.010132985615220580e-01,-7.010132985615223911e-01
1.309988949563628546e-01,-3.514410586088920904e-17,7.690685834837290846e-01,-6.255979566930685021e-01
1.309988949563628269e-01,-3.572798070176712705e-17,8.280498304163081968e-01,-5.451355499944349203e-01
1.309988949563630212e-01,-3.621467677002388493e-17,8.779570393592597277e-01,-4.604679430315804511e-01
1.309988949563632710e-01,-3.660807018070986585e-17,9.187902103125837883e-01,-3.723759376677952537e-01
1.309988949563632987e-01,-3.691114427136140995e-17,9.505493432762802675e-01,-2.815940970923290765e-01
1.309988949563632987e-01,-3.712611103729743375e-17,9.732344382503492763e-01,-1.888227150629364637e-01
1.309988949563634653e-01,-3.725449570660203928e-17,9.868454952347905929e-01,-9.473783855995782099e-02
1.309988949563632987e-01,-3.729112635903550246e-17,9.913825142296044390e-01,-7.513194585428772208e-16
1.309988949563634653e-01,-3.725449570660203928e-17,9.868454952347905929e-01,9.473783855995782099e-02
1.309988949563632987e-01,-3.712611103729743991e-17,9.732344382503492763e-01,1.888227150629363804e-01
1.309988949563632987e-01,-3.691114427136140378e-17,9.505493432762803785e-01,2.815940970923289099e-01
1.309988949563632710e-01,-3.660807018070986585e-17,9.187902103125837883e-01,3.723759376677952537e-01
1.309988949563630212e-01,-3.621467677002388493e-17,8.779570393592597277e-01,4.604679430315804511e-01
1.309988949563628269e-01,-3.572798070176712705e-17,8.280498304163081968e-01,5.451355499944349203e-01
1.309988949563626326e-01,-3.514410586088921521e-17,7.690685834837291956e-01,6.255979566930683911e-01
1.309988949563626048e-01,-3.445811266978992003e-17,7.010132985615220580e-01,7.010132985615223911e-01
1.309988949563615224e-01,7.820905789873446035e-02,-6.988285314663404968e-01,-6.988285314663408299e-01
1.309988949563632987e-01,7.974794730874217030e-02,-7.668847389933719505e-01,-6.231912639947079224e-01
1.309988949563630489e-01,8.104304222584161888e-02,-8.258674059004377233e-01,-5.424152861952489246e-01
1.309988949563630489e-01,8.209554501627919221e-02,-8.757769657602738622e-01,-4.572901893244815663e-01
1.309988949563632710e-01,8.289031578367629660e-02,-9.166144513529956850e-01,-3.684921066187724636e-01
1.309988949563630489e-01,8.336467508276558525e-02,-9.483828481542888600e-01,-2.765132796003040294e-01
1.309988949563632710e-01,8.324662245478288425e-02,-9.710939828496496506e-01,-1.813443295040871872e-01
1.309988949563634653e-01,8.043098180520939777e-02,-9.848355212175847750e-01,-8.043098180520946716e-02
1.309988949563634653e-01,9.473783855995782099e-02,-9.868454952347905929e-01,-3.725449570660203928e-17
1.309988949563634653e-01,8.043098180520939777e-02,-9.848355212175847750e-01,8.043098180520946716e-02
1.309988949563632710e-01,8.324662245478291200e-02,-9.710939828496496506e-01,1.813443295040871039e-01
1.309988949563632987e-01,8.336467508276558525e-02,-9.483828481542888600e-01,2.765132796003039184e-01
1.309988949563632710e-01,8.289031578367629660e-02,-9.166144513529956850e-01,3.684921066187724636e-01
1.309988949563630489e-01,8.209554501627919221e-02,-8.757769657602738622e-01,4.572901893244815663e-01
1.309988949563630489e-01,8.104304222584161888e-02,-8.258674059004377233e-01,5.424152861952489246e-01
1.309988949563632710e-01,7.974794730874214255e-02,-7.668847389933720615e-01,6.231912639947077004e-01
1.309988949563615224e-01,7.820905789873446035e-02,-6.988285314663404968e-01,6.988285314663408299e-01
1.309988949563632987e-01,7.974794730874217030e-02,-6.231912639947079224e-01,-7.668847389933719505e-01
3.543067373357631222e-01,8.427215318672941213e-02,-6.585457235742097071e-01,-6.585457235742098181e-01
3.543067373357627892e-01,8.613856839223701933e-02,-7.312129679488610368e-01,-5.765192784436967699e-01
3.543067373357631777e-01,8.765701890443101940e-02,-7.927020523383546680e-01,-4.882688185147964210e-01
3.543067373357633443e-01,8.881892285836402723e-02,-8.430142491382779379e-01,-3.948479588026154175e-01
3.543067373357629557e-01,8.956242146561342599e-02,-8.821532364849810071e-01,-2.970706580912623185e-01
3.543067373357630112e-01,8.959848199142153580e-02,-9.101335849750507023e-01,-1.951812117079452513e-01
3.543067373357633443e-01,8.666133554898361457e-02,-9.270632997375203299e-01,-8.666133554898365621e-02
3.543067373357635663e-01,1.020923738352333271e-01,-9.295396081303761715e-01,-4.014657670614269289e-17
3.543067373357633443e-01,8.666133554898361457e-02,-9.270632997375203299e-01,8.666133554898365621e-02
3.543067373357629557e-01,8.959848199142156355e-02,-9.101335849750507023e-01,1.951812117079451681e-01
3.543067373357631222e-01,8.956242146561338435e-02,-8.821532364849810071e-01,2.970706580912621519e-01
3.543067373357633443e-01,8.881892285836402723e-02,-8.430142491382779379e-01,3.948479588026154175e-01
3.543067373357631777e-01,8.765701890443101940e-02,-7.927020523383546680e-01,4.882688185147964210e-01
3.543067373357627892e-01,8.613856839223701933e-02,-7.312129679488610368e-01,5.765192784436967699e-01
3.543067373357633998e-01,8.427215318672942601e-02,-6.585457235742100401e-01,6.585457235742094850e-01
1.309988949563632987e-01,7.974794730874217030e-02,-6.231912639947079224e-01,7.668847389933719505e-01
1.309988949563630489e-01,8.104304222584161888e-02,-5.424152861952489246e-01,-8.258674059004377233e-01
3.543067373357627892e-01,8.613856839223701933e-02,-5.765192784436967699e-01,-7.312129679488610368e-01
5.360770014093571012e-01,8.869270822628665119e-02,-5.936139537053686244e-01,-5.936139537053687354e-01
5.360770014093571012e-01,9.093463858816520917e-02,-6.691665517884748393e-01,-5.065258789364216474e-01
5.360770014093573232e-01,9.266365726033148897e-02,-7.309859335737761699e-01,-4.119398743753349135e-01
5.360770014093572122e-01,9.382799258772753226e-02,-7.790766184448372211e-01,-3.112191815416699980e-01
5.360770014093573232e-01,9.413268442349803644e-02,-8.134565095211903074e-01,-2.050585121392911603e-01
5.360770014093573232e-01,9.119899513969004223e-02,-8.342583143912764010e-01,-9.119899513969008387e-02
5.360770014093569902e-01,1.074639259555114079e-01,-8.373009931787854798e-01,-4.225887384574906574e-17
5.360770014093573232e-01,9.119899513969004223e-02,-8.342583143912764010e-01,9.119899513969008387e-02
5.360770014093572122e-01,9.413268442349806420e-02,-8.134565095211903074e-01,2.050585121392910493e-01
5.360770014093572122e-01,9.382799258772751838e-02,-7.790766184448373322e-01,3.112191815416698315e-01
5.360770014093573232e-01,9.266365726033148897e-02,-7.309859335737761699e-01,4.119398743753349135e-01
5.360770014093571012e-01,9.093463858816520917e-02,-6.691665517884748393e-01,5.065258789364216474e-01
5.360770014093571012e-01,8.869270822628665119e-02,-5.936139537053686244e-01,5.936139537053687354e-01
3.543067373357633443e-01,8.613856839223699158e-02,-5.765192784436967699e-01,7.312129679488607037e-01
1.309988949563630489e-01,8.104304222584161888e-02,-5.424152861952489246e-01,8.258674059004377233e-01
1.309988949563630489e-01,8.209554501627919221e-02,-4.572901893244815663e-01,-8.757769657602738622e-01
3.543067373357631777e-01,8.765701890443101940e-02,-4.882688185147964210e-01,-7.927020523383546680e-01
5.360770014093571012e-01,9.093463858816520917e-02,-5.065258789364216474e-01,-6.691665517884748393e-01
6.832315830601864981e-01,9.195687175368637278e-02,-5.122199418444909336e-01,-5.122199418444911556e-01
6.832315830601864981e-01,9.465157485549950678e-02,-5.892216887100713008e-01,-4.207772389757994391e-01
6.832315830601867201e-01,9.652982768815518422e-02,-6.491230762052513370e-01,-3.201809304337125961e-01
6.832315830601866091e-01,9.731002932959684215e-02,-6.919464043181347002e-01,-2.119800359754406005e-01
6.832315830601866091e-01,9.454091917570911496e-02,-7.178569726010158858e-01,-9.454091917570917047e-02
6.832315830601864981e-01,1.114465850460271135e-01,-7.216469099155418121e-01,-4.382500579728789461e-17
6.832315830601866091e-01,9.454091917570911496e-02,-7.178569726010158858e-01,9.454091917570917047e-02
6.832315830601864981e-01,9.731002932959685603e-02,-6.919464043181348112e-01,2.119800359754405172e-01
6.832315830601864981e-01,9.652982768815515646e-02,-6.491230762052515590e-01,3.201809304337123741e-01
6.832315830601864981e-01,9.465157485549950678e-02,-5.892216887100713008e-01,4.207772389757994391e-01
6.832315830601864981e-01,9.195687175368637278e-02,-5.122199418444909336e-01,5.122199418444911556e-01
5.360770014093571012e-01,9.093463858816520917e-02,-5.065258789364216474e-01,6.691665517884748393e-01
3.543067373357631777e-01,8.765701890443101940e-02,-4.882688185147964210e-01,7.927020523383546680e-01
1.309988949563630489e-01,8.209554501627919221e-02,-4.572901893244815663e-01,8.757769657602738622e-01
1.309988949563632710e-01,8.289031578367629660e-02,-3.684921066187724636e-01,-9.166144513529956850e-01
3.543067373357633443e-01,8.881892285836402723e-02,-3.948479588026154175e-01,-8.430142491382779379e-01
5.360770014093572122e-01,9.266365726033148897e-02,-4.119398743753349135e-01,-7.309859335737761699e-01
6.832315830601864981e-01,9.465157485549950678e-02,-4.207772389757994391e-01,-5.892216887100713008e-01
7.998364879955843776e-01,9.428532489133387151e-02,-4.191490605864606755e-01,-4.191490605864606755e-01
7.998364879955843776e-01,9.752958906806735717e-02,-4.960838939556686533e-01,-3.234970508132712363e-01
7.998364879955843776e-01,9.922541922621651300e-02,-5.510843831003429116e-01,-2.161525187296816364e-01
7.998364879955843776e-01,9.690632908085630715e-02,-5.843628318425418966e-01,-9.690632908085639041e-02
7.998364879955843776e-01,1.143199341357474391e-01,-5.892304686029803396e-01,-4.495491516564241045e-17
7.998364879955843776e-01,9.690632908085630715e-02,-5.843628318425418966e-01,9.690632908085639041e-02
7.998364879955843776e-01,9.922541922621652688e-02,-5.510843831003429116e-01,2.161525187296815809e-01
7.998364879955843776e-01,9.752958906806739880e-02,-4.960838939556688754e-01,3.234970508132712363e-01
7.998364879955843776e-01,9.428532489133387151e-02,-4.191490605864606755e-01,4.191490605864606755e-01
6.832315830601864981e-01,9.465157485549950678e-02,-4.207772389757994391e-01,5.892216887100713008e-01
5.360770014093572122e-01,9.266365726033148897e-02,-4.119398743753349135e-01,7.309859335737761699e-01
3.543067373357635663e-01,8.881892285836404111e-02,-3.948479588026154175e-01,8.430142491382778269e-01
1.309988949563632710e-01,8.289031578367629660e-02,-3.684921066187724636e-01,9.166144513529956850e-01
1.309988949563632987e-01,8.336467508276558525e-02,-2.765132796003040294e-01,-9.483828481542888600e-01
3.543067373357629557e-01,8.956242146561342599e-02,-2.970706580912623185e-01,-8.821532364849810071e-01
5.360770014093573232e-01,9.382799258772753226e-02,-3.112191815416699980e-01,-7.790766184448372211e-01
6.832315830601867201e-01,9.652982768815518422e-02,-3.201809304337125961e-01,-6.491230762052513370e-01
7.998364879955843776e-01,9.752958906806735717e-02,-3.234970508132712363e-01,-4.960838939556686533e-01
8.884548914866746694e-01,9.569267614970547453e-02,-3.174041725660743940e-01,-3.174041725660745050e-01
8.884548914866746694e-01,9.947207964797412372e-02,-3.921718027931511141e-01,-2.166898434580588062e-01
8.884548914866746694e-01,9.828518683412956758e-02,-4.374105050080092094e-01,-9.828518683412963697e-02
8.884548914866746694e-01,1.161353745793188980e-01,-4.440275673477069307e-01,-4.566881490452889973e-17
8.884548914866746694e-01,9.828518683412956758e-02,-4.374105050080092094e-01,9.828518683412963697e-02
8.884548914866746694e-01,9.947207964797415147e-02,-3.921718027931512252e-01,2.166898434580586952e-01
8.884548914866746694e-01,9.569267614970546065e-02,-3.174041725660746160e-01,3.174041725660743385e-01
7.998364879955843776e-01,9.752958906806735717e-02,-3.234970508132712363e-01,4.960838939556686533e-01
6.832315830601867201e-01,9.652982768815518422e-02,-3.201809304337125961e-01,6.491230762052513370e-01
5.360770014093573232e-01,9.382799258772753226e-02,-3.112191815416699980e-01,7.790766184448372211e-01
3.543067373357635663e-01,8.956242146561341211e-02,-2.970706580912623185e-01,8.821532364849808960e-01
1.309988949563632987e-01,8.336467508276558525e-02,-2.765132796003040294e-01,9.483828481542888600e-01
1.309988949563632710e-01,8.324662245478288425e-02,-1.813443295040871872e-01,-9.710939828496496506e-01
3.543067373357629557e-01,8.959848199142153580e-02,-1.951812117079452513e-01,-9.101335849750507023e-01
5.360770014093573232e-01,9.413268442349803644e-02,-2.050585121392911603e-01,-8.134565095211903074e-01
6.832315830601864981e-01,9.731002932959682827e-02,-2.119800359754405727e-01,-6.919464043181345891e-01
7.998364879955843776e-01,9.922541922621651300e-02,-2.161525187296816364e-01,-5.510843831003429116e-01
8.884548914866746694e-01,9.947207964797410984e-02,-2.166898434580587784e-01,-3.921718027931511141e-01
9.507405430238866639e-01,9.570605307749238677e-02,-2.084859362822505946e-01,-2.084859362822506779e-01
9.507405430238866639e-01,9.806602137248518480e-02,-2.772337114331294150e-01,-9.806602137248525419e-02
9.507405430238866639e-01,1.164353680285487719e-01,-2.872894445027550092e-01,-4.578678365741818129e-17
9.507405430238866639e-01,9.806602137248518480e-02,-2.772337114331294150e-01,9.806602137248525419e-02
9.507405430238866639e-01,9.570605307749240065e-02,-2.084859362822507611e-01,2.084859362822504836e-01
8.884548914866748914e-01,9.947207964797410984e-02,-2.166898434580587507e-01,3.921718027931509476e-01
7.998364879955843776e-01,9.922541922621651300e-02,-2.161525187296816364e-01,5.510843831003429116e-01
6.832315830601864981e-01,9.731002932959682827e-02,-2.119800359754405727e-01,6.919464043181345891e-01
5.360770014093573232e-01,9.413268442349803644e-02,-2.050585121392911603e-01,8.134565095211903074e-01
3.543067373357633998e-01,8.959848199142154968e-02,-1.951812117079452791e-01,9.101335849750505913e-01
1.309988949563632710e-01,8.324662245478288425e-02,-1.813443295040871872e-01,9.710939828496496506e-01
1.309988949563634653e-01,8.043098180520939777e-02,-8.043098180520946716e-02,-9.848355212175847750e-01
3.543067373357631777e-01,8.666133554898361457e-02,-8.666133554898367009e-02,-9.270632997375203299e-01
5.360770014093573232e-01,9.119899513969004223e-02,-9.119899513969008387e-02,-8.342583143912764010e-01
6.832315830601864981e-01,9.454091917570910109e-02,-9.454091917570915660e-02,-7.178569726010157748e-01
7.998364879955843776e-01,9.690632908085630715e-02,-9.690632908085639041e-02,-5.843628318425418966e-01
8.884548914866746694e-01,9.828518683412956758e-02,-9.828518683412963697e-02,-4.374105050080092094e-01
9.507405430238866639e-01,9.806602137248518480e-02,-9.806602137248525419e-02,-2.772337114331294150e-01
9.877310665252150290e-01,9.016159607608481563e-02,-9.016159607608487114e-02,-9.016159607608488502e-02
9.877310665252150290e-01,1.104249523906649377e-01,-1.104249523906649377e-01,-4.342326125728735831e-17
9.877310665252150290e-01,9.016159607608481563e-02,-9.016159607608487114e-02,9.016159607608488502e-02
9.507405430238867750e-01,9.806602137248510154e-02,-9.806602137248517093e-02,2.772337114331290264e-01
8.884548914866747804e-01,9.828518683412955370e-02,-9.828518683412963697e-02,4.374105050080089319e-01
7.998364879955843776e-01,9.690632908085630715e-02,-9.690632908085639041e-02,5.843628318425418966e-01
6.832315830601864981e-01,9.454091917570910109e-02,-9.454091917570915660e-02,7.178569726010157748e-01
5.360770014093573232e-01,9.119899513969004223e-02,-9.119899513969008387e-02,8.342583143912764010e-01
3.543067373357631777e-01,8.666133554898361457e-02,-8.666133554898365621e-02,9.270632997375203299e-01
1.309988949563634653e-01,8.043098180520939777e-02,-8.043098180520946716e-02,9.848355212175847750e-01
1.309988949563634653e-01,9.473783855995782099e-02,-3.725449570660203928e-17,-9.868454952347905929e-01
3.543067373357635663e-01,1.020923738352333271e-01,-4.014657670614269289e-17,-9.295396081303761715e-01
5.360770014093569902e-01,1.074639259555114079e-01,-4.225887384574906574e-17,-8.373009931787854798e-01
6.832315830601864981e-01,1.114465850460271135e-01,-4.382500579728789461e-17,-7.216469099155418121e-01
7.998364879955843776e-01,1.143199341357474391e-01,-4.495491516564241045e-17,-5.892304686029803396e-01
8.884548914866746694e-01,1.161353745793188980e-01,-4.566881490452889973e-17,-4.440275673477069307e-01
9.507405430238866639e-01,1.164353680285487719e-01,-4.578678365741818129e-17,-2.872894445027550092e-01
9.877310665252150290e-01,1.104249523906649377e-01,-4.342326125728735831e-17,-1.104249523906649377e-01
9.877310665252150290e-01,1.561644652952816903e-01,-4.699335503324262963e-17,-9.467941975996195063e-16
9.877310665252150290e-01,1.104249523906649377e-01,-4.342326125728735831e-17,1.104249523906649377e-01
9.507405430238867750e-01,1.164353680285487025e-01,-4.578678365741814431e-17,2.872894445027546206e-01
8.884548914866747804e-01,1.161353745793188980e-01,-4.566881490452889973e-17,4.440275673477067087e-01
7.998364879955843776e-01,1.143199341357474391e-01,-4.495491516564241045e-17,5.892304686029803396e-01
6.832315830601864981e-01,1.114465850460271135e-01,-4.382500579728789461e-17,7.216469099155418121e-01
5.360770014093569902e-01,1.074639259555114079e-01,-4.225887384574906574e-17,8.373009931787854798e-01
3.543067373357635663e-01,1.020923738352333410e-01,-4.014657670614269905e-17,9.295396081303761715e-01
1.309988949563634653e-01,9.473783855995782099e-02,-3.725449570660203928e-17,9.868454952347905929e-01
1.309988949563634653e-01,8.043098180520939777e-02,8.043098180520946716e-02,-9.848355212175847750e-01
3.543067373357631777e-01,8.666133554898361457e-02,8.666133554898367009e-02,-9.270632997375203299e-01
5.360770014093573232e-01,9.119899513969004223e-02,9.119899513969008387e-02,-8.342583143912764010e-01
6.832315830601864981e-01,9.454091917570910109e-02,9.454091917570915660e-02,-7.178569726010157748e-01
7.998364879955843776e-01,9.690632908085630715e-02,9.690632908085639041e-02,-5.843628318425418966e-01
8.884548914866746694e-01,9.828518683412956758e-02,9.828518683412963697e-02,-4.374105050080092094e-01
9.507405430238866639e-01,9.806602137248518480e-02,9.806602137248525419e-02,-2.772337114331294150e-01
9.877310665252150290e-01,9.016159607608481563e-02,9.016159607608487114e-02,-9.016159607608488502e-02
9.877310665252150290e-01,1.104249523906649377e-01,1.104249523906649377e-01,-4.342326125728735831e-17
9.877310665252150290e-01,9.016159607608481563e-02,9.016159607608487114e-02,9.016159607608488502e-02
9.507405430238867750e-01,9.806602137248510154e-02,9.806602137248517093e-02,2.772337114331290264e-01
8.884548914866747804e-01,9.828518683412955370e-02,9.828518683412963697e-02,4.374105050080089319e-01
7.998364879955843776e-01,9.690632908085630715e-02,9.690632908085639041e-02,5.843628318425418966e-01
6.832315830601864981e-01,9.454091917570910109e-02,9.454091917570915660e-02,7.178569726010157748e-01
5.360770014093573232e-01,9.119899513969004223e-02,9.119899513969008387e-02,8.342583143912764010e-01
3.543067373357631777e-01,8.666133554898361457e-02,8.666133554898365621e-02,9.270632997375203299e-01
1.309988949563634653e-01,8.043098180520939777e-02,8.043098180520946716e-02,9.848355212175847750e-01
1.309988949563632710e-01,8.324662245478291200e-02,1.813443295040871039e-01,-9.710939828496496506e-01
3.543067373357629557e-01,8.959848199142156355e-02,1.951812117079451681e-01,-9.101335849750507023e-01
5.360770014093572122e-01,9.413268442349806420e-02,2.050585121392910493e-01,-8.134565095211903074e-01
6.832315830601864981e-01,9.731002932959685603e-02,2.119800359754405172e-01,-6.919464043181348112e-01
7.998364879955843776e-01,9.922541922621652688e-02,2.161525187296815809e-01,-5.510843831003429116e-01
8.884548914866746694e-01,9.947207964797415147e-02,2.166898434580586952e-01,-3.921718027931512252e-01
9.507405430238866639e-01,9.570605307749240065e-02,2.084859362822504836e-01,-2.084859362822507611e-01
9.507405430238867750e-01,9.806602137248510154e-02,2.772337114331290264e-01,-9.806602137248517093e-02
9.507405430238867750e-01,1.164353680285487025e-01,2.872894445027546206e-01,-4.578678365741814431e-17
9.507405430238867750e-01,9.806602137248510154e-02,2.772337114331290264e-01,9.806602137248517093e-02
9.507405430238867750e-01,9.570605307749231738e-02,2.084859362822503170e-01,2.084859362822504003e-01
8.884548914866748914e-01,9.947207964797413760e-02,2.166898434580586674e-01,3.921718027931509476e-01
7.998364879955843776e-01,9.922541922621652688e-02,2.161525187296815809e-01,5.510843831003429116e-01
6.832315830601864981e-01,9.731002932959685603e-02,2.119800359754405172e-01,6.919464043181348112e-01
5.360770014093572122e-01,9.413268442349806420e-02,2.050585121392910493e-01,8.134565095211903074e-01
3.543067373357633998e-01,8.959848199142159131e-02,1.951812117079452236e-01,9.101335849750505913e-01
1.309988949563632710e-01,8.324662245478291200e-02,1.813443295040871039e-01,9.710939828496496506e-01
1.309988949563632987e-01,8.336467508276558525e-02,2.765132796003039184e-01,-9.483828481542888600e-01
3.543067373357629557e-01,8.956242146561339823e-02,2.970706580912622075e-01,-8.821532364849810071e-01
5.360770014093573232e-01,9.382799258772751838e-02,3.112191815416698315e-01,-7.790766184448373322e-01
6.832315830601864981e-01,9.652982768815515646e-02,3.201809304337123741e-01,-6.491230762052515590e-01
7.998364879955842666e-01,9.752958906806738493e-02,3.234970508132711808e-01,-4.960838939556688199e-01
8.884548914866746694e-01,9.569267614970546065e-02,3.174041725660743385e-01,-3.174041725660746160e-01
8.884548914866748914e-01,9.947207964797410984e-02,3.921718027931509476e-01,-2.166898434580587507e-01
8.884548914866747804e-01,9.828518683412955370e-02,4.374105050080089319e-01,-9.828518683412963697e-02
8.884548914866747804e-01,1.161353745793188980e-01,4.440275673477067087e-01,-4.566881490452889973e-17
8.884548914866747804e-01,9.828518683412955370e-02,4.374105050080089319e-01,9.828518683412963697e-02
8.884548914866748914e-01,9.947207964797413760e-02,3.921718027931509476e-01,2.166898434580586674e-01
8.884548914866747804e-01,9.569267614970544678e-02,3.174041725660742830e-01,3.174041725660743385e-01
7.998364879955842666e-01,9.752958906806738493e-02,3.234970508132711808e-01,4.960838939556688199e-01
6.832315830601864981e-01,9.652982768815515646e-02,3.201809304337123741e-01,6.491230762052515590e-01
5.360770014093573232e-01,9.382799258772751838e-02,3.112191815416698315e-01,7.790766184448373322e-01
3.543067373357635663e-01,8.956242146561341211e-02,2.970706580912622630e-01,8.821532364849808960e-01
1.309988949563632987e-01,8.336467508276558525e-02,2.765132796003039184e-01,9.483828481542888600e-01
1.309988949563632710e-01,8.289031578367629660e-02,3.684921066187724636e-01,-9.166144513529956850e-01
3.543067373357633443e-01,8.881892285836402723e-02,3.948479588026154175e-01,-8.430142491382779379e-01
5.360770014093572122e-01,9.266365726033148897e-02,4.119398743753349135e-01,-7.309859335737761699e-01
6.832315830601864981e-01,9.465157485549950678e-02,4.207772389757994391e-01,-5.892216887100713008e-01
7.998364879955843776e-01,9.428532489133387151e-02,4.191490605864606755e-01,-4.191490605864606755e-01
7.998364879955843776e-01,9.752958906806735717e-02,4.960838939556686533e-01,-3.234970508132712363e-01
7.998364879955843776e-01,9.922541922621651300e-02,5.510843831003429116e-01,-2.161525187296816364e-01
7.998364879955843776e-01,9.690632908085630715e-02,5.843628318425418966e-01,-9.690632908085639041e-02
7.998364879955843776e-01,1.143199341357474391e-01,5.892304686029803396e-01,-4.495491516564241045e-17
7.998364879955843776e-01,9.690632908085630715e-02,5.843628318425418966e-01,9.690632908085639041e-02
7.998364879955843776e-01,9.922541922621652688e-02,5.510843831003429116e-01,2.161525187296815809e-01
7.998364879955843776e-01,9.752958906806739880e-02,4.960838939556688754e-01,3.234970508132712363e-01
7.998364879955843776e-01,9.428532489133387151e-02,4.191490605864606755e-01,4.191490605864606755e-01
6.832315830601864981e-01,9.465157485549950678e-02,4.207772389757994391e-01,5.892216887100713008e-01
5.360770014093572122e-01,9.266365726033148897e-02,4.119398743753349135e-01,7.309859335737761699e-01
3.543067373357635663e-01,8.881892285836404111e-02,3.948479588026154175e-01,8.430142491382778269e-01
1.309988949563632710e-01,8.289031578367629660e-02,3.684921066187724636e-01,9.166144513529956850e-01
1.309988949563630489e-01,8.209554501627919221e-02,4.572901893244815663e-01,-8.757769657602738622e-01
3.543067373357631777e-01,8.765701890443101940e-02,4.882688185147964210e-01,-7.927020523383546680e-01
5.360770014093571012e-01,9.093463858816520917e-02,5.065258789364216474e-01,-6.691665517884748393e-01
6.832315830601864981e-01,9.195687175368637278e-02,5.122199418444909336e-01,-5.122199418444911556e-01
6.832315830601864981e-01,9.465157485549950678e-02,5.892216887100713008e-01,-4.207772389757994391e-01
6.832315830601867201e-01,9.652982768815518422e-02,6.491230762052513370e-01,-3.201809304337125961e-01
6.832315830601866091e-01,9.731002932959684215e-02,6.919464043181347002e-01,-2.119800359754406005e-01
6.832315830601866091e-01,9.454091917570911496e-02,7.178569726010158858e-01,-9.454091917570917047e-02
6.832315830601864981e-01,1.114465850460271135e-01,7.216469099155418121e-01,-4.382500579728789461e-17
6.832315830601866091e-01,9.454091917570911496e-02,7.178569726010158858e-01,9.454091917570917047e-02
6.832315830601864981e-01,9.731002932959685603e-02,6.919464043181348112e-01,2.119800359754405172e-01
6.832315830601864981e-01,9.652982768815515646e-02,6.491230762052515590e-01,3.201809304337123741e-01
6.832315830601864981e-01,9.465157485549950678e-02,5.892216887100713008e-01,4.207772389757994391e-01
6.832315830601864981e-01,9.195687175368637278e-02,5.122199418444909336e-01,5.122199418444911556e-01
5.360770014093571012e-01,9.093463858816520917e-02,5.065258789364216474e-01,6.691665517884748393e-01
3.543067373357631777e-01,8.765701890443101940e-02,4.882688185147964210e-01,7.927020523383546680e-01
1.309988949563630489e-01,8.209554501627919221e-02,4.572901893244815663e-01,8.757769657602738622e-01
1.309988949563630489e-01,8.104304222584161888e-02,5.424152861952489246e-01,-8.258674059004377233e-01
3.543067373357627892e-01,8.613856839223701933e-02,5.765192784436967699e-01,-7.312129679488610368e-01
5.360770014093571012e-01,8.869270822628665119e-02,5.936139537053686244e-01,-5.936139537053687354e-01
5.360770014093571012e-01,9.093463858816520917e-02,6.691665517884748393e-01,-5.065258789364216474e-01
5.360770014093573232e-01,9.266365726033148897e-02,7.309859335737761699e-01,-4.119398743753349135e-01
5.360770014093572122e-01,9.382799258772753226e-02,7.790766184448372211e-01,-3.112191815416699980e-01
5.360770014093573232e-01,9.413268442349803644e-02,8.134565095211903074e-01,-2.050585121392911603e-01
5.360770014093573232e-01,9.119899513969004223e-02,8.342583143912764010e-01,-9.119899513969008387e-02
5.360770014093569902e-01,1.074639259555114079e-01,8.373009931787854798e-01,-4.225887384574906574e-17
5.360770014093573232e-01,9.119899513969004223e-02,8.342583143912764010e-01,9.119899513969008387e-02
5.360770014093572122e-01,9.413268442349806420e-02,8.134565095211903074e-01,2.050585121392910493e-01
5.360770014093572122e-01,9.382799258772751838e-02,7.790766184448373322e-01,3.112191815416698315e-01
5.360770014093573232e-01,9.266365726033148897e-02,7.309859335737761699e-01,4.119398743753349135e-01
5.360770014093571012e-01,9.093463858816520917e-02,6.691665517884748393e-01,5.065258789364216474e-01
5.360770014093571012e-01,8.869270822628665119e-02,5.936139537053686244e-01,5.936139537053687354e-01
3.543067373357633443e-01,8.613856839223699158e-02,5.765192784436967699e-01,7.312129679488607037e-01
1.309988949563630489e-01,8.104304222584161888e-02,5.424152861952489246e-01,8.258674059004377233e-01
1.309988949563632710e-01,7.974794730874214255e-02,6.231912639947077004e-01,-7.668847389933720615e-01
3.543067373357633998e-01,8.427215318672942601e-02,6.585457235742094850e-01,-6.585457235742100401e-01
3.543067373357633443e-01,8.613856839223699158e-02,7.312129679488607037e-01,-5.765192784436967699e-01
3.543067373357631777e-01,8.765701890443101940e-02,7.927020523383546680e-01,-4.882688185147964210e-01
3.543067373357635663e-01,8.881892285836404111e-02,8.430142491382778269e-01,-3.948479588026154175e-01
3.543067373357635663e-01,8.956242146561341211e-02,8.821532364849808960e-01,-2.970706580912623185e-01
3.543067373357631777e-01,8.959848199142154968e-02,9.101335849750507023e-01,-1.951812117079452791e-01
3.543067373357633443e-01,8.666133554898360070e-02,9.270632997375203299e-01,-8.666133554898365621e-02
3.543067373357635663e-01,1.020923738352333410e-01,9.295396081303761715e-01,-4.014657670614269905e-17
3.543067373357633443e-01,8.666133554898360070e-02,9.270632997375203299e-01,8.666133554898365621e-02
3.543067373357631777e-01,8.959848199142159131e-02,9.101335849750507023e-01,1.951812117079452513e-01
3.543067373357635663e-01,8.956242146561341211e-02,8.821532364849808960e-01,2.970706580912622630e-01
3.543067373357635663e-01,8.881892285836404111e-02,8.430142491382778269e-01,3.948479588026154175e-01
3.543067373357631777e-01,8.765701890443101940e-02,7.927020523383546680e-01,4.882688185147964210e-01
3.543067373357633443e-01,8.613856839223699158e-02,7.312129679488607037e-01,5.765192784436967699e-01
3.543067373357633443e-01,8.427215318672941213e-02,6.585457235742094850e-01,6.585457235742098181e-01
1.309988949563632710e-01,7.974794730874214255e-02,6.231912639947077004e-01,7.668847389933720615e-01
1.309988949563615224e-01,7.820905789873446035e-02,6.988285314663404968e-01,-6.988285314663408299e-01
1.309988949563632987e-01,7.974794730874217030e-02,7.668847389933719505e-01,-6.231912639947079224e-01
1.309988949563630489e-01,8.104304222584161888e-02,8.258674059004377233e-01,-5.424152861952489246e-01
1.309988949563630489e-01,8.209554501627919221e-02,8.757769657602738622e-01,-4.572901893244815663e-01
1.309988949563632710e-01,8.289031578367629660e-02,9.166144513529956850e-01,-3.684921066187724636e-01
1.309988949563630489e-01,8.336467508276558525e-02,9.483828481542888600e-01,-2.765132796003040294e-01
1.309988949563632710e-01,8.324662245478288425e-02,9.710939828496496506e-01,-1.813443295040871872e-01
1.309988949563634653e-01,8.043098180520939777e-02,9.848355212175847750e-01,-8.043098180520946716e-02
1.309988949563634653e-01,9.473783855995782099e-02,9.868454952347905929e-01,-3.725449570660203928e-17
1.309988949563634653e-01,8.043098180520939777e-02,9.848355212175847750e-01,8.043098180520946716e-02
1.309988949563632710e-01,8.324662245478291200e-02,9.710939828496496506e-01,1.813443295040871039e-01
1.309988949563632987e-01,8.336467508276558525e-02,9.483828481542888600e-01,2.765132796003039184e-01
1.309988949563632710e-01,8.289031578367629660e-02,9.166144513529956850e-01,3.684921066187724636e-01
1.309988949563630489e-01,8.209554501627919221e-02,8.757769657602738622e-01,4.572901893244815663e-01
1.309988949563630489e-01,8.104304222584161888e-02,8.258674059004377233e-01,5.424152861952489246e-01
1.309988949563632710e-01,7.974794730874214255e-02,7.668847389933720615e-01,6.231912639947077004e-01
1.309988949563615224e-01,7.820905789873446035e-02,6.988285314663404968e-01,6.988285314663408299e-01
1.309988949563637151e-01,1.557314668798931157e-01,-6.923102627231695338e-01,-6.923102627231698669e-01
1.309988949563628546e-01,1.586887825467747370e-01,-7.603801697714150931e-01,-6.160187961681270474e-01
1.309988949563630489e-01,1.610900316382040398e-01,-8.193838499283421228e-01,-5.343214366873394461e-01
1.309988949563630489e-01,1.628796933540020420e-01,-8.693280098634345032e-01,-4.478596948598949634e-01
1.309988949563636873e-01,1.638910414285622563e-01,-9.102283887097852855e-01,-3.570200224727752558e-01
1.309988949563630767e-01,1.636134761990825082e-01,-9.421292175883246856e-01,-2.616533150806145680e-01
1.309988949563632987e-01,1.600605905012319197e-01,-9.651945421815260051e-01,-1.600605905012320584e-01
1.309988949563632710e-01,1.813443295040871039e-01,-9.710939828496496506e-01,-8.324662245478291200e-02
1.309988949563632987e-01,1.888227150629363804e-01,-9.732344382503492763e-01,-3.712611103729743991e-17
1.309988949563632710e-01,1.813443295040871039e-01,-9.710939828496496506e-01,8.324662245478291200e-02
1.309988949563632987e-01,1.600605905012319197e-01,-9.651945421815260051e-01,1.600605905012320029e-01
1.309988949563634653e-01,1.636134761990825082e-01,-9.421292175883246856e-01,2.616533150806143460e-01
1.309988949563636873e-01,1.638910414285622563e-01,-9.102283887097852855e-01,3.570200224727752558e-01
1.309988949563630489e-01,1.628796933540020420e-01,-8.693280098634345032e-01,4.478596948598949634e-01
1.309988949563630489e-01,1.610900316382040398e-01,-8.193838499283421228e-01,5.343214366873394461e-01
1.309988949563630489e-01,1.586887825467747648e-01,-7.603801697714150931e-01,6.160187961681269364e-01
1.309988949563637151e-01,1.557314668798931157e-01,-6.923102627231695338e-01,6.923102627231698669e-01
1.309988949563628546e-01,1.586887825467747370e-01,-6.160187961681270474e-01,-7.603801697714149821e-01
3.543067373357625671e-01,1.675795222726468026e-01,-6.505320282635430607e-01,-6.505320282635432827e-01
3.543067373357629557e-01,1.711131070651776831e-01,-7.232251611753330867e-01,-5.675670944583569577e-01
3.543067373357629557e-01,1.738139090235080730e-01,-7.847568732087754073e-01,-4.779247962389485682e-01
3.543067373357631777e-01,1.755181355589367220e-01,-8.351465551356115347e-01,-3.823484685643742664e-01
3.543067373357629557e-01,1.756877409285153013e-01,-8.744487001458270958e-01,-2.809626743522975478e-01
3.543067373357631777e-01,1.721928856633591076e-01,-9.028654141854904891e-01,-1.721928856633592742e-01
3.543067373357629557e-01,1.951812117079451681e-01,-9.101335849750507023e-01,-8.959848199142156355e-02
3.543067373357633998e-01,2.032645578351271742e-01,-9.127706477569141885e-01,-3.996565000995143683e-17
3.543067373357629557e-01,1.951812117079451681e-01,-9.101335849750507023e-01,8.959848199142156355e-02
3.543067373357631777e-01,1.721928856633591076e-01,-9.028654141854904891e-01,1.721928856633591909e-01
3.543067373357631222e-01,1.756877409285152458e-01,-8.744487001458269848e-01,2.809626743522971593e-01
3.543067373357631777e-01,1.755181355589367220e-01,-8.351465551356115347e-01,3.823484685643742664e-01
3.543067373357629557e-01,1.738139090235080730e-01,-7.847568732087754073e-01,4.779247962389485682e-01
3.543067373357629557e-01,1.711131070651776831e-01,-7.232251611753330867e-01,5.675670944583569577e-01
3.543067373357630112e-01,1.675795222726467748e-01,-6.505320282635432827e-01,6.505320282635428386e-01
1.309988949563628546e-01,1.586887825467747370e-01,-6.160187961681270474e-01,7.603801697714149821e-01
1.309988949563630767e-01,1.610900316382040398e-01,-5.343214366873394461e-01,-8.193838499283421228e-01
3.543067373357629557e-01,1.711131070651776831e-01,-5.675670944583569577e-01,-7.232251611753330867e-01
5.360770014093572122e-01,1.760068507101183732e-01,-5.837992108007074021e-01,-5.837992108007078462e-01
5.360770014093569902e-01,1.801451882645582203e-01,-6.594041861355238732e-01,-4.953335028160588682e-01
5.360770014093573232e-01,1.829582803707583416e-01,-7.213187751061199693e-01,-3.985560699363814852e-01
5.360770014093567681e-01,1.839079615563770365e-01,-7.696099343458910891e-01,-2.941085840165904575e-01
5.360770014093572122e-01,1.807752369582359409e-01,-8.045259945864641216e-01,-1.807752369582361629e-01
5.360770014093572122e-01,2.050585121392910493e-01,-8.134565095211903074e-01,-9.413268442349806420e-02
5.360770014093571012e-01,2.136069588415285547e-01,-8.166967097365005479e-01,-4.199916132784522085e-17
5.360770014093572122e-01,2.050585121392910493e-01,-8.134565095211903074e-01,9.413268442349806420e-02
5.360770014093571012e-01,1.807752369582359686e-01,-8.045259945864643436e-01,1.807752369582360519e-01
5.360770014093572122e-01,1.839079615563770087e-01,-7.696099343458909781e-01,2.941085840165900689e-01
5.360770014093573232e-01,1.829582803707583416e-01,-7.213187751061199693e-01,3.985560699363814852e-01
5.360770014093569902e-01,1.801451882645582203e-01,-6.594041861355238732e-01,4.953335028160588682e-01
5.360770014093572122e-01,1.760068507101183732e-01,-5.837992108007074021e-01,5.837992108007078462e-01
3.543067373357633998e-01,1.711131070651776831e-01,-5.675670944583570687e-01,7.232251611753327536e-01
1.309988949563630767e-01,1.610900316382040398e-01,-5.343214366873394461e-01,8.193838499283421228e-01
1.309988949563632987e-01,1.628796933540020420e-01,-4.478596948598949634e-01,-8.693280098634345032e-01
3.543067373357629557e-01,1.738139090235080730e-01,-4.779247962389485682e-01,-7.847568732087754073e-01
5.360770014093569902e-01,1.801451882645582203e-01,-4.953335028160588682e-01,-6.594041861355238732e-01
6.832315830601862761e-01,1.818641478753017238e-01,-5.000600142116253810e-01,-5.000600142116256031e-01
6.832315830601864981e-01,1.866020650205287013e-01,-5.771803504155349485e-01,-4.064936854778264386e-01
6.832315830601863871e-01,1.889449973304654640e-01,-6.373314472437211498e-01,-3.021638930234488707e-01
6.832315830601864981e-01,1.866482777519925529e-01,-6.808226235470598020e-01,-1.866482777519926917e-01
6.832315830601863871e-01,2.119800359754404895e-01,-6.919464043181347002e-01,-9.731002932959684215e-02
6.832315830601864981e-01,2.209143287647168385e-01,-6.959823728051638403e-01,-4.343592822884265095e-17
6.832315830601863871e-01,2.119800359754404895e-01,-6.919464043181347002e-01,9.731002932959684215e-02
6.832315830601864981e-01,1.866482777519925529e-01,-6.808226235470598020e-01,1.866482777519926639e-01
6.832315830601866091e-01,1.889449973304654362e-01,-6.373314472437210387e-01,3.021638930234485376e-01
6.832315830601864981e-01,1.866020650205287013e-01,-5.771803504155349485e-01,4.064936854778264386e-01
6.832315830601862761e-01,1.818641478753017238e-01,-5.000600142116253810e-01,5.000600142116256031e-01
5.360770014093569902e-01,1.801451882645582203e-01,-4.953335028160588682e-01,6.594041861355238732e-01
3.543067373357631777e-01,1.738139090235081008e-01,-4.779247962389486792e-01,7.847568732087751853e-01
1.309988949563632987e-01,1.628796933540020420e-01,-4.478596948598949634e-01,8.693280098634345032e-01
1.309988949563636873e-01,1.638910414285622563e-01,-3.570200224727752558e-01,-9.102283887097852855e-01
3.543067373357631777e-01,1.755181355589367220e-01,-3.823484685643742664e-01,-8.351465551356115347e-01
5.360770014093573232e-01,1.829582803707583416e-01,-3.985560699363814852e-01,-7.213187751061199693e-01
6.832315830601864981e-01,1.866020650205287013e-01,-4.064936854778264386e-01,-5.771803504155349485e-01
7.998364879955843776e-01,1.853121195365281249e-01,-4.036836699841652165e-01,-4.036836699841653275e-01
7.998364879955841555e-01,1.903943001570125859e-01,-4.809392195626112643e-01,-3.044816415239473550e-01
7.998364879955843776e-01,1.898816395691849679e-01,-5.367974649529612119e-01,-1.898816395691851622e-01
7.998364879955843776e-01,2.161525187296816086e-01,-5.510843831003430227e-01,-9.922541922621654076e-02
7.998364879955843776e-01,2.254495316081570333e-01,-5.562680119947147617e-01,-4.432763473929139747e-17
7.998364879955843776e-01,2.161525187296816086e-01,-5.510843831003430227e-01,9.922541922621654076e-02
7.998364879955842666e-01,1.898816395691850234e-01,-5.367974649529613229e-01,1.898816395691851622e-01
7.998364879955844886e-01,1.903943001570125582e-01,-4.809392195626112088e-01,3.044816415239469665e-01
7.998364879955843776e-01,1.853121195365281249e-01,-4.036836699841652165e-01,4.036836699841653275e-01
6.832315830601864981e-01,1.866020650205287013e-01,-4.064936854778264386e-01,5.771803504155349485e-01
5.360770014093573232e-01,1.829582803707583416e-01,-3.985560699363814852e-01,7.213187751061199693e-01
3.543067373357636218e-01,1.755181355589367220e-01,-3.823484685643742664e-01,8.351465551356114236e-01
1.309988949563636873e-01,1.638910414285622563e-01,-3.570200224727752558e-01,9.102283887097852855e-01
1.309988949563630767e-01,1.636134761990825082e-01,-2.616533150806145680e-01,-9.421292175883246856e-01
3.543067373357629557e-01,1.756877409285153013e-01,-2.809626743522975478e-01,-8.744487001458270958e-01
5.360770014093567681e-01,1.839079615563770365e-01,-2.941085840165904575e-01,-7.696099343458910891e-01
6.832315830601863871e-01,1.889449973304654640e-01,-3.021638930234488707e-01,-6.373314472437211498e-01
7.998364879955841555e-01,1.903943001570125859e-01,-3.044816415239473550e-01,-4.809392195626112643e-01
8.884548914866745584e-01,1.856012459335017739e-01,-2.968165117554387722e-01,-2.968165117554389387e-01
8.884548914866745584e-01,1.893478447474808146e-01,-3.727501752814733060e-01,-1.893478447474810367e-01
8.884548914866746694e-01,2.166898434580586952e-01,-3.921718027931512252e-01,-9.947207964797415147e-02
8.884548914866746694e-01,2.264344391234399123e-01,-3.992184246402641912e-01,-4.452128615332636863e-17
8.884548914866746694e-01,2.166898434580586952e-01,-3.921718027931512252e-01,9.947207964797415147e-02
8.884548914866745584e-01,1.893478447474808146e-01,-3.727501752814733615e-01,1.893478447474809534e-01
8.884548914866746694e-01,1.856012459335017739e-01,-2.968165117554388832e-01,2.968165117554384946e-01
7.998364879955841555e-01,1.903943001570125859e-01,-3.044816415239473550e-01,4.809392195626112643e-01
6.832315830601863871e-01,1.889449973304654640e-01,-3.021638930234488707e-01,6.373314472437211498e-01
5.360770014093567681e-01,1.839079615563770365e-01,-2.941085840165904575e-01,7.696099343458910891e-01
3.543067373357627337e-01,1.756877409285152736e-01,-2.809626743522974923e-01,8.744487001458270958e-01
1.309988949563630767e-01,1.636134761990825082e-01,-2.616533150806145680e-01,9.421292175883246856e-01
1.309988949563632987e-01,1.600605905012319197e-01,-1.600605905012320584e-01,-9.651945421815260051e-01
3.543067373357631222e-01,1.721928856633590799e-01,-1.721928856633592464e-01,-9.028654141854903781e-01
5.360770014093572122e-01,1.807752369582359409e-01,-1.807752369582361629e-01,-8.045259945864641216e-01
6.832315830601864981e-01,1.866482777519925529e-01,-1.866482777519926917e-01,-6.808226235470598020e-01
7.998364879955843776e-01,1.898816395691849679e-01,-1.898816395691851622e-01,-5.367974649529612119e-01
8.884548914866745584e-01,1.893478447474808146e-01,-1.893478447474810367e-01,-3.727501752814733060e-01
9.507405430238866639e-01,1.789715245978578950e-01,-1.789715245978581171e-01,-1.789715245978581726e-01
9.507405430238866639e-01,2.084859362822504836e-01,-2.084859362822507611e-01,-9.570605307749240065e-02
9.507405430238866639e-01,2.191944568763601608e-01,-2.191944568763603829e-01,-4.309776894183222573e-17
9.507405430238866639e-01,2.084859362822504836e-01,-2.084859362822507611e-01,9.570605307749240065e-02
9.507405430238866639e-01,1.789715245978578950e-01,-1.789715245978582558e-01,1.789715245978580060e-01
8.884548914866746694e-01,1.893478447474808146e-01,-1.893478447474810089e-01,3.727501752814730840e-01
7.998364879955843776e-01,1.898816395691849679e-01,-1.898816395691851622e-01,5.367974649529612119e-01
6.832315830601864981e-01,1.866482777519925529e-01,-1.866482777519926917e-01,6.808226235470598020e-01
5.360770014093572122e-01,1.807752369582359409e-01,-1.807752369582361629e-01,8.045259945864641216e-01
3.543067373357631222e-01,1.721928856633590799e-01,-1.721928856633592464e-01,9.028654141854903781e-01
1.309988949563632987e-01,1.600605905012319197e-01,-1.600605905012320584e-01,9.651945421815260051e-01
1.309988949563632710e-01,1.813443295040871039e-01,-8.324662245478291200e-02,-9.710939828496496506e-01
3.543067373357629557e-01,1.951812117079451681e-01,-8.959848199142156355e-02,-9.101335849750507023e-01
5.360770014093572122e-01,2.050585121392910493e-01,-9.413268442349806420e-02,-8.134565095211903074e-01
6.832315830601863871e-01,2.119800359754404895e-01,-9.731002932959684215e-02,-6.919464043181347002e-01
7.998364879955843776e-01,2.161525187296815809e-01,-9.922541922621652688e-02,-5.510843831003429116e-01
8.884548914866746694e-01,2.166898434580586952e-01,-9.947207964797415147e-02,-3.921718027931512252e-01
9.507405430238866639e-01,2.084859362822504836e-01,-9.570605307749240065e-02,-2.084859362822507611e-01
9.507405430238867750e-01,2.772337114331290264e-01,-9.806602137248510154e-02,-9.806602137248517093e-02
9.507405430238867750e-01,2.872894445027546206e-01,-1.164353680285487025e-01,-4.578678365741814431e-17
9.507405430238867750e-01,2.772337114331290264e-01,-9.806602137248510154e-02,9.806602137248517093e-02
9.507405430238867750e-01,2.084859362822503170e-01,-9.570605307749231738e-02,2.084859362822504003e-01
8.884548914866748914e-01,2.166898434580586674e-01,-9.947207964797413760e-02,3.921718027931509476e-01
7.998364879955843776e-01,2.161525187296815809e-01,-9.922541922621652688e-02,5.510843831003429116e-01
6.832315830601863871e-01,2.119800359754404895e-01,-9.731002932959684215e-02,6.919464043181347002e-01
5.360770014093572122e-01,2.050585121392910493e-01,-9.413268442349806420e-02,8.134565095211903074e-01
3.543067373357633998e-01,1.951812117079452236e-01,-8.959848199142159131e-02,9.101335849750505913e-01
1.309988949563632710e-01,1.813443295040871039e-01,-8.324662245478291200e-02,9.710939828496496506e-01
1.309988949563632987e-01,1.888227150629363804e-01,-3.712611103729743991e-17,-9.732344382503492763e-01
3.543067373357633998e-01,2.032645578351271742e-01,-3.996565000995143683e-17,-9.127706477569141885e-01
5.360770014093571012e-01,2.136069588415285547e-01,-4.199916132784522085e-17,-8.166967097365005479e-01
6.832315830601864981e-01,2.209143287647168385e-01,-4.343592822884265095e-17,-6.959823728051638403e-01
7.998364879955843776e-01,2.254495316081570333e-01,-4.432763473929139747e-17,-5.562680119947147617e-01
8.884548914866746694e-01,2.264344391234399123e-01,-4.452128615332636863e-17,-3.992184246402641912e-01
9.507405430238866639e-01,2.191944568763601608e-01,-4.309776894183222573e-17,-2.191944568763603829e-01
9.507405430238867750e-01,2.872894445027546206e-01,-4.578678365741814431e-17,-1.164353680285487025e-01
9.507405430238867750e-01,3.099877737115528387e-01,-4.664110198964587360e-17,-9.396972125571961372e-16
9.507405430238867750e-01,2.872894445027546206e-01,-4.578678365741814431e-17,1.164353680285487025e-01
9.507405430238867750e-01,2.191944568763599943e-01,-4.309776894183218259e-17,2.191944568763600498e-01
8.884548914866746694e-01,2.264344391234399123e-01,-4.452128615332636863e-17,3.992184246402641912e-01
7.998364879955843776e-01,2.254495316081570333e-01,-4.432763473929139747e-17,5.562680119947147617e-01
6.832315830601864981e-01,2.209143287647168385e-01,-4.343592822884265095e-17,6.959823728051638403e-01
5.360770014093571012e-01,2.136069588415285547e-01,-4.199916132784522085e-17,8.166967097365005479e-01
3.543067373357633998e-01,2.032645578351271742e-01,-3.996565000995143683e-17,9.127706477569141885e-01
1.309988949563632987e-01,1.888227150629363804e-01,-3.712611103729743991e-17,9.732344382503492763e-01
1.309988949563632710e-01,1.813443295040871039e-01,8.324662245478291200e-02,-9.710939828496496506e-01
3.543067373357629557e-01,1.951812117079451681e-01,8.959848199142156355e-02,-9.101335849750507023e-01
5.360770014093572122e-01,2.050585121392910493e-01,9.413268442349806420e-02,-8.134565095211903074e-01
6.832315830601863871e-01,2.119800359754404895e-01,9.731002932959684215e-02,-6.919464043181347002e-01
7.998364879955843776e-01,2.161525187296815809e-01,9.922541922621652688e-02,-5.510843831003429116e-01
8.884548914866746694e-01,2.166898434580586952e-01,9.947207964797415147e-02,-3.921718027931512252e-01
9.507405430238866639e-01,2.084859362822504836e-01,9.570605307749240065e-02,-2.084859362822507611e-01
9.507405430238867750e-01,2.772337114331290264e-01,9.806602137248510154e-02,-9.806602137248517093e-02
9.507405430238867750e-01,2.872894445027546206e-01,1.164353680285487025e-01,-4.578678365741814431e-17
9.507405430238867750e-01,2.772337114331290264e-01,9.806602137248510154e-02,9.806602137248517093e-02
9.507405430238867750e-01,2.084859362822503170e-01,9.570605307749231738e-02,2.084859362822504003e-01
8.884548914866748914e-01,2.166898434580586674e-01,9.947207964797413760e-02,3.921718027931509476e-01
7.998364879955843776e-01,2.161525187296815809e-01,9.922541922621652688e-02,5.510843831003429116e-01
6.832315830601863871e-01,2.119800359754404895e-01,9.731002932959684215e-02,6.919464043181347002e-01
5.360770014093572122e-01,2.050585121392910493e-01,9.413268442349806420e-02,8.134565095211903074e-01
3.543067373357633998e-01,1.951812117079452236e-01,8.959848199142159131e-02,9.101335849750505913e-01
1.309988949563632710e-01,1.813443295040871039e-01,8.324662245478291200e-02,9.710939828496496506e-01
1.309988949563632987e-01,1.600605905012319197e-01,1.600605905012320029e-01,-9.651945421815260051e-01
3.543067373357631777e-01,1.721928856633591076e-01,1.721928856633591909e-01,-9.028654141854904891e-01
5.360770014093572122e-01,1.807752369582359131e-01,1.807752369582359964e-01,-8.045259945864641216e-01
6.832315830601864981e-01,1.866482777519925529e-01,1.866482777519926639e-01,-6.808226235470598020e-01
7.998364879955842666e-01,1.898816395691850234e-01,1.898816395691851622e-01,-5.367974649529613229e-01
8.884548914866745584e-01,1.893478447474808146e-01,1.893478447474809534e-01,-3.727501752814733615e-01
9.507405430238866639e-01,1.789715245978578950e-01,1.789715245978580060e-01,-1.789715245978582558e-01
9.507405430238867750e-01,2.084859362822503170e-01,2.084859362822504003e-01,-9.570605307749231738e-02
9.507405430238867750e-01,2.191944568763599943e-01,2.191944568763600498e-01,-4.309776894183218259e-17
9.507405430238867750e-01,2.084859362822503170e-01,2.084859362822504003e-01,9.570605307749231738e-02
9.507405430238866639e-01,1.789715245978579783e-01,1.789715245978580893e-01,1.789715245978581171e-01
8.884548914866746694e-01,1.893478447474808146e-01,1.893478447474809256e-01,3.727501752814731395e-01
7.998364879955842666e-01,1.898816395691850234e-01,1.898816395691851622e-01,5.367974649529613229e-01
6.832315830601864981e-01,1.866482777519925529e-01,1.866482777519926639e-01,6.808226235470598020e-01
5.360770014093572122e-01,1.807752369582359131e-01,1.807752369582359964e-01,8.045259945864641216e-01
3.543067373357631777e-01,1.721928856633590799e-01,1.721928856633591631e-01,9.028654141854904891e-01
1.309988949563632987e-01,1.600605905012319197e-01,1.600605905012320029e-01,9.651945421815260051e-01
1.309988949563634653e-01,1.636134761990825082e-01,2.616533150806143460e-01,-9.421292175883246856e-01
3.543067373357631222e-01,1.756877409285152458e-01,2.809626743522971593e-01,-8.744487001458269848e-01
5.360770014093572122e-01,1.839079615563770087e-01,2.941085840165900689e-01,-7.696099343458909781e-01
6.832315830601866091e-01,1.889449973304654362e-01,3.021638930234485376e-01,-6.373314472437210387e-01
7.998364879955843776e-01,1.903943001570125304e-01,3.044816415239469110e-01,-4.809392195626111532e-01
8.884548914866746694e-01,1.856012459335017739e-01,2.968165117554384946e-01,-2.968165117554388832e-01
8.884548914866746694e-01,1.893478447474808146e-01,3.727501752814730840e-01,-1.893478447474810089e-01
8.884548914866748914e-01,2.166898434580586674e-01,3.921718027931509476e-01,-9.947207964797413760e-02
8.884548914866746694e-01,2.264344391234399123e-01,3.992184246402641912e-01,-4.452128615332636863e-17
8.884548914866748914e-01,2.166898434580586674e-01,3.921718027931509476e-01,9.947207964797413760e-02
8.884548914866746694e-01,1.893478447474808146e-01,3.727501752814731395e-01,1.893478447474809256e-01
8.884548914866746694e-01,1.856012459335018017e-01,2.968165117554385501e-01,2.968165117554387722e-01
7.998364879955843776e-01,1.903943001570125304e-01,3.044816415239469110e-01,4.809392195626111532e-01
6.832315830601866091e-01,1.889449973304654362e-01,3.021638930234485376e-01,6.373314472437210387e-01
5.360770014093572122e-01,1.839079615563770087e-01,2.941085840165900689e-01,7.696099343458909781e-01
3.543067373357635663e-01,1.756877409285153013e-01,2.809626743522972148e-01,8.744487001458268738e-01
1.309988949563634653e-01,1.636134761990825082e-01,2.616533150806143460e-01,9.421292175883246856e-01
1.309988949563636873e-01,1.638910414285622563e-01,3.570200224727752558e-01,-9.102283887097852855e-01
3.543067373357631777e-01,1.755181355589367220e-01,3.823484685643742664e-01,-8.351465551356115347e-01
5.360770014093573232e-01,1.829582803707583416e-01,3.985560699363814852e-01,-7.213187751061199693e-01
6.832315830601864981e-01,1.866020650205287013e-01,4.064936854778264386e-01,-5.771803504155349485e-01
7.998364879955843776e-01,1.853121195365281249e-01,4.036836699841652165e-01,-4.036836699841653275e-01
7.998364879955841555e-01,1.903943001570125859e-01,4.809392195626112643e-01,-3.044816415239473550e-01
7.998364879955843776e-01,1.898816395691849679e-01,5.367974649529612119e-01,-1.898816395691851622e-01
7.998364879955843776e-01,2.161525187296816086e-01,5.510843831003430227e-01,-9.922541922621654076e-02
7.998364879955843776e-01,2.254495316081570333e-01,5.562680119947147617e-01,-4.432763473929139747e-17
7.998364879955843776e-01,2.161525187296816086e-01,5.510843831003430227e-01,9.922541922621654076e-02
7.998364879955842666e-01,1.898816395691850234e-01,5.367974649529613229e-01,1.898816395691851622e-01
7.998364879955844886e-01,1.903943001570125582e-01,4.809392195626112088e-01,3.044816415239469665e-01
7.998364879955843776e-01,1.853121195365281249e-01,4.036836699841652165e-01,4.036836699841653275e-01
6.832315830601864981e-01,1.866020650205287013e-01,4.064936854778264386e-01,5.771803504155349485e-01
5.360770014093573232e-01,1.829582803707583416e-01,3.985560699363814852e-01,7.213187751061199693e-01
3.543067373357636218e-01,1.755181355589367220e-01,3.823484685643742664e-01,8.351465551356114236e-01
1.309988949563636873e-01,1.638910414285622563e-01,3.570200224727752558e-01,9.102283887097852855e-01
1.309988949563632987e-01,1.628796933540020420e-01,4.478596948598949634e-01,-8.693280098634345032e-01
3.543067373357629557e-01,1.738139090235080730e-01,4.779247962389485682e-01,-7.847568732087754073e-01
5.360770014093569902e-01,1.801451882645582203e-01,4.953335028160588682e-01,-6.594041861355238732e-01
6.832315830601862761e-01,1.818641478753017238e-01,5.000600142116253810e-01,-5.000600142116256031e-01
6.832315830601864981e-01,1.866020650205287013e-01,5.771803504155349485e-01,-4.064936854778264386e-01
6.832315830601863871e-01,1.889449973304654640e-01,6.373314472437211498e-01,-3.021638930234488707e-01
6.832315830601864981e-01,1.866482777519925529e-01,6.808226235470598020e-01,-1.866482777519926917e-01
6.832315830601863871e-01,2.119800359754404895e-01,6.919464043181347002e-01,-9.731002932959684215e-02
6.832315830601864981e-01,2.209143287647168385e-01,6.959823728051638403e-01,-4.343592822884265095e-17
6.832315830601863871e-01,2.119800359754404895e-01,6.919464043181347002e-01,9.731002932959684215e-02
6.832315830601864981e-01,1.866482777519925529e-01,6.808226235470598020e-01,1.866482777519926639e-01
6.832315830601866091e-01,1.889449973304654362e-01,6.373314472437210387e-01,3.021638930234485376e-01
6.832315830601864981e-01,1.866020650205287013e-01,5.771803504155349485e-01,4.064936854778264386e-01
6.832315830601862761e-01,1.818641478753017238e-01,5.000600142116253810e-01,5.000600142116256031e-01
5.360770014093569902e-01,1.801451882645582203e-01,4.953335028160588682e-01,6.594041861355238732e-01
3.543067373357631777e-01,1.738139090235081008e-01,4.779247962389486792e-01,7.847568732087751853e-01
1.309988949563632987e-01,1.628796933540020420e-01,4.478596948598949634e-01,8.693280098634345032e-01
1.309988949563630767e-01,1.610900316382040398e-01,5.343214366873394461e-01,-8.193838499283421228e-01
3.543067373357629557e-01,1.711131070651776831e-01,5.675670944583569577e-01,-7.232251611753330867e-01
5.360770014093572122e-01,1.760068507101183732e-01,5.837992108007074021e-01,-5.837992108007078462e-01
5.360770014093569902e-01,1.801451882645582203e-01,6.594041861355238732e-01,-4.953335028160588682e-01
5.360770014093573232e-01,1.829582803707583416e-01,7.213187751061199693e-01,-3.985560699363814852e-01
5.360770014093567681e-01,1.839079615563770365e-01,7.696099343458910891e-01,-2.941085840165904575e-01
5.360770014093572122e-01,1.807752369582359409e-01,8.045259945864641216e-01,-1.807752369582361629e-01
5.360770014093572122e-01,2.050585121392910493e-01,8.134565095211903074e-01,-9.413268442349806420e-02
5.360770014093571012e-01,2.136069588415285547e-01,8.166967097365005479e-01,-4.199916132784522085e-17
5.360770014093572122e-01,2.050585121392910493e-01,8.134565095211903074e-01,9.413268442349806420e-02
5.360770014093571012e-01,1.807752369582359686e-01,8.045259945864643436e-01,1.807752369582360519e-01
5.360770014093572122e-01,1.839079615563770087e-01,7.696099343458909781e-01,2.941085840165900689e-01
5.360770014093573232e-01,1.829582803707583416e-01,7.213187751061199693e-01,3.985560699363814852e-01
5.360770014093569902e-01,1.801451882645582203e-01,6.594041861355238732e-01,4.953335028160588682e-01
5.360770014093572122e-01,1.760068507101183732e-01,5.837992108007074021e-01,5.837992108007078462e-01
3.543067373357633998e-01,1.711131070651776831e-01,5.675670944583570687e-01,7.232251611753327536e-01
1.309988949563630767e-01,1.610900316382040398e-01,5.343214366873394461e-01,8.193838499283421228e-01
1.309988949563630489e-01,1.586887825467747648e-01,6.160187961681269364e-01,-7.603801697714150931e-01
3.543067373357629557e-01,1.675795222726467470e-01,6.505320282635427276e-01,-6.505320282635431717e-01
3.543067373357633998e-01,1.711131070651776831e-01,7.232251611753327536e-01,-5.675670944583570687e-01
3.543067373357631777e-01,1.738139090235081008e-01,7.847568732087751853e-01,-4.779247962389486792e-01
3.543067373357636218e-01,1.755181355589367220e-01,8.351465551356114236e-01,-3.823484685643742664e-01
3.543067373357627337e-01,1.756877409285152736e-01,8.744487001458270958e-01,-2.809626743522974923e-01
3.543067373357631777e-01,1.721928856633591076e-01,9.028654141854904891e-01,-1.721928856633592742e-01
3.543067373357631777e-01,1.951812117079452513e-01,9.101335849750507023e-01,-8.959848199142159131e-02
3.543067373357633998e-01,2.032645578351271742e-01,9.127706477569141885e-01,-3.996565000995143683e-17
3.543067373357631777e-01,1.951812117079452513e-01,9.101335849750507023e-01,8.959848199142159131e-02
3.543067373357631777e-01,1.721928856633590799e-01,9.028654141854904891e-01,1.721928856633591631e-01
3.543067373357635663e-01,1.756877409285153013e-01,8.744487001458268738e-01,2.809626743522972148e-01
3.543067373357636218e-01,1.755181355589367220e-01,8.351465551356114236e-01,3.823484685643742664e-01
3.543067373357631777e-01,1.738139090235081008e-01,7.847568732087751853e-01,4.779247962389486792e-01
3.543067373357633998e-01,1.711131070651776831e-01,7.232251611753327536e-01,5.675670944583570687e-01
3.543067373357633443e-01,1.675795222726467748e-01,6.505320282635428386e-01,6.505320282635429496e-01
1.309988949563630489e-01,1.586887825467747648e-01,6.160187961681269364e-01,7.603801697714150931e-01
1.309988949563637151e-01,1.557314668798931157e-01,6.923102627231695338e-01,-6.923102627231698669e-01
1.309988949563628546e-01,1.586887825467747370e-01,7.603801697714150931e-01,-6.160187961681270474e-01
1.309988949563630489e-01,1.610900316382040398e-01,8.193838499283421228e-01,-5.343214366873394461e-01
1.309988949563630489e-01,1.628796933540020420e-01,8.693280098634345032e-01,-4.478596948598949634e-01
1.309988949563636873e-01,1.638910414285622563e-01,9.102283887097852855e-01,-3.570200224727752558e-01
1.309988949563630767e-01,1.636134761990825082e-01,9.421292175883246856e-01,-2.616533150806145680e-01
1.309988949563632987e-01,1.600605905012319197e-01,9.651945421815260051e-01,-1.600605905012320584e-01
1.309988949563632710e-01,1.813443295040871039e-01,9.710939828496496506e-01,-8.324662245478291200e-02
1.309988949563632987e-01,1.888227150629363804e-01,9.732344382503492763e-01,-3.712611103729743991e-17
1.309988949563632710e-01,1.813443295040871039e-01,9.710939828496496506e-01,8.324662245478291200e-02
1.309988949563632987e-01,1.600605905012319197e-01,9.651945421815260051e-01,1.600605905012320029e-01
1.309988949563634653e-01,1.636134761990825082e-01,9.421292175883246856e-01,2.616533150806143460e-01
1.309988949563636873e-01,1.638910414285622563e-01,9.102283887097852855e-01,3.570200224727752558e-01
1.309988949563630489e-01,1.628796933540020420e-01,8.693280098634345032e-01,4.478596948598949634e-01
1.309988949563630489e-01,1.610900316382040398e-01,8.193838499283421228e-01,5.343214366873394461e-01
1.309988949563630489e-01,1.586887825467747648e-01,7.603801697714150931e-01,6.160187961681269364e-01
1.309988949563637151e-01,1.557314668798931157e-01,6.923102627231695338e-01,6.923102627231698669e-01
1.309988949563624105e-01,2.318992650111487142e-01,-6.815651180949259258e-01,-6.815651180949262589e-01
1.309988949563619665e-01,2.360432420087980598e-01,-7.496932722594075171e-01,-6.042208825844817000e-01
1.309988949563632987e-01,2.391895451546637297e-01,-8.087857318100117876e-01,-5.210501809129910455e-01
1.309988949563628269e-01,2.411205734195679684e-01,-8.588746017171086100e-01,-4.324749439208109281e-01
1.309988949563632710e-01,2.412785718212154262e-01,-9.000334099708208191e-01,-3.384727481444002040e-01
1.309988949563632987e-01,2.380739659798393193e-01,-9.324595771214280182e-01,-2.380739659798395413e-01
1.309988949563634653e-01,2.616533150806143460e-01,-9.421292175883246856e-01,-1.636134761990825914e-01
1.309988949563632987e-01,2.765132796003039184e-01,-9.483828481542888600e-01,-8.336467508276558525e-02
1.309988949563632987e-01,2.815940970923289099e-01,-9.505493432762803785e-01,-3.691114427136140378e-17
1.309988949563632987e-01,2.765132796003039184e-01,-9.483828481542888600e-01,8.336467508276558525e-02
1.309988949563634653e-01,2.616533150806143460e-01,-9.421292175883246856e-01,1.636134761990825082e-01
1.309988949563632987e-01,2.380739659798393471e-01,-9.324595771214280182e-01,2.380739659798394581e-01
1.309988949563632710e-01,2.412785718212154262e-01,-9.000334099708208191e-01,3.384727481444002040e-01
1.309988949563628269e-01,2.411205734195679684e-01,-8.588746017171086100e-01,4.324749439208109281e-01
1.309988949563632987e-01,2.391895451546637297e-01,-8.087857318100117876e-01,5.210501809129910455e-01
1.309988949563624105e-01,2.360432420087980321e-01,-7.496932722594075171e-01,6.042208825844815889e-01
1.309988949563624105e-01,2.318992650111487142e-01,-6.815651180949259258e-01,6.815651180949262589e-01
1.309988949563619665e-01,2.360432420087980598e-01,-6.042208825844817000e-01,-7.496932722594075171e-01
3.543067373357623451e-01,2.489914889574870727e-01,-6.373656620438618026e-01,-6.373656620438621356e-01
3.543067373357633443e-01,2.538136636058142548e-01,-7.101681720698798106e-01,-5.529073407221201109e-01
3.543067373357625671e-01,2.570650737372532357e-01,-7.718781682578124137e-01,-4.610730713345900234e-01
3.543067373357633443e-01,2.581705305404990436e-01,-8.225862378378875350e-01,-3.621692896404027362e-01
3.543067373357629557e-01,2.554398814818179542e-01,-8.625356049321073471e-01,-2.554398814818181762e-01
3.543067373357631222e-01,2.809626743522971593e-01,-8.744487001458269848e-01,-1.756877409285153013e-01
3.543067373357631222e-01,2.970706580912621519e-01,-8.821532364849810071e-01,-8.956242146561338435e-02
3.543067373357631777e-01,3.025823704411136905e-01,-8.848223804678108095e-01,-3.966227149165166038e-17
3.543067373357631222e-01,2.970706580912621519e-01,-8.821532364849810071e-01,8.956242146561338435e-02
3.543067373357631222e-01,2.809626743522971593e-01,-8.744487001458269848e-01,1.756877409285152458e-01
3.543067373357630112e-01,2.554398814818179542e-01,-8.625356049321073471e-01,2.554398814818180652e-01
3.543067373357633443e-01,2.581705305404990436e-01,-8.225862378378875350e-01,3.621692896404027362e-01
3.543067373357625671e-01,2.570650737372532357e-01,-7.718781682578124137e-01,4.610730713345900234e-01
3.543067373357633443e-01,2.538136636058142548e-01,-7.101681720698798106e-01,5.529073407221201109e-01
3.543067373357622896e-01,2.489914889574869894e-01,-6.373656620438621356e-01,6.373656620438616915e-01
1.309988949563619665e-01,2.360432420087980598e-01,-6.042208825844817000e-01,7.496932722594075171e-01
1.309988949563632987e-01,2.391895451546637297e-01,-5.210501809129910455e-01,-8.087857318100117876e-01
3.543067373357633443e-01,2.538136636058142548e-01,-5.529073407221201109e-01,-7.101681720698798106e-01
5.360770014093573232e-01,2.606299291826289499e-01,-5.677558844143361094e-01,-5.677558844143362204e-01
5.360770014093564351e-01,2.660209821713335199e-01,-6.435799202735125180e-01,-4.771364289438517758e-01
5.360770014093569902e-01,2.687395536290572151e-01,-7.058857171249646179e-01,-3.769958291999816469e-01
5.360770014093571012e-01,2.670566738849645683e-01,-7.549721282451105075e-01,-2.670566738849647903e-01
5.360770014093573232e-01,2.941085840165900689e-01,-7.696099343458909781e-01,-1.839079615563770642e-01
5.360770014093573232e-01,3.112191815416698315e-01,-7.790766184448373322e-01,-9.382799258772751838e-02
5.360770014093571012e-01,3.170806939354468557e-01,-7.823562373326922170e-01,-4.156270092436359062e-17
5.360770014093573232e-01,3.112191815416698315e-01,-7.790766184448373322e-01,9.382799258772751838e-02
5.360770014093572122e-01,2.941085840165900689e-01,-7.696099343458909781e-01,1.839079615563770087e-01
5.360770014093571012e-01,2.670566738849645683e-01,-7.549721282451105075e-01,2.670566738849646793e-01
5.360770014093569902e-01,2.687395536290572151e-01,-7.058857171249646179e-01,3.769958291999816469e-01
5.360770014093564351e-01,2.660209821713335199e-01,-6.435799202735125180e-01,4.771364289438517758e-01
5.360770014093573232e-01,2.606299291826289499e-01,-5.677558844143361094e-01,5.677558844143362204e-01
3.543067373357633443e-01,2.538136636058143103e-01,-5.529073407221202219e-01,7.101681720698795885e-01
1.309988949563632987e-01,2.391895451546637297e-01,-5.210501809129910455e-01,8.087857318100117876e-01
1.309988949563628269e-01,2.411205734195679684e-01,-4.324749439208109281e-01,-8.588746017171086100e-01
3.543067373357625671e-01,2.570650737372532357e-01,-4.610730713345900234e-01,-7.718781682578124137e-01
5.360770014093566571e-01,2.660209821713334644e-01,-4.771364289438517203e-01,-6.435799202735124069e-01
6.832315830601859430e-01,2.678123477330059954e-01,-4.803494302644728542e-01,-4.803494302644732428e-01
6.832315830601864981e-01,2.734202829031567861e-01,-5.579570519983174659e-01,-3.835620952747756385e-01
6.832315830601863871e-01,2.737803801368728362e-01,-6.190987084571331067e-01,-2.737803801368730583e-01
6.832315830601864981e-01,3.021638930234484821e-01,-6.373314472437209277e-01,-1.889449973304654640e-01
6.832315830601864981e-01,3.201809304337123741e-01,-6.491230762052515590e-01,-9.652982768815515646e-02
6.832315830601864981e-01,3.263644039184915857e-01,-6.532081442878672206e-01,-4.277960270638242436e-17
6.832315830601864981e-01,3.201809304337123741e-01,-6.491230762052515590e-01,9.652982768815515646e-02
6.832315830601866091e-01,3.021638930234485376e-01,-6.373314472437210387e-01,1.889449973304654362e-01
6.832315830601862761e-01,2.737803801368729473e-01,-6.190987084571333288e-01,2.737803801368730583e-01
6.832315830601864981e-01,2.734202829031567861e-01,-5.579570519983174659e-01,3.835620952747756385e-01
6.832315830601859430e-01,2.678123477330059954e-01,-4.803494302644728542e-01,4.803494302644732428e-01
5.360770014093566571e-01,2.660209821713334644e-01,-4.771364289438517203e-01,6.435799202735124069e-01
3.543067373357627892e-01,2.570650737372532912e-01,-4.610730713345900234e-01,7.718781682578123027e-01
1.309988949563628269e-01,2.411205734195679684e-01,-4.324749439208109281e-01,8.588746017171086100e-01
1.309988949563632710e-01,2.412785718212154262e-01,-3.384727481444002040e-01,-9.000334099708208191e-01
3.543067373357633443e-01,2.581705305404990436e-01,-3.621692896404027362e-01,-8.225862378378875350e-01
5.360770014093569902e-01,2.687395536290572151e-01,-3.769958291999816469e-01,-7.058857171249646179e-01
6.832315830601864981e-01,2.734202829031567861e-01,-3.835620952747756385e-01,-5.579570519983174659e-01
7.998364879955843776e-01,2.701639898085702041e-01,-3.789940705879209504e-01,-3.789940705879211724e-01
7.998364879955842666e-01,2.747138020449341189e-01,-4.575218534703266449e-01,-2.747138020449343410e-01
7.998364879955843776e-01,3.044816415239469110e-01,-4.809392195626111532e-01,-1.903943001570126137e-01
7.998364879955843776e-01,3.234970508132712363e-01,-4.960838939556688754e-01,-9.752958906806739880e-02
7.998364879955842666e-01,3.300442965754751823e-01,-5.013305843142720208e-01,-4.326196029188433825e-17
7.998364879955843776e-01,3.234970508132712363e-01,-4.960838939556688754e-01,9.752958906806739880e-02
7.998364879955843776e-01,3.044816415239469110e-01,-4.809392195626111532e-01,1.903943001570125304e-01
7.998364879955841555e-01,2.747138020449341744e-01,-4.575218534703268114e-01,2.747138020449342855e-01
7.998364879955843776e-01,2.701639898085702041e-01,-3.789940705879209504e-01,3.789940705879211724e-01
6.832315830601864981e-01,2.734202829031567861e-01,-3.835620952747756385e-01,5.579570519983174659e-01
5.360770014093569902e-01,2.687395536290572151e-01,-3.769958291999816469e-01,7.058857171249646179e-01
3.543067373357635663e-01,2.581705305404990991e-01,-3.621692896404028472e-01,8.225862378378875350e-01
1.309988949563632710e-01,2.412785718212154262e-01,-3.384727481444002040e-01,9.000334099708208191e-01
1.309988949563632987e-01,2.380739659798393193e-01,-2.380739659798395413e-01,-9.324595771214280182e-01
3.543067373357629557e-01,2.554398814818178987e-01,-2.554398814818181207e-01,-8.625356049321072360e-01
5.360770014093571012e-01,2.670566738849646238e-01,-2.670566738849647903e-01,-7.549721282451105075e-01
6.832315830601863871e-01,2.737803801368728362e-01,-2.737803801368730583e-01,-6.190987084571331067e-01
7.998364879955842666e-01,2.747138020449341189e-01,-2.747138020449343410e-01,-4.575218534703266449e-01
8.884548914866745584e-01,2.649829590705793936e-01,-2.649829590705796156e-01,-2.649829590705797822e-01
8.884548914866746694e-01,2.968165117554384391e-01,-2.968165117554388832e-01,-1.856012459335018294e-01
8.884548914866746694e-01,3.174041725660743385e-01,-3.174041725660746160e-01,-9.569267614970546065e-02
8.884548914866745584e-01,3.245365201278596068e-01,-3.245365201278598288e-01,-4.254000506209950871e-17
8.884548914866746694e-01,3.174041725660743385e-01,-3.174041725660746160e-01,9.569267614970546065e-02
8.884548914866746694e-01,2.968165117554384946e-01,-2.968165117554388832e-01,1.856012459335017739e-01
8.884548914866745584e-01,2.649829590705793936e-01,-2.649829590705798377e-01,2.649829590705795046e-01
7.998364879955842666e-01,2.747138020449341189e-01,-2.747138020449343410e-01,4.575218534703266449e-01
6.832315830601863871e-01,2.737803801368728362e-01,-2.737803801368730583e-01,6.190987084571331067e-01
5.360770014093571012e-01,2.670566738849646238e-01,-2.670566738849647903e-01,7.549721282451105075e-01
3.543067373357633443e-01,2.554398814818178987e-01,-2.554398814818181207e-01,8.625356049321071250e-01
1.309988949563632987e-01,2.380739659798393193e-01,-2.380739659798395413e-01,9.324595771214280182e-01
1.309988949563634653e-01,2.616533150806143460e-01,-1.636134761990825914e-01,-9.421292175883246856e-01
3.543067373357631222e-01,2.809626743522971593e-01,-1.756877409285153013e-01,-8.744487001458269848e-01
5.360770014093572122e-01,2.941085840165900689e-01,-1.839079615563770642e-01,-7.696099343458909781e-01
6.832315830601864981e-01,3.021638930234484821e-01,-1.889449973304654640e-01,-6.373314472437209277e-01
7.998364879955843776e-01,3.044816415239469110e-01,-1.903943001570126137e-01,-4.809392195626111532e-01
8.884548914866746694e-01,2.968165117554384391e-01,-1.856012459335018294e-01,-2.968165117554388832e-01
8.884548914866746694e-01,3.727501752814730285e-01,-1.893478447474808701e-01,-1.893478447474809812e-01
8.884548914866748914e-01,3.921718027931509476e-01,-2.166898434580587507e-01,-9.947207964797410984e-02
8.884548914866746694e-01,3.992184246402641357e-01,-2.264344391234400233e-01,-4.452128615332635631e-17
8.884548914866748914e-01,3.921718027931509476e-01,-2.166898434580587507e-01,9.947207964797410984e-02
8.884548914866746694e-01,3.727501752814730840e-01,-1.893478447474810089e-01,1.893478447474808146e-01
8.884548914866746694e-01,2.968165117554385501e-01,-1.856012459335018849e-01,2.968165117554387722e-01
7.998364879955843776e-01,3.044816415239469110e-01,-1.903943001570126137e-01,4.809392195626111532e-01
6.832315830601864981e-01,3.021638930234484821e-01,-1.889449973304654640e-01,6.373314472437209277e-01
5.360770014093572122e-01,2.941085840165900689e-01,-1.839079615563770642e-01,7.696099343458909781e-01
3.543067373357635663e-01,2.809626743522972148e-01,-1.756877409285153568e-01,8.744487001458268738e-01
1.309988949563634653e-01,2.616533150806143460e-01,-1.636134761990825914e-01,9.421292175883246856e-01
1.309988949563632987e-01,2.765132796003039184e-01,-8.336467508276558525e-02,-9.483828481542888600e-01
3.543067373357629557e-01,2.970706580912622075e-01,-8.956242146561339823e-02,-8.821532364849810071e-01
5.360770014093573232e-01,3.112191815416698315e-01,-9.382799258772751838e-02,-7.790766184448373322e-01
6.832315830601864981e-01,3.201809304337123741e-01,-9.652982768815515646e-02,-6.491230762052515590e-01
7.998364879955842666e-01,3.234970508132711808e-01,-9.752958906806738493e-02,-4.960838939556688199e-01
8.884548914866746694e-01,3.174041725660743385e-01,-9.569267614970546065e-02,-3.174041725660746160e-01
8.884548914866748914e-01,3.921718027931509476e-01,-9.947207964797410984e-02,-2.166898434580587507e-01
8.884548914866747804e-01,4.374105050080089319e-01,-9.828518683412955370e-02,-9.828518683412963697e-02
8.884548914866747804e-01,4.440275673477067087e-01,-1.161353745793188980e-01,-4.566881490452889973e-17
8.884548914866747804e-01,4.374105050080089319e-01,-9.828518683412955370e-02,9.828518683412963697e-02
8.884548914866748914e-01,3.921718027931509476e-01,-9.947207964797413760e-02,2.166898434580586674e-01
8.884548914866747804e-01,3.174041725660742830e-01,-9.569267614970544678e-02,3.174041725660743385e-01
7.998364879955842666e-01,3.234970508132711808e-01,-9.752958906806738493e-02,4.960838939556688199e-01
6.832315830601864981e-01,3.201809304337123741e-01,-9.652982768815515646e-02,6.491230762052515590e-01
5.360770014093573232e-01,3.112191815416698315e-01,-9.382799258772751838e-02,7.790766184448373322e-01
3.543067373357635663e-01,2.970706580912622630e-01,-8.956242146561341211e-02,8.821532364849808960e-01
1.309988949563632987e-01,2.765132796003039184e-01,-8.336467508276558525e-02,9.483828481542888600e-01
1.309988949563632987e-01,2.815940970923289099e-01,-3.691114427136140378e-17,-9.505493432762803785e-01
3.543067373357631777e-01,3.025823704411136905e-01,-3.966227149165166038e-17,-8.848223804678108095e-01
5.360770014093571012e-01,3.170806939354468557e-01,-4.156270092436359062e-17,-7.823562373326922170e-01
6.832315830601864981e-01,3.263644039184915857e-01,-4.277960270638242436e-17,-6.532081442878672206e-01
7.998364879955842666e-01,3.300442965754751823e-01,-4.326196029188433825e-17,-5.013305843142720208e-01
8.884548914866745584e-01,3.245365201278596068e-01,-4.254000506209950871e-17,-3.245365201278598288e-01
8.884548914866746694e-01,3.992184246402641357e-01,-4.452128615332635631e-17,-2.264344391234400233e-01
8.884548914866747804e-01,4.440275673477067087e-01,-4.566881490452889973e-17,-1.161353745793188980e-01
8.884548914866747804e-01,4.589639482501876588e-01,-4.603748090578266611e-17,-9.275358135818261407e-16
8.884548914866747804e-01,4.440275673477067087e-01,-4.566881490452889973e-17,1.161353745793188980e-01
8.884548914866746694e-01,3.992184246402641912e-01,-4.452128615332636863e-17,2.264344391234399123e-01
8.884548914866746694e-01,3.245365201278594403e-01,-4.254000506209948406e-17,3.245365201278596068e-01
7.998364879955842666e-01,3.300442965754751823e-01,-4.326196029188433825e-17,5.013305843142720208e-01
6.832315830601864981e-01,3.263644039184915857e-01,-4.277960270638242436e-17,6.532081442878672206e-01
5.360770014093571012e-01,3.170806939354468557e-01,-4.156270092436359062e-17,7.823562373326922170e-01
3.543067373357631777e-01,3.025823704411136905e-01,-3.966227149165166038e-17,8.848223804678108095e-01
1.309988949563632987e-01,2.815940970923289099e-01,-3.691114427136140378e-17,9.505493432762803785e-01
1.309988949563632987e-01,2.765132796003039184e-01,8.336467508276558525e-02,-9.483828481542888600e-01
3.543067373357629557e-01,2.970706580912622075e-01,8.956242146561339823e-02,-8.821532364849810071e-01
5.360770014093573232e-01,3.112191815416698315e-01,9.382799258772751838e-02,-7.790766184448373322e-01
6.832315830601864981e-01,3.201809304337123741e-01,9.652982768815515646e-02,-6.491230762052515590e-01
7.998364879955842666e-01,3.234970508132711808e-01,9.752958906806738493e-02,-4.960838939556688199e-01
8.884548914866746694e-01,3.174041725660743385e-01,9.569267614970546065e-02,-3.174041725660746160e-01
8.884548914866748914e-01,3.921718027931509476e-01,9.947207964797410984e-02,-2.166898434580587507e-01
8.884548914866747804e-01,4.374105050080089319e-01,9.828518683412955370e-02,-9.828518683412963697e-02
8.884548914866747804e-01,4.440275673477067087e-01,1.161353745793188980e-01,-4.566881490452889973e-17
8.884548914866747804e-01,4.374105050080089319e-01,9.828518683412955370e-02,9.828518683412963697e-02
8.884548914866748914e-01,3.921718027931509476e-01,9.947207964797413760e-02,2.166898434580586674e-01
8.884548914866747804e-01,3.174041725660742830e-01,9.569267614970544678e-02,3.174041725660743385e-01
7.998364879955842666e-01,3.234970508132711808e-01,9.752958906806738493e-02,4.960838939556688199e-01
6.832315830601864981e-01,3.201809304337123741e-01,9.652982768815515646e-02,6.491230762052515590e-01
5.360770014093573232e-01,3.112191815416698315e-01,9.382799258772751838e-02,7.790766184448373322e-01
3.543067373357635663e-01,2.970706580912622630e-01,8.956242146561341211e-02,8.821532364849808960e-01
1.309988949563632987e-01,2.765132796003039184e-01,8.336467508276558525e-02,9.483828481542888600e-01
1.309988949563634653e-01,2.616533150806143460e-01,1.636134761990825082e-01,-9.421292175883246856e-01
3.543067373357631222e-01,2.809626743522971593e-01,1.756877409285152458e-01,-8.744487001458269848e-01
5.360770014093572122e-01,2.941085840165900689e-01,1.839079615563770087e-01,-7.696099343458909781e-01
6.832315830601866091e-01,3.021638930234485376e-01,1.889449973304654362e-01,-6.373314472437210387e-01
7.998364879955843776e-01,3.044816415239469110e-01,1.903943001570125304e-01,-4.809392195626111532e-01
8.884548914866746694e-01,2.968165117554384946e-01,1.856012459335017739e-01,-2.968165117554388832e-01
8.884548914866746694e-01,3.727501752814730840e-01,1.893478447474808146e-01,-1.893478447474810089e-01
8.884548914866748914e-01,3.921718027931509476e-01,2.166898434580586674e-01,-9.947207964797413760e-02
8.884548914866746694e-01,3.992184246402641912e-01,2.264344391234399123e-01,-4.452128615332636863e-17
8.884548914866748914e-01,3.921718027931509476e-01,2.166898434580586674e-01,9.947207964797413760e-02
8.884548914866746694e-01,3.727501752814731395e-01,1.893478447474808146e-01,1.893478447474809256e-01
8.884548914866746694e-01,2.968165117554385501e-01,1.856012459335018017e-01,2.968165117554387722e-01
7.998364879955843776e-01,3.044816415239469110e-01,1.903943001570125304e-01,4.809392195626111532e-01
6.832315830601866091e-01,3.021638930234485376e-01,1.889449973304654362e-01,6.373314472437210387e-01
5.360770014093572122e-01,2.941085840165900689e-01,1.839079615563770087e-01,7.696099343458909781e-01
3.543067373357635663e-01,2.809626743522972148e-01,1.756877409285153013e-01,8.744487001458268738e-01
1.309988949563634653e-01,2.616533150806143460e-01,1.636134761990825082e-01,9.421292175883246856e-01
1.309988949563632987e-01,2.380739659798393471e-01,2.380739659798394581e-01,-9.324595771214280182e-01
3.543067373357629557e-01,2.554398814818179542e-01,2.554398814818180652e-01,-8.625356049321073471e-01
5.360770014093571012e-01,2.670566738849645683e-01,2.670566738849646793e-01,-7.549721282451105075e-01
6.832315830601862761e-01,2.737803801368729473e-01,2.737803801368730583e-01,-6.190987084571333288e-01
7.998364879955842666e-01,2.747138020449341744e-01,2.747138020449342855e-01,-4.575218534703267559e-01
8.884548914866745584e-01,2.649829590705793936e-01,2.649829590705795046e-01,-2.649829590705798377e-01
8.884548914866746694e-01,2.968165117554385501e-01,2.968165117554387722e-01,-1.856012459335018849e-01
8.884548914866747804e-01,3.174041725660743385e-01,3.174041725660743385e-01,-9.569267614970546065e-02
8.884548914866746694e-01,3.245365201278594403e-01,3.245365201278596068e-01,-4.254000506209948406e-17
8.884548914866747804e-01,3.174041725660743385e-01,3.174041725660743385e-01,9.569267614970546065e-02
8.884548914866746694e-01,2.968165117554385501e-01,2.968165117554387722e-01,1.856012459335018017e-01
8.884548914866745584e-01,2.649829590705795046e-01,2.649829590705796711e-01,2.649829590705796711e-01
7.998364879955842666e-01,2.747138020449341744e-01,2.747138020449342855e-01,4.575218534703267559e-01
6.832315830601862761e-01,2.737803801368729473e-01,2.737803801368730583e-01,6.190987084571333288e-01
5.360770014093571012e-01,2.670566738849645683e-01,2.670566738849646793e-01,7.549721282451105075e-01
3.543067373357633443e-01,2.554398814818179542e-01,2.554398814818180652e-01,8.625356049321071250e-01
1.309988949563632987e-01,2.380739659798393471e-01,2.380739659798394581e-01,9.324595771214280182e-01
1.309988949563632710e-01,2.412785718212154262e-01,3.384727481444002040e-01,-9.000334099708208191e-01
3.543067373357633443e-01,2.581705305404990436e-01,3.621692896404027362e-01,-8.225862378378875350e-01
5.360770014093569902e-01,2.687395536290572151e-01,3.769958291999816469e-01,-7.058857171249646179e-01
6.832315830601864981e-01,2.734202829031567861e-01,3.835620952747756385e-01,-5.579570519983174659e-01
7.998364879955843776e-01,2.701639898085702041e-01,3.789940705879209504e-01,-3.789940705879211724e-01
7.998364879955842666e-01,2.747138020449341189e-01,4.575218534703266449e-01,-2.747138020449343410e-01
7.998364879955843776e-01,3.044816415239469110e-01,4.809392195626111532e-01,-1.903943001570126137e-01
7.998364879955843776e-01,3.234970508132712363e-01,4.960838939556688754e-01,-9.752958906806739880e-02
7.998364879955842666e-01,3.300442965754751823e-01,5.013305843142720208e-01,-4.326196029188433825e-17
7.998364879955843776e-01,3.234970508132712363e-01,4.960838939556688754e-01,9.752958906806739880e-02
7.998364879955843776e-01,3.044816415239469110e-01,4.809392195626111532e-01,1.903943001570125304e-01
7.998364879955841555e-01,2.747138020449341744e-01,4.575218534703268114e-01,2.747138020449342855e-01
7.998364879955843776e-01,2.701639898085702041e-01,3.789940705879209504e-01,3.789940705879211724e-01
6.832315830601864981e-01,2.734202829031567861e-01,3.835620952747756385e-01,5.579570519983174659e-01
5.360770014093569902e-01,2.687395536290572151e-01,3.769958291999816469e-01,7.058857171249646179e-01
3.543067373357635663e-01,2.581705305404990991e-01,3.621692896404028472e-01,8.225862378378875350e-01
1.309988949563632710e-01,2.412785718212154262e-01,3.384727481444002040e-01,9.000334099708208191e-01
1.309988949563628269e-01,2.411205734195679684e-01,4.324749439208109281e-01,-8.588746017171086100e-01
3.543067373357625671e-01,2.570650737372532357e-01,4.610730713345900234e-01,-7.718781682578124137e-01
5.360770014093566571e-01,2.660209821713334644e-01,4.771364289438517203e-01,-6.435799202735124069e-01
6.832315830601859430e-01,2.678123477330059954e-01,4.803494302644728542e-01,-4.803494302644732428e-01
6.832315830601864981e-01,2.734202829031567861e-01,5.579570519983174659e-01,-3.835620952747756385e-01
6.832315830601863871e-01,2.737803801368728362e-01,6.190987084571331067e-01,-2.737803801368730583e-01
6.832315830601864981e-01,3.021638930234484821e-01,6.373314472437209277e-01,-1.889449973304654640e-01
6.832315830601864981e-01,3.201809304337123741e-01,6.491230762052515590e-01,-9.652982768815515646e-02
6.832315830601864981e-01,3.263644039184915857e-01,6.532081442878672206e-01,-4.277960270638242436e-17
6.832315830601864981e-01,3.201809304337123741e-01,6.491230762052515590e-01,9.652982768815515646e-02
6.832315830601866091e-01,3.021638930234485376e-01,6.373314472437210387e-01,1.889449973304654362e-01
6.832315830601862761e-01,2.737803801368729473e-01,6.190987084571333288e-01,2.737803801368730583e-01
6.832315830601864981e-01,2.734202829031567861e-01,5.579570519983174659e-01,3.835620952747756385e-01
6.832315830601859430e-01,2.678123477330059954e-01,4.803494302644728542e-01,4.803494302644732428e-01
5.360770014093566571e-01,2.660209821713334644e-01,4.771364289438517203e-01,6.435799202735124069e-01
3.543067373357627892e-01,2.570650737372532912e-01,4.610730713345900234e-01,7.718781682578123027e-01
1.309988949563628269e-01,2.411205734195679684e-01,4.324749439208109281e-01,8.588746017171086100e-01
1.309988949563632987e-01,2.391895451546637297e-01,5.210501809129910455e-01,-8.087857318100117876e-01
3.543067373357633443e-01,2.538136636058142548e-01,5.529073407221201109e-01,-7.101681720698798106e-01
5.360770014093573232e-01,2.606299291826289499e-01,5.677558844143361094e-01,-5.677558844143362204e-01
5.360770014093564351e-01,2.660209821713335199e-01,6.435799202735125180e-01,-4.771364289438517758e-01
5.360770014093569902e-01,2.687395536290572151e-01,7.058857171249646179e-01,-3.769958291999816469e-01
5.360770014093571012e-01,2.670566738849645683e-01,7.549721282451105075e-01,-2.670566738849647903e-01
5.360770014093573232e-01,2.941085840165900689e-01,7.696099343458909781e-01,-1.839079615563770642e-01
5.360770014093573232e-01,3.112191815416698315e-01,7.790766184448373322e-01,-9.382799258772751838e-02
5.360770014093571012e-01,3.170806939354468557e-01,7.823562373326922170e-01,-4.156270092436359062e-17
5.360770014093573232e-01,3.112191815416698315e-01,7.790766184448373322e-01,9.382799258772751838e-02
5.360770014093572122e-01,2.941085840165900689e-01,7.696099343458909781e-01,1.839079615563770087e-01
5.360770014093571012e-01,2.670566738849645683e-01,7.549721282451105075e-01,2.670566738849646793e-01
5.360770014093569902e-01,2.687395536290572151e-01,7.058857171249646179e-01,3.769958291999816469e-01
5.360770014093564351e-01,2.660209821713335199e-01,6.435799202735125180e-01,4.771364289438517758e-01
5.360770014093573232e-01,2.606299291826289499e-01,5.677558844143361094e-01,5.677558844143362204e-01
3.543067373357633443e-01,2.538136636058143103e-01,5.529073407221202219e-01,7.101681720698795885e-01
1.309988949563632987e-01,2.391895451546637297e-01,5.210501809129910455e-01,8.087857318100117876e-01
1.309988949563624105e-01,2.360432420087980321e-01,6.042208825844815889e-01,-7.496932722594075171e-01
3.543067373357622896e-01,2.489914889574869894e-01,6.373656620438616915e-01,-6.373656620438621356e-01
3.543067373357633443e-01,2.538136636058143103e-01,7.101681720698795885e-01,-5.529073407221202219e-01
3.543067373357627892e-01,2.570650737372532912e-01,7.718781682578123027e-01,-4.610730713345900234e-01
3.543067373357635663e-01,2.581705305404990991e-01,8.225862378378875350e-01,-3.621692896404028472e-01
3.543067373357633443e-01,2.554398814818178987e-01,8.625356049321071250e-01,-2.554398814818181207e-01
3.543067373357635663e-01,2.809626743522972148e-01,8.744487001458268738e-01,-1.756877409285153568e-01
3.543067373357635663e-01,2.970706580912622630e-01,8.821532364849808960e-01,-8.956242146561341211e-02
3.543067373357631777e-01,3.025823704411136905e-01,8.848223804678108095e-01,-3.966227149165166038e-17
3.543067373357635663e-01,2.970706580912622630e-01,8.821532364849808960e-01,8.956242146561341211e-02
3.543067373357635663e-01,2.809626743522972148e-01,8.744487001458268738e-01,1.756877409285153013e-01
3.543067373357631777e-01,2.554398814818179542e-01,8.625356049321072360e-01,2.554398814818180652e-01
3.543067373357635663e-01,2.581705305404990991e-01,8.225862378378875350e-01,3.621692896404028472e-01
3.543067373357627892e-01,2.570650737372532912e-01,7.718781682578123027e-01,4.610730713345900234e-01
3.543067373357633443e-01,2.538136636058143103e-01,7.101681720698795885e-01,5.529073407221202219e-01
3.543067373357623451e-01,2.489914889574870727e-01,6.373656620438618026e-01,6.373656620438621356e-01
1.309988949563624105e-01,2.360432420087980321e-01,6.042208825844815889e-01,7.496932722594075171e-01
1.309988949563624105e-01,2.318992650111487142e-01,6.815651180949259258e-01,-6.815651180949262589e-01
1.309988949563619665e-01,2.360432420087980598e-01,7.496932722594075171e-01,-6.042208825844817000e-01
1.309988949563632987e-01,2.391895451546637297e-01,8.087857318100117876e-01,-5.210501809129910455e-01
1.309988949563628269e-01,2.411205734195679684e-01,8.588746017171086100e-01,-4.324749439208109281e-01
1.309988949563632710e-01,2.412785718212154262e-01,9.000334099708208191e-01,-3.384727481444002040e-01
1.309988949563632987e-01,2.380739659798393193e-01,9.324595771214280182e-01,-2.380739659798395413e-01
1.309988949563634653e-01,2.616533150806143460e-01,9.421292175883246856e-01,-1.636134761990825914e-01
1.309988949563632987e-01,2.765132796003039184e-01,9.483828481542888600e-01,-8.336467508276558525e-02
1.309988949563632987e-01,2.815940970923289099e-01,9.505493432762803785e-01,-3.691114427136140378e-17
1.309988949563632987e-01,2.765132796003039184e-01,9.483828481542888600e-01,8.336467508276558525e-02
1.309988949563634653e-01,2.616533150806143460e-01,9.421292175883246856e-01,1.636134761990825082e-01
1.309988949563632987e-01,2.380739659798393471e-01,9.324595771214280182e-01,2.380739659798394581e-01
1.309988949563632710e-01,2.412785718212154262e-01,9.000334099708208191e-01,3.384727481444002040e-01
1.309988949563628269e-01,2.411205734195679684e-01,8.588746017171086100e-01,4.324749439208109281e-01
1.309988949563632987e-01,2.391895451546637297e-01,8.087857318100117876e-01,5.210501809129910455e-01
1.309988949563624105e-01,2.360432420087980321e-01,7.496932722594075171e-01,6.042208825844815889e-01
1.309988949563624105e-01,2.318992650111487142e-01,6.815651180949259258e-01,6.815651180949262589e-01
1.309988949563632987e-01,3.060808056747567063e-01,-6.667660121503282689e-01,-6.667660121503284909e-01
1.309988949563628546e-01,3.110857186486415404e-01,-7.350466308393530657e-01,-5.880233121780003014e-01
1.309988949563632710e-01,3.144750647377527741e-01,-7.943693276644853141e-01,-5.029136053481466639e-01
1.309988949563639093e-01,3.157346125102801770e-01,-8.448279944306639200e-01,-4.116024827542429931e-01
1.309988949563632987e-01,3.136283010929765691e-01,-8.866306260372907033e-01,-3.136283010929767912e-01
1.309988949563632710e-01,3.384727481444002040e-01,-9.000334099708208191e-01,-2.412785718212155373e-01
1.309988949563636873e-01,3.570200224727752558e-01,-9.102283887097852855e-01,-1.638910414285623118e-01
1.309988949563632987e-01,3.684921066187725192e-01,-9.166144513529957960e-01,-8.289031578367631048e-02
1.309988949563632710e-01,3.723759376677952537e-01,-9.187902103125837883e-01,-3.660807018070986585e-17
1.309988949563632987e-01,3.684921066187725192e-01,-9.166144513529957960e-01,8.289031578367631048e-02
1.309988949563636873e-01,3.570200224727752558e-01,-9.102283887097852855e-01,1.638910414285622563e-01
1.309988949563632710e-01,3.384727481444002040e-01,-9.000334099708208191e-01,2.412785718212154262e-01
1.309988949563632987e-01,3.136283010929765691e-01,-8.866306260372907033e-01,3.136283010929767912e-01
1.309988949563639093e-01,3.157346125102801770e-01,-8.448279944306639200e-01,4.116024827542429931e-01
1.309988949563632710e-01,3.144750647377527741e-01,-7.943693276644853141e-01,5.029136053481466639e-01
1.309988949563627991e-01,3.110857186486414294e-01,-7.350466308393531767e-01,5.880233121780000793e-01
1.309988949563632987e-01,3.060808056747567063e-01,-6.667660121503282689e-01,6.667660121503284909e-01
1.309988949563628269e-01,3.110857186486415404e-01,-5.880233121780003014e-01,-7.350466308393530657e-01
3.543067373357627337e-01,3.276432550527326737e-01,-6.193208511332944921e-01,-6.193208511332946031e-01
3.543067373357627337e-01,3.332331080470606888e-01,-6.924070158187171087e-01,-5.329117713325552952e-01
3.543067373357633443e-01,3.361809847540935814e-01,-7.545726054909215330e-01,-4.382570757111587945e-01
3.543067373357627892e-01,3.351952034217493548e-01,-8.060738719773709038e-01,-3.351952034217495768e-01
3.543067373357631777e-01,3.621692896404027917e-01,-8.225862378378876461e-01,-2.581705305404990991e-01
3.543067373357631777e-01,3.823484685643742664e-01,-8.351465551356115347e-01,-1.755181355589367775e-01
3.543067373357633443e-01,3.948479588026154175e-01,-8.430142491382779379e-01,-8.881892285836402723e-02
3.543067373357631777e-01,3.990827364571939984e-01,-8.456948062630658125e-01,-3.923360063390638487e-17
3.543067373357633443e-01,3.948479588026154175e-01,-8.430142491382779379e-01,8.881892285836402723e-02
3.543067373357631777e-01,3.823484685643742664e-01,-8.351465551356115347e-01,1.755181355589367220e-01
3.543067373357631777e-01,3.621692896404027917e-01,-8.225862378378876461e-01,2.581705305404990436e-01
3.543067373357627892e-01,3.351952034217493548e-01,-8.060738719773709038e-01,3.351952034217495768e-01
3.543067373357633443e-01,3.361809847540935814e-01,-7.545726054909215330e-01,4.382570757111587945e-01
3.543067373357627337e-01,3.332331080470606888e-01,-6.924070158187171087e-01,5.329117713325552952e-01
3.543067373357625116e-01,3.276432550527327292e-01,-6.193208511332948252e-01,6.193208511332943811e-01
1.309988949563628269e-01,3.110857186486415404e-01,-5.880233121780003014e-01,7.350466308393530657e-01
1.309988949563630489e-01,3.144750647377528296e-01,-5.029136053481467750e-01,-7.943693276644854251e-01
3.543067373357627337e-01,3.332331080470606888e-01,-5.329117713325552952e-01,-6.924070158187171087e-01
5.360770014093567681e-01,3.413750361994700167e-01,-5.459324744049225409e-01,-5.459324744049228739e-01
5.360770014093574343e-01,3.471623842233992341e-01,-6.223163050918839589e-01,-4.525728051452737599e-01
5.360770014093568792e-01,3.482661284403336110e-01,-6.855967153672154479e-01,-3.482661284403337776e-01
5.360770014093569902e-01,3.769958291999816469e-01,-7.058857171249646179e-01,-2.687395536290572706e-01
5.360770014093572122e-01,3.985560699363813741e-01,-7.213187751061198583e-01,-1.829582803707583694e-01
5.360770014093573232e-01,4.119398743753349135e-01,-7.309859335737761699e-01,-9.266365726033148897e-02
5.360770014093567681e-01,4.164792346289857283e-01,-7.342795759673604872e-01,-4.094384064017577764e-17
5.360770014093573232e-01,4.119398743753349135e-01,-7.309859335737761699e-01,9.266365726033148897e-02
5.360770014093573232e-01,3.985560699363814852e-01,-7.213187751061199693e-01,1.829582803707583416e-01
5.360770014093569902e-01,3.769958291999816469e-01,-7.058857171249646179e-01,2.687395536290572151e-01
5.360770014093568792e-01,3.482661284403336110e-01,-6.855967153672154479e-01,3.482661284403337776e-01
5.360770014093574343e-01,3.471623842233992341e-01,-6.223163050918839589e-01,4.525728051452737599e-01
5.360770014093567681e-01,3.413750361994700167e-01,-5.459324744049225409e-01,5.459324744049228739e-01
3.543067373357629557e-01,3.332331080470607443e-01,-5.329117713325554062e-01,6.924070158187168866e-01
1.309988949563630489e-01,3.144750647377528296e-01,-5.029136053481467750e-01,7.943693276644854251e-01
1.309988949563639093e-01,3.157346125102801770e-01,-4.116024827542429931e-01,-8.448279944306639200e-01
3.543067373357633443e-01,3.361809847540935814e-01,-4.382570757111587945e-01,-7.545726054909215330e-01
5.360770014093574343e-01,3.471623842233992341e-01,-4.525728051452737599e-01,-6.223163050918839589e-01
6.832315830601867201e-01,3.481525617778558068e-01,-4.538636346065783589e-01,-4.538636346065785254e-01
6.832315830601862761e-01,3.531579338568945348e-01,-5.326852273312359110e-01,-3.531579338568947013e-01
6.832315830601864981e-01,3.835620952747756385e-01,-5.579570519983174659e-01,-2.734202829031568416e-01
6.832315830601866091e-01,4.064936854778264941e-01,-5.771803504155350595e-01,-1.866020650205287568e-01
6.832315830601866091e-01,4.207772389757994946e-01,-5.892216887100714118e-01,-9.465157485549952066e-02
6.832315830601862761e-01,4.256300843365546371e-01,-5.933242243636519531e-01,-4.184345555731004544e-17
6.832315830601866091e-01,4.207772389757994946e-01,-5.892216887100714118e-01,9.465157485549952066e-02
6.832315830601866091e-01,4.064936854778264941e-01,-5.771803504155350595e-01,1.866020650205287290e-01
6.832315830601864981e-01,3.835620952747756385e-01,-5.579570519983174659e-01,2.734202829031567861e-01
6.832315830601862761e-01,3.531579338568945348e-01,-5.326852273312359110e-01,3.531579338568947013e-01
6.832315830601867201e-01,3.481525617778558068e-01,-4.538636346065783589e-01,4.538636346065785254e-01
5.360770014093574343e-01,3.471623842233992341e-01,-4.525728051452737599e-01,6.223163050918839589e-01
3.543067373357635663e-01,3.361809847540936369e-01,-4.382570757111588500e-01,7.545726054909215330e-01
1.309988949563639093e-01,3.157346125102801770e-01,-4.116024827542429931e-01,8.448279944306639200e-01
1.309988949563632987e-01,3.136283010929765691e-01,-3.136283010929767912e-01,-8.866306260372907033e-01
3.543067373357627892e-01,3.351952034217493548e-01,-3.351952034217495768e-01,-8.060738719773709038e-01
5.360770014093567681e-01,3.482661284403335555e-01,-3.482661284403337221e-01,-6.855967153672153369e-01
6.832315830601862761e-01,3.531579338568944793e-01,-3.531579338568946458e-01,-5.326852273312357999e-01
7.998364879955841555e-01,3.465359973946379180e-01,-3.465359973946380845e-01,-3.465359973946381400e-01
7.998364879955842666e-01,3.789940705879210614e-01,-3.789940705879212279e-01,-2.701639898085703151e-01
7.998364879955842666e-01,4.036836699841653275e-01,-4.036836699841653830e-01,-1.853121195365282359e-01
7.998364879955844886e-01,4.191490605864607311e-01,-4.191490605864607311e-01,-9.428532489133388539e-02
7.998364879955841555e-01,4.244181855616520060e-01,-4.244181855616520060e-01,-4.172431446650430553e-17
7.998364879955844886e-01,4.191490605864607311e-01,-4.191490605864607311e-01,9.428532489133388539e-02
7.998364879955843776e-01,4.036836699841652165e-01,-4.036836699841653275e-01,1.853121195365281249e-01
7.998364879955843776e-01,3.789940705879211169e-01,-3.789940705879212834e-01,2.701639898085703151e-01
7.998364879955841555e-01,3.465359973946379180e-01,-3.465359973946380845e-01,3.465359973946381400e-01
6.832315830601862761e-01,3.531579338568944793e-01,-3.531579338568946458e-01,5.326852273312357999e-01
5.360770014093567681e-01,3.482661284403335555e-01,-3.482661284403337221e-01,6.855967153672153369e-01
3.543067373357629557e-01,3.351952034217494103e-01,-3.351952034217495768e-01,8.060738719773706817e-01
1.309988949563632987e-01,3.136283010929765691e-01,-3.136283010929767912e-01,8.866306260372907033e-01
1.309988949563632710e-01,3.384727481444002040e-01,-2.412785718212155373e-01,-9.000334099708208191e-01
3.543067373357631777e-01,3.621692896404027917e-01,-2.581705305404990991e-01,-8.225862378378876461e-01
5.360770014093569902e-01,3.769958291999816469e-01,-2.687395536290572706e-01,-7.058857171249646179e-01
6.832315830601864981e-01,3.835620952747756385e-01,-2.734202829031568416e-01,-5.579570519983174659e-01
7.998364879955842666e-01,3.789940705879210614e-01,-2.701639898085703151e-01,-3.789940705879212279e-01
7.998364879955842666e-01,4.575218534703266449e-01,-2.747138020449341744e-01,-2.747138020449343410e-01
7.998364879955843776e-01,4.809392195626110422e-01,-3.044816415239470220e-01,-1.903943001570126137e-01
7.998364879955843776e-01,4.960838939556686533e-01,-3.234970508132712363e-01,-9.752958906806735717e-02
7.998364879955842666e-01,5.013305843142719098e-01,-3.300442965754754043e-01,-4.326196029188433825e-17
7.998364879955843776e-01,4.960838939556686533e-01,-3.234970508132712363e-01,9.752958906806735717e-02
7.998364879955841555e-01,4.809392195626112643e-01,-3.044816415239473550e-01,1.903943001570125859e-01
7.998364879955842666e-01,4.575218534703266449e-01,-2.747138020449343410e-01,2.747138020449341189e-01
7.998364879955842666e-01,3.789940705879210614e-01,-2.701639898085703151e-01,3.789940705879212279e-01
6.832315830601864981e-01,3.835620952747756385e-01,-2.734202829031568416e-01,5.579570519983174659e-01
5.360770014093569902e-01,3.769958291999816469e-01,-2.687395536290572706e-01,7.058857171249646179e-01
3.543067373357635663e-01,3.621692896404027362e-01,-2.581705305404990991e-01,8.225862378378874240e-01
1.309988949563632710e-01,3.384727481444002040e-01,-2.412785718212155373e-01,9.000334099708208191e-01
1.309988949563634653e-01,3.570200224727752558e-01,-1.638910414285623118e-01,-9.102283887097852855e-01
3.543067373357631777e-01,3.823484685643742664e-01,-1.755181355589367775e-01,-8.351465551356115347e-01
5.360770014093572122e-01,3.985560699363814297e-01,-1.829582803707583971e-01,-7.213187751061198583e-01
6.832315830601866091e-01,4.064936854778264941e-01,-1.866020650205287568e-01,-5.771803504155350595e-01
7.998364879955842666e-01,4.036836699841653275e-01,-1.853121195365282359e-01,-4.036836699841653830e-01
7.998364879955843776e-01,4.809392195626110422e-01,-1.903943001570126137e-01,-3.044816415239470220e-01
7.998364879955842666e-01,5.367974649529613229e-01,-1.898816395691850789e-01,-1.898816395691851899e-01
7.998364879955843776e-01,5.510843831003429116e-01,-2.161525187296816364e-01,-9.922541922621651300e-02
7.998364879955844886e-01,5.562680119947146506e-01,-2.254495316081571443e-01,-4.432763473929137898e-17
7.998364879955843776e-01,5.510843831003429116e-01,-2.161525187296816364e-01,9.922541922621651300e-02
7.998364879955843776e-01,5.367974649529612119e-01,-1.898816395691851622e-01,1.898816395691849679e-01
7.998364879955843776e-01,4.809392195626111532e-01,-1.903943001570126137e-01,3.044816415239469110e-01
7.998364879955842666e-01,4.036836699841653275e-01,-1.853121195365282359e-01,4.036836699841653830e-01
6.832315830601866091e-01,4.064936854778264941e-01,-1.866020650205287568e-01,5.771803504155350595e-01
5.360770014093572122e-01,3.985560699363814297e-01,-1.829582803707583971e-01,7.213187751061198583e-01
3.543067373357635663e-01,3.823484685643742109e-01,-1.755181355589367775e-01,8.351465551356113126e-01
1.309988949563634653e-01,3.570200224727752558e-01,-1.638910414285623118e-01,9.102283887097852855e-01
1.309988949563632710e-01,3.684921066187724636e-01,-8.289031578367629660e-02,-9.166144513529956850e-01
3.543067373357633443e-01,3.948479588026154175e-01,-8.881892285836402723e-02,-8.430142491382779379e-01
5.360770014093572122e-01,4.119398743753349135e-01,-9.266365726033148897e-02,-7.309859335737761699e-01
6.832315830601864981e-01,4.207772389757994391e-01,-9.465157485549950678e-02,-5.892216887100713008e-01
7.998364879955843776e-01,4.191490605864606755e-01,-9.428532489133387151e-02,-4.191490605864606755e-01
7.998364879955843776e-01,4.960838939556686533e-01,-9.752958906806735717e-02,-3.234970508132712363e-01
7.998364879955843776e-01,5.510843831003429116e-01,-9.922541922621651300e-02,-2.161525187296816364e-01
7.998364879955843776e-01,5.843628318425418966e-01,-9.690632908085630715e-02,-9.690632908085639041e-02
7.998364879955843776e-01,5.892304686029803396e-01,-1.143199341357474391e-01,-4.495491516564241045e-17
7.998364879955843776e-01,5.843628318425418966e-01,-9.690632908085630715e-02,9.690632908085639041e-02
7.998364879955843776e-01,5.510843831003429116e-01,-9.922541922621652688e-02,2.161525187296815809e-01
7.998364879955842666e-01,4.960838939556688199e-01,-9.752958906806738493e-02,3.234970508132711808e-01
7.998364879955843776e-01,4.191490605864606755e-01,-9.428532489133387151e-02,4.191490605864606755e-01
6.832315830601864981e-01,4.207772389757994391e-01,-9.465157485549950678e-02,5.892216887100713008e-01
5.360770014093572122e-01,4.119398743753349135e-01,-9.266365726033148897e-02,7.309859335737761699e-01
3.543067373357635663e-01,3.948479588026154175e-01,-8.881892285836404111e-02,8.430142491382778269e-01
1.309988949563632710e-01,3.684921066187724636e-01,-8.289031578367629660e-02,9.166144513529956850e-01
1.309988949563632710e-01,3.723759376677952537e-01,-3.660807018070986585e-17,-9.187902103125837883e-01
3.543067373357631777e-01,3.990827364571939984e-01,-3.923360063390638487e-17,-8.456948062630658125e-01
5.360770014093567681e-01,4.164792346289857283e-01,-4.094384064017577764e-17,-7.342795759673604872e-01
6.832315830601862761e-01,4.256300843365546371e-01,-4.184345555731004544e-17,-5.933242243636519531e-01
7.998364879955841555e-01,4.244181855616520060e-01,-4.172431446650430553e-17,-4.244181855616520060e-01
7.998364879955842666e-01,5.013305843142719098e-01,-4.326196029188433825e-17,-3.300442965754754043e-01
7.998364879955844886e-01,5.562680119947146506e-01,-4.432763473929137898e-17,-2.254495316081571443e-01
7.998364879955843776e-01,5.892304686029803396e-01,-4.495491516564241045e-17,-1.143199341357474391e-01
7.998364879955843776e-01,6.002179541390688655e-01,-4.515472736203199040e-17,-9.097506196423337476e-16
7.998364879955843776e-01,5.892304686029803396e-01,-4.495491516564241045e-17,1.143199341357474391e-01
7.998364879955843776e-01,5.562680119947147617e-01,-4.432763473929139747e-17,2.254495316081570333e-01
7.998364879955842666e-01,5.013305843142720208e-01,-4.326196029188433825e-17,3.300442965754751823e-01
7.998364879955841555e-01,4.244181855616520060e-01,-4.172431446650430553e-17,4.244181855616520060e-01
6.832315830601862761e-01,4.256300843365546371e-01,-4.184345555731004544e-17,5.933242243636519531e-01
5.360770014093567681e-01,4.164792346289857283e-01,-4.094384064017577764e-17,7.342795759673604872e-01
3.543067373357633443e-01,3.990827364571939428e-01,-3.923360063390637254e-17,8.456948062630658125e-01
1.309988949563632710e-01,3.723759376677952537e-01,-3.660807018070986585e-17,9.187902103125837883e-01
1.309988949563632710e-01,3.684921066187724636e-01,8.289031578367629660e-02,-9.166144513529956850e-01
3.543067373357633443e-01,3.948479588026154175e-01,8.881892285836402723e-02,-8.430142491382779379e-01
5.360770014093572122e-01,4.119398743753349135e-01,9.266365726033148897e-02,-7.309859335737761699e-01
6.832315830601864981e-01,4.207772389757994391e-01,9.465157485549950678e-02,-5.892216887100713008e-01
7.998364879955843776e-01,4.191490605864606755e-01,9.428532489133387151e-02,-4.191490605864606755e-01
7.998364879955843776e-01,4.960838939556686533e-01,9.752958906806735717e-02,-3.234970508132712363e-01
7.998364879955843776e-01,5.510843831003429116e-01,9.922541922621651300e-02,-2.161525187296816364e-01
7.998364879955843776e-01,5.843628318425418966e-01,9.690632908085630715e-02,-9.690632908085639041e-02
7.998364879955843776e-01,5.892304686029803396e-01,1.143199341357474391e-01,-4.495491516564241045e-17
7.998364879955843776e-01,5.843628318425418966e-01,9.690632908085630715e-02,9.690632908085639041e-02
7.998364879955843776e-01,5.510843831003429116e-01,9.922541922621652688e-02,2.161525187296815809e-01
7.998364879955842666e-01,4.960838939556688199e-01,9.752958906806738493e-02,3.234970508132711808e-01
7.998364879955843776e-01,4.191490605864606755e-01,9.428532489133387151e-02,4.191490605864606755e-01
6.832315830601864981e-01,4.207772389757994391e-01,9.465157485549950678e-02,5.892216887100713008e-01
5.360770014093572122e-01,4.119398743753349135e-01,9.266365726033148897e-02,7.309859335737761699e-01
3.543067373357635663e-01,3.948479588026154175e-01,8.881892285836404111e-02,8.430142491382778269e-01
1.309988949563632710e-01,3.684921066187724636e-01,8.289031578367629660e-02,9.166144513529956850e-01
1.309988949563636873e-01,3.570200224727752558e-01,1.638910414285622563e-01,-9.102283887097852855e-01
3.543067373357631777e-01,3.823484685643742664e-01,1.755181355589367220e-01,-8.351465551356115347e-01
5.360770014093572122e-01,3.985560699363814297e-01,1.829582803707583138e-01,-7.213187751061198583e-01
6.832315830601866091e-01,4.064936854778264941e-01,1.866020650205287290e-01,-5.771803504155350595e-01
7.998364879955843776e-01,4.036836699841652165e-01,1.853121195365281249e-01,-4.036836699841653275e-01
7.998364879955841555e-01,4.809392195626112643e-01,1.903943001570125859e-01,-3.044816415239473550e-01
7.998364879955843776e-01,5.367974649529612119e-01,1.898816395691849679e-01,-1.898816395691851622e-01
7.998364879955843776e-01,5.510843831003430227e-01,2.161525187296816086e-01,-9.922541922621654076e-02
7.998364879955843776e-01,5.562680119947147617e-01,2.254495316081570333e-01,-4.432763473929139747e-17
7.998364879955843776e-01,5.510843831003430227e-01,2.161525187296816086e-01,9.922541922621654076e-02
7.998364879955843776e-01,5.367974649529614339e-01,1.898816395691850512e-01,1.898816395691851899e-01
7.998364879955844886e-01,4.809392195626112088e-01,1.903943001570125582e-01,3.044816415239469665e-01
7.998364879955843776e-01,4.036836699841652165e-01,1.853121195365281249e-01,4.036836699841653275e-01
6.832315830601866091e-01,4.064936854778264941e-01,1.866020650205287290e-01,5.771803504155350595e-01
5.360770014093572122e-01,3.985560699363814297e-01,1.829582803707583138e-01,7.213187751061198583e-01
3.543067373357636218e-01,3.823484685643742664e-01,1.755181355589367220e-01,8.351465551356114236e-01
1.309988949563636873e-01,3.570200224727752558e-01,1.638910414285622563e-01,9.102283887097852855e-01
1.309988949563632710e-01,3.384727481444002040e-01,2.412785718212154262e-01,-9.000334099708208191e-01
3.543067373357633443e-01,3.621692896404027362e-01,2.581705305404990436e-01,-8.225862378378875350e-01
5.360770014093569902e-01,3.769958291999816469e-01,2.687395536290572151e-01,-7.058857171249646179e-01
6.832315830601864981e-01,3.835620952747756385e-01,2.734202829031567861e-01,-5.579570519983174659e-01
7.998364879955843776e-01,3.789940705879209504e-01,2.701639898085702041e-01,-3.789940705879211724e-01
7.998364879955842666e-01,4.575218534703266449e-01,2.747138020449341189e-01,-2.747138020449343410e-01
7.998364879955843776e-01,4.809392195626111532e-01,3.044816415239469110e-01,-1.903943001570126137e-01
7.998364879955842666e-01,4.960838939556688199e-01,3.234970508132711808e-01,-9.752958906806738493e-02
7.998364879955842666e-01,5.013305843142720208e-01,3.300442965754751823e-01,-4.326196029188433825e-17
7.998364879955842666e-01,4.960838939556688199e-01,3.234970508132711808e-01,9.752958906806738493e-02
7.998364879955844886e-01,4.809392195626112088e-01,3.044816415239469665e-01,1.903943001570125582e-01
7.998364879955841555e-01,4.575218534703268114e-01,2.747138020449341744e-01,2.747138020449342855e-01
7.998364879955843776e-01,3.789940705879209504e-01,2.701639898085702041e-01,3.789940705879211724e-01
6.832315830601864981e-01,3.835620952747756385e-01,2.734202829031567861e-01,5.579570519983174659e-01
5.360770014093569902e-01,3.769958291999816469e-01,2.687395536290572151e-01,7.058857171249646179e-01
3.543067373357635663e-01,3.621692896404028472e-01,2.581705305404990991e-01,8.225862378378875350e-01
1.309988949563632710e-01,3.384727481444002040e-01,2.412785718212154262e-01,9.000334099708208191e-01
1.309988949563632987e-01,3.136283010929765691e-01,3.136283010929767912e-01,-8.866306260372907033e-01
3.543067373357627892e-01,3.351952034217493548e-01,3.351952034217495768e-01,-8.060738719773709038e-01
5.360770014093567681e-01,3.482661284403335555e-01,3.482661284403337221e-01,-6.855967153672153369e-01
6.832315830601862761e-01,3.531579338568944793e-01,3.531579338568946458e-01,-5.326852273312357999e-01
7.998364879955841555e-01,3.465359973946379180e-01,3.465359973946380845e-01,-3.465359973946381400e-01
7.998364879955842666e-01,3.789940705879210614e-01,3.789940705879212279e-01,-2.701639898085703151e-01
7.998364879955842666e-01,4.036836699841653275e-01,4.036836699841653830e-01,-1.853121195365282359e-01
7.998364879955844886e-01,4.191490605864607311e-01,4.191490605864607311e-01,-9.428532489133388539e-02
7.998364879955841555e-01,4.244181855616520060e-01,4.244181855616520060e-01,-4.172431446650430553e-17
7.998364879955844886e-01,4.191490605864607311e-01,4.191490605864607311e-01,9.428532489133388539e-02
7.998364879955843776e-01,4.036836699841652165e-01,4.036836699841653275e-01,1.853121195365281249e-01
7.998364879955843776e-01,3.789940705879211169e-01,3.789940705879212834e-01,2.701639898085703151e-01
7.998364879955841555e-01,3.465359973946379180e-01,3.465359973946380845e-01,3.465359973946381400e-01
6.832315830601862761e-01,3.531579338568944793e-01,3.531579338568946458e-01,5.326852273312357999e-01
5.360770014093567681e-01,3.482661284403335555e-01,3.482661284403337221e-01,6.855967153672153369e-01
3.543067373357629557e-01,3.351952034217494103e-01,3.351952034217495768e-01,8.060738719773706817e-01
1.309988949563632987e-01,3.136283010929765691e-01,3.136283010929767912e-01,8.866306260372907033e-01
1.309988949563639093e-01,3.157346125102801770e-01,4.116024827542429931e-01,-8.448279944306639200e-01
3.543067373357633443e-01,3.361809847540935814e-01,4.382570757111587945e-01,-7.545726054909215330e-01
5.360770014093574343e-01,3.471623842233992341e-01,4.525728051452737599e-01,-6.223163050918839589e-01
6.832315830601867201e-01,3.481525617778558068e-01,4.538636346065783589e-01,-4.538636346065785254e-01
6.832315830601862761e-01,3.531579338568945348e-01,5.326852273312359110e-01,-3.531579338568947013e-01
6.832315830601864981e-01,3.835620952747756385e-01,5.579570519983174659e-01,-2.734202829031568416e-01
6.832315830601866091e-01,4.064936854778264941e-01,5.771803504155350595e-01,-1.866020650205287568e-01
6.832315830601866091e-01,4.207772389757994946e-01,5.892216887100714118e-01,-9.465157485549952066e-02
6.832315830601862761e-01,4.256300843365546371e-01,5.933242243636519531e-01,-4.184345555731004544e-17
6.832315830601866091e-01,4.207772389757994946e-01,5.892216887100714118e-01,9.465157485549952066e-02
6.832315830601866091e-01,4.064936854778264941e-01,5.771803504155350595e-01,1.866020650205287290e-01
6.832315830601864981e-01,3.835620952747756385e-01,5.579570519983174659e-01,2.734202829031567861e-01
6.832315830601862761e-01,3.531579338568945348e-01,5.326852273312359110e-01,3.531579338568947013e-01
6.832315830601867201e-01,3.481525617778558068e-01,4.538636346065783589e-01,4.538636346065785254e-01
5.360770014093574343e-01,3.471623842233992341e-01,4.525728051452737599e-01,6.223163050918839589e-01
3.543067373357635663e-01,3.361809847540936369e-01,4.382570757111588500e-01,7.545726054909215330e-01
1.309988949563639093e-01,3.157346125102801770e-01,4.116024827542429931e-01,8.448279944306639200e-01
1.309988949563630489e-01,3.144750647377528296e-01,5.029136053481467750e-01,-7.943693276644854251e-01
3.543067373357627337e-01,3.332331080470606888e-01,5.329117713325552952e-01,-6.924070158187171087e-01
5.360770014093567681e-01,3.413750361994700167e-01,5.459324744049225409e-01,-5.459324744049228739e-01
5.360770014093574343e-01,3.471623842233992341e-01,6.223163050918839589e-01,-4.525728051452737599e-01
5.360770014093568792e-01,3.482661284403336110e-01,6.855967153672154479e-01,-3.482661284403337776e-01
5.360770014093569902e-01,3.769958291999816469e-01,7.058857171249646179e-01,-2.687395536290572706e-01
5.360770014093572122e-01,3.985560699363813741e-01,7.213187751061198583e-01,-1.829582803707583694e-01
5.360770014093573232e-01,4.119398743753349135e-01,7.309859335737761699e-01,-9.266365726033148897e-02
5.360770014093567681e-01,4.164792346289857283e-01,7.342795759673604872e-01,-4.094384064017577764e-17
5.360770014093573232e-01,4.119398743753349135e-01,7.309859335737761699e-01,9.266365726033148897e-02
5.360770014093573232e-01,3.985560699363814852e-01,7.213187751061199693e-01,1.829582803707583416e-01
5.360770014093569902e-01,3.769958291999816469e-01,7.058857171249646179e-01,2.687395536290572151e-01
5.360770014093568792e-01,3.482661284403336110e-01,6.855967153672154479e-01,3.482661284403337776e-01
5.360770014093574343e-01,3.471623842233992341e-01,6.223163050918839589e-01,4.525728051452737599e-01
5.360770014093567681e-01,3.413750361994700167e-01,5.459324744049225409e-01,5.459324744049228739e-01
3.543067373357629557e-01,3.332331080470607443e-01,5.329117713325554062e-01,6.924070158187168866e-01
1.309988949563630489e-01,3.144750647377528296e-01,5.029136053481467750e-01,7.943693276644854251e-01
1.309988949563627991e-01,3.110857186486414294e-01,5.880233121780000793e-01,-7.350466308393531767e-01
3.543067373357625116e-01,3.276432550527327292e-01,6.193208511332943811e-01,-6.193208511332948252e-01
3.543067373357631777e-01,3.332331080470607998e-01,6.924070158187168866e-01,-5.329117713325554062e-01
3.543067373357635663e-01,3.361809847540936369e-01,7.545726054909215330e-01,-4.382570757111588500e-01
3.543067373357629557e-01,3.351952034217494103e-01,8.060738719773706817e-01,-3.351952034217495768e-01
3.543067373357636218e-01,3.621692896404027917e-01,8.225862378378875350e-01,-2.581705305404991546e-01
3.543067373357636218e-01,3.823484685643742664e-01,8.351465551356114236e-01,-1.755181355589368053e-01
3.543067373357635663e-01,3.948479588026154175e-01,8.430142491382778269e-01,-8.881892285836404111e-02
3.543067373357633443e-01,3.990827364571939428e-01,8.456948062630658125e-01,-3.923360063390637254e-17
3.543067373357635663e-01,3.948479588026154175e-01,8.430142491382778269e-01,8.881892285836404111e-02
3.543067373357636218e-01,3.823484685643742664e-01,8.351465551356114236e-01,1.755181355589367220e-01
3.543067373357636218e-01,3.621692896404027917e-01,8.225862378378875350e-01,2.581705305404990991e-01
3.543067373357629557e-01,3.351952034217494103e-01,8.060738719773706817e-01,3.351952034217495768e-01
3.543067373357635663e-01,3.361809847540936369e-01,7.545726054909215330e-01,4.382570757111588500e-01
3.543067373357631777e-01,3.332331080470607998e-01,6.924070158187168866e-01,5.329117713325554062e-01
3.543067373357627337e-01,3.276432550527327292e-01,6.193208511332944921e-01,6.193208511332944921e-01
1.309988949563627991e-01,3.110857186486414294e-01,5.880233121780000793e-01,7.350466308393531767e-01
1.309988949563632987e-01,3.060808056747567063e-01,6.667660121503282689e-01,-6.667660121503284909e-01
1.309988949563628546e-01,3.110857186486415404e-01,7.350466308393530657e-01,-5.880233121780003014e-01
1.309988949563632710e-01,3.144750647377527741e-01,7.943693276644853141e-01,-5.029136053481466639e-01
1.309988949563639093e-01,3.157346125102801770e-01,8.448279944306639200e-01,-4.116024827542429931e-01
1.309988949563632987e-01,3.136283010929765691e-01,8.866306260372907033e-01,-3.136283010929767912e-01
1.309988949563632710e-01,3.384727481444002040e-01,9.000334099708208191e-01,-2.412785718212155373e-01
1.309988949563636873e-01,3.570200224727752558e-01,9.102283887097852855e-01,-1.638910414285623118e-01
1.309988949563632987e-01,3.684921066187725192e-01,9.166144513529957960e-01,-8.289031578367631048e-02
1.309988949563632710e-01,3.723759376677952537e-01,9.187902103125837883e-01,-3.660807018070986585e-17
1.309988949563632987e-01,3.684921066187725192e-01,9.166144513529957960e-01,8.289031578367631048e-02
1.309988949563636873e-01,3.570200224727752558e-01,9.102283887097852855e-01,1.638910414285622563e-01
1.309988949563632710e-01,3.384727481444002040e-01,9.000334099708208191e-01,2.412785718212154262e-01
1.309988949563632987e-01,3.136283010929765691e-01,8.866306260372907033e-01,3.136283010929767912e-01
1.309988949563639093e-01,3.157346125102801770e-01,8.448279944306639200e-01,4.116024827542429931e-01
1.309988949563632710e-01,3.144750647377527741e-01,7.943693276644853141e-01,5.029136053481466639e-01
1.309988949563627991e-01,3.110857186486414294e-01,7.350466308393531767e-01,5.880233121780000793e-01
1.309988949563632987e-01,3.060808056747567063e-01,6.667660121503282689e-01,6.667660121503284909e-01
1.309988949563632987e-01,3.776963701651792071e-01,-6.481453314975967883e-01,-6.481453314975970104e-01
1.309988949563623828e-01,3.831662431702681504e-01,-7.167357216903448291e-01,-5.677260121467179177e-01
1.309988949563628269e-01,3.861972646138055465e-01,-7.765206041471685028e-01,-4.803193871372906654e-01
1.309988949563630212e-01,3.858362808289519941e-01,-8.277076889291143935e-01,-3.858362808289522161e-01
1.309988949563639093e-01,4.116024827542429931e-01,-8.448279944306639200e-01,-3.157346125102801770e-01
1.309988949563628269e-01,4.324749439208109281e-01,-8.588746017171086100e-01,-2.411205734195680239e-01
1.309988949563630489e-01,4.478596948598949634e-01,-8.693280098634345032e-01,-1.628796933540020975e-01
1.309988949563630489e-01,4.572901893244815663e-01,-8.757769657602738622e-01,-8.209554501627919221e-02
1.309988949563630212e-01,4.604679430315804511e-01,-8.779570393592597277e-01,-3.621467677002388493e-17
1.309988949563630489e-01,4.572901893244815663e-01,-8.757769657602738622e-01,8.209554501627919221e-02
1.309988949563630767e-01,4.478596948598950189e-01,-8.693280098634346142e-01,1.628796933540020697e-01
1.309988949563628269e-01,4.324749439208109281e-01,-8.588746017171086100e-01,2.411205734195679684e-01
1.309988949563639093e-01,4.116024827542429931e-01,-8.448279944306639200e-01,3.157346125102801770e-01
1.309988949563630212e-01,3.858362808289519941e-01,-8.277076889291143935e-01,3.858362808289522161e-01
1.309988949563628269e-01,3.861972646138055465e-01,-7.765206041471685028e-01,4.803193871372906654e-01
1.309988949563623828e-01,3.831662431702680394e-01,-7.167357216903451622e-01,5.677260121467176957e-01
1.309988949563632987e-01,3.776963701651792071e-01,-6.481453314975967883e-01,6.481453314975970104e-01
1.309988949563623828e-01,3.831662431702681504e-01,-5.677260121467179177e-01,-7.167357216903448291e-01
3.543067373357622896e-01,4.027627853888346432e-01,-5.967616251839231722e-01,-5.967616251839233943e-01
3.543067373357627337e-01,4.085060994884735508e-01,-6.704172072593304055e-01,-5.080652229485899118e-01
3.543067373357627892e-01,4.101667402476301127e-01,-7.334802153212812703e-01,-4.101667402476303903e-01
3.543067373357633443e-01,4.382570757111587945e-01,-7.545726054909215330e-01,-3.361809847540935814e-01
3.543067373357625671e-01,4.610730713345900234e-01,-7.718781682578124137e-01,-2.570650737372532912e-01
3.543067373357629557e-01,4.779247962389485682e-01,-7.847568732087754073e-01,-1.738139090235081008e-01
3.543067373357630112e-01,4.882688185147964766e-01,-7.927020523383547790e-01,-8.765701890443103328e-02
3.543067373357629557e-01,4.917568346405666868e-01,-7.953879251426797525e-01,-3.867547151862603640e-17
3.543067373357630112e-01,4.882688185147964766e-01,-7.927020523383547790e-01,8.765701890443103328e-02
3.543067373357629557e-01,4.779247962389485682e-01,-7.847568732087754073e-01,1.738139090235080730e-01
3.543067373357625671e-01,4.610730713345900234e-01,-7.718781682578124137e-01,2.570650737372532357e-01
3.543067373357633443e-01,4.382570757111587945e-01,-7.545726054909215330e-01,3.361809847540935814e-01
3.543067373357627892e-01,4.101667402476301127e-01,-7.334802153212812703e-01,4.101667402476303903e-01
3.543067373357627337e-01,4.085060994884735508e-01,-6.704172072593304055e-01,5.080652229485899118e-01
3.543067373357622896e-01,4.027627853888346432e-01,-5.967616251839235053e-01,5.967616251839230612e-01
1.309988949563623828e-01,3.831662431702681504e-01,-5.677260121467179177e-01,7.167357216903448291e-01
1.309988949563628269e-01,3.861972646138055465e-01,-4.803193871372906654e-01,-7.765206041471685028e-01
3.543067373357627337e-01,4.085060994884735508e-01,-5.080652229485899118e-01,-6.704172072593304055e-01
5.360770014093566571e-01,4.172283783551143377e-01,-5.189132532779991980e-01,-5.189132532779996421e-01
5.360770014093567681e-01,4.224504584323575118e-01,-5.963997559527789427e-01,-4.224504584323577894e-01
5.360770014093574343e-01,4.525728051452737599e-01,-6.223163050918839589e-01,-3.471623842233992341e-01
5.360770014093564351e-01,4.771364289438517758e-01,-6.435799202735125180e-01,-2.660209821713336309e-01
5.360770014093569902e-01,4.953335028160588682e-01,-6.594041861355238732e-01,-1.801451882645582758e-01
5.360770014093571012e-01,5.065258789364216474e-01,-6.691665517884748393e-01,-9.093463858816520917e-02
5.360770014093567681e-01,5.103037835116349674e-01,-6.724667256405055804e-01,-4.013414365552618855e-17
5.360770014093571012e-01,5.065258789364216474e-01,-6.691665517884748393e-01,9.093463858816520917e-02
5.360770014093569902e-01,4.953335028160588682e-01,-6.594041861355238732e-01,1.801451882645582203e-01
5.360770014093564351e-01,4.771364289438517758e-01,-6.435799202735125180e-01,2.660209821713335199e-01
5.360770014093574343e-01,4.525728051452737599e-01,-6.223163050918839589e-01,3.471623842233992341e-01
5.360770014093567681e-01,4.224504584323575118e-01,-5.963997559527789427e-01,4.224504584323577894e-01
5.360770014093566571e-01,4.172283783551143377e-01,-5.189132532779991980e-01,5.189132532779996421e-01
3.543067373357627337e-01,4.085060994884735508e-01,-5.080652229485899118e-01,6.704172072593302945e-01
1.309988949563628269e-01,3.861972646138055465e-01,-4.803193871372906654e-01,7.765206041471685028e-01
1.309988949563630212e-01,3.858362808289519941e-01,-3.858362808289522161e-01,-8.277076889291143935e-01
3.543067373357627337e-01,4.101667402476300572e-01,-4.101667402476303348e-01,-7.334802153212811593e-01
5.360770014093567681e-01,4.224504584323575118e-01,-4.224504584323577894e-01,-5.963997559527789427e-01
6.832315830601860540e-01,4.215821801693676041e-01,-4.215821801693678816e-01,-4.215821801693682147e-01
6.832315830601868312e-01,4.538636346065784144e-01,-4.538636346065785809e-01,-3.481525617778558623e-01
6.832315830601859430e-01,4.803494302644728542e-01,-4.803494302644732428e-01,-2.678123477330060509e-01
6.832315830601862761e-01,5.000600142116253810e-01,-5.000600142116256031e-01,-1.818641478753018070e-01
6.832315830601864981e-01,5.122199418444909336e-01,-5.122199418444911556e-01,-9.195687175368637278e-02
6.832315830601862761e-01,5.163306130325180376e-01,-5.163306130325180376e-01,-4.060813904727890835e-17
6.832315830601864981e-01,5.122199418444909336e-01,-5.122199418444911556e-01,9.195687175368637278e-02
6.832315830601862761e-01,5.000600142116253810e-01,-5.000600142116256031e-01,1.818641478753017515e-01
6.832315830601859430e-01,4.803494302644728542e-01,-4.803494302644732428e-01,2.678123477330059954e-01
6.832315830601868312e-01,4.538636346065784144e-01,-4.538636346065785809e-01,3.481525617778558623e-01
6.832315830601860540e-01,4.215821801693676041e-01,-4.215821801693678816e-01,4.215821801693682147e-01
5.360770014093567681e-01,4.224504584323575118e-01,-4.224504584323577894e-01,5.963997559527789427e-01
3.543067373357629557e-01,4.101667402476300572e-01,-4.101667402476303348e-01,7.334802153212810483e-01
1.309988949563630212e-01,3.858362808289519941e-01,-3.858362808289522161e-01,8.277076889291143935e-01
1.309988949563639093e-01,4.116024827542429931e-01,-3.157346125102801770e-01,-8.448279944306639200e-01
3.543067373357633443e-01,4.382570757111587945e-01,-3.361809847540935814e-01,-7.545726054909215330e-01
5.360770014093574343e-01,4.525728051452737599e-01,-3.471623842233992341e-01,-6.223163050918839589e-01
6.832315830601867201e-01,4.538636346065783589e-01,-3.481525617778558068e-01,-4.538636346065785254e-01
6.832315830601862761e-01,5.326852273312359110e-01,-3.531579338568945348e-01,-3.531579338568947013e-01
6.832315830601864981e-01,5.579570519983174659e-01,-3.835620952747756385e-01,-2.734202829031568416e-01
6.832315830601866091e-01,5.771803504155350595e-01,-4.064936854778264941e-01,-1.866020650205287568e-01
6.832315830601864981e-01,5.892216887100713008e-01,-4.207772389757994391e-01,-9.465157485549950678e-02
6.832315830601862761e-01,5.933242243636519531e-01,-4.256300843365546371e-01,-4.184345555731004544e-17
6.832315830601864981e-01,5.892216887100713008e-01,-4.207772389757994391e-01,9.465157485549950678e-02
6.832315830601866091e-01,5.771803504155350595e-01,-4.064936854778264941e-01,1.866020650205287290e-01
6.832315830601864981e-01,5.579570519983174659e-01,-3.835620952747756385e-01,2.734202829031567861e-01
6.832315830601862761e-01,5.326852273312359110e-01,-3.531579338568945348e-01,3.531579338568947013e-01
6.832315830601867201e-01,4.538636346065783589e-01,-3.481525617778558068e-01,4.538636346065785254e-01
5.360770014093574343e-01,4.525728051452737599e-01,-3.471623842233992341e-01,6.223163050918839589e-01
3.543067373357635663e-01,4.382570757111588500e-01,-3.361809847540936369e-01,7.545726054909215330e-01
1.309988949563639093e-01,4.116024827542429931e-01,-3.157346125102801770e-01,8.448279944306639200e-01
1.309988949563628269e-01,4.324749439208109281e-01,-2.411205734195680239e-01,-8.588746017171086100e-01
3.543067373357625671e-01,4.610730713345900234e-01,-2.570650737372532912e-01,-7.718781682578124137e-01
5.360770014093564351e-01,4.771364289438517758e-01,-2.660209821713336309e-01,-6.435799202735125180e-01
6.832315830601859430e-01,4.803494302644728542e-01,-2.678123477330060509e-01,-4.803494302644732428e-01
6.832315830601864981e-01,5.579570519983174659e-01,-2.734202829031568416e-01,-3.835620952747756385e-01
6.832315830601864981e-01,6.190987084571332177e-01,-2.737803801368729473e-01,-2.737803801368731138e-01
6.832315830601864981e-01,6.373314472437209277e-01,-3.021638930234485376e-01,-1.889449973304654640e-01
6.832315830601867201e-01,6.491230762052513370e-01,-3.201809304337125961e-01,-9.652982768815518422e-02
6.832315830601864981e-01,6.532081442878672206e-01,-3.263644039184918633e-01,-4.277960270638244285e-17
6.832315830601867201e-01,6.491230762052513370e-01,-3.201809304337125961e-01,9.652982768815518422e-02
6.832315830601861650e-01,6.373314472437211498e-01,-3.021638930234488152e-01,1.889449973304654362e-01
6.832315830601864981e-01,6.190987084571332177e-01,-2.737803801368731138e-01,2.737803801368728918e-01
6.832315830601864981e-01,5.579570519983174659e-01,-2.734202829031568416e-01,3.835620952747756385e-01
6.832315830601859430e-01,4.803494302644728542e-01,-2.678123477330060509e-01,4.803494302644732428e-01
5.360770014093564351e-01,4.771364289438517758e-01,-2.660209821713336309e-01,6.435799202735125180e-01
3.543067373357627337e-01,4.610730713345899678e-01,-2.570650737372532912e-01,7.718781682578121917e-01
1.309988949563628269e-01,4.324749439208109281e-01,-2.411205734195680239e-01,8.588746017171086100e-01
1.309988949563632987e-01,4.478596948598949634e-01,-1.628796933540020975e-01,-8.693280098634345032e-01
3.543067373357630112e-01,4.779247962389485127e-01,-1.738139090235081008e-01,-7.847568732087752963e-01
5.360770014093569902e-01,4.953335028160588682e-01,-1.801451882645582758e-01,-6.594041861355238732e-01
6.832315830601862761e-01,5.000600142116253810e-01,-1.818641478753018070e-01,-5.000600142116256031e-01
6.832315830601864981e-01,5.771803504155349485e-01,-1.866020650205287290e-01,-4.064936854778264386e-01
6.832315830601864981e-01,6.373314472437209277e-01,-1.889449973304654640e-01,-3.021638930234485376e-01
6.832315830601864981e-01,6.808226235470598020e-01,-1.866482777519926362e-01,-1.866482777519926917e-01
6.832315830601864981e-01,6.919464043181345891e-01,-2.119800359754405727e-01,-9.731002932959682827e-02
6.832315830601864981e-01,6.959823728051638403e-01,-2.209143287647170051e-01,-4.343592822884264479e-17
6.832315830601864981e-01,6.919464043181345891e-01,-2.119800359754405727e-01,9.731002932959682827e-02
6.832315830601864981e-01,6.808226235470598020e-01,-1.866482777519926917e-01,1.866482777519925529e-01
6.832315830601864981e-01,6.373314472437209277e-01,-1.889449973304654640e-01,3.021638930234484821e-01
6.832315830601864981e-01,5.771803504155349485e-01,-1.866020650205287290e-01,4.064936854778264386e-01
6.832315830601862761e-01,5.000600142116253810e-01,-1.818641478753018070e-01,5.000600142116256031e-01
5.360770014093569902e-01,4.953335028160588682e-01,-1.801451882645582758e-01,6.594041861355238732e-01
3.543067373357631777e-01,4.779247962389486792e-01,-1.738139090235081563e-01,7.847568732087751853e-01
1.309988949563632987e-01,4.478596948598949634e-01,-1.628796933540020975e-01,8.693280098634345032e-01
1.309988949563630489e-01,4.572901893244815663e-01,-8.209554501627919221e-02,-8.757769657602738622e-01
3.543067373357631777e-01,4.882688185147964210e-01,-8.765701890443101940e-02,-7.927020523383546680e-01
5.360770014093571012e-01,5.065258789364216474e-01,-9.093463858816520917e-02,-6.691665517884748393e-01
6.832315830601864981e-01,5.122199418444909336e-01,-9.195687175368637278e-02,-5.122199418444911556e-01
6.832315830601864981e-01,5.892216887100713008e-01,-9.465157485549950678e-02,-4.207772389757994391e-01
6.832315830601867201e-01,6.491230762052513370e-01,-9.652982768815518422e-02,-3.201809304337125961e-01
6.832315830601864981e-01,6.919464043181345891e-01,-9.731002932959682827e-02,-2.119800359754405727e-01
6.832315830601866091e-01,7.178569726010158858e-01,-9.454091917570911496e-02,-9.454091917570917047e-02
6.832315830601864981e-01,7.216469099155418121e-01,-1.114465850460271135e-01,-4.382500579728789461e-17
6.832315830601866091e-01,7.178569726010158858e-01,-9.454091917570911496e-02,9.454091917570917047e-02
6.832315830601863871e-01,6.919464043181347002e-01,-9.731002932959684215e-02,2.119800359754404895e-01
6.832315830601864981e-01,6.491230762052515590e-01,-9.652982768815515646e-02,3.201809304337123741e-01
6.832315830601864981e-01,5.892216887100713008e-01,-9.465157485549950678e-02,4.207772389757994391e-01
6.832315830601864981e-01,5.122199418444909336e-01,-9.195687175368637278e-02,5.122199418444911556e-01
5.360770014093571012e-01,5.065258789364216474e-01,-9.093463858816520917e-02,6.691665517884748393e-01
3.543067373357631777e-01,4.882688185147964210e-01,-8.765701890443101940e-02,7.927020523383546680e-01
1.309988949563630489e-01,4.572901893244815663e-01,-8.209554501627919221e-02,8.757769657602738622e-01
1.309988949563630212e-01,4.604679430315804511e-01,-3.621467677002388493e-17,-8.779570393592597277e-01
3.543067373357629557e-01,4.917568346405666868e-01,-3.867547151862603640e-17,-7.953879251426797525e-01
5.360770014093567681e-01,5.103037835116349674e-01,-4.013414365552618855e-17,-6.724667256405055804e-01
6.832315830601862761e-01,5.163306130325180376e-01,-4.060813904727890835e-17,-5.163306130325180376e-01
6.832315830601862761e-01,5.933242243636519531e-01,-4.184345555731004544e-17,-4.256300843365546371e-01
6.832315830601864981e-01,6.532081442878672206e-01,-4.277960270638244285e-17,-3.263644039184918633e-01
6.832315830601864981e-01,6.959823728051638403e-01,-4.343592822884264479e-17,-2.209143287647170051e-01
6.832315830601864981e-01,7.216469099155418121e-01,-4.382500579728789461e-17,-1.114465850460271135e-01
6.832315830601864981e-01,7.302017556190011360e-01,-4.394678428644748909e-17,-8.854137002164909922e-16
6.832315830601864981e-01,7.216469099155418121e-01,-4.382500579728789461e-17,1.114465850460271135e-01
6.832315830601864981e-01,6.959823728051638403e-01,-4.343592822884265095e-17,2.209143287647168385e-01
6.832315830601864981e-01,6.532081442878672206e-01,-4.277960270638242436e-17,3.263644039184915857e-01
6.832315830601862761e-01,5.933242243636519531e-01,-4.184345555731004544e-17,4.256300843365546371e-01
6.832315830601862761e-01,5.163306130325180376e-01,-4.060813904727890835e-17,5.163306130325180376e-01
5.360770014093567681e-01,5.103037835116349674e-01,-4.013414365552618855e-17,6.724667256405055804e-01
3.543067373357629557e-01,4.917568346405666868e-01,-3.867547151862604256e-17,7.953879251426797525e-01
1.309988949563630212e-01,4.604679430315804511e-01,-3.621467677002388493e-17,8.779570393592597277e-01
1.309988949563630489e-01,4.572901893244815663e-01,8.209554501627919221e-02,-8.757769657602738622e-01
3.543067373357631777e-01,4.882688185147964210e-01,8.765701890443101940e-02,-7.927020523383546680e-01
5.360770014093571012e-01,5.065258789364216474e-01,9.093463858816520917e-02,-6.691665517884748393e-01
6.832315830601864981e-01,5.122199418444909336e-01,9.195687175368637278e-02,-5.122199418444911556e-01
6.832315830601864981e-01,5.892216887100713008e-01,9.465157485549950678e-02,-4.207772389757994391e-01
6.832315830601867201e-01,6.491230762052513370e-01,9.652982768815518422e-02,-3.201809304337125961e-01
6.832315830601864981e-01,6.919464043181345891e-01,9.731002932959682827e-02,-2.119800359754405727e-01
6.832315830601866091e-01,7.178569726010158858e-01,9.454091917570911496e-02,-9.454091917570917047e-02
6.832315830601864981e-01,7.216469099155418121e-01,1.114465850460271135e-01,-4.382500579728789461e-17
6.832315830601866091e-01,7.178569726010158858e-01,9.454091917570911496e-02,9.454091917570917047e-02
6.832315830601863871e-01,6.919464043181347002e-01,9.731002932959684215e-02,2.119800359754404895e-01
6.832315830601864981e-01,6.491230762052515590e-01,9.652982768815515646e-02,3.201809304337123741e-01
6.832315830601864981e-01,5.892216887100713008e-01,9.465157485549950678e-02,4.207772389757994391e-01
6.832315830601864981e-01,5.122199418444909336e-01,9.195687175368637278e-02,5.122199418444911556e-01
5.360770014093571012e-01,5.065258789364216474e-01,9.093463858816520917e-02,6.691665517884748393e-01
3.543067373357631777e-01,4.882688185147964210e-01,8.765701890443101940e-02,7.927020523383546680e-01
1.309988949563630489e-01,4.572901893244815663e-01,8.209554501627919221e-02,8.757769657602738622e-01
1.309988949563632987e-01,4.478596948598950189e-01,1.628796933540020420e-01,-8.693280098634346142e-01
3.543067373357629557e-01,4.779247962389485682e-01,1.738139090235080730e-01,-7.847568732087754073e-01
5.360770014093569902e-01,4.953335028160588682e-01,1.801451882645582203e-01,-6.594041861355238732e-01
6.832315830601862761e-01,5.000600142116253810e-01,1.818641478753017238e-01,-5.000600142116256031e-01
6.832315830601864981e-01,5.771803504155349485e-01,1.866020650205287013e-01,-4.064936854778264386e-01
6.832315830601863871e-01,6.373314472437211498e-01,1.889449973304654640e-01,-3.021638930234488707e-01
6.832315830601864981e-01,6.808226235470598020e-01,1.866482777519925529e-01,-1.866482777519926917e-01
6.832315830601863871e-01,6.919464043181347002e-01,2.119800359754404895e-01,-9.731002932959684215e-02
6.832315830601864981e-01,6.959823728051638403e-01,2.209143287647168385e-01,-4.343592822884265095e-17
6.832315830601863871e-01,6.919464043181347002e-01,2.119800359754404895e-01,9.731002932959684215e-02
6.832315830601864981e-01,6.808226235470598020e-01,1.866482777519925529e-01,1.866482777519926639e-01
6.832315830601866091e-01,6.373314472437210387e-01,1.889449973304654362e-01,3.021638930234485376e-01
6.832315830601864981e-01,5.771803504155349485e-01,1.866020650205287013e-01,4.064936854778264386e-01
6.832315830601862761e-01,5.000600142116253810e-01,1.818641478753017238e-01,5.000600142116256031e-01
5.360770014093569902e-01,4.953335028160588682e-01,1.801451882645582203e-01,6.594041861355238732e-01
3.543067373357631777e-01,4.779247962389486792e-01,1.738139090235081008e-01,7.847568732087751853e-01
1.309988949563632987e-01,4.478596948598950189e-01,1.628796933540020420e-01,8.693280098634346142e-01
1.309988949563628269e-01,4.324749439208109281e-01,2.411205734195679684e-01,-8.588746017171086100e-01
3.543067373357625671e-01,4.610730713345900234e-01,2.570650737372532357e-01,-7.718781682578124137e-01
5.360770014093566571e-01,4.771364289438517203e-01,2.660209821713334644e-01,-6.435799202735124069e-01
6.832315830601859430e-01,4.803494302644728542e-01,2.678123477330059954e-01,-4.803494302644732428e-01
6.832315830601864981e-01,5.579570519983174659e-01,2.734202829031567861e-01,-3.835620952747756385e-01
6.832315830601864981e-01,6.190987084571332177e-01,2.737803801368728918e-01,-2.737803801368731138e-01
6.832315830601864981e-01,6.373314472437209277e-01,3.021638930234484821e-01,-1.889449973304654640e-01
6.832315830601864981e-01,6.491230762052515590e-01,3.201809304337123741e-01,-9.652982768815515646e-02
6.832315830601864981e-01,6.532081442878672206e-01,3.263644039184915857e-01,-4.277960270638242436e-17
6.832315830601864981e-01,6.491230762052515590e-01,3.201809304337123741e-01,9.652982768815515646e-02
6.832315830601866091e-01,6.373314472437210387e-01,3.021638930234485376e-01,1.889449973304654362e-01
6.832315830601862761e-01,6.190987084571333288e-01,2.737803801368729473e-01,2.737803801368730583e-01
6.832315830601864981e-01,5.579570519983174659e-01,2.734202829031567861e-01,3.835620952747756385e-01
6.832315830601859430e-01,4.803494302644728542e-01,2.678123477330059954e-01,4.803494302644732428e-01
5.360770014093566571e-01,4.771364289438517203e-01,2.660209821713334644e-01,6.435799202735124069e-01
3.543067373357627892e-01,4.610730713345900234e-01,2.570650737372532912e-01,7.718781682578123027e-01
1.309988949563628269e-01,4.324749439208109281e-01,2.411205734195679684e-01,8.588746017171086100e-01
1.309988949563639093e-01,4.116024827542429931e-01,3.157346125102801770e-01,-8.448279944306639200e-01
3.543067373357633443e-01,4.382570757111587945e-01,3.361809847540935814e-01,-7.545726054909215330e-01
5.360770014093574343e-01,4.525728051452737599e-01,3.471623842233992341e-01,-6.223163050918839589e-01
6.832315830601867201e-01,4.538636346065783589e-01,3.481525617778558068e-01,-4.538636346065785254e-01
6.832315830601862761e-01,5.326852273312359110e-01,3.531579338568945348e-01,-3.531579338568947013e-01
6.832315830601864981e-01,5.579570519983174659e-01,3.835620952747756385e-01,-2.734202829031568416e-01
6.832315830601866091e-01,5.771803504155350595e-01,4.064936854778264941e-01,-1.866020650205287568e-01
6.832315830601864981e-01,5.892216887100713008e-01,4.207772389757994391e-01,-9.465157485549950678e-02
6.832315830601862761e-01,5.933242243636519531e-01,4.256300843365546371e-01,-4.184345555731004544e-17
6.832315830601864981e-01,5.892216887100713008e-01,4.207772389757994391e-01,9.465157485549950678e-02
6.832315830601866091e-01,5.771803504155350595e-01,4.064936854778264941e-01,1.866020650205287290e-01
6.832315830601864981e-01,5.579570519983174659e-01,3.835620952747756385e-01,2.734202829031567861e-01
6.832315830601862761e-01,5.326852273312359110e-01,3.531579338568945348e-01,3.531579338568947013e-01
6.832315830601867201e-01,4.538636346065783589e-01,3.481525617778558068e-01,4.538636346065785254e-01
5.360770014093574343e-01,4.525728051452737599e-01,3.471623842233992341e-01,6.223163050918839589e-01
3.543067373357635663e-01,4.382570757111588500e-01,3.361809847540936369e-01,7.545726054909215330e-01
1.309988949563639093e-01,4.116024827542429931e-01,3.157346125102801770e-01,8.448279944306639200e-01
1.309988949563630212e-01,3.858362808289519941e-01,3.858362808289522161e-01,-8.277076889291143935e-01
3.543067373357627337e-01,4.101667402476300572e-01,4.101667402476303348e-01,-7.334802153212811593e-01
5.360770014093567681e-01,4.224504584323575118e-01,4.224504584323577894e-01,-5.963997559527789427e-01
6.832315830601860540e-01,4.215821801693676041e-01,4.215821801693678816e-01,-4.215821801693682147e-01
6.832315830601868312e-01,4.538636346065784144e-01,4.538636346065785809e-01,-3.481525617778558623e-01
6.832315830601859430e-01,4.803494302644728542e-01,4.803494302644732428e-01,-2.678123477330060509e-01
6.832315830601862761e-01,5.000600142116253810e-01,5.000600142116256031e-01,-1.818641478753018070e-01
6.832315830601864981e-01,5.122199418444909336e-01,5.122199418444911556e-01,-9.195687175368637278e-02
6.832315830601862761e-01,5.163306130325180376e-01,5.163306130325180376e-01,-4.060813904727890835e-17
6.832315830601864981e-01,5.122199418444909336e-01,5.122199418444911556e-01,9.195687175368637278e-02
6.832315830601862761e-01,5.000600142116253810e-01,5.000600142116256031e-01,1.818641478753017515e-01
6.832315830601859430e-01,4.803494302644728542e-01,4.803494302644732428e-01,2.678123477330059954e-01
6.832315830601868312e-01,4.538636346065784144e-01,4.538636346065785809e-01,3.481525617778558623e-01
6.832315830601860540e-01,4.215821801693676041e-01,4.215821801693678816e-01,4.215821801693682147e-01
5.360770014093567681e-01,4.224504584323575118e-01,4.224504584323577894e-01,5.963997559527789427e-01
3.543067373357629557e-01,4.101667402476300572e-01,4.101667402476303348e-01,7.334802153212810483e-01
1.309988949563630212e-01,3.858362808289519941e-01,3.858362808289522161e-01,8.277076889291143935e-01
1.309988949563628269e-01,3.861972646138055465e-01,4.803193871372906654e-01,-7.765206041471685028e-01
3.543067373357627337e-01,4.085060994884735508e-01,5.080652229485899118e-01,-6.704172072593304055e-01
5.360770014093566571e-01,4.172283783551143377e-01,5.189132532779991980e-01,-5.189132532779996421e-01
5.360770014093567681e-01,4.224504584323575118e-01,5.963997559527789427e-01,-4.224504584323577894e-01
5.360770014093574343e-01,4.525728051452737599e-01,6.223163050918839589e-01,-3.471623842233992341e-01
5.360770014093564351e-01,4.771364289438517758e-01,6.435799202735125180e-01,-2.660209821713336309e-01
5.360770014093569902e-01,4.953335028160588682e-01,6.594041861355238732e-01,-1.801451882645582758e-01
5.360770014093571012e-01,5.065258789364216474e-01,6.691665517884748393e-01,-9.093463858816520917e-02
5.360770014093567681e-01,5.103037835116349674e-01,6.724667256405055804e-01,-4.013414365552618855e-17
5.360770014093571012e-01,5.065258789364216474e-01,6.691665517884748393e-01,9.093463858816520917e-02
5.360770014093569902e-01,4.953335028160588682e-01,6.594041861355238732e-01,1.801451882645582203e-01
5.360770014093564351e-01,4.771364289438517758e-01,6.435799202735125180e-01,2.660209821713335199e-01
5.360770014093574343e-01,4.525728051452737599e-01,6.223163050918839589e-01,3.471623842233992341e-01
5.360770014093567681e-01,4.224504584323575118e-01,5.963997559527789427e-01,4.224504584323577894e-01
5.360770014093566571e-01,4.172283783551143377e-01,5.189132532779991980e-01,5.189132532779996421e-01
3.543067373357627337e-01,4.085060994884735508e-01,5.080652229485899118e-01,6.704172072593302945e-01
1.309988949563628269e-01,3.861972646138055465e-01,4.803193871372906654e-01,7.765206041471685028e-01
1.309988949563623828e-01,3.831662431702680394e-01,5.677260121467176957e-01,-7.167357216903451622e-01
3.543067373357622896e-01,4.027627853888346432e-01,5.967616251839230612e-01,-5.967616251839235053e-01
3.543067373357627337e-01,4.085060994884735508e-01,6.704172072593302945e-01,-5.080652229485899118e-01
3.543067373357629557e-01,4.101667402476300572e-01,7.334802153212810483e-01,-4.101667402476303348e-01
3.543067373357635663e-01,4.382570757111587945e-01,7.545726054909214220e-01,-3.361809847540935814e-01
3.543067373357627892e-01,4.610730713345900234e-01,7.718781682578123027e-01,-2.570650737372533468e-01
3.543067373357631777e-01,4.779247962389486792e-01,7.847568732087751853e-01,-1.738139090235081563e-01
3.543067373357630112e-01,4.882688185147964766e-01,7.927020523383547790e-01,-8.765701890443103328e-02
3.543067373357629557e-01,4.917568346405666868e-01,7.953879251426797525e-01,-3.867547151862604256e-17
3.543067373357630112e-01,4.882688185147964766e-01,7.927020523383547790e-01,8.765701890443103328e-02
3.543067373357631777e-01,4.779247962389486792e-01,7.847568732087751853e-01,1.738139090235081008e-01
3.543067373357627892e-01,4.610730713345900234e-01,7.718781682578123027e-01,2.570650737372532912e-01
3.543067373357635663e-01,4.382570757111587945e-01,7.545726054909214220e-01,3.361809847540935814e-01
3.543067373357629557e-01,4.101667402476300572e-01,7.334802153212810483e-01,4.101667402476303348e-01
3.543067373357627337e-01,4.085060994884735508e-01,6.704172072593302945e-01,5.080652229485899118e-01
3.543067373357625116e-01,4.027627853888345877e-01,5.967616251839230612e-01,5.967616251839233943e-01
1.309988949563623828e-01,3.831662431702680394e-01,5.677260121467176957e-01,7.167357216903451622e-01
1.309988949563632987e-01,3.776963701651792071e-01,6.481453314975967883e-01,-6.481453314975970104e-01
1.309988949563623828e-01,3.831662431702681504e-01,7.167357216903448291e-01,-5.677260121467179177e-01
1.309988949563628269e-01,3.861972646138055465e-01,7.765206041471685028e-01,-4.803193871372906654e-01
1.309988949563630212e-01,3.858362808289519941e-01,8.277076889291143935e-01,-3.858362808289522161e-01
1.309988949563639093e-01,4.116024827542429931e-01,8.448279944306639200e-01,-3.157346125102801770e-01
1.309988949563628269e-01,4.324749439208109281e-01,8.588746017171086100e-01,-2.411205734195680239e-01
1.309988949563630489e-01,4.478596948598949634e-01,8.693280098634345032e-01,-1.628796933540020975e-01
1.309988949563630489e-01,4.572901893244815663e-01,8.757769657602738622e-01,-8.209554501627919221e-02
1.309988949563630212e-01,4.604679430315804511e-01,8.779570393592597277e-01,-3.621467677002388493e-17
1.309988949563630489e-01,4.572901893244815663e-01,8.757769657602738622e-01,8.209554501627919221e-02
1.309988949563630767e-01,4.478596948598950189e-01,8.693280098634346142e-01,1.628796933540020697e-01
1.309988949563628269e-01,4.324749439208109281e-01,8.588746017171086100e-01,2.411205734195679684e-01
1.309988949563639093e-01,4.116024827542429931e-01,8.448279944306639200e-01,3.157346125102801770e-01
1.309988949563630212e-01,3.858362808289519941e-01,8.277076889291143935e-01,3.858362808289522161e-01
1.309988949563628269e-01,3.861972646138055465e-01,7.765206041471685028e-01,4.803193871372906654e-01
1.309988949563623828e-01,3.831662431702680394e-01,7.167357216903451622e-01,5.677260121467176957e-01
1.309988949563632987e-01,3.776963701651792071e-01,6.481453314975967883e-01,6.481453314975970104e-01
1.309988949563630489e-01,4.462309959636175383e-01,-6.259860971944701813e-01,-6.259860971944705144e-01
1.309988949563624105e-01,4.517273096226693818e-01,-6.951146068427629388e-01,-5.436887074559376698e-01
1.309988949563628546e-01,4.537459399319779263e-01,-7.556907657968989778e-01,-4.537459399319780928e-01
1.309988949563628546e-01,4.803193871372907209e-01,-7.765206041471686138e-01,-3.861972646138056020e-01
1.309988949563632987e-01,5.029136053481467750e-01,-7.943693276644854251e-01,-3.144750647377528296e-01
1.309988949563632987e-01,5.210501809129910455e-01,-8.087857318100117876e-01,-2.391895451546637852e-01
1.309988949563630767e-01,5.343214366873394461e-01,-8.193838499283421228e-01,-1.610900316382040676e-01
1.309988949563630489e-01,5.424152861952489246e-01,-8.258674059004377233e-01,-8.104304222584161888e-02
1.309988949563628269e-01,5.451355499944349203e-01,-8.280498304163081968e-01,-3.572798070176712705e-17
1.309988949563630489e-01,5.424152861952489246e-01,-8.258674059004377233e-01,8.104304222584161888e-02
1.309988949563630489e-01,5.343214366873394461e-01,-8.193838499283421228e-01,1.610900316382040398e-01
1.309988949563632987e-01,5.210501809129910455e-01,-8.087857318100117876e-01,2.391895451546637297e-01
1.309988949563632987e-01,5.029136053481467750e-01,-7.943693276644854251e-01,3.144750647377528296e-01
1.309988949563628546e-01,4.803193871372907209e-01,-7.765206041471686138e-01,3.861972646138056020e-01
1.309988949563628546e-01,4.537459399319779263e-01,-7.556907657968989778e-01,4.537459399319780928e-01
1.309988949563624105e-01,4.517273096226692153e-01,-6.951146068427631608e-01,5.436887074559374478e-01
1.309988949563630489e-01,4.462309959636175383e-01,-6.259860971944701813e-01,6.259860971944705144e-01
1.309988949563624105e-01,4.517273096226693818e-01,-5.436887074559376698e-01,-6.951146068427629388e-01
3.543067373357622896e-01,4.736914045971694076e-01,-5.701241922113319260e-01,-5.701241922113323701e-01
3.543067373357622896e-01,4.789353800728939348e-01,-6.447546349638382246e-01,-4.789353800728941568e-01
3.543067373357627337e-01,5.080652229485899118e-01,-6.704172072593304055e-01,-4.085060994884735508e-01
3.543067373357627337e-01,5.329117713325552952e-01,-6.924070158187171087e-01,-3.332331080470606888e-01
3.543067373357633443e-01,5.529073407221201109e-01,-7.101681720698798106e-01,-2.538136636058143103e-01
3.543067373357629557e-01,5.675670944583569577e-01,-7.232251611753330867e-01,-1.711131070651777386e-01
3.543067373357627892e-01,5.765192784436967699e-01,-7.312129679488610368e-01,-8.613856839223701933e-02
3.543067373357629557e-01,5.795299613914065562e-01,-7.339017371066520745e-01,-3.798217760133125925e-17
3.543067373357627892e-01,5.765192784436967699e-01,-7.312129679488610368e-01,8.613856839223701933e-02
3.543067373357629557e-01,5.675670944583569577e-01,-7.232251611753330867e-01,1.711131070651776831e-01
3.543067373357633443e-01,5.529073407221201109e-01,-7.101681720698798106e-01,2.538136636058142548e-01
3.543067373357627337e-01,5.329117713325552952e-01,-6.924070158187171087e-01,3.332331080470606888e-01
3.543067373357627337e-01,5.080652229485899118e-01,-6.704172072593304055e-01,4.085060994884735508e-01
3.543067373357622896e-01,4.789353800728939348e-01,-6.447546349638382246e-01,4.789353800728941568e-01
3.543067373357622896e-01,4.736914045971692966e-01,-5.701241922113325922e-01,5.701241922113318150e-01
1.309988949563624105e-01,4.517273096226693818e-01,-5.436887074559376698e-01,6.951146068427629388e-01
1.309988949563626326e-01,4.537459399319779263e-01,-4.537459399319780928e-01,-7.556907657968989778e-01
3.543067373357625116e-01,4.789353800728938793e-01,-4.789353800728941013e-01,-6.447546349638381136e-01
5.360770014093566571e-01,4.873812500018003813e-01,-4.873812500018006033e-01,-4.873812500018007698e-01
5.360770014093566571e-01,5.189132532779991980e-01,-5.189132532779996421e-01,-4.172283783551143377e-01
5.360770014093567681e-01,5.459324744049225409e-01,-5.459324744049228739e-01,-3.413750361994700167e-01
5.360770014093572122e-01,5.677558844143359984e-01,-5.677558844143361094e-01,-2.606299291826290054e-01
5.360770014093572122e-01,5.837992108007074021e-01,-5.837992108007077352e-01,-1.760068507101184287e-01
5.360770014093571012e-01,5.936139537053686244e-01,-5.936139537053687354e-01,-8.869270822628665119e-02
5.360770014093567681e-01,5.969176863521268306e-01,-5.969176863521272747e-01,-3.912176261252817769e-17
5.360770014093571012e-01,5.936139537053686244e-01,-5.936139537053687354e-01,8.869270822628665119e-02
5.360770014093573232e-01,5.837992108007075132e-01,-5.837992108007078462e-01,1.760068507101184010e-01
5.360770014093572122e-01,5.677558844143359984e-01,-5.677558844143361094e-01,2.606299291826288944e-01
5.360770014093567681e-01,5.459324744049225409e-01,-5.459324744049228739e-01,3.413750361994700167e-01
5.360770014093566571e-01,5.189132532779991980e-01,-5.189132532779996421e-01,4.172283783551143377e-01
5.360770014093566571e-01,4.873812500018003813e-01,-4.873812500018006033e-01,4.873812500018007698e-01
3.543067373357627892e-01,4.789353800728938793e-01,-4.789353800728941013e-01,6.447546349638380025e-01
1.309988949563626326e-01,4.537459399319779263e-01,-4.537459399319780928e-01,7.556907657968989778e-01
1.309988949563628269e-01,4.803193871372906654e-01,-3.861972646138055465e-01,-7.765206041471685028e-01
3.543067373357627337e-01,5.080652229485899118e-01,-4.085060994884735508e-01,-6.704172072593304055e-01
5.360770014093566571e-01,5.189132532779991980e-01,-4.172283783551143377e-01,-5.189132532779996421e-01
5.360770014093567681e-01,5.963997559527789427e-01,-4.224504584323575118e-01,-4.224504584323577894e-01
5.360770014093575453e-01,6.223163050918840700e-01,-4.525728051452738154e-01,-3.471623842233992896e-01
5.360770014093564351e-01,6.435799202735125180e-01,-4.771364289438517758e-01,-2.660209821713336309e-01
5.360770014093569902e-01,6.594041861355238732e-01,-4.953335028160588682e-01,-1.801451882645582758e-01
5.360770014093571012e-01,6.691665517884748393e-01,-5.065258789364216474e-01,-9.093463858816520917e-02
5.360770014093567681e-01,6.724667256405055804e-01,-5.103037835116349674e-01,-4.013414365552618855e-17
5.360770014093571012e-01,6.691665517884748393e-01,-5.065258789364216474e-01,9.093463858816520917e-02
5.360770014093569902e-01,6.594041861355238732e-01,-4.953335028160588682e-01,1.801451882645582203e-01
5.360770014093564351e-01,6.435799202735125180e-01,-4.771364289438517758e-01,2.660209821713335199e-01
5.360770014093575453e-01,6.223163050918840700e-01,-4.525728051452738154e-01,3.471623842233992896e-01
5.360770014093567681e-01,5.963997559527789427e-01,-4.224504584323575118e-01,4.224504584323577894e-01
5.360770014093566571e-01,5.189132532779991980e-01,-4.172283783551143377e-01,5.189132532779996421e-01
3.543067373357627337e-01,5.080652229485899118e-01,-4.085060994884735508e-01,6.704172072593302945e-01
1.309988949563628269e-01,4.803193871372906654e-01,-3.861972646138055465e-01,7.765206041471685028e-01
1.309988949563630489e-01,5.029136053481467750e-01,-3.144750647377528296e-01,-7.943693276644854251e-01
3.543067373357627337e-01,5.329117713325552952e-01,-3.332331080470606888e-01,-6.924070158187171087e-01
5.360770014093567681e-01,5.459324744049225409e-01,-3.413750361994700167e-01,-5.459324744049228739e-01
5.360770014093574343e-01,6.223163050918839589e-01,-3.471623842233992341e-01,-4.525728051452737599e-01
5.360770014093568792e-01,6.855967153672154479e-01,-3.482661284403336110e-01,-3.482661284403337776e-01
5.360770014093569902e-01,7.058857171249646179e-01,-3.769958291999816469e-01,-2.687395536290572706e-01
5.360770014093572122e-01,7.213187751061198583e-01,-3.985560699363813741e-01,-1.829582803707583694e-01
5.360770014093573232e-01,7.309859335737761699e-01,-4.119398743753349135e-01,-9.266365726033148897e-02
5.360770014093568792e-01,7.342795759673605982e-01,-4.164792346289857838e-01,-4.094384064017578380e-17
5.360770014093573232e-01,7.309859335737761699e-01,-4.119398743753349135e-01,9.266365726033148897e-02
5.360770014093573232e-01,7.213187751061199693e-01,-3.985560699363814852e-01,1.829582803707583416e-01
5.360770014093569902e-01,7.058857171249646179e-01,-3.769958291999816469e-01,2.687395536290572151e-01
5.360770014093568792e-01,6.855967153672154479e-01,-3.482661284403336110e-01,3.482661284403337776e-01
5.360770014093574343e-01,6.223163050918839589e-01,-3.471623842233992341e-01,4.525728051452737599e-01
5.360770014093567681e-01,5.459324744049225409e-01,-3.413750361994700167e-01,5.459324744049228739e-01
3.543067373357629557e-01,5.329117713325554062e-01,-3.332331080470607443e-01,6.924070158187168866e-01
1.309988949563630489e-01,5.029136053481467750e-01,-3.144750647377528296e-01,7.943693276644854251e-01
1.309988949563632987e-01,5.210501809129910455e-01,-2.391895451546637852e-01,-8.087857318100117876e-01
3.543067373357633443e-01,5.529073407221201109e-01,-2.538136636058143103e-01,-7.101681720698798106e-01
5.360770014093573232e-01,5.677558844143359984e-01,-2.606299291826290054e-01,-5.677558844143361094e-01
5.360770014093564351e-01,6.435799202735125180e-01,-2.660209821713336309e-01,-4.771364289438517758e-01
5.360770014093569902e-01,7.058857171249646179e-01,-2.687395536290572706e-01,-3.769958291999816469e-01
5.360770014093571012e-01,7.549721282451105075e-01,-2.670566738849646238e-01,-2.670566738849647903e-01
5.360770014093572122e-01,7.696099343458908670e-01,-2.941085840165901244e-01,-1.839079615563770642e-01
5.360770014093573232e-01,7.790766184448372211e-01,-3.112191815416699980e-01,-9.382799258772753226e-02
5.360770014093571012e-01,7.823562373326921060e-01,-3.170806939354470222e-01,-4.156270092436359062e-17
5.360770014093573232e-01,7.790766184448372211e-01,-3.112191815416699980e-01,9.382799258772753226e-02
5.360770014093567681e-01,7.696099343458910891e-01,-2.941085840165904575e-01,1.839079615563770365e-01
5.360770014093571012e-01,7.549721282451105075e-01,-2.670566738849647903e-01,2.670566738849645683e-01
5.360770014093569902e-01,7.058857171249646179e-01,-2.687395536290572706e-01,3.769958291999816469e-01
5.360770014093564351e-01,6.435799202735125180e-01,-2.660209821713336309e-01,4.771364289438517758e-01
5.360770014093573232e-01,5.677558844143359984e-01,-2.606299291826290054e-01,5.677558844143361094e-01
3.543067373357633443e-01,5.529073407221202219e-01,-2.538136636058143658e-01,7.101681720698795885e-01
1.309988949563632987e-01,5.210501809129910455e-01,-2.391895451546637852e-01,8.087857318100117876e-01
1.309988949563630767e-01,5.343214366873394461e-01,-1.610900316382040676e-01,-8.193838499283421228e-01
3.543067373357629557e-01,5.675670944583569577e-01,-1.711131070651777386e-01,-7.232251611753330867e-01
5.360770014093572122e-01,5.837992108007074021e-01,-1.760068507101184287e-01,-5.837992108007077352e-01
5.360770014093569902e-01,6.594041861355238732e-01,-1.801451882645582758e-01,-4.953335028160588682e-01
5.360770014093573232e-01,7.213187751061199693e-01,-1.829582803707583971e-01,-3.985560699363814297e-01
5.360770014093571012e-01,7.696099343458910891e-01,-1.839079615563771197e-01,-2.941085840165902354e-01
5.360770014093572122e-01,8.045259945864641216e-01,-1.807752369582359964e-01,-1.807752369582361629e-01
5.360770014093573232e-01,8.134565095211903074e-01,-2.050585121392911603e-01,-9.413268442349803644e-02
5.360770014093571012e-01,8.166967097365005479e-01,-2.136069588415286657e-01,-4.199916132784521469e-17
5.360770014093573232e-01,8.134565095211903074e-01,-2.050585121392911603e-01,9.413268442349803644e-02
5.360770014093572122e-01,8.045259945864641216e-01,-1.807752369582361629e-01,1.807752369582359409e-01
5.360770014093573232e-01,7.696099343458909781e-01,-1.839079615563770642e-01,2.941085840165900689e-01
5.360770014093573232e-01,7.213187751061199693e-01,-1.829582803707583971e-01,3.985560699363814297e-01
5.360770014093569902e-01,6.594041861355238732e-01,-1.801451882645582758e-01,4.953335028160588682e-01
5.360770014093572122e-01,5.837992108007074021e-01,-1.760068507101184287e-01,5.837992108007077352e-01
3.543067373357633998e-01,5.675670944583570687e-01,-1.711131070651777386e-01,7.232251611753327536e-01
1.309988949563630767e-01,5.343214366873394461e-01,-1.610900316382040676e-01,8.193838499283421228e-01
1.309988949563630489e-01,5.424152861952489246e-01,-8.104304222584161888e-02,-8.258674059004377233e-01
3.543067373357627892e-01,5.765192784436967699e-01,-8.613856839223701933e-02,-7.312129679488610368e-01
5.360770014093571012e-01,5.936139537053686244e-01,-8.869270822628665119e-02,-5.936139537053687354e-01
5.360770014093571012e-01,6.691665517884748393e-01,-9.093463858816520917e-02,-5.065258789364216474e-01
5.360770014093573232e-01,7.309859335737761699e-01,-9.266365726033148897e-02,-4.119398743753349135e-01
5.360770014093572122e-01,7.790766184448372211e-01,-9.382799258772753226e-02,-3.112191815416699980e-01
5.360770014093573232e-01,8.134565095211903074e-01,-9.413268442349803644e-02,-2.050585121392911603e-01
5.360770014093572122e-01,8.342583143912762900e-01,-9.119899513969002836e-02,-9.119899513969006999e-02
5.360770014093571012e-01,8.373009931787855908e-01,-1.074639259555114218e-01,-4.225887384574907191e-17
5.360770014093572122e-01,8.342583143912762900e-01,-9.119899513969002836e-02,9.119899513969006999e-02
5.360770014093572122e-01,8.134565095211903074e-01,-9.413268442349806420e-02,2.050585121392910493e-01
5.360770014093572122e-01,7.790766184448373322e-01,-9.382799258772751838e-02,3.112191815416698315e-01
5.360770014093573232e-01,7.309859335737761699e-01,-9.266365726033148897e-02,4.119398743753349135e-01
5.360770014093571012e-01,6.691665517884748393e-01,-9.093463858816520917e-02,5.065258789364216474e-01
5.360770014093571012e-01,5.936139537053686244e-01,-8.869270822628665119e-02,5.936139537053687354e-01
3.543067373357633443e-01,5.765192784436967699e-01,-8.613856839223699158e-02,7.312129679488607037e-01
1.309988949563630489e-01,5.424152861952489246e-01,-8.104304222584161888e-02,8.258674059004377233e-01
1.309988949563628269e-01,5.451355499944349203e-01,-3.572798070176712705e-17,-8.280498304163081968e-01
3.543067373357629557e-01,5.795299613914065562e-01,-3.798217760133125925e-17,-7.339017371066520745e-01
5.360770014093567681e-01,5.969176863521268306e-01,-3.912176261252817769e-17,-5.969176863521272747e-01
5.360770014093567681e-01,6.724667256405055804e-01,-4.013414365552618855e-17,-5.103037835116349674e-01
5.360770014093568792e-01,7.342795759673605982e-01,-4.094384064017578380e-17,-4.164792346289857838e-01
5.360770014093571012e-01,7.823562373326921060e-01,-4.156270092436359062e-17,-3.170806939354470222e-01
5.360770014093571012e-01,8.166967097365005479e-01,-4.199916132784521469e-17,-2.136069588415286657e-01
5.360770014093571012e-01,8.373009931787855908e-01,-4.225887384574907191e-17,-1.074639259555114218e-01
5.360770014093571012e-01,8.441690876595472348e-01,-4.233820368957757286e-17,-8.530049740378552933e-16
5.360770014093571012e-01,8.373009931787855908e-01,-4.225887384574907191e-17,1.074639259555114218e-01
5.360770014093571012e-01,8.166967097365005479e-01,-4.199916132784522085e-17,2.136069588415285547e-01
5.360770014093571012e-01,7.823562373326922170e-01,-4.156270092436359062e-17,3.170806939354468557e-01
5.360770014093568792e-01,7.342795759673605982e-01,-4.094384064017578380e-17,4.164792346289857838e-01
5.360770014093567681e-01,6.724667256405055804e-01,-4.013414365552618855e-17,5.103037835116349674e-01
5.360770014093567681e-01,5.969176863521268306e-01,-3.912176261252817769e-17,5.969176863521272747e-01
3.543067373357630112e-01,5.795299613914066672e-01,-3.798217760133126541e-17,7.339017371066520745e-01
1.309988949563628269e-01,5.451355499944349203e-01,-3.572798070176712705e-17,8.280498304163081968e-01
1.309988949563630489e-01,5.424152861952489246e-01,8.104304222584161888e-02,-8.258674059004377233e-01
3.543067373357627892e-01,5.765192784436967699e-01,8.613856839223701933e-02,-7.312129679488610368e-01
5.360770014093571012e-01,5.936139537053686244e-01,8.869270822628665119e-02,-5.936139537053687354e-01
5.360770014093571012e-01,6.691665517884748393e-01,9.093463858816520917e-02,-5.065258789364216474e-01
5.360770014093573232e-01,7.309859335737761699e-01,9.266365726033148897e-02,-4.119398743753349135e-01
5.360770014093572122e-01,7.790766184448372211e-01,9.382799258772753226e-02,-3.112191815416699980e-01
5.360770014093573232e-01,8.134565095211903074e-01,9.413268442349803644e-02,-2.050585121392911603e-01
5.360770014093572122e-01,8.342583143912762900e-01,9.119899513969002836e-02,-9.119899513969006999e-02
5.360770014093571012e-01,8.373009931787855908e-01,1.074639259555114218e-01,-4.225887384574907191e-17
5.360770014093572122e-01,8.342583143912762900e-01,9.119899513969002836e-02,9.119899513969006999e-02
5.360770014093572122e-01,8.134565095211903074e-01,9.413268442349806420e-02,2.050585121392910493e-01
5.360770014093572122e-01,7.790766184448373322e-01,9.382799258772751838e-02,3.112191815416698315e-01
5.360770014093573232e-01,7.309859335737761699e-01,9.266365726033148897e-02,4.119398743753349135e-01
5.360770014093571012e-01,6.691665517884748393e-01,9.093463858816520917e-02,5.065258789364216474e-01
5.360770014093571012e-01,5.936139537053686244e-01,8.869270822628665119e-02,5.936139537053687354e-01
3.543067373357633443e-01,5.765192784436967699e-01,8.613856839223699158e-02,7.312129679488607037e-01
1.309988949563630489e-01,5.424152861952489246e-01,8.104304222584161888e-02,8.258674059004377233e-01
1.309988949563630767e-01,5.343214366873394461e-01,1.610900316382040398e-01,-8.193838499283421228e-01
3.543067373357629557e-01,5.675670944583569577e-01,1.711131070651776831e-01,-7.232251611753330867e-01
5.360770014093572122e-01,5.837992108007074021e-01,1.760068507101183732e-01,-5.837992108007078462e-01
5.360770014093569902e-01,6.594041861355238732e-01,1.801451882645582203e-01,-4.953335028160588682e-01
5.360770014093573232e-01,7.213187751061199693e-01,1.829582803707583416e-01,-3.985560699363814852e-01
5.360770014093567681e-01,7.696099343458910891e-01,1.839079615563770365e-01,-2.941085840165904575e-01
5.360770014093572122e-01,8.045259945864641216e-01,1.807752369582359409e-01,-1.807752369582361629e-01
5.360770014093572122e-01,8.134565095211903074e-01,2.050585121392910493e-01,-9.413268442349806420e-02
5.360770014093571012e-01,8.166967097365005479e-01,2.136069588415285547e-01,-4.199916132784522085e-17
5.360770014093572122e-01,8.134565095211903074e-01,2.050585121392910493e-01,9.413268442349806420e-02
5.360770014093571012e-01,8.045259945864643436e-01,1.807752369582359686e-01,1.807752369582360519e-01
5.360770014093572122e-01,7.696099343458909781e-01,1.839079615563770087e-01,2.941085840165900689e-01
5.360770014093573232e-01,7.213187751061199693e-01,1.829582803707583416e-01,3.985560699363814852e-01
5.360770014093569902e-01,6.594041861355238732e-01,1.801451882645582203e-01,4.953335028160588682e-01
5.360770014093572122e-01,5.837992108007074021e-01,1.760068507101183732e-01,5.837992108007078462e-01
3.543067373357633998e-01,5.675670944583570687e-01,1.711131070651776831e-01,7.232251611753327536e-01
1.309988949563630767e-01,5.343214366873394461e-01,1.610900316382040398e-01,8.193838499283421228e-01
1.309988949563632987e-01,5.210501809129910455e-01,2.391895451546637297e-01,-8.087857318100117876e-01
3.543067373357633443e-01,5.529073407221201109e-01,2.538136636058142548e-01,-7.101681720698798106e-01
5.360770014093572122e-01,5.677558844143359984e-01,2.606299291826288944e-01,-5.677558844143361094e-01
5.360770014093564351e-01,6.435799202735125180e-01,2.660209821713335199e-01,-4.771364289438517758e-01
5.360770014093569902e-01,7.058857171249646179e-01,2.687395536290572151e-01,-3.769958291999816469e-01
5.360770014093571012e-01,7.549721282451105075e-01,2.670566738849645683e-01,-2.670566738849647903e-01
5.360770014093573232e-01,7.696099343458909781e-01,2.941085840165900689e-01,-1.839079615563770642e-01
5.360770014093573232e-01,7.790766184448373322e-01,3.112191815416698315e-01,-9.382799258772751838e-02
5.360770014093571012e-01,7.823562373326922170e-01,3.170806939354468557e-01,-4.156270092436359062e-17
5.360770014093573232e-01,7.790766184448373322e-01,3.112191815416698315e-01,9.382799258772751838e-02
5.360770014093572122e-01,7.696099343458909781e-01,2.941085840165900689e-01,1.839079615563770087e-01
5.360770014093571012e-01,7.549721282451105075e-01,2.670566738849645683e-01,2.670566738849646793e-01
5.360770014093569902e-01,7.058857171249646179e-01,2.687395536290572151e-01,3.769958291999816469e-01
5.360770014093564351e-01,6.435799202735125180e-01,2.660209821713335199e-01,4.771364289438517758e-01
5.360770014093572122e-01,5.677558844143359984e-01,2.606299291826288944e-01,5.677558844143361094e-01
3.543067373357633443e-01,5.529073407221202219e-01,2.538136636058143103e-01,7.101681720698795885e-01
1.309988949563632987e-01,5.210501809129910455e-01,2.391895451546637297e-01,8.087857318100117876e-01
1.309988949563630489e-01,5.029136053481467750e-01,3.144750647377528296e-01,-7.943693276644854251e-01
3.543067373357627337e-01,5.329117713325552952e-01,3.332331080470606888e-01,-6.924070158187171087e-01
5.360770014093567681e-01,5.459324744049225409e-01,3.413750361994700167e-01,-5.459324744049228739e-01
5.360770014093574343e-01,6.223163050918839589e-01,3.471623842233992341e-01,-4.525728051452737599e-01
5.360770014093568792e-01,6.855967153672154479e-01,3.482661284403336110e-01,-3.482661284403337776e-01
5.360770014093569902e-01,7.058857171249646179e-01,3.769958291999816469e-01,-2.687395536290572706e-01
5.360770014093572122e-01,7.213187751061198583e-01,3.985560699363813741e-01,-1.829582803707583694e-01
5.360770014093573232e-01,7.309859335737761699e-01,4.119398743753349135e-01,-9.266365726033148897e-02
5.360770014093568792e-01,7.342795759673605982e-01,4.164792346289857838e-01,-4.094384064017578380e-17
5.360770014093573232e-01,7.309859335737761699e-01,4.119398743753349135e-01,9.266365726033148897e-02
5.360770014093573232e-01,7.213187751061199693e-01,3.985560699363814852e-01,1.829582803707583416e-01
5.360770014093569902e-01,7.058857171249646179e-01,3.769958291999816469e-01,2.687395536290572151e-01
5.360770014093568792e-01,6.855967153672154479e-01,3.482661284403336110e-01,3.482661284403337776e-01
5.360770014093574343e-01,6.223163050918839589e-01,3.471623842233992341e-01,4.525728051452737599e-01
5.360770014093567681e-01,5.459324744049225409e-01,3.413750361994700167e-01,5.459324744049228739e-01
3.543067373357629557e-01,5.329117713325554062e-01,3.332331080470607443e-01,6.924070158187168866e-01
1.309988949563630489e-01,5.029136053481467750e-01,3.144750647377528296e-01,7.943693276644854251e-01
1.309988949563628269e-01,4.803193871372906654e-01,3.861972646138055465e-01,-7.765206041471685028e-01
3.543067373357627337e-01,5.080652229485899118e-01,4.085060994884735508e-01,-6.704172072593304055e-01
5.360770014093566571e-01,5.189132532779991980e-01,4.172283783551143377e-01,-5.189132532779996421e-01
5.360770014093567681e-01,5.963997559527789427e-01,4.224504584323575118e-01,-4.224504584323577894e-01
5.360770014093575453e-01,6.223163050918840700e-01,4.525728051452738154e-01,-3.471623842233992896e-01
5.360770014093564351e-01,6.435799202735125180e-01,4.771364289438517758e-01,-2.660209821713336309e-01
5.360770014093569902e-01,6.594041861355238732e-01,4.953335028160588682e-01,-1.801451882645582758e-01
5.360770014093571012e-01,6.691665517884748393e-01,5.065258789364216474e-01,-9.093463858816520917e-02
5.360770014093567681e-01,6.724667256405055804e-01,5.103037835116349674e-01,-4.013414365552618855e-17
5.360770014093571012e-01,6.691665517884748393e-01,5.065258789364216474e-01,9.093463858816520917e-02
5.360770014093569902e-01,6.594041861355238732e-01,4.953335028160588682e-01,1.801451882645582203e-01
5.360770014093564351e-01,6.435799202735125180e-01,4.771364289438517758e-01,2.660209821713335199e-01
5.360770014093575453e-01,6.223163050918840700e-01,4.525728051452738154e-01,3.471623842233992896e-01
5.360770014093567681e-01,5.963997559527789427e-01,4.224504584323575118e-01,4.224504584323577894e-01
5.360770014093566571e-01,5.189132532779991980e-01,4.172283783551143377e-01,5.189132532779996421e-01
3.543067373357627337e-01,5.080652229485899118e-01,4.085060994884735508e-01,6.704172072593302945e-01
1.309988949563628269e-01,4.803193871372906654e-01,3.861972646138055465e-01,7.765206041471685028e-01
1.309988949563626326e-01,4.537459399319779263e-01,4.537459399319780928e-01,-7.556907657968989778e-01
3.543067373357625116e-01,4.789353800728938793e-01,4.789353800728941013e-01,-6.447546349638381136e-01
5.360770014093566571e-01,4.873812500018003813e-01,4.873812500018006033e-01,-4.873812500018007698e-01
5.360770014093566571e-01,5.189132532779991980e-01,5.189132532779996421e-01,-4.172283783551143377e-01
5.360770014093567681e-01,5.459324744049225409e-01,5.459324744049228739e-01,-3.413750361994700167e-01
5.360770014093572122e-01,5.677558844143359984e-01,5.677558844143361094e-01,-2.606299291826290054e-01
5.360770014093572122e-01,5.837992108007074021e-01,5.837992108007077352e-01,-1.760068507101184287e-01
5.360770014093571012e-01,5.936139537053686244e-01,5.936139537053687354e-01,-8.869270822628665119e-02
5.360770014093567681e-01,5.969176863521268306e-01,5.969176863521272747e-01,-3.912176261252817769e-17
5.360770014093571012e-01,5.936139537053686244e-01,5.936139537053687354e-01,8.869270822628665119e-02
5.360770014093573232e-01,5.837992108007075132e-01,5.837992108007078462e-01,1.760068507101184010e-01
5.360770014093572122e-01,5.677558844143359984e-01,5.677558844143361094e-01,2.606299291826288944e-01
5.360770014093567681e-01,5.459324744049225409e-01,5.459324744049228739e-01,3.413750361994700167e-01
5.360770014093566571e-01,5.189132532779991980e-01,5.189132532779996421e-01,4.172283783551143377e-01
5.360770014093566571e-01,4.873812500018003813e-01,4.873812500018006033e-01,4.873812500018007698e-01
3.543067373357627892e-01,4.789353800728938793e-01,4.789353800728941013e-01,6.447546349638380025e-01
1.309988949563626326e-01,4.537459399319779263e-01,4.537459399319780928e-01,7.556907657968989778e-01
1.309988949563624105e-01,4.517273096226691598e-01,5.436887074559374478e-01,-6.951146068427631608e-01
3.543067373357622896e-01,4.736914045971692966e-01,5.701241922113318150e-01,-5.701241922113325922e-01
3.543067373357627892e-01,4.789353800728938793e-01,6.447546349638380025e-01,-4.789353800728941013e-01
3.543067373357627337e-01,5.080652229485899118e-01,6.704172072593302945e-01,-4.085060994884735508e-01
3.543067373357629557e-01,5.329117713325554062e-01,6.924070158187168866e-01,-3.332331080470607443e-01
3.543067373357633443e-01,5.529073407221202219e-01,7.101681720698795885e-01,-2.538136636058143658e-01
3.543067373357633998e-01,5.675670944583570687e-01,7.232251611753327536e-01,-1.711131070651777386e-01
3.543067373357631777e-01,5.765192784436967699e-01,7.312129679488608147e-01,-8.613856839223699158e-02
3.543067373357630112e-01,5.795299613914066672e-01,7.339017371066520745e-01,-3.798217760133126541e-17
3.543067373357631777e-01,5.765192784436967699e-01,7.312129679488608147e-01,8.613856839223699158e-02
3.543067373357633998e-01,5.675670944583570687e-01,7.232251611753327536e-01,1.711131070651776831e-01
3.543067373357633443e-01,5.529073407221202219e-01,7.101681720698795885e-01,2.538136636058143103e-01
3.543067373357629557e-01,5.329117713325554062e-01,6.924070158187168866e-01,3.332331080470607443e-01
3.543067373357627337e-01,5.080652229485899118e-01,6.704172072593302945e-01,4.085060994884735508e-01
3.543067373357627892e-01,4.789353800728938793e-01,6.447546349638380025e-01,4.789353800728941013e-01
3.543067373357625116e-01,4.736914045971693521e-01,5.701241922113318150e-01,5.701241922113322591e-01
1.309988949563624105e-01,4.517273096226691598e-01,5.436887074559374478e-01,6.951146068427631608e-01
1.309988949563630489e-01,4.462309959636175383e-01,6.259860971944701813e-01,-6.259860971944705144e-01
1.309988949563624105e-01,4.517273096226693818e-01,6.951146068427629388e-01,-5.436887074559376698e-01
1.309988949563628546e-01,4.537459399319779263e-01,7.556907657968989778e-01,-4.537459399319780928e-01
1.309988949563628546e-01,4.803193871372907209e-01,7.765206041471686138e-01,-3.861972646138056020e-01
1.309988949563632987e-01,5.029136053481467750e-01,7.943693276644854251e-01,-3.144750647377528296e-01
1.309988949563632987e-01,5.210501809129910455e-01,8.087857318100117876e-01,-2.391895451546637852e-01
1.309988949563630767e-01,5.343214366873394461e-01,8.193838499283421228e-01,-1.610900316382040676e-01
1.309988949563630489e-01,5.424152861952489246e-01,8.258674059004377233e-01,-8.104304222584161888e-02
1.309988949563628269e-01,5.451355499944349203e-01,8.280498304163081968e-01,-3.572798070176712705e-17
1.309988949563630489e-01,5.424152861952489246e-01,8.258674059004377233e-01,8.104304222584161888e-02
1.309988949563630489e-01,5.343214366873394461e-01,8.193838499283421228e-01,1.610900316382040398e-01
1.309988949563632987e-01,5.210501809129910455e-01,8.087857318100117876e-01,2.391895451546637297e-01
1.309988949563632987e-01,5.029136053481467750e-01,7.943693276644854251e-01,3.144750647377528296e-01
1.309988949563628546e-01,4.803193871372907209e-01,7.765206041471686138e-01,3.861972646138056020e-01
1.309988949563628546e-01,4.537459399319779263e-01,7.556907657968989778e-01,4.537459399319780928e-01
1.309988949563624105e-01,4.517273096226692153e-01,6.951146068427631608e-01,5.436887074559374478e-01
1.309988949563630489e-01,4.462309959636175383e-01,6.259860971944701813e-01,6.259860971944705144e-01
1.309988949563637151e-01,5.112440010915976218e-01,-6.006117135338212565e-01,-6.006117135338215896e-01
1.309988949563628269e-01,5.163147999951310796e-01,-6.705798566406442340e-01,-5.163147999951315237e-01
1.309988949563624105e-01,5.436887074559374478e-01,-6.951146068427631608e-01,-4.517273096226692153e-01
1.309988949563623828e-01,5.677260121467176957e-01,-7.167357216903451622e-01,-3.831662431702680394e-01
1.309988949563628269e-01,5.880233121780000793e-01,-7.350466308393531767e-01,-3.110857186486414294e-01
1.309988949563624105e-01,6.042208825844815889e-01,-7.496932722594075171e-01,-2.360432420087980876e-01
1.309988949563630489e-01,6.160187961681269364e-01,-7.603801697714150931e-01,-1.586887825467748203e-01
1.309988949563632710e-01,6.231912639947077004e-01,-7.668847389933720615e-01,-7.974794730874214255e-02
1.309988949563626326e-01,6.255979566930683911e-01,-7.690685834837291956e-01,-3.514410586088921521e-17
1.309988949563632710e-01,6.231912639947077004e-01,-7.668847389933720615e-01,7.974794730874214255e-02
1.309988949563630489e-01,6.160187961681269364e-01,-7.603801697714150931e-01,1.586887825467747648e-01
1.309988949563624105e-01,6.042208825844815889e-01,-7.496932722594075171e-01,2.360432420087980321e-01
1.309988949563628269e-01,5.880233121780000793e-01,-7.350466308393531767e-01,3.110857186486414294e-01
1.309988949563623828e-01,5.677260121467176957e-01,-7.167357216903451622e-01,3.831662431702680394e-01
1.309988949563624105e-01,5.436887074559374478e-01,-6.951146068427631608e-01,4.517273096226692153e-01
1.309988949563628546e-01,5.163147999951311906e-01,-6.705798566406443451e-01,5.163147999951315237e-01
1.309988949563637151e-01,5.112440010915976218e-01,-6.006117135338212565e-01,6.006117135338215896e-01
1.309988949563628269e-01,5.163147999951310796e-01,-5.163147999951315237e-01,-6.705798566406442340e-01
3.543067373357625671e-01,5.398971309050414336e-01,-5.398971309050416556e-01,-5.398971309050419887e-01
3.543067373357622896e-01,5.701241922113318150e-01,-5.701241922113325922e-01,-4.736914045971692966e-01
3.543067373357622896e-01,5.967616251839230612e-01,-5.967616251839235053e-01,-4.027627853888346432e-01
3.543067373357622896e-01,6.193208511332944921e-01,-6.193208511332948252e-01,-3.276432550527327847e-01
3.543067373357621230e-01,6.373656620438616915e-01,-6.373656620438622467e-01,-2.489914889574870727e-01
3.543067373357629557e-01,6.505320282635427276e-01,-6.505320282635431717e-01,-1.675795222726468303e-01
3.543067373357633443e-01,6.585457235742093740e-01,-6.585457235742099291e-01,-8.427215318672941213e-02
3.543067373357625671e-01,6.612362421549831115e-01,-6.612362421549832225e-01,-3.714615152547984225e-17
3.543067373357633443e-01,6.585457235742093740e-01,-6.585457235742099291e-01,8.427215318672941213e-02
3.543067373357629557e-01,6.505320282635427276e-01,-6.505320282635431717e-01,1.675795222726467470e-01
3.543067373357621230e-01,6.373656620438616915e-01,-6.373656620438622467e-01,2.489914889574870172e-01
3.543067373357622896e-01,6.193208511332944921e-01,-6.193208511332948252e-01,3.276432550527327847e-01
3.543067373357622896e-01,5.967616251839230612e-01,-5.967616251839235053e-01,4.027627853888346432e-01
3.543067373357622896e-01,5.701241922113318150e-01,-5.701241922113325922e-01,4.736914045971692966e-01
3.543067373357623451e-01,5.398971309050414336e-01,-5.398971309050422107e-01,5.398971309050416556e-01
1.309988949563628269e-01,5.163147999951310796e-01,-5.163147999951315237e-01,6.705798566406442340e-01
1.309988949563624105e-01,5.436887074559374478e-01,-4.517273096226691598e-01,-6.951146068427631608e-01
3.543067373357622896e-01,5.701241922113318150e-01,-4.736914045971692966e-01,-5.701241922113325922e-01
3.543067373357627892e-01,6.447546349638380025e-01,-4.789353800728938793e-01,-4.789353800728941013e-01
3.543067373357627892e-01,6.704172072593304055e-01,-5.080652229485900229e-01,-4.085060994884736063e-01
3.543067373357629557e-01,6.924070158187168866e-01,-5.329117713325554062e-01,-3.332331080470607443e-01
3.543067373357633443e-01,7.101681720698795885e-01,-5.529073407221202219e-01,-2.538136636058143658e-01
3.543067373357633998e-01,7.232251611753327536e-01,-5.675670944583570687e-01,-1.711131070651777386e-01
3.543067373357631777e-01,7.312129679488608147e-01,-5.765192784436967699e-01,-8.613856839223699158e-02
3.543067373357630112e-01,7.339017371066520745e-01,-5.795299613914066672e-01,-3.798217760133126541e-17
3.543067373357631777e-01,7.312129679488608147e-01,-5.765192784436967699e-01,8.613856839223699158e-02
3.543067373357633998e-01,7.232251611753327536e-01,-5.675670944583570687e-01,1.711131070651776831e-01
3.543067373357633998e-01,7.101681720698796996e-01,-5.529073407221203329e-01,2.538136636058143658e-01
3.543067373357629557e-01,6.924070158187168866e-01,-5.329117713325554062e-01,3.332331080470607443e-01
3.543067373357627892e-01,6.704172072593304055e-01,-5.080652229485900229e-01,4.085060994884736063e-01
3.543067373357627892e-01,6.447546349638380025e-01,-4.789353800728938793e-01,4.789353800728941013e-01
3.543067373357625671e-01,5.701241922113319260e-01,-4.736914045971694076e-01,5.701241922113323701e-01
1.309988949563624105e-01,5.436887074559374478e-01,-4.517273096226691598e-01,6.951146068427631608e-01
1.309988949563623828e-01,5.677260121467176957e-01,-3.831662431702680394e-01,-7.167357216903451622e-01
3.543067373357622896e-01,5.967616251839230612e-01,-4.027627853888346432e-01,-5.967616251839235053e-01
3.543067373357627337e-01,6.704172072593302945e-01,-4.085060994884735508e-01,-5.080652229485899118e-01
3.543067373357629557e-01,7.334802153212810483e-01,-4.101667402476300572e-01,-4.101667402476303348e-01
3.543067373357635663e-01,7.545726054909214220e-01,-4.382570757111587945e-01,-3.361809847540935814e-01
3.543067373357627892e-01,7.718781682578123027e-01,-4.610730713345900234e-01,-2.570650737372533468e-01
3.543067373357631777e-01,7.847568732087751853e-01,-4.779247962389486792e-01,-1.738139090235081563e-01
3.543067373357630112e-01,7.927020523383547790e-01,-4.882688185147964766e-01,-8.765701890443103328e-02
3.543067373357629557e-01,7.953879251426797525e-01,-4.917568346405666868e-01,-3.867547151862604256e-17
3.543067373357630112e-01,7.927020523383547790e-01,-4.882688185147964766e-01,8.765701890443103328e-02
3.543067373357631777e-01,7.847568732087751853e-01,-4.779247962389486792e-01,1.738139090235081008e-01
3.543067373357627892e-01,7.718781682578123027e-01,-4.610730713345900234e-01,2.570650737372532912e-01
3.543067373357635663e-01,7.545726054909214220e-01,-4.382570757111587945e-01,3.361809847540935814e-01
3.543067373357629557e-01,7.334802153212810483e-01,-4.101667402476300572e-01,4.101667402476303348e-01
3.543067373357627337e-01,6.704172072593302945e-01,-4.085060994884735508e-01,5.080652229485899118e-01
3.543067373357625116e-01,5.967616251839230612e-01,-4.027627853888345877e-01,5.967616251839233943e-01
1.309988949563623828e-01,5.677260121467176957e-01,-3.831662431702680394e-01,7.167357216903451622e-01
1.309988949563627991e-01,5.880233121780000793e-01,-3.110857186486414294e-01,-7.350466308393531767e-01
3.543067373357625116e-01,6.193208511332943811e-01,-3.276432550527327292e-01,-6.193208511332948252e-01
3.543067373357631222e-01,6.924070158187167756e-01,-3.332331080470607443e-01,-5.329117713325552952e-01
3.543067373357635663e-01,7.545726054909215330e-01,-3.361809847540936369e-01,-4.382570757111588500e-01
3.543067373357629557e-01,8.060738719773706817e-01,-3.351952034217494103e-01,-3.351952034217495768e-01
3.543067373357636218e-01,8.225862378378875350e-01,-3.621692896404027917e-01,-2.581705305404991546e-01
3.543067373357636218e-01,8.351465551356114236e-01,-3.823484685643742664e-01,-1.755181355589368053e-01
3.543067373357635663e-01,8.430142491382778269e-01,-3.948479588026154175e-01,-8.881892285836404111e-02
3.543067373357633443e-01,8.456948062630658125e-01,-3.990827364571939428e-01,-3.923360063390637254e-17
3.543067373357635663e-01,8.430142491382778269e-01,-3.948479588026154175e-01,8.881892285836404111e-02
3.543067373357636218e-01,8.351465551356114236e-01,-3.823484685643742664e-01,1.755181355589367220e-01
3.543067373357636218e-01,8.225862378378875350e-01,-3.621692896404027917e-01,2.581705305404990991e-01
3.543067373357629557e-01,8.060738719773706817e-01,-3.351952034217494103e-01,3.351952034217495768e-01
3.543067373357635663e-01,7.545726054909215330e-01,-3.361809847540936369e-01,4.382570757111588500e-01
3.543067373357631222e-01,6.924070158187167756e-01,-3.332331080470607443e-01,5.329117713325552952e-01
3.543067373357627337e-01,6.193208511332944921e-01,-3.276432550527327292e-01,6.193208511332944921e-01
1.309988949563627991e-01,5.880233121780000793e-01,-3.110857186486414294e-01,7.350466308393531767e-01
1.309988949563624105e-01,6.042208825844815889e-01,-2.360432420087980876e-01,-7.496932722594075171e-01
3.543067373357622896e-01,6.373656620438616915e-01,-2.489914889574870449e-01,-6.373656620438621356e-01
3.543067373357633998e-01,7.101681720698796996e-01,-2.538136636058144213e-01,-5.529073407221203329e-01
3.543067373357627892e-01,7.718781682578123027e-01,-2.570650737372533468e-01,-4.610730713345900234e-01
3.543067373357635108e-01,8.225862378378873130e-01,-2.581705305404990991e-01,-3.621692896404027917e-01
3.543067373357633443e-01,8.625356049321071250e-01,-2.554398814818179542e-01,-2.554398814818181207e-01
3.543067373357635663e-01,8.744487001458268738e-01,-2.809626743522973258e-01,-1.756877409285153568e-01
3.543067373357635663e-01,8.821532364849808960e-01,-2.970706580912623185e-01,-8.956242146561341211e-02
3.543067373357629557e-01,8.848223804678108095e-01,-3.025823704411136905e-01,-3.966227149165166038e-17
3.543067373357635663e-01,8.821532364849808960e-01,-2.970706580912623185e-01,8.956242146561341211e-02
3.543067373357627337e-01,8.744487001458270958e-01,-2.809626743522974923e-01,1.756877409285152736e-01
3.543067373357633443e-01,8.625356049321071250e-01,-2.554398814818181207e-01,2.554398814818178987e-01
3.543067373357635108e-01,8.225862378378873130e-01,-2.581705305404990991e-01,3.621692896404027917e-01
3.543067373357627892e-01,7.718781682578123027e-01,-2.570650737372533468e-01,4.610730713345900234e-01
3.543067373357633998e-01,7.101681720698796996e-01,-2.538136636058144213e-01,5.529073407221203329e-01
3.543067373357623451e-01,6.373656620438618026e-01,-2.489914889574871282e-01,6.373656620438621356e-01
1.309988949563624105e-01,6.042208825844815889e-01,-2.360432420087980876e-01,7.496932722594075171e-01
1.309988949563630489e-01,6.160187961681269364e-01,-1.586887825467748203e-01,-7.603801697714150931e-01
3.543067373357629557e-01,6.505320282635427276e-01,-1.675795222726468303e-01,-6.505320282635431717e-01
3.543067373357633998e-01,7.232251611753327536e-01,-1.711131070651777386e-01,-5.675670944583570687e-01
3.543067373357629557e-01,7.847568732087751853e-01,-1.738139090235081285e-01,-4.779247962389486792e-01
3.543067373357636218e-01,8.351465551356114236e-01,-1.755181355589368053e-01,-3.823484685643742664e-01
3.543067373357635663e-01,8.744487001458268738e-01,-1.756877409285153568e-01,-2.809626743522973258e-01
3.543067373357629557e-01,9.028654141854904891e-01,-1.721928856633591631e-01,-1.721928856633592742e-01
3.543067373357631777e-01,9.101335849750507023e-01,-1.951812117079452791e-01,-8.959848199142154968e-02
3.543067373357635663e-01,9.127706477569140775e-01,-2.032645578351273130e-01,-3.996565000995143683e-17
3.543067373357631777e-01,9.101335849750507023e-01,-1.951812117079452791e-01,8.959848199142154968e-02
3.543067373357631777e-01,9.028654141854904891e-01,-1.721928856633592742e-01,1.721928856633591076e-01
3.543067373357635663e-01,8.744487001458268738e-01,-1.756877409285153568e-01,2.809626743522972148e-01
3.543067373357636218e-01,8.351465551356114236e-01,-1.755181355589368053e-01,3.823484685643742664e-01
3.543067373357629557e-01,7.847568732087751853e-01,-1.738139090235081285e-01,4.779247962389486792e-01
3.543067373357633998e-01,7.232251611753327536e-01,-1.711131070651777386e-01,5.675670944583570687e-01
3.543067373357633443e-01,6.505320282635428386e-01,-1.675795222726468303e-01,6.505320282635429496e-01
1.309988949563630489e-01,6.160187961681269364e-01,-1.586887825467748203e-01,7.603801697714150931e-01
1.309988949563632710e-01,6.231912639947077004e-01,-7.974794730874214255e-02,-7.668847389933720615e-01
3.543067373357633443e-01,6.585457235742093740e-01,-8.427215318672941213e-02,-6.585457235742099291e-01
3.543067373357633443e-01,7.312129679488607037e-01,-8.613856839223699158e-02,-5.765192784436967699e-01
3.543067373357631777e-01,7.927020523383546680e-01,-8.765701890443101940e-02,-4.882688185147964210e-01
3.543067373357635663e-01,8.430142491382778269e-01,-8.881892285836404111e-02,-3.948479588026154175e-01
3.543067373357635663e-01,8.821532364849808960e-01,-8.956242146561341211e-02,-2.970706580912623185e-01
3.543067373357631777e-01,9.101335849750507023e-01,-8.959848199142154968e-02,-1.951812117079452791e-01
3.543067373357633443e-01,9.270632997375203299e-01,-8.666133554898360070e-02,-8.666133554898365621e-02
3.543067373357635663e-01,9.295396081303761715e-01,-1.020923738352333410e-01,-4.014657670614269905e-17
3.543067373357633443e-01,9.270632997375203299e-01,-8.666133554898360070e-02,8.666133554898365621e-02
3.543067373357631777e-01,9.101335849750507023e-01,-8.959848199142159131e-02,1.951812117079452513e-01
3.543067373357635663e-01,8.821532364849808960e-01,-8.956242146561341211e-02,2.970706580912622630e-01
3.543067373357635663e-01,8.430142491382778269e-01,-8.881892285836404111e-02,3.948479588026154175e-01
3.543067373357631777e-01,7.927020523383546680e-01,-8.765701890443101940e-02,4.882688185147964210e-01
3.543067373357633443e-01,7.312129679488607037e-01,-8.613856839223699158e-02,5.765192784436967699e-01
3.543067373357633443e-01,6.585457235742094850e-01,-8.427215318672941213e-02,6.585457235742098181e-01
1.309988949563632710e-01,6.231912639947077004e-01,-7.974794730874214255e-02,7.668847389933720615e-01
1.309988949563626326e-01,6.255979566930683911e-01,-3.514410586088921521e-17,-7.690685834837291956e-01
3.543067373357625671e-01,6.612362421549831115e-01,-3.714615152547984225e-17,-6.612362421549832225e-01
3.543067373357630112e-01,7.339017371066520745e-01,-3.798217760133126541e-17,-5.795299613914066672e-01
3.543067373357629557e-01,7.953879251426797525e-01,-3.867547151862604256e-17,-4.917568346405666868e-01
3.543067373357633443e-01,8.456948062630658125e-01,-3.923360063390637254e-17,-3.990827364571939428e-01
3.543067373357629557e-01,8.848223804678108095e-01,-3.966227149165166038e-17,-3.025823704411136905e-01
3.543067373357635663e-01,9.127706477569140775e-01,-3.996565000995143683e-17,-2.032645578351273130e-01
3.543067373357635663e-01,9.295396081303761715e-01,-4.014657670614269905e-17,-1.020923738352333410e-01
3.543067373357637329e-01,9.351292615881967585e-01,-4.020016544617657854e-17,-8.099290497573653203e-16
3.543067373357635663e-01,9.295396081303761715e-01,-4.014657670614269905e-17,1.020923738352333410e-01
3.543067373357633998e-01,9.127706477569141885e-01,-3.996565000995143683e-17,2.032645578351271742e-01
3.543067373357631777e-01,8.848223804678108095e-01,-3.966227149165166038e-17,3.025823704411136905e-01
3.543067373357633443e-01,8.456948062630658125e-01,-3.923360063390637254e-17,3.990827364571939428e-01
3.543067373357629557e-01,7.953879251426797525e-01,-3.867547151862604256e-17,4.917568346405666868e-01
3.543067373357630112e-01,7.339017371066520745e-01,-3.798217760133126541e-17,5.795299613914066672e-01
3.543067373357627892e-01,6.612362421549830005e-01,-3.714615152547984842e-17,6.612362421549833336e-01
1.309988949563626326e-01,6.255979566930683911e-01,-3.514410586088921521e-17,7.690685834837291956e-01
1.309988949563632710e-01,6.231912639947077004e-01,7.974794730874214255e-02,-7.668847389933720615e-01
3.543067373357633443e-01,6.585457235742093740e-01,8.427215318672941213e-02,-6.585457235742099291e-01
3.543067373357633443e-01,7.312129679488607037e-01,8.613856839223699158e-02,-5.765192784436967699e-01
3.543067373357631777e-01,7.927020523383546680e-01,8.765701890443101940e-02,-4.882688185147964210e-01
3.543067373357635663e-01,8.430142491382778269e-01,8.881892285836404111e-02,-3.948479588026154175e-01
3.543067373357635663e-01,8.821532364849808960e-01,8.956242146561341211e-02,-2.970706580912623185e-01
3.543067373357631777e-01,9.101335849750507023e-01,8.959848199142154968e-02,-1.951812117079452791e-01
3.543067373357633443e-01,9.270632997375203299e-01,8.666133554898360070e-02,-8.666133554898365621e-02
3.543067373357635663e-01,9.295396081303761715e-01,1.020923738352333410e-01,-4.014657670614269905e-17
3.543067373357633443e-01,9.270632997375203299e-01,8.666133554898360070e-02,8.666133554898365621e-02
3.543067373357631777e-01,9.101335849750507023e-01,8.959848199142159131e-02,1.951812117079452513e-01
3.543067373357635663e-01,8.821532364849808960e-01,8.956242146561341211e-02,2.970706580912622630e-01
3.543067373357635663e-01,8.430142491382778269e-01,8.881892285836404111e-02,3.948479588026154175e-01
3.543067373357631777e-01,7.927020523383546680e-01,8.765701890443101940e-02,4.882688185147964210e-01
3.543067373357633443e-01,7.312129679488607037e-01,8.613856839223699158e-02,5.765192784436967699e-01
3.543067373357633443e-01,6.585457235742094850e-01,8.427215318672941213e-02,6.585457235742098181e-01
1.309988949563632710e-01,6.231912639947077004e-01,7.974794730874214255e-02,7.668847389933720615e-01
1.309988949563630489e-01,6.160187961681269364e-01,1.586887825467747648e-01,-7.603801697714150931e-01
3.543067373357629557e-01,6.505320282635427276e-01,1.675795222726467470e-01,-6.505320282635431717e-01
3.543067373357633998e-01,7.232251611753327536e-01,1.711131070651776831e-01,-5.675670944583570687e-01
3.543067373357631777e-01,7.847568732087751853e-01,1.738139090235081008e-01,-4.779247962389486792e-01
3.543067373357636218e-01,8.351465551356114236e-01,1.755181355589367220e-01,-3.823484685643742664e-01
3.543067373357627337e-01,8.744487001458270958e-01,1.756877409285152736e-01,-2.809626743522974923e-01
3.543067373357631777e-01,9.028654141854904891e-01,1.721928856633591076e-01,-1.721928856633592742e-01
3.543067373357631777e-01,9.101335849750507023e-01,1.951812117079452513e-01,-8.959848199142159131e-02
3.543067373357633998e-01,9.127706477569141885e-01,2.032645578351271742e-01,-3.996565000995143683e-17
3.543067373357631777e-01,9.101335849750507023e-01,1.951812117079452513e-01,8.959848199142159131e-02
3.543067373357631777e-01,9.028654141854904891e-01,1.721928856633590799e-01,1.721928856633591631e-01
3.543067373357635663e-01,8.744487001458268738e-01,1.756877409285153013e-01,2.809626743522972148e-01
3.543067373357636218e-01,8.351465551356114236e-01,1.755181355589367220e-01,3.823484685643742664e-01
3.543067373357631777e-01,7.847568732087751853e-01,1.738139090235081008e-01,4.779247962389486792e-01
3.543067373357633998e-01,7.232251611753327536e-01,1.711131070651776831e-01,5.675670944583570687e-01
3.543067373357633443e-01,6.505320282635428386e-01,1.675795222726467748e-01,6.505320282635429496e-01
1.309988949563630489e-01,6.160187961681269364e-01,1.586887825467747648e-01,7.603801697714150931e-01
1.309988949563624105e-01,6.042208825844815889e-01,2.360432420087980321e-01,-7.496932722594075171e-01
3.543067373357622896e-01,6.373656620438616915e-01,2.489914889574869894e-01,-6.373656620438621356e-01
3.543067373357633998e-01,7.101681720698796996e-01,2.538136636058143658e-01,-5.529073407221203329e-01
3.543067373357627892e-01,7.718781682578123027e-01,2.570650737372532912e-01,-4.610730713345900234e-01
3.543067373357635663e-01,8.225862378378875350e-01,2.581705305404990991e-01,-3.621692896404028472e-01
3.543067373357633443e-01,8.625356049321071250e-01,2.554398814818178987e-01,-2.554398814818181207e-01
3.543067373357635663e-01,8.744487001458268738e-01,2.809626743522972148e-01,-1.756877409285153568e-01
3.543067373357635663e-01,8.821532364849808960e-01,2.970706580912622630e-01,-8.956242146561341211e-02
3.543067373357631777e-01,8.848223804678108095e-01,3.025823704411136905e-01,-3.966227149165166038e-17
3.543067373357635663e-01,8.821532364849808960e-01,2.970706580912622630e-01,8.956242146561341211e-02
3.543067373357635663e-01,8.744487001458268738e-01,2.809626743522972148e-01,1.756877409285153013e-01
3.543067373357631777e-01,8.625356049321072360e-01,2.554398814818179542e-01,2.554398814818180652e-01
3.543067373357635663e-01,8.225862378378875350e-01,2.581705305404990991e-01,3.621692896404028472e-01
3.543067373357627892e-01,7.718781682578123027e-01,2.570650737372532912e-01,4.610730713345900234e-01
3.543067373357633998e-01,7.101681720698796996e-01,2.538136636058143658e-01,5.529073407221203329e-01
3.543067373357623451e-01,6.373656620438618026e-01,2.489914889574870727e-01,6.373656620438621356e-01
1.309988949563624105e-01,6.042208825844815889e-01,2.360432420087980321e-01,7.496932722594075171e-01
1.309988949563627991e-01,5.880233121780000793e-01,3.110857186486414294e-01,-7.350466308393531767e-01
3.543067373357625116e-01,6.193208511332943811e-01,3.276432550527327292e-01,-6.193208511332948252e-01
3.543067373357631222e-01,6.924070158187167756e-01,3.332331080470607443e-01,-5.329117713325552952e-01
3.543067373357635663e-01,7.545726054909215330e-01,3.361809847540936369e-01,-4.382570757111588500e-01
3.543067373357629557e-01,8.060738719773706817e-01,3.351952034217494103e-01,-3.351952034217495768e-01
3.543067373357636218e-01,8.225862378378875350e-01,3.621692896404027917e-01,-2.581705305404991546e-01
3.543067373357636218e-01,8.351465551356114236e-01,3.823484685643742664e-01,-1.755181355589368053e-01
3.543067373357635663e-01,8.430142491382778269e-01,3.948479588026154175e-01,-8.881892285836404111e-02
3.543067373357633443e-01,8.456948062630658125e-01,3.990827364571939428e-01,-3.923360063390637254e-17
3.543067373357635663e-01,8.430142491382778269e-01,3.948479588026154175e-01,8.881892285836404111e-02
3.543067373357636218e-01,8.351465551356114236e-01,3.823484685643742664e-01,1.755181355589367220e-01
3.543067373357636218e-01,8.225862378378875350e-01,3.621692896404027917e-01,2.581705305404990991e-01
3.543067373357629557e-01,8.060738719773706817e-01,3.351952034217494103e-01,3.351952034217495768e-01
3.543067373357635663e-01,7.545726054909215330e-01,3.361809847540936369e-01,4.382570757111588500e-01
3.543067373357631222e-01,6.924070158187167756e-01,3.332331080470607443e-01,5.329117713325552952e-01
3.543067373357627337e-01,6.193208511332944921e-01,3.276432550527327292e-01,6.193208511332944921e-01
1.309988949563627991e-01,5.880233121780000793e-01,3.110857186486414294e-01,7.350466308393531767e-01
1.309988949563623828e-01,5.677260121467176957e-01,3.831662431702680394e-01,-7.167357216903451622e-01
3.543067373357622896e-01,5.967616251839230612e-01,4.027627853888346432e-01,-5.967616251839235053e-01
3.543067373357627337e-01,6.704172072593302945e-01,4.085060994884735508e-01,-5.080652229485899118e-01
3.543067373357629557e-01,7.334802153212810483e-01,4.101667402476300572e-01,-4.101667402476303348e-01
3.543067373357635663e-01,7.545726054909214220e-01,4.382570757111587945e-01,-3.361809847540935814e-01
3.543067373357627892e-01,7.718781682578123027e-01,4.610730713345900234e-01,-2.570650737372533468e-01
3.543067373357631777e-01,7.847568732087751853e-01,4.779247962389486792e-01,-1.738139090235081563e-01
3.543067373357630112e-01,7.927020523383547790e-01,4.882688185147964766e-01,-8.765701890443103328e-02
3.543067373357629557e-01,7.953879251426797525e-01,4.917568346405666868e-01,-3.867547151862604256e-17
3.543067373357630112e-01,7.927020523383547790e-01,4.882688185147964766e-01,8.765701890443103328e-02
3.543067373357631777e-01,7.847568732087751853e-01,4.779247962389486792e-01,1.738139090235081008e-01
3.543067373357627892e-01,7.718781682578123027e-01,4.610730713345900234e-01,2.570650737372532912e-01
3.543067373357635663e-01,7.545726054909214220e-01,4.382570757111587945e-01,3.361809847540935814e-01
3.543067373357629557e-01,7.334802153212810483e-01,4.101667402476300572e-01,4.101667402476303348e-01
3.543067373357627337e-01,6.704172072593302945e-01,4.085060994884735508e-01,5.080652229485899118e-01
3.543067373357625116e-01,5.967616251839230612e-01,4.027627853888345877e-01,5.967616251839233943e-01
1.309988949563623828e-01,5.677260121467176957e-01,3.831662431702680394e-01,7.167357216903451622e-01
1.309988949563624105e-01,5.436887074559374478e-01,4.517273096226691598e-01,-6.951146068427631608e-01
3.543067373357622896e-01,5.701241922113318150e-01,4.736914045971692966e-01,-5.701241922113325922e-01
3.543067373357627892e-01,6.447546349638380025e-01,4.789353800728938793e-01,-4.789353800728941013e-01
3.543067373357627892e-01,6.704172072593304055e-01,5.080652229485900229e-01,-4.085060994884736063e-01
3.543067373357629557e-01,6.924070158187168866e-01,5.329117713325554062e-01,-3.332331080470607443e-01
3.543067373357633443e-01,7.101681720698795885e-01,5.529073407221202219e-01,-2.538136636058143658e-01
3.543067373357633998e-01,7.232251611753327536e-01,5.675670944583570687e-01,-1.711131070651777386e-01
3.543067373357631777e-01,7.312129679488608147e-01,5.765192784436967699e-01,-8.613856839223699158e-02
3.543067373357630112e-01,7.339017371066520745e-01,5.795299613914066672e-01,-3.798217760133126541e-17
3.543067373357631777e-01,7.312129679488608147e-01,5.765192784436967699e-01,8.613856839223699158e-02
3.543067373357633998e-01,7.232251611753327536e-01,5.675670944583570687e-01,1.711131070651776831e-01
3.543067373357633998e-01,7.101681720698796996e-01,5.529073407221203329e-01,2.538136636058143658e-01
3.543067373357629557e-01,6.924070158187168866e-01,5.329117713325554062e-01,3.332331080470607443e-01
3.543067373357627892e-01,6.704172072593304055e-01,5.080652229485900229e-01,4.085060994884736063e-01
3.543067373357627892e-01,6.447546349638380025e-01,4.789353800728938793e-01,4.789353800728941013e-01
3.543067373357625671e-01,5.701241922113319260e-01,4.736914045971694076e-01,5.701241922113323701e-01
1.309988949563624105e-01,5.436887074559374478e-01,4.517273096226691598e-01,6.951146068427631608e-01
1.309988949563628546e-01,5.163147999951311906e-01,5.163147999951315237e-01,-6.705798566406443451e-01
3.543067373357622896e-01,5.398971309050413225e-01,5.398971309050415446e-01,-5.398971309050420997e-01
3.543067373357625116e-01,5.701241922113318150e-01,5.701241922113322591e-01,-4.736914045971693521e-01
3.543067373357625116e-01,5.967616251839230612e-01,5.967616251839233943e-01,-4.027627853888345877e-01
3.543067373357627892e-01,6.193208511332946031e-01,6.193208511332946031e-01,-3.276432550527327847e-01
3.543067373357623451e-01,6.373656620438618026e-01,6.373656620438621356e-01,-2.489914889574871282e-01
3.543067373357631777e-01,6.505320282635428386e-01,6.505320282635430607e-01,-1.675795222726468581e-01
3.543067373357633998e-01,6.585457235742095961e-01,6.585457235742099291e-01,-8.427215318672942601e-02
3.543067373357627892e-01,6.612362421549830005e-01,6.612362421549833336e-01,-3.714615152547984842e-17
3.543067373357633998e-01,6.585457235742095961e-01,6.585457235742099291e-01,8.427215318672942601e-02
3.543067373357631777e-01,6.505320282635428386e-01,6.505320282635430607e-01,1.675795222726467748e-01
3.543067373357623451e-01,6.373656620438618026e-01,6.373656620438621356e-01,2.489914889574870727e-01
3.543067373357627892e-01,6.193208511332946031e-01,6.193208511332946031e-01,3.276432550527327847e-01
3.543067373357625116e-01,5.967616251839230612e-01,5.967616251839233943e-01,4.027627853888345877e-01
3.543067373357625116e-01,5.701241922113318150e-01,5.701241922113322591e-01,4.736914045971693521e-01
3.543067373357627337e-01,5.398971309050413225e-01,5.398971309050416556e-01,5.398971309050418776e-01
1.309988949563628546e-01,5.163147999951311906e-01,5.163147999951315237e-01,6.705798566406443451e-01
1.309988949563637151e-01,5.112440010915976218e-01,6.006117135338212565e-01,-6.006117135338215896e-01
1.309988949563628269e-01,5.163147999951310796e-01,6.705798566406442340e-01,-5.163147999951315237e-01
1.309988949563624105e-01,5.436887074559374478e-01,6.951146068427631608e-01,-4.517273096226692153e-01
1.309988949563623828e-01,5.677260121467176957e-01,7.167357216903451622e-01,-3.831662431702680394e-01
1.309988949563628269e-01,5.880233121780000793e-01,7.350466308393531767e-01,-3.110857186486414294e-01
1.309988949563624105e-01,6.042208825844815889e-01,7.496932722594075171e-01,-2.360432420087980876e-01
1.309988949563630489e-01,6.160187961681269364e-01,7.603801697714150931e-01,-1.586887825467748203e-01
1.309988949563632710e-01,6.231912639947077004e-01,7.668847389933720615e-01,-7.974794730874214255e-02
1.309988949563626326e-01,6.255979566930683911e-01,7.690685834837291956e-01,-3.514410586088921521e-17
1.309988949563632710e-01,6.231912639947077004e-01,7.668847389933720615e-01,7.974794730874214255e-02
1.309988949563630489e-01,6.160187961681269364e-01,7.603801697714150931e-01,1.586887825467747648e-01
1.309988949563624105e-01,6.042208825844815889e-01,7.496932722594075171e-01,2.360432420087980321e-01
1.309988949563628269e-01,5.880233121780000793e-01,7.350466308393531767e-01,3.110857186486414294e-01
1.309988949563623828e-01,5.677260121467176957e-01,7.167357216903451622e-01,3.831662431702680394e-01
1.309988949563624105e-01,5.436887074559374478e-01,6.951146068427631608e-01,4.517273096226692153e-01
1.309988949563628546e-01,5.163147999951311906e-01,6.705798566406443451e-01,5.163147999951315237e-01
1.309988949563637151e-01,5.112440010915976218e-01,6.006117135338212565e-01,6.006117135338215896e-01
1.309988949563623828e-01,5.723749614603498292e-01,-5.723749614603501623e-01,-5.723749614603503844e-01
1.309988949563634653e-01,6.006117135338211455e-01,-6.006117135338214785e-01,-5.112440010915976218e-01
1.309988949563628269e-01,6.259860971944701813e-01,-6.259860971944705144e-01,-4.462309959636175383e-01
1.309988949563634930e-01,6.481453314975968993e-01,-6.481453314975971214e-01,-3.776963701651792071e-01
1.309988949563632987e-01,6.667660121503282689e-01,-6.667660121503284909e-01,-3.060808056747567063e-01
1.309988949563624105e-01,6.815651180949259258e-01,-6.815651180949262589e-01,-2.318992650111487974e-01
1.309988949563637151e-01,6.923102627231695338e-01,-6.923102627231698669e-01,-1.557314668798931989e-01
1.309988949563615224e-01,6.988285314663404968e-01,-6.988285314663408299e-01,-7.820905789873446035e-02
1.309988949563626048e-01,7.010132985615220580e-01,-7.010132985615223911e-01,-3.445811266978992003e-17
1.309988949563615224e-01,6.988285314663404968e-01,-6.988285314663408299e-01,7.820905789873446035e-02
1.309988949563637151e-01,6.923102627231695338e-01,-6.923102627231698669e-01,1.557314668798931157e-01
1.309988949563626048e-01,6.815651180949259258e-01,-6.815651180949262589e-01,2.318992650111487419e-01
1.309988949563632987e-01,6.667660121503282689e-01,-6.667660121503284909e-01,3.060808056747567063e-01
1.309988949563634930e-01,6.481453314975968993e-01,-6.481453314975971214e-01,3.776963701651792071e-01
1.309988949563628269e-01,6.259860971944701813e-01,-6.259860971944705144e-01,4.462309959636175383e-01
1.309988949563636873e-01,6.006117135338211455e-01,-6.006117135338214785e-01,5.112440010915975108e-01
1.309988949563623828e-01,5.723749614603498292e-01,-5.723749614603501623e-01,5.723749614603503844e-01
1.309988949563634653e-01,6.006117135338211455e-01,-5.112440010915976218e-01,-6.006117135338214785e-01
1.309988949563628269e-01,6.705798566406441230e-01,-5.163147999951310796e-01,-5.163147999951315237e-01
1.309988949563624105e-01,6.951146068427629388e-01,-5.436887074559376698e-01,-4.517273096226693818e-01
1.309988949563624105e-01,7.167357216903449402e-01,-5.677260121467180287e-01,-3.831662431702682059e-01
1.309988949563628546e-01,7.350466308393530657e-01,-5.880233121780003014e-01,-3.110857186486415404e-01
1.309988949563623828e-01,7.496932722594074061e-01,-6.042208825844817000e-01,-2.360432420087980876e-01
1.309988949563628546e-01,7.603801697714149821e-01,-6.160187961681270474e-01,-1.586887825467748203e-01
1.309988949563632987e-01,7.668847389933719505e-01,-6.231912639947079224e-01,-7.974794730874217030e-02
1.309988949563628546e-01,7.690685834837290846e-01,-6.255979566930685021e-01,-3.514410586088920904e-17
1.309988949563632987e-01,7.668847389933719505e-01,-6.231912639947079224e-01,7.974794730874217030e-02
1.309988949563628546e-01,7.603801697714150931e-01,-6.160187961681270474e-01,1.586887825467747370e-01
1.309988949563623828e-01,7.496932722594074061e-01,-6.042208825844817000e-01,2.360432420087980598e-01
1.309988949563628546e-01,7.350466308393530657e-01,-5.880233121780003014e-01,3.110857186486415404e-01
1.309988949563624105e-01,7.167357216903449402e-01,-5.677260121467180287e-01,3.831662431702682059e-01
1.309988949563624105e-01,6.951146068427629388e-01,-5.436887074559376698e-01,4.517273096226693818e-01
1.309988949563628269e-01,6.705798566406442340e-01,-5.163147999951315237e-01,5.163147999951310796e-01
1.309988949563634653e-01,6.006117135338211455e-01,-5.112440010915976218e-01,6.006117135338214785e-01
1.309988949563630489e-01,6.259860971944701813e-01,-4.462309959636175383e-01,-6.259860971944705144e-01
1.309988949563624105e-01,6.951146068427629388e-01,-4.517273096226693818e-01,-5.436887074559376698e-01
1.309988949563628546e-01,7.556907657968989778e-01,-4.537459399319779263e-01,-4.537459399319780928e-01
1.309988949563628546e-01,7.765206041471686138e-01,-4.803193871372907209e-01,-3.861972646138056020e-01
1.309988949563632987e-01,7.943693276644854251e-01,-5.029136053481467750e-01,-3.144750647377528296e-01
1.309988949563632987e-01,8.087857318100117876e-01,-5.210501809129910455e-01,-2.391895451546637852e-01
1.309988949563630767e-01,8.193838499283421228e-01,-5.343214366873394461e-01,-1.610900316382040676e-01
1.309988949563630489e-01,8.258674059004377233e-01,-5.424152861952489246e-01,-8.104304222584161888e-02
1.309988949563628269e-01,8.280498304163081968e-01,-5.451355499944349203e-01,-3.572798070176712705e-17
1.309988949563630489e-01,8.258674059004377233e-01,-5.424152861952489246e-01,8.104304222584161888e-02
1.309988949563630489e-01,8.193838499283421228e-01,-5.343214366873394461e-01,1.610900316382040398e-01
1.309988949563632987e-01,8.087857318100117876e-01,-5.210501809129910455e-01,2.391895451546637297e-01
1.309988949563632987e-01,7.943693276644854251e-01,-5.029136053481467750e-01,3.144750647377528296e-01
1.309988949563628546e-01,7.765206041471686138e-01,-4.803193871372907209e-01,3.861972646138056020e-01
1.309988949563628546e-01,7.556907657968989778e-01,-4.537459399319779263e-01,4.537459399319780928e-01
1.309988949563624105e-01,6.951146068427631608e-01,-4.517273096226692153e-01,5.436887074559374478e-01
1.309988949563630489e-01,6.259860971944701813e-01,-4.462309959636175383e-01,6.259860971944705144e-01
1.309988949563632987e-01,6.481453314975967883e-01,-3.776963701651792071e-01,-6.481453314975970104e-01
1.309988949563623828e-01,7.167357216903448291e-01,-3.831662431702681504e-01,-5.677260121467179177e-01
1.309988949563628269e-01,7.765206041471685028e-01,-3.861972646138055465e-01,-4.803193871372906654e-01
1.309988949563630212e-01,8.277076889291143935e-01,-3.858362808289519941e-01,-3.858362808289522161e-01
1.309988949563639093e-01,8.448279944306639200e-01,-4.116024827542429931e-01,-3.157346125102801770e-01
1.309988949563628269e-01,8.588746017171086100e-01,-4.324749439208109281e-01,-2.411205734195680239e-01
1.309988949563630489e-01,8.693280098634345032e-01,-4.478596948598949634e-01,-1.628796933540020975e-01
1.309988949563630489e-01,8.757769657602738622e-01,-4.572901893244815663e-01,-8.209554501627919221e-02
1.309988949563630212e-01,8.779570393592597277e-01,-4.604679430315804511e-01,-3.621467677002388493e-17
1.309988949563630489e-01,8.757769657602738622e-01,-4.572901893244815663e-01,8.209554501627919221e-02
1.309988949563630489e-01,8.693280098634345032e-01,-4.478596948598949634e-01,1.628796933540020420e-01
1.309988949563628269e-01,8.588746017171086100e-01,-4.324749439208109281e-01,2.411205734195679684e-01
1.309988949563639093e-01,8.448279944306639200e-01,-4.116024827542429931e-01,3.157346125102801770e-01
1.309988949563630212e-01,8.277076889291143935e-01,-3.858362808289519941e-01,3.858362808289522161e-01
1.309988949563628269e-01,7.765206041471685028e-01,-3.861972646138055465e-01,4.803193871372906654e-01
1.309988949563623828e-01,7.167357216903451622e-01,-3.831662431702680394e-01,5.677260121467176957e-01
1.309988949563632987e-01,6.481453314975967883e-01,-3.776963701651792071e-01,6.481453314975970104e-01
1.309988949563632987e-01,6.667660121503282689e-01,-3.060808056747567063e-01,-6.667660121503284909e-01
1.309988949563628546e-01,7.350466308393530657e-01,-3.110857186486415404e-01,-5.880233121780003014e-01
1.309988949563632710e-01,7.943693276644853141e-01,-3.144750647377527741e-01,-5.029136053481466639e-01
1.309988949563639093e-01,8.448279944306639200e-01,-3.157346125102801770e-01,-4.116024827542429931e-01
1.309988949563632987e-01,8.866306260372907033e-01,-3.136283010929765691e-01,-3.136283010929767912e-01
1.309988949563632710e-01,9.000334099708208191e-01,-3.384727481444002040e-01,-2.412785718212155373e-01
1.309988949563636873e-01,9.102283887097852855e-01,-3.570200224727752558e-01,-1.638910414285623118e-01
1.309988949563632987e-01,9.166144513529957960e-01,-3.684921066187725192e-01,-8.289031578367631048e-02
1.309988949563632710e-01,9.187902103125837883e-01,-3.723759376677952537e-01,-3.660807018070986585e-17
1.309988949563632987e-01,9.166144513529957960e-01,-3.684921066187725192e-01,8.289031578367631048e-02
1.309988949563636873e-01,9.102283887097852855e-01,-3.570200224727752558e-01,1.638910414285622563e-01
1.309988949563632710e-01,9.000334099708208191e-01,-3.384727481444002040e-01,2.412785718212154262e-01
1.309988949563632987e-01,8.866306260372907033e-01,-3.136283010929765691e-01,3.136283010929767912e-01
1.309988949563639093e-01,8.448279944306639200e-01,-3.157346125102801770e-01,4.116024827542429931e-01
1.309988949563632710e-01,7.943693276644853141e-01,-3.144750647377527741e-01,5.029136053481466639e-01
1.309988949563627991e-01,7.350466308393531767e-01,-3.110857186486414294e-01,5.880233121780000793e-01
1.309988949563632987e-01,6.667660121503282689e-01,-3.060808056747567063e-01,6.667660121503284909e-01
1.309988949563624105e-01,6.815651180949259258e-01,-2.318992650111487974e-01,-6.815651180949262589e-01
1.309988949563619665e-01,7.496932722594075171e-01,-2.360432420087981154e-01,-6.042208825844817000e-01
1.309988949563632987e-01,8.087857318100116766e-01,-2.391895451546637574e-01,-5.210501809129910455e-01
1.309988949563628269e-01,8.588746017171086100e-01,-2.411205734195680239e-01,-4.324749439208109281e-01
1.309988949563632710e-01,9.000334099708208191e-01,-2.412785718212155373e-01,-3.384727481444002040e-01
1.309988949563632987e-01,9.324595771214280182e-01,-2.380739659798393471e-01,-2.380739659798395413e-01
1.309988949563634653e-01,9.421292175883246856e-01,-2.616533150806144570e-01,-1.636134761990825914e-01
1.309988949563630489e-01,9.483828481542888600e-01,-2.765132796003040294e-01,-8.336467508276558525e-02
1.309988949563632987e-01,9.505493432762802675e-01,-2.815940970923290765e-01,-3.691114427136140995e-17
1.309988949563630489e-01,9.483828481542888600e-01,-2.765132796003040294e-01,8.336467508276558525e-02
1.309988949563630767e-01,9.421292175883246856e-01,-2.616533150806145680e-01,1.636134761990825082e-01
1.309988949563632987e-01,9.324595771214280182e-01,-2.380739659798395413e-01,2.380739659798393193e-01
1.309988949563632710e-01,9.000334099708208191e-01,-2.412785718212155373e-01,3.384727481444002040e-01
1.309988949563628269e-01,8.588746017171086100e-01,-2.411205734195680239e-01,4.324749439208109281e-01
1.309988949563632987e-01,8.087857318100116766e-01,-2.391895451546637574e-01,5.210501809129910455e-01
1.309988949563624105e-01,7.496932722594075171e-01,-2.360432420087980876e-01,6.042208825844815889e-01
1.309988949563624105e-01,6.815651180949259258e-01,-2.318992650111487974e-01,6.815651180949262589e-01
1.309988949563637151e-01,6.923102627231695338e-01,-1.557314668798931989e-01,-6.923102627231698669e-01
1.309988949563628546e-01,7.603801697714149821e-01,-1.586887825467748203e-01,-6.160187961681270474e-01
1.309988949563630489e-01,8.193838499283420118e-01,-1.610900316382040398e-01,-5.343214366873393351e-01
1.309988949563630489e-01,8.693280098634345032e-01,-1.628796933540020975e-01,-4.478596948598949634e-01
1.309988949563636873e-01,9.102283887097852855e-01,-1.638910414285623118e-01,-3.570200224727752558e-01
1.309988949563634653e-01,9.421292175883246856e-01,-1.636134761990825914e-01,-2.616533150806144570e-01
1.309988949563632987e-01,9.651945421815260051e-01,-1.600605905012319752e-01,-1.600605905012320584e-01
1.309988949563632710e-01,9.710939828496496506e-01,-1.813443295040871872e-01,-8.324662245478288425e-02
1.309988949563632987e-01,9.732344382503492763e-01,-1.888227150629364637e-01,-3.712611103729743375e-17
1.309988949563632710e-01,9.710939828496496506e-01,-1.813443295040871872e-01,8.324662245478288425e-02
1.309988949563632987e-01,9.651945421815260051e-01,-1.600605905012320584e-01,1.600605905012319197e-01
1.309988949563634653e-01,9.421292175883246856e-01,-1.636134761990825914e-01,2.616533150806143460e-01
1.309988949563636873e-01,9.102283887097852855e-01,-1.638910414285623118e-01,3.570200224727752558e-01
1.309988949563630489e-01,8.693280098634345032e-01,-1.628796933540020975e-01,4.478596948598949634e-01
1.309988949563630489e-01,8.193838499283420118e-01,-1.610900316382040398e-01,5.343214366873393351e-01
1.309988949563630489e-01,7.603801697714150931e-01,-1.586887825467748203e-01,6.160187961681269364e-01
1.309988949563637151e-01,6.923102627231695338e-01,-1.557314668798931989e-01,6.923102627231698669e-01
1.309988949563615224e-01,6.988285314663404968e-01,-7.820905789873446035e-02,-6.988285314663408299e-01
1.309988949563632987e-01,7.668847389933719505e-01,-7.974794730874217030e-02,-6.231912639947079224e-01
1.309988949563630489e-01,8.258674059004377233e-01,-8.104304222584161888e-02,-5.424152861952489246e-01
1.309988949563630489e-01,8.757769657602738622e-01,-8.209554501627919221e-02,-4.572901893244815663e-01
1.309988949563632987e-01,9.166144513529957960e-01,-8.289031578367631048e-02,-3.684921066187725192e-01
1.309988949563630489e-01,9.483828481542888600e-01,-8.336467508276558525e-02,-2.765132796003040294e-01
1.309988949563632710e-01,9.710939828496496506e-01,-8.324662245478288425e-02,-1.813443295040871872e-01
1.309988949563634653e-01,9.848355212175847750e-01,-8.043098180520939777e-02,-8.043098180520946716e-02
1.309988949563634653e-01,9.868454952347905929e-01,-9.473783855995782099e-02,-3.725449570660203928e-17
1.309988949563634653e-01,9.848355212175847750e-01,-8.043098180520939777e-02,8.043098180520946716e-02
1.309988949563632710e-01,9.710939828496496506e-01,-8.324662245478291200e-02,1.813443295040871039e-01
1.309988949563632987e-01,9.483828481542888600e-01,-8.336467508276558525e-02,2.765132796003039184e-01
1.309988949563632987e-01,9.166144513529957960e-01,-8.289031578367631048e-02,3.684921066187725192e-01
1.309988949563630489e-01,8.757769657602738622e-01,-8.209554501627919221e-02,4.572901893244815663e-01
1.309988949563630489e-01,8.258674059004377233e-01,-8.104304222584161888e-02,5.424152861952489246e-01
1.309988949563632710e-01,7.668847389933720615e-01,-7.974794730874214255e-02,6.231912639947077004e-01
1.309988949563615224e-01,6.988285314663404968e-01,-7.820905789873446035e-02,6.988285314663408299e-01
1.309988949563626048e-01,7.010132985615220580e-01,-3.445811266978992003e-17,-7.010132985615223911e-01
1.309988949563628546e-01,7.690685834837290846e-01,-3.514410586088920904e-17,-6.255979566930685021e-01
1.309988949563628269e-01,8.280498304163081968e-01,-3.572798070176712705e-17,-5.451355499944349203e-01
1.309988949563630212e-01,8.779570393592597277e-01,-3.621467677002388493e-17,-4.604679430315804511e-01
1.309988949563632710e-01,9.187902103125837883e-01,-3.660807018070986585e-17,-3.723759376677952537e-01
1.309988949563632987e-01,9.505493432762802675e-01,-3.691114427136140995e-17,-2.815940970923290765e-01
1.309988949563632987e-01,9.732344382503492763e-01,-3.712611103729743375e-17,-1.888227150629364637e-01
1.309988949563634653e-01,9.868454952347905929e-01,-3.725449570660203928e-17,-9.473783855995782099e-02
1.309988949563632987e-01,9.913825142296044390e-01,-3.729112635903550246e-17,-7.513194585428772208e-16
1.309988949563634653e-01,9.868454952347905929e-01,-3.725449570660203928e-17,9.473783855995782099e-02
1.309988949563632987e-01,9.732344382503492763e-01,-3.712611103729743991e-17,1.888227150629363804e-01
1.309988949563632987e-01,9.505493432762803785e-01,-3.691114427136140378e-17,2.815940970923289099e-01
1.309988949563632710e-01,9.187902103125837883e-01,-3.660807018070986585e-17,3.723759376677952537e-01
1.309988949563630212e-01,8.779570393592597277e-01,-3.621467677002388493e-17,4.604679430315804511e-01
1.309988949563628269e-01,8.280498304163081968e-01,-3.572798070176712705e-17,5.451355499944349203e-01
1.309988949563626326e-01,7.690685834837291956e-01,-3.514410586088921521e-17,6.255979566930683911e-01
1.309988949563626048e-01,7.010132985615220580e-01,-3.445811266978992003e-17,7.010132985615223911e-01
1.309988949563615224e-01,6.988285314663404968e-01,7.820905789873446035e-02,-6.988285314663408299e-01
1.309988949563632987e-01,7.668847389933719505e-01,7.974794730874217030e-02,-6.231912639947079224e-01
1.309988949563630489e-01,8.258674059004377233e-01,8.104304222584161888e-02,-5.424152861952489246e-01
1.309988949563630489e-01,8.757769657602738622e-01,8.209554501627919221e-02,-4.572901893244815663e-01
1.309988949563632987e-01,9.166144513529957960e-01,8.289031578367631048e-02,-3.684921066187725192e-01
1.309988949563630489e-01,9.483828481542888600e-01,8.336467508276558525e-02,-2.765132796003040294e-01
1.309988949563632710e-01,9.710939828496496506e-01,8.324662245478288425e-02,-1.813443295040871872e-01
1.309988949563634653e-01,9.848355212175847750e-01,8.043098180520939777e-02,-8.043098180520946716e-02
1.309988949563634653e-01,9.868454952347905929e-01,9.473783855995782099e-02,-3.725449570660203928e-17
1.309988949563634653e-01,9.848355212175847750e-01,8.043098180520939777e-02,8.043098180520946716e-02
1.309988949563632710e-01,9.710939828496496506e-01,8.324662245478291200e-02,1.813443295040871039e-01
1.309988949563632987e-01,9.483828481542888600e-01,8.336467508276558525e-02,2.765132796003039184e-01
1.309988949563632987e-01,9.166144513529957960e-01,8.289031578367631048e-02,3.684921066187725192e-01
1.309988949563630489e-01,8.757769657602738622e-01,8.209554501627919221e-02,4.572901893244815663e-01
1.309988949563630489e-01,8.258674059004377233e-01,8.104304222584161888e-02,5.424152861952489246e-01
1.309988949563632710e-01,7.668847389933720615e-01,7.974794730874214255e-02,6.231912639947077004e-01
1.309988949563615224e-01,6.988285314663404968e-01,7.820905789873446035e-02,6.988285314663408299e-01
1.309988949563637151e-01,6.923102627231695338e-01,1.557314668798931157e-01,-6.923102627231698669e-01
1.309988949563628546e-01,7.603801697714150931e-01,1.586887825467747370e-01,-6.160187961681270474e-01
1.309988949563630489e-01,8.193838499283421228e-01,1.610900316382040398e-01,-5.343214366873394461e-01
1.309988949563630489e-01,8.693280098634345032e-01,1.628796933540020420e-01,-4.478596948598949634e-01
1.309988949563636873e-01,9.102283887097852855e-01,1.638910414285622563e-01,-3.570200224727752558e-01
1.309988949563630767e-01,9.421292175883246856e-01,1.636134761990825082e-01,-2.616533150806145680e-01
1.309988949563632987e-01,9.651945421815260051e-01,1.600605905012319197e-01,-1.600605905012320584e-01
1.309988949563632710e-01,9.710939828496496506e-01,1.813443295040871039e-01,-8.324662245478291200e-02
1.309988949563632987e-01,9.732344382503492763e-01,1.888227150629363804e-01,-3.712611103729743991e-17
1.309988949563632710e-01,9.710939828496496506e-01,1.813443295040871039e-01,8.324662245478291200e-02
1.309988949563632987e-01,9.651945421815260051e-01,1.600605905012319197e-01,1.600605905012320029e-01
1.309988949563634653e-01,9.421292175883246856e-01,1.636134761990825082e-01,2.616533150806143460e-01
1.309988949563636873e-01,9.102283887097852855e-01,1.638910414285622563e-01,3.570200224727752558e-01
1.309988949563630489e-01,8.693280098634345032e-01,1.628796933540020420e-01,4.478596948598949634e-01
1.309988949563630489e-01,8.193838499283421228e-01,1.610900316382040398e-01,5.343214366873394461e-01
1.309988949563630489e-01,7.603801697714150931e-01,1.586887825467747648e-01,6.160187961681269364e-01
1.309988949563637151e-01,6.923102627231695338e-01,1.557314668798931157e-01,6.923102627231698669e-01
1.309988949563624105e-01,6.815651180949259258e-01,2.318992650111487142e-01,-6.815651180949262589e-01
1.309988949563619665e-01,7.496932722594075171e-01,2.360432420087980598e-01,-6.042208825844817000e-01
1.309988949563632987e-01,8.087857318100117876e-01,2.391895451546637297e-01,-5.210501809129910455e-01
1.309988949563628269e-01,8.588746017171086100e-01,2.411205734195679684e-01,-4.324749439208109281e-01
1.309988949563632710e-01,9.000334099708208191e-01,2.412785718212154262e-01,-3.384727481444002040e-01
1.309988949563632987e-01,9.324595771214280182e-01,2.380739659798393193e-01,-2.380739659798395413e-01
1.309988949563634653e-01,9.421292175883246856e-01,2.616533150806143460e-01,-1.636134761990825914e-01
1.309988949563632987e-01,9.483828481542888600e-01,2.765132796003039184e-01,-8.336467508276558525e-02
1.309988949563632987e-01,9.505493432762803785e-01,2.815940970923289099e-01,-3.691114427136140378e-17
1.309988949563632987e-01,9.483828481542888600e-01,2.765132796003039184e-01,8.336467508276558525e-02
1.309988949563634653e-01,9.421292175883246856e-01,2.616533150806143460e-01,1.636134761990825082e-01
1.309988949563632987e-01,9.324595771214280182e-01,2.380739659798393471e-01,2.380739659798394581e-01
1.309988949563632710e-01,9.000334099708208191e-01,2.412785718212154262e-01,3.384727481444002040e-01
1.309988949563628269e-01,8.588746017171086100e-01,2.411205734195679684e-01,4.324749439208109281e-01
1.309988949563632987e-01,8.087857318100117876e-01,2.391895451546637297e-01,5.210501809129910455e-01
1.309988949563624105e-01,7.496932722594075171e-01,2.360432420087980321e-01,6.042208825844815889e-01
1.309988949563624105e-01,6.815651180949259258e-01,2.318992650111487142e-01,6.815651180949262589e-01
1.309988949563632987e-01,6.667660121503282689e-01,3.060808056747567063e-01,-6.667660121503284909e-01
1.309988949563628546e-01,7.350466308393530657e-01,3.110857186486415404e-01,-5.880233121780003014e-01
1.309988949563632710e-01,7.943693276644853141e-01,3.144750647377527741e-01,-5.029136053481466639e-01
1.309988949563639093e-01,8.448279944306639200e-01,3.157346125102801770e-01,-4.116024827542429931e-01
1.309988949563632987e-01,8.866306260372907033e-01,3.136283010929765691e-01,-3.136283010929767912e-01
1.309988949563632710e-01,9.000334099708208191e-01,3.384727481444002040e-01,-2.412785718212155373e-01
1.309988949563636873e-01,9.102283887097852855e-01,3.570200224727752558e-01,-1.638910414285623118e-01
1.309988949563632987e-01,9.166144513529957960e-01,3.684921066187725192e-01,-8.289031578367631048e-02
1.309988949563632710e-01,9.187902103125837883e-01,3.723759376677952537e-01,-3.660807018070986585e-17
1.309988949563632987e-01,9.166144513529957960e-01,3.684921066187725192e-01,8.289031578367631048e-02
1.309988949563636873e-01,9.102283887097852855e-01,3.570200224727752558e-01,1.638910414285622563e-01
1.309988949563632710e-01,9.000334099708208191e-01,3.384727481444002040e-01,2.412785718212154262e-01
1.309988949563632987e-01,8.866306260372907033e-01,3.136283010929765691e-01,3.136283010929767912e-01
1.309988949563639093e-01,8.448279944306639200e-01,3.157346125102801770e-01,4.116024827542429931e-01
1.309988949563632710e-01,7.943693276644853141e-01,3.144750647377527741e-01,5.029136053481466639e-01
1.309988949563627991e-01,7.350466308393531767e-01,3.110857186486414294e-01,5.880233121780000793e-01
1.309988949563632987e-01,6.667660121503282689e-01,3.060808056747567063e-01,6.667660121503284909e-01
1.309988949563632987e-01,6.481453314975967883e-01,3.776963701651792071e-01,-6.481453314975970104e-01
1.309988949563623828e-01,7.167357216903448291e-01,3.831662431702681504e-01,-5.677260121467179177e-01
1.309988949563628269e-01,7.765206041471685028e-01,3.861972646138055465e-01,-4.803193871372906654e-01
1.309988949563630212e-01,8.277076889291143935e-01,3.858362808289519941e-01,-3.858362808289522161e-01
1.309988949563639093e-01,8.448279944306639200e-01,4.116024827542429931e-01,-3.157346125102801770e-01
1.309988949563628269e-01,8.588746017171086100e-01,4.324749439208109281e-01,-2.411205734195680239e-01
1.309988949563630489e-01,8.693280098634345032e-01,4.478596948598949634e-01,-1.628796933540020975e-01
1.309988949563630489e-01,8.757769657602738622e-01,4.572901893244815663e-01,-8.209554501627919221e-02
1.309988949563630212e-01,8.779570393592597277e-01,4.604679430315804511e-01,-3.621467677002388493e-17
1.309988949563630489e-01,8.757769657602738622e-01,4.572901893244815663e-01,8.209554501627919221e-02
1.309988949563630489e-01,8.693280098634345032e-01,4.478596948598949634e-01,1.628796933540020420e-01
1.309988949563628269e-01,8.588746017171086100e-01,4.324749439208109281e-01,2.411205734195679684e-01
1.309988949563639093e-01,8.448279944306639200e-01,4.116024827542429931e-01,3.157346125102801770e-01
1.309988949563630212e-01,8.277076889291143935e-01,3.858362808289519941e-01,3.858362808289522161e-01
1.309988949563628269e-01,7.765206041471685028e-01,3.861972646138055465e-01,4.803193871372906654e-01
1.309988949563623828e-01,7.167357216903451622e-01,3.831662431702680394e-01,5.677260121467176957e-01
1.309988949563632987e-01,6.481453314975967883e-01,3.776963701651792071e-01,6.481453314975970104e-01
1.309988949563630489e-01,6.259860971944701813e-01,4.462309959636175383e-01,-6.259860971944705144e-01
1.309988949563624105e-01,6.951146068427629388e-01,4.517273096226693818e-01,-5.436887074559376698e-01
1.309988949563628546e-01,7.556907657968989778e-01,4.537459399319779263e-01,-4.537459399319780928e-01
1.309988949563628546e-01,7.765206041471686138e-01,4.803193871372907209e-01,-3.861972646138056020e-01
1.309988949563632987e-01,7.943693276644854251e-01,5.029136053481467750e-01,-3.144750647377528296e-01
1.309988949563632987e-01,8.087857318100117876e-01,5.210501809129910455e-01,-2.391895451546637852e-01
1.309988949563630767e-01,8.193838499283421228e-01,5.343214366873394461e-01,-1.610900316382040676e-01
1.309988949563630489e-01,8.258674059004377233e-01,5.424152861952489246e-01,-8.104304222584161888e-02
1.309988949563628269e-01,8.280498304163081968e-01,5.451355499944349203e-01,-3.572798070176712705e-17
1.309988949563630489e-01,8.258674059004377233e-01,5.424152861952489246e-01,8.104304222584161888e-02
1.309988949563630489e-01,8.193838499283421228e-01,5.343214366873394461e-01,1.610900316382040398e-01
1.309988949563632987e-01,8.087857318100117876e-01,5.210501809129910455e-01,2.391895451546637297e-01
1.309988949563632987e-01,7.943693276644854251e-01,5.029136053481467750e-01,3.144750647377528296e-01
1.309988949563628546e-01,7.765206041471686138e-01,4.803193871372907209e-01,3.861972646138056020e-01
1.309988949563628546e-01,7.556907657968989778e-01,4.537459399319779263e-01,4.537459399319780928e-01
1.309988949563624105e-01,6.951146068427631608e-01,4.517273096226692153e-01,5.436887074559374478e-01
1.309988949563630489e-01,6.259860971944701813e-01,4.462309959636175383e-01,6.259860971944705144e-01
1.309988949563637151e-01,6.006117135338212565e-01,5.112440010915976218e-01,-6.006117135338215896e-01
1.309988949563628269e-01,6.705798566406442340e-01,5.163147999951310796e-01,-5.163147999951315237e-01
1.309988949563624105e-01,6.951146068427631608e-01,5.436887074559374478e-01,-4.517273096226692153e-01
1.309988949563623828e-01,7.167357216903451622e-01,5.677260121467176957e-01,-3.831662431702680394e-01
1.309988949563628269e-01,7.350466308393531767e-01,5.880233121780000793e-01,-3.110857186486414294e-01
1.309988949563624105e-01,7.496932722594075171e-01,6.042208825844815889e-01,-2.360432420087980876e-01
1.309988949563630489e-01,7.603801697714150931e-01,6.160187961681269364e-01,-1.586887825467748203e-01
1.309988949563632710e-01,7.668847389933720615e-01,6.231912639947077004e-01,-7.974794730874214255e-02
1.309988949563626326e-01,7.690685834837291956e-01,6.255979566930683911e-01,-3.514410586088921521e-17
1.309988949563632710e-01,7.668847389933720615e-01,6.231912639947077004e-01,7.974794730874214255e-02
1.309988949563630489e-01,7.603801697714150931e-01,6.160187961681269364e-01,1.586887825467747648e-01
1.309988949563624105e-01,7.496932722594075171e-01,6.042208825844815889e-01,2.360432420087980321e-01
1.309988949563628269e-01,7.350466308393531767e-01,5.880233121780000793e-01,3.110857186486414294e-01
1.309988949563623828e-01,7.167357216903451622e-01,5.677260121467176957e-01,3.831662431702680394e-01
1.309988949563624105e-01,6.951146068427631608e-01,5.436887074559374478e-01,4.517273096226692153e-01
1.309988949563628546e-01,6.705798566406443451e-01,5.163147999951311906e-01,5.163147999951315237e-01
1.309988949563637151e-01,6.006117135338212565e-01,5.112440010915976218e-01,6.006117135338215896e-01
1.309988949563623828e-01,5.723749614603498292e-01,5.723749614603501623e-01,-5.723749614603503844e-01
1.309988949563634653e-01,6.006117135338211455e-01,6.006117135338214785e-01,-5.112440010915976218e-01
1.309988949563628269e-01,6.259860971944701813e-01,6.259860971944705144e-01,-4.462309959636175383e-01
1.309988949563634930e-01,6.481453314975968993e-01,6.481453314975971214e-01,-3.776963701651792071e-01
1.309988949563632987e-01,6.667660121503282689e-01,6.667660121503284909e-01,-3.060808056747567063e-01
1.309988949563624105e-01,6.815651180949259258e-01,6.815651180949262589e-01,-2.318992650111487974e-01
1.309988949563637151e-01,6.923102627231695338e-01,6.923102627231698669e-01,-1.557314668798931989e-01
1.309988949563615224e-01,6.988285314663404968e-01,6.988285314663408299e-01,-7.820905789873446035e-02
1.309988949563626048e-01,7.010132985615220580e-01,7.010132985615223911e-01,-3.445811266978992003e-17
1.309988949563615224e-01,6.988285314663404968e-01,6.988285314663408299e-01,7.820905789873446035e-02
1.309988949563637151e-01,6.923102627231695338e-01,6.923102627231698669e-01,1.557314668798931157e-01
1.309988949563626048e-01,6.815651180949259258e-01,6.815651180949262589e-01,2.318992650111487419e-01
1.309988949563632987e-01,6.667660121503282689e-01,6.667660121503284909e-01,3.060808056747567063e-01
1.309988949563634930e-01,6.481453314975968993e-01,6.481453314975971214e-01,3.776963701651792071e-01
1.309988949563628269e-01,6.259860971944701813e-01,6.259860971944705144e-01,4.462309959636175383e-01
1.309988949563636873e-01,6.006117135338211455e-01,6.006117135338214785e-01,5.112440010915975108e-01
1.309988949563623828e-01,5.723749614603498292e-01,5.723749614603501623e-01,5.723749614603503844e-01
