1.178884946385307109e-01,-5.733243127677561946e-01,-5.733243127677566386e-01,-5.733243127677568607e-01
1.178884946385315990e-01,-5.986001844042352360e-01,-5.986001844042354580e-01,-5.190933839823929086e-01
1.178884946385313631e-01,-6.216425188051352135e-01,-6.216425188051354356e-01,-4.617612591578844072e-01
1.178884946385311411e-01,-6.422002502243302491e-01,-6.422002502243305821e-01,-4.015718865352455591e-01
1.178884946385309190e-01,-6.600391298338472712e-01,-6.600391298338476043e-01,-3.388200068003898724e-01
1.178884946385307247e-01,-6.749479110849728736e-01,-6.749479110849728736e-01,-2.738483841031830179e-01
1.178884946385315852e-01,-6.867442711951639023e-01,-6.867442711951641243e-01,-2.070432679251058838e-01
1.178884946385304888e-01,-6.952801769971698187e-01,-6.952801769971703738e-01,-1.388281447741373520e-01
1.178884946385305027e-01,-7.004464118463082922e-01,-7.004464118463086253e-01,-6.965594802401821328e-02
1.178884946385309190e-01,-7.021760117064170803e-01,-7.021760117064175244e-01,0.000000000000000000e+00
1.178884946385305027e-01,-7.004464118463082922e-01,-7.004464118463086253e-01,6.965594802401828267e-02
1.178884946385304888e-01,-6.952801769971698187e-01,-6.952801769971703738e-01,1.388281447741374353e-01
1.178884946385313631e-01,-6.867442711951639023e-01,-6.867442711951641243e-01,2.070432679251060226e-01
1.178884946385305027e-01,-6.749479110849728736e-01,-6.749479110849728736e-01,2.738483841031831290e-01
1.178884946385309190e-01,-6.600391298338472712e-01,-6.600391298338476043e-01,3.388200068003898724e-01
1.178884946385311133e-01,-6.422002502243301381e-01,-6.422002502243304711e-01,4.015718865352455591e-01
1.178884946385311411e-01,-6.216425188051352135e-01,-6.216425188051354356e-01,4.617612591578845738e-01
1.178884946385313631e-01,-5.986001844042351250e-01,-5.986001844042353470e-01,5.190933839823930196e-01
1.178884946385307109e-01,-5.733243127677561946e-01,-5.733243127677566386e-01,5.733243127677568607e-01
1.178884946385315852e-01,-5.986001844042351250e-01,-5.190933839823927975e-01,-5.986001844042353470e-01
1.178884946385307247e-01,-6.614100281347770061e-01,-5.237552279045118997e-01,-5.237552279045122328e-01
1.178884946385315852e-01,-6.837575529177667422e-01,-5.483640917042031937e-01,-4.667705374048286004e-01
1.178884946385311411e-01,-7.038397021052510416e-01,-5.704155671507344927e-01,-4.066178271108614184e-01
1.178884946385313631e-01,-7.213772728737551931e-01,-5.896264292082268321e-01,-3.435954117741400471e-01
1.178884946385315852e-01,-7.361143120799750195e-01,-6.057372840774949418e-01,-2.780653970944720332e-01
1.178884946385309190e-01,-7.478268272446958465e-01,-6.185212984311005968e-01,-2.104489075098713580e-01
1.178884946385315990e-01,-7.563308997120844479e-01,-6.277923278398821472e-01,-1.412185047292029427e-01
1.178884946385298227e-01,-7.614896790186133080e-01,-6.334119232291045565e-01,-7.088798975283366888e-02
1.178884946385309329e-01,-7.632187779134717021e-01,-6.352947346485157132e-01,0.000000000000000000e+00
1.178884946385297949e-01,-7.614896790186130859e-01,-6.334119232291044455e-01,7.088798975283372439e-02
1.178884946385315990e-01,-7.563308997120844479e-01,-6.277923278398821472e-01,1.412185047292030260e-01
1.178884946385307247e-01,-7.478268272446958465e-01,-6.185212984311005968e-01,2.104489075098715245e-01
1.178884946385315852e-01,-7.361143120799750195e-01,-6.057372840774949418e-01,2.780653970944721998e-01
1.178884946385313631e-01,-7.213772728737551931e-01,-5.896264292082268321e-01,3.435954117741400471e-01
1.178884946385311411e-01,-7.038397021052510416e-01,-5.704155671507344927e-01,4.066178271108615294e-01
1.178884946385315852e-01,-6.837575529177667422e-01,-5.483640917042031937e-01,4.667705374048287115e-01
1.178884946385307247e-01,-6.614100281347768950e-01,-5.237552279045120107e-01,5.237552279045123438e-01
1.178884946385315852e-01,-5.986001844042351250e-01,-5.190933839823927975e-01,5.986001844042353470e-01
1.178884946385313631e-01,-6.216425188051352135e-01,-4.617612591578844072e-01,-6.216425188051354356e-01
1.178884946385313770e-01,-6.837575529177668532e-01,-4.667705374048286560e-01,-5.483640917042033047e-01
1.178884946385309190e-01,-7.391327181645005462e-01,-4.689270347136203498e-01,-4.689270347136206274e-01
1.178884946385307247e-01,-7.585503529108652554e-01,-4.929234673809892997e-01,-4.095486787132461837e-01
1.178884946385307109e-01,-7.756620376625318336e-01,-5.139405611321250511e-01,-3.468656883928800672e-01
1.178884946385311550e-01,-7.901539131778817504e-01,-5.316492331778938096e-01,-2.812617805228774803e-01
1.178884946385309190e-01,-8.017457627387152286e-01,-5.457565442471494777e-01,-2.132037269228333198e-01
1.178884946385311411e-01,-8.102037364596815783e-01,-5.560185784967227596e-01,-1.432324984949842894e-01
1.178884946385307109e-01,-8.153516734997536819e-01,-5.622518917456352794e-01,-7.194971564548797993e-02
1.178884946385311550e-01,-8.170800422138135843e-01,-5.643425444246905620e-01,0.000000000000000000e+00
1.178884946385313909e-01,-8.153516734997539039e-01,-5.622518917456349463e-01,7.194971564548807708e-02
1.178884946385311411e-01,-8.102037364596815783e-01,-5.560185784967227596e-01,1.432324984949843727e-01
1.178884946385309190e-01,-8.017457627387152286e-01,-5.457565442471494777e-01,2.132037269228334586e-01
1.178884946385309190e-01,-7.901539131778816394e-01,-5.316492331778936986e-01,2.812617805228776469e-01
1.178884946385307109e-01,-7.756620376625318336e-01,-5.139405611321250511e-01,3.468656883928800672e-01
1.178884946385307109e-01,-7.585503529108651444e-01,-4.929234673809892442e-01,4.095486787132462392e-01
1.178884946385309329e-01,-7.391327181645005462e-01,-4.689270347136204053e-01,4.689270347136208494e-01
1.178884946385313631e-01,-6.837575529177667422e-01,-4.667705374048286004e-01,5.483640917042033047e-01
1.178884946385313631e-01,-6.216425188051352135e-01,-4.617612591578844072e-01,6.216425188051354356e-01
1.178884946385311411e-01,-6.422002502243302491e-01,-4.015718865352455591e-01,-6.422002502243305821e-01
1.178884946385311411e-01,-7.038397021052510416e-01,-4.066178271108614184e-01,-5.704155671507344927e-01
1.178884946385309190e-01,-7.585503529108652554e-01,-4.095486787132461837e-01,-4.929234673809893552e-01
1.178884946385309190e-01,-8.064923828569278141e-01,-4.096781292829870247e-01,-4.096781292829873022e-01
1.178884946385311411e-01,-8.229778245092508326e-01,-4.330785845573874582e-01,-3.482136453323614322e-01
1.178884946385309190e-01,-8.371039106154049003e-01,-4.529301528730149129e-01,-2.832200951251248600e-01
1.178884946385315990e-01,-8.485135425761015648e-01,-4.688360188145312968e-01,-2.152204877769674785e-01
1.178884946385313770e-01,-8.569012532691087092e-01,-4.804588042060955466e-01,-1.448512424473490379e-01
1.178884946385311411e-01,-8.620325597094283809e-01,-4.875406640872012587e-01,-7.284414660137573938e-02
1.178884946385311411e-01,-8.637598046074435043e-01,-4.899196901292826034e-01,0.000000000000000000e+00
1.178884946385311411e-01,-8.620325597094283809e-01,-4.875406640872012587e-01,7.284414660137579489e-02
1.178884946385313770e-01,-8.569012532691087092e-01,-4.804588042060955466e-01,1.448512424473491211e-01
1.178884946385315990e-01,-8.485135425761015648e-01,-4.688360188145312968e-01,2.152204877769675895e-01
1.178884946385307109e-01,-8.371039106154047893e-01,-4.529301528730148574e-01,2.832200951251249155e-01
1.178884946385311411e-01,-8.229778245092508326e-01,-4.330785845573874582e-01,3.482136453323614322e-01
1.178884946385311411e-01,-8.064923828569275921e-01,-4.096781292829870247e-01,4.096781292829873022e-01
1.178884946385307109e-01,-7.585503529108651444e-01,-4.095486787132461282e-01,4.929234673809893552e-01
1.178884946385313631e-01,-7.038397021052509306e-01,-4.066178271108613629e-01,5.704155671507346037e-01
1.178884946385311411e-01,-6.422002502243302491e-01,-4.015718865352455591e-01,6.422002502243305821e-01
1.178884946385309190e-01,-6.600391298338472712e-01,-3.388200068003898724e-01,-6.600391298338476043e-01
1.178884946385313770e-01,-7.213772728737550821e-01,-3.435954117741400471e-01,-5.896264292082268321e-01
1.178884946385307109e-01,-7.756620376625318336e-01,-3.468656883928800672e-01,-5.139405611321250511e-01
1.178884946385311411e-01,-8.229778245092508326e-01,-3.482136453323614322e-01,-4.330785845573874582e-01
1.178884946385313631e-01,-8.634890222120582548e-01,-3.467628954711882705e-01,-3.467628954711884925e-01
1.178884946385313631e-01,-8.770386135564427477e-01,-3.695323794772985559e-01,-2.834632139814609042e-01
1.178884946385309190e-01,-8.881555757209995683e-01,-3.879428107780053536e-01,-2.162922830644254391e-01
1.178884946385313631e-01,-8.964287580264180821e-01,-4.014932622627808700e-01,-1.460169338558527929e-01
1.178884946385311411e-01,-9.015326807918279117e-01,-4.097912183966543331e-01,-7.356823785538697813e-02
1.178884946385315852e-01,-9.032580650943609069e-01,-4.125859554975815913e-01,0.000000000000000000e+00
1.178884946385311411e-01,-9.015326807918279117e-01,-4.097912183966543331e-01,7.356823785538704752e-02
1.178884946385313631e-01,-8.964287580264180821e-01,-4.014932622627808700e-01,1.460169338558528485e-01
1.178884946385309190e-01,-8.881555757209995683e-01,-3.879428107780053536e-01,2.162922830644256333e-01
1.178884946385315990e-01,-8.770386135564428587e-01,-3.695323794772982229e-01,2.834632139814610152e-01
1.178884946385313631e-01,-8.634890222120582548e-01,-3.467628954711882705e-01,3.467628954711884925e-01
1.178884946385311411e-01,-8.229778245092508326e-01,-3.482136453323614322e-01,4.330785845573874582e-01
1.178884946385307109e-01,-7.756620376625318336e-01,-3.468656883928800672e-01,5.139405611321251621e-01
1.178884946385313631e-01,-7.213772728737549711e-01,-3.435954117741400471e-01,5.896264292082268321e-01
1.178884946385309190e-01,-6.600391298338472712e-01,-3.388200068003898724e-01,6.600391298338476043e-01
1.178884946385307247e-01,-6.749479110849728736e-01,-2.738483841031830179e-01,-6.749479110849728736e-01
1.178884946385315852e-01,-7.361143120799750195e-01,-2.780653970944720332e-01,-6.057372840774949418e-01
1.178884946385311550e-01,-7.901539131778817504e-01,-2.812617805228774803e-01,-5.316492331778938096e-01
1.178884946385309190e-01,-8.371039106154049003e-01,-2.832200951251248600e-01,-4.529301528730149129e-01
1.178884946385313631e-01,-8.770386135564427477e-01,-2.834632139814609042e-01,-3.695323794772985559e-01
1.178884946385311411e-01,-9.101226362298924233e-01,-2.808728269642792319e-01,-2.808728269642793984e-01
1.178884946385313770e-01,-9.207300547225110154e-01,-3.028871958693942212e-01,-2.159115924190224689e-01
1.178884946385315990e-01,-9.287987072161919544e-01,-3.192979043113356452e-01,-1.465745974164031906e-01
1.178884946385315990e-01,-9.338528541242193670e-01,-3.294382277368541612e-01,-7.410535595698256039e-02
1.178884946385311411e-01,-9.355748236745661250e-01,-3.328694220534015313e-01,0.000000000000000000e+00
1.178884946385315990e-01,-9.338528541242193670e-01,-3.294382277368541612e-01,7.410535595698261591e-02
1.178884946385315990e-01,-9.287987072161919544e-01,-3.192979043113356452e-01,1.465745974164033016e-01
1.178884946385311411e-01,-9.207300547225110154e-01,-3.028871958693942212e-01,2.159115924190226077e-01
1.178884946385315852e-01,-9.101226362298924233e-01,-2.808728269642792319e-01,2.808728269642795095e-01
1.178884946385313631e-01,-8.770386135564427477e-01,-2.834632139814609042e-01,3.695323794772985559e-01
1.178884946385313631e-01,-8.371039106154047893e-01,-2.832200951251248044e-01,4.529301528730148019e-01
1.178884946385309329e-01,-7.901539131778817504e-01,-2.812617805228774803e-01,5.316492331778938096e-01
1.178884946385315852e-01,-7.361143120799750195e-01,-2.780653970944720332e-01,6.057372840774949418e-01
1.178884946385307247e-01,-6.749479110849728736e-01,-2.738483841031830179e-01,6.749479110849728736e-01
1.178884946385313631e-01,-6.867442711951639023e-01,-2.070432679251058838e-01,-6.867442711951641243e-01
1.178884946385309190e-01,-7.478268272446958465e-01,-2.104489075098713580e-01,-6.185212984311005968e-01
1.178884946385309190e-01,-8.017457627387152286e-01,-2.132037269228333198e-01,-5.457565442471494777e-01
1.178884946385313770e-01,-8.485135425761015648e-01,-2.152204877769674785e-01,-4.688360188145312968e-01
1.178884946385309190e-01,-8.881555757209995683e-01,-2.162922830644254391e-01,-3.879428107780053536e-01
1.178884946385313770e-01,-9.207300547225110154e-01,-2.159115924190224689e-01,-3.028871958693942212e-01
1.178884946385313631e-01,-9.463932249104302086e-01,-2.126524943134890933e-01,-2.126524943134892043e-01
1.178884946385311411e-01,-9.540461068500495356e-01,-2.335884099438216288e-01,-1.460643131502084580e-01
1.178884946385315852e-01,-9.589954425134753491e-01,-2.467692959311767464e-01,-7.439730274597181059e-02
1.178884946385315990e-01,-9.607100803480591589e-01,-2.512736443590669055e-01,0.000000000000000000e+00
1.178884946385315852e-01,-9.589954425134753491e-01,-2.467692959311767464e-01,7.439730274597186610e-02
1.178884946385311411e-01,-9.540461068500495356e-01,-2.335884099438216288e-01,1.460643131502085412e-01
1.178884946385313631e-01,-9.463932249104300976e-01,-2.126524943134890377e-01,2.126524943134893153e-01
1.178884946385315852e-01,-9.207300547225109044e-01,-2.159115924190225244e-01,3.028871958693944433e-01
1.178884946385309190e-01,-8.881555757209995683e-01,-2.162922830644254391e-01,3.879428107780053536e-01
1.178884946385313770e-01,-8.485135425761015648e-01,-2.152204877769674785e-01,4.688360188145312968e-01
1.178884946385307109e-01,-8.017457627387151176e-01,-2.132037269228333198e-01,5.457565442471494777e-01
1.178884946385309190e-01,-7.478268272446957354e-01,-2.104489075098713857e-01,6.185212984311008189e-01
1.178884946385313631e-01,-6.867442711951639023e-01,-2.070432679251058838e-01,6.867442711951641243e-01
1.178884946385302945e-01,-6.952801769971698187e-01,-1.388281447741373797e-01,-6.952801769971703738e-01
1.178884946385315990e-01,-7.563308997120844479e-01,-1.412185047292029427e-01,-6.277923278398821472e-01
1.178884946385311411e-01,-8.102037364596815783e-01,-1.432324984949842894e-01,-5.560185784967227596e-01
1.178884946385313631e-01,-8.569012532691085982e-01,-1.448512424473490101e-01,-4.804588042060954911e-01
1.178884946385313631e-01,-8.964287580264180821e-01,-1.460169338558527929e-01,-4.014932622627808700e-01
1.178884946385315990e-01,-9.287987072161919544e-01,-1.465745974164031906e-01,-3.192979043113356452e-01
1.178884946385311411e-01,-9.540461068500495356e-01,-1.460643131502084580e-01,-2.335884099438216288e-01
1.178884946385315852e-01,-9.723007882536712776e-01,-1.427120877731637150e-01,-1.427120877731637982e-01
1.178884946385315852e-01,-9.769698060002461881e-01,-1.616373920534901754e-01,-7.420009761347040600e-02
1.178884946385313770e-01,-9.786638351148397863e-01,-1.682836910403819608e-01,0.000000000000000000e+00
1.178884946385315852e-01,-9.769698060002461881e-01,-1.616373920534901754e-01,7.420009761347048927e-02
1.178884946385315852e-01,-9.723007882536712776e-01,-1.427120877731637150e-01,1.427120877731638537e-01
1.178884946385311688e-01,-9.540461068500495356e-01,-1.460643131502084580e-01,2.335884099438218231e-01
1.178884946385315990e-01,-9.287987072161919544e-01,-1.465745974164031629e-01,3.192979043113357007e-01
1.178884946385313631e-01,-8.964287580264180821e-01,-1.460169338558527929e-01,4.014932622627808700e-01
1.178884946385313631e-01,-8.569012532691085982e-01,-1.448512424473490101e-01,4.804588042060954911e-01
1.178884946385311411e-01,-8.102037364596815783e-01,-1.432324984949842894e-01,5.560185784967227596e-01
1.178884946385315990e-01,-7.563308997120843369e-01,-1.412185047292029427e-01,6.277923278398821472e-01
1.178884946385302945e-01,-6.952801769971698187e-01,-1.388281447741373797e-01,6.952801769971703738e-01
1.178884946385307109e-01,-7.004464118463081812e-01,-6.965594802401819940e-02,-7.004464118463085143e-01
1.178884946385297949e-01,-7.614896790186130859e-01,-7.088798975283365500e-02,-6.334119232291044455e-01
1.178884946385307109e-01,-8.153516734997536819e-01,-7.194971564548797993e-02,-5.622518917456352794e-01
1.178884946385311411e-01,-8.620325597094283809e-01,-7.284414660137573938e-02,-4.875406640872012587e-01
1.178884946385311411e-01,-9.015326807918279117e-01,-7.356823785538697813e-02,-4.097912183966543331e-01
1.178884946385315990e-01,-9.338528541242193670e-01,-7.410535595698256039e-02,-3.294382277368541612e-01
1.178884946385315852e-01,-9.589954425134753491e-01,-7.439730274597181059e-02,-2.467692959311767464e-01
1.178884946385315852e-01,-9.769698060002461881e-01,-7.420009761347040600e-02,-1.616373920534901754e-01
1.178884946385313631e-01,-9.878453262596160744e-01,-7.163767939741512436e-02,-7.163767939741516599e-02
1.178884946385315990e-01,-9.894360879749082294e-01,-8.437138522491355319e-02,0.000000000000000000e+00
1.178884946385313631e-01,-9.878453262596160744e-01,-7.163767939741512436e-02,7.163767939741523538e-02
1.178884946385320293e-01,-9.769698060002461881e-01,-7.420009761347041988e-02,1.616373920534902864e-01
1.178884946385315852e-01,-9.589954425134753491e-01,-7.439730274597181059e-02,2.467692959311768575e-01
1.178884946385315990e-01,-9.338528541242192560e-01,-7.410535595698257427e-02,3.294382277368543277e-01
1.178884946385311411e-01,-9.015326807918279117e-01,-7.356823785538697813e-02,4.097912183966543331e-01
1.178884946385311411e-01,-8.620325597094283809e-01,-7.284414660137573938e-02,4.875406640872012587e-01
1.178884946385307109e-01,-8.153516734997535709e-01,-7.194971564548797993e-02,5.622518917456352794e-01
1.178884946385296145e-01,-7.614896790186131970e-01,-7.088798975283366888e-02,6.334119232291046675e-01
1.178884946385307109e-01,-7.004464118463081812e-01,-6.965594802401819940e-02,7.004464118463085143e-01
1.178884946385309190e-01,-7.021760117064170803e-01,0.000000000000000000e+00,-7.021760117064175244e-01
1.178884946385309329e-01,-7.632187779134717021e-01,0.000000000000000000e+00,-6.352947346485157132e-01
1.178884946385311550e-01,-8.170800422138135843e-01,0.000000000000000000e+00,-5.643425444246905620e-01
1.178884946385311411e-01,-8.637598046074435043e-01,0.000000000000000000e+00,-4.899196901292826034e-01
1.178884946385315852e-01,-9.032580650943609069e-01,0.000000000000000000e+00,-4.125859554975815913e-01
1.178884946385311411e-01,-9.355748236745661250e-01,0.000000000000000000e+00,-3.328694220534015313e-01
1.178884946385315990e-01,-9.607100803480591589e-01,0.000000000000000000e+00,-2.512736443590669055e-01
1.178884946385313770e-01,-9.786638351148397863e-01,0.000000000000000000e+00,-1.682836910403819608e-01
1.178884946385315990e-01,-9.894360879749082294e-01,0.000000000000000000e+00,-8.437138522491355319e-02
1.178884946385315852e-01,-9.930268389282642660e-01,0.000000000000000000e+00,7.480118634175246713e-16
1.178884946385315990e-01,-9.894360879749082294e-01,0.000000000000000000e+00,8.437138522491366421e-02
1.178884946385313770e-01,-9.786638351148397863e-01,0.000000000000000000e+00,1.682836910403820718e-01
1.178884946385313631e-01,-9.607100803480590479e-01,0.000000000000000000e+00,2.512736443590670721e-01
1.178884946385313631e-01,-9.355748236745660140e-01,0.000000000000000000e+00,3.328694220534017534e-01
1.178884946385315852e-01,-9.032580650943609069e-01,0.000000000000000000e+00,4.125859554975815913e-01
1.178884946385313631e-01,-8.637598046074433933e-01,0.000000000000000000e+00,4.899196901292826589e-01
1.178884946385309190e-01,-8.170800422138134733e-01,0.000000000000000000e+00,5.643425444246905620e-01
1.178884946385311411e-01,-7.632187779134714800e-01,0.000000000000000000e+00,6.352947346485158242e-01
1.178884946385309190e-01,-7.021760117064170803e-01,0.000000000000000000e+00,7.021760117064175244e-01
1.178884946385307109e-01,-7.004464118463081812e-01,6.965594802401826879e-02,-7.004464118463085143e-01
1.178884946385297949e-01,-7.614896790186130859e-01,7.088798975283372439e-02,-6.334119232291044455e-01
1.178884946385313909e-01,-8.153516734997539039e-01,7.194971564548807708e-02,-5.622518917456349463e-01
1.178884946385311411e-01,-8.620325597094283809e-01,7.284414660137579489e-02,-4.875406640872012587e-01
1.178884946385311411e-01,-9.015326807918279117e-01,7.356823785538704752e-02,-4.097912183966543331e-01
1.178884946385315990e-01,-9.338528541242193670e-01,7.410535595698261591e-02,-3.294382277368541612e-01
1.178884946385315852e-01,-9.589954425134753491e-01,7.439730274597186610e-02,-2.467692959311767464e-01
1.178884946385315852e-01,-9.769698060002461881e-01,7.420009761347048927e-02,-1.616373920534901754e-01
1.178884946385313631e-01,-9.878453262596160744e-01,7.163767939741523538e-02,-7.163767939741512436e-02
1.178884946385315990e-01,-9.894360879749082294e-01,8.437138522491366421e-02,0.000000000000000000e+00
1.178884946385313631e-01,-9.878453262596160744e-01,7.163767939741517987e-02,7.163767939741523538e-02
1.178884946385320293e-01,-9.769698060002461881e-01,7.420009761347048927e-02,1.616373920534902864e-01
1.178884946385315852e-01,-9.589954425134753491e-01,7.439730274597186610e-02,2.467692959311768575e-01
1.178884946385315990e-01,-9.338528541242192560e-01,7.410535595698261591e-02,3.294382277368543277e-01
1.178884946385311411e-01,-9.015326807918279117e-01,7.356823785538704752e-02,4.097912183966543331e-01
1.178884946385311411e-01,-8.620325597094283809e-01,7.284414660137579489e-02,4.875406640872012587e-01
1.178884946385313631e-01,-8.153516734997536819e-01,7.194971564548807708e-02,5.622518917456351684e-01
1.178884946385296145e-01,-7.614896790186131970e-01,7.088798975283373827e-02,6.334119232291046675e-01
1.178884946385307109e-01,-7.004464118463081812e-01,6.965594802401826879e-02,7.004464118463085143e-01
1.178884946385302945e-01,-6.952801769971698187e-01,1.388281447741374353e-01,-6.952801769971703738e-01
1.178884946385315990e-01,-7.563308997120844479e-01,1.412185047292030260e-01,-6.277923278398821472e-01
1.178884946385311411e-01,-8.102037364596815783e-01,1.432324984949843727e-01,-5.560185784967227596e-01
1.178884946385313631e-01,-8.569012532691085982e-01,1.448512424473490934e-01,-4.804588042060954911e-01
1.178884946385313631e-01,-8.964287580264180821e-01,1.460169338558528485e-01,-4.014932622627808700e-01
1.178884946385315990e-01,-9.287987072161919544e-01,1.465745974164033016e-01,-3.192979043113356452e-01
1.178884946385311411e-01,-9.540461068500495356e-01,1.460643131502085412e-01,-2.335884099438216288e-01
1.178884946385315852e-01,-9.723007882536712776e-01,1.427120877731638537e-01,-1.427120877731637150e-01
1.178884946385320293e-01,-9.769698060002461881e-01,1.616373920534902864e-01,-7.420009761347041988e-02
1.178884946385313770e-01,-9.786638351148397863e-01,1.682836910403820718e-01,0.000000000000000000e+00
1.178884946385320293e-01,-9.769698060002461881e-01,1.616373920534902864e-01,7.420009761347048927e-02
1.178884946385315852e-01,-9.723007882536712776e-01,1.427120877731637705e-01,1.427120877731638537e-01
1.178884946385311688e-01,-9.540461068500495356e-01,1.460643131502085412e-01,2.335884099438218231e-01
1.178884946385315990e-01,-9.287987072161919544e-01,1.465745974164032184e-01,3.192979043113357007e-01
1.178884946385313631e-01,-8.964287580264180821e-01,1.460169338558528485e-01,4.014932622627808700e-01
1.178884946385313631e-01,-8.569012532691085982e-01,1.448512424473490934e-01,4.804588042060954911e-01
1.178884946385311411e-01,-8.102037364596815783e-01,1.432324984949843727e-01,5.560185784967227596e-01
1.178884946385315990e-01,-7.563308997120843369e-01,1.412185047292029982e-01,6.277923278398821472e-01
1.178884946385302945e-01,-6.952801769971698187e-01,1.388281447741374353e-01,6.952801769971703738e-01
1.178884946385313631e-01,-6.867442711951639023e-01,2.070432679251060226e-01,-6.867442711951641243e-01
1.178884946385307109e-01,-7.478268272446957354e-01,2.104489075098714967e-01,-6.185212984311004858e-01
1.178884946385309190e-01,-8.017457627387152286e-01,2.132037269228334586e-01,-5.457565442471494777e-01
1.178884946385313770e-01,-8.485135425761015648e-01,2.152204877769675895e-01,-4.688360188145312968e-01
1.178884946385309190e-01,-8.881555757209995683e-01,2.162922830644256333e-01,-3.879428107780053536e-01
1.178884946385311411e-01,-9.207300547225110154e-01,2.159115924190226077e-01,-3.028871958693942212e-01
1.178884946385313631e-01,-9.463932249104300976e-01,2.126524943134893153e-01,-2.126524943134890377e-01
1.178884946385311688e-01,-9.540461068500495356e-01,2.335884099438218231e-01,-1.460643131502084580e-01
1.178884946385315852e-01,-9.589954425134753491e-01,2.467692959311768575e-01,-7.439730274597181059e-02
1.178884946385313631e-01,-9.607100803480590479e-01,2.512736443590670721e-01,0.000000000000000000e+00
1.178884946385315852e-01,-9.589954425134753491e-01,2.467692959311768575e-01,7.439730274597186610e-02
1.178884946385311688e-01,-9.540461068500495356e-01,2.335884099438218231e-01,1.460643131502085412e-01
1.178884946385313631e-01,-9.463932249104300976e-01,2.126524943134891765e-01,2.126524943134893153e-01
1.178884946385313631e-01,-9.207300547225109044e-01,2.159115924190226354e-01,3.028871958693944433e-01
1.178884946385309190e-01,-8.881555757209995683e-01,2.162922830644256333e-01,3.879428107780053536e-01
1.178884946385313770e-01,-8.485135425761015648e-01,2.152204877769675895e-01,4.688360188145312968e-01
1.178884946385307109e-01,-8.017457627387151176e-01,2.132037269228334586e-01,5.457565442471494777e-01
1.178884946385308913e-01,-7.478268272446956244e-01,2.104489075098714690e-01,6.185212984311007078e-01
1.178884946385313631e-01,-6.867442711951639023e-01,2.070432679251060226e-01,6.867442711951641243e-01
1.178884946385307247e-01,-6.749479110849728736e-01,2.738483841031831290e-01,-6.749479110849728736e-01
1.178884946385313631e-01,-7.361143120799750195e-01,2.780653970944721998e-01,-6.057372840774949418e-01
1.178884946385309190e-01,-7.901539131778816394e-01,2.812617805228776469e-01,-5.316492331778936986e-01
1.178884946385307109e-01,-8.371039106154047893e-01,2.832200951251249155e-01,-4.529301528730148574e-01
1.178884946385315990e-01,-8.770386135564428587e-01,2.834632139814610152e-01,-3.695323794772982229e-01
1.178884946385315852e-01,-9.101226362298924233e-01,2.808728269642795095e-01,-2.808728269642792319e-01
1.178884946385315852e-01,-9.207300547225109044e-01,3.028871958693944433e-01,-2.159115924190225244e-01
1.178884946385315990e-01,-9.287987072161919544e-01,3.192979043113357007e-01,-1.465745974164031629e-01
1.178884946385320293e-01,-9.338528541242192560e-01,3.294382277368543277e-01,-7.410535595698257427e-02
1.178884946385313631e-01,-9.355748236745660140e-01,3.328694220534017534e-01,0.000000000000000000e+00
1.178884946385320293e-01,-9.338528541242192560e-01,3.294382277368543277e-01,7.410535595698261591e-02
1.178884946385315990e-01,-9.287987072161919544e-01,3.192979043113357007e-01,1.465745974164032184e-01
1.178884946385313631e-01,-9.207300547225109044e-01,3.028871958693944433e-01,2.159115924190226354e-01
1.178884946385313631e-01,-9.101226362298924233e-01,2.808728269642793429e-01,2.808728269642795095e-01
1.178884946385315990e-01,-8.770386135564428587e-01,2.834632139814610152e-01,3.695323794772982229e-01
1.178884946385313631e-01,-8.371039106154047893e-01,2.832200951251249155e-01,4.529301528730148019e-01
1.178884946385309190e-01,-7.901539131778816394e-01,2.812617805228776469e-01,5.316492331778936986e-01
1.178884946385313631e-01,-7.361143120799750195e-01,2.780653970944721998e-01,6.057372840774949418e-01
1.178884946385307247e-01,-6.749479110849728736e-01,2.738483841031831290e-01,6.749479110849728736e-01
1.178884946385309190e-01,-6.600391298338472712e-01,3.388200068003898724e-01,-6.600391298338476043e-01
1.178884946385313770e-01,-7.213772728737550821e-01,3.435954117741400471e-01,-5.896264292082268321e-01
1.178884946385307109e-01,-7.756620376625318336e-01,3.468656883928800672e-01,-5.139405611321250511e-01
1.178884946385311411e-01,-8.229778245092508326e-01,3.482136453323614322e-01,-4.330785845573874582e-01
1.178884946385313631e-01,-8.634890222120582548e-01,3.467628954711882705e-01,-3.467628954711884925e-01
1.178884946385313631e-01,-8.770386135564427477e-01,3.695323794772985559e-01,-2.834632139814609042e-01
1.178884946385309190e-01,-8.881555757209995683e-01,3.879428107780053536e-01,-2.162922830644254391e-01
1.178884946385313631e-01,-8.964287580264180821e-01,4.014932622627808700e-01,-1.460169338558527929e-01
1.178884946385311411e-01,-9.015326807918279117e-01,4.097912183966543331e-01,-7.356823785538697813e-02
1.178884946385315852e-01,-9.032580650943609069e-01,4.125859554975815913e-01,0.000000000000000000e+00
1.178884946385311411e-01,-9.015326807918279117e-01,4.097912183966543331e-01,7.356823785538704752e-02
1.178884946385313631e-01,-8.964287580264180821e-01,4.014932622627808700e-01,1.460169338558528485e-01
1.178884946385309190e-01,-8.881555757209995683e-01,3.879428107780053536e-01,2.162922830644256333e-01
1.178884946385315990e-01,-8.770386135564428587e-01,3.695323794772982229e-01,2.834632139814610152e-01
1.178884946385313631e-01,-8.634890222120582548e-01,3.467628954711882705e-01,3.467628954711884925e-01
1.178884946385311411e-01,-8.229778245092508326e-01,3.482136453323614322e-01,4.330785845573874582e-01
1.178884946385307109e-01,-7.756620376625318336e-01,3.468656883928800672e-01,5.139405611321251621e-01
1.178884946385313631e-01,-7.213772728737549711e-01,3.435954117741400471e-01,5.896264292082268321e-01
1.178884946385309190e-01,-6.600391298338472712e-01,3.388200068003898724e-01,6.600391298338476043e-01
1.178884946385311550e-01,-6.422002502243302491e-01,4.015718865352456701e-01,-6.422002502243304711e-01
1.178884946385311411e-01,-7.038397021052510416e-01,4.066178271108615294e-01,-5.704155671507344927e-01
1.178884946385307109e-01,-7.585503529108651444e-01,4.095486787132462392e-01,-4.929234673809892442e-01
1.178884946385311411e-01,-8.064923828569275921e-01,4.096781292829873022e-01,-4.096781292829870247e-01
1.178884946385311411e-01,-8.229778245092508326e-01,4.330785845573874582e-01,-3.482136453323614322e-01
1.178884946385313631e-01,-8.371039106154047893e-01,4.529301528730148019e-01,-2.832200951251248044e-01
1.178884946385315990e-01,-8.485135425761015648e-01,4.688360188145312968e-01,-2.152204877769674785e-01
1.178884946385313770e-01,-8.569012532691087092e-01,4.804588042060955466e-01,-1.448512424473490379e-01
1.178884946385311411e-01,-8.620325597094283809e-01,4.875406640872012587e-01,-7.284414660137573938e-02
1.178884946385313631e-01,-8.637598046074433933e-01,4.899196901292826589e-01,0.000000000000000000e+00
1.178884946385311411e-01,-8.620325597094283809e-01,4.875406640872012587e-01,7.284414660137579489e-02
1.178884946385313770e-01,-8.569012532691087092e-01,4.804588042060955466e-01,1.448512424473491211e-01
1.178884946385315990e-01,-8.485135425761015648e-01,4.688360188145312968e-01,2.152204877769675895e-01
1.178884946385313631e-01,-8.371039106154047893e-01,4.529301528730148019e-01,2.832200951251249155e-01
1.178884946385311411e-01,-8.229778245092508326e-01,4.330785845573874582e-01,3.482136453323614322e-01
1.178884946385311411e-01,-8.064923828569275921e-01,4.096781292829871357e-01,4.096781292829873022e-01
1.178884946385304888e-01,-7.585503529108651444e-01,4.095486787132462392e-01,4.929234673809893552e-01
1.178884946385313631e-01,-7.038397021052509306e-01,4.066178271108614739e-01,5.704155671507346037e-01
1.178884946385311550e-01,-6.422002502243302491e-01,4.015718865352456701e-01,6.422002502243304711e-01
1.178884946385311411e-01,-6.216425188051352135e-01,4.617612591578845738e-01,-6.216425188051354356e-01
1.178884946385313631e-01,-6.837575529177667422e-01,4.667705374048287115e-01,-5.483640917042031937e-01
1.178884946385309329e-01,-7.391327181645005462e-01,4.689270347136208494e-01,-4.689270347136204053e-01
1.178884946385307109e-01,-7.585503529108651444e-01,4.929234673809893552e-01,-4.095486787132461282e-01
1.178884946385307109e-01,-7.756620376625318336e-01,5.139405611321251621e-01,-3.468656883928800672e-01
1.178884946385309329e-01,-7.901539131778817504e-01,5.316492331778938096e-01,-2.812617805228774803e-01
1.178884946385307109e-01,-8.017457627387151176e-01,5.457565442471494777e-01,-2.132037269228333198e-01
1.178884946385311411e-01,-8.102037364596815783e-01,5.560185784967227596e-01,-1.432324984949842894e-01
1.178884946385307109e-01,-8.153516734997535709e-01,5.622518917456352794e-01,-7.194971564548797993e-02
1.178884946385309190e-01,-8.170800422138134733e-01,5.643425444246905620e-01,0.000000000000000000e+00
1.178884946385313631e-01,-8.153516734997536819e-01,5.622518917456351684e-01,7.194971564548807708e-02
1.178884946385311411e-01,-8.102037364596815783e-01,5.560185784967227596e-01,1.432324984949843727e-01
1.178884946385307109e-01,-8.017457627387151176e-01,5.457565442471494777e-01,2.132037269228334586e-01
1.178884946385309190e-01,-7.901539131778816394e-01,5.316492331778936986e-01,2.812617805228776469e-01
1.178884946385307109e-01,-7.756620376625318336e-01,5.139405611321251621e-01,3.468656883928800672e-01
1.178884946385307109e-01,-7.585503529108651444e-01,4.929234673809893552e-01,4.095486787132462392e-01
1.178884946385309190e-01,-7.391327181645004352e-01,4.689270347136204609e-01,4.689270347136207939e-01
1.178884946385313631e-01,-6.837575529177667422e-01,4.667705374048287115e-01,5.483640917042033047e-01
1.178884946385311411e-01,-6.216425188051352135e-01,4.617612591578845738e-01,6.216425188051354356e-01
1.178884946385313631e-01,-5.986001844042351250e-01,5.190933839823930196e-01,-5.986001844042353470e-01
1.178884946385307247e-01,-6.614100281347768950e-01,5.237552279045123438e-01,-5.237552279045120107e-01
1.178884946385313631e-01,-6.837575529177667422e-01,5.483640917042033047e-01,-4.667705374048286004e-01
1.178884946385313631e-01,-7.038397021052510416e-01,5.704155671507347147e-01,-4.066178271108614184e-01
1.178884946385313631e-01,-7.213772728737549711e-01,5.896264292082268321e-01,-3.435954117741400471e-01
1.178884946385315852e-01,-7.361143120799750195e-01,6.057372840774949418e-01,-2.780653970944720332e-01
1.178884946385309190e-01,-7.478268272446957354e-01,6.185212984311008189e-01,-2.104489075098713857e-01
1.178884946385316129e-01,-7.563308997120844479e-01,6.277923278398821472e-01,-1.412185047292029427e-01
1.178884946385296145e-01,-7.614896790186131970e-01,6.334119232291046675e-01,-7.088798975283366888e-02
1.178884946385311411e-01,-7.632187779134714800e-01,6.352947346485158242e-01,0.000000000000000000e+00
1.178884946385296145e-01,-7.614896790186131970e-01,6.334119232291046675e-01,7.088798975283373827e-02
1.178884946385316129e-01,-7.563308997120844479e-01,6.277923278398821472e-01,1.412185047292029982e-01
1.178884946385309190e-01,-7.478268272446957354e-01,6.185212984311008189e-01,2.104489075098715245e-01
1.178884946385315852e-01,-7.361143120799750195e-01,6.057372840774949418e-01,2.780653970944721998e-01
1.178884946385313631e-01,-7.213772728737549711e-01,5.896264292082268321e-01,3.435954117741400471e-01
1.178884946385313354e-01,-7.038397021052509306e-01,5.704155671507346037e-01,4.066178271108614184e-01
1.178884946385313631e-01,-6.837575529177667422e-01,5.483640917042033047e-01,4.667705374048287115e-01
1.178884946385307247e-01,-6.614100281347768950e-01,5.237552279045120107e-01,5.237552279045123438e-01
1.178884946385313631e-01,-5.986001844042351250e-01,5.190933839823930196e-01,5.986001844042353470e-01
1.178884946385307109e-01,-5.733243127677561946e-01,5.733243127677566386e-01,-5.733243127677568607e-01
1.178884946385315990e-01,-5.986001844042352360e-01,5.986001844042354580e-01,-5.190933839823929086e-01
1.178884946385313631e-01,-6.216425188051352135e-01,6.216425188051354356e-01,-4.617612591578844072e-01
1.178884946385311411e-01,-6.422002502243302491e-01,6.422002502243305821e-01,-4.015718865352455591e-01
1.178884946385309190e-01,-6.600391298338472712e-01,6.600391298338476043e-01,-3.388200068003898724e-01
1.178884946385307247e-01,-6.749479110849728736e-01,6.749479110849728736e-01,-2.738483841031830179e-01
1.178884946385315852e-01,-6.867442711951639023e-01,6.867442711951641243e-01,-2.070432679251058838e-01
1.178884946385304888e-01,-6.952801769971698187e-01,6.952801769971703738e-01,-1.388281447741373520e-01
1.178884946385305027e-01,-7.004464118463082922e-01,7.004464118463086253e-01,-6.965594802401821328e-02
1.178884946385309190e-01,-7.021760117064170803e-01,7.021760117064175244e-01,0.000000000000000000e+00
1.178884946385305027e-01,-7.004464118463082922e-01,7.004464118463086253e-01,6.965594802401828267e-02
1.178884946385304888e-01,-6.952801769971698187e-01,6.952801769971703738e-01,1.388281447741374353e-01
1.178884946385313631e-01,-6.867442711951639023e-01,6.867442711951641243e-01,2.070432679251060226e-01
1.178884946385305027e-01,-6.749479110849728736e-01,6.749479110849728736e-01,2.738483841031831290e-01
1.178884946385309190e-01,-6.600391298338472712e-01,6.600391298338476043e-01,3.388200068003898724e-01
1.178884946385311133e-01,-6.422002502243301381e-01,6.422002502243304711e-01,4.015718865352455591e-01
1.178884946385311411e-01,-6.216425188051352135e-01,6.216425188051354356e-01,4.617612591578845738e-01
1.178884946385313631e-01,-5.986001844042351250e-01,5.986001844042353470e-01,5.190933839823930196e-01
1.178884946385307109e-01,-5.733243127677561946e-01,5.733243127677566386e-01,5.733243127677568607e-01
1.178884946385315852e-01,-5.190933839823927975e-01,-5.986001844042351250e-01,-5.986001844042353470e-01
1.178884946385307247e-01,-5.237552279045118997e-01,-6.614100281347770061e-01,-5.237552279045122328e-01
1.178884946385315852e-01,-5.483640917042031937e-01,-6.837575529177667422e-01,-4.667705374048286004e-01
1.178884946385311411e-01,-5.704155671507344927e-01,-7.038397021052510416e-01,-4.066178271108614184e-01
1.178884946385313631e-01,-5.896264292082268321e-01,-7.213772728737551931e-01,-3.435954117741400471e-01
1.178884946385315852e-01,-6.057372840774949418e-01,-7.361143120799750195e-01,-2.780653970944720332e-01
1.178884946385309190e-01,-6.185212984311005968e-01,-7.478268272446958465e-01,-2.104489075098713580e-01
1.178884946385315990e-01,-6.277923278398821472e-01,-7.563308997120844479e-01,-1.412185047292029427e-01
1.178884946385298227e-01,-6.334119232291045565e-01,-7.614896790186133080e-01,-7.088798975283366888e-02
1.178884946385309329e-01,-6.352947346485157132e-01,-7.632187779134717021e-01,0.000000000000000000e+00
1.178884946385297949e-01,-6.334119232291044455e-01,-7.614896790186130859e-01,7.088798975283372439e-02
1.178884946385315990e-01,-6.277923278398821472e-01,-7.563308997120844479e-01,1.412185047292030260e-01
1.178884946385307247e-01,-6.185212984311005968e-01,-7.478268272446958465e-01,2.104489075098715245e-01
1.178884946385315852e-01,-6.057372840774949418e-01,-7.361143120799750195e-01,2.780653970944721998e-01
1.178884946385313631e-01,-5.896264292082268321e-01,-7.213772728737551931e-01,3.435954117741400471e-01
1.178884946385311411e-01,-5.704155671507344927e-01,-7.038397021052510416e-01,4.066178271108615294e-01
1.178884946385315852e-01,-5.483640917042031937e-01,-6.837575529177667422e-01,4.667705374048287115e-01
1.178884946385307247e-01,-5.237552279045120107e-01,-6.614100281347768950e-01,5.237552279045123438e-01
1.178884946385315852e-01,-5.190933839823927975e-01,-5.986001844042351250e-01,5.986001844042353470e-01
1.178884946385307247e-01,-5.237552279045118997e-01,-5.237552279045122328e-01,-6.614100281347770061e-01
3.220472962743631817e-01,-5.465911143814822237e-01,-5.465911143814825568e-01,-5.465911143814827788e-01
3.220472962743642364e-01,-5.735558819229803484e-01,-5.735558819229805705e-01,-4.882139280945150261e-01
3.220472962743640144e-01,-5.977872225225607794e-01,-5.977872225225607794e-01,-4.261295720082061145e-01
3.220472962743642364e-01,-6.189482470032330319e-01,-6.189482470032331429e-01,-3.606822341419405054e-01
3.220472962743646250e-01,-6.367301195060942609e-01,-6.367301195060944830e-01,-2.922927450175273334e-01
3.220472962743634038e-01,-6.508625682586900441e-01,-6.508625682586902661e-01,-2.214528695722324803e-01
3.220472962743644585e-01,-6.611236750016493691e-01,-6.611236750016494801e-01,-1.487162118499488206e-01
3.220472962743629597e-01,-6.673483144706395809e-01,-6.673483144706399139e-01,-7.468596460356592692e-02
3.220472962743636258e-01,-6.694346640869339726e-01,-6.694346640869341947e-01,0.000000000000000000e+00
3.220472962743629597e-01,-6.673483144706395809e-01,-6.673483144706399139e-01,7.468596460356601019e-02
3.220472962743644585e-01,-6.611236750016492580e-01,-6.611236750016493691e-01,1.487162118499489316e-01
3.220472962743634038e-01,-6.508625682586900441e-01,-6.508625682586902661e-01,2.214528695722326190e-01
3.220472962743644585e-01,-6.367301195060942609e-01,-6.367301195060944830e-01,2.922927450175274999e-01
3.220472962743642364e-01,-6.189482470032330319e-01,-6.189482470032331429e-01,3.606822341419405054e-01
3.220472962743640144e-01,-5.977872225225607794e-01,-5.977872225225607794e-01,4.261295720082061145e-01
3.220472962743642364e-01,-5.735558819229802374e-01,-5.735558819229804595e-01,4.882139280945151372e-01
3.220472962743629597e-01,-5.465911143814821127e-01,-5.465911143814824458e-01,5.465911143814828899e-01
1.178884946385307247e-01,-5.237552279045118997e-01,-5.237552279045122328e-01,6.614100281347770061e-01
1.178884946385315852e-01,-5.483640917042031937e-01,-4.667705374048286004e-01,-6.837575529177667422e-01
3.220472962743642364e-01,-5.735558819229803484e-01,-4.882139280945150261e-01,-5.735558819229805705e-01
3.220472962743634593e-01,-6.403721612626397386e-01,-4.930563020802938290e-01,-4.930563020802941621e-01
3.220472962743635703e-01,-6.638016914779936162e-01,-5.191970936792188462e-01,-4.313782925326439255e-01
3.220472962743634038e-01,-6.844488372381049013e-01,-5.421515868739232857e-01,-3.659057050878893325e-01
3.220472962743637924e-01,-7.019348925532407080e-01,-5.615345518707288708e-01,-2.970722010454401874e-01
3.220472962743634038e-01,-7.159217448699594089e-01,-5.770024682802143978e-01,-2.254101723154154913e-01
3.220472962743642364e-01,-7.261272283618738221e-01,-5.882689197626623789e-01,-1.515403089449972873e-01
3.220472962743631817e-01,-7.323387854337101155e-01,-5.951182885264425515e-01,-7.615553146823079989e-02
3.220472962743640144e-01,-7.344242540058758539e-01,-5.974165666352790893e-01,0.000000000000000000e+00
3.220472962743644585e-01,-7.323387854337098934e-01,-5.951182885264422184e-01,7.615553146823088315e-02
3.220472962743642364e-01,-7.261272283618738221e-01,-5.882689197626623789e-01,1.515403089449973428e-01
3.220472962743634038e-01,-7.159217448699594089e-01,-5.770024682802143978e-01,2.254101723154156300e-01
3.220472962743635703e-01,-7.019348925532407080e-01,-5.615345518707288708e-01,2.970722010454402984e-01
3.220472962743634038e-01,-6.844488372381049013e-01,-5.421515868739232857e-01,3.659057050878893325e-01
3.220472962743634038e-01,-6.638016914779936162e-01,-5.191970936792188462e-01,4.313782925326440365e-01
3.220472962743636258e-01,-6.403721612626395165e-01,-4.930563020802938845e-01,4.930563020802943841e-01
3.220472962743642364e-01,-5.735558819229802374e-01,-4.882139280945149151e-01,5.735558819229805705e-01
1.178884946385315852e-01,-5.483640917042031937e-01,-4.667705374048286004e-01,6.837575529177667422e-01
1.178884946385311411e-01,-5.704155671507344927e-01,-4.066178271108614184e-01,-7.038397021052510416e-01
3.220472962743640144e-01,-5.977872225225607794e-01,-4.261295720082061145e-01,-5.977872225225607794e-01
3.220472962743635703e-01,-6.638016914779936162e-01,-4.313782925326439255e-01,-5.191970936792188462e-01
3.220472962743638479e-01,-7.216490685596422816e-01,-4.333059893478122815e-01,-4.333059893478125590e-01
3.220472962743638479e-01,-7.415405825546140806e-01,-4.586823791253297755e-01,-3.688001877261766204e-01
3.220472962743642364e-01,-7.585852723725018398e-01,-4.802587927387783062e-01,-3.003088668337988709e-01
3.220472962743644585e-01,-7.723522589422364693e-01,-4.975783676967039382e-01,-2.284147435466464815e-01
3.220472962743644585e-01,-7.824729622970181264e-01,-5.102517915383671943e-01,-1.538333886657508864e-01
3.220472962743642920e-01,-7.886644527055096665e-01,-5.179810363866688139e-01,-7.739228608125769959e-02
3.220472962743640144e-01,-7.907485652689587585e-01,-5.205787601194035163e-01,0.000000000000000000e+00
3.220472962743642920e-01,-7.886644527055096665e-01,-5.179810363866688139e-01,7.739228608125776898e-02
3.220472962743644030e-01,-7.824729622970179044e-01,-5.102517915383670832e-01,1.538333886657509419e-01
3.220472962743645140e-01,-7.723522589422363582e-01,-4.975783676967038827e-01,2.284147435466465648e-01
3.220472962743642364e-01,-7.585852723725018398e-01,-4.802587927387783062e-01,3.003088668337989819e-01
3.220472962743638479e-01,-7.415405825546140806e-01,-4.586823791253297755e-01,3.688001877261766204e-01
3.220472962743638479e-01,-7.216490685596422816e-01,-4.333059893478122815e-01,4.333059893478125590e-01
3.220472962743634038e-01,-6.638016914779935052e-01,-4.313782925326439255e-01,5.191970936792189573e-01
3.220472962743635703e-01,-5.977872225225606684e-01,-4.261295720082060035e-01,5.977872225225611125e-01
1.178884946385311411e-01,-5.704155671507344927e-01,-4.066178271108614184e-01,7.038397021052510416e-01
1.178884946385313354e-01,-5.896264292082267211e-01,-3.435954117741399916e-01,-7.213772728737550821e-01
3.220472962743642920e-01,-6.189482470032330319e-01,-3.606822341419404498e-01,-6.189482470032331429e-01
3.220472962743634038e-01,-6.844488372381049013e-01,-3.659057050878893325e-01,-5.421515868739232857e-01
3.220472962743638479e-01,-7.415405825546140806e-01,-3.688001877261766204e-01,-4.586823791253297755e-01
3.220472962743642364e-01,-7.904218362724906299e-01,-3.684554652234078298e-01,-3.684554652234081074e-01
3.220472962743642364e-01,-8.067709212128381102e-01,-3.930609738008455922e-01,-3.015116755989585839e-01
3.220472962743636258e-01,-8.201847692092424369e-01,-4.129931905767340594e-01,-2.302587845377534748e-01
3.220472962743642364e-01,-8.301672813603797607e-01,-4.276849026998856829e-01,-1.555424312645188600e-01
3.220472962743644585e-01,-8.363257303275686283e-01,-4.366905804909184674e-01,-7.839737664574901455e-02
3.220472962743642364e-01,-8.384075978761825754e-01,-4.397251855259842190e-01,0.000000000000000000e+00
3.220472962743644585e-01,-8.363257303275686283e-01,-4.366905804909184674e-01,7.839737664574909781e-02
3.220472962743642920e-01,-8.301672813603796497e-01,-4.276849026998856274e-01,1.555424312645189155e-01
3.220472962743634593e-01,-8.201847692092424369e-01,-4.129931905767340039e-01,2.302587845377535858e-01
3.220472962743646250e-01,-8.067709212128379992e-01,-3.930609738008453147e-01,3.015116755989586395e-01
3.220472962743642364e-01,-7.904218362724906299e-01,-3.684554652234078298e-01,3.684554652234081074e-01
3.220472962743642364e-01,-7.415405825546138585e-01,-3.688001877261765649e-01,4.586823791253297200e-01
3.220472962743634593e-01,-6.844488372381049013e-01,-3.659057050878893880e-01,5.421515868739233968e-01
3.220472962743638479e-01,-6.189482470032329209e-01,-3.606822341419405054e-01,6.189482470032334760e-01
1.178884946385313354e-01,-5.896264292082267211e-01,-3.435954117741399916e-01,7.213772728737550821e-01
1.178884946385313631e-01,-6.057372840774949418e-01,-2.780653970944720332e-01,-7.361143120799750195e-01
3.220472962743646250e-01,-6.367301195060942609e-01,-2.922927450175273334e-01,-6.367301195060944830e-01
3.220472962743635703e-01,-7.019348925532407080e-01,-2.970722010454401874e-01,-5.615345518707288708e-01
3.220472962743642364e-01,-7.585852723725018398e-01,-3.003088668337988709e-01,-4.802587927387783062e-01
3.220472962743642920e-01,-8.067709212128379992e-01,-3.015116755989585839e-01,-3.930609738008455367e-01
3.220472962743638479e-01,-8.466904644011848946e-01,-2.995002474577257989e-01,-2.995002474577259655e-01
3.220472962743645140e-01,-8.594894914364543670e-01,-3.232255235693540785e-01,-2.304096655654745418e-01
3.220472962743646250e-01,-8.692252156823376819e-01,-3.409372964918105375e-01,-1.565082210148095176e-01
3.220472962743646250e-01,-8.753236045562264867e-01,-3.518925962163831911e-01,-7.915634527414794341e-02
3.220472962743642364e-01,-8.774013518275476375e-01,-3.556014718382980444e-01,0.000000000000000000e+00
3.220472962743646250e-01,-8.753236045562264867e-01,-3.518925962163831911e-01,7.915634527414801280e-02
3.220472962743646250e-01,-8.692252156823376819e-01,-3.409372964918105375e-01,1.565082210148096287e-01
3.220472962743642920e-01,-8.594894914364543670e-01,-3.232255235693540785e-01,2.304096655654747361e-01
3.220472962743642364e-01,-8.466904644011846726e-01,-2.995002474577256879e-01,2.995002474577259655e-01
3.220472962743642920e-01,-8.067709212128379992e-01,-3.015116755989585839e-01,3.930609738008455367e-01
3.220472962743642364e-01,-7.585852723725018398e-01,-3.003088668337988709e-01,4.802587927387783062e-01
3.220472962743638479e-01,-7.019348925532407080e-01,-2.970722010454401318e-01,5.615345518707289818e-01
3.220472962743642364e-01,-6.367301195060942609e-01,-2.922927450175273334e-01,6.367301195060947050e-01
1.178884946385313631e-01,-6.057372840774949418e-01,-2.780653970944720332e-01,7.361143120799750195e-01
1.178884946385309190e-01,-6.185212984311005968e-01,-2.104489075098713580e-01,-7.478268272446958465e-01
3.220472962743631817e-01,-6.508625682586901551e-01,-2.214528695722324803e-01,-6.508625682586903771e-01
3.220472962743631817e-01,-7.159217448699595199e-01,-2.254101723154155190e-01,-5.770024682802145088e-01
3.220472962743644030e-01,-7.723522589422362472e-01,-2.284147435466464260e-01,-4.975783676967038271e-01
3.220472962743636258e-01,-8.201847692092424369e-01,-2.302587845377534748e-01,-4.129931905767340594e-01
3.220472962743645140e-01,-8.594894914364543670e-01,-2.304096655654745418e-01,-3.232255235693540785e-01
3.220472962743642920e-01,-8.904549529457247425e-01,-2.273494180076111315e-01,-2.273494180076112703e-01
3.220472962743644030e-01,-8.996890038989395766e-01,-2.498665851955323147e-01,-1.562431593012296727e-01
3.220472962743644585e-01,-9.056609263800687870e-01,-2.640571510193119864e-01,-7.960933605006324798e-02
3.220472962743644585e-01,-9.077298271230538340e-01,-2.689090922849628473e-01,0.000000000000000000e+00
3.220472962743644585e-01,-9.056609263800687870e-01,-2.640571510193119864e-01,7.960933605006331737e-02
3.220472962743644030e-01,-8.996890038989395766e-01,-2.498665851955323147e-01,1.562431593012297282e-01
3.220472962743642364e-01,-8.904549529457246315e-01,-2.273494180076111593e-01,2.273494180076114091e-01
3.220472962743646250e-01,-8.594894914364541449e-01,-2.304096655654745973e-01,3.232255235693541895e-01
3.220472962743636258e-01,-8.201847692092424369e-01,-2.302587845377534748e-01,4.129931905767340594e-01
3.220472962743644030e-01,-7.723522589422362472e-01,-2.284147435466464260e-01,4.975783676967038271e-01
3.220472962743631817e-01,-7.159217448699594089e-01,-2.254101723154155468e-01,5.770024682802147309e-01
3.220472962743634038e-01,-6.508625682586899330e-01,-2.214528695722324525e-01,6.508625682586903771e-01
1.178884946385309190e-01,-6.185212984311005968e-01,-2.104489075098713580e-01,7.478268272446958465e-01
1.178884946385315990e-01,-6.277923278398821472e-01,-1.412185047292029427e-01,-7.563308997120844479e-01
3.220472962743644585e-01,-6.611236750016492580e-01,-1.487162118499487928e-01,-6.611236750016493691e-01
3.220472962743642364e-01,-7.261272283618738221e-01,-1.515403089449972873e-01,-5.882689197626623789e-01
3.220472962743642364e-01,-7.824729622970181264e-01,-1.538333886657508864e-01,-5.102517915383671943e-01
3.220472962743642920e-01,-8.301672813603796497e-01,-1.555424312645188600e-01,-4.276849026998856274e-01
3.220472962743646250e-01,-8.692252156823376819e-01,-1.565082210148095176e-01,-3.409372964918105375e-01
3.220472962743644030e-01,-8.996890038989395766e-01,-1.562431593012296727e-01,-2.498665851955323147e-01
3.220472962743644585e-01,-9.217153019061102848e-01,-1.528503208935127478e-01,-1.528503208935128865e-01
3.220472962743645140e-01,-9.273489897263986759e-01,-1.731752886211255504e-01,-7.949660135370249792e-02
3.220472962743644585e-01,-9.293930237627010538e-01,-1.803167944025047542e-01,0.000000000000000000e+00
3.220472962743645140e-01,-9.273489897263986759e-01,-1.731752886211255504e-01,7.949660135370259506e-02
3.220472962743644585e-01,-9.217153019061102848e-01,-1.528503208935127755e-01,1.528503208935129420e-01
3.220472962743644030e-01,-8.996890038989395766e-01,-1.562431593012296727e-01,2.498665851955323702e-01
3.220472962743646250e-01,-8.692252156823376819e-01,-1.565082210148094899e-01,3.409372964918105930e-01
3.220472962743642920e-01,-8.301672813603796497e-01,-1.555424312645188600e-01,4.276849026998856274e-01
3.220472962743642364e-01,-7.824729622970181264e-01,-1.538333886657508864e-01,5.102517915383671943e-01
3.220472962743642920e-01,-7.261272283618738221e-01,-1.515403089449973151e-01,5.882689197626626010e-01
3.220472962743645140e-01,-6.611236750016492580e-01,-1.487162118499487928e-01,6.611236750016495911e-01
1.178884946385315990e-01,-6.277923278398821472e-01,-1.412185047292029427e-01,7.563308997120844479e-01
1.178884946385298227e-01,-6.334119232291045565e-01,-7.088798975283366888e-02,-7.614896790186133080e-01
3.220472962743629597e-01,-6.673483144706395809e-01,-7.468596460356592692e-02,-6.673483144706399139e-01
3.220472962743631817e-01,-7.323387854337102265e-01,-7.615553146823081376e-02,-5.951182885264426625e-01
3.220472962743642364e-01,-7.886644527055096665e-01,-7.739228608125769959e-02,-5.179810363866688139e-01
3.220472962743644585e-01,-8.363257303275686283e-01,-7.839737664574901455e-02,-4.366905804909184674e-01
3.220472962743646250e-01,-8.753236045562264867e-01,-7.915634527414794341e-02,-3.518925962163831911e-01
3.220472962743644585e-01,-9.056609263800687870e-01,-7.960933605006324798e-02,-2.640571510193119864e-01
3.220472962743645140e-01,-9.273489897263986759e-01,-7.949660135370249792e-02,-1.731752886211255504e-01
3.220472962743644585e-01,-9.404715112823418544e-01,-7.680779722358890838e-02,-7.680779722358896389e-02
3.220472962743646805e-01,-9.423909417464894078e-01,-9.047017119767460092e-02,0.000000000000000000e+00
3.220472962743642364e-01,-9.404715112823418544e-01,-7.680779722358893613e-02,7.680779722358904715e-02
3.220472962743646250e-01,-9.273489897263984538e-01,-7.949660135370252567e-02,1.731752886211256615e-01
3.220472962743644585e-01,-9.056609263800685650e-01,-7.960933605006323410e-02,2.640571510193120419e-01
3.220472962743644030e-01,-8.753236045562263756e-01,-7.915634527414791566e-02,3.518925962163832466e-01
3.220472962743644585e-01,-8.363257303275686283e-01,-7.839737664574901455e-02,4.366905804909184674e-01
3.220472962743642364e-01,-7.886644527055096665e-01,-7.739228608125769959e-02,5.179810363866688139e-01
3.220472962743634038e-01,-7.323387854337100045e-01,-7.615553146823078601e-02,5.951182885264425515e-01
3.220472962743625711e-01,-6.673483144706395809e-01,-7.468596460356592692e-02,6.673483144706401360e-01
1.178884946385298227e-01,-6.334119232291045565e-01,-7.088798975283366888e-02,7.614896790186133080e-01
1.178884946385309329e-01,-6.352947346485157132e-01,0.000000000000000000e+00,-7.632187779134717021e-01
3.220472962743636258e-01,-6.694346640869339726e-01,0.000000000000000000e+00,-6.694346640869341947e-01
3.220472962743640144e-01,-7.344242540058758539e-01,0.000000000000000000e+00,-5.974165666352790893e-01
3.220472962743640144e-01,-7.907485652689587585e-01,0.000000000000000000e+00,-5.205787601194035163e-01
3.220472962743642364e-01,-8.384075978761825754e-01,0.000000000000000000e+00,-4.397251855259842190e-01
3.220472962743642364e-01,-8.774013518275476375e-01,0.000000000000000000e+00,-3.556014718382980444e-01
3.220472962743644585e-01,-9.077298271230538340e-01,0.000000000000000000e+00,-2.689090922849628473e-01
3.220472962743644585e-01,-9.293930237627010538e-01,0.000000000000000000e+00,-1.803167944025047542e-01
3.220472962743646805e-01,-9.423909417464894078e-01,0.000000000000000000e+00,-9.047017119767460092e-02
3.220472962743644585e-01,-9.467235810744188962e-01,0.000000000000000000e+00,8.022749210214832856e-16
3.220472962743646250e-01,-9.423909417464892968e-01,0.000000000000000000e+00,9.047017119767467030e-02
3.220472962743642920e-01,-9.293930237627011648e-01,0.000000000000000000e+00,1.803167944025048097e-01
3.220472962743644585e-01,-9.077298271230538340e-01,0.000000000000000000e+00,2.689090922849631249e-01
3.220472962743642364e-01,-8.774013518275475265e-01,0.000000000000000000e+00,3.556014718382982109e-01
3.220472962743642364e-01,-8.384075978761825754e-01,0.000000000000000000e+00,4.397251855259842190e-01
3.220472962743642364e-01,-7.907485652689586475e-01,0.000000000000000000e+00,5.205787601194036274e-01
3.220472962743638479e-01,-7.344242540058757429e-01,0.000000000000000000e+00,5.974165666352794224e-01
3.220472962743634593e-01,-6.694346640869338616e-01,0.000000000000000000e+00,6.694346640869343057e-01
1.178884946385309329e-01,-6.352947346485157132e-01,0.000000000000000000e+00,7.632187779134717021e-01
1.178884946385298227e-01,-6.334119232291045565e-01,7.088798975283373827e-02,-7.614896790186133080e-01
3.220472962743629597e-01,-6.673483144706395809e-01,7.468596460356601019e-02,-6.673483144706399139e-01
3.220472962743644585e-01,-7.323387854337098934e-01,7.615553146823088315e-02,-5.951182885264422184e-01
3.220472962743642364e-01,-7.886644527055096665e-01,7.739228608125778286e-02,-5.179810363866688139e-01
3.220472962743644585e-01,-8.363257303275686283e-01,7.839737664574909781e-02,-4.366905804909184674e-01
3.220472962743646250e-01,-8.753236045562264867e-01,7.915634527414801280e-02,-3.518925962163831911e-01
3.220472962743644585e-01,-9.056609263800687870e-01,7.960933605006331737e-02,-2.640571510193119864e-01
3.220472962743645140e-01,-9.273489897263986759e-01,7.949660135370259506e-02,-1.731752886211255504e-01
3.220472962743642364e-01,-9.404715112823418544e-01,7.680779722358904715e-02,-7.680779722358893613e-02
3.220472962743646250e-01,-9.423909417464892968e-01,9.047017119767467030e-02,0.000000000000000000e+00
3.220472962743642920e-01,-9.404715112823417433e-01,7.680779722358900552e-02,7.680779722358904715e-02
3.220472962743646250e-01,-9.273489897263984538e-01,7.949660135370258118e-02,1.731752886211256615e-01
3.220472962743644585e-01,-9.056609263800685650e-01,7.960933605006330349e-02,2.640571510193120419e-01
3.220472962743644030e-01,-8.753236045562263756e-01,7.915634527414798505e-02,3.518925962163832466e-01
3.220472962743644585e-01,-8.363257303275686283e-01,7.839737664574909781e-02,4.366905804909184674e-01
3.220472962743642364e-01,-7.886644527055096665e-01,7.739228608125778286e-02,5.179810363866688139e-01
3.220472962743645140e-01,-7.323387854337097824e-01,7.615553146823088315e-02,5.951182885264424405e-01
3.220472962743625711e-01,-6.673483144706395809e-01,7.468596460356601019e-02,6.673483144706401360e-01
1.178884946385298227e-01,-6.334119232291045565e-01,7.088798975283373827e-02,7.614896790186133080e-01
1.178884946385315990e-01,-6.277923278398821472e-01,1.412185047292030260e-01,-7.563308997120844479e-01
3.220472962743644585e-01,-6.611236750016492580e-01,1.487162118499489316e-01,-6.611236750016493691e-01
3.220472962743642364e-01,-7.261272283618738221e-01,1.515403089449973428e-01,-5.882689197626623789e-01
3.220472962743642364e-01,-7.824729622970181264e-01,1.538333886657509697e-01,-5.102517915383671943e-01
3.220472962743642920e-01,-8.301672813603796497e-01,1.555424312645189155e-01,-4.276849026998856274e-01
3.220472962743646250e-01,-8.692252156823376819e-01,1.565082210148096287e-01,-3.409372964918105375e-01
3.220472962743644030e-01,-8.996890038989395766e-01,1.562431593012297282e-01,-2.498665851955323147e-01
3.220472962743644585e-01,-9.217153019061102848e-01,1.528503208935129420e-01,-1.528503208935127755e-01
3.220472962743646250e-01,-9.273489897263984538e-01,1.731752886211256615e-01,-7.949660135370252567e-02
3.220472962743642920e-01,-9.293930237627011648e-01,1.803167944025048097e-01,0.000000000000000000e+00
3.220472962743646250e-01,-9.273489897263984538e-01,1.731752886211256615e-01,7.949660135370258118e-02
3.220472962743644585e-01,-9.217153019061102848e-01,1.528503208935128310e-01,1.528503208935129420e-01
3.220472962743644030e-01,-8.996890038989395766e-01,1.562431593012297282e-01,2.498665851955323702e-01
3.220472962743646250e-01,-8.692252156823376819e-01,1.565082210148095732e-01,3.409372964918105930e-01
3.220472962743642920e-01,-8.301672813603796497e-01,1.555424312645189155e-01,4.276849026998856274e-01
3.220472962743642364e-01,-7.824729622970181264e-01,1.538333886657509697e-01,5.102517915383671943e-01
3.220472962743642364e-01,-7.261272283618737111e-01,1.515403089449973428e-01,5.882689197626624900e-01
3.220472962743644585e-01,-6.611236750016491470e-01,1.487162118499488761e-01,6.611236750016494801e-01
1.178884946385315990e-01,-6.277923278398821472e-01,1.412185047292030260e-01,7.563308997120844479e-01
1.178884946385307247e-01,-6.185212984311005968e-01,2.104489075098715245e-01,-7.478268272446958465e-01
3.220472962743631817e-01,-6.508625682586901551e-01,2.214528695722326468e-01,-6.508625682586903771e-01
3.220472962743631817e-01,-7.159217448699595199e-01,2.254101723154156578e-01,-5.770024682802145088e-01
3.220472962743644030e-01,-7.723522589422362472e-01,2.284147435466465370e-01,-4.975783676967038271e-01
3.220472962743635703e-01,-8.201847692092423259e-01,2.302587845377535858e-01,-4.129931905767340039e-01
3.220472962743642920e-01,-8.594894914364543670e-01,2.304096655654747361e-01,-3.232255235693540785e-01
3.220472962743642364e-01,-8.904549529457246315e-01,2.273494180076114091e-01,-2.273494180076111593e-01
3.220472962743644030e-01,-8.996890038989395766e-01,2.498665851955323702e-01,-1.562431593012296727e-01
3.220472962743644585e-01,-9.056609263800685650e-01,2.640571510193120419e-01,-7.960933605006323410e-02
3.220472962743644585e-01,-9.077298271230538340e-01,2.689090922849631249e-01,0.000000000000000000e+00
3.220472962743644585e-01,-9.056609263800685650e-01,2.640571510193120419e-01,7.960933605006330349e-02
3.220472962743644030e-01,-8.996890038989395766e-01,2.498665851955323702e-01,1.562431593012297282e-01
3.220472962743642364e-01,-8.904549529457246315e-01,2.273494180076112980e-01,2.273494180076114091e-01
3.220472962743646250e-01,-8.594894914364541449e-01,2.304096655654746806e-01,3.232255235693541895e-01
3.220472962743635703e-01,-8.201847692092423259e-01,2.302587845377535858e-01,4.129931905767340039e-01
3.220472962743644030e-01,-7.723522589422362472e-01,2.284147435466465370e-01,4.975783676967038271e-01
3.220472962743631817e-01,-7.159217448699594089e-01,2.254101723154156856e-01,5.770024682802147309e-01
3.220472962743634038e-01,-6.508625682586899330e-01,2.214528695722325635e-01,6.508625682586903771e-01
1.178884946385307247e-01,-6.185212984311005968e-01,2.104489075098715245e-01,7.478268272446958465e-01
1.178884946385313631e-01,-6.057372840774949418e-01,2.780653970944721998e-01,-7.361143120799750195e-01
3.220472962743644585e-01,-6.367301195060942609e-01,2.922927450175274999e-01,-6.367301195060944830e-01
3.220472962743634593e-01,-7.019348925532407080e-01,2.970722010454403539e-01,-5.615345518707289818e-01
3.220472962743642364e-01,-7.585852723725018398e-01,3.003088668337989819e-01,-4.802587927387783062e-01
3.220472962743644585e-01,-8.067709212128381102e-01,3.015116755989586950e-01,-3.930609738008453702e-01
3.220472962743642364e-01,-8.466904644011846726e-01,2.995002474577259655e-01,-2.995002474577256879e-01
3.220472962743646250e-01,-8.594894914364541449e-01,3.232255235693541895e-01,-2.304096655654745973e-01
3.220472962743646250e-01,-8.692252156823376819e-01,3.409372964918105930e-01,-1.565082210148094899e-01
3.220472962743644030e-01,-8.753236045562263756e-01,3.518925962163832466e-01,-7.915634527414791566e-02
3.220472962743642364e-01,-8.774013518275475265e-01,3.556014718382982109e-01,0.000000000000000000e+00
3.220472962743644030e-01,-8.753236045562263756e-01,3.518925962163832466e-01,7.915634527414798505e-02
3.220472962743646250e-01,-8.692252156823376819e-01,3.409372964918105930e-01,1.565082210148095732e-01
3.220472962743646250e-01,-8.594894914364541449e-01,3.232255235693541895e-01,2.304096655654746806e-01
3.220472962743640144e-01,-8.466904644011846726e-01,2.995002474577258544e-01,2.995002474577260210e-01
3.220472962743644585e-01,-8.067709212128381102e-01,3.015116755989586950e-01,3.930609738008453702e-01
3.220472962743642364e-01,-7.585852723725018398e-01,3.003088668337989819e-01,4.802587927387783062e-01
3.220472962743637924e-01,-7.019348925532405969e-01,2.970722010454402984e-01,5.615345518707288708e-01
3.220472962743642920e-01,-6.367301195060942609e-01,2.922927450175274999e-01,6.367301195060947050e-01
1.178884946385313631e-01,-6.057372840774949418e-01,2.780653970944721998e-01,7.361143120799750195e-01
1.178884946385313354e-01,-5.896264292082267211e-01,3.435954117741399916e-01,-7.213772728737550821e-01
3.220472962743642920e-01,-6.189482470032330319e-01,3.606822341419404498e-01,-6.189482470032331429e-01
3.220472962743634038e-01,-6.844488372381049013e-01,3.659057050878893325e-01,-5.421515868739232857e-01
3.220472962743638479e-01,-7.415405825546140806e-01,3.688001877261766204e-01,-4.586823791253297755e-01
3.220472962743642364e-01,-7.904218362724906299e-01,3.684554652234078298e-01,-3.684554652234081074e-01
3.220472962743642364e-01,-8.067709212128381102e-01,3.930609738008455922e-01,-3.015116755989585839e-01
3.220472962743636258e-01,-8.201847692092424369e-01,4.129931905767340594e-01,-2.302587845377534748e-01
3.220472962743642364e-01,-8.301672813603797607e-01,4.276849026998856829e-01,-1.555424312645188600e-01
3.220472962743644585e-01,-8.363257303275686283e-01,4.366905804909184674e-01,-7.839737664574901455e-02
3.220472962743642364e-01,-8.384075978761825754e-01,4.397251855259842190e-01,0.000000000000000000e+00
3.220472962743644585e-01,-8.363257303275686283e-01,4.366905804909184674e-01,7.839737664574909781e-02
3.220472962743642920e-01,-8.301672813603796497e-01,4.276849026998856274e-01,1.555424312645189155e-01
3.220472962743634593e-01,-8.201847692092424369e-01,4.129931905767340039e-01,2.302587845377535858e-01
3.220472962743646250e-01,-8.067709212128379992e-01,3.930609738008453147e-01,3.015116755989586395e-01
3.220472962743642364e-01,-7.904218362724906299e-01,3.684554652234078298e-01,3.684554652234081074e-01
3.220472962743642364e-01,-7.415405825546138585e-01,3.688001877261765649e-01,4.586823791253297200e-01
3.220472962743634593e-01,-6.844488372381049013e-01,3.659057050878893880e-01,5.421515868739233968e-01
3.220472962743638479e-01,-6.189482470032329209e-01,3.606822341419405054e-01,6.189482470032334760e-01
1.178884946385313354e-01,-5.896264292082267211e-01,3.435954117741399916e-01,7.213772728737550821e-01
1.178884946385311411e-01,-5.704155671507344927e-01,4.066178271108615294e-01,-7.038397021052510416e-01
3.220472962743640144e-01,-5.977872225225607794e-01,4.261295720082061145e-01,-5.977872225225607794e-01
3.220472962743634038e-01,-6.638016914779936162e-01,4.313782925326440365e-01,-5.191970936792188462e-01
3.220472962743638479e-01,-7.216490685596422816e-01,4.333059893478125590e-01,-4.333059893478122815e-01
3.220472962743642364e-01,-7.415405825546138585e-01,4.586823791253297200e-01,-3.688001877261765649e-01
3.220472962743642364e-01,-7.585852723725018398e-01,4.802587927387783062e-01,-3.003088668337988709e-01
3.220472962743644585e-01,-7.723522589422364693e-01,4.975783676967039382e-01,-2.284147435466464815e-01
3.220472962743644585e-01,-7.824729622970181264e-01,5.102517915383671943e-01,-1.538333886657508864e-01
3.220472962743642920e-01,-7.886644527055096665e-01,5.179810363866688139e-01,-7.739228608125769959e-02
3.220472962743642364e-01,-7.907485652689586475e-01,5.205787601194036274e-01,0.000000000000000000e+00
3.220472962743642920e-01,-7.886644527055096665e-01,5.179810363866688139e-01,7.739228608125776898e-02
3.220472962743644030e-01,-7.824729622970179044e-01,5.102517915383670832e-01,1.538333886657509419e-01
3.220472962743645140e-01,-7.723522589422363582e-01,4.975783676967038827e-01,2.284147435466465648e-01
3.220472962743642364e-01,-7.585852723725018398e-01,4.802587927387783062e-01,3.003088668337989819e-01
3.220472962743642364e-01,-7.415405825546138585e-01,4.586823791253297200e-01,3.688001877261765649e-01
3.220472962743637924e-01,-7.216490685596421706e-01,4.333059893478123370e-01,4.333059893478125035e-01
3.220472962743634038e-01,-6.638016914779935052e-01,4.313782925326440365e-01,5.191970936792189573e-01
3.220472962743634593e-01,-5.977872225225606684e-01,4.261295720082061145e-01,5.977872225225611125e-01
1.178884946385311411e-01,-5.704155671507344927e-01,4.066178271108615294e-01,7.038397021052510416e-01
1.178884946385313631e-01,-5.483640917042031937e-01,4.667705374048287115e-01,-6.837575529177667422e-01
3.220472962743642364e-01,-5.735558819229802374e-01,4.882139280945151372e-01,-5.735558819229804595e-01
3.220472962743636258e-01,-6.403721612626395165e-01,4.930563020802943841e-01,-4.930563020802938845e-01
3.220472962743635703e-01,-6.638016914779936162e-01,5.191970936792189573e-01,-4.313782925326439255e-01
3.220472962743634038e-01,-6.844488372381047903e-01,5.421515868739232857e-01,-3.659057050878893325e-01
3.220472962743638479e-01,-7.019348925532407080e-01,5.615345518707289818e-01,-2.970722010454401318e-01
3.220472962743631817e-01,-7.159217448699594089e-01,5.770024682802147309e-01,-2.254101723154155468e-01
3.220472962743642364e-01,-7.261272283618738221e-01,5.882689197626626010e-01,-1.515403089449972873e-01
3.220472962743634593e-01,-7.323387854337101155e-01,5.951182885264426625e-01,-7.615553146823079989e-02
3.220472962743638479e-01,-7.344242540058757429e-01,5.974165666352794224e-01,0.000000000000000000e+00
3.220472962743645140e-01,-7.323387854337097824e-01,5.951182885264424405e-01,7.615553146823088315e-02
3.220472962743642364e-01,-7.261272283618737111e-01,5.882689197626624900e-01,1.515403089449973428e-01
3.220472962743631262e-01,-7.159217448699592978e-01,5.770024682802146199e-01,2.254101723154156300e-01
3.220472962743636258e-01,-7.019348925532407080e-01,5.615345518707289818e-01,2.970722010454403539e-01
3.220472962743634038e-01,-6.844488372381047903e-01,5.421515868739232857e-01,3.659057050878893325e-01
3.220472962743634038e-01,-6.638016914779935052e-01,5.191970936792189573e-01,4.313782925326440365e-01
3.220472962743634038e-01,-6.403721612626394055e-01,4.930563020802939955e-01,4.930563020802943286e-01
3.220472962743642364e-01,-5.735558819229801264e-01,4.882139280945150261e-01,5.735558819229805705e-01
1.178884946385313631e-01,-5.483640917042031937e-01,4.667705374048287115e-01,6.837575529177667422e-01
1.178884946385307247e-01,-5.237552279045120107e-01,5.237552279045123438e-01,-6.614100281347768950e-01
3.220472962743631817e-01,-5.465911143814821127e-01,5.465911143814828899e-01,-5.465911143814824458e-01
3.220472962743642364e-01,-5.735558819229802374e-01,5.735558819229805705e-01,-4.882139280945149151e-01
3.220472962743634593e-01,-5.977872225225606684e-01,5.977872225225611125e-01,-4.261295720082060590e-01
3.220472962743640144e-01,-6.189482470032330319e-01,6.189482470032333650e-01,-3.606822341419404498e-01
3.220472962743642364e-01,-6.367301195060942609e-01,6.367301195060947050e-01,-2.922927450175273334e-01
3.220472962743634593e-01,-6.508625682586900441e-01,6.508625682586904881e-01,-2.214528695722324803e-01
3.220472962743645140e-01,-6.611236750016492580e-01,6.611236750016495911e-01,-1.487162118499487928e-01
3.220472962743625711e-01,-6.673483144706395809e-01,6.673483144706401360e-01,-7.468596460356592692e-02
3.220472962743634593e-01,-6.694346640869338616e-01,6.694346640869343057e-01,0.000000000000000000e+00
3.220472962743625711e-01,-6.673483144706395809e-01,6.673483144706401360e-01,7.468596460356601019e-02
3.220472962743644585e-01,-6.611236750016491470e-01,6.611236750016494801e-01,1.487162118499488761e-01
3.220472962743634038e-01,-6.508625682586899330e-01,6.508625682586903771e-01,2.214528695722325635e-01
3.220472962743642920e-01,-6.367301195060942609e-01,6.367301195060947050e-01,2.922927450175274999e-01
3.220472962743640144e-01,-6.189482470032330319e-01,6.189482470032333650e-01,3.606822341419404498e-01
3.220472962743634593e-01,-5.977872225225606684e-01,5.977872225225611125e-01,4.261295720082061145e-01
3.220472962743642920e-01,-5.735558819229802374e-01,5.735558819229806815e-01,4.882139280945150817e-01
3.220472962743632372e-01,-5.465911143814822237e-01,5.465911143814825568e-01,5.465911143814828899e-01
1.178884946385307247e-01,-5.237552279045120107e-01,5.237552279045123438e-01,6.614100281347768950e-01
1.178884946385315852e-01,-5.190933839823927975e-01,5.986001844042351250e-01,-5.986001844042353470e-01
1.178884946385307247e-01,-5.237552279045118997e-01,6.614100281347770061e-01,-5.237552279045122328e-01
1.178884946385315852e-01,-5.483640917042031937e-01,6.837575529177667422e-01,-4.667705374048286004e-01
1.178884946385311411e-01,-5.704155671507344927e-01,7.038397021052510416e-01,-4.066178271108614184e-01
1.178884946385313631e-01,-5.896264292082268321e-01,7.213772728737551931e-01,-3.435954117741400471e-01
1.178884946385315852e-01,-6.057372840774949418e-01,7.361143120799750195e-01,-2.780653970944720332e-01
1.178884946385309190e-01,-6.185212984311005968e-01,7.478268272446958465e-01,-2.104489075098713580e-01
1.178884946385315990e-01,-6.277923278398821472e-01,7.563308997120844479e-01,-1.412185047292029427e-01
1.178884946385298227e-01,-6.334119232291045565e-01,7.614896790186133080e-01,-7.088798975283366888e-02
1.178884946385309329e-01,-6.352947346485157132e-01,7.632187779134717021e-01,0.000000000000000000e+00
1.178884946385297949e-01,-6.334119232291044455e-01,7.614896790186130859e-01,7.088798975283372439e-02
1.178884946385315990e-01,-6.277923278398821472e-01,7.563308997120844479e-01,1.412185047292030260e-01
1.178884946385307247e-01,-6.185212984311005968e-01,7.478268272446958465e-01,2.104489075098715245e-01
1.178884946385315852e-01,-6.057372840774949418e-01,7.361143120799750195e-01,2.780653970944721998e-01
1.178884946385313631e-01,-5.896264292082268321e-01,7.213772728737551931e-01,3.435954117741400471e-01
1.178884946385311411e-01,-5.704155671507344927e-01,7.038397021052510416e-01,4.066178271108615294e-01
1.178884946385315852e-01,-5.483640917042031937e-01,6.837575529177667422e-01,4.667705374048287115e-01
1.178884946385307247e-01,-5.237552279045120107e-01,6.614100281347768950e-01,5.237552279045123438e-01
1.178884946385315852e-01,-5.190933839823927975e-01,5.986001844042351250e-01,5.986001844042353470e-01
1.178884946385313631e-01,-4.617612591578844072e-01,-6.216425188051352135e-01,-6.216425188051354356e-01
1.178884946385313770e-01,-4.667705374048286560e-01,-6.837575529177668532e-01,-5.483640917042033047e-01
1.178884946385309190e-01,-4.689270347136203498e-01,-7.391327181645005462e-01,-4.689270347136206274e-01
1.178884946385307247e-01,-4.929234673809892997e-01,-7.585503529108652554e-01,-4.095486787132461837e-01
1.178884946385307109e-01,-5.139405611321250511e-01,-7.756620376625318336e-01,-3.468656883928800672e-01
1.178884946385311411e-01,-5.316492331778936986e-01,-7.901539131778816394e-01,-2.812617805228774248e-01
1.178884946385309190e-01,-5.457565442471494777e-01,-8.017457627387152286e-01,-2.132037269228333198e-01
1.178884946385311411e-01,-5.560185784967227596e-01,-8.102037364596815783e-01,-1.432324984949842894e-01
1.178884946385307109e-01,-5.622518917456352794e-01,-8.153516734997536819e-01,-7.194971564548797993e-02
1.178884946385311550e-01,-5.643425444246905620e-01,-8.170800422138135843e-01,0.000000000000000000e+00
1.178884946385313909e-01,-5.622518917456349463e-01,-8.153516734997539039e-01,7.194971564548807708e-02
1.178884946385311411e-01,-5.560185784967227596e-01,-8.102037364596815783e-01,1.432324984949843727e-01
1.178884946385309190e-01,-5.457565442471494777e-01,-8.017457627387152286e-01,2.132037269228334586e-01
1.178884946385309190e-01,-5.316492331778936986e-01,-7.901539131778816394e-01,2.812617805228776469e-01
1.178884946385307109e-01,-5.139405611321250511e-01,-7.756620376625318336e-01,3.468656883928800672e-01
1.178884946385307247e-01,-4.929234673809892997e-01,-7.585503529108652554e-01,4.095486787132462947e-01
1.178884946385309329e-01,-4.689270347136204053e-01,-7.391327181645005462e-01,4.689270347136208494e-01
1.178884946385313631e-01,-4.667705374048286004e-01,-6.837575529177667422e-01,5.483640917042033047e-01
1.178884946385313631e-01,-4.617612591578844072e-01,-6.216425188051352135e-01,6.216425188051354356e-01
1.178884946385315852e-01,-4.667705374048286004e-01,-5.483640917042031937e-01,-6.837575529177667422e-01
3.220472962743642364e-01,-4.882139280945150261e-01,-5.735558819229803484e-01,-5.735558819229805705e-01
3.220472962743634593e-01,-4.930563020802938290e-01,-6.403721612626397386e-01,-4.930563020802941621e-01
3.220472962743635703e-01,-5.191970936792188462e-01,-6.638016914779936162e-01,-4.313782925326439255e-01
3.220472962743634038e-01,-5.421515868739232857e-01,-6.844488372381049013e-01,-3.659057050878893325e-01
3.220472962743637924e-01,-5.615345518707288708e-01,-7.019348925532407080e-01,-2.970722010454401874e-01
3.220472962743634038e-01,-5.770024682802143978e-01,-7.159217448699594089e-01,-2.254101723154154913e-01
3.220472962743642364e-01,-5.882689197626623789e-01,-7.261272283618738221e-01,-1.515403089449972873e-01
3.220472962743631817e-01,-5.951182885264425515e-01,-7.323387854337101155e-01,-7.615553146823079989e-02
3.220472962743640144e-01,-5.974165666352790893e-01,-7.344242540058758539e-01,0.000000000000000000e+00
3.220472962743644585e-01,-5.951182885264422184e-01,-7.323387854337098934e-01,7.615553146823088315e-02
3.220472962743642364e-01,-5.882689197626623789e-01,-7.261272283618738221e-01,1.515403089449973428e-01
3.220472962743634038e-01,-5.770024682802143978e-01,-7.159217448699594089e-01,2.254101723154156300e-01
3.220472962743635703e-01,-5.615345518707288708e-01,-7.019348925532407080e-01,2.970722010454402984e-01
3.220472962743634038e-01,-5.421515868739232857e-01,-6.844488372381049013e-01,3.659057050878893325e-01
3.220472962743634038e-01,-5.191970936792188462e-01,-6.638016914779936162e-01,4.313782925326440365e-01
3.220472962743636258e-01,-4.930563020802938845e-01,-6.403721612626395165e-01,4.930563020802943841e-01
3.220472962743642364e-01,-4.882139280945149151e-01,-5.735558819229802374e-01,5.735558819229805705e-01
1.178884946385315852e-01,-4.667705374048286004e-01,-5.483640917042031937e-01,6.837575529177667422e-01
1.178884946385309190e-01,-4.689270347136203498e-01,-4.689270347136206274e-01,-7.391327181645005462e-01
3.220472962743634038e-01,-4.930563020802937735e-01,-4.930563020802941065e-01,-6.403721612626396276e-01
4.918142695970235123e-01,-5.026989570378230798e-01,-5.026989570378234129e-01,-5.026989570378237460e-01
4.918142695970232903e-01,-5.308434151636122200e-01,-5.308434151636126641e-01,-4.410547147187201533e-01
4.918142695970233458e-01,-5.556455654381277087e-01,-5.556455654381279308e-01,-3.750129803601912060e-01
4.918142695970235123e-01,-5.766504915752961313e-01,-5.766504915752962424e-01,-3.050690829184182773e-01
4.918142695970233458e-01,-5.934520396951774579e-01,-5.934520396951777910e-01,-2.318363159300400600e-01
4.918142695970236788e-01,-6.057112612908110982e-01,-6.057112612908113203e-01,-1.560335223973860208e-01
4.918142695970231237e-01,-6.131728239554212756e-01,-6.131728239554216087e-01,-7.846591709662471825e-02
4.918142695970235123e-01,-6.156779694859748631e-01,-6.156779694859750851e-01,0.000000000000000000e+00
4.918142695970240674e-01,-6.131728239554208315e-01,-6.131728239554210536e-01,7.846591709662480152e-02
4.918142695970235123e-01,-6.057112612908110982e-01,-6.057112612908113203e-01,1.560335223973861318e-01
4.918142695970232903e-01,-5.934520396951773469e-01,-5.934520396951776799e-01,2.318363159300402265e-01
4.918142695970235123e-01,-5.766504915752961313e-01,-5.766504915752962424e-01,3.050690829184184438e-01
4.918142695970233458e-01,-5.556455654381277087e-01,-5.556455654381279308e-01,3.750129803601912060e-01
4.918142695970231237e-01,-5.308434151636123310e-01,-5.308434151636126641e-01,4.410547147187202643e-01
4.918142695970231237e-01,-5.026989570378231909e-01,-5.026989570378235239e-01,5.026989570378238570e-01
3.220472962743634038e-01,-4.930563020802936625e-01,-4.930563020802941065e-01,6.403721612626398496e-01
1.178884946385309190e-01,-4.689270347136203498e-01,-4.689270347136206274e-01,7.391327181645005462e-01
1.178884946385307247e-01,-4.929234673809892997e-01,-4.095486787132461837e-01,-7.585503529108652554e-01
3.220472962743634593e-01,-5.191970936792189573e-01,-4.313782925326439810e-01,-6.638016914779937272e-01
4.918142695970233458e-01,-5.308434151636123310e-01,-4.410547147187202088e-01,-5.308434151636127751e-01
4.918142695970235123e-01,-6.003319224873424620e-01,-4.459373874566908147e-01,-4.459373874566910922e-01
4.918142695970235123e-01,-6.242263786520311220e-01,-4.730602240010168269e-01,-3.803605879738660156e-01
4.918142695970235123e-01,-6.447011194785559063e-01,-4.961948791855545493e-01,-3.102738026870397459e-01
4.918142695970236788e-01,-6.612385563570929436e-01,-5.148127811934086751e-01,-2.363262493406970421e-01
4.918142695970239009e-01,-6.733959367720666611e-01,-5.284624979483096840e-01,-1.593236480308234393e-01
4.918142695970236788e-01,-6.808333945843374480e-01,-5.367978887015389944e-01,-8.020373884728930480e-02
4.918142695970237344e-01,-6.833369112247597021e-01,-5.396011397120571429e-01,0.000000000000000000e+00
4.918142695970236788e-01,-6.808333945843374480e-01,-5.367978887015389944e-01,8.020373884728937419e-02
4.918142695970238454e-01,-6.733959367720665501e-01,-5.284624979483095730e-01,1.593236480308234948e-01
4.918142695970237344e-01,-6.612385563570929436e-01,-5.148127811934086751e-01,2.363262493406971809e-01
4.918142695970235678e-01,-6.447011194785559063e-01,-4.961948791855544938e-01,3.102738026870399124e-01
4.918142695970235123e-01,-6.242263786520311220e-01,-4.730602240010168269e-01,3.803605879738660156e-01
4.918142695970236788e-01,-6.003319224873423510e-01,-4.459373874566908147e-01,4.459373874566910367e-01
4.918142695970227352e-01,-5.308434151636124421e-01,-4.410547147187203199e-01,5.308434151636128862e-01
3.220472962743635703e-01,-5.191970936792187352e-01,-4.313782925326438700e-01,6.638016914779937272e-01
1.178884946385307247e-01,-4.929234673809892997e-01,-4.095486787132461837e-01,7.585503529108652554e-01
1.178884946385307109e-01,-5.139405611321250511e-01,-3.468656883928800672e-01,-7.756620376625318336e-01
3.220472962743634038e-01,-5.421515868739232857e-01,-3.659057050878893325e-01,-6.844488372381049013e-01
4.918142695970233458e-01,-5.556455654381277087e-01,-3.750129803601912060e-01,-5.556455654381279308e-01
4.918142695970235123e-01,-6.242263786520311220e-01,-3.803605879738660156e-01,-4.730602240010168269e-01
4.918142695970236788e-01,-6.829444317138582132e-01,-3.819068128560822450e-01,-3.819068128560824671e-01
4.918142695970238454e-01,-7.025835850502333280e-01,-4.080617626271381693e-01,-3.130185747209591196e-01
4.918142695970235123e-01,-7.186968182124200410e-01,-4.293057673590240375e-01,-2.393536417612431300e-01
4.918142695970236788e-01,-7.306881980072973404e-01,-4.449964314666636778e-01,-1.618383684282859447e-01
4.918142695970239009e-01,-7.380859651619827710e-01,-4.546277647558923385e-01,-8.161757019607591979e-02
4.918142695970239009e-01,-7.405867850037313183e-01,-4.578754613413816843e-01,0.000000000000000000e+00
4.918142695970239009e-01,-7.380859651619827710e-01,-4.546277647558923385e-01,8.161757019607598918e-02
4.918142695970236788e-01,-7.306881980072973404e-01,-4.449964314666636778e-01,1.618383684282860002e-01
4.918142695970232903e-01,-7.186968182124201521e-01,-4.293057673590240930e-01,2.393536417612433520e-01
4.918142695970240674e-01,-7.025835850502332169e-01,-4.080617626271379472e-01,3.130185747209592861e-01
4.918142695970236788e-01,-6.829444317138582132e-01,-3.819068128560822450e-01,3.819068128560824671e-01
4.918142695970235123e-01,-6.242263786520311220e-01,-3.803605879738660711e-01,4.730602240010169379e-01
4.918142695970231237e-01,-5.556455654381277087e-01,-3.750129803601911505e-01,5.556455654381280418e-01
3.220472962743634593e-01,-5.421515868739232857e-01,-3.659057050878893325e-01,6.844488372381050123e-01
1.178884946385307109e-01,-5.139405611321250511e-01,-3.468656883928800672e-01,7.756620376625318336e-01
1.178884946385309329e-01,-5.316492331778938096e-01,-2.812617805228774803e-01,-7.901539131778817504e-01
3.220472962743635703e-01,-5.615345518707288708e-01,-2.970722010454401874e-01,-7.019348925532407080e-01
4.918142695970235123e-01,-5.766504915752961313e-01,-3.050690829184182773e-01,-5.766504915752962424e-01
4.918142695970235123e-01,-6.447011194785559063e-01,-3.102738026870397459e-01,-4.961948791855545493e-01
4.918142695970238454e-01,-7.025835850502333280e-01,-3.130185747209591196e-01,-4.080617626271381693e-01
4.918142695970239564e-01,-7.505364847173712217e-01,-3.121007123740967004e-01,-3.121007123740968670e-01
4.918142695970238454e-01,-7.659111711551265245e-01,-3.372163209464829614e-01,-2.403829341027499122e-01
4.918142695970238454e-01,-7.776060997705935840e-01,-3.560051820429576130e-01,-1.634251760864041392e-01
4.918142695970241229e-01,-7.849317204176289309e-01,-3.676434745001432858e-01,-8.269942055679394000e-02
4.918142695970239009e-01,-7.874275908228899334e-01,-3.715864817664999431e-01,0.000000000000000000e+00
4.918142695970241229e-01,-7.849317204176289309e-01,-3.676434745001432858e-01,8.269942055679402326e-02
4.918142695970239009e-01,-7.776060997705935840e-01,-3.560051820429576686e-01,1.634251760864042502e-01
4.918142695970239009e-01,-7.659111711551265245e-01,-3.372163209464830169e-01,2.403829341027500788e-01
4.918142695970238454e-01,-7.505364847173709997e-01,-3.121007123740967004e-01,3.121007123740970335e-01
4.918142695970238454e-01,-7.025835850502333280e-01,-3.130185747209591196e-01,4.080617626271381693e-01
4.918142695970238454e-01,-6.447011194785557953e-01,-3.102738026870396348e-01,4.961948791855543273e-01
4.918142695970231237e-01,-5.766504915752962424e-01,-3.050690829184183328e-01,5.766504915752964644e-01
3.220472962743637924e-01,-5.615345518707287598e-01,-2.970722010454400208e-01,7.019348925532408190e-01
1.178884946385309329e-01,-5.316492331778938096e-01,-2.812617805228774803e-01,7.901539131778817504e-01
1.178884946385309190e-01,-5.457565442471494777e-01,-2.132037269228333198e-01,-8.017457627387152286e-01
3.220472962743634038e-01,-5.770024682802143978e-01,-2.254101723154154913e-01,-7.159217448699594089e-01
4.918142695970233458e-01,-5.934520396951774579e-01,-2.318363159300400600e-01,-5.934520396951777910e-01
4.918142695970236788e-01,-6.612385563570929436e-01,-2.363262493406970421e-01,-5.148127811934086751e-01
4.918142695970235123e-01,-7.186968182124200410e-01,-2.393536417612431300e-01,-4.293057673590240375e-01
4.918142695970238454e-01,-7.659111711551265245e-01,-2.403829341027499122e-01,-3.372163209464829614e-01
4.918142695970239009e-01,-8.031080814978812654e-01,-2.378404230293270638e-01,-2.378404230293272303e-01
4.918142695970238454e-01,-8.142003807456845710e-01,-2.616047303802008228e-01,-1.635830958779989908e-01
4.918142695970240674e-01,-8.213740850690621764e-01,-2.766028960714797535e-01,-8.339169312693482661e-02
4.918142695970238454e-01,-8.238593286822355477e-01,-2.817348589791510149e-01,0.000000000000000000e+00
4.918142695970240674e-01,-8.213740850690621764e-01,-2.766028960714797535e-01,8.339169312693489600e-02
4.918142695970239009e-01,-8.142003807456845710e-01,-2.616047303802008783e-01,1.635830958779990740e-01
4.918142695970238454e-01,-8.031080814978811544e-01,-2.378404230293270083e-01,2.378404230293273414e-01
4.918142695970238454e-01,-7.659111711551264134e-01,-2.403829341027499122e-01,3.372163209464831279e-01
4.918142695970235123e-01,-7.186968182124200410e-01,-2.393536417612431300e-01,4.293057673590240375e-01
4.918142695970238454e-01,-6.612385563570928326e-01,-2.363262493406970144e-01,5.148127811934086751e-01
4.918142695970227352e-01,-5.934520396951774579e-01,-2.318363159300401710e-01,5.934520396951780130e-01
3.220472962743634038e-01,-5.770024682802143978e-01,-2.254101723154154913e-01,7.159217448699594089e-01
1.178884946385309190e-01,-5.457565442471494777e-01,-2.132037269228333198e-01,8.017457627387152286e-01
1.178884946385311411e-01,-5.560185784967227596e-01,-1.432324984949842894e-01,-8.102037364596815783e-01
3.220472962743642364e-01,-5.882689197626623789e-01,-1.515403089449972873e-01,-7.261272283618738221e-01
4.918142695970236788e-01,-6.057112612908110982e-01,-1.560335223973860208e-01,-6.057112612908113203e-01
4.918142695970239009e-01,-6.733959367720666611e-01,-1.593236480308234393e-01,-5.284624979483096840e-01
4.918142695970236788e-01,-7.306881980072973404e-01,-1.618383684282859447e-01,-4.449964314666636778e-01
4.918142695970239009e-01,-7.776060997705935840e-01,-1.634251760864041669e-01,-3.560051820429576686e-01
4.918142695970238454e-01,-8.142003807456845710e-01,-1.635830958779989908e-01,-2.616047303802008228e-01
4.918142695970240674e-01,-8.406592220553883443e-01,-1.603290313604729955e-01,-1.603290313604731065e-01
4.918142695970238454e-01,-8.474266258186941014e-01,-1.817334931832038647e-01,-8.342526913183710702e-02
4.918142695970238454e-01,-8.498819985817681610e-01,-1.892599078183370420e-01,0.000000000000000000e+00
4.918142695970238454e-01,-8.474266258186941014e-01,-1.817334931832038647e-01,8.342526913183719028e-02
4.918142695970238454e-01,-8.406592220553884554e-01,-1.603290313604730233e-01,1.603290313604731898e-01
4.918142695970239009e-01,-8.142003807456845710e-01,-1.635830958779990185e-01,2.616047303802011004e-01
4.918142695970239009e-01,-7.776060997705935840e-01,-1.634251760864041392e-01,3.560051820429577796e-01
4.918142695970236788e-01,-7.306881980072973404e-01,-1.618383684282859447e-01,4.449964314666636778e-01
4.918142695970239564e-01,-6.733959367720665501e-01,-1.593236480308234393e-01,5.284624979483096840e-01
4.918142695970235123e-01,-6.057112612908110982e-01,-1.560335223973860486e-01,6.057112612908113203e-01
3.220472962743637924e-01,-5.882689197626623789e-01,-1.515403089449972873e-01,7.261272283618740442e-01
1.178884946385311411e-01,-5.560185784967227596e-01,-1.432324984949842894e-01,8.102037364596815783e-01
1.178884946385307109e-01,-5.622518917456352794e-01,-7.194971564548797993e-02,-8.153516734997536819e-01
3.220472962743631817e-01,-5.951182885264426625e-01,-7.615553146823081376e-02,-7.323387854337102265e-01
4.918142695970231792e-01,-6.131728239554212756e-01,-7.846591709662471825e-02,-6.131728239554216087e-01
4.918142695970238454e-01,-6.808333945843374480e-01,-8.020373884728929093e-02,-5.367978887015388834e-01
4.918142695970239009e-01,-7.380859651619827710e-01,-8.161757019607591979e-02,-4.546277647558923385e-01
4.918142695970241229e-01,-7.849317204176289309e-01,-8.269942055679394000e-02,-3.676434745001432858e-01
4.918142695970240674e-01,-8.213740850690621764e-01,-8.339169312693482661e-02,-2.766028960714797535e-01
4.918142695970238454e-01,-8.474266258186941014e-01,-8.342526913183710702e-02,-1.817334931832038647e-01
4.918142695970239009e-01,-8.631899063898927915e-01,-8.069048806195848467e-02,-8.069048806195851242e-02
4.918142695970238454e-01,-8.654956005214876624e-01,-9.505834891631222139e-02,0.000000000000000000e+00
4.918142695970239009e-01,-8.631899063898927915e-01,-8.069048806195847079e-02,8.069048806195858181e-02
4.918142695970238454e-01,-8.474266258186939904e-01,-8.342526913183712090e-02,1.817334931832039480e-01
4.918142695970238454e-01,-8.213740850690622874e-01,-8.339169312693484049e-02,2.766028960714799201e-01
4.918142695970239009e-01,-7.849317204176290419e-01,-8.269942055679394000e-02,3.676434745001435078e-01
4.918142695970239009e-01,-7.380859651619827710e-01,-8.161757019607591979e-02,4.546277647558923385e-01
4.918142695970238454e-01,-6.808333945843373369e-01,-8.020373884728929093e-02,5.367978887015388834e-01
4.918142695970227352e-01,-6.131728239554213866e-01,-7.846591709662471825e-02,6.131728239554216087e-01
3.220472962743631817e-01,-5.951182885264424405e-01,-7.615553146823077213e-02,7.323387854337103375e-01
1.178884946385307109e-01,-5.622518917456352794e-01,-7.194971564548797993e-02,8.153516734997536819e-01
1.178884946385311550e-01,-5.643425444246905620e-01,0.000000000000000000e+00,-8.170800422138135843e-01
3.220472962743640144e-01,-5.974165666352790893e-01,0.000000000000000000e+00,-7.344242540058758539e-01
4.918142695970235123e-01,-6.156779694859748631e-01,0.000000000000000000e+00,-6.156779694859750851e-01
4.918142695970237344e-01,-6.833369112247597021e-01,0.000000000000000000e+00,-5.396011397120571429e-01
4.918142695970239009e-01,-7.405867850037313183e-01,0.000000000000000000e+00,-4.578754613413816843e-01
4.918142695970239009e-01,-7.874275908228899334e-01,0.000000000000000000e+00,-3.715864817664999431e-01
4.918142695970238454e-01,-8.238593286822355477e-01,0.000000000000000000e+00,-2.817348589791510149e-01
4.918142695970238454e-01,-8.498819985817681610e-01,0.000000000000000000e+00,-1.892599078183370420e-01
4.918142695970238454e-01,-8.654956005214876624e-01,0.000000000000000000e+00,-9.505834891631222139e-02
4.918142695970240674e-01,-8.707001345013940519e-01,0.000000000000000000e+00,8.432582140338787419e-16
4.918142695970238454e-01,-8.654956005214876624e-01,0.000000000000000000e+00,9.505834891631227690e-02
4.918142695970239009e-01,-8.498819985817681610e-01,0.000000000000000000e+00,1.892599078183370975e-01
4.918142695970239009e-01,-8.238593286822355477e-01,0.000000000000000000e+00,2.817348589791512370e-01
4.918142695970238454e-01,-7.874275908228898224e-01,0.000000000000000000e+00,3.715864817665000541e-01
4.918142695970239009e-01,-7.405867850037313183e-01,0.000000000000000000e+00,4.578754613413816843e-01
4.918142695970237344e-01,-6.833369112247597021e-01,0.000000000000000000e+00,5.396011397120571429e-01
4.918142695970233458e-01,-6.156779694859749741e-01,0.000000000000000000e+00,6.156779694859753072e-01
3.220472962743637924e-01,-5.974165666352790893e-01,0.000000000000000000e+00,7.344242540058759650e-01
1.178884946385311550e-01,-5.643425444246905620e-01,0.000000000000000000e+00,8.170800422138135843e-01
1.178884946385313631e-01,-5.622518917456349463e-01,7.194971564548807708e-02,-8.153516734997539039e-01
3.220472962743646250e-01,-5.951182885264422184e-01,7.615553146823086927e-02,-7.323387854337097824e-01
4.918142695970240674e-01,-6.131728239554208315e-01,7.846591709662480152e-02,-6.131728239554210536e-01
4.918142695970238454e-01,-6.808333945843374480e-01,8.020373884728936031e-02,-5.367978887015388834e-01
4.918142695970239009e-01,-7.380859651619827710e-01,8.161757019607598918e-02,-4.546277647558923385e-01
4.918142695970241229e-01,-7.849317204176289309e-01,8.269942055679402326e-02,-3.676434745001432858e-01
4.918142695970240674e-01,-8.213740850690621764e-01,8.339169312693489600e-02,-2.766028960714797535e-01
4.918142695970238454e-01,-8.474266258186941014e-01,8.342526913183719028e-02,-1.817334931832038647e-01
4.918142695970239009e-01,-8.631899063898927915e-01,8.069048806195858181e-02,-8.069048806195847079e-02
4.918142695970238454e-01,-8.654956005214876624e-01,9.505834891631227690e-02,0.000000000000000000e+00
4.918142695970239009e-01,-8.631899063898927915e-01,8.069048806195854018e-02,8.069048806195858181e-02
4.918142695970238454e-01,-8.474266258186939904e-01,8.342526913183719028e-02,1.817334931832039480e-01
4.918142695970238454e-01,-8.213740850690622874e-01,8.339169312693490987e-02,2.766028960714799201e-01
4.918142695970239009e-01,-7.849317204176290419e-01,8.269942055679400938e-02,3.676434745001435078e-01
4.918142695970239009e-01,-7.380859651619827710e-01,8.161757019607598918e-02,4.546277647558923385e-01
4.918142695970238454e-01,-6.808333945843373369e-01,8.020373884728936031e-02,5.367978887015388834e-01
4.918142695970238454e-01,-6.131728239554208315e-01,7.846591709662480152e-02,6.131728239554211646e-01
3.220472962743644585e-01,-5.951182885264421074e-01,7.615553146823086927e-02,7.323387854337100045e-01
1.178884946385313631e-01,-5.622518917456349463e-01,7.194971564548807708e-02,8.153516734997539039e-01
1.178884946385311411e-01,-5.560185784967227596e-01,1.432324984949843727e-01,-8.102037364596815783e-01
3.220472962743642364e-01,-5.882689197626623789e-01,1.515403089449973428e-01,-7.261272283618738221e-01
4.918142695970235123e-01,-6.057112612908110982e-01,1.560335223973861318e-01,-6.057112612908113203e-01
4.918142695970238454e-01,-6.733959367720665501e-01,1.593236480308234948e-01,-5.284624979483095730e-01
4.918142695970236788e-01,-7.306881980072973404e-01,1.618383684282860002e-01,-4.449964314666636778e-01
4.918142695970239009e-01,-7.776060997705935840e-01,1.634251760864042502e-01,-3.560051820429576686e-01
4.918142695970239009e-01,-8.142003807456845710e-01,1.635830958779990740e-01,-2.616047303802008783e-01
4.918142695970238454e-01,-8.406592220553884554e-01,1.603290313604731898e-01,-1.603290313604730233e-01
4.918142695970238454e-01,-8.474266258186939904e-01,1.817334931832039480e-01,-8.342526913183712090e-02
4.918142695970239009e-01,-8.498819985817681610e-01,1.892599078183370975e-01,0.000000000000000000e+00
4.918142695970238454e-01,-8.474266258186939904e-01,1.817334931832039480e-01,8.342526913183719028e-02
4.918142695970238454e-01,-8.406592220553884554e-01,1.603290313604731065e-01,1.603290313604731898e-01
4.918142695970238454e-01,-8.142003807456844600e-01,1.635830958779990740e-01,2.616047303802010449e-01
4.918142695970239009e-01,-7.776060997705935840e-01,1.634251760864041947e-01,3.560051820429577796e-01
4.918142695970236788e-01,-7.306881980072973404e-01,1.618383684282860002e-01,4.449964314666636778e-01
4.918142695970239009e-01,-6.733959367720665501e-01,1.593236480308235226e-01,5.284624979483096840e-01
4.918142695970232903e-01,-6.057112612908110982e-01,1.560335223973861596e-01,6.057112612908114313e-01
3.220472962743637924e-01,-5.882689197626623789e-01,1.515403089449973428e-01,7.261272283618740442e-01
1.178884946385311411e-01,-5.560185784967227596e-01,1.432324984949843727e-01,8.102037364596815783e-01
1.178884946385307247e-01,-5.457565442471494777e-01,2.132037269228334309e-01,-8.017457627387152286e-01
3.220472962743631817e-01,-5.770024682802145088e-01,2.254101723154156578e-01,-7.159217448699595199e-01
4.918142695970232903e-01,-5.934520396951773469e-01,2.318363159300402265e-01,-5.934520396951776799e-01
4.918142695970237344e-01,-6.612385563570929436e-01,2.363262493406971809e-01,-5.148127811934086751e-01
4.918142695970232903e-01,-7.186968182124201521e-01,2.393536417612433520e-01,-4.293057673590240930e-01
4.918142695970238454e-01,-7.659111711551265245e-01,2.403829341027501065e-01,-3.372163209464829614e-01
4.918142695970238454e-01,-8.031080814978811544e-01,2.378404230293273414e-01,-2.378404230293270083e-01
4.918142695970239009e-01,-8.142003807456845710e-01,2.616047303802011004e-01,-1.635830958779990185e-01
4.918142695970238454e-01,-8.213740850690622874e-01,2.766028960714799201e-01,-8.339169312693484049e-02
4.918142695970239009e-01,-8.238593286822355477e-01,2.817348589791512370e-01,0.000000000000000000e+00
4.918142695970238454e-01,-8.213740850690622874e-01,2.766028960714799201e-01,8.339169312693490987e-02
4.918142695970238454e-01,-8.142003807456844600e-01,2.616047303802010449e-01,1.635830958779990740e-01
4.918142695970239009e-01,-8.031080814978811544e-01,2.378404230293271748e-01,2.378404230293273136e-01
4.918142695970238454e-01,-7.659111711551264134e-01,2.403829341027499955e-01,3.372163209464830724e-01
4.918142695970232903e-01,-7.186968182124201521e-01,2.393536417612433520e-01,4.293057673590240930e-01
4.918142695970239009e-01,-6.612385563570928326e-01,2.363262493406972087e-01,5.148127811934086751e-01
4.918142695970227352e-01,-5.934520396951774579e-01,2.318363159300403098e-01,5.934520396951780130e-01
3.220472962743631817e-01,-5.770024682802145088e-01,2.254101723154156578e-01,7.159217448699595199e-01
1.178884946385307247e-01,-5.457565442471494777e-01,2.132037269228334309e-01,8.017457627387152286e-01
1.178884946385309190e-01,-5.316492331778936986e-01,2.812617805228776469e-01,-7.901539131778816394e-01
3.220472962743634593e-01,-5.615345518707289818e-01,2.970722010454403539e-01,-7.019348925532407080e-01
4.918142695970235123e-01,-5.766504915752961313e-01,3.050690829184184438e-01,-5.766504915752962424e-01
4.918142695970235123e-01,-6.447011194785557953e-01,3.102738026870398569e-01,-4.961948791855544383e-01
4.918142695970240674e-01,-7.025835850502332169e-01,3.130185747209592861e-01,-4.080617626271379472e-01
4.918142695970238454e-01,-7.505364847173709997e-01,3.121007123740970335e-01,-3.121007123740967004e-01
4.918142695970238454e-01,-7.659111711551264134e-01,3.372163209464831279e-01,-2.403829341027499122e-01
4.918142695970239009e-01,-7.776060997705935840e-01,3.560051820429577796e-01,-1.634251760864041392e-01
4.918142695970239009e-01,-7.849317204176290419e-01,3.676434745001435078e-01,-8.269942055679394000e-02
4.918142695970238454e-01,-7.874275908228898224e-01,3.715864817665000541e-01,0.000000000000000000e+00
4.918142695970239009e-01,-7.849317204176290419e-01,3.676434745001435078e-01,8.269942055679400938e-02
4.918142695970239009e-01,-7.776060997705935840e-01,3.560051820429577796e-01,1.634251760864041947e-01
4.918142695970239009e-01,-7.659111711551265245e-01,3.372163209464831279e-01,2.403829341027500233e-01
4.918142695970239009e-01,-7.505364847173709997e-01,3.121007123740968114e-01,3.121007123740970335e-01
4.918142695970240674e-01,-7.025835850502332169e-01,3.130185747209592861e-01,4.080617626271379472e-01
4.918142695970238454e-01,-6.447011194785557953e-01,3.102738026870398014e-01,4.961948791855543273e-01
4.918142695970231237e-01,-5.766504915752962424e-01,3.050690829184184438e-01,5.766504915752964644e-01
3.220472962743635703e-01,-5.615345518707287598e-01,2.970722010454402429e-01,7.019348925532408190e-01
1.178884946385309190e-01,-5.316492331778936986e-01,2.812617805228776469e-01,7.901539131778816394e-01
1.178884946385307109e-01,-5.139405611321250511e-01,3.468656883928800672e-01,-7.756620376625318336e-01
3.220472962743634038e-01,-5.421515868739232857e-01,3.659057050878893325e-01,-6.844488372381049013e-01
4.918142695970233458e-01,-5.556455654381277087e-01,3.750129803601912060e-01,-5.556455654381279308e-01
4.918142695970235123e-01,-6.242263786520311220e-01,3.803605879738660156e-01,-4.730602240010168269e-01
4.918142695970236788e-01,-6.829444317138582132e-01,3.819068128560822450e-01,-3.819068128560824671e-01
4.918142695970238454e-01,-7.025835850502333280e-01,4.080617626271381693e-01,-3.130185747209591196e-01
4.918142695970235123e-01,-7.186968182124200410e-01,4.293057673590240375e-01,-2.393536417612431300e-01
4.918142695970236788e-01,-7.306881980072973404e-01,4.449964314666636778e-01,-1.618383684282859447e-01
4.918142695970239009e-01,-7.380859651619827710e-01,4.546277647558923385e-01,-8.161757019607591979e-02
4.918142695970239009e-01,-7.405867850037313183e-01,4.578754613413816843e-01,0.000000000000000000e+00
4.918142695970239009e-01,-7.380859651619827710e-01,4.546277647558923385e-01,8.161757019607598918e-02
4.918142695970236788e-01,-7.306881980072973404e-01,4.449964314666636778e-01,1.618383684282860002e-01
4.918142695970232903e-01,-7.186968182124201521e-01,4.293057673590240930e-01,2.393536417612433520e-01
4.918142695970240674e-01,-7.025835850502332169e-01,4.080617626271379472e-01,3.130185747209592861e-01
4.918142695970236788e-01,-6.829444317138582132e-01,3.819068128560822450e-01,3.819068128560824671e-01
4.918142695970235123e-01,-6.242263786520311220e-01,3.803605879738660711e-01,4.730602240010169379e-01
4.918142695970231237e-01,-5.556455654381277087e-01,3.750129803601911505e-01,5.556455654381280418e-01
3.220472962743634593e-01,-5.421515868739232857e-01,3.659057050878893325e-01,6.844488372381050123e-01
1.178884946385307109e-01,-5.139405611321250511e-01,3.468656883928800672e-01,7.756620376625318336e-01
1.178884946385307247e-01,-4.929234673809892997e-01,4.095486787132462947e-01,-7.585503529108652554e-01
3.220472962743634038e-01,-5.191970936792188462e-01,4.313782925326440365e-01,-6.638016914779936162e-01
4.918142695970231792e-01,-5.308434151636124421e-01,4.410547147187203199e-01,-5.308434151636127751e-01
4.918142695970236788e-01,-6.003319224873423510e-01,4.459373874566910367e-01,-4.459373874566908147e-01
4.918142695970235123e-01,-6.242263786520311220e-01,4.730602240010169379e-01,-3.803605879738660711e-01
4.918142695970238454e-01,-6.447011194785557953e-01,4.961948791855543273e-01,-3.102738026870396904e-01
4.918142695970238454e-01,-6.612385563570928326e-01,5.148127811934086751e-01,-2.363262493406970144e-01
4.918142695970239564e-01,-6.733959367720665501e-01,5.284624979483096840e-01,-1.593236480308234393e-01
4.918142695970238454e-01,-6.808333945843373369e-01,5.367978887015388834e-01,-8.020373884728929093e-02
4.918142695970237344e-01,-6.833369112247597021e-01,5.396011397120571429e-01,0.000000000000000000e+00
4.918142695970238454e-01,-6.808333945843373369e-01,5.367978887015388834e-01,8.020373884728936031e-02
4.918142695970239009e-01,-6.733959367720665501e-01,5.284624979483096840e-01,1.593236480308235226e-01
4.918142695970239009e-01,-6.612385563570928326e-01,5.148127811934086751e-01,2.363262493406972087e-01
4.918142695970238454e-01,-6.447011194785557953e-01,4.961948791855543273e-01,3.102738026870398014e-01
4.918142695970235123e-01,-6.242263786520311220e-01,4.730602240010169379e-01,3.803605879738660711e-01
4.918142695970235123e-01,-6.003319224873423510e-01,4.459373874566908702e-01,4.459373874566910922e-01
4.918142695970227352e-01,-5.308434151636124421e-01,4.410547147187203754e-01,5.308434151636128862e-01
3.220472962743634593e-01,-5.191970936792188462e-01,4.313782925326439810e-01,6.638016914779938382e-01
1.178884946385307247e-01,-4.929234673809892997e-01,4.095486787132462947e-01,7.585503529108652554e-01
1.178884946385309329e-01,-4.689270347136204053e-01,4.689270347136208494e-01,-7.391327181645005462e-01
3.220472962743634593e-01,-4.930563020802938290e-01,4.930563020802943841e-01,-6.403721612626395165e-01
4.918142695970231237e-01,-5.026989570378231909e-01,5.026989570378238570e-01,-5.026989570378235239e-01
4.918142695970227352e-01,-5.308434151636124421e-01,5.308434151636128862e-01,-4.410547147187203199e-01
4.918142695970231237e-01,-5.556455654381277087e-01,5.556455654381280418e-01,-3.750129803601911505e-01
4.918142695970231237e-01,-5.766504915752962424e-01,5.766504915752964644e-01,-3.050690829184183328e-01
4.918142695970227352e-01,-5.934520396951774579e-01,5.934520396951780130e-01,-2.318363159300401710e-01
4.918142695970232903e-01,-6.057112612908110982e-01,6.057112612908114313e-01,-1.560335223973860763e-01
4.918142695970227352e-01,-6.131728239554213866e-01,6.131728239554216087e-01,-7.846591709662471825e-02
4.918142695970233458e-01,-6.156779694859749741e-01,6.156779694859753072e-01,0.000000000000000000e+00
4.918142695970236788e-01,-6.131728239554209425e-01,6.131728239554212756e-01,7.846591709662481540e-02
4.918142695970232903e-01,-6.057112612908110982e-01,6.057112612908114313e-01,1.560335223973861596e-01
4.918142695970227352e-01,-5.934520396951774579e-01,5.934520396951780130e-01,2.318363159300403098e-01
4.918142695970231237e-01,-5.766504915752962424e-01,5.766504915752964644e-01,3.050690829184184993e-01
4.918142695970231237e-01,-5.556455654381277087e-01,5.556455654381280418e-01,3.750129803601911505e-01
4.918142695970227352e-01,-5.308434151636124421e-01,5.308434151636128862e-01,4.410547147187203754e-01
4.918142695970232903e-01,-5.026989570378231909e-01,5.026989570378235239e-01,5.026989570378237460e-01
3.220472962743634038e-01,-4.930563020802936625e-01,4.930563020802941065e-01,6.403721612626397386e-01
1.178884946385309329e-01,-4.689270347136204053e-01,4.689270347136208494e-01,7.391327181645005462e-01
1.178884946385313631e-01,-4.667705374048286004e-01,5.483640917042033047e-01,-6.837575529177667422e-01
3.220472962743644585e-01,-4.882139280945149151e-01,5.735558819229805705e-01,-5.735558819229802374e-01
3.220472962743634038e-01,-4.930563020802936625e-01,6.403721612626398496e-01,-4.930563020802941065e-01
3.220472962743635703e-01,-5.191970936792187352e-01,6.638016914779937272e-01,-4.313782925326438700e-01
3.220472962743634593e-01,-5.421515868739232857e-01,6.844488372381050123e-01,-3.659057050878893325e-01
3.220472962743637924e-01,-5.615345518707287598e-01,7.019348925532408190e-01,-2.970722010454400208e-01
3.220472962743634038e-01,-5.770024682802143978e-01,7.159217448699594089e-01,-2.254101723154154913e-01
3.220472962743637924e-01,-5.882689197626623789e-01,7.261272283618740442e-01,-1.515403089449972873e-01
3.220472962743631817e-01,-5.951182885264424405e-01,7.323387854337103375e-01,-7.615553146823077213e-02
3.220472962743637924e-01,-5.974165666352790893e-01,7.344242540058759650e-01,0.000000000000000000e+00
3.220472962743642920e-01,-5.951182885264422184e-01,7.323387854337101155e-01,7.615553146823088315e-02
3.220472962743637924e-01,-5.882689197626623789e-01,7.261272283618740442e-01,1.515403089449973428e-01
3.220472962743634038e-01,-5.770024682802143978e-01,7.159217448699594089e-01,2.254101723154156300e-01
3.220472962743635703e-01,-5.615345518707287598e-01,7.019348925532408190e-01,2.970722010454402429e-01
3.220472962743634593e-01,-5.421515868739232857e-01,6.844488372381050123e-01,3.659057050878893325e-01
3.220472962743634593e-01,-5.191970936792188462e-01,6.638016914779938382e-01,4.313782925326439810e-01
3.220472962743634593e-01,-4.930563020802937180e-01,6.403721612626398496e-01,4.930563020802941621e-01
3.220472962743644585e-01,-4.882139280945149151e-01,5.735558819229802374e-01,5.735558819229804595e-01
1.178884946385313631e-01,-4.667705374048286004e-01,5.483640917042033047e-01,6.837575529177667422e-01
1.178884946385313631e-01,-4.617612591578844072e-01,6.216425188051352135e-01,-6.216425188051354356e-01
1.178884946385313770e-01,-4.667705374048286560e-01,6.837575529177668532e-01,-5.483640917042033047e-01
1.178884946385309190e-01,-4.689270347136203498e-01,7.391327181645005462e-01,-4.689270347136206274e-01
1.178884946385307247e-01,-4.929234673809892997e-01,7.585503529108652554e-01,-4.095486787132461837e-01
1.178884946385307109e-01,-5.139405611321250511e-01,7.756620376625318336e-01,-3.468656883928800672e-01
1.178884946385311411e-01,-5.316492331778936986e-01,7.901539131778816394e-01,-2.812617805228774248e-01
1.178884946385309190e-01,-5.457565442471494777e-01,8.017457627387152286e-01,-2.132037269228333198e-01
1.178884946385311411e-01,-5.560185784967227596e-01,8.102037364596815783e-01,-1.432324984949842894e-01
1.178884946385307109e-01,-5.622518917456352794e-01,8.153516734997536819e-01,-7.194971564548797993e-02
1.178884946385311550e-01,-5.643425444246905620e-01,8.170800422138135843e-01,0.000000000000000000e+00
1.178884946385313909e-01,-5.622518917456349463e-01,8.153516734997539039e-01,7.194971564548807708e-02
1.178884946385311411e-01,-5.560185784967227596e-01,8.102037364596815783e-01,1.432324984949843727e-01
1.178884946385309190e-01,-5.457565442471494777e-01,8.017457627387152286e-01,2.132037269228334586e-01
1.178884946385309190e-01,-5.316492331778936986e-01,7.901539131778816394e-01,2.812617805228776469e-01
1.178884946385307109e-01,-5.139405611321250511e-01,7.756620376625318336e-01,3.468656883928800672e-01
1.178884946385307247e-01,-4.929234673809892997e-01,7.585503529108652554e-01,4.095486787132462947e-01
1.178884946385309329e-01,-4.689270347136204053e-01,7.391327181645005462e-01,4.689270347136208494e-01
1.178884946385313631e-01,-4.667705374048286004e-01,6.837575529177667422e-01,5.483640917042033047e-01
1.178884946385313631e-01,-4.617612591578844072e-01,6.216425188051352135e-01,6.216425188051354356e-01
1.178884946385311411e-01,-4.015718865352455591e-01,-6.422002502243302491e-01,-6.422002502243305821e-01
1.178884946385311411e-01,-4.066178271108614184e-01,-7.038397021052510416e-01,-5.704155671507344927e-01
1.178884946385309190e-01,-4.095486787132461837e-01,-7.585503529108652554e-01,-4.929234673809893552e-01
1.178884946385309190e-01,-4.096781292829870247e-01,-8.064923828569278141e-01,-4.096781292829873022e-01
1.178884946385311411e-01,-4.330785845573874582e-01,-8.229778245092508326e-01,-3.482136453323614322e-01
1.178884946385309190e-01,-4.529301528730149129e-01,-8.371039106154049003e-01,-2.832200951251248600e-01
1.178884946385315990e-01,-4.688360188145312968e-01,-8.485135425761015648e-01,-2.152204877769674785e-01
1.178884946385313770e-01,-4.804588042060955466e-01,-8.569012532691087092e-01,-1.448512424473490379e-01
1.178884946385311411e-01,-4.875406640872012587e-01,-8.620325597094283809e-01,-7.284414660137573938e-02
1.178884946385311411e-01,-4.899196901292826034e-01,-8.637598046074435043e-01,0.000000000000000000e+00
1.178884946385311411e-01,-4.875406640872012587e-01,-8.620325597094283809e-01,7.284414660137579489e-02
1.178884946385313770e-01,-4.804588042060955466e-01,-8.569012532691087092e-01,1.448512424473491211e-01
1.178884946385315990e-01,-4.688360188145312968e-01,-8.485135425761015648e-01,2.152204877769675895e-01
1.178884946385307247e-01,-4.529301528730149129e-01,-8.371039106154049003e-01,2.832200951251249710e-01
1.178884946385311411e-01,-4.330785845573874582e-01,-8.229778245092508326e-01,3.482136453323614322e-01
1.178884946385311411e-01,-4.096781292829870247e-01,-8.064923828569275921e-01,4.096781292829873022e-01
1.178884946385307247e-01,-4.095486787132461837e-01,-7.585503529108652554e-01,4.929234673809894107e-01
1.178884946385313631e-01,-4.066178271108613629e-01,-7.038397021052509306e-01,5.704155671507346037e-01
1.178884946385311411e-01,-4.015718865352455591e-01,-6.422002502243302491e-01,6.422002502243305821e-01
1.178884946385311411e-01,-4.066178271108614184e-01,-5.704155671507344927e-01,-7.038397021052510416e-01
3.220472962743640144e-01,-4.261295720082061145e-01,-5.977872225225607794e-01,-5.977872225225607794e-01
3.220472962743635703e-01,-4.313782925326439255e-01,-6.638016914779936162e-01,-5.191970936792188462e-01
3.220472962743637924e-01,-4.333059893478122260e-01,-7.216490685596421706e-01,-4.333059893478125035e-01
3.220472962743638479e-01,-4.586823791253297755e-01,-7.415405825546140806e-01,-3.688001877261766204e-01
3.220472962743642364e-01,-4.802587927387783062e-01,-7.585852723725018398e-01,-3.003088668337988709e-01
3.220472962743644585e-01,-4.975783676967039382e-01,-7.723522589422364693e-01,-2.284147435466464815e-01
3.220472962743644585e-01,-5.102517915383671943e-01,-7.824729622970181264e-01,-1.538333886657508864e-01
3.220472962743643475e-01,-5.179810363866689249e-01,-7.886644527055096665e-01,-7.739228608125771347e-02
3.220472962743640144e-01,-5.205787601194035163e-01,-7.907485652689587585e-01,0.000000000000000000e+00
3.220472962743643475e-01,-5.179810363866689249e-01,-7.886644527055096665e-01,7.739228608125778286e-02
3.220472962743644030e-01,-5.102517915383670832e-01,-7.824729622970179044e-01,1.538333886657509419e-01
3.220472962743645140e-01,-4.975783676967038827e-01,-7.723522589422363582e-01,2.284147435466465648e-01
3.220472962743642364e-01,-4.802587927387783062e-01,-7.585852723725018398e-01,3.003088668337989819e-01
3.220472962743638479e-01,-4.586823791253297755e-01,-7.415405825546140806e-01,3.688001877261766204e-01
3.220472962743637924e-01,-4.333059893478122260e-01,-7.216490685596421706e-01,4.333059893478125035e-01
3.220472962743634593e-01,-4.313782925326439810e-01,-6.638016914779936162e-01,5.191970936792190683e-01
3.220472962743635703e-01,-4.261295720082060035e-01,-5.977872225225606684e-01,5.977872225225611125e-01
1.178884946385311411e-01,-4.066178271108614184e-01,-5.704155671507344927e-01,7.038397021052510416e-01
1.178884946385307247e-01,-4.095486787132461837e-01,-4.929234673809892997e-01,-7.585503529108652554e-01
3.220472962743634038e-01,-4.313782925326439255e-01,-5.191970936792188462e-01,-6.638016914779936162e-01
4.918142695970233458e-01,-4.410547147187202088e-01,-5.308434151636123310e-01,-5.308434151636127751e-01
4.918142695970235123e-01,-4.459373874566908147e-01,-6.003319224873424620e-01,-4.459373874566910922e-01
4.918142695970235123e-01,-4.730602240010168269e-01,-6.242263786520311220e-01,-3.803605879738660156e-01
4.918142695970235123e-01,-4.961948791855545493e-01,-6.447011194785559063e-01,-3.102738026870397459e-01
4.918142695970236788e-01,-5.148127811934086751e-01,-6.612385563570929436e-01,-2.363262493406970421e-01
4.918142695970239009e-01,-5.284624979483096840e-01,-6.733959367720666611e-01,-1.593236480308234393e-01
4.918142695970236788e-01,-5.367978887015389944e-01,-6.808333945843374480e-01,-8.020373884728930480e-02
4.918142695970237344e-01,-5.396011397120571429e-01,-6.833369112247597021e-01,0.000000000000000000e+00
4.918142695970236788e-01,-5.367978887015389944e-01,-6.808333945843374480e-01,8.020373884728937419e-02
4.918142695970238454e-01,-5.284624979483095730e-01,-6.733959367720665501e-01,1.593236480308234948e-01
4.918142695970237344e-01,-5.148127811934086751e-01,-6.612385563570929436e-01,2.363262493406971809e-01
4.918142695970235678e-01,-4.961948791855544938e-01,-6.447011194785559063e-01,3.102738026870399124e-01
4.918142695970235123e-01,-4.730602240010168269e-01,-6.242263786520311220e-01,3.803605879738660156e-01
4.918142695970236788e-01,-4.459373874566908147e-01,-6.003319224873423510e-01,4.459373874566910367e-01
4.918142695970227352e-01,-4.410547147187203199e-01,-5.308434151636124421e-01,5.308434151636128862e-01
3.220472962743635703e-01,-4.313782925326438700e-01,-5.191970936792187352e-01,6.638016914779937272e-01
1.178884946385307247e-01,-4.095486787132461837e-01,-4.929234673809892997e-01,7.585503529108652554e-01
1.178884946385309190e-01,-4.096781292829870247e-01,-4.096781292829873022e-01,-8.064923828569278141e-01
3.220472962743638479e-01,-4.333059893478122815e-01,-4.333059893478125590e-01,-7.216490685596422816e-01
4.918142695970235123e-01,-4.459373874566908147e-01,-4.459373874566910922e-01,-6.003319224873424620e-01
6.327454192180814729e-01,-4.470768891583541405e-01,-4.470768891583544180e-01,-4.470768891583545290e-01
6.327454192180814729e-01,-4.760013295909764075e-01,-4.760013295909767406e-01,-3.827253622557295620e-01
6.327454192180818060e-01,-5.007861758050272671e-01,-5.007861758050274892e-01,-3.131447695614383853e-01
6.327454192180820280e-01,-5.208048824290507639e-01,-5.208048824290510970e-01,-2.390769401984615405e-01
6.327454192180819170e-01,-5.355214938139668535e-01,-5.355214938139670755e-01,-1.614518311604066780e-01
6.327454192180818060e-01,-5.445245991359068949e-01,-5.445245991359068949e-01,-8.135819768341788494e-02
6.327454192180816950e-01,-5.475551271144001308e-01,-5.475551271144003529e-01,0.000000000000000000e+00
6.327454192180818060e-01,-5.445245991359068949e-01,-5.445245991359068949e-01,8.135819768341796820e-02
6.327454192180819170e-01,-5.355214938139668535e-01,-5.355214938139670755e-01,1.614518311604067613e-01
6.327454192180819170e-01,-5.208048824290506529e-01,-5.208048824290509859e-01,2.390769401984616793e-01
6.327454192180816950e-01,-5.007861758050273782e-01,-5.007861758050274892e-01,3.131447695614385518e-01
6.327454192180814729e-01,-4.760013295909764075e-01,-4.760013295909767406e-01,3.827253622557295620e-01
6.327454192180814729e-01,-4.470768891583540849e-01,-4.470768891583544180e-01,4.470768891583546956e-01
4.918142695970231237e-01,-4.459373874566909257e-01,-4.459373874566912033e-01,6.003319224873425730e-01
3.220472962743631817e-01,-4.333059893478122815e-01,-4.333059893478125035e-01,7.216490685596426147e-01
1.178884946385309190e-01,-4.096781292829870247e-01,-4.096781292829873022e-01,8.064923828569278141e-01
1.178884946385311411e-01,-4.330785845573874582e-01,-3.482136453323614322e-01,-8.229778245092508326e-01
3.220472962743638479e-01,-4.586823791253297755e-01,-3.688001877261766204e-01,-7.415405825546140806e-01
4.918142695970235123e-01,-4.730602240010168269e-01,-3.803605879738660156e-01,-6.242263786520311220e-01
6.327454192180814729e-01,-4.760013295909764075e-01,-3.827253622557295620e-01,-4.760013295909767406e-01
6.327454192180816950e-01,-5.470800273608904529e-01,-3.875155984740106807e-01,-3.875155984740109028e-01
6.327454192180818060e-01,-5.708533878805822637e-01,-4.151469549583038376e-01,-3.184535284663112531e-01
6.327454192180815840e-01,-5.903585923332106411e-01,-4.376792713210764796e-01,-2.440221759855768779e-01
6.327454192180816950e-01,-6.048742585693999141e-01,-4.543715244156324440e-01,-1.652479457629264237e-01
6.327454192180819170e-01,-6.138293180160476759e-01,-4.646383385332530369e-01,-8.341472991951565108e-02
6.327454192180816950e-01,-6.168565814970334849e-01,-4.681038264341872979e-01,0.000000000000000000e+00
6.327454192180819170e-01,-6.138293180160476759e-01,-4.646383385332530369e-01,8.341472991951573435e-02
6.327454192180816950e-01,-6.048742585693999141e-01,-4.543715244156324440e-01,1.652479457629265069e-01
6.327454192180814729e-01,-5.903585923332106411e-01,-4.376792713210764796e-01,2.440221759855770445e-01
6.327454192180821391e-01,-5.708533878805819306e-01,-4.151469549583035046e-01,3.184535284663113086e-01
6.327454192180816950e-01,-5.470800273608904529e-01,-3.875155984740106807e-01,3.875155984740109028e-01
6.327454192180814729e-01,-4.760013295909764075e-01,-3.827253622557295620e-01,4.760013295909768516e-01
4.918142695970231237e-01,-4.730602240010170489e-01,-3.803605879738661821e-01,6.242263786520313440e-01
3.220472962743636258e-01,-4.586823791253298865e-01,-3.688001877261766759e-01,7.415405825546140806e-01
1.178884946385311411e-01,-4.330785845573874582e-01,-3.482136453323614322e-01,8.229778245092508326e-01
1.178884946385307247e-01,-4.529301528730149129e-01,-2.832200951251248600e-01,-8.371039106154049003e-01
3.220472962743642364e-01,-4.802587927387783062e-01,-3.003088668337988709e-01,-7.585852723725018398e-01
4.918142695970235123e-01,-4.961948791855545493e-01,-3.102738026870397459e-01,-6.447011194785559063e-01
6.327454192180818060e-01,-5.007861758050272671e-01,-3.131447695614383853e-01,-5.007861758050274892e-01
6.327454192180818060e-01,-5.708533878805822637e-01,-3.184535284663112531e-01,-4.151469549583038376e-01
6.327454192180818060e-01,-6.289007767993290976e-01,-3.194659977209894919e-01,-3.194659977209897139e-01
6.327454192180820280e-01,-6.475119642218025717e-01,-3.458198741617151128e-01,-2.465159331218420291e-01
6.327454192180820280e-01,-6.616687738085276216e-01,-3.655971744946663882e-01,-1.678284070912011428e-01
6.327454192180821391e-01,-6.705364993000284546e-01,-3.778741951097372986e-01,-8.500076608575296566e-02
6.327454192180816950e-01,-6.735577714464606736e-01,-3.820381695362540242e-01,0.000000000000000000e+00
6.327454192180821391e-01,-6.705364993000284546e-01,-3.778741951097372986e-01,8.500076608575306281e-02
6.327454192180820280e-01,-6.616687738085276216e-01,-3.655971744946663882e-01,1.678284070912012538e-01
6.327454192180819170e-01,-6.475119642218024607e-01,-3.458198741617150573e-01,2.465159331218421679e-01
6.327454192180816950e-01,-6.289007767993289866e-01,-3.194659977209894919e-01,3.194659977209898249e-01
6.327454192180818060e-01,-5.708533878805822637e-01,-3.184535284663112531e-01,4.151469549583038376e-01
6.327454192180815840e-01,-5.007861758050273782e-01,-3.131447695614384408e-01,5.007861758050276002e-01
4.918142695970235123e-01,-4.961948791855544383e-01,-3.102738026870396904e-01,6.447011194785559063e-01
3.220472962743637924e-01,-4.802587927387781952e-01,-3.003088668337988709e-01,7.585852723725020619e-01
1.178884946385307247e-01,-4.529301528730149129e-01,-2.832200951251248600e-01,8.371039106154049003e-01
1.178884946385315990e-01,-4.688360188145312968e-01,-2.152204877769674785e-01,-8.485135425761015648e-01
3.220472962743644030e-01,-4.975783676967038271e-01,-2.284147435466464260e-01,-7.723522589422362472e-01
4.918142695970236788e-01,-5.148127811934086751e-01,-2.363262493406970421e-01,-6.612385563570929436e-01
6.327454192180820280e-01,-5.208048824290507639e-01,-2.390769401984615405e-01,-5.208048824290510970e-01
6.327454192180815840e-01,-5.903585923332106411e-01,-2.440221759855768779e-01,-4.376792713210764796e-01
6.327454192180820280e-01,-6.475119642218025717e-01,-2.465159331218420291e-01,-3.458198741617151128e-01
6.327454192180819170e-01,-6.925391374736700190e-01,-2.449722203901483764e-01,-2.449722203901485151e-01
6.327454192180820280e-01,-7.059664591353383978e-01,-2.697870523669506082e-01,-1.686995536733830736e-01
6.327454192180819170e-01,-7.146502886375732944e-01,-2.854826760970901045e-01,-8.606881582321715407e-02
6.327454192180820280e-01,-7.176586969626815860e-01,-2.908594662931907604e-01,0.000000000000000000e+00
6.327454192180819170e-01,-7.146502886375732944e-01,-2.854826760970901045e-01,8.606881582321725122e-02
6.327454192180820280e-01,-7.059664591353383978e-01,-2.697870523669506082e-01,1.686995536733831291e-01
6.327454192180820280e-01,-6.925391374736700190e-01,-2.449722203901483208e-01,2.449722203901486262e-01
6.327454192180820280e-01,-6.475119642218024607e-01,-2.465159331218420569e-01,3.458198741617152239e-01
6.327454192180815840e-01,-5.903585923332106411e-01,-2.440221759855768779e-01,4.376792713210764796e-01
6.327454192180820280e-01,-5.208048824290507639e-01,-2.390769401984615405e-01,5.208048824290510970e-01
4.918142695970236788e-01,-5.148127811934085640e-01,-2.363262493406970144e-01,6.612385563570929436e-01
3.220472962743642364e-01,-4.975783676967036051e-01,-2.284147435466463150e-01,7.723522589422366913e-01
1.178884946385315990e-01,-4.688360188145312968e-01,-2.152204877769674785e-01,8.485135425761015648e-01
1.178884946385313770e-01,-4.804588042060955466e-01,-1.448512424473490379e-01,-8.569012532691087092e-01
3.220472962743642364e-01,-5.102517915383671943e-01,-1.538333886657508864e-01,-7.824729622970181264e-01
4.918142695970239009e-01,-5.284624979483096840e-01,-1.593236480308234393e-01,-6.733959367720666611e-01
6.327454192180819170e-01,-5.355214938139668535e-01,-1.614518311604066780e-01,-5.355214938139670755e-01
6.327454192180818060e-01,-6.048742585693999141e-01,-1.652479457629263959e-01,-4.543715244156323885e-01
6.327454192180820280e-01,-6.616687738085276216e-01,-1.678284070912011428e-01,-3.655971744946663882e-01
6.327454192180820280e-01,-7.059664591353383978e-01,-1.686995536733830736e-01,-2.697870523669506082e-01
6.327454192180821391e-01,-7.379951093839136611e-01,-1.658258921036744327e-01,-1.658258921036745437e-01
6.327454192180819170e-01,-7.461871086362134031e-01,-1.881010434897449068e-01,-8.634831093733516538e-02
6.327454192180820280e-01,-7.491593580456966661e-01,-1.959425699308179614e-01,0.000000000000000000e+00
6.327454192180819170e-01,-7.461871086362134031e-01,-1.881010434897449068e-01,8.634831093733524865e-02
6.327454192180821391e-01,-7.379951093839136611e-01,-1.658258921036744327e-01,1.658258921036746270e-01
6.327454192180820280e-01,-7.059664591353383978e-01,-1.686995536733830736e-01,2.697870523669507192e-01
6.327454192180819170e-01,-6.616687738085275106e-01,-1.678284070912011983e-01,3.655971744946666102e-01
6.327454192180818060e-01,-6.048742585693999141e-01,-1.652479457629263959e-01,4.543715244156323885e-01
6.327454192180819170e-01,-5.355214938139668535e-01,-1.614518311604067058e-01,5.355214938139672975e-01
4.918142695970235123e-01,-5.284624979483096840e-01,-1.593236480308234670e-01,6.733959367720667721e-01
3.220472962743642364e-01,-5.102517915383670832e-01,-1.538333886657508309e-01,7.824729622970181264e-01
1.178884946385313770e-01,-4.804588042060955466e-01,-1.448512424473490379e-01,8.569012532691087092e-01
1.178884946385311411e-01,-4.875406640872012587e-01,-7.284414660137573938e-02,-8.620325597094283809e-01
3.220472962743642364e-01,-5.179810363866688139e-01,-7.739228608125769959e-02,-7.886644527055096665e-01
4.918142695970236788e-01,-5.367978887015389944e-01,-8.020373884728930480e-02,-6.808333945843374480e-01
6.327454192180816950e-01,-5.445245991359067839e-01,-8.135819768341787106e-02,-5.445245991359067839e-01
6.327454192180819170e-01,-6.138293180160476759e-01,-8.341472991951565108e-02,-4.646383385332530369e-01
6.327454192180821391e-01,-6.705364993000284546e-01,-8.500076608575296566e-02,-3.778741951097372986e-01
6.327454192180819170e-01,-7.146502886375732944e-01,-8.606881582321715407e-02,-2.854826760970901045e-01
6.327454192180819170e-01,-7.461871086362134031e-01,-8.634831093733516538e-02,-1.881010434897449068e-01
6.327454192180820280e-01,-7.652686925300598020e-01,-8.365722530620504915e-02,-8.365722530620509079e-02
6.327454192180820280e-01,-7.680597546955055810e-01,-9.857711537478361374e-02,0.000000000000000000e+00
6.327454192180820280e-01,-7.652686925300598020e-01,-8.365722530620504915e-02,8.365722530620517405e-02
6.327454192180819170e-01,-7.461871086362135141e-01,-8.634831093733517926e-02,1.881010434897450456e-01
6.327454192180820280e-01,-7.146502886375732944e-01,-8.606881582321715407e-02,2.854826760970902710e-01
6.327454192180820280e-01,-6.705364993000283436e-01,-8.500076608575296566e-02,3.778741951097374097e-01
6.327454192180819170e-01,-6.138293180160476759e-01,-8.341472991951565108e-02,4.646383385332530369e-01
6.327454192180816950e-01,-5.445245991359066728e-01,-8.135819768341787106e-02,5.445245991359070059e-01
4.918142695970235678e-01,-5.367978887015392164e-01,-8.020373884728931868e-02,6.808333945843374480e-01
3.220472962743640144e-01,-5.179810363866688139e-01,-7.739228608125768571e-02,7.886644527055097775e-01
1.178884946385311411e-01,-4.875406640872012587e-01,-7.284414660137573938e-02,8.620325597094283809e-01
1.178884946385311411e-01,-4.899196901292826034e-01,0.000000000000000000e+00,-8.637598046074435043e-01
3.220472962743640144e-01,-5.205787601194035163e-01,0.000000000000000000e+00,-7.907485652689587585e-01
4.918142695970237344e-01,-5.396011397120571429e-01,0.000000000000000000e+00,-6.833369112247597021e-01
6.327454192180816950e-01,-5.475551271144001308e-01,0.000000000000000000e+00,-5.475551271144003529e-01
6.327454192180816950e-01,-6.168565814970334849e-01,0.000000000000000000e+00,-4.681038264341872979e-01
6.327454192180816950e-01,-6.735577714464606736e-01,0.000000000000000000e+00,-3.820381695362540242e-01
6.327454192180820280e-01,-7.176586969626815860e-01,0.000000000000000000e+00,-2.908594662931907604e-01
6.327454192180820280e-01,-7.491593580456966661e-01,0.000000000000000000e+00,-1.959425699308179614e-01
6.327454192180820280e-01,-7.680597546955055810e-01,0.000000000000000000e+00,-9.857711537478361374e-02
6.327454192180820280e-01,-7.743598869121087747e-01,0.000000000000000000e+00,8.749467173365393898e-16
6.327454192180819170e-01,-7.680597546955056920e-01,0.000000000000000000e+00,9.857711537478369701e-02
6.327454192180820280e-01,-7.491593580456966661e-01,0.000000000000000000e+00,1.959425699308180446e-01
6.327454192180819170e-01,-7.176586969626815860e-01,0.000000000000000000e+00,2.908594662931909269e-01
6.327454192180819170e-01,-6.735577714464604515e-01,0.000000000000000000e+00,3.820381695362543018e-01
6.327454192180816950e-01,-6.168565814970334849e-01,0.000000000000000000e+00,4.681038264341872979e-01
6.327454192180815840e-01,-5.475551271144002419e-01,0.000000000000000000e+00,5.475551271144003529e-01
4.918142695970232903e-01,-5.396011397120572539e-01,0.000000000000000000e+00,6.833369112247598132e-01
3.220472962743637924e-01,-5.205787601194034053e-01,0.000000000000000000e+00,7.907485652689588695e-01
1.178884946385311411e-01,-4.899196901292826034e-01,0.000000000000000000e+00,8.637598046074435043e-01
1.178884946385311411e-01,-4.875406640872012587e-01,7.284414660137579489e-02,-8.620325597094283809e-01
3.220472962743642364e-01,-5.179810363866688139e-01,7.739228608125778286e-02,-7.886644527055096665e-01
4.918142695970236788e-01,-5.367978887015389944e-01,8.020373884728937419e-02,-6.808333945843374480e-01
6.327454192180816950e-01,-5.445245991359067839e-01,8.135819768341795433e-02,-5.445245991359067839e-01
6.327454192180819170e-01,-6.138293180160476759e-01,8.341472991951573435e-02,-4.646383385332530369e-01
6.327454192180821391e-01,-6.705364993000284546e-01,8.500076608575306281e-02,-3.778741951097372986e-01
6.327454192180819170e-01,-7.146502886375732944e-01,8.606881582321725122e-02,-2.854826760970901045e-01
6.327454192180819170e-01,-7.461871086362134031e-01,8.634831093733524865e-02,-1.881010434897449068e-01
6.327454192180820280e-01,-7.652686925300598020e-01,8.365722530620517405e-02,-8.365722530620504915e-02
6.327454192180819170e-01,-7.680597546955056920e-01,9.857711537478369701e-02,0.000000000000000000e+00
6.327454192180820280e-01,-7.652686925300598020e-01,8.365722530620511854e-02,8.365722530620517405e-02
6.327454192180819170e-01,-7.461871086362135141e-01,8.634831093733524865e-02,1.881010434897450456e-01
6.327454192180820280e-01,-7.146502886375732944e-01,8.606881582321722346e-02,2.854826760970902710e-01
6.327454192180820280e-01,-6.705364993000283436e-01,8.500076608575303505e-02,3.778741951097374097e-01
6.327454192180819170e-01,-6.138293180160476759e-01,8.341472991951573435e-02,4.646383385332530369e-01
6.327454192180816950e-01,-5.445245991359066728e-01,8.135819768341794045e-02,5.445245991359070059e-01
4.918142695970235678e-01,-5.367978887015392164e-01,8.020373884728940195e-02,6.808333945843374480e-01
3.220472962743640144e-01,-5.179810363866688139e-01,7.739228608125776898e-02,7.886644527055097775e-01
1.178884946385311411e-01,-4.875406640872012587e-01,7.284414660137579489e-02,8.620325597094283809e-01
1.178884946385313631e-01,-4.804588042060954911e-01,1.448512424473490934e-01,-8.569012532691085982e-01
3.220472962743642364e-01,-5.102517915383671943e-01,1.538333886657509697e-01,-7.824729622970181264e-01
4.918142695970238454e-01,-5.284624979483095730e-01,1.593236480308234948e-01,-6.733959367720665501e-01
6.327454192180819170e-01,-5.355214938139668535e-01,1.614518311604067613e-01,-5.355214938139670755e-01
6.327454192180818060e-01,-6.048742585693999141e-01,1.652479457629264792e-01,-4.543715244156323885e-01
6.327454192180820280e-01,-6.616687738085276216e-01,1.678284070912012538e-01,-3.655971744946663882e-01
6.327454192180820280e-01,-7.059664591353383978e-01,1.686995536733831291e-01,-2.697870523669506082e-01
6.327454192180821391e-01,-7.379951093839136611e-01,1.658258921036746270e-01,-1.658258921036744327e-01
6.327454192180819170e-01,-7.461871086362134031e-01,1.881010434897450179e-01,-8.634831093733516538e-02
6.327454192180820280e-01,-7.491593580456966661e-01,1.959425699308180446e-01,0.000000000000000000e+00
6.327454192180819170e-01,-7.461871086362134031e-01,1.881010434897450179e-01,8.634831093733523477e-02
6.327454192180820280e-01,-7.379951093839135501e-01,1.658258921036744882e-01,1.658258921036745992e-01
6.327454192180820280e-01,-7.059664591353383978e-01,1.686995536733831291e-01,2.697870523669507192e-01
6.327454192180819170e-01,-6.616687738085275106e-01,1.678284070912012538e-01,3.655971744946666102e-01
6.327454192180818060e-01,-6.048742585693999141e-01,1.652479457629264792e-01,4.543715244156323885e-01
6.327454192180819170e-01,-5.355214938139668535e-01,1.614518311604067891e-01,5.355214938139672975e-01
4.918142695970235123e-01,-5.284624979483096840e-01,1.593236480308235503e-01,6.733959367720667721e-01
3.220472962743642364e-01,-5.102517915383670832e-01,1.538333886657509142e-01,7.824729622970181264e-01
1.178884946385313631e-01,-4.804588042060954911e-01,1.448512424473490934e-01,8.569012532691085982e-01
1.178884946385313770e-01,-4.688360188145312968e-01,2.152204877769675895e-01,-8.485135425761015648e-01
3.220472962743644030e-01,-4.975783676967038271e-01,2.284147435466465370e-01,-7.723522589422362472e-01
4.918142695970236788e-01,-5.148127811934085640e-01,2.363262493406971532e-01,-6.612385563570928326e-01
6.327454192180819170e-01,-5.208048824290506529e-01,2.390769401984616793e-01,-5.208048824290509859e-01
6.327454192180814729e-01,-5.903585923332106411e-01,2.440221759855770445e-01,-4.376792713210764796e-01
6.327454192180819170e-01,-6.475119642218024607e-01,2.465159331218421679e-01,-3.458198741617150573e-01
6.327454192180820280e-01,-6.925391374736700190e-01,2.449722203901486539e-01,-2.449722203901483486e-01
6.327454192180820280e-01,-7.059664591353383978e-01,2.697870523669507192e-01,-1.686995536733830736e-01
6.327454192180820280e-01,-7.146502886375732944e-01,2.854826760970902710e-01,-8.606881582321715407e-02
6.327454192180819170e-01,-7.176586969626815860e-01,2.908594662931909269e-01,0.000000000000000000e+00
6.327454192180820280e-01,-7.146502886375732944e-01,2.854826760970902710e-01,8.606881582321722346e-02
6.327454192180820280e-01,-7.059664591353383978e-01,2.697870523669507192e-01,1.686995536733831291e-01
6.327454192180820280e-01,-6.925391374736700190e-01,2.449722203901484874e-01,2.449722203901486262e-01
6.327454192180820280e-01,-6.475119642218024607e-01,2.465159331218421956e-01,3.458198741617152239e-01
6.327454192180814729e-01,-5.903585923332106411e-01,2.440221759855770445e-01,4.376792713210764796e-01
6.327454192180819170e-01,-5.208048824290506529e-01,2.390769401984616793e-01,5.208048824290509859e-01
4.918142695970235678e-01,-5.148127811934086751e-01,2.363262493406972087e-01,6.612385563570930547e-01
3.220472962743642920e-01,-4.975783676967035496e-01,2.284147435466464537e-01,7.723522589422366913e-01
1.178884946385313770e-01,-4.688360188145312968e-01,2.152204877769675895e-01,8.485135425761015648e-01
1.178884946385307247e-01,-4.529301528730149129e-01,2.832200951251249710e-01,-8.371039106154049003e-01
3.220472962743642364e-01,-4.802587927387783062e-01,3.003088668337989819e-01,-7.585852723725018398e-01
4.918142695970235678e-01,-4.961948791855544938e-01,3.102738026870399124e-01,-6.447011194785559063e-01
6.327454192180816950e-01,-5.007861758050272671e-01,3.131447695614385518e-01,-5.007861758050274892e-01
6.327454192180821391e-01,-5.708533878805819306e-01,3.184535284663113086e-01,-4.151469549583035046e-01
6.327454192180816950e-01,-6.289007767993289866e-01,3.194659977209898249e-01,-3.194659977209894919e-01
6.327454192180820280e-01,-6.475119642218024607e-01,3.458198741617152239e-01,-2.465159331218420569e-01
6.327454192180819170e-01,-6.616687738085273995e-01,3.655971744946665547e-01,-1.678284070912011705e-01
6.327454192180819170e-01,-6.705364993000283436e-01,3.778741951097374652e-01,-8.500076608575296566e-02
6.327454192180819170e-01,-6.735577714464604515e-01,3.820381695362543018e-01,0.000000000000000000e+00
6.327454192180819170e-01,-6.705364993000283436e-01,3.778741951097374652e-01,8.500076608575303505e-02
6.327454192180819170e-01,-6.616687738085273995e-01,3.655971744946665547e-01,1.678284070912012260e-01
6.327454192180820280e-01,-6.475119642218024607e-01,3.458198741617152239e-01,2.465159331218421956e-01
6.327454192180816950e-01,-6.289007767993288756e-01,3.194659977209896029e-01,3.194659977209898249e-01
6.327454192180821391e-01,-5.708533878805819306e-01,3.184535284663113086e-01,4.151469549583035046e-01
6.327454192180815840e-01,-5.007861758050273782e-01,3.131447695614385518e-01,5.007861758050276002e-01
4.918142695970235123e-01,-4.961948791855544383e-01,3.102738026870398569e-01,6.447011194785559063e-01
3.220472962743635703e-01,-4.802587927387781952e-01,3.003088668337989819e-01,7.585852723725020619e-01
1.178884946385307247e-01,-4.529301528730149129e-01,2.832200951251249710e-01,8.371039106154049003e-01
1.178884946385311411e-01,-4.330785845573874582e-01,3.482136453323614322e-01,-8.229778245092508326e-01
3.220472962743638479e-01,-4.586823791253297755e-01,3.688001877261766204e-01,-7.415405825546140806e-01
4.918142695970235123e-01,-4.730602240010168269e-01,3.803605879738660156e-01,-6.242263786520311220e-01
6.327454192180814729e-01,-4.760013295909764075e-01,3.827253622557295620e-01,-4.760013295909767406e-01
6.327454192180816950e-01,-5.470800273608904529e-01,3.875155984740106807e-01,-3.875155984740109028e-01
6.327454192180818060e-01,-5.708533878805822637e-01,4.151469549583038376e-01,-3.184535284663112531e-01
6.327454192180815840e-01,-5.903585923332106411e-01,4.376792713210764796e-01,-2.440221759855768779e-01
6.327454192180816950e-01,-6.048742585693999141e-01,4.543715244156324440e-01,-1.652479457629264237e-01
6.327454192180819170e-01,-6.138293180160476759e-01,4.646383385332530369e-01,-8.341472991951565108e-02
6.327454192180816950e-01,-6.168565814970334849e-01,4.681038264341872979e-01,0.000000000000000000e+00
6.327454192180819170e-01,-6.138293180160476759e-01,4.646383385332530369e-01,8.341472991951573435e-02
6.327454192180816950e-01,-6.048742585693999141e-01,4.543715244156324440e-01,1.652479457629265069e-01
6.327454192180814729e-01,-5.903585923332106411e-01,4.376792713210764796e-01,2.440221759855770445e-01
6.327454192180821391e-01,-5.708533878805819306e-01,4.151469549583035046e-01,3.184535284663113086e-01
6.327454192180816950e-01,-5.470800273608904529e-01,3.875155984740106807e-01,3.875155984740109028e-01
6.327454192180814729e-01,-4.760013295909764075e-01,3.827253622557295620e-01,4.760013295909768516e-01
4.918142695970231237e-01,-4.730602240010170489e-01,3.803605879738661821e-01,6.242263786520313440e-01
3.220472962743636258e-01,-4.586823791253298865e-01,3.688001877261766759e-01,7.415405825546140806e-01
1.178884946385311411e-01,-4.330785845573874582e-01,3.482136453323614322e-01,8.229778245092508326e-01
1.178884946385311411e-01,-4.096781292829870247e-01,4.096781292829873022e-01,-8.064923828569275921e-01
3.220472962743638479e-01,-4.333059893478122815e-01,4.333059893478125590e-01,-7.216490685596422816e-01
4.918142695970237344e-01,-4.459373874566908147e-01,4.459373874566910922e-01,-6.003319224873423510e-01
6.327454192180814729e-01,-4.470768891583540849e-01,4.470768891583546956e-01,-4.470768891583544180e-01
6.327454192180814729e-01,-4.760013295909762965e-01,4.760013295909768516e-01,-3.827253622557295065e-01
6.327454192180818060e-01,-5.007861758050273782e-01,5.007861758050276002e-01,-3.131447695614384408e-01
6.327454192180820280e-01,-5.208048824290507639e-01,5.208048824290510970e-01,-2.390769401984615405e-01
6.327454192180819170e-01,-5.355214938139668535e-01,5.355214938139672975e-01,-1.614518311604067058e-01
6.327454192180816950e-01,-5.445245991359066728e-01,5.445245991359070059e-01,-8.135819768341787106e-02
6.327454192180815840e-01,-5.475551271144002419e-01,5.475551271144003529e-01,0.000000000000000000e+00
6.327454192180816950e-01,-5.445245991359066728e-01,5.445245991359070059e-01,8.135819768341794045e-02
6.327454192180816950e-01,-5.355214938139668535e-01,5.355214938139671865e-01,1.614518311604067891e-01
6.327454192180819170e-01,-5.208048824290506529e-01,5.208048824290509859e-01,2.390769401984616793e-01
6.327454192180815840e-01,-5.007861758050273782e-01,5.007861758050276002e-01,3.131447695614385518e-01
6.327454192180814729e-01,-4.760013295909762965e-01,4.760013295909768516e-01,3.827253622557295065e-01
6.327454192180814729e-01,-4.470768891583540849e-01,4.470768891583544180e-01,4.470768891583545845e-01
4.918142695970231792e-01,-4.459373874566909812e-01,4.459373874566912588e-01,6.003319224873425730e-01
3.220472962743635703e-01,-4.333059893478121150e-01,4.333059893478124480e-01,7.216490685596423926e-01
1.178884946385311411e-01,-4.096781292829870247e-01,4.096781292829873022e-01,8.064923828569275921e-01
1.178884946385307247e-01,-4.095486787132461837e-01,4.929234673809894107e-01,-7.585503529108652554e-01
3.220472962743634593e-01,-4.313782925326439810e-01,5.191970936792190683e-01,-6.638016914779936162e-01
4.918142695970227352e-01,-4.410547147187203199e-01,5.308434151636128862e-01,-5.308434151636124421e-01
4.918142695970231237e-01,-4.459373874566909257e-01,6.003319224873425730e-01,-4.459373874566912033e-01
4.918142695970231237e-01,-4.730602240010170489e-01,6.242263786520313440e-01,-3.803605879738661821e-01
4.918142695970235123e-01,-4.961948791855544383e-01,6.447011194785559063e-01,-3.102738026870396904e-01
4.918142695970236788e-01,-5.148127811934085640e-01,6.612385563570929436e-01,-2.363262493406970144e-01
4.918142695970235123e-01,-5.284624979483096840e-01,6.733959367720667721e-01,-1.593236480308234670e-01
4.918142695970235123e-01,-5.367978887015392164e-01,6.808333945843374480e-01,-8.020373884728931868e-02
4.918142695970232903e-01,-5.396011397120572539e-01,6.833369112247598132e-01,0.000000000000000000e+00
4.918142695970235123e-01,-5.367978887015392164e-01,6.808333945843374480e-01,8.020373884728940195e-02
4.918142695970235123e-01,-5.284624979483096840e-01,6.733959367720667721e-01,1.593236480308235503e-01
4.918142695970235678e-01,-5.148127811934086751e-01,6.612385563570930547e-01,2.363262493406972087e-01
4.918142695970235123e-01,-4.961948791855544383e-01,6.447011194785559063e-01,3.102738026870398569e-01
4.918142695970231237e-01,-4.730602240010170489e-01,6.242263786520313440e-01,3.803605879738661821e-01
4.918142695970231237e-01,-4.459373874566909257e-01,6.003319224873424620e-01,4.459373874566912033e-01
4.918142695970231792e-01,-4.410547147187201533e-01,5.308434151636125531e-01,5.308434151636127751e-01
3.220472962743634038e-01,-4.313782925326439255e-01,5.191970936792189573e-01,6.638016914779936162e-01
1.178884946385307247e-01,-4.095486787132461837e-01,4.929234673809894107e-01,7.585503529108652554e-01
1.178884946385313354e-01,-4.066178271108613074e-01,5.704155671507346037e-01,-7.038397021052509306e-01
3.220472962743636258e-01,-4.261295720082060590e-01,5.977872225225612235e-01,-5.977872225225607794e-01
3.220472962743634593e-01,-4.313782925326438700e-01,6.638016914779938382e-01,-5.191970936792188462e-01
3.220472962743631817e-01,-4.333059893478122815e-01,7.216490685596426147e-01,-4.333059893478125035e-01
3.220472962743636258e-01,-4.586823791253298865e-01,7.415405825546140806e-01,-3.688001877261766759e-01
3.220472962743637924e-01,-4.802587927387781952e-01,7.585852723725020619e-01,-3.003088668337988709e-01
3.220472962743642920e-01,-4.975783676967035496e-01,7.723522589422366913e-01,-2.284147435466463150e-01
3.220472962743642364e-01,-5.102517915383670832e-01,7.824729622970181264e-01,-1.538333886657508309e-01
3.220472962743638479e-01,-5.179810363866688139e-01,7.886644527055098886e-01,-7.739228608125769959e-02
3.220472962743637924e-01,-5.205787601194034053e-01,7.907485652689588695e-01,0.000000000000000000e+00
3.220472962743638479e-01,-5.179810363866688139e-01,7.886644527055098886e-01,7.739228608125778286e-02
3.220472962743642364e-01,-5.102517915383670832e-01,7.824729622970181264e-01,1.538333886657509142e-01
3.220472962743642920e-01,-4.975783676967035496e-01,7.723522589422366913e-01,2.284147435466464537e-01
3.220472962743637924e-01,-4.802587927387781952e-01,7.585852723725020619e-01,3.003088668337989819e-01
3.220472962743636258e-01,-4.586823791253298865e-01,7.415405825546140806e-01,3.688001877261766759e-01
3.220472962743636258e-01,-4.333059893478121705e-01,7.216490685596425037e-01,4.333059893478125035e-01
3.220472962743634038e-01,-4.313782925326439255e-01,6.638016914779936162e-01,5.191970936792189573e-01
3.220472962743640144e-01,-4.261295720082059479e-01,5.977872225225607794e-01,5.977872225225608904e-01
1.178884946385313354e-01,-4.066178271108613074e-01,5.704155671507346037e-01,7.038397021052509306e-01
1.178884946385311411e-01,-4.015718865352455591e-01,6.422002502243302491e-01,-6.422002502243305821e-01
1.178884946385311411e-01,-4.066178271108614184e-01,7.038397021052510416e-01,-5.704155671507344927e-01
1.178884946385309190e-01,-4.095486787132461837e-01,7.585503529108652554e-01,-4.929234673809893552e-01
1.178884946385309190e-01,-4.096781292829870247e-01,8.064923828569278141e-01,-4.096781292829873022e-01
1.178884946385311411e-01,-4.330785845573874582e-01,8.229778245092508326e-01,-3.482136453323614322e-01
1.178884946385309190e-01,-4.529301528730149129e-01,8.371039106154049003e-01,-2.832200951251248600e-01
1.178884946385315990e-01,-4.688360188145312968e-01,8.485135425761015648e-01,-2.152204877769674785e-01
1.178884946385313770e-01,-4.804588042060955466e-01,8.569012532691087092e-01,-1.448512424473490379e-01
1.178884946385311411e-01,-4.875406640872012587e-01,8.620325597094283809e-01,-7.284414660137573938e-02
1.178884946385311411e-01,-4.899196901292826034e-01,8.637598046074435043e-01,0.000000000000000000e+00
1.178884946385311411e-01,-4.875406640872012587e-01,8.620325597094283809e-01,7.284414660137579489e-02
1.178884946385313770e-01,-4.804588042060955466e-01,8.569012532691087092e-01,1.448512424473491211e-01
1.178884946385315990e-01,-4.688360188145312968e-01,8.485135425761015648e-01,2.152204877769675895e-01
1.178884946385307247e-01,-4.529301528730149129e-01,8.371039106154049003e-01,2.832200951251249710e-01
1.178884946385311411e-01,-4.330785845573874582e-01,8.229778245092508326e-01,3.482136453323614322e-01
1.178884946385311411e-01,-4.096781292829870247e-01,8.064923828569275921e-01,4.096781292829873022e-01
1.178884946385307247e-01,-4.095486787132461837e-01,7.585503529108652554e-01,4.929234673809894107e-01
1.178884946385313631e-01,-4.066178271108613629e-01,7.038397021052509306e-01,5.704155671507346037e-01
1.178884946385311411e-01,-4.015718865352455591e-01,6.422002502243302491e-01,6.422002502243305821e-01
1.178884946385309190e-01,-3.388200068003898724e-01,-6.600391298338472712e-01,-6.600391298338476043e-01
1.178884946385313770e-01,-3.435954117741400471e-01,-7.213772728737550821e-01,-5.896264292082268321e-01
1.178884946385307109e-01,-3.468656883928800672e-01,-7.756620376625318336e-01,-5.139405611321250511e-01
1.178884946385311411e-01,-3.482136453323614322e-01,-8.229778245092508326e-01,-4.330785845573874582e-01
1.178884946385313631e-01,-3.467628954711882705e-01,-8.634890222120582548e-01,-3.467628954711884925e-01
1.178884946385313631e-01,-3.695323794772985559e-01,-8.770386135564427477e-01,-2.834632139814609042e-01
1.178884946385309190e-01,-3.879428107780053536e-01,-8.881555757209995683e-01,-2.162922830644254391e-01
1.178884946385313631e-01,-4.014932622627808700e-01,-8.964287580264180821e-01,-1.460169338558527929e-01
1.178884946385311411e-01,-4.097912183966543331e-01,-9.015326807918279117e-01,-7.356823785538697813e-02
1.178884946385315852e-01,-4.125859554975815913e-01,-9.032580650943609069e-01,0.000000000000000000e+00
1.178884946385311411e-01,-4.097912183966543331e-01,-9.015326807918279117e-01,7.356823785538704752e-02
1.178884946385313631e-01,-4.014932622627808700e-01,-8.964287580264180821e-01,1.460169338558528485e-01
1.178884946385309190e-01,-3.879428107780053536e-01,-8.881555757209995683e-01,2.162922830644256333e-01
1.178884946385315990e-01,-3.695323794772982229e-01,-8.770386135564428587e-01,2.834632139814610152e-01
1.178884946385313631e-01,-3.467628954711882705e-01,-8.634890222120582548e-01,3.467628954711884925e-01
1.178884946385311411e-01,-3.482136453323614322e-01,-8.229778245092508326e-01,4.330785845573874582e-01
1.178884946385307109e-01,-3.468656883928800672e-01,-7.756620376625318336e-01,5.139405611321251621e-01
1.178884946385313631e-01,-3.435954117741400471e-01,-7.213772728737549711e-01,5.896264292082268321e-01
1.178884946385309190e-01,-3.388200068003898724e-01,-6.600391298338472712e-01,6.600391298338476043e-01
1.178884946385313354e-01,-3.435954117741399916e-01,-5.896264292082267211e-01,-7.213772728737550821e-01
3.220472962743642920e-01,-3.606822341419404498e-01,-6.189482470032330319e-01,-6.189482470032331429e-01
3.220472962743634038e-01,-3.659057050878893325e-01,-6.844488372381049013e-01,-5.421515868739232857e-01
3.220472962743638479e-01,-3.688001877261766204e-01,-7.415405825546140806e-01,-4.586823791253297755e-01
3.220472962743642364e-01,-3.684554652234078298e-01,-7.904218362724906299e-01,-3.684554652234081074e-01
3.220472962743642364e-01,-3.930609738008455922e-01,-8.067709212128381102e-01,-3.015116755989585839e-01
3.220472962743636258e-01,-4.129931905767340594e-01,-8.201847692092424369e-01,-2.302587845377534748e-01
3.220472962743642364e-01,-4.276849026998856829e-01,-8.301672813603797607e-01,-1.555424312645188600e-01
3.220472962743644585e-01,-4.366905804909184674e-01,-8.363257303275686283e-01,-7.839737664574901455e-02
3.220472962743642364e-01,-4.397251855259842190e-01,-8.384075978761825754e-01,0.000000000000000000e+00
3.220472962743644585e-01,-4.366905804909184674e-01,-8.363257303275686283e-01,7.839737664574909781e-02
3.220472962743642920e-01,-4.276849026998856274e-01,-8.301672813603796497e-01,1.555424312645189155e-01
3.220472962743634593e-01,-4.129931905767340039e-01,-8.201847692092424369e-01,2.302587845377535858e-01
3.220472962743646250e-01,-3.930609738008453147e-01,-8.067709212128379992e-01,3.015116755989586395e-01
3.220472962743642364e-01,-3.684554652234078298e-01,-7.904218362724906299e-01,3.684554652234081074e-01
3.220472962743642364e-01,-3.688001877261765649e-01,-7.415405825546138585e-01,4.586823791253297200e-01
3.220472962743634593e-01,-3.659057050878893880e-01,-6.844488372381049013e-01,5.421515868739233968e-01
3.220472962743638479e-01,-3.606822341419405054e-01,-6.189482470032329209e-01,6.189482470032334760e-01
1.178884946385313354e-01,-3.435954117741399916e-01,-5.896264292082267211e-01,7.213772728737550821e-01
1.178884946385307109e-01,-3.468656883928800672e-01,-5.139405611321250511e-01,-7.756620376625318336e-01
3.220472962743634038e-01,-3.659057050878893325e-01,-5.421515868739232857e-01,-6.844488372381049013e-01
4.918142695970233458e-01,-3.750129803601912060e-01,-5.556455654381277087e-01,-5.556455654381279308e-01
4.918142695970235123e-01,-3.803605879738660156e-01,-6.242263786520311220e-01,-4.730602240010168269e-01
4.918142695970236788e-01,-3.819068128560822450e-01,-6.829444317138582132e-01,-3.819068128560824671e-01
4.918142695970238454e-01,-4.080617626271381693e-01,-7.025835850502333280e-01,-3.130185747209591196e-01
4.918142695970235123e-01,-4.293057673590240375e-01,-7.186968182124200410e-01,-2.393536417612431300e-01
4.918142695970236788e-01,-4.449964314666636778e-01,-7.306881980072973404e-01,-1.618383684282859447e-01
4.918142695970239009e-01,-4.546277647558923385e-01,-7.380859651619827710e-01,-8.161757019607591979e-02
4.918142695970239009e-01,-4.578754613413816843e-01,-7.405867850037313183e-01,0.000000000000000000e+00
4.918142695970239009e-01,-4.546277647558923385e-01,-7.380859651619827710e-01,8.161757019607598918e-02
4.918142695970236788e-01,-4.449964314666636778e-01,-7.306881980072973404e-01,1.618383684282860002e-01
4.918142695970232903e-01,-4.293057673590240930e-01,-7.186968182124201521e-01,2.393536417612433520e-01
4.918142695970240674e-01,-4.080617626271379472e-01,-7.025835850502332169e-01,3.130185747209592861e-01
4.918142695970236788e-01,-3.819068128560822450e-01,-6.829444317138582132e-01,3.819068128560824671e-01
4.918142695970235123e-01,-3.803605879738660711e-01,-6.242263786520311220e-01,4.730602240010169379e-01
4.918142695970231237e-01,-3.750129803601911505e-01,-5.556455654381277087e-01,5.556455654381280418e-01
3.220472962743634593e-01,-3.659057050878893325e-01,-5.421515868739232857e-01,6.844488372381050123e-01
1.178884946385307109e-01,-3.468656883928800672e-01,-5.139405611321250511e-01,7.756620376625318336e-01
1.178884946385311411e-01,-3.482136453323614322e-01,-4.330785845573874582e-01,-8.229778245092508326e-01
3.220472962743638479e-01,-3.688001877261766204e-01,-4.586823791253297755e-01,-7.415405825546140806e-01
4.918142695970235123e-01,-3.803605879738660156e-01,-4.730602240010168269e-01,-6.242263786520311220e-01
6.327454192180814729e-01,-3.827253622557295620e-01,-4.760013295909764075e-01,-4.760013295909767406e-01
6.327454192180816950e-01,-3.875155984740106807e-01,-5.470800273608904529e-01,-3.875155984740109028e-01
6.327454192180818060e-01,-4.151469549583038376e-01,-5.708533878805822637e-01,-3.184535284663112531e-01
6.327454192180815840e-01,-4.376792713210764796e-01,-5.903585923332106411e-01,-2.440221759855768779e-01
6.327454192180816950e-01,-4.543715244156324440e-01,-6.048742585693999141e-01,-1.652479457629264237e-01
6.327454192180819170e-01,-4.646383385332530369e-01,-6.138293180160476759e-01,-8.341472991951565108e-02
6.327454192180816950e-01,-4.681038264341872979e-01,-6.168565814970334849e-01,0.000000000000000000e+00
6.327454192180819170e-01,-4.646383385332530369e-01,-6.138293180160476759e-01,8.341472991951573435e-02
6.327454192180816950e-01,-4.543715244156324440e-01,-6.048742585693999141e-01,1.652479457629265069e-01
6.327454192180814729e-01,-4.376792713210764796e-01,-5.903585923332106411e-01,2.440221759855770445e-01
6.327454192180821391e-01,-4.151469549583035046e-01,-5.708533878805819306e-01,3.184535284663113086e-01
6.327454192180816950e-01,-3.875155984740106807e-01,-5.470800273608904529e-01,3.875155984740109028e-01
6.327454192180814729e-01,-3.827253622557295620e-01,-4.760013295909764075e-01,4.760013295909768516e-01
4.918142695970231237e-01,-3.803605879738661821e-01,-4.730602240010170489e-01,6.242263786520313440e-01
3.220472962743636258e-01,-3.688001877261766759e-01,-4.586823791253298865e-01,7.415405825546140806e-01
1.178884946385311411e-01,-3.482136453323614322e-01,-4.330785845573874582e-01,8.229778245092508326e-01
1.178884946385313631e-01,-3.467628954711882705e-01,-3.467628954711884925e-01,-8.634890222120582548e-01
3.220472962743640144e-01,-3.684554652234078853e-01,-3.684554652234081629e-01,-7.904218362724907410e-01
4.918142695970238454e-01,-3.819068128560821895e-01,-3.819068128560824116e-01,-6.829444317138581022e-01
6.327454192180816950e-01,-3.875155984740106807e-01,-3.875155984740109028e-01,-5.470800273608904529e-01
7.482221123931567242e-01,-3.830420649336579442e-01,-3.830420649336582217e-01,-3.830420649336582772e-01
7.482221123931568352e-01,-4.123724198403181940e-01,-4.123724198403182495e-01,-3.163252206764469165e-01
7.482221123931565021e-01,-4.364369423401425196e-01,-4.364369423401427972e-01,-2.433295322140260342e-01
7.482221123931569462e-01,-4.543456280752281029e-01,-4.543456280752282139e-01,-1.652385276616048226e-01
7.482221123931570572e-01,-4.653939218813502032e-01,-4.653939218813504253e-01,-8.355037688552403863e-02
7.482221123931569462e-01,-4.691288045547415408e-01,-4.691288045547417629e-01,0.000000000000000000e+00
7.482221123931569462e-01,-4.653939218813502032e-01,-4.653939218813504253e-01,8.355037688552410802e-02
7.482221123931570572e-01,-4.543456280752281029e-01,-4.543456280752281584e-01,1.652385276616048781e-01
7.482221123931565021e-01,-4.364369423401424086e-01,-4.364369423401426862e-01,2.433295322140261729e-01
7.482221123931572793e-01,-4.123724198403179164e-01,-4.123724198403178054e-01,3.163252206764469165e-01
7.482221123931567242e-01,-3.830420649336579442e-01,-3.830420649336582217e-01,3.830420649336582772e-01
6.327454192180816950e-01,-3.875155984740106807e-01,-3.875155984740108472e-01,5.470800273608905639e-01
4.918142695970235123e-01,-3.819068128560823561e-01,-3.819068128560825781e-01,6.829444317138582132e-01
3.220472962743635703e-01,-3.684554652234078853e-01,-3.684554652234080518e-01,7.904218362724908520e-01
1.178884946385313631e-01,-3.467628954711882705e-01,-3.467628954711884925e-01,8.634890222120582548e-01
1.178884946385313631e-01,-3.695323794772985559e-01,-2.834632139814609042e-01,-8.770386135564427477e-01
3.220472962743642920e-01,-3.930609738008455367e-01,-3.015116755989585839e-01,-8.067709212128379992e-01
4.918142695970238454e-01,-4.080617626271381693e-01,-3.130185747209591196e-01,-7.025835850502333280e-01
6.327454192180818060e-01,-4.151469549583038376e-01,-3.184535284663112531e-01,-5.708533878805822637e-01
7.482221123931568352e-01,-4.123724198403181940e-01,-3.163252206764469165e-01,-4.123724198403182495e-01
7.482221123931568352e-01,-4.839883160019706754e-01,-3.208730126541485261e-01,-3.208730126541486927e-01
7.482221123931569462e-01,-5.069498460676660212e-01,-3.484976925383949098e-01,-2.484248022909672227e-01
7.482221123931571682e-01,-5.244157928437100935e-01,-3.693329272251650863e-01,-1.695433148470195384e-01
7.482221123931571682e-01,-5.353563384878616827e-01,-3.823107096927635395e-01,-8.599873615935996196e-02
7.482221123931569462e-01,-5.390838293594639730e-01,-3.867199186091379026e-01,0.000000000000000000e+00
7.482221123931571682e-01,-5.353563384878616827e-01,-3.823107096927634840e-01,8.599873615936004523e-02
7.482221123931571682e-01,-5.244157928437100935e-01,-3.693329272251650863e-01,1.695433148470196494e-01
7.482221123931570572e-01,-5.069498460676659102e-01,-3.484976925383949098e-01,2.484248022909673614e-01
7.482221123931570572e-01,-4.839883160019704533e-01,-3.208730126541484706e-01,3.208730126541488037e-01
7.482221123931568352e-01,-4.123724198403181940e-01,-3.163252206764469165e-01,4.123724198403182495e-01
6.327454192180816950e-01,-4.151469549583036711e-01,-3.184535284663111421e-01,5.708533878805823747e-01
4.918142695970235123e-01,-4.080617626271382248e-01,-3.130185747209591751e-01,7.025835850502334390e-01
3.220472962743640144e-01,-3.930609738008454812e-01,-3.015116755989585284e-01,8.067709212128381102e-01
1.178884946385313631e-01,-3.695323794772985559e-01,-2.834632139814609042e-01,8.770386135564427477e-01
1.178884946385309190e-01,-3.879428107780053536e-01,-2.162922830644254391e-01,-8.881555757209995683e-01
3.220472962743636258e-01,-4.129931905767340594e-01,-2.302587845377534748e-01,-8.201847692092424369e-01
4.918142695970235123e-01,-4.293057673590240375e-01,-2.393536417612431300e-01,-7.186968182124200410e-01
6.327454192180815840e-01,-4.376792713210764796e-01,-2.440221759855768779e-01,-5.903585923332106411e-01
7.482221123931565021e-01,-4.364369423401425196e-01,-2.433295322140260342e-01,-4.364369423401427972e-01
7.482221123931569462e-01,-5.069498460676660212e-01,-2.484248022909672227e-01,-3.484976925383949098e-01
7.482221123931569462e-01,-5.625020668328802875e-01,-2.487519802279570258e-01,-2.487519802279571646e-01
7.482221123931569462e-01,-5.790680087600387216e-01,-2.745407348232704603e-01,-1.716720614407143131e-01
7.482221123931569462e-01,-5.897816729489320231e-01,-2.909106943192861228e-01,-8.770528325107737611e-02
7.482221123931569462e-01,-5.934932930964703646e-01,-2.965288882645823465e-01,0.000000000000000000e+00
7.482221123931569462e-01,-5.897816729489320231e-01,-2.909106943192861228e-01,8.770528325107745937e-02
7.482221123931569462e-01,-5.790680087600387216e-01,-2.745407348232704603e-01,1.716720614407143686e-01
7.482221123931570572e-01,-5.625020668328801765e-01,-2.487519802279570813e-01,2.487519802279574421e-01
7.482221123931570572e-01,-5.069498460676657992e-01,-2.484248022909672782e-01,3.484976925383950763e-01
7.482221123931565021e-01,-4.364369423401425196e-01,-2.433295322140260342e-01,4.364369423401427972e-01
6.327454192180814729e-01,-4.376792713210766461e-01,-2.440221759855769057e-01,5.903585923332106411e-01
4.918142695970231237e-01,-4.293057673590242040e-01,-2.393536417612432410e-01,7.186968182124201521e-01
3.220472962743635703e-01,-4.129931905767338929e-01,-2.302587845377533360e-01,8.201847692092424369e-01
1.178884946385309190e-01,-3.879428107780053536e-01,-2.162922830644254391e-01,8.881555757209995683e-01
1.178884946385311133e-01,-4.014932622627808145e-01,-1.460169338558527652e-01,-8.964287580264179711e-01
3.220472962743642920e-01,-4.276849026998856274e-01,-1.555424312645188600e-01,-8.301672813603796497e-01
4.918142695970236788e-01,-4.449964314666636778e-01,-1.618383684282859447e-01,-7.306881980072973404e-01
6.327454192180818060e-01,-4.543715244156323885e-01,-1.652479457629263959e-01,-6.048742585693999141e-01
7.482221123931569462e-01,-4.543456280752281029e-01,-1.652385276616048226e-01,-4.543456280752282139e-01
7.482221123931571682e-01,-5.244157928437100935e-01,-1.695433148470195384e-01,-3.693329272251650863e-01
7.482221123931569462e-01,-5.790680087600387216e-01,-1.716720614407143131e-01,-2.745407348232704603e-01
7.482221123931572793e-01,-6.185833174263869472e-01,-1.695853029122623701e-01,-1.695853029122624811e-01
7.482221123931571682e-01,-6.286901866368218572e-01,-1.926012875404823632e-01,-8.841416057526209349e-02
7.482221123931570572e-01,-6.323571957657604381e-01,-2.007188269425308202e-01,0.000000000000000000e+00
7.482221123931571682e-01,-6.286901866368218572e-01,-1.926012875404823632e-01,8.841416057526219063e-02
7.482221123931570572e-01,-6.185833174263869472e-01,-1.695853029122623978e-01,1.695853029122625644e-01
7.482221123931571682e-01,-5.790680087600383885e-01,-1.716720614407143131e-01,2.745407348232706268e-01
7.482221123931571682e-01,-5.244157928437099825e-01,-1.695433148470195384e-01,3.693329272251651973e-01
7.482221123931569462e-01,-4.543456280752281029e-01,-1.652385276616048226e-01,4.543456280752282139e-01
6.327454192180818060e-01,-4.543715244156323885e-01,-1.652479457629263959e-01,6.048742585693999141e-01
4.918142695970235123e-01,-4.449964314666638443e-01,-1.618383684282859725e-01,7.306881980072974514e-01
3.220472962743642364e-01,-4.276849026998854608e-01,-1.555424312645187768e-01,8.301672813603796497e-01
1.178884946385311133e-01,-4.014932622627808145e-01,-1.460169338558527652e-01,8.964287580264179711e-01
1.178884946385313770e-01,-4.097912183966543886e-01,-7.356823785538697813e-02,-9.015326807918279117e-01
3.220472962743644585e-01,-4.366905804909184674e-01,-7.839737664574901455e-02,-8.363257303275686283e-01
4.918142695970240674e-01,-4.546277647558922275e-01,-8.161757019607589203e-02,-7.380859651619825490e-01
6.327454192180819170e-01,-4.646383385332530369e-01,-8.341472991951565108e-02,-6.138293180160476759e-01
7.482221123931570572e-01,-4.653939218813502032e-01,-8.355037688552403863e-02,-4.653939218813504253e-01
7.482221123931571682e-01,-5.353563384878616827e-01,-8.599873615935996196e-02,-3.823107096927635395e-01
7.482221123931569462e-01,-5.897816729489320231e-01,-8.770528325107737611e-02,-2.909106943192861228e-01
7.482221123931571682e-01,-6.286901866368218572e-01,-8.841416057526209349e-02,-1.926012875404823632e-01
7.482221123931570572e-01,-6.522320677824912094e-01,-8.589819637832243893e-02,-8.589819637832249444e-02
7.482221123931572793e-01,-6.556755373673344156e-01,-1.012583834750435258e-01,0.000000000000000000e+00
7.482221123931570572e-01,-6.522320677824912094e-01,-8.589819637832242505e-02,8.589819637832254995e-02
7.482221123931571682e-01,-6.286901866368218572e-01,-8.841416057526210737e-02,1.926012875404824742e-01
7.482221123931570572e-01,-5.897816729489320231e-01,-8.770528325107734835e-02,2.909106943192862338e-01
7.482221123931571682e-01,-5.353563384878615716e-01,-8.599873615935994808e-02,3.823107096927637061e-01
7.482221123931570572e-01,-4.653939218813502032e-01,-8.355037688552403863e-02,4.653939218813504253e-01
6.327454192180819170e-01,-4.646383385332530369e-01,-8.341472991951565108e-02,6.138293180160476759e-01
4.918142695970236788e-01,-4.546277647558923385e-01,-8.161757019607590591e-02,7.380859651619827710e-01
3.220472962743642364e-01,-4.366905804909184674e-01,-7.839737664574900067e-02,8.363257303275686283e-01
1.178884946385313770e-01,-4.097912183966543886e-01,-7.356823785538697813e-02,9.015326807918279117e-01
1.178884946385315852e-01,-4.125859554975815913e-01,0.000000000000000000e+00,-9.032580650943609069e-01
3.220472962743642364e-01,-4.397251855259842190e-01,0.000000000000000000e+00,-8.384075978761825754e-01
4.918142695970239009e-01,-4.578754613413816843e-01,0.000000000000000000e+00,-7.405867850037313183e-01
6.327454192180816950e-01,-4.681038264341872979e-01,0.000000000000000000e+00,-6.168565814970334849e-01
7.482221123931569462e-01,-4.691288045547415408e-01,0.000000000000000000e+00,-4.691288045547417629e-01
7.482221123931569462e-01,-5.390838293594639730e-01,0.000000000000000000e+00,-3.867199186091379026e-01
7.482221123931569462e-01,-5.934932930964703646e-01,0.000000000000000000e+00,-2.965288882645823465e-01
7.482221123931570572e-01,-6.323571957657604381e-01,0.000000000000000000e+00,-2.007188269425308202e-01
7.482221123931572793e-01,-6.556755373673344156e-01,0.000000000000000000e+00,-1.012583834750435258e-01
7.482221123931571682e-01,-6.634483179011924081e-01,0.000000000000000000e+00,8.995537155492914561e-16
7.482221123931572793e-01,-6.556755373673344156e-01,0.000000000000000000e+00,1.012583834750435952e-01
7.482221123931569462e-01,-6.323571957657604381e-01,0.000000000000000000e+00,2.007188269425309313e-01
7.482221123931569462e-01,-5.934932930964702535e-01,0.000000000000000000e+00,2.965288882645825130e-01
7.482221123931569462e-01,-5.390838293594639730e-01,0.000000000000000000e+00,3.867199186091380692e-01
7.482221123931569462e-01,-4.691288045547415408e-01,0.000000000000000000e+00,4.691288045547417629e-01
6.327454192180819170e-01,-4.681038264341873534e-01,0.000000000000000000e+00,6.168565814970333738e-01
4.918142695970235678e-01,-4.578754613413817953e-01,0.000000000000000000e+00,7.405867850037314293e-01
3.220472962743637924e-01,-4.397251855259842190e-01,0.000000000000000000e+00,8.384075978761826864e-01
1.178884946385315852e-01,-4.125859554975815913e-01,0.000000000000000000e+00,9.032580650943609069e-01
1.178884946385313770e-01,-4.097912183966543886e-01,7.356823785538704752e-02,-9.015326807918279117e-01
3.220472962743644585e-01,-4.366905804909184674e-01,7.839737664574909781e-02,-8.363257303275686283e-01
4.918142695970239009e-01,-4.546277647558923385e-01,8.161757019607598918e-02,-7.380859651619827710e-01
6.327454192180819170e-01,-4.646383385332530369e-01,8.341472991951573435e-02,-6.138293180160476759e-01
7.482221123931570572e-01,-4.653939218813502032e-01,8.355037688552410802e-02,-4.653939218813504253e-01
7.482221123931571682e-01,-5.353563384878616827e-01,8.599873615936004523e-02,-3.823107096927634840e-01
7.482221123931569462e-01,-5.897816729489320231e-01,8.770528325107745937e-02,-2.909106943192861228e-01
7.482221123931571682e-01,-6.286901866368218572e-01,8.841416057526219063e-02,-1.926012875404823632e-01
7.482221123931570572e-01,-6.522320677824912094e-01,8.589819637832254995e-02,-8.589819637832242505e-02
7.482221123931572793e-01,-6.556755373673344156e-01,1.012583834750435952e-01,0.000000000000000000e+00
7.482221123931570572e-01,-6.522320677824912094e-01,8.589819637832249444e-02,8.589819637832254995e-02
7.482221123931570572e-01,-6.286901866368218572e-01,8.841416057526220451e-02,1.926012875404825020e-01
7.482221123931570572e-01,-5.897816729489320231e-01,8.770528325107744549e-02,2.909106943192862338e-01
7.482221123931571682e-01,-5.353563384878615716e-01,8.599873615936004523e-02,3.823107096927637061e-01
7.482221123931570572e-01,-4.653939218813502032e-01,8.355037688552410802e-02,4.653939218813504253e-01
6.327454192180819170e-01,-4.646383385332530369e-01,8.341472991951572047e-02,6.138293180160476759e-01
4.918142695970236788e-01,-4.546277647558923385e-01,8.161757019607597530e-02,7.380859651619827710e-01
3.220472962743642364e-01,-4.366905804909184674e-01,7.839737664574908393e-02,8.363257303275686283e-01
1.178884946385313770e-01,-4.097912183966543886e-01,7.356823785538704752e-02,9.015326807918279117e-01
1.178884946385311133e-01,-4.014932622627808145e-01,1.460169338558528207e-01,-8.964287580264179711e-01
3.220472962743642920e-01,-4.276849026998856274e-01,1.555424312645189155e-01,-8.301672813603796497e-01
4.918142695970237344e-01,-4.449964314666637333e-01,1.618383684282860280e-01,-7.306881980072973404e-01
6.327454192180818060e-01,-4.543715244156323885e-01,1.652479457629264792e-01,-6.048742585693999141e-01
7.482221123931570572e-01,-4.543456280752281029e-01,1.652385276616048781e-01,-4.543456280752281584e-01
7.482221123931571682e-01,-5.244157928437100935e-01,1.695433148470196494e-01,-3.693329272251650863e-01
7.482221123931569462e-01,-5.790680087600387216e-01,1.716720614407143686e-01,-2.745407348232704603e-01
7.482221123931570572e-01,-6.185833174263869472e-01,1.695853029122625644e-01,-1.695853029122623978e-01
7.482221123931571682e-01,-6.286901866368218572e-01,1.926012875404824742e-01,-8.841416057526210737e-02
7.482221123931569462e-01,-6.323571957657604381e-01,2.007188269425309313e-01,0.000000000000000000e+00
7.482221123931570572e-01,-6.286901866368218572e-01,1.926012875404825020e-01,8.841416057526220451e-02
7.482221123931570572e-01,-6.185833174263870582e-01,1.695853029122625366e-01,1.695853029122625921e-01
7.482221123931571682e-01,-5.790680087600383885e-01,1.716720614407143963e-01,2.745407348232706268e-01
7.482221123931571682e-01,-5.244157928437099825e-01,1.695433148470196216e-01,3.693329272251651973e-01
7.482221123931570572e-01,-4.543456280752281029e-01,1.652385276616048781e-01,4.543456280752281584e-01
6.327454192180818060e-01,-4.543715244156323885e-01,1.652479457629264792e-01,6.048742585693999141e-01
4.918142695970235123e-01,-4.449964314666638443e-01,1.618383684282860280e-01,7.306881980072973404e-01
3.220472962743642364e-01,-4.276849026998854608e-01,1.555424312645188600e-01,8.301672813603796497e-01
1.178884946385311133e-01,-4.014932622627808145e-01,1.460169338558528207e-01,8.964287580264179711e-01
1.178884946385309190e-01,-3.879428107780053536e-01,2.162922830644256333e-01,-8.881555757209995683e-01
3.220472962743635703e-01,-4.129931905767340039e-01,2.302587845377535858e-01,-8.201847692092423259e-01
4.918142695970232903e-01,-4.293057673590240930e-01,2.393536417612433520e-01,-7.186968182124201521e-01
6.327454192180814729e-01,-4.376792713210764796e-01,2.440221759855770445e-01,-5.903585923332106411e-01
7.482221123931565021e-01,-4.364369423401424086e-01,2.433295322140261729e-01,-4.364369423401426862e-01
7.482221123931570572e-01,-5.069498460676659102e-01,2.484248022909673614e-01,-3.484976925383949098e-01
7.482221123931570572e-01,-5.625020668328801765e-01,2.487519802279574421e-01,-2.487519802279570813e-01
7.482221123931571682e-01,-5.790680087600383885e-01,2.745407348232706268e-01,-1.716720614407143131e-01
7.482221123931570572e-01,-5.897816729489320231e-01,2.909106943192862338e-01,-8.770528325107734835e-02
7.482221123931569462e-01,-5.934932930964702535e-01,2.965288882645825130e-01,0.000000000000000000e+00
7.482221123931570572e-01,-5.897816729489320231e-01,2.909106943192862338e-01,8.770528325107744549e-02
7.482221123931571682e-01,-5.790680087600383885e-01,2.745407348232706268e-01,1.716720614407143963e-01
7.482221123931569462e-01,-5.625020668328800655e-01,2.487519802279572201e-01,2.487519802279573866e-01
7.482221123931569462e-01,-5.069498460676657992e-01,2.484248022909673892e-01,3.484976925383950763e-01
7.482221123931565021e-01,-4.364369423401424086e-01,2.433295322140261729e-01,4.364369423401426862e-01
6.327454192180814729e-01,-4.376792713210765351e-01,2.440221759855771000e-01,5.903585923332106411e-01
4.918142695970231237e-01,-4.293057673590241485e-01,2.393536417612433520e-01,7.186968182124201521e-01
3.220472962743634593e-01,-4.129931905767338929e-01,2.302587845377535580e-01,8.201847692092425479e-01
1.178884946385309190e-01,-3.879428107780053536e-01,2.162922830644256333e-01,8.881555757209995683e-01
1.178884946385315990e-01,-3.695323794772982229e-01,2.834632139814610152e-01,-8.770386135564428587e-01
3.220472962743646250e-01,-3.930609738008453147e-01,3.015116755989586395e-01,-8.067709212128379992e-01
4.918142695970240674e-01,-4.080617626271379472e-01,3.130185747209592861e-01,-7.025835850502332169e-01
6.327454192180821391e-01,-4.151469549583035046e-01,3.184535284663113086e-01,-5.708533878805819306e-01
7.482221123931572793e-01,-4.123724198403179164e-01,3.163252206764469165e-01,-4.123724198403178054e-01
7.482221123931570572e-01,-4.839883160019704533e-01,3.208730126541488037e-01,-3.208730126541484706e-01
7.482221123931570572e-01,-5.069498460676657992e-01,3.484976925383950763e-01,-2.484248022909672782e-01
7.482221123931571682e-01,-5.244157928437099825e-01,3.693329272251651973e-01,-1.695433148470195384e-01
7.482221123931571682e-01,-5.353563384878615716e-01,3.823107096927637061e-01,-8.599873615935994808e-02
7.482221123931569462e-01,-5.390838293594639730e-01,3.867199186091380692e-01,0.000000000000000000e+00
7.482221123931571682e-01,-5.353563384878615716e-01,3.823107096927637061e-01,8.599873615936004523e-02
7.482221123931571682e-01,-5.244157928437099825e-01,3.693329272251651973e-01,1.695433148470196216e-01
7.482221123931569462e-01,-5.069498460676657992e-01,3.484976925383950763e-01,2.484248022909673892e-01
7.482221123931568352e-01,-4.839883160019705088e-01,3.208730126541486372e-01,3.208730126541488037e-01
7.482221123931572793e-01,-4.123724198403179164e-01,3.163252206764469165e-01,4.123724198403178054e-01
6.327454192180821391e-01,-4.151469549583034491e-01,3.184535284663112531e-01,5.708533878805820416e-01
4.918142695970238454e-01,-4.080617626271380027e-01,3.130185747209592861e-01,7.025835850502333280e-01
3.220472962743642920e-01,-3.930609738008452037e-01,3.015116755989585839e-01,8.067709212128382212e-01
1.178884946385315990e-01,-3.695323794772982229e-01,2.834632139814610152e-01,8.770386135564428587e-01
1.178884946385313631e-01,-3.467628954711882705e-01,3.467628954711884925e-01,-8.634890222120582548e-01
3.220472962743640144e-01,-3.684554652234078853e-01,3.684554652234081629e-01,-7.904218362724907410e-01
4.918142695970238454e-01,-3.819068128560821895e-01,3.819068128560824116e-01,-6.829444317138581022e-01
6.327454192180816950e-01,-3.875155984740106807e-01,3.875155984740109028e-01,-5.470800273608904529e-01
7.482221123931567242e-01,-3.830420649336579442e-01,3.830420649336582217e-01,-3.830420649336582772e-01
7.482221123931568352e-01,-4.123724198403181940e-01,4.123724198403182495e-01,-3.163252206764469165e-01
7.482221123931565021e-01,-4.364369423401425196e-01,4.364369423401427972e-01,-2.433295322140260342e-01
7.482221123931569462e-01,-4.543456280752281029e-01,4.543456280752282139e-01,-1.652385276616048226e-01
7.482221123931570572e-01,-4.653939218813502032e-01,4.653939218813504253e-01,-8.355037688552403863e-02
7.482221123931569462e-01,-4.691288045547415408e-01,4.691288045547417629e-01,0.000000000000000000e+00
7.482221123931569462e-01,-4.653939218813502032e-01,4.653939218813504253e-01,8.355037688552410802e-02
7.482221123931570572e-01,-4.543456280752281029e-01,4.543456280752281584e-01,1.652385276616048781e-01
7.482221123931565021e-01,-4.364369423401424086e-01,4.364369423401426862e-01,2.433295322140261729e-01
7.482221123931572793e-01,-4.123724198403179164e-01,4.123724198403178054e-01,3.163252206764469165e-01
7.482221123931567242e-01,-3.830420649336579442e-01,3.830420649336582217e-01,3.830420649336582772e-01
6.327454192180816950e-01,-3.875155984740106807e-01,3.875155984740108472e-01,5.470800273608905639e-01
4.918142695970235123e-01,-3.819068128560823561e-01,3.819068128560825781e-01,6.829444317138582132e-01
3.220472962743635703e-01,-3.684554652234078853e-01,3.684554652234080518e-01,7.904218362724908520e-01
1.178884946385313631e-01,-3.467628954711882705e-01,3.467628954711884925e-01,8.634890222120582548e-01
1.178884946385311411e-01,-3.482136453323614322e-01,4.330785845573874582e-01,-8.229778245092508326e-01
3.220472962743642364e-01,-3.688001877261765649e-01,4.586823791253297200e-01,-7.415405825546138585e-01
4.918142695970235123e-01,-3.803605879738660711e-01,4.730602240010169379e-01,-6.242263786520311220e-01
6.327454192180814729e-01,-3.827253622557295620e-01,4.760013295909768516e-01,-4.760013295909764075e-01
6.327454192180816950e-01,-3.875155984740106807e-01,5.470800273608905639e-01,-3.875155984740108472e-01
6.327454192180816950e-01,-4.151469549583036711e-01,5.708533878805823747e-01,-3.184535284663111421e-01
6.327454192180814729e-01,-4.376792713210765351e-01,5.903585923332106411e-01,-2.440221759855769057e-01
6.327454192180816950e-01,-4.543715244156324440e-01,6.048742585693999141e-01,-1.652479457629264237e-01
6.327454192180819170e-01,-4.646383385332530369e-01,6.138293180160476759e-01,-8.341472991951565108e-02
6.327454192180819170e-01,-4.681038264341873534e-01,6.168565814970333738e-01,0.000000000000000000e+00
6.327454192180819170e-01,-4.646383385332530369e-01,6.138293180160476759e-01,8.341472991951572047e-02
6.327454192180816950e-01,-4.543715244156324440e-01,6.048742585693999141e-01,1.652479457629265069e-01
6.327454192180814729e-01,-4.376792713210765351e-01,5.903585923332106411e-01,2.440221759855771000e-01
6.327454192180821391e-01,-4.151469549583034491e-01,5.708533878805820416e-01,3.184535284663112531e-01
6.327454192180816950e-01,-3.875155984740106807e-01,5.470800273608905639e-01,3.875155984740108472e-01
6.327454192180815840e-01,-3.827253622557295620e-01,4.760013295909763520e-01,4.760013295909766851e-01
4.918142695970231237e-01,-3.803605879738661821e-01,4.730602240010170489e-01,6.242263786520312330e-01
3.220472962743636258e-01,-3.688001877261766759e-01,4.586823791253298865e-01,7.415405825546140806e-01
1.178884946385311411e-01,-3.482136453323614322e-01,4.330785845573874582e-01,8.229778245092508326e-01
1.178884946385307109e-01,-3.468656883928800672e-01,5.139405611321251621e-01,-7.756620376625318336e-01
3.220472962743634593e-01,-3.659057050878893880e-01,5.421515868739233968e-01,-6.844488372381049013e-01
4.918142695970231237e-01,-3.750129803601911505e-01,5.556455654381280418e-01,-5.556455654381277087e-01
4.918142695970231237e-01,-3.803605879738661821e-01,6.242263786520313440e-01,-4.730602240010170489e-01
4.918142695970235123e-01,-3.819068128560823561e-01,6.829444317138582132e-01,-3.819068128560825781e-01
4.918142695970235678e-01,-4.080617626271382803e-01,7.025835850502335500e-01,-3.130185747209592306e-01
4.918142695970231792e-01,-4.293057673590242040e-01,7.186968182124202631e-01,-2.393536417612432410e-01
4.918142695970235123e-01,-4.449964314666638443e-01,7.306881980072974514e-01,-1.618383684282859725e-01
4.918142695970237344e-01,-4.546277647558923940e-01,7.380859651619828821e-01,-8.161757019607591979e-02
4.918142695970235678e-01,-4.578754613413817953e-01,7.405867850037314293e-01,0.000000000000000000e+00
4.918142695970237344e-01,-4.546277647558923940e-01,7.380859651619828821e-01,8.161757019607598918e-02
4.918142695970235123e-01,-4.449964314666638443e-01,7.306881980072973404e-01,1.618383684282860280e-01
4.918142695970231237e-01,-4.293057673590241485e-01,7.186968182124201521e-01,2.393536417612433520e-01
4.918142695970238454e-01,-4.080617626271380027e-01,7.025835850502333280e-01,3.130185747209592861e-01
4.918142695970235123e-01,-3.819068128560823561e-01,6.829444317138582132e-01,3.819068128560825781e-01
4.918142695970231237e-01,-3.803605879738661821e-01,6.242263786520312330e-01,4.730602240010170489e-01
4.918142695970231237e-01,-3.750129803601911505e-01,5.556455654381277087e-01,5.556455654381280418e-01
3.220472962743634593e-01,-3.659057050878893325e-01,5.421515868739232857e-01,6.844488372381049013e-01
1.178884946385307109e-01,-3.468656883928800672e-01,5.139405611321251621e-01,7.756620376625318336e-01
1.178884946385313631e-01,-3.435954117741400471e-01,5.896264292082268321e-01,-7.213772728737549711e-01
3.220472962743638479e-01,-3.606822341419405054e-01,6.189482470032334760e-01,-6.189482470032329209e-01
3.220472962743634593e-01,-3.659057050878893325e-01,6.844488372381050123e-01,-5.421515868739232857e-01
3.220472962743636258e-01,-3.688001877261766759e-01,7.415405825546140806e-01,-4.586823791253298865e-01
3.220472962743637924e-01,-3.684554652234078853e-01,7.904218362724908520e-01,-3.684554652234080518e-01
3.220472962743640144e-01,-3.930609738008454812e-01,8.067709212128381102e-01,-3.015116755989585284e-01
3.220472962743635703e-01,-4.129931905767338929e-01,8.201847692092424369e-01,-2.302587845377533360e-01
3.220472962743642920e-01,-4.276849026998855163e-01,8.301672813603797607e-01,-1.555424312645188045e-01
3.220472962743642364e-01,-4.366905804909184674e-01,8.363257303275686283e-01,-7.839737664574900067e-02
3.220472962743637924e-01,-4.397251855259842190e-01,8.384075978761826864e-01,0.000000000000000000e+00
3.220472962743642364e-01,-4.366905804909184674e-01,8.363257303275686283e-01,7.839737664574908393e-02
3.220472962743640144e-01,-4.276849026998855163e-01,8.301672813603797607e-01,1.555424312645188878e-01
3.220472962743635703e-01,-4.129931905767338929e-01,8.201847692092424369e-01,2.302587845377535303e-01
3.220472962743642364e-01,-3.930609738008452592e-01,8.067709212128382212e-01,3.015116755989585839e-01
3.220472962743637924e-01,-3.684554652234078853e-01,7.904218362724908520e-01,3.684554652234080518e-01
3.220472962743636258e-01,-3.688001877261766759e-01,7.415405825546140806e-01,4.586823791253298865e-01
3.220472962743635703e-01,-3.659057050878892769e-01,6.844488372381047903e-01,5.421515868739232857e-01
3.220472962743638479e-01,-3.606822341419405054e-01,6.189482470032330319e-01,6.189482470032332539e-01
1.178884946385313631e-01,-3.435954117741400471e-01,5.896264292082268321e-01,7.213772728737549711e-01
1.178884946385309190e-01,-3.388200068003898724e-01,6.600391298338472712e-01,-6.600391298338476043e-01
1.178884946385313770e-01,-3.435954117741400471e-01,7.213772728737550821e-01,-5.896264292082268321e-01
1.178884946385307109e-01,-3.468656883928800672e-01,7.756620376625318336e-01,-5.139405611321250511e-01
1.178884946385311411e-01,-3.482136453323614322e-01,8.229778245092508326e-01,-4.330785845573874582e-01
1.178884946385313631e-01,-3.467628954711882705e-01,8.634890222120582548e-01,-3.467628954711884925e-01
1.178884946385313631e-01,-3.695323794772985559e-01,8.770386135564427477e-01,-2.834632139814609042e-01
1.178884946385309190e-01,-3.879428107780053536e-01,8.881555757209995683e-01,-2.162922830644254391e-01
1.178884946385313631e-01,-4.014932622627808700e-01,8.964287580264180821e-01,-1.460169338558527929e-01
1.178884946385311411e-01,-4.097912183966543331e-01,9.015326807918279117e-01,-7.356823785538697813e-02
1.178884946385315852e-01,-4.125859554975815913e-01,9.032580650943609069e-01,0.000000000000000000e+00
1.178884946385311411e-01,-4.097912183966543331e-01,9.015326807918279117e-01,7.356823785538704752e-02
1.178884946385313631e-01,-4.014932622627808700e-01,8.964287580264180821e-01,1.460169338558528485e-01
1.178884946385309190e-01,-3.879428107780053536e-01,8.881555757209995683e-01,2.162922830644256333e-01
1.178884946385315990e-01,-3.695323794772982229e-01,8.770386135564428587e-01,2.834632139814610152e-01
1.178884946385313631e-01,-3.467628954711882705e-01,8.634890222120582548e-01,3.467628954711884925e-01
1.178884946385311411e-01,-3.482136453323614322e-01,8.229778245092508326e-01,4.330785845573874582e-01
1.178884946385307109e-01,-3.468656883928800672e-01,7.756620376625318336e-01,5.139405611321251621e-01
1.178884946385313631e-01,-3.435954117741400471e-01,7.213772728737549711e-01,5.896264292082268321e-01
1.178884946385309190e-01,-3.388200068003898724e-01,6.600391298338472712e-01,6.600391298338476043e-01
1.178884946385307247e-01,-2.738483841031830179e-01,-6.749479110849728736e-01,-6.749479110849728736e-01
1.178884946385315852e-01,-2.780653970944720332e-01,-7.361143120799750195e-01,-6.057372840774949418e-01
1.178884946385311550e-01,-2.812617805228774803e-01,-7.901539131778817504e-01,-5.316492331778938096e-01
1.178884946385309190e-01,-2.832200951251248600e-01,-8.371039106154049003e-01,-4.529301528730149129e-01
1.178884946385313631e-01,-2.834632139814609042e-01,-8.770386135564427477e-01,-3.695323794772985559e-01
1.178884946385311411e-01,-2.808728269642792319e-01,-9.101226362298924233e-01,-2.808728269642793984e-01
1.178884946385313770e-01,-3.028871958693942212e-01,-9.207300547225110154e-01,-2.159115924190224689e-01
1.178884946385315990e-01,-3.192979043113356452e-01,-9.287987072161919544e-01,-1.465745974164031906e-01
1.178884946385315990e-01,-3.294382277368541612e-01,-9.338528541242193670e-01,-7.410535595698256039e-02
1.178884946385311411e-01,-3.328694220534015313e-01,-9.355748236745661250e-01,0.000000000000000000e+00
1.178884946385315852e-01,-3.294382277368541057e-01,-9.338528541242192560e-01,7.410535595698260203e-02
1.178884946385315990e-01,-3.192979043113356452e-01,-9.287987072161919544e-01,1.465745974164033016e-01
1.178884946385311411e-01,-3.028871958693942212e-01,-9.207300547225110154e-01,2.159115924190226077e-01
1.178884946385315852e-01,-2.808728269642792319e-01,-9.101226362298924233e-01,2.808728269642795095e-01
1.178884946385313631e-01,-2.834632139814609042e-01,-8.770386135564427477e-01,3.695323794772985559e-01
1.178884946385313631e-01,-2.832200951251248044e-01,-8.371039106154047893e-01,4.529301528730148019e-01
1.178884946385309329e-01,-2.812617805228774803e-01,-7.901539131778817504e-01,5.316492331778938096e-01
1.178884946385315852e-01,-2.780653970944720332e-01,-7.361143120799750195e-01,6.057372840774949418e-01
1.178884946385307247e-01,-2.738483841031830179e-01,-6.749479110849728736e-01,6.749479110849728736e-01
1.178884946385313631e-01,-2.780653970944720332e-01,-6.057372840774949418e-01,-7.361143120799750195e-01
3.220472962743646250e-01,-2.922927450175273334e-01,-6.367301195060942609e-01,-6.367301195060944830e-01
3.220472962743635703e-01,-2.970722010454401874e-01,-7.019348925532407080e-01,-5.615345518707288708e-01
3.220472962743642364e-01,-3.003088668337988709e-01,-7.585852723725018398e-01,-4.802587927387783062e-01
3.220472962743642920e-01,-3.015116755989585839e-01,-8.067709212128379992e-01,-3.930609738008455367e-01
3.220472962743638479e-01,-2.995002474577257989e-01,-8.466904644011848946e-01,-2.995002474577259655e-01
3.220472962743645140e-01,-3.232255235693540785e-01,-8.594894914364543670e-01,-2.304096655654745418e-01
3.220472962743646250e-01,-3.409372964918105375e-01,-8.692252156823376819e-01,-1.565082210148095176e-01
3.220472962743646250e-01,-3.518925962163831911e-01,-8.753236045562264867e-01,-7.915634527414794341e-02
3.220472962743642364e-01,-3.556014718382980444e-01,-8.774013518275476375e-01,0.000000000000000000e+00
3.220472962743646250e-01,-3.518925962163831911e-01,-8.753236045562264867e-01,7.915634527414801280e-02
3.220472962743646250e-01,-3.409372964918105375e-01,-8.692252156823376819e-01,1.565082210148096287e-01
3.220472962743642920e-01,-3.232255235693540785e-01,-8.594894914364543670e-01,2.304096655654747361e-01
3.220472962743642364e-01,-2.995002474577256879e-01,-8.466904644011846726e-01,2.995002474577259655e-01
3.220472962743642920e-01,-3.015116755989585839e-01,-8.067709212128379992e-01,3.930609738008455367e-01
3.220472962743642364e-01,-3.003088668337988709e-01,-7.585852723725018398e-01,4.802587927387783062e-01
3.220472962743638479e-01,-2.970722010454401318e-01,-7.019348925532407080e-01,5.615345518707289818e-01
3.220472962743642364e-01,-2.922927450175273334e-01,-6.367301195060942609e-01,6.367301195060947050e-01
1.178884946385313631e-01,-2.780653970944720332e-01,-6.057372840774949418e-01,7.361143120799750195e-01
1.178884946385309329e-01,-2.812617805228774803e-01,-5.316492331778938096e-01,-7.901539131778817504e-01
3.220472962743635703e-01,-2.970722010454401874e-01,-5.615345518707288708e-01,-7.019348925532407080e-01
4.918142695970235123e-01,-3.050690829184182773e-01,-5.766504915752961313e-01,-5.766504915752962424e-01
4.918142695970235123e-01,-3.102738026870397459e-01,-6.447011194785559063e-01,-4.961948791855545493e-01
4.918142695970238454e-01,-3.130185747209591196e-01,-7.025835850502333280e-01,-4.080617626271381693e-01
4.918142695970239009e-01,-3.121007123740967004e-01,-7.505364847173711107e-01,-3.121007123740968670e-01
4.918142695970238454e-01,-3.372163209464829614e-01,-7.659111711551265245e-01,-2.403829341027499122e-01
4.918142695970238454e-01,-3.560051820429576130e-01,-7.776060997705935840e-01,-1.634251760864041392e-01
4.918142695970241229e-01,-3.676434745001432858e-01,-7.849317204176289309e-01,-8.269942055679394000e-02
4.918142695970239009e-01,-3.715864817664999431e-01,-7.874275908228899334e-01,0.000000000000000000e+00
4.918142695970241229e-01,-3.676434745001432858e-01,-7.849317204176289309e-01,8.269942055679402326e-02
4.918142695970239009e-01,-3.560051820429576686e-01,-7.776060997705935840e-01,1.634251760864042502e-01
4.918142695970239009e-01,-3.372163209464830169e-01,-7.659111711551265245e-01,2.403829341027500788e-01
4.918142695970238454e-01,-3.121007123740967004e-01,-7.505364847173709997e-01,3.121007123740970335e-01
4.918142695970238454e-01,-3.130185747209591196e-01,-7.025835850502333280e-01,4.080617626271381693e-01
4.918142695970238454e-01,-3.102738026870396348e-01,-6.447011194785557953e-01,4.961948791855543273e-01
4.918142695970231237e-01,-3.050690829184183328e-01,-5.766504915752962424e-01,5.766504915752964644e-01
3.220472962743637924e-01,-2.970722010454400208e-01,-5.615345518707287598e-01,7.019348925532408190e-01
1.178884946385309329e-01,-2.812617805228774803e-01,-5.316492331778938096e-01,7.901539131778817504e-01
1.178884946385307247e-01,-2.832200951251248600e-01,-4.529301528730149129e-01,-8.371039106154049003e-01
3.220472962743642364e-01,-3.003088668337988709e-01,-4.802587927387783062e-01,-7.585852723725018398e-01
4.918142695970235123e-01,-3.102738026870397459e-01,-4.961948791855545493e-01,-6.447011194785559063e-01
6.327454192180818060e-01,-3.131447695614383853e-01,-5.007861758050272671e-01,-5.007861758050274892e-01
6.327454192180816950e-01,-3.184535284663111976e-01,-5.708533878805821526e-01,-4.151469549583037821e-01
6.327454192180816950e-01,-3.194659977209894364e-01,-6.289007767993289866e-01,-3.194659977209896584e-01
6.327454192180820280e-01,-3.458198741617151128e-01,-6.475119642218025717e-01,-2.465159331218420291e-01
6.327454192180819170e-01,-3.655971744946663327e-01,-6.616687738085275106e-01,-1.678284070912011150e-01
6.327454192180820280e-01,-3.778741951097372431e-01,-6.705364993000283436e-01,-8.500076608575295178e-02
6.327454192180816950e-01,-3.820381695362540242e-01,-6.735577714464606736e-01,0.000000000000000000e+00
6.327454192180820280e-01,-3.778741951097372431e-01,-6.705364993000283436e-01,8.500076608575304893e-02
6.327454192180819170e-01,-3.655971744946663327e-01,-6.616687738085275106e-01,1.678284070912012260e-01
6.327454192180819170e-01,-3.458198741617150573e-01,-6.475119642218024607e-01,2.465159331218421679e-01
6.327454192180816950e-01,-3.194659977209894919e-01,-6.289007767993289866e-01,3.194659977209898249e-01
6.327454192180816950e-01,-3.184535284663111976e-01,-5.708533878805821526e-01,4.151469549583037821e-01
6.327454192180815840e-01,-3.131447695614384408e-01,-5.007861758050273782e-01,5.007861758050276002e-01
4.918142695970235123e-01,-3.102738026870396904e-01,-4.961948791855544383e-01,6.447011194785559063e-01
3.220472962743637924e-01,-3.003088668337988709e-01,-4.802587927387781952e-01,7.585852723725020619e-01
1.178884946385307247e-01,-2.832200951251248600e-01,-4.529301528730149129e-01,8.371039106154049003e-01
1.178884946385313631e-01,-2.834632139814609042e-01,-3.695323794772985559e-01,-8.770386135564427477e-01
3.220472962743642920e-01,-3.015116755989585839e-01,-3.930609738008455367e-01,-8.067709212128379992e-01
4.918142695970238454e-01,-3.130185747209591196e-01,-4.080617626271381693e-01,-7.025835850502333280e-01
6.327454192180818060e-01,-3.184535284663112531e-01,-4.151469549583038376e-01,-5.708533878805822637e-01
7.482221123931568352e-01,-3.163252206764469165e-01,-4.123724198403181940e-01,-4.123724198403182495e-01
7.482221123931568352e-01,-3.208730126541485261e-01,-4.839883160019706754e-01,-3.208730126541486927e-01
7.482221123931569462e-01,-3.484976925383949098e-01,-5.069498460676660212e-01,-2.484248022909672227e-01
7.482221123931571682e-01,-3.693329272251650863e-01,-5.244157928437100935e-01,-1.695433148470195384e-01
7.482221123931571682e-01,-3.823107096927635395e-01,-5.353563384878616827e-01,-8.599873615935996196e-02
7.482221123931569462e-01,-3.867199186091379026e-01,-5.390838293594639730e-01,0.000000000000000000e+00
7.482221123931571682e-01,-3.823107096927634840e-01,-5.353563384878616827e-01,8.599873615936004523e-02
7.482221123931571682e-01,-3.693329272251650863e-01,-5.244157928437100935e-01,1.695433148470196494e-01
7.482221123931569462e-01,-3.484976925383948543e-01,-5.069498460676657992e-01,2.484248022909673337e-01
7.482221123931570572e-01,-3.208730126541484706e-01,-4.839883160019704533e-01,3.208730126541488037e-01
7.482221123931568352e-01,-3.163252206764469165e-01,-4.123724198403181940e-01,4.123724198403182495e-01
6.327454192180816950e-01,-3.184535284663111421e-01,-4.151469549583036711e-01,5.708533878805823747e-01
4.918142695970235123e-01,-3.130185747209591751e-01,-4.080617626271382248e-01,7.025835850502334390e-01
3.220472962743640144e-01,-3.015116755989585284e-01,-3.930609738008454812e-01,8.067709212128381102e-01
1.178884946385313631e-01,-2.834632139814609042e-01,-3.695323794772985559e-01,8.770386135564427477e-01
1.178884946385311411e-01,-2.808728269642792319e-01,-2.808728269642793984e-01,-9.101226362298924233e-01
3.220472962743638479e-01,-2.995002474577257989e-01,-2.995002474577259655e-01,-8.466904644011848946e-01
4.918142695970239009e-01,-3.121007123740967004e-01,-3.121007123740968670e-01,-7.505364847173711107e-01
6.327454192180816950e-01,-3.194659977209894364e-01,-3.194659977209896584e-01,-6.289007767993289866e-01
7.482221123931568352e-01,-3.208730126541485261e-01,-3.208730126541486927e-01,-4.839883160019706754e-01
8.404485357481775720e-01,-3.128611293416213024e-01,-3.128611293416214689e-01,-3.128611293416215799e-01
8.404485357481777941e-01,-3.421650674948028548e-01,-3.421650674948028548e-01,-2.439106228340577609e-01
8.404485357481779051e-01,-3.644554385043821676e-01,-3.644554385043822786e-01,-1.673042899865410105e-01
8.404485357481779051e-01,-3.784179693984910942e-01,-3.784179693984911497e-01,-8.512308518486051689e-02
8.404485357481776830e-01,-3.831750636189312220e-01,-3.831750636189313330e-01,0.000000000000000000e+00
8.404485357481777941e-01,-3.784179693984912052e-01,-3.784179693984912607e-01,8.512308518486062792e-02
8.404485357481779051e-01,-3.644554385043821676e-01,-3.644554385043822786e-01,1.673042899865410937e-01
8.404485357481777941e-01,-3.421650674948028548e-01,-3.421650674948028548e-01,2.439106228340579274e-01
8.404485357481774610e-01,-3.128611293416213024e-01,-3.128611293416214689e-01,3.128611293416218575e-01
7.482221123931568352e-01,-3.208730126541485261e-01,-3.208730126541486927e-01,4.839883160019706754e-01
6.327454192180818060e-01,-3.194659977209893253e-01,-3.194659977209895474e-01,6.289007767993289866e-01
4.918142695970235123e-01,-3.121007123740967559e-01,-3.121007123740969225e-01,7.505364847173713327e-01
3.220472962743640144e-01,-2.995002474577256324e-01,-2.995002474577257989e-01,8.466904644011848946e-01
1.178884946385311411e-01,-2.808728269642792319e-01,-2.808728269642793984e-01,9.101226362298924233e-01
1.178884946385313770e-01,-3.028871958693942212e-01,-2.159115924190224689e-01,-9.207300547225110154e-01
3.220472962743645140e-01,-3.232255235693540785e-01,-2.304096655654745418e-01,-8.594894914364543670e-01
4.918142695970238454e-01,-3.372163209464829614e-01,-2.403829341027499122e-01,-7.659111711551265245e-01
6.327454192180820280e-01,-3.458198741617151128e-01,-2.465159331218420291e-01,-6.475119642218025717e-01
7.482221123931569462e-01,-3.484976925383949098e-01,-2.484248022909672227e-01,-5.069498460676660212e-01
8.404485357481777941e-01,-3.421650674948028548e-01,-2.439106228340577609e-01,-3.421650674948028548e-01
8.404485357481776830e-01,-4.130618603878785100e-01,-2.480183040136843542e-01,-2.480183040136845485e-01
8.404485357481779051e-01,-4.342036282184076890e-01,-2.748934337187757260e-01,-1.718926062953721468e-01
8.404485357481777941e-01,-4.478766087160940268e-01,-2.920610078521381214e-01,-8.805208581350089381e-02
8.404485357481777941e-01,-4.526134484188652496e-01,-2.979720206145656802e-01,0.000000000000000000e+00
8.404485357481777941e-01,-4.478766087160940268e-01,-2.920610078521381214e-01,8.805208581350097707e-02
8.404485357481779051e-01,-4.342036282184076890e-01,-2.748934337187757260e-01,1.718926062953722023e-01
8.404485357481776830e-01,-4.130618603878783435e-01,-2.480183040136844375e-01,2.480183040136847428e-01
8.404485357481776830e-01,-3.421650674948029103e-01,-2.439106228340577887e-01,3.421650674948033544e-01
7.482221123931569462e-01,-3.484976925383949098e-01,-2.484248022909672227e-01,5.069498460676660212e-01
6.327454192180820280e-01,-3.458198741617151128e-01,-2.465159331218420291e-01,6.475119642218025717e-01
4.918142695970236788e-01,-3.372163209464829614e-01,-2.403829341027499400e-01,7.659111711551266355e-01
3.220472962743640699e-01,-3.232255235693539674e-01,-2.304096655654744308e-01,8.594894914364545890e-01
1.178884946385313770e-01,-3.028871958693942212e-01,-2.159115924190224689e-01,9.207300547225110154e-01
1.178884946385315990e-01,-3.192979043113356452e-01,-1.465745974164031906e-01,-9.287987072161919544e-01
3.220472962743646250e-01,-3.409372964918105375e-01,-1.565082210148095176e-01,-8.692252156823376819e-01
4.918142695970239009e-01,-3.560051820429576686e-01,-1.634251760864041669e-01,-7.776060997705935840e-01
6.327454192180819170e-01,-3.655971744946663327e-01,-1.678284070912011150e-01,-6.616687738085275106e-01
7.482221123931571682e-01,-3.693329272251650863e-01,-1.695433148470195384e-01,-5.244157928437100935e-01
8.404485357481779051e-01,-3.644554385043821676e-01,-1.673042899865410105e-01,-3.644554385043822786e-01
8.404485357481779051e-01,-4.342036282184076890e-01,-1.718926062953721468e-01,-2.748934337187757260e-01
8.404485357481776830e-01,-4.846338111352048728e-01,-1.714297638441331928e-01,-1.714297638441332761e-01
8.404485357481780161e-01,-4.975323884258949225e-01,-1.951477526959239650e-01,-8.958312253822510451e-02
8.404485357481777941e-01,-5.022122947045323249e-01,-2.035413221101601000e-01,0.000000000000000000e+00
8.404485357481780161e-01,-4.975323884258949225e-01,-1.951477526959239650e-01,8.958312253822520166e-02
8.404485357481779051e-01,-4.846338111352048172e-01,-1.714297638441331928e-01,1.714297638441333593e-01
8.404485357481777941e-01,-4.342036282184075224e-01,-1.718926062953721468e-01,2.748934337187758925e-01
8.404485357481775720e-01,-3.644554385043824452e-01,-1.673042899865410660e-01,3.644554385043828337e-01
7.482221123931571682e-01,-3.693329272251650863e-01,-1.695433148470195384e-01,5.244157928437100935e-01
6.327454192180820280e-01,-3.655971744946663882e-01,-1.678284070912011428e-01,6.616687738085275106e-01
4.918142695970237344e-01,-3.560051820429577241e-01,-1.634251760864041669e-01,7.776060997705936950e-01
3.220472962743644585e-01,-3.409372964918104265e-01,-1.565082210148094899e-01,8.692252156823377929e-01
1.178884946385315990e-01,-3.192979043113356452e-01,-1.465745974164031906e-01,9.287987072161919544e-01
1.178884946385315990e-01,-3.294382277368541612e-01,-7.410535595698256039e-02,-9.338528541242193670e-01
3.220472962743644030e-01,-3.518925962163831911e-01,-7.915634527414792954e-02,-8.753236045562263756e-01
4.918142695970241229e-01,-3.676434745001432858e-01,-8.269942055679394000e-02,-7.849317204176289309e-01
6.327454192180820280e-01,-3.778741951097372431e-01,-8.500076608575295178e-02,-6.705364993000283436e-01
7.482221123931572793e-01,-3.823107096927635395e-01,-8.599873615935996196e-02,-5.353563384878617937e-01
8.404485357481777941e-01,-3.784179693984912052e-01,-8.512308518486054465e-02,-3.784179693984912607e-01
8.404485357481777941e-01,-4.478766087160940268e-01,-8.805208581350089381e-02,-2.920610078521381214e-01
8.404485357481780161e-01,-4.975323884258949225e-01,-8.958312253822510451e-02,-1.951477526959239650e-01
8.404485357481779051e-01,-5.275769815836007792e-01,-8.748939153371954047e-02,-8.748939153371960986e-02
8.404485357481777941e-01,-5.319716024759325590e-01,-1.032108178338505267e-01,0.000000000000000000e+00
8.404485357481779051e-01,-5.275769815836007792e-01,-8.748939153371955435e-02,8.748939153371969313e-02
8.404485357481780161e-01,-4.975323884258949225e-01,-8.958312253822509064e-02,1.951477526959239928e-01
8.404485357481779051e-01,-4.478766087160939158e-01,-8.805208581350089381e-02,2.920610078521382880e-01
8.404485357481777941e-01,-3.784179693984910942e-01,-8.512308518486051689e-02,3.784179693984913717e-01
7.482221123931572793e-01,-3.823107096927635395e-01,-8.599873615935996196e-02,5.353563384878617937e-01
6.327454192180819170e-01,-3.778741951097372431e-01,-8.500076608575295178e-02,6.705364993000284546e-01
4.918142695970239009e-01,-3.676434745001433968e-01,-8.269942055679395387e-02,7.849317204176290419e-01
3.220472962743644585e-01,-3.518925962163830801e-01,-7.915634527414791566e-02,8.753236045562265977e-01
1.178884946385315990e-01,-3.294382277368541612e-01,-7.410535595698256039e-02,9.338528541242193670e-01
1.178884946385311411e-01,-3.328694220534015313e-01,0.000000000000000000e+00,-9.355748236745661250e-01
3.220472962743642364e-01,-3.556014718382980444e-01,0.000000000000000000e+00,-8.774013518275476375e-01
4.918142695970239009e-01,-3.715864817664999431e-01,0.000000000000000000e+00,-7.874275908228899334e-01
6.327454192180816950e-01,-3.820381695362540242e-01,0.000000000000000000e+00,-6.735577714464606736e-01
7.482221123931569462e-01,-3.867199186091379026e-01,0.000000000000000000e+00,-5.390838293594639730e-01
8.404485357481776830e-01,-3.831750636189312220e-01,0.000000000000000000e+00,-3.831750636189313330e-01
8.404485357481777941e-01,-4.526134484188652496e-01,0.000000000000000000e+00,-2.979720206145656802e-01
8.404485357481777941e-01,-5.022122947045323249e-01,0.000000000000000000e+00,-2.035413221101601000e-01
8.404485357481777941e-01,-5.319716024759325590e-01,0.000000000000000000e+00,-1.032108178338505267e-01
8.404485357481777941e-01,-5.418913717330660074e-01,0.000000000000000000e+00,9.184219473354279236e-16
8.404485357481777941e-01,-5.319716024759325590e-01,0.000000000000000000e+00,1.032108178338506238e-01
8.404485357481777941e-01,-5.022122947045322139e-01,0.000000000000000000e+00,2.035413221101601833e-01
8.404485357481776830e-01,-4.526134484188651941e-01,0.000000000000000000e+00,2.979720206145659578e-01
8.404485357481775720e-01,-3.831750636189312220e-01,0.000000000000000000e+00,3.831750636189316106e-01
7.482221123931569462e-01,-3.867199186091379026e-01,0.000000000000000000e+00,5.390838293594639730e-01
6.327454192180819170e-01,-3.820381695362540797e-01,0.000000000000000000e+00,6.735577714464605625e-01
4.918142695970237344e-01,-3.715864817664999986e-01,0.000000000000000000e+00,7.874275908228900445e-01
3.220472962743640144e-01,-3.556014718382979889e-01,0.000000000000000000e+00,8.774013518275477486e-01
1.178884946385311411e-01,-3.328694220534015313e-01,0.000000000000000000e+00,9.355748236745661250e-01
1.178884946385315990e-01,-3.294382277368541612e-01,7.410535595698261591e-02,-9.338528541242193670e-01
3.220472962743644030e-01,-3.518925962163831911e-01,7.915634527414801280e-02,-8.753236045562263756e-01
4.918142695970241229e-01,-3.676434745001432858e-01,8.269942055679402326e-02,-7.849317204176289309e-01
6.327454192180820280e-01,-3.778741951097372431e-01,8.500076608575304893e-02,-6.705364993000283436e-01
7.482221123931571682e-01,-3.823107096927634840e-01,8.599873615936004523e-02,-5.353563384878616827e-01
8.404485357481777941e-01,-3.784179693984912052e-01,8.512308518486062792e-02,-3.784179693984912607e-01
8.404485357481777941e-01,-4.478766087160939158e-01,8.805208581350096320e-02,-2.920610078521381214e-01
8.404485357481780161e-01,-4.975323884258949225e-01,8.958312253822520166e-02,-1.951477526959239650e-01
8.404485357481779051e-01,-5.275769815836007792e-01,8.748939153371969313e-02,-8.748939153371955435e-02
8.404485357481777941e-01,-5.319716024759325590e-01,1.032108178338506238e-01,0.000000000000000000e+00
8.404485357481779051e-01,-5.275769815836007792e-01,8.748939153371963762e-02,8.748939153371969313e-02
8.404485357481780161e-01,-4.975323884258949225e-01,8.958312253822516003e-02,1.951477526959239928e-01
8.404485357481777941e-01,-4.478766087160938603e-01,8.805208581350094932e-02,2.920610078521382325e-01
8.404485357481777941e-01,-3.784179693984910942e-01,8.512308518486061404e-02,3.784179693984913717e-01
7.482221123931571682e-01,-3.823107096927634840e-01,8.599873615936004523e-02,5.353563384878616827e-01
6.327454192180819170e-01,-3.778741951097372431e-01,8.500076608575304893e-02,6.705364993000284546e-01
4.918142695970239009e-01,-3.676434745001433968e-01,8.269942055679403714e-02,7.849317204176290419e-01
3.220472962743644585e-01,-3.518925962163830801e-01,7.915634527414799892e-02,8.753236045562265977e-01
1.178884946385315990e-01,-3.294382277368541612e-01,7.410535595698261591e-02,9.338528541242193670e-01
1.178884946385315990e-01,-3.192979043113356452e-01,1.465745974164033016e-01,-9.287987072161919544e-01
3.220472962743646250e-01,-3.409372964918105375e-01,1.565082210148096287e-01,-8.692252156823376819e-01
4.918142695970239009e-01,-3.560051820429576686e-01,1.634251760864042502e-01,-7.776060997705935840e-01
6.327454192180818060e-01,-3.655971744946663327e-01,1.678284070912012260e-01,-6.616687738085276216e-01
7.482221123931571682e-01,-3.693329272251650863e-01,1.695433148470196494e-01,-5.244157928437100935e-01
8.404485357481779051e-01,-3.644554385043821676e-01,1.673042899865410937e-01,-3.644554385043822786e-01
8.404485357481779051e-01,-4.342036282184076890e-01,1.718926062953722023e-01,-2.748934337187757260e-01
8.404485357481779051e-01,-4.846338111352048172e-01,1.714297638441333593e-01,-1.714297638441331928e-01
8.404485357481780161e-01,-4.975323884258949225e-01,1.951477526959239928e-01,-8.958312253822509064e-02
8.404485357481777941e-01,-5.022122947045322139e-01,2.035413221101601833e-01,0.000000000000000000e+00
8.404485357481780161e-01,-4.975323884258949225e-01,1.951477526959239928e-01,8.958312253822516003e-02
8.404485357481776830e-01,-4.846338111352048728e-01,1.714297638441332761e-01,1.714297638441333593e-01
8.404485357481777941e-01,-4.342036282184075224e-01,1.718926062953722023e-01,2.748934337187758925e-01
8.404485357481775720e-01,-3.644554385043824452e-01,1.673042899865412048e-01,3.644554385043828337e-01
7.482221123931571682e-01,-3.693329272251650863e-01,1.695433148470196494e-01,5.244157928437100935e-01
6.327454192180820280e-01,-3.655971744946663882e-01,1.678284070912012538e-01,6.616687738085275106e-01
4.918142695970235123e-01,-3.560051820429577241e-01,1.634251760864042502e-01,7.776060997705936950e-01
3.220472962743644585e-01,-3.409372964918104265e-01,1.565082210148096009e-01,8.692252156823377929e-01
1.178884946385315990e-01,-3.192979043113356452e-01,1.465745974164033016e-01,9.287987072161919544e-01
1.178884946385313770e-01,-3.028871958693942212e-01,2.159115924190226077e-01,-9.207300547225110154e-01
3.220472962743644585e-01,-3.232255235693540230e-01,2.304096655654747083e-01,-8.594894914364542560e-01
4.918142695970239009e-01,-3.372163209464830169e-01,2.403829341027500788e-01,-7.659111711551265245e-01
6.327454192180819170e-01,-3.458198741617151128e-01,2.465159331218421679e-01,-6.475119642218025717e-01
7.482221123931569462e-01,-3.484976925383948543e-01,2.484248022909673337e-01,-5.069498460676657992e-01
8.404485357481777941e-01,-3.421650674948028548e-01,2.439106228340579274e-01,-3.421650674948028548e-01
8.404485357481776830e-01,-4.130618603878783435e-01,2.480183040136847428e-01,-2.480183040136844375e-01
8.404485357481777941e-01,-4.342036282184075224e-01,2.748934337187758925e-01,-1.718926062953721468e-01
8.404485357481779051e-01,-4.478766087160939158e-01,2.920610078521382880e-01,-8.805208581350089381e-02
8.404485357481776830e-01,-4.526134484188651941e-01,2.979720206145659578e-01,0.000000000000000000e+00
8.404485357481777941e-01,-4.478766087160938603e-01,2.920610078521382325e-01,8.805208581350094932e-02
8.404485357481777941e-01,-4.342036282184075224e-01,2.748934337187758925e-01,1.718926062953722023e-01
8.404485357481777941e-01,-4.130618603878783435e-01,2.480183040136845207e-01,2.480183040136847150e-01
8.404485357481776830e-01,-3.421650674948028548e-01,2.439106228340578719e-01,3.421650674948032989e-01
7.482221123931569462e-01,-3.484976925383948543e-01,2.484248022909673337e-01,5.069498460676657992e-01
6.327454192180819170e-01,-3.458198741617151128e-01,2.465159331218421679e-01,6.475119642218025717e-01
4.918142695970236788e-01,-3.372163209464829614e-01,2.403829341027500788e-01,7.659111711551266355e-01
3.220472962743638479e-01,-3.232255235693539119e-01,2.304096655654745973e-01,8.594894914364545890e-01
1.178884946385313770e-01,-3.028871958693942212e-01,2.159115924190226077e-01,9.207300547225110154e-01
1.178884946385313631e-01,-2.808728269642792319e-01,2.808728269642795095e-01,-9.101226362298924233e-01
3.220472962743642364e-01,-2.995002474577256879e-01,2.995002474577259655e-01,-8.466904644011846726e-01
4.918142695970238454e-01,-3.121007123740967004e-01,3.121007123740970335e-01,-7.505364847173709997e-01
6.327454192180816950e-01,-3.194659977209894919e-01,3.194659977209898249e-01,-6.289007767993289866e-01
7.482221123931570572e-01,-3.208730126541484706e-01,3.208730126541488037e-01,-4.839883160019704533e-01
8.404485357481774610e-01,-3.128611293416213024e-01,3.128611293416218575e-01,-3.128611293416214689e-01
8.404485357481776830e-01,-3.421650674948027437e-01,3.421650674948031323e-01,-2.439106228340576499e-01
8.404485357481776830e-01,-3.644554385043822786e-01,3.644554385043827227e-01,-1.673042899865410105e-01
8.404485357481779051e-01,-3.784179693984911497e-01,3.784179693984914272e-01,-8.512308518486053077e-02
8.404485357481775720e-01,-3.831750636189312220e-01,3.831750636189316106e-01,0.000000000000000000e+00
8.404485357481776830e-01,-3.784179693984911497e-01,3.784179693984914827e-01,8.512308518486062792e-02
8.404485357481775720e-01,-3.644554385043824452e-01,3.644554385043828337e-01,1.673042899865412048e-01
8.404485357481775720e-01,-3.421650674948028548e-01,3.421650674948032989e-01,2.439106228340578997e-01
8.404485357481775720e-01,-3.128611293416211914e-01,3.128611293416215244e-01,3.128611293416215799e-01
7.482221123931570572e-01,-3.208730126541484706e-01,3.208730126541488037e-01,4.839883160019704533e-01
6.327454192180819170e-01,-3.194659977209893809e-01,3.194659977209897139e-01,6.289007767993289866e-01
4.918142695970235123e-01,-3.121007123740968114e-01,3.121007123740970890e-01,7.505364847173711107e-01
3.220472962743638479e-01,-2.995002474577257434e-01,2.995002474577260765e-01,8.466904644011848946e-01
1.178884946385313631e-01,-2.808728269642792319e-01,2.808728269642795095e-01,9.101226362298924233e-01
1.178884946385313631e-01,-2.834632139814609042e-01,3.695323794772985559e-01,-8.770386135564427477e-01
3.220472962743642920e-01,-3.015116755989585839e-01,3.930609738008455367e-01,-8.067709212128379992e-01
4.918142695970238454e-01,-3.130185747209591196e-01,4.080617626271381693e-01,-7.025835850502333280e-01
6.327454192180818060e-01,-3.184535284663112531e-01,4.151469549583038376e-01,-5.708533878805822637e-01
7.482221123931568352e-01,-3.163252206764469165e-01,4.123724198403181940e-01,-4.123724198403182495e-01
7.482221123931568352e-01,-3.208730126541485261e-01,4.839883160019706754e-01,-3.208730126541486927e-01
7.482221123931569462e-01,-3.484976925383949098e-01,5.069498460676660212e-01,-2.484248022909672227e-01
7.482221123931571682e-01,-3.693329272251650863e-01,5.244157928437100935e-01,-1.695433148470195384e-01
7.482221123931571682e-01,-3.823107096927635395e-01,5.353563384878616827e-01,-8.599873615935996196e-02
7.482221123931569462e-01,-3.867199186091379026e-01,5.390838293594639730e-01,0.000000000000000000e+00
7.482221123931571682e-01,-3.823107096927634840e-01,5.353563384878616827e-01,8.599873615936004523e-02
7.482221123931571682e-01,-3.693329272251650863e-01,5.244157928437100935e-01,1.695433148470196494e-01
7.482221123931569462e-01,-3.484976925383948543e-01,5.069498460676657992e-01,2.484248022909673337e-01
7.482221123931570572e-01,-3.208730126541484706e-01,4.839883160019704533e-01,3.208730126541488037e-01
7.482221123931568352e-01,-3.163252206764469165e-01,4.123724198403181940e-01,4.123724198403182495e-01
6.327454192180816950e-01,-3.184535284663111421e-01,4.151469549583036711e-01,5.708533878805823747e-01
4.918142695970235123e-01,-3.130185747209591751e-01,4.080617626271382248e-01,7.025835850502334390e-01
3.220472962743640144e-01,-3.015116755989585284e-01,3.930609738008454812e-01,8.067709212128381102e-01
1.178884946385313631e-01,-2.834632139814609042e-01,3.695323794772985559e-01,8.770386135564427477e-01
1.178884946385313631e-01,-2.832200951251248044e-01,4.529301528730148019e-01,-8.371039106154047893e-01
3.220472962743642364e-01,-3.003088668337988709e-01,4.802587927387783062e-01,-7.585852723725018398e-01
4.918142695970238454e-01,-3.102738026870396348e-01,4.961948791855543273e-01,-6.447011194785557953e-01
6.327454192180815840e-01,-3.131447695614384408e-01,5.007861758050276002e-01,-5.007861758050273782e-01
6.327454192180816950e-01,-3.184535284663111421e-01,5.708533878805823747e-01,-4.151469549583036711e-01
6.327454192180818060e-01,-3.194659977209893253e-01,6.289007767993289866e-01,-3.194659977209895474e-01
6.327454192180820280e-01,-3.458198741617151128e-01,6.475119642218025717e-01,-2.465159331218420291e-01
6.327454192180820280e-01,-3.655971744946663882e-01,6.616687738085275106e-01,-1.678284070912011428e-01
6.327454192180819170e-01,-3.778741951097372431e-01,6.705364993000284546e-01,-8.500076608575295178e-02
6.327454192180819170e-01,-3.820381695362540797e-01,6.735577714464605625e-01,0.000000000000000000e+00
6.327454192180819170e-01,-3.778741951097372431e-01,6.705364993000284546e-01,8.500076608575304893e-02
6.327454192180820280e-01,-3.655971744946663882e-01,6.616687738085275106e-01,1.678284070912012538e-01
6.327454192180819170e-01,-3.458198741617150573e-01,6.475119642218024607e-01,2.465159331218421679e-01
6.327454192180820280e-01,-3.194659977209893809e-01,6.289007767993289866e-01,3.194659977209897139e-01
6.327454192180816950e-01,-3.184535284663111421e-01,5.708533878805823747e-01,4.151469549583036711e-01
6.327454192180816950e-01,-3.131447695614384408e-01,5.007861758050273782e-01,5.007861758050274892e-01
4.918142695970235123e-01,-3.102738026870397459e-01,4.961948791855545493e-01,6.447011194785559063e-01
3.220472962743642920e-01,-3.003088668337988154e-01,4.802587927387781397e-01,7.585852723725019509e-01
1.178884946385313631e-01,-2.832200951251248044e-01,4.529301528730148019e-01,8.371039106154047893e-01
1.178884946385309329e-01,-2.812617805228774803e-01,5.316492331778938096e-01,-7.901539131778817504e-01
3.220472962743638479e-01,-2.970722010454401318e-01,5.615345518707289818e-01,-7.019348925532407080e-01
4.918142695970231237e-01,-3.050690829184183328e-01,5.766504915752964644e-01,-5.766504915752962424e-01
4.918142695970235123e-01,-3.102738026870396904e-01,6.447011194785559063e-01,-4.961948791855544383e-01
4.918142695970235678e-01,-3.130185747209592306e-01,7.025835850502335500e-01,-4.080617626271382803e-01
4.918142695970235123e-01,-3.121007123740967559e-01,7.505364847173713327e-01,-3.121007123740969225e-01
4.918142695970236788e-01,-3.372163209464829614e-01,7.659111711551266355e-01,-2.403829341027499400e-01
4.918142695970235123e-01,-3.560051820429577241e-01,7.776060997705936950e-01,-1.634251760864041669e-01
4.918142695970239009e-01,-3.676434745001433968e-01,7.849317204176290419e-01,-8.269942055679395387e-02
4.918142695970237344e-01,-3.715864817664999986e-01,7.874275908228900445e-01,0.000000000000000000e+00
4.918142695970239009e-01,-3.676434745001433968e-01,7.849317204176290419e-01,8.269942055679403714e-02
4.918142695970235123e-01,-3.560051820429577241e-01,7.776060997705936950e-01,1.634251760864042502e-01
4.918142695970236788e-01,-3.372163209464829614e-01,7.659111711551266355e-01,2.403829341027500788e-01
4.918142695970235123e-01,-3.121007123740968114e-01,7.505364847173711107e-01,3.121007123740970890e-01
4.918142695970235678e-01,-3.130185747209592306e-01,7.025835850502335500e-01,4.080617626271382803e-01
4.918142695970235123e-01,-3.102738026870397459e-01,6.447011194785559063e-01,4.961948791855545493e-01
4.918142695970232903e-01,-3.050690829184182773e-01,5.766504915752963534e-01,5.766504915752963534e-01
3.220472962743640144e-01,-2.970722010454400208e-01,5.615345518707288708e-01,7.019348925532405969e-01
1.178884946385309329e-01,-2.812617805228774803e-01,5.316492331778938096e-01,7.901539131778817504e-01
1.178884946385313631e-01,-2.780653970944720332e-01,6.057372840774949418e-01,-7.361143120799750195e-01
3.220472962743642364e-01,-2.922927450175273334e-01,6.367301195060947050e-01,-6.367301195060942609e-01
3.220472962743637924e-01,-2.970722010454400208e-01,7.019348925532408190e-01,-5.615345518707287598e-01
3.220472962743637924e-01,-3.003088668337988709e-01,7.585852723725020619e-01,-4.802587927387781952e-01
3.220472962743640699e-01,-3.015116755989585839e-01,8.067709212128382212e-01,-3.930609738008455367e-01
3.220472962743640144e-01,-2.995002474577256324e-01,8.466904644011848946e-01,-2.995002474577257989e-01
3.220472962743640699e-01,-3.232255235693539674e-01,8.594894914364545890e-01,-2.304096655654744308e-01
3.220472962743644030e-01,-3.409372964918104820e-01,8.692252156823377929e-01,-1.565082210148094899e-01
3.220472962743644585e-01,-3.518925962163830801e-01,8.753236045562265977e-01,-7.915634527414791566e-02
3.220472962743640144e-01,-3.556014718382979889e-01,8.774013518275477486e-01,0.000000000000000000e+00
3.220472962743644585e-01,-3.518925962163830801e-01,8.753236045562265977e-01,7.915634527414799892e-02
3.220472962743644030e-01,-3.409372964918104820e-01,8.692252156823377929e-01,1.565082210148096009e-01
3.220472962743640144e-01,-3.232255235693539119e-01,8.594894914364544780e-01,2.304096655654745973e-01
3.220472962743638479e-01,-2.995002474577257434e-01,8.466904644011848946e-01,2.995002474577260765e-01
3.220472962743640699e-01,-3.015116755989585839e-01,8.067709212128382212e-01,3.930609738008455367e-01
3.220472962743642920e-01,-3.003088668337988154e-01,7.585852723725019509e-01,4.802587927387781397e-01
3.220472962743640144e-01,-2.970722010454400208e-01,7.019348925532405969e-01,5.615345518707288708e-01
3.220472962743644585e-01,-2.922927450175273334e-01,6.367301195060942609e-01,6.367301195060945940e-01
1.178884946385313631e-01,-2.780653970944720332e-01,6.057372840774949418e-01,7.361143120799750195e-01
1.178884946385307247e-01,-2.738483841031830179e-01,6.749479110849728736e-01,-6.749479110849728736e-01
1.178884946385315852e-01,-2.780653970944720332e-01,7.361143120799750195e-01,-6.057372840774949418e-01
1.178884946385311550e-01,-2.812617805228774803e-01,7.901539131778817504e-01,-5.316492331778938096e-01
1.178884946385309190e-01,-2.832200951251248600e-01,8.371039106154049003e-01,-4.529301528730149129e-01
1.178884946385313631e-01,-2.834632139814609042e-01,8.770386135564427477e-01,-3.695323794772985559e-01
1.178884946385311411e-01,-2.808728269642792319e-01,9.101226362298924233e-01,-2.808728269642793984e-01
1.178884946385313770e-01,-3.028871958693942212e-01,9.207300547225110154e-01,-2.159115924190224689e-01
1.178884946385315990e-01,-3.192979043113356452e-01,9.287987072161919544e-01,-1.465745974164031906e-01
1.178884946385315990e-01,-3.294382277368541612e-01,9.338528541242193670e-01,-7.410535595698256039e-02
1.178884946385311411e-01,-3.328694220534015313e-01,9.355748236745661250e-01,0.000000000000000000e+00
1.178884946385315852e-01,-3.294382277368541057e-01,9.338528541242192560e-01,7.410535595698260203e-02
1.178884946385315990e-01,-3.192979043113356452e-01,9.287987072161919544e-01,1.465745974164033016e-01
1.178884946385311411e-01,-3.028871958693942212e-01,9.207300547225110154e-01,2.159115924190226077e-01
1.178884946385315852e-01,-2.808728269642792319e-01,9.101226362298924233e-01,2.808728269642795095e-01
1.178884946385313631e-01,-2.834632139814609042e-01,8.770386135564427477e-01,3.695323794772985559e-01
1.178884946385313631e-01,-2.832200951251248044e-01,8.371039106154047893e-01,4.529301528730148019e-01
1.178884946385309329e-01,-2.812617805228774803e-01,7.901539131778817504e-01,5.316492331778938096e-01
1.178884946385315852e-01,-2.780653970944720332e-01,7.361143120799750195e-01,6.057372840774949418e-01
1.178884946385307247e-01,-2.738483841031830179e-01,6.749479110849728736e-01,6.749479110849728736e-01
1.178884946385313631e-01,-2.070432679251058838e-01,-6.867442711951639023e-01,-6.867442711951641243e-01
1.178884946385309190e-01,-2.104489075098713580e-01,-7.478268272446958465e-01,-6.185212984311005968e-01
1.178884946385309190e-01,-2.132037269228333198e-01,-8.017457627387152286e-01,-5.457565442471494777e-01
1.178884946385313770e-01,-2.152204877769674785e-01,-8.485135425761015648e-01,-4.688360188145312968e-01
1.178884946385309190e-01,-2.162922830644254391e-01,-8.881555757209995683e-01,-3.879428107780053536e-01
1.178884946385313770e-01,-2.159115924190224689e-01,-9.207300547225110154e-01,-3.028871958693942212e-01
1.178884946385313631e-01,-2.126524943134890933e-01,-9.463932249104302086e-01,-2.126524943134892043e-01
1.178884946385311411e-01,-2.335884099438216288e-01,-9.540461068500495356e-01,-1.460643131502084580e-01
1.178884946385315852e-01,-2.467692959311767464e-01,-9.589954425134753491e-01,-7.439730274597181059e-02
1.178884946385315852e-01,-2.512736443590668500e-01,-9.607100803480590479e-01,0.000000000000000000e+00
1.178884946385315852e-01,-2.467692959311767464e-01,-9.589954425134753491e-01,7.439730274597186610e-02
1.178884946385311411e-01,-2.335884099438216288e-01,-9.540461068500495356e-01,1.460643131502085412e-01
1.178884946385313631e-01,-2.126524943134890377e-01,-9.463932249104300976e-01,2.126524943134893153e-01
1.178884946385315852e-01,-2.159115924190225244e-01,-9.207300547225109044e-01,3.028871958693944433e-01
1.178884946385309190e-01,-2.162922830644254391e-01,-8.881555757209995683e-01,3.879428107780053536e-01
1.178884946385313770e-01,-2.152204877769674785e-01,-8.485135425761015648e-01,4.688360188145312968e-01
1.178884946385307247e-01,-2.132037269228333476e-01,-8.017457627387152286e-01,5.457565442471495887e-01
1.178884946385309190e-01,-2.104489075098713857e-01,-7.478268272446957354e-01,6.185212984311008189e-01
1.178884946385313631e-01,-2.070432679251058838e-01,-6.867442711951639023e-01,6.867442711951641243e-01
1.178884946385309190e-01,-2.104489075098713580e-01,-6.185212984311005968e-01,-7.478268272446958465e-01
3.220472962743631817e-01,-2.214528695722324803e-01,-6.508625682586901551e-01,-6.508625682586903771e-01
3.220472962743631817e-01,-2.254101723154155190e-01,-7.159217448699595199e-01,-5.770024682802145088e-01
3.220472962743644030e-01,-2.284147435466464260e-01,-7.723522589422362472e-01,-4.975783676967038271e-01
3.220472962743636258e-01,-2.302587845377534748e-01,-8.201847692092424369e-01,-4.129931905767340594e-01
3.220472962743645140e-01,-2.304096655654745418e-01,-8.594894914364543670e-01,-3.232255235693540785e-01
3.220472962743642920e-01,-2.273494180076111315e-01,-8.904549529457247425e-01,-2.273494180076112703e-01
3.220472962743644030e-01,-2.498665851955323147e-01,-8.996890038989395766e-01,-1.562431593012296727e-01
3.220472962743644585e-01,-2.640571510193119864e-01,-9.056609263800687870e-01,-7.960933605006324798e-02
3.220472962743644585e-01,-2.689090922849628473e-01,-9.077298271230538340e-01,0.000000000000000000e+00
3.220472962743644585e-01,-2.640571510193119864e-01,-9.056609263800687870e-01,7.960933605006331737e-02
3.220472962743644030e-01,-2.498665851955323147e-01,-8.996890038989395766e-01,1.562431593012297282e-01
3.220472962743642364e-01,-2.273494180076111593e-01,-8.904549529457246315e-01,2.273494180076114091e-01
3.220472962743646250e-01,-2.304096655654745973e-01,-8.594894914364541449e-01,3.232255235693541895e-01
3.220472962743636258e-01,-2.302587845377534748e-01,-8.201847692092424369e-01,4.129931905767340594e-01
3.220472962743644030e-01,-2.284147435466464260e-01,-7.723522589422362472e-01,4.975783676967038271e-01
3.220472962743631817e-01,-2.254101723154155468e-01,-7.159217448699594089e-01,5.770024682802147309e-01
3.220472962743634038e-01,-2.214528695722324525e-01,-6.508625682586899330e-01,6.508625682586903771e-01
1.178884946385309190e-01,-2.104489075098713580e-01,-6.185212984311005968e-01,7.478268272446958465e-01
1.178884946385309190e-01,-2.132037269228333198e-01,-5.457565442471494777e-01,-8.017457627387152286e-01
3.220472962743634038e-01,-2.254101723154154913e-01,-5.770024682802143978e-01,-7.159217448699594089e-01
4.918142695970233458e-01,-2.318363159300400600e-01,-5.934520396951774579e-01,-5.934520396951777910e-01
4.918142695970236788e-01,-2.363262493406970421e-01,-6.612385563570929436e-01,-5.148127811934086751e-01
4.918142695970235123e-01,-2.393536417612431300e-01,-7.186968182124200410e-01,-4.293057673590240375e-01
4.918142695970238454e-01,-2.403829341027499122e-01,-7.659111711551265245e-01,-3.372163209464829614e-01
4.918142695970239009e-01,-2.378404230293270638e-01,-8.031080814978812654e-01,-2.378404230293272303e-01
4.918142695970238454e-01,-2.616047303802008228e-01,-8.142003807456845710e-01,-1.635830958779989908e-01
4.918142695970241229e-01,-2.766028960714798091e-01,-8.213740850690622874e-01,-8.339169312693484049e-02
4.918142695970238454e-01,-2.817348589791510149e-01,-8.238593286822355477e-01,0.000000000000000000e+00
4.918142695970241229e-01,-2.766028960714798091e-01,-8.213740850690622874e-01,8.339169312693490987e-02
4.918142695970239009e-01,-2.616047303802008783e-01,-8.142003807456845710e-01,1.635830958779990740e-01
4.918142695970238454e-01,-2.378404230293270083e-01,-8.031080814978811544e-01,2.378404230293273414e-01
4.918142695970239009e-01,-2.403829341027499400e-01,-7.659111711551265245e-01,3.372163209464831835e-01
4.918142695970235123e-01,-2.393536417612431300e-01,-7.186968182124200410e-01,4.293057673590240375e-01
4.918142695970238454e-01,-2.363262493406970144e-01,-6.612385563570928326e-01,5.148127811934086751e-01
4.918142695970227352e-01,-2.318363159300401710e-01,-5.934520396951774579e-01,5.934520396951780130e-01
3.220472962743634038e-01,-2.254101723154154913e-01,-5.770024682802143978e-01,7.159217448699594089e-01
1.178884946385309190e-01,-2.132037269228333198e-01,-5.457565442471494777e-01,8.017457627387152286e-01
1.178884946385315990e-01,-2.152204877769674785e-01,-4.688360188145312968e-01,-8.485135425761015648e-01
3.220472962743644030e-01,-2.284147435466464260e-01,-4.975783676967038271e-01,-7.723522589422362472e-01
4.918142695970236788e-01,-2.363262493406970421e-01,-5.148127811934086751e-01,-6.612385563570929436e-01
6.327454192180820280e-01,-2.390769401984615405e-01,-5.208048824290507639e-01,-5.208048824290510970e-01
6.327454192180815840e-01,-2.440221759855768779e-01,-5.903585923332106411e-01,-4.376792713210764796e-01
6.327454192180820280e-01,-2.465159331218420291e-01,-6.475119642218025717e-01,-3.458198741617151128e-01
6.327454192180819170e-01,-2.449722203901483764e-01,-6.925391374736700190e-01,-2.449722203901485151e-01
6.327454192180820280e-01,-2.697870523669506082e-01,-7.059664591353383978e-01,-1.686995536733830736e-01
6.327454192180819170e-01,-2.854826760970901045e-01,-7.146502886375732944e-01,-8.606881582321715407e-02
6.327454192180820280e-01,-2.908594662931907604e-01,-7.176586969626815860e-01,0.000000000000000000e+00
6.327454192180819170e-01,-2.854826760970901045e-01,-7.146502886375732944e-01,8.606881582321725122e-02
6.327454192180820280e-01,-2.697870523669506082e-01,-7.059664591353383978e-01,1.686995536733831291e-01
6.327454192180820280e-01,-2.449722203901483208e-01,-6.925391374736700190e-01,2.449722203901486262e-01
6.327454192180820280e-01,-2.465159331218420569e-01,-6.475119642218024607e-01,3.458198741617152239e-01
6.327454192180815840e-01,-2.440221759855768779e-01,-5.903585923332106411e-01,4.376792713210764796e-01
6.327454192180820280e-01,-2.390769401984615405e-01,-5.208048824290507639e-01,5.208048824290510970e-01
4.918142695970236788e-01,-2.363262493406970144e-01,-5.148127811934085640e-01,6.612385563570929436e-01
3.220472962743642364e-01,-2.284147435466463150e-01,-4.975783676967036051e-01,7.723522589422366913e-01
1.178884946385315990e-01,-2.152204877769674785e-01,-4.688360188145312968e-01,8.485135425761015648e-01
1.178884946385309190e-01,-2.162922830644254391e-01,-3.879428107780053536e-01,-8.881555757209995683e-01
3.220472962743636258e-01,-2.302587845377534748e-01,-4.129931905767340594e-01,-8.201847692092424369e-01
4.918142695970235123e-01,-2.393536417612431300e-01,-4.293057673590240375e-01,-7.186968182124200410e-01
6.327454192180815840e-01,-2.440221759855768779e-01,-4.376792713210764796e-01,-5.903585923332106411e-01
7.482221123931565021e-01,-2.433295322140260342e-01,-4.364369423401425196e-01,-4.364369423401427972e-01
7.482221123931569462e-01,-2.484248022909672227e-01,-5.069498460676660212e-01,-3.484976925383949098e-01
7.482221123931569462e-01,-2.487519802279570258e-01,-5.625020668328802875e-01,-2.487519802279571646e-01
7.482221123931569462e-01,-2.745407348232704603e-01,-5.790680087600387216e-01,-1.716720614407143131e-01
7.482221123931570572e-01,-2.909106943192861783e-01,-5.897816729489321341e-01,-8.770528325107738998e-02
7.482221123931569462e-01,-2.965288882645823465e-01,-5.934932930964703646e-01,0.000000000000000000e+00
7.482221123931570572e-01,-2.909106943192861783e-01,-5.897816729489321341e-01,8.770528325107747325e-02
7.482221123931569462e-01,-2.745407348232704603e-01,-5.790680087600387216e-01,1.716720614407143686e-01
7.482221123931570572e-01,-2.487519802279570813e-01,-5.625020668328801765e-01,2.487519802279574421e-01
7.482221123931570572e-01,-2.484248022909672782e-01,-5.069498460676657992e-01,3.484976925383950763e-01
7.482221123931565021e-01,-2.433295322140260342e-01,-4.364369423401425196e-01,4.364369423401427972e-01
6.327454192180814729e-01,-2.440221759855769057e-01,-4.376792713210766461e-01,5.903585923332106411e-01
4.918142695970231237e-01,-2.393536417612432410e-01,-4.293057673590242040e-01,7.186968182124201521e-01
3.220472962743635703e-01,-2.302587845377533360e-01,-4.129931905767338929e-01,8.201847692092424369e-01
1.178884946385309190e-01,-2.162922830644254391e-01,-3.879428107780053536e-01,8.881555757209995683e-01
1.178884946385313770e-01,-2.159115924190224689e-01,-3.028871958693942212e-01,-9.207300547225110154e-01
3.220472962743645140e-01,-2.304096655654745418e-01,-3.232255235693540785e-01,-8.594894914364543670e-01
4.918142695970238454e-01,-2.403829341027499122e-01,-3.372163209464829614e-01,-7.659111711551265245e-01
6.327454192180820280e-01,-2.465159331218420291e-01,-3.458198741617151128e-01,-6.475119642218025717e-01
7.482221123931569462e-01,-2.484248022909672227e-01,-3.484976925383949098e-01,-5.069498460676660212e-01
8.404485357481777941e-01,-2.439106228340577609e-01,-3.421650674948028548e-01,-3.421650674948028548e-01
8.404485357481776830e-01,-2.480183040136843542e-01,-4.130618603878785100e-01,-2.480183040136845485e-01
8.404485357481779051e-01,-2.748934337187757260e-01,-4.342036282184076890e-01,-1.718926062953721468e-01
8.404485357481777941e-01,-2.920610078521381214e-01,-4.478766087160940268e-01,-8.805208581350089381e-02
8.404485357481777941e-01,-2.979720206145656802e-01,-4.526134484188652496e-01,0.000000000000000000e+00
8.404485357481777941e-01,-2.920610078521381214e-01,-4.478766087160940268e-01,8.805208581350097707e-02
8.404485357481779051e-01,-2.748934337187757260e-01,-4.342036282184076890e-01,1.718926062953722023e-01
8.404485357481776830e-01,-2.480183040136844375e-01,-4.130618603878783435e-01,2.480183040136847428e-01
8.404485357481776830e-01,-2.439106228340577887e-01,-3.421650674948029103e-01,3.421650674948033544e-01
7.482221123931569462e-01,-2.484248022909672227e-01,-3.484976925383949098e-01,5.069498460676660212e-01
6.327454192180820280e-01,-2.465159331218420291e-01,-3.458198741617151128e-01,6.475119642218025717e-01
4.918142695970236788e-01,-2.403829341027499400e-01,-3.372163209464829614e-01,7.659111711551266355e-01
3.220472962743640699e-01,-2.304096655654744308e-01,-3.232255235693539674e-01,8.594894914364545890e-01
1.178884946385313770e-01,-2.159115924190224689e-01,-3.028871958693942212e-01,9.207300547225110154e-01
1.178884946385313631e-01,-2.126524943134890933e-01,-2.126524943134892043e-01,-9.463932249104302086e-01
3.220472962743642920e-01,-2.273494180076111315e-01,-2.273494180076112703e-01,-8.904549529457247425e-01
4.918142695970239009e-01,-2.378404230293270638e-01,-2.378404230293272303e-01,-8.031080814978812654e-01
6.327454192180819170e-01,-2.449722203901483764e-01,-2.449722203901485151e-01,-6.925391374736700190e-01
7.482221123931569462e-01,-2.487519802279570258e-01,-2.487519802279571646e-01,-5.625020668328802875e-01
8.404485357481776830e-01,-2.480183040136843542e-01,-2.480183040136845485e-01,-4.130618603878785100e-01
9.109092150820916611e-01,-2.382186683690200590e-01,-2.382186683690202533e-01,-2.382186683690203366e-01
9.109092150820916611e-01,-2.668369106765277055e-01,-2.668369106765278720e-01,-1.668548113772604091e-01
9.109092150820916611e-01,-2.853451391314618668e-01,-2.853451391314619223e-01,-8.602735045682304016e-02
9.109092150820916611e-01,-2.917570923546912720e-01,-2.917570923546912720e-01,0.000000000000000000e+00
9.109092150820916611e-01,-2.853451391314618113e-01,-2.853451391314618668e-01,8.602735045682310955e-02
9.109092150820916611e-01,-2.668369106765277055e-01,-2.668369106765278720e-01,1.668548113772604924e-01
9.109092150820915501e-01,-2.382186683690202256e-01,-2.382186683690203921e-01,2.382186683690208917e-01
8.404485357481775720e-01,-2.480183040136844375e-01,-2.480183040136845762e-01,4.130618603878787320e-01
7.482221123931569462e-01,-2.487519802279570258e-01,-2.487519802279571646e-01,5.625020668328802875e-01
6.327454192180818060e-01,-2.449722203901483208e-01,-2.449722203901484596e-01,6.925391374736701300e-01
4.918142695970236788e-01,-2.378404230293270638e-01,-2.378404230293272303e-01,8.031080814978813764e-01
3.220472962743642920e-01,-2.273494180076110760e-01,-2.273494180076112148e-01,8.904549529457247425e-01
1.178884946385313631e-01,-2.126524943134890933e-01,-2.126524943134892043e-01,9.463932249104302086e-01
1.178884946385311411e-01,-2.335884099438216288e-01,-1.460643131502084580e-01,-9.540461068500495356e-01
3.220472962743644030e-01,-2.498665851955323147e-01,-1.562431593012296727e-01,-8.996890038989395766e-01
4.918142695970238454e-01,-2.616047303802008228e-01,-1.635830958779989908e-01,-8.142003807456845710e-01
6.327454192180820280e-01,-2.697870523669506082e-01,-1.686995536733830736e-01,-7.059664591353383978e-01
7.482221123931569462e-01,-2.745407348232704603e-01,-1.716720614407143131e-01,-5.790680087600387216e-01
8.404485357481779051e-01,-2.748934337187757260e-01,-1.718926062953721468e-01,-4.342036282184076890e-01
9.109092150820916611e-01,-2.668369106765277055e-01,-1.668548113772604369e-01,-2.668369106765278720e-01
9.109092150820916611e-01,-3.351009842343112277e-01,-1.702229894046682346e-01,-1.702229894046683178e-01
9.109092150820916611e-01,-3.525609532059716389e-01,-1.948033418402619621e-01,-8.942501977014281900e-02
9.109092150820916611e-01,-3.588958393390539459e-01,-2.035636961337745632e-01,0.000000000000000000e+00
9.109092150820916611e-01,-3.525609532059716389e-01,-1.948033418402619621e-01,8.942501977014290226e-02
9.109092150820916611e-01,-3.351009842343112277e-01,-1.702229894046682346e-01,1.702229894046684289e-01
9.109092150820915501e-01,-2.668369106765277610e-01,-1.668548113772604646e-01,2.668369106765282051e-01
8.404485357481777941e-01,-2.748934337187756705e-01,-1.718926062953720912e-01,4.342036282184078555e-01
7.482221123931569462e-01,-2.745407348232704603e-01,-1.716720614407143131e-01,5.790680087600387216e-01
6.327454192180820280e-01,-2.697870523669506082e-01,-1.686995536733831014e-01,7.059664591353383978e-01
4.918142695970238454e-01,-2.616047303802008228e-01,-1.635830958779989630e-01,8.142003807456845710e-01
3.220472962743642920e-01,-2.498665851955322315e-01,-1.562431593012296449e-01,8.996890038989396876e-01
1.178884946385311411e-01,-2.335884099438216288e-01,-1.460643131502084580e-01,9.540461068500495356e-01
1.178884946385315852e-01,-2.467692959311767464e-01,-7.439730274597181059e-02,-9.589954425134753491e-01
3.220472962743645140e-01,-2.640571510193119864e-01,-7.960933605006324798e-02,-9.056609263800686760e-01
4.918142695970240674e-01,-2.766028960714797535e-01,-8.339169312693482661e-02,-8.213740850690621764e-01
6.327454192180819170e-01,-2.854826760970901045e-01,-8.606881582321715407e-02,-7.146502886375732944e-01
7.482221123931569462e-01,-2.909106943192861228e-01,-8.770528325107737611e-02,-5.897816729489320231e-01
8.404485357481777941e-01,-2.920610078521381214e-01,-8.805208581350089381e-02,-4.478766087160940268e-01
9.109092150820916611e-01,-2.853451391314618668e-01,-8.602735045682304016e-02,-2.853451391314619223e-01
9.109092150820916611e-01,-3.525609532059716389e-01,-8.942501977014281900e-02,-1.948033418402619621e-01
9.109092150820916611e-01,-3.932303737534858512e-01,-8.835800766263780803e-02,-8.835800766263786354e-02
9.109092150820916611e-01,-3.991790875296715169e-01,-1.044052582847557337e-01,0.000000000000000000e+00
9.109092150820916611e-01,-3.932303737534857957e-01,-8.835800766263782191e-02,8.835800766263794681e-02
9.109092150820916611e-01,-3.525609532059715834e-01,-8.942501977014283288e-02,1.948033418402620731e-01
9.109092150820915501e-01,-2.853451391314618668e-01,-8.602735045682304016e-02,2.853451391314621444e-01
8.404485357481776830e-01,-2.920610078521380659e-01,-8.805208581350085217e-02,4.478766087160941933e-01
7.482221123931569462e-01,-2.909106943192861228e-01,-8.770528325107737611e-02,5.897816729489320231e-01
6.327454192180819170e-01,-2.854826760970900490e-01,-8.606881582321715407e-02,7.146502886375732944e-01
4.918142695970238454e-01,-2.766028960714797535e-01,-8.339169312693482661e-02,8.213740850690622874e-01
3.220472962743642364e-01,-2.640571510193118754e-01,-7.960933605006320635e-02,9.056609263800687870e-01
1.178884946385315852e-01,-2.467692959311767464e-01,-7.439730274597181059e-02,9.589954425134753491e-01
1.178884946385315852e-01,-2.512736443590668500e-01,0.000000000000000000e+00,-9.607100803480590479e-01
3.220472962743644585e-01,-2.689090922849628473e-01,0.000000000000000000e+00,-9.077298271230538340e-01
4.918142695970238454e-01,-2.817348589791510149e-01,0.000000000000000000e+00,-8.238593286822355477e-01
6.327454192180820280e-01,-2.908594662931907604e-01,0.000000000000000000e+00,-7.176586969626815860e-01
7.482221123931569462e-01,-2.965288882645823465e-01,0.000000000000000000e+00,-5.934932930964703646e-01
8.404485357481777941e-01,-2.979720206145656802e-01,0.000000000000000000e+00,-4.526134484188652496e-01
9.109092150820916611e-01,-2.917570923546912720e-01,0.000000000000000000e+00,-2.917570923546912720e-01
9.109092150820916611e-01,-3.588958393390539459e-01,0.000000000000000000e+00,-2.035636961337745632e-01
9.109092150820916611e-01,-3.991790875296715169e-01,0.000000000000000000e+00,-1.044052582847557337e-01
9.109092150820916611e-01,-4.126068369265440405e-01,0.000000000000000000e+00,9.324062457808273278e-16
9.109092150820916611e-01,-3.991790875296714614e-01,0.000000000000000000e+00,1.044052582847558447e-01
9.109092150820916611e-01,-3.588958393390538348e-01,0.000000000000000000e+00,2.035636961337747020e-01
9.109092150820914391e-01,-2.917570923546913275e-01,0.000000000000000000e+00,2.917570923546917716e-01
8.404485357481775720e-01,-2.979720206145657913e-01,0.000000000000000000e+00,4.526134484188656382e-01
7.482221123931569462e-01,-2.965288882645823465e-01,0.000000000000000000e+00,5.934932930964703646e-01
6.327454192180820280e-01,-2.908594662931907604e-01,0.000000000000000000e+00,7.176586969626815860e-01
4.918142695970237344e-01,-2.817348589791511260e-01,0.000000000000000000e+00,8.238593286822356587e-01
3.220472962743642364e-01,-2.689090922849627363e-01,0.000000000000000000e+00,9.077298271230538340e-01
1.178884946385315852e-01,-2.512736443590668500e-01,0.000000000000000000e+00,9.607100803480590479e-01
1.178884946385315852e-01,-2.467692959311767464e-01,7.439730274597186610e-02,-9.589954425134753491e-01
3.220472962743645140e-01,-2.640571510193119864e-01,7.960933605006331737e-02,-9.056609263800686760e-01
4.918142695970240674e-01,-2.766028960714797535e-01,8.339169312693489600e-02,-8.213740850690621764e-01
6.327454192180819170e-01,-2.854826760970901045e-01,8.606881582321725122e-02,-7.146502886375732944e-01
7.482221123931569462e-01,-2.909106943192861228e-01,8.770528325107745937e-02,-5.897816729489320231e-01
8.404485357481777941e-01,-2.920610078521381214e-01,8.805208581350096320e-02,-4.478766087160939158e-01
9.109092150820916611e-01,-2.853451391314618113e-01,8.602735045682310955e-02,-2.853451391314618668e-01
9.109092150820916611e-01,-3.525609532059716389e-01,8.942501977014290226e-02,-1.948033418402619621e-01
9.109092150820916611e-01,-3.932303737534857957e-01,8.835800766263794681e-02,-8.835800766263782191e-02
9.109092150820916611e-01,-3.991790875296714614e-01,1.044052582847558447e-01,0.000000000000000000e+00
9.109092150820916611e-01,-3.932303737534857957e-01,8.835800766263789130e-02,8.835800766263794681e-02
9.109092150820916611e-01,-3.525609532059715834e-01,8.942501977014288839e-02,1.948033418402620731e-01
9.109092150820915501e-01,-2.853451391314618668e-01,8.602735045682312343e-02,2.853451391314621444e-01
8.404485357481776830e-01,-2.920610078521380659e-01,8.805208581350094932e-02,4.478766087160941933e-01
7.482221123931569462e-01,-2.909106943192861228e-01,8.770528325107745937e-02,5.897816729489320231e-01
6.327454192180819170e-01,-2.854826760970900490e-01,8.606881582321725122e-02,7.146502886375732944e-01
4.918142695970238454e-01,-2.766028960714797535e-01,8.339169312693489600e-02,8.213740850690622874e-01
3.220472962743642364e-01,-2.640571510193118754e-01,7.960933605006328961e-02,9.056609263800687870e-01
1.178884946385315852e-01,-2.467692959311767464e-01,7.439730274597186610e-02,9.589954425134753491e-01
1.178884946385311411e-01,-2.335884099438216288e-01,1.460643131502085412e-01,-9.540461068500495356e-01
3.220472962743644030e-01,-2.498665851955323147e-01,1.562431593012297282e-01,-8.996890038989395766e-01
4.918142695970238454e-01,-2.616047303802008228e-01,1.635830958779990740e-01,-8.142003807456845710e-01
6.327454192180820280e-01,-2.697870523669506082e-01,1.686995536733831291e-01,-7.059664591353383978e-01
7.482221123931569462e-01,-2.745407348232704603e-01,1.716720614407143686e-01,-5.790680087600387216e-01
8.404485357481776830e-01,-2.748934337187757260e-01,1.718926062953722300e-01,-4.342036282184077445e-01
9.109092150820916611e-01,-2.668369106765277055e-01,1.668548113772604924e-01,-2.668369106765278720e-01
9.109092150820916611e-01,-3.351009842343111722e-01,1.702229894046684011e-01,-1.702229894046682068e-01
9.109092150820916611e-01,-3.525609532059715834e-01,1.948033418402620731e-01,-8.942501977014283288e-02
9.109092150820916611e-01,-3.588958393390538348e-01,2.035636961337747020e-01,0.000000000000000000e+00
9.109092150820916611e-01,-3.525609532059715834e-01,1.948033418402620731e-01,8.942501977014288839e-02
9.109092150820916611e-01,-3.351009842343111167e-01,1.702229894046682901e-01,1.702229894046683734e-01
9.109092150820915501e-01,-2.668369106765277610e-01,1.668548113772605479e-01,2.668369106765281495e-01
8.404485357481776830e-01,-2.748934337187756149e-01,1.718926062953721468e-01,4.342036282184078000e-01
7.482221123931569462e-01,-2.745407348232704603e-01,1.716720614407143686e-01,5.790680087600387216e-01
6.327454192180819170e-01,-2.697870523669505527e-01,1.686995536733831846e-01,7.059664591353382868e-01
4.918142695970238454e-01,-2.616047303802008228e-01,1.635830958779990463e-01,8.142003807456845710e-01
3.220472962743642920e-01,-2.498665851955322315e-01,1.562431593012297282e-01,8.996890038989396876e-01
1.178884946385311411e-01,-2.335884099438216288e-01,1.460643131502085412e-01,9.540461068500495356e-01
1.178884946385313631e-01,-2.126524943134890377e-01,2.126524943134893153e-01,-9.463932249104300976e-01
3.220472962743644585e-01,-2.273494180076111593e-01,2.273494180076114091e-01,-8.904549529457246315e-01
4.918142695970238454e-01,-2.378404230293270083e-01,2.378404230293273414e-01,-8.031080814978811544e-01
6.327454192180820280e-01,-2.449722203901483208e-01,2.449722203901486262e-01,-6.925391374736700190e-01
7.482221123931570572e-01,-2.487519802279570813e-01,2.487519802279574421e-01,-5.625020668328801765e-01
8.404485357481776830e-01,-2.480183040136844375e-01,2.480183040136847428e-01,-4.130618603878783435e-01
9.109092150820915501e-01,-2.382186683690202256e-01,2.382186683690208917e-01,-2.382186683690203921e-01
9.109092150820915501e-01,-2.668369106765277610e-01,2.668369106765282051e-01,-1.668548113772604646e-01
9.109092150820915501e-01,-2.853451391314618668e-01,2.853451391314621444e-01,-8.602735045682304016e-02
9.109092150820914391e-01,-2.917570923546913275e-01,2.917570923546917716e-01,0.000000000000000000e+00
9.109092150820915501e-01,-2.853451391314618668e-01,2.853451391314621444e-01,8.602735045682312343e-02
9.109092150820915501e-01,-2.668369106765277610e-01,2.668369106765281495e-01,1.668548113772605479e-01
9.109092150820915501e-01,-2.382186683690201146e-01,2.382186683690203921e-01,2.382186683690205309e-01
8.404485357481776830e-01,-2.480183040136843264e-01,2.480183040136846317e-01,4.130618603878784545e-01
7.482221123931570572e-01,-2.487519802279570813e-01,2.487519802279574421e-01,5.625020668328801765e-01
6.327454192180819170e-01,-2.449722203901482931e-01,2.449722203901485984e-01,6.925391374736700190e-01
4.918142695970236788e-01,-2.378404230293270638e-01,2.378404230293273691e-01,8.031080814978812654e-01
3.220472962743642920e-01,-2.273494180076110760e-01,2.273494180076113813e-01,8.904549529457247425e-01
1.178884946385313631e-01,-2.126524943134890377e-01,2.126524943134893153e-01,9.463932249104300976e-01
1.178884946385313631e-01,-2.159115924190225244e-01,3.028871958693944433e-01,-9.207300547225109044e-01
3.220472962743646250e-01,-2.304096655654745973e-01,3.232255235693541895e-01,-8.594894914364541449e-01
4.918142695970239009e-01,-2.403829341027499400e-01,3.372163209464831835e-01,-7.659111711551265245e-01
6.327454192180820280e-01,-2.465159331218420569e-01,3.458198741617152239e-01,-6.475119642218024607e-01
7.482221123931570572e-01,-2.484248022909672782e-01,3.484976925383950763e-01,-5.069498460676657992e-01
8.404485357481775720e-01,-2.439106228340577609e-01,3.421650674948032989e-01,-3.421650674948028548e-01
8.404485357481775720e-01,-2.480183040136844375e-01,4.130618603878787320e-01,-2.480183040136845762e-01
8.404485357481777941e-01,-2.748934337187756705e-01,4.342036282184078555e-01,-1.718926062953720912e-01
8.404485357481776830e-01,-2.920610078521380659e-01,4.478766087160941933e-01,-8.805208581350085217e-02
8.404485357481775720e-01,-2.979720206145657913e-01,4.526134484188656382e-01,0.000000000000000000e+00
8.404485357481776830e-01,-2.920610078521380659e-01,4.478766087160941933e-01,8.805208581350094932e-02
8.404485357481776830e-01,-2.748934337187756149e-01,4.342036282184078000e-01,1.718926062953721468e-01
8.404485357481776830e-01,-2.480183040136843264e-01,4.130618603878784545e-01,2.480183040136846317e-01
8.404485357481776830e-01,-2.439106228340576776e-01,3.421650674948028548e-01,3.421650674948030213e-01
7.482221123931570572e-01,-2.484248022909672782e-01,3.484976925383950763e-01,5.069498460676657992e-01
6.327454192180820280e-01,-2.465159331218420291e-01,3.458198741617151684e-01,6.475119642218023497e-01
4.918142695970236788e-01,-2.403829341027499678e-01,3.372163209464831279e-01,7.659111711551265245e-01
3.220472962743642920e-01,-2.304096655654745140e-01,3.232255235693540785e-01,8.594894914364544780e-01
1.178884946385313631e-01,-2.159115924190225244e-01,3.028871958693944433e-01,9.207300547225109044e-01
1.178884946385309190e-01,-2.162922830644254391e-01,3.879428107780053536e-01,-8.881555757209995683e-01
3.220472962743636258e-01,-2.302587845377534748e-01,4.129931905767340594e-01,-8.201847692092424369e-01
4.918142695970235123e-01,-2.393536417612431300e-01,4.293057673590240375e-01,-7.186968182124200410e-01
6.327454192180815840e-01,-2.440221759855768779e-01,4.376792713210764796e-01,-5.903585923332106411e-01
7.482221123931565021e-01,-2.433295322140260342e-01,4.364369423401425196e-01,-4.364369423401427972e-01
7.482221123931569462e-01,-2.484248022909672227e-01,5.069498460676660212e-01,-3.484976925383949098e-01
7.482221123931569462e-01,-2.487519802279570258e-01,5.625020668328802875e-01,-2.487519802279571646e-01
7.482221123931569462e-01,-2.745407348232704603e-01,5.790680087600387216e-01,-1.716720614407143131e-01
7.482221123931570572e-01,-2.909106943192861783e-01,5.897816729489321341e-01,-8.770528325107738998e-02
7.482221123931569462e-01,-2.965288882645823465e-01,5.934932930964703646e-01,0.000000000000000000e+00
7.482221123931570572e-01,-2.909106943192861783e-01,5.897816729489321341e-01,8.770528325107747325e-02
7.482221123931569462e-01,-2.745407348232704603e-01,5.790680087600387216e-01,1.716720614407143686e-01
7.482221123931570572e-01,-2.487519802279570813e-01,5.625020668328801765e-01,2.487519802279574421e-01
7.482221123931570572e-01,-2.484248022909672782e-01,5.069498460676657992e-01,3.484976925383950763e-01
7.482221123931565021e-01,-2.433295322140260342e-01,4.364369423401425196e-01,4.364369423401427972e-01
6.327454192180814729e-01,-2.440221759855769057e-01,4.376792713210766461e-01,5.903585923332106411e-01
4.918142695970231237e-01,-2.393536417612432410e-01,4.293057673590242040e-01,7.186968182124201521e-01
3.220472962743635703e-01,-2.302587845377533360e-01,4.129931905767338929e-01,8.201847692092424369e-01
1.178884946385309190e-01,-2.162922830644254391e-01,3.879428107780053536e-01,8.881555757209995683e-01
1.178884946385315990e-01,-2.152204877769674785e-01,4.688360188145312968e-01,-8.485135425761015648e-01
3.220472962743644030e-01,-2.284147435466464260e-01,4.975783676967038271e-01,-7.723522589422362472e-01
4.918142695970238454e-01,-2.363262493406970144e-01,5.148127811934086751e-01,-6.612385563570928326e-01
6.327454192180820280e-01,-2.390769401984615405e-01,5.208048824290510970e-01,-5.208048824290507639e-01
6.327454192180814729e-01,-2.440221759855769057e-01,5.903585923332106411e-01,-4.376792713210766461e-01
6.327454192180820280e-01,-2.465159331218420291e-01,6.475119642218025717e-01,-3.458198741617151128e-01
6.327454192180816950e-01,-2.449722203901483764e-01,6.925391374736702410e-01,-2.449722203901484874e-01
6.327454192180820280e-01,-2.697870523669506082e-01,7.059664591353383978e-01,-1.686995536733831014e-01
6.327454192180819170e-01,-2.854826760970900490e-01,7.146502886375732944e-01,-8.606881582321715407e-02
6.327454192180820280e-01,-2.908594662931907604e-01,7.176586969626815860e-01,0.000000000000000000e+00
6.327454192180819170e-01,-2.854826760970900490e-01,7.146502886375732944e-01,8.606881582321725122e-02
6.327454192180820280e-01,-2.697870523669506082e-01,7.059664591353383978e-01,1.686995536733832124e-01
6.327454192180819170e-01,-2.449722203901482931e-01,6.925391374736700190e-01,2.449722203901485984e-01
6.327454192180820280e-01,-2.465159331218420291e-01,6.475119642218023497e-01,3.458198741617151684e-01
6.327454192180814729e-01,-2.440221759855769057e-01,5.903585923332106411e-01,4.376792713210766461e-01
6.327454192180820280e-01,-2.390769401984615961e-01,5.208048824290508749e-01,5.208048824290509859e-01
4.918142695970236788e-01,-2.363262493406970421e-01,5.148127811934086751e-01,6.612385563570929436e-01
3.220472962743644030e-01,-2.284147435466463150e-01,4.975783676967036051e-01,7.723522589422364693e-01
1.178884946385315990e-01,-2.152204877769674785e-01,4.688360188145312968e-01,8.485135425761015648e-01
1.178884946385307247e-01,-2.132037269228333476e-01,5.457565442471495887e-01,-8.017457627387152286e-01
3.220472962743631817e-01,-2.254101723154155468e-01,5.770024682802147309e-01,-7.159217448699594089e-01
4.918142695970227352e-01,-2.318363159300401710e-01,5.934520396951780130e-01,-5.934520396951774579e-01
4.918142695970236788e-01,-2.363262493406970144e-01,6.612385563570929436e-01,-5.148127811934085640e-01
4.918142695970231237e-01,-2.393536417612432132e-01,7.186968182124201521e-01,-4.293057673590241485e-01
4.918142695970236788e-01,-2.403829341027499400e-01,7.659111711551266355e-01,-3.372163209464829614e-01
4.918142695970236788e-01,-2.378404230293270638e-01,8.031080814978813764e-01,-2.378404230293272303e-01
4.918142695970238454e-01,-2.616047303802008228e-01,8.142003807456845710e-01,-1.635830958779989630e-01
4.918142695970239009e-01,-2.766028960714798091e-01,8.213740850690623985e-01,-8.339169312693484049e-02
4.918142695970237344e-01,-2.817348589791511260e-01,8.238593286822356587e-01,0.000000000000000000e+00
4.918142695970239009e-01,-2.766028960714798091e-01,8.213740850690623985e-01,8.339169312693490987e-02
4.918142695970236788e-01,-2.616047303802008783e-01,8.142003807456846820e-01,1.635830958779990740e-01
4.918142695970236788e-01,-2.378404230293270638e-01,8.031080814978812654e-01,2.378404230293273691e-01
4.918142695970236788e-01,-2.403829341027499678e-01,7.659111711551265245e-01,3.372163209464831279e-01
4.918142695970231237e-01,-2.393536417612432132e-01,7.186968182124201521e-01,4.293057673590241485e-01
4.918142695970236788e-01,-2.363262493406970421e-01,6.612385563570929436e-01,5.148127811934086751e-01
4.918142695970231237e-01,-2.318363159300401155e-01,5.934520396951775689e-01,5.934520396951776799e-01
3.220472962743631817e-01,-2.254101723154155190e-01,5.770024682802146199e-01,7.159217448699595199e-01
1.178884946385307247e-01,-2.132037269228333476e-01,5.457565442471495887e-01,8.017457627387152286e-01
1.178884946385309190e-01,-2.104489075098713857e-01,6.185212984311008189e-01,-7.478268272446957354e-01
3.220472962743634038e-01,-2.214528695722324525e-01,6.508625682586903771e-01,-6.508625682586899330e-01
3.220472962743631817e-01,-2.254101723154155190e-01,7.159217448699595199e-01,-5.770024682802145088e-01
3.220472962743642920e-01,-2.284147435466463150e-01,7.723522589422366913e-01,-4.975783676967035496e-01
3.220472962743635703e-01,-2.302587845377533360e-01,8.201847692092424369e-01,-4.129931905767338929e-01
3.220472962743640699e-01,-2.304096655654744308e-01,8.594894914364545890e-01,-3.232255235693539674e-01
3.220472962743642920e-01,-2.273494180076110760e-01,8.904549529457247425e-01,-2.273494180076112148e-01
3.220472962743642920e-01,-2.498665851955322315e-01,8.996890038989396876e-01,-1.562431593012296449e-01
3.220472962743642364e-01,-2.640571510193118754e-01,9.056609263800687870e-01,-7.960933605006320635e-02
3.220472962743642364e-01,-2.689090922849627363e-01,9.077298271230538340e-01,0.000000000000000000e+00
3.220472962743642364e-01,-2.640571510193118754e-01,9.056609263800687870e-01,7.960933605006328961e-02
3.220472962743642920e-01,-2.498665851955322315e-01,8.996890038989396876e-01,1.562431593012297282e-01
3.220472962743640144e-01,-2.273494180076110760e-01,8.904549529457247425e-01,2.273494180076113536e-01
3.220472962743642920e-01,-2.304096655654745140e-01,8.594894914364544780e-01,3.232255235693540785e-01
3.220472962743635703e-01,-2.302587845377533360e-01,8.201847692092424369e-01,4.129931905767338929e-01
3.220472962743644585e-01,-2.284147435466463150e-01,7.723522589422364693e-01,4.975783676967036051e-01
3.220472962743631817e-01,-2.254101723154155190e-01,7.159217448699595199e-01,5.770024682802146199e-01
3.220472962743634038e-01,-2.214528695722324525e-01,6.508625682586900441e-01,6.508625682586902661e-01
1.178884946385309190e-01,-2.104489075098713857e-01,6.185212984311008189e-01,7.478268272446957354e-01
1.178884946385313631e-01,-2.070432679251058838e-01,6.867442711951639023e-01,-6.867442711951641243e-01
1.178884946385309190e-01,-2.104489075098713580e-01,7.478268272446958465e-01,-6.185212984311005968e-01
1.178884946385309190e-01,-2.132037269228333198e-01,8.017457627387152286e-01,-5.457565442471494777e-01
1.178884946385313770e-01,-2.152204877769674785e-01,8.485135425761015648e-01,-4.688360188145312968e-01
1.178884946385309190e-01,-2.162922830644254391e-01,8.881555757209995683e-01,-3.879428107780053536e-01
1.178884946385313770e-01,-2.159115924190224689e-01,9.207300547225110154e-01,-3.028871958693942212e-01
1.178884946385313631e-01,-2.126524943134890933e-01,9.463932249104302086e-01,-2.126524943134892043e-01
1.178884946385311411e-01,-2.335884099438216288e-01,9.540461068500495356e-01,-1.460643131502084580e-01
1.178884946385315852e-01,-2.467692959311767464e-01,9.589954425134753491e-01,-7.439730274597181059e-02
1.178884946385315852e-01,-2.512736443590668500e-01,9.607100803480590479e-01,0.000000000000000000e+00
1.178884946385315852e-01,-2.467692959311767464e-01,9.589954425134753491e-01,7.439730274597186610e-02
1.178884946385311411e-01,-2.335884099438216288e-01,9.540461068500495356e-01,1.460643131502085412e-01
1.178884946385313631e-01,-2.126524943134890377e-01,9.463932249104300976e-01,2.126524943134893153e-01
1.178884946385315852e-01,-2.159115924190225244e-01,9.207300547225109044e-01,3.028871958693944433e-01
1.178884946385309190e-01,-2.162922830644254391e-01,8.881555757209995683e-01,3.879428107780053536e-01
1.178884946385313770e-01,-2.152204877769674785e-01,8.485135425761015648e-01,4.688360188145312968e-01
1.178884946385307247e-01,-2.132037269228333476e-01,8.017457627387152286e-01,5.457565442471495887e-01
1.178884946385309190e-01,-2.104489075098713857e-01,7.478268272446957354e-01,6.185212984311008189e-01
1.178884946385313631e-01,-2.070432679251058838e-01,6.867442711951639023e-01,6.867442711951641243e-01
1.178884946385302945e-01,-1.388281447741373797e-01,-6.952801769971698187e-01,-6.952801769971703738e-01
1.178884946385315990e-01,-1.412185047292029427e-01,-7.563308997120844479e-01,-6.277923278398821472e-01
1.178884946385311411e-01,-1.432324984949842894e-01,-8.102037364596815783e-01,-5.560185784967227596e-01
1.178884946385313631e-01,-1.448512424473490101e-01,-8.569012532691085982e-01,-4.804588042060954911e-01
1.178884946385313631e-01,-1.460169338558527929e-01,-8.964287580264180821e-01,-4.014932622627808700e-01
1.178884946385315990e-01,-1.465745974164031906e-01,-9.287987072161919544e-01,-3.192979043113356452e-01
1.178884946385311411e-01,-1.460643131502084580e-01,-9.540461068500495356e-01,-2.335884099438216288e-01
1.178884946385315852e-01,-1.427120877731637150e-01,-9.723007882536712776e-01,-1.427120877731637982e-01
1.178884946385315852e-01,-1.616373920534901754e-01,-9.769698060002461881e-01,-7.420009761347040600e-02
1.178884946385313770e-01,-1.682836910403819608e-01,-9.786638351148397863e-01,0.000000000000000000e+00
1.178884946385315852e-01,-1.616373920534901754e-01,-9.769698060002461881e-01,7.420009761347048927e-02
1.178884946385315852e-01,-1.427120877731637150e-01,-9.723007882536712776e-01,1.427120877731638537e-01
1.178884946385311550e-01,-1.460643131502084580e-01,-9.540461068500494246e-01,2.335884099438217953e-01
1.178884946385315990e-01,-1.465745974164031629e-01,-9.287987072161919544e-01,3.192979043113357007e-01
1.178884946385313631e-01,-1.460169338558527929e-01,-8.964287580264180821e-01,4.014932622627808700e-01
1.178884946385313631e-01,-1.448512424473490101e-01,-8.569012532691085982e-01,4.804588042060954911e-01
1.178884946385311411e-01,-1.432324984949842894e-01,-8.102037364596815783e-01,5.560185784967227596e-01
1.178884946385315990e-01,-1.412185047292029427e-01,-7.563308997120843369e-01,6.277923278398821472e-01
1.178884946385302945e-01,-1.388281447741373797e-01,-6.952801769971698187e-01,6.952801769971703738e-01
1.178884946385315990e-01,-1.412185047292029427e-01,-6.277923278398821472e-01,-7.563308997120844479e-01
3.220472962743644585e-01,-1.487162118499487928e-01,-6.611236750016492580e-01,-6.611236750016493691e-01
3.220472962743642920e-01,-1.515403089449973151e-01,-7.261272283618739332e-01,-5.882689197626624900e-01
3.220472962743642364e-01,-1.538333886657508864e-01,-7.824729622970181264e-01,-5.102517915383671943e-01
3.220472962743642920e-01,-1.555424312645188600e-01,-8.301672813603796497e-01,-4.276849026998856274e-01
3.220472962743646250e-01,-1.565082210148095176e-01,-8.692252156823376819e-01,-3.409372964918105375e-01
3.220472962743644030e-01,-1.562431593012296727e-01,-8.996890038989395766e-01,-2.498665851955323147e-01
3.220472962743644585e-01,-1.528503208935127478e-01,-9.217153019061102848e-01,-1.528503208935128865e-01
3.220472962743644585e-01,-1.731752886211255227e-01,-9.273489897263985648e-01,-7.949660135370248404e-02
3.220472962743644585e-01,-1.803167944025047542e-01,-9.293930237627010538e-01,0.000000000000000000e+00
3.220472962743644585e-01,-1.731752886211255227e-01,-9.273489897263985648e-01,7.949660135370258118e-02
3.220472962743644585e-01,-1.528503208935127755e-01,-9.217153019061102848e-01,1.528503208935129420e-01
3.220472962743644030e-01,-1.562431593012296727e-01,-8.996890038989395766e-01,2.498665851955323702e-01
3.220472962743646250e-01,-1.565082210148094899e-01,-8.692252156823376819e-01,3.409372964918105930e-01
3.220472962743642920e-01,-1.555424312645188600e-01,-8.301672813603796497e-01,4.276849026998856274e-01
3.220472962743642364e-01,-1.538333886657508864e-01,-7.824729622970181264e-01,5.102517915383671943e-01
3.220472962743642920e-01,-1.515403089449973151e-01,-7.261272283618738221e-01,5.882689197626626010e-01
3.220472962743644585e-01,-1.487162118499487651e-01,-6.611236750016491470e-01,6.611236750016494801e-01
1.178884946385315990e-01,-1.412185047292029427e-01,-6.277923278398821472e-01,7.563308997120844479e-01
1.178884946385311411e-01,-1.432324984949842894e-01,-5.560185784967227596e-01,-8.102037364596815783e-01
3.220472962743642920e-01,-1.515403089449973151e-01,-5.882689197626624900e-01,-7.261272283618739332e-01
4.918142695970236788e-01,-1.560335223973860208e-01,-6.057112612908110982e-01,-6.057112612908113203e-01
4.918142695970239009e-01,-1.593236480308234393e-01,-6.733959367720666611e-01,-5.284624979483096840e-01
4.918142695970236788e-01,-1.618383684282859447e-01,-7.306881980072973404e-01,-4.449964314666636778e-01
4.918142695970239009e-01,-1.634251760864041669e-01,-7.776060997705935840e-01,-3.560051820429576686e-01
4.918142695970238454e-01,-1.635830958779989908e-01,-8.142003807456845710e-01,-2.616047303802008228e-01
4.918142695970240674e-01,-1.603290313604729955e-01,-8.406592220553883443e-01,-1.603290313604731065e-01
4.918142695970238454e-01,-1.817334931832038647e-01,-8.474266258186941014e-01,-8.342526913183710702e-02
4.918142695970238454e-01,-1.892599078183370420e-01,-8.498819985817681610e-01,0.000000000000000000e+00
4.918142695970238454e-01,-1.817334931832038647e-01,-8.474266258186941014e-01,8.342526913183719028e-02
4.918142695970238454e-01,-1.603290313604730233e-01,-8.406592220553884554e-01,1.603290313604731898e-01
4.918142695970239009e-01,-1.635830958779990185e-01,-8.142003807456845710e-01,2.616047303802011004e-01
4.918142695970239009e-01,-1.634251760864041392e-01,-7.776060997705935840e-01,3.560051820429577796e-01
4.918142695970236788e-01,-1.618383684282859447e-01,-7.306881980072973404e-01,4.449964314666636778e-01
4.918142695970239009e-01,-1.593236480308234393e-01,-6.733959367720665501e-01,5.284624979483096840e-01
4.918142695970235123e-01,-1.560335223973860486e-01,-6.057112612908110982e-01,6.057112612908113203e-01
3.220472962743637924e-01,-1.515403089449972873e-01,-5.882689197626623789e-01,7.261272283618740442e-01
1.178884946385311411e-01,-1.432324984949842894e-01,-5.560185784967227596e-01,8.102037364596815783e-01
1.178884946385313770e-01,-1.448512424473490379e-01,-4.804588042060955466e-01,-8.569012532691087092e-01
3.220472962743642364e-01,-1.538333886657508864e-01,-5.102517915383671943e-01,-7.824729622970181264e-01
4.918142695970239009e-01,-1.593236480308234393e-01,-5.284624979483096840e-01,-6.733959367720666611e-01
6.327454192180819170e-01,-1.614518311604066780e-01,-5.355214938139668535e-01,-5.355214938139670755e-01
6.327454192180818060e-01,-1.652479457629263959e-01,-6.048742585693999141e-01,-4.543715244156323885e-01
6.327454192180820280e-01,-1.678284070912011428e-01,-6.616687738085276216e-01,-3.655971744946663882e-01
6.327454192180819170e-01,-1.686995536733830459e-01,-7.059664591353382868e-01,-2.697870523669505527e-01
6.327454192180821391e-01,-1.658258921036744327e-01,-7.379951093839136611e-01,-1.658258921036745437e-01
6.327454192180819170e-01,-1.881010434897449068e-01,-7.461871086362134031e-01,-8.634831093733516538e-02
6.327454192180820280e-01,-1.959425699308179614e-01,-7.491593580456966661e-01,0.000000000000000000e+00
6.327454192180819170e-01,-1.881010434897449068e-01,-7.461871086362134031e-01,8.634831093733524865e-02
6.327454192180821391e-01,-1.658258921036744327e-01,-7.379951093839136611e-01,1.658258921036746270e-01
6.327454192180819170e-01,-1.686995536733830459e-01,-7.059664591353382868e-01,2.697870523669506637e-01
6.327454192180819170e-01,-1.678284070912011983e-01,-6.616687738085275106e-01,3.655971744946666102e-01
6.327454192180818060e-01,-1.652479457629263959e-01,-6.048742585693999141e-01,4.543715244156323885e-01
6.327454192180819170e-01,-1.614518311604067058e-01,-5.355214938139668535e-01,5.355214938139672975e-01
4.918142695970235123e-01,-1.593236480308234670e-01,-5.284624979483096840e-01,6.733959367720667721e-01
3.220472962743642364e-01,-1.538333886657508309e-01,-5.102517915383670832e-01,7.824729622970181264e-01
1.178884946385313770e-01,-1.448512424473490379e-01,-4.804588042060955466e-01,8.569012532691087092e-01
1.178884946385311133e-01,-1.460169338558527652e-01,-4.014932622627808145e-01,-8.964287580264179711e-01
3.220472962743642920e-01,-1.555424312645188600e-01,-4.276849026998856274e-01,-8.301672813603796497e-01
4.918142695970237344e-01,-1.618383684282859725e-01,-4.449964314666637333e-01,-7.306881980072974514e-01
6.327454192180818060e-01,-1.652479457629263959e-01,-4.543715244156323885e-01,-6.048742585693999141e-01
7.482221123931569462e-01,-1.652385276616048226e-01,-4.543456280752281029e-01,-4.543456280752282139e-01
7.482221123931571682e-01,-1.695433148470195384e-01,-5.244157928437100935e-01,-3.693329272251650863e-01
7.482221123931569462e-01,-1.716720614407143131e-01,-5.790680087600387216e-01,-2.745407348232704603e-01
7.482221123931571682e-01,-1.695853029122623423e-01,-6.185833174263868361e-01,-1.695853029122624533e-01
7.482221123931571682e-01,-1.926012875404823632e-01,-6.286901866368218572e-01,-8.841416057526209349e-02
7.482221123931570572e-01,-2.007188269425308202e-01,-6.323571957657604381e-01,0.000000000000000000e+00
7.482221123931571682e-01,-1.926012875404823632e-01,-6.286901866368218572e-01,8.841416057526219063e-02
7.482221123931570572e-01,-1.695853029122623978e-01,-6.185833174263869472e-01,1.695853029122625644e-01
7.482221123931571682e-01,-1.716720614407143131e-01,-5.790680087600383885e-01,2.745407348232706268e-01
7.482221123931571682e-01,-1.695433148470195384e-01,-5.244157928437099825e-01,3.693329272251651973e-01
7.482221123931569462e-01,-1.652385276616048226e-01,-4.543456280752281029e-01,4.543456280752282139e-01
6.327454192180818060e-01,-1.652479457629263959e-01,-4.543715244156323885e-01,6.048742585693999141e-01
4.918142695970235123e-01,-1.618383684282859725e-01,-4.449964314666638443e-01,7.306881980072974514e-01
3.220472962743642364e-01,-1.555424312645187768e-01,-4.276849026998854608e-01,8.301672813603796497e-01
1.178884946385311133e-01,-1.460169338558527652e-01,-4.014932622627808145e-01,8.964287580264179711e-01
1.178884946385315990e-01,-1.465745974164031906e-01,-3.192979043113356452e-01,-9.287987072161919544e-01
3.220472962743646250e-01,-1.565082210148095176e-01,-3.409372964918105375e-01,-8.692252156823376819e-01
4.918142695970239009e-01,-1.634251760864041669e-01,-3.560051820429576686e-01,-7.776060997705935840e-01
6.327454192180819170e-01,-1.678284070912011150e-01,-3.655971744946663327e-01,-6.616687738085275106e-01
7.482221123931571682e-01,-1.695433148470195384e-01,-3.693329272251650863e-01,-5.244157928437100935e-01
8.404485357481779051e-01,-1.673042899865410105e-01,-3.644554385043821676e-01,-3.644554385043822786e-01
8.404485357481779051e-01,-1.718926062953721468e-01,-4.342036282184076890e-01,-2.748934337187757260e-01
8.404485357481776830e-01,-1.714297638441331928e-01,-4.846338111352048728e-01,-1.714297638441332761e-01
8.404485357481779051e-01,-1.951477526959239372e-01,-4.975323884258948670e-01,-8.958312253822509064e-02
8.404485357481777941e-01,-2.035413221101601000e-01,-5.022122947045323249e-01,0.000000000000000000e+00
8.404485357481779051e-01,-1.951477526959239372e-01,-4.975323884258948670e-01,8.958312253822518778e-02
8.404485357481779051e-01,-1.714297638441331928e-01,-4.846338111352048172e-01,1.714297638441333593e-01
8.404485357481777941e-01,-1.718926062953721468e-01,-4.342036282184075224e-01,2.748934337187758925e-01
8.404485357481775720e-01,-1.673042899865410660e-01,-3.644554385043824452e-01,3.644554385043828337e-01
7.482221123931571682e-01,-1.695433148470195384e-01,-3.693329272251650863e-01,5.244157928437100935e-01
6.327454192180820280e-01,-1.678284070912011428e-01,-3.655971744946663882e-01,6.616687738085275106e-01
4.918142695970237344e-01,-1.634251760864041669e-01,-3.560051820429577241e-01,7.776060997705936950e-01
3.220472962743644585e-01,-1.565082210148094899e-01,-3.409372964918104265e-01,8.692252156823377929e-01
1.178884946385315990e-01,-1.465745974164031906e-01,-3.192979043113356452e-01,9.287987072161919544e-01
1.178884946385311411e-01,-1.460643131502084580e-01,-2.335884099438216288e-01,-9.540461068500495356e-01
3.220472962743644030e-01,-1.562431593012296727e-01,-2.498665851955323147e-01,-8.996890038989395766e-01
4.918142695970238454e-01,-1.635830958779989908e-01,-2.616047303802008228e-01,-8.142003807456845710e-01
6.327454192180820280e-01,-1.686995536733830736e-01,-2.697870523669506082e-01,-7.059664591353383978e-01
7.482221123931569462e-01,-1.716720614407143131e-01,-2.745407348232704603e-01,-5.790680087600387216e-01
8.404485357481779051e-01,-1.718926062953721468e-01,-2.748934337187757260e-01,-4.342036282184076890e-01
9.109092150820916611e-01,-1.668548113772604369e-01,-2.668369106765277055e-01,-2.668369106765278720e-01
9.109092150820916611e-01,-1.702229894046682346e-01,-3.351009842343112277e-01,-1.702229894046683178e-01
9.109092150820916611e-01,-1.948033418402619621e-01,-3.525609532059716389e-01,-8.942501977014281900e-02
9.109092150820916611e-01,-2.035636961337745632e-01,-3.588958393390539459e-01,0.000000000000000000e+00
9.109092150820916611e-01,-1.948033418402619621e-01,-3.525609532059716389e-01,8.942501977014290226e-02
9.109092150820916611e-01,-1.702229894046682346e-01,-3.351009842343112277e-01,1.702229894046684289e-01
9.109092150820915501e-01,-1.668548113772604646e-01,-2.668369106765277610e-01,2.668369106765282051e-01
8.404485357481777941e-01,-1.718926062953720912e-01,-2.748934337187756705e-01,4.342036282184078555e-01
7.482221123931569462e-01,-1.716720614407143131e-01,-2.745407348232704603e-01,5.790680087600387216e-01
6.327454192180820280e-01,-1.686995536733831014e-01,-2.697870523669506082e-01,7.059664591353383978e-01
4.918142695970238454e-01,-1.635830958779989630e-01,-2.616047303802008228e-01,8.142003807456845710e-01
3.220472962743642920e-01,-1.562431593012296449e-01,-2.498665851955322315e-01,8.996890038989396876e-01
1.178884946385311411e-01,-1.460643131502084580e-01,-2.335884099438216288e-01,9.540461068500495356e-01
1.178884946385315852e-01,-1.427120877731637150e-01,-1.427120877731637982e-01,-9.723007882536712776e-01
3.220472962743644585e-01,-1.528503208935127478e-01,-1.528503208935128865e-01,-9.217153019061102848e-01
4.918142695970240674e-01,-1.603290313604729955e-01,-1.603290313604731065e-01,-8.406592220553883443e-01
6.327454192180821391e-01,-1.658258921036744327e-01,-1.658258921036745437e-01,-7.379951093839136611e-01
7.482221123931571682e-01,-1.695853029122623423e-01,-1.695853029122624533e-01,-6.185833174263868361e-01
8.404485357481776830e-01,-1.714297638441331928e-01,-1.714297638441332761e-01,-4.846338111352048728e-01
9.109092150820916611e-01,-1.702229894046682068e-01,-1.702229894046683178e-01,-3.351009842343111722e-01
9.606045953244610747e-01,-1.604564441850480361e-01,-1.604564441850481193e-01,-1.604564441850481749e-01
9.606045953244610747e-01,-1.869175114510970848e-01,-1.869175114510971680e-01,-8.580500723959127995e-02
9.606045953244610747e-01,-1.965182070973683914e-01,-1.965182070973684747e-01,0.000000000000000000e+00
9.606045953244610747e-01,-1.869175114510970848e-01,-1.869175114510971680e-01,8.580500723959137710e-02
9.606045953244609636e-01,-1.604564441850482026e-01,-1.604564441850482859e-01,1.604564441850485079e-01
9.109092150820915501e-01,-1.702229894046682068e-01,-1.702229894046682901e-01,3.351009842343115053e-01
8.404485357481777941e-01,-1.714297638441331928e-01,-1.714297638441332761e-01,4.846338111352049283e-01
7.482221123931571682e-01,-1.695853029122623423e-01,-1.695853029122624533e-01,6.185833174263868361e-01
6.327454192180820280e-01,-1.658258921036744049e-01,-1.658258921036745159e-01,7.379951093839136611e-01
4.918142695970236788e-01,-1.603290313604730510e-01,-1.603290313604731621e-01,8.406592220553885664e-01
3.220472962743642364e-01,-1.528503208935126645e-01,-1.528503208935127755e-01,9.217153019061103958e-01
1.178884946385315852e-01,-1.427120877731637150e-01,-1.427120877731637982e-01,9.723007882536712776e-01
1.178884946385315852e-01,-1.616373920534901754e-01,-7.420009761347040600e-02,-9.769698060002461881e-01
3.220472962743644030e-01,-1.731752886211255227e-01,-7.949660135370248404e-02,-9.273489897263985648e-01
4.918142695970238454e-01,-1.817334931832038369e-01,-8.342526913183710702e-02,-8.474266258186939904e-01
6.327454192180819170e-01,-1.881010434897449068e-01,-8.634831093733516538e-02,-7.461871086362134031e-01
7.482221123931571682e-01,-1.926012875404823632e-01,-8.841416057526209349e-02,-6.286901866368218572e-01
8.404485357481779051e-01,-1.951477526959239372e-01,-8.958312253822509064e-02,-4.975323884258948670e-01
9.109092150820916611e-01,-1.948033418402619621e-01,-8.942501977014281900e-02,-3.525609532059716389e-01
9.606045953244610747e-01,-1.869175114510970848e-01,-8.580500723959127995e-02,-1.869175114510971680e-01
9.606045953244610747e-01,-2.485531463440193434e-01,-8.792083053525161229e-02,-8.792083053525166780e-02
9.606045953244610747e-01,-2.575685870720993975e-01,-1.043898194040526195e-01,0.000000000000000000e+00
9.606045953244610747e-01,-2.485531463440193434e-01,-8.792083053525164005e-02,8.792083053525176495e-02
9.606045953244610747e-01,-1.869175114510970293e-01,-8.580500723959125220e-02,1.869175114510972513e-01
9.109092150820915501e-01,-1.948033418402619898e-01,-8.942501977014281900e-02,3.525609532059719164e-01
8.404485357481776830e-01,-1.951477526959238817e-01,-8.958312253822507676e-02,4.975323884258952001e-01
7.482221123931571682e-01,-1.926012875404823632e-01,-8.841416057526209349e-02,6.286901866368218572e-01
6.327454192180819170e-01,-1.881010434897449624e-01,-8.634831093733517926e-02,7.461871086362134031e-01
4.918142695970238454e-01,-1.817334931832038647e-01,-8.342526913183712090e-02,8.474266258186939904e-01
3.220472962743642364e-01,-1.731752886211255227e-01,-7.949660135370247016e-02,9.273489897263987869e-01
1.178884946385315852e-01,-1.616373920534901754e-01,-7.420009761347040600e-02,9.769698060002461881e-01
1.178884946385313770e-01,-1.682836910403819608e-01,0.000000000000000000e+00,-9.786638351148397863e-01
3.220472962743644585e-01,-1.803167944025047542e-01,0.000000000000000000e+00,-9.293930237627010538e-01
4.918142695970238454e-01,-1.892599078183370420e-01,0.000000000000000000e+00,-8.498819985817681610e-01
6.327454192180820280e-01,-1.959425699308179614e-01,0.000000000000000000e+00,-7.491593580456966661e-01
7.482221123931570572e-01,-2.007188269425308202e-01,0.000000000000000000e+00,-6.323571957657604381e-01
8.404485357481777941e-01,-2.035413221101601000e-01,0.000000000000000000e+00,-5.022122947045323249e-01
9.109092150820916611e-01,-2.035636961337745632e-01,0.000000000000000000e+00,-3.588958393390539459e-01
9.606045953244610747e-01,-1.965182070973683914e-01,0.000000000000000000e+00,-1.965182070973684747e-01
9.606045953244610747e-01,-2.575685870720993975e-01,0.000000000000000000e+00,-1.043898194040526195e-01
9.606045953244610747e-01,-2.779187137303430477e-01,0.000000000000000000e+00,9.420583518385033196e-16
9.606045953244610747e-01,-2.575685870720993420e-01,0.000000000000000000e+00,1.043898194040527028e-01
9.606045953244610747e-01,-1.965182070973683082e-01,0.000000000000000000e+00,1.965182070973685302e-01
9.109092150820915501e-01,-2.035636961337745632e-01,0.000000000000000000e+00,3.588958393390541679e-01
8.404485357481776830e-01,-2.035413221101600167e-01,0.000000000000000000e+00,5.022122947045324359e-01
7.482221123931570572e-01,-2.007188269425308202e-01,0.000000000000000000e+00,6.323571957657604381e-01
6.327454192180820280e-01,-1.959425699308179891e-01,0.000000000000000000e+00,7.491593580456965551e-01
4.918142695970239009e-01,-1.892599078183370698e-01,0.000000000000000000e+00,8.498819985817681610e-01
3.220472962743642920e-01,-1.803167944025047265e-01,0.000000000000000000e+00,9.293930237627011648e-01
1.178884946385313770e-01,-1.682836910403819608e-01,0.000000000000000000e+00,9.786638351148397863e-01
1.178884946385315852e-01,-1.616373920534901754e-01,7.420009761347048927e-02,-9.769698060002461881e-01
3.220472962743644030e-01,-1.731752886211255227e-01,7.949660135370258118e-02,-9.273489897263985648e-01
4.918142695970238454e-01,-1.817334931832038369e-01,8.342526913183719028e-02,-8.474266258186939904e-01
6.327454192180819170e-01,-1.881010434897449068e-01,8.634831093733524865e-02,-7.461871086362134031e-01
7.482221123931571682e-01,-1.926012875404823632e-01,8.841416057526219063e-02,-6.286901866368218572e-01
8.404485357481779051e-01,-1.951477526959239372e-01,8.958312253822518778e-02,-4.975323884258948670e-01
9.109092150820916611e-01,-1.948033418402619621e-01,8.942501977014290226e-02,-3.525609532059716389e-01
9.606045953244610747e-01,-1.869175114510970848e-01,8.580500723959137710e-02,-1.869175114510971680e-01
9.606045953244610747e-01,-2.485531463440193434e-01,8.792083053525176495e-02,-8.792083053525164005e-02
9.606045953244610747e-01,-2.575685870720993420e-01,1.043898194040527028e-01,0.000000000000000000e+00
9.606045953244610747e-01,-2.485531463440192879e-01,8.792083053525169556e-02,8.792083053525175107e-02
9.606045953244610747e-01,-1.869175114510970293e-01,8.580500723959134934e-02,1.869175114510972513e-01
9.109092150820915501e-01,-1.948033418402619621e-01,8.942501977014290226e-02,3.525609532059718609e-01
8.404485357481776830e-01,-1.951477526959238817e-01,8.958312253822516003e-02,4.975323884258952001e-01
7.482221123931571682e-01,-1.926012875404823632e-01,8.841416057526219063e-02,6.286901866368218572e-01
6.327454192180819170e-01,-1.881010434897449624e-01,8.634831093733526253e-02,7.461871086362134031e-01
4.918142695970238454e-01,-1.817334931832038647e-01,8.342526913183720416e-02,8.474266258186939904e-01
3.220472962743642364e-01,-1.731752886211255227e-01,7.949660135370256731e-02,9.273489897263987869e-01
1.178884946385315852e-01,-1.616373920534901754e-01,7.420009761347048927e-02,9.769698060002461881e-01
1.178884946385315852e-01,-1.427120877731637150e-01,1.427120877731638537e-01,-9.723007882536712776e-01
3.220472962743644585e-01,-1.528503208935127755e-01,1.528503208935129420e-01,-9.217153019061102848e-01
4.918142695970238454e-01,-1.603290313604730233e-01,1.603290313604731898e-01,-8.406592220553884554e-01
6.327454192180821391e-01,-1.658258921036744327e-01,1.658258921036746270e-01,-7.379951093839136611e-01
7.482221123931570572e-01,-1.695853029122623978e-01,1.695853029122625644e-01,-6.185833174263869472e-01
8.404485357481779051e-01,-1.714297638441331928e-01,1.714297638441333593e-01,-4.846338111352048172e-01
9.109092150820916611e-01,-1.702229894046682068e-01,1.702229894046684011e-01,-3.351009842343111722e-01
9.606045953244609636e-01,-1.604564441850482026e-01,1.604564441850485079e-01,-1.604564441850482859e-01
9.606045953244610747e-01,-1.869175114510970293e-01,1.869175114510972513e-01,-8.580500723959125220e-02
9.606045953244610747e-01,-1.965182070973683082e-01,1.965182070973685302e-01,0.000000000000000000e+00
9.606045953244610747e-01,-1.869175114510970293e-01,1.869175114510972513e-01,8.580500723959134934e-02
9.606045953244610747e-01,-1.604564441850480083e-01,1.604564441850481471e-01,1.604564441850481749e-01
9.109092150820915501e-01,-1.702229894046682068e-01,1.702229894046684011e-01,3.351009842343114498e-01
8.404485357481777941e-01,-1.714297638441331650e-01,1.714297638441333316e-01,4.846338111352049283e-01
7.482221123931570572e-01,-1.695853029122623978e-01,1.695853029122625644e-01,6.185833174263869472e-01
6.327454192180820280e-01,-1.658258921036744049e-01,1.658258921036745714e-01,7.379951093839136611e-01
4.918142695970236788e-01,-1.603290313604730233e-01,1.603290313604732176e-01,8.406592220553885664e-01
3.220472962743642364e-01,-1.528503208935126922e-01,1.528503208935128310e-01,9.217153019061103958e-01
1.178884946385315852e-01,-1.427120877731637150e-01,1.427120877731638537e-01,9.723007882536712776e-01
1.178884946385311550e-01,-1.460643131502084580e-01,2.335884099438217953e-01,-9.540461068500494246e-01
3.220472962743644030e-01,-1.562431593012296727e-01,2.498665851955323702e-01,-8.996890038989395766e-01
4.918142695970239009e-01,-1.635830958779990185e-01,2.616047303802011004e-01,-8.142003807456845710e-01
6.327454192180819170e-01,-1.686995536733830459e-01,2.697870523669506637e-01,-7.059664591353382868e-01
7.482221123931571682e-01,-1.716720614407143131e-01,2.745407348232706268e-01,-5.790680087600383885e-01
8.404485357481777941e-01,-1.718926062953721468e-01,2.748934337187758925e-01,-4.342036282184075224e-01
9.109092150820915501e-01,-1.668548113772604646e-01,2.668369106765282051e-01,-2.668369106765277610e-01
9.109092150820915501e-01,-1.702229894046682068e-01,3.351009842343115053e-01,-1.702229894046682901e-01
9.109092150820915501e-01,-1.948033418402619898e-01,3.525609532059719164e-01,-8.942501977014281900e-02
9.109092150820915501e-01,-2.035636961337745632e-01,3.588958393390541679e-01,0.000000000000000000e+00
9.109092150820915501e-01,-1.948033418402619898e-01,3.525609532059719164e-01,8.942501977014290226e-02
9.109092150820915501e-01,-1.702229894046682068e-01,3.351009842343114498e-01,1.702229894046684011e-01
9.109092150820915501e-01,-1.668548113772604369e-01,2.668369106765279275e-01,2.668369106765279830e-01
8.404485357481777941e-01,-1.718926062953721468e-01,2.748934337187758925e-01,4.342036282184077445e-01
7.482221123931571682e-01,-1.716720614407143131e-01,2.745407348232706268e-01,5.790680087600383885e-01
6.327454192180819170e-01,-1.686995536733830736e-01,2.697870523669506637e-01,7.059664591353382868e-01
4.918142695970239009e-01,-1.635830958779990185e-01,2.616047303802011004e-01,8.142003807456845710e-01
3.220472962743642920e-01,-1.562431593012296449e-01,2.498665851955323425e-01,8.996890038989396876e-01
1.178884946385311550e-01,-1.460643131502084580e-01,2.335884099438217953e-01,9.540461068500494246e-01
1.178884946385315990e-01,-1.465745974164031629e-01,3.192979043113357007e-01,-9.287987072161919544e-01
3.220472962743646250e-01,-1.565082210148094899e-01,3.409372964918105930e-01,-8.692252156823376819e-01
4.918142695970239009e-01,-1.634251760864041392e-01,3.560051820429577796e-01,-7.776060997705935840e-01
6.327454192180818060e-01,-1.678284070912011705e-01,3.655971744946665547e-01,-6.616687738085273995e-01
7.482221123931571682e-01,-1.695433148470195384e-01,3.693329272251651973e-01,-5.244157928437099825e-01
8.404485357481775720e-01,-1.673042899865410660e-01,3.644554385043828337e-01,-3.644554385043824452e-01
8.404485357481777941e-01,-1.718926062953720912e-01,4.342036282184078555e-01,-2.748934337187756705e-01
8.404485357481777941e-01,-1.714297638441331928e-01,4.846338111352049283e-01,-1.714297638441332761e-01
8.404485357481776830e-01,-1.951477526959238817e-01,4.975323884258952001e-01,-8.958312253822507676e-02
8.404485357481776830e-01,-2.035413221101600167e-01,5.022122947045324359e-01,0.000000000000000000e+00
8.404485357481776830e-01,-1.951477526959238817e-01,4.975323884258952001e-01,8.958312253822516003e-02
8.404485357481777941e-01,-1.714297638441331650e-01,4.846338111352049283e-01,1.714297638441333316e-01
8.404485357481777941e-01,-1.718926062953721468e-01,4.342036282184077445e-01,2.748934337187758925e-01
8.404485357481777941e-01,-1.673042899865410105e-01,3.644554385043824452e-01,3.644554385043825562e-01
7.482221123931571682e-01,-1.695433148470195384e-01,3.693329272251651973e-01,5.244157928437099825e-01
6.327454192180820280e-01,-1.678284070912011983e-01,3.655971744946666102e-01,6.616687738085273995e-01
4.918142695970237344e-01,-1.634251760864041947e-01,3.560051820429578906e-01,7.776060997705935840e-01
3.220472962743644585e-01,-1.565082210148094621e-01,3.409372964918104820e-01,8.692252156823377929e-01
1.178884946385315990e-01,-1.465745974164031629e-01,3.192979043113357007e-01,9.287987072161919544e-01
1.178884946385311133e-01,-1.460169338558527652e-01,4.014932622627808145e-01,-8.964287580264179711e-01
3.220472962743642920e-01,-1.555424312645188600e-01,4.276849026998856274e-01,-8.301672813603796497e-01
4.918142695970237344e-01,-1.618383684282859725e-01,4.449964314666637333e-01,-7.306881980072974514e-01
6.327454192180818060e-01,-1.652479457629263959e-01,4.543715244156323885e-01,-6.048742585693999141e-01
7.482221123931569462e-01,-1.652385276616048226e-01,4.543456280752281029e-01,-4.543456280752282139e-01
7.482221123931571682e-01,-1.695433148470195384e-01,5.244157928437100935e-01,-3.693329272251650863e-01
7.482221123931569462e-01,-1.716720614407143131e-01,5.790680087600387216e-01,-2.745407348232704603e-01
7.482221123931571682e-01,-1.695853029122623423e-01,6.185833174263868361e-01,-1.695853029122624533e-01
7.482221123931571682e-01,-1.926012875404823632e-01,6.286901866368218572e-01,-8.841416057526209349e-02
7.482221123931570572e-01,-2.007188269425308202e-01,6.323571957657604381e-01,0.000000000000000000e+00
7.482221123931571682e-01,-1.926012875404823632e-01,6.286901866368218572e-01,8.841416057526219063e-02
7.482221123931570572e-01,-1.695853029122623978e-01,6.185833174263869472e-01,1.695853029122625644e-01
7.482221123931571682e-01,-1.716720614407143131e-01,5.790680087600383885e-01,2.745407348232706268e-01
7.482221123931571682e-01,-1.695433148470195384e-01,5.244157928437099825e-01,3.693329272251651973e-01
7.482221123931569462e-01,-1.652385276616048226e-01,4.543456280752281029e-01,4.543456280752282139e-01
6.327454192180818060e-01,-1.652479457629263959e-01,4.543715244156323885e-01,6.048742585693999141e-01
4.918142695970235123e-01,-1.618383684282859725e-01,4.449964314666638443e-01,7.306881980072974514e-01
3.220472962743642364e-01,-1.555424312645187768e-01,4.276849026998854608e-01,8.301672813603796497e-01
1.178884946385311133e-01,-1.460169338558527652e-01,4.014932622627808145e-01,8.964287580264179711e-01
1.178884946385313770e-01,-1.448512424473490379e-01,4.804588042060955466e-01,-8.569012532691087092e-01
3.220472962743642364e-01,-1.538333886657508864e-01,5.102517915383671943e-01,-7.824729622970181264e-01
4.918142695970239009e-01,-1.593236480308234393e-01,5.284624979483096840e-01,-6.733959367720666611e-01
6.327454192180819170e-01,-1.614518311604067058e-01,5.355214938139672975e-01,-5.355214938139668535e-01
6.327454192180818060e-01,-1.652479457629263959e-01,6.048742585693999141e-01,-4.543715244156323885e-01
6.327454192180820280e-01,-1.678284070912011428e-01,6.616687738085275106e-01,-3.655971744946663882e-01
6.327454192180819170e-01,-1.686995536733830736e-01,7.059664591353382868e-01,-2.697870523669505527e-01
6.327454192180820280e-01,-1.658258921036744327e-01,7.379951093839137721e-01,-1.658258921036745159e-01
6.327454192180819170e-01,-1.881010434897449624e-01,7.461871086362134031e-01,-8.634831093733517926e-02
6.327454192180820280e-01,-1.959425699308179891e-01,7.491593580456965551e-01,0.000000000000000000e+00
6.327454192180819170e-01,-1.881010434897449624e-01,7.461871086362134031e-01,8.634831093733526253e-02
6.327454192180820280e-01,-1.658258921036744049e-01,7.379951093839136611e-01,1.658258921036745714e-01
6.327454192180819170e-01,-1.686995536733830736e-01,7.059664591353382868e-01,2.697870523669506637e-01
6.327454192180820280e-01,-1.678284070912011983e-01,6.616687738085273995e-01,3.655971744946666102e-01
6.327454192180818060e-01,-1.652479457629263959e-01,6.048742585693999141e-01,4.543715244156323885e-01
6.327454192180819170e-01,-1.614518311604066780e-01,5.355214938139668535e-01,5.355214938139670755e-01
4.918142695970236788e-01,-1.593236480308234670e-01,5.284624979483096840e-01,6.733959367720666611e-01
3.220472962743642364e-01,-1.538333886657508309e-01,5.102517915383670832e-01,7.824729622970181264e-01
1.178884946385313770e-01,-1.448512424473490379e-01,4.804588042060955466e-01,8.569012532691087092e-01
1.178884946385311411e-01,-1.432324984949842894e-01,5.560185784967227596e-01,-8.102037364596815783e-01
3.220472962743642920e-01,-1.515403089449973151e-01,5.882689197626626010e-01,-7.261272283618738221e-01
4.918142695970235123e-01,-1.560335223973860486e-01,6.057112612908113203e-01,-6.057112612908110982e-01
4.918142695970235123e-01,-1.593236480308234670e-01,6.733959367720667721e-01,-5.284624979483096840e-01
4.918142695970235123e-01,-1.618383684282859725e-01,7.306881980072974514e-01,-4.449964314666638443e-01
4.918142695970235123e-01,-1.634251760864041669e-01,7.776060997705936950e-01,-3.560051820429577241e-01
4.918142695970238454e-01,-1.635830958779989630e-01,8.142003807456845710e-01,-2.616047303802008228e-01
4.918142695970236788e-01,-1.603290313604730510e-01,8.406592220553885664e-01,-1.603290313604731621e-01
4.918142695970238454e-01,-1.817334931832038647e-01,8.474266258186939904e-01,-8.342526913183712090e-02
4.918142695970239009e-01,-1.892599078183370698e-01,8.498819985817681610e-01,0.000000000000000000e+00
4.918142695970238454e-01,-1.817334931832038647e-01,8.474266258186939904e-01,8.342526913183720416e-02
4.918142695970236788e-01,-1.603290313604730233e-01,8.406592220553885664e-01,1.603290313604732176e-01
4.918142695970239009e-01,-1.635830958779990185e-01,8.142003807456845710e-01,2.616047303802011004e-01
4.918142695970237344e-01,-1.634251760864041947e-01,7.776060997705935840e-01,3.560051820429578906e-01
4.918142695970235123e-01,-1.618383684282859725e-01,7.306881980072974514e-01,4.449964314666638443e-01
4.918142695970236788e-01,-1.593236480308234670e-01,6.733959367720666611e-01,5.284624979483096840e-01
4.918142695970233458e-01,-1.560335223973861041e-01,6.057112612908113203e-01,6.057112612908113203e-01
3.220472962743637924e-01,-1.515403089449972596e-01,5.882689197626623789e-01,7.261272283618740442e-01
1.178884946385311411e-01,-1.432324984949842894e-01,5.560185784967227596e-01,8.102037364596815783e-01
1.178884946385315990e-01,-1.412185047292029427e-01,6.277923278398821472e-01,-7.563308997120843369e-01
3.220472962743644585e-01,-1.487162118499487651e-01,6.611236750016494801e-01,-6.611236750016491470e-01
3.220472962743637924e-01,-1.515403089449972873e-01,7.261272283618740442e-01,-5.882689197626623789e-01
3.220472962743642364e-01,-1.538333886657508309e-01,7.824729622970181264e-01,-5.102517915383670832e-01
3.220472962743642364e-01,-1.555424312645187768e-01,8.301672813603796497e-01,-4.276849026998854608e-01
3.220472962743644585e-01,-1.565082210148094899e-01,8.692252156823377929e-01,-3.409372964918104265e-01
3.220472962743642920e-01,-1.562431593012296449e-01,8.996890038989396876e-01,-2.498665851955322315e-01
3.220472962743642364e-01,-1.528503208935126645e-01,9.217153019061103958e-01,-1.528503208935127755e-01
3.220472962743642920e-01,-1.731752886211255227e-01,9.273489897263986759e-01,-7.949660135370248404e-02
3.220472962743642920e-01,-1.803167944025047265e-01,9.293930237627011648e-01,0.000000000000000000e+00
3.220472962743642920e-01,-1.731752886211255227e-01,9.273489897263986759e-01,7.949660135370256731e-02
3.220472962743642364e-01,-1.528503208935126922e-01,9.217153019061103958e-01,1.528503208935128310e-01
3.220472962743642920e-01,-1.562431593012296449e-01,8.996890038989396876e-01,2.498665851955323425e-01
3.220472962743644585e-01,-1.565082210148094621e-01,8.692252156823377929e-01,3.409372964918104820e-01
3.220472962743642364e-01,-1.555424312645187768e-01,8.301672813603796497e-01,4.276849026998854608e-01
3.220472962743642364e-01,-1.538333886657508309e-01,7.824729622970181264e-01,5.102517915383670832e-01
3.220472962743637924e-01,-1.515403089449972596e-01,7.261272283618740442e-01,5.882689197626623789e-01
3.220472962743644585e-01,-1.487162118499487928e-01,6.611236750016492580e-01,6.611236750016493691e-01
1.178884946385315990e-01,-1.412185047292029427e-01,6.277923278398821472e-01,7.563308997120843369e-01
1.178884946385302945e-01,-1.388281447741373797e-01,6.952801769971698187e-01,-6.952801769971703738e-01
1.178884946385315990e-01,-1.412185047292029427e-01,7.563308997120844479e-01,-6.277923278398821472e-01
1.178884946385311411e-01,-1.432324984949842894e-01,8.102037364596815783e-01,-5.560185784967227596e-01
1.178884946385313631e-01,-1.448512424473490101e-01,8.569012532691085982e-01,-4.804588042060954911e-01
1.178884946385313631e-01,-1.460169338558527929e-01,8.964287580264180821e-01,-4.014932622627808700e-01
1.178884946385315990e-01,-1.465745974164031906e-01,9.287987072161919544e-01,-3.192979043113356452e-01
1.178884946385311411e-01,-1.460643131502084580e-01,9.540461068500495356e-01,-2.335884099438216288e-01
1.178884946385315852e-01,-1.427120877731637150e-01,9.723007882536712776e-01,-1.427120877731637982e-01
1.178884946385315852e-01,-1.616373920534901754e-01,9.769698060002461881e-01,-7.420009761347040600e-02
1.178884946385313770e-01,-1.682836910403819608e-01,9.786638351148397863e-01,0.000000000000000000e+00
1.178884946385315852e-01,-1.616373920534901754e-01,9.769698060002461881e-01,7.420009761347048927e-02
1.178884946385315852e-01,-1.427120877731637150e-01,9.723007882536712776e-01,1.427120877731638537e-01
1.178884946385311550e-01,-1.460643131502084580e-01,9.540461068500494246e-01,2.335884099438217953e-01
1.178884946385315990e-01,-1.465745974164031629e-01,9.287987072161919544e-01,3.192979043113357007e-01
1.178884946385313631e-01,-1.460169338558527929e-01,8.964287580264180821e-01,4.014932622627808700e-01
1.178884946385313631e-01,-1.448512424473490101e-01,8.569012532691085982e-01,4.804588042060954911e-01
1.178884946385311411e-01,-1.432324984949842894e-01,8.102037364596815783e-01,5.560185784967227596e-01
1.178884946385315990e-01,-1.412185047292029427e-01,7.563308997120843369e-01,6.277923278398821472e-01
1.178884946385302945e-01,-1.388281447741373797e-01,6.952801769971698187e-01,6.952801769971703738e-01
1.178884946385307109e-01,-6.965594802401819940e-02,-7.004464118463081812e-01,-7.004464118463085143e-01
1.178884946385297949e-01,-7.088798975283365500e-02,-7.614896790186130859e-01,-6.334119232291044455e-01
1.178884946385307109e-01,-7.194971564548797993e-02,-8.153516734997536819e-01,-5.622518917456352794e-01
1.178884946385311411e-01,-7.284414660137573938e-02,-8.620325597094283809e-01,-4.875406640872012587e-01
1.178884946385311411e-01,-7.356823785538697813e-02,-9.015326807918279117e-01,-4.097912183966543331e-01
1.178884946385315990e-01,-7.410535595698256039e-02,-9.338528541242193670e-01,-3.294382277368541612e-01
1.178884946385315852e-01,-7.439730274597181059e-02,-9.589954425134753491e-01,-2.467692959311767464e-01
1.178884946385315852e-01,-7.420009761347040600e-02,-9.769698060002461881e-01,-1.616373920534901754e-01
1.178884946385313631e-01,-7.163767939741512436e-02,-9.878453262596160744e-01,-7.163767939741516599e-02
1.178884946385315852e-01,-8.437138522491353931e-02,-9.894360879749081183e-01,0.000000000000000000e+00
1.178884946385313631e-01,-7.163767939741512436e-02,-9.878453262596160744e-01,7.163767939741523538e-02
1.178884946385320293e-01,-7.420009761347041988e-02,-9.769698060002461881e-01,1.616373920534902864e-01
1.178884946385315852e-01,-7.439730274597181059e-02,-9.589954425134753491e-01,2.467692959311768575e-01
1.178884946385315990e-01,-7.410535595698257427e-02,-9.338528541242192560e-01,3.294382277368543277e-01
1.178884946385311411e-01,-7.356823785538697813e-02,-9.015326807918279117e-01,4.097912183966543331e-01
1.178884946385311411e-01,-7.284414660137573938e-02,-8.620325597094283809e-01,4.875406640872012587e-01
1.178884946385307247e-01,-7.194971564548799381e-02,-8.153516734997536819e-01,5.622518917456353904e-01
1.178884946385296145e-01,-7.088798975283366888e-02,-7.614896790186131970e-01,6.334119232291046675e-01
1.178884946385307109e-01,-6.965594802401819940e-02,-7.004464118463081812e-01,7.004464118463085143e-01
1.178884946385298227e-01,-7.088798975283366888e-02,-6.334119232291045565e-01,-7.614896790186133080e-01
3.220472962743629597e-01,-7.468596460356592692e-02,-6.673483144706395809e-01,-6.673483144706399139e-01
3.220472962743631817e-01,-7.615553146823081376e-02,-7.323387854337102265e-01,-5.951182885264426625e-01
3.220472962743642364e-01,-7.739228608125769959e-02,-7.886644527055096665e-01,-5.179810363866688139e-01
3.220472962743644585e-01,-7.839737664574901455e-02,-8.363257303275686283e-01,-4.366905804909184674e-01
3.220472962743646250e-01,-7.915634527414794341e-02,-8.753236045562264867e-01,-3.518925962163831911e-01
3.220472962743644585e-01,-7.960933605006324798e-02,-9.056609263800687870e-01,-2.640571510193119864e-01
3.220472962743645140e-01,-7.949660135370249792e-02,-9.273489897263986759e-01,-1.731752886211255504e-01
3.220472962743644585e-01,-7.680779722358890838e-02,-9.404715112823418544e-01,-7.680779722358896389e-02
3.220472962743646805e-01,-9.047017119767460092e-02,-9.423909417464894078e-01,0.000000000000000000e+00
3.220472962743642364e-01,-7.680779722358893613e-02,-9.404715112823418544e-01,7.680779722358904715e-02
3.220472962743646250e-01,-7.949660135370252567e-02,-9.273489897263984538e-01,1.731752886211256615e-01
3.220472962743644585e-01,-7.960933605006323410e-02,-9.056609263800685650e-01,2.640571510193120419e-01
3.220472962743644030e-01,-7.915634527414791566e-02,-8.753236045562263756e-01,3.518925962163832466e-01
3.220472962743644585e-01,-7.839737664574901455e-02,-8.363257303275686283e-01,4.366905804909184674e-01
3.220472962743642364e-01,-7.739228608125769959e-02,-7.886644527055096665e-01,5.179810363866688139e-01
3.220472962743634038e-01,-7.615553146823078601e-02,-7.323387854337100045e-01,5.951182885264425515e-01
3.220472962743625156e-01,-7.468596460356591304e-02,-6.673483144706394699e-01,6.673483144706400250e-01
1.178884946385298227e-01,-7.088798975283366888e-02,-6.334119232291045565e-01,7.614896790186133080e-01
1.178884946385307109e-01,-7.194971564548797993e-02,-5.622518917456352794e-01,-8.153516734997536819e-01
3.220472962743631817e-01,-7.615553146823081376e-02,-5.951182885264426625e-01,-7.323387854337102265e-01
4.918142695970231792e-01,-7.846591709662471825e-02,-6.131728239554212756e-01,-6.131728239554216087e-01
4.918142695970238454e-01,-8.020373884728929093e-02,-6.808333945843374480e-01,-5.367978887015388834e-01
4.918142695970239009e-01,-8.161757019607591979e-02,-7.380859651619827710e-01,-4.546277647558923385e-01
4.918142695970241229e-01,-8.269942055679394000e-02,-7.849317204176289309e-01,-3.676434745001432858e-01
4.918142695970240674e-01,-8.339169312693482661e-02,-8.213740850690621764e-01,-2.766028960714797535e-01
4.918142695970238454e-01,-8.342526913183710702e-02,-8.474266258186941014e-01,-1.817334931832038647e-01
4.918142695970239009e-01,-8.069048806195848467e-02,-8.631899063898927915e-01,-8.069048806195851242e-02
4.918142695970238454e-01,-9.505834891631222139e-02,-8.654956005214876624e-01,0.000000000000000000e+00
4.918142695970239009e-01,-8.069048806195847079e-02,-8.631899063898927915e-01,8.069048806195858181e-02
4.918142695970238454e-01,-8.342526913183712090e-02,-8.474266258186939904e-01,1.817334931832039480e-01
4.918142695970238454e-01,-8.339169312693484049e-02,-8.213740850690622874e-01,2.766028960714799201e-01
4.918142695970239009e-01,-8.269942055679394000e-02,-7.849317204176290419e-01,3.676434745001435078e-01
4.918142695970239009e-01,-8.161757019607591979e-02,-7.380859651619827710e-01,4.546277647558923385e-01
4.918142695970238454e-01,-8.020373884728929093e-02,-6.808333945843373369e-01,5.367978887015388834e-01
4.918142695970227352e-01,-7.846591709662471825e-02,-6.131728239554213866e-01,6.131728239554216087e-01
3.220472962743631817e-01,-7.615553146823077213e-02,-5.951182885264424405e-01,7.323387854337103375e-01
1.178884946385307109e-01,-7.194971564548797993e-02,-5.622518917456352794e-01,8.153516734997536819e-01
1.178884946385311411e-01,-7.284414660137573938e-02,-4.875406640872012587e-01,-8.620325597094283809e-01
3.220472962743642364e-01,-7.739228608125769959e-02,-5.179810363866688139e-01,-7.886644527055096665e-01
4.918142695970236788e-01,-8.020373884728930480e-02,-5.367978887015389944e-01,-6.808333945843374480e-01
6.327454192180816950e-01,-8.135819768341787106e-02,-5.445245991359067839e-01,-5.445245991359067839e-01
6.327454192180819170e-01,-8.341472991951565108e-02,-6.138293180160476759e-01,-4.646383385332530369e-01
6.327454192180821391e-01,-8.500076608575296566e-02,-6.705364993000284546e-01,-3.778741951097372986e-01
6.327454192180819170e-01,-8.606881582321715407e-02,-7.146502886375732944e-01,-2.854826760970901045e-01
6.327454192180819170e-01,-8.634831093733516538e-02,-7.461871086362134031e-01,-1.881010434897449068e-01
6.327454192180821391e-01,-8.365722530620506303e-02,-7.652686925300599130e-01,-8.365722530620510466e-02
6.327454192180820280e-01,-9.857711537478361374e-02,-7.680597546955055810e-01,0.000000000000000000e+00
6.327454192180821391e-01,-8.365722530620506303e-02,-7.652686925300599130e-01,8.365722530620518793e-02
6.327454192180819170e-01,-8.634831093733517926e-02,-7.461871086362135141e-01,1.881010434897450456e-01
6.327454192180820280e-01,-8.606881582321715407e-02,-7.146502886375732944e-01,2.854826760970902710e-01
6.327454192180820280e-01,-8.500076608575296566e-02,-6.705364993000283436e-01,3.778741951097374097e-01
6.327454192180819170e-01,-8.341472991951565108e-02,-6.138293180160476759e-01,4.646383385332530369e-01
6.327454192180816950e-01,-8.135819768341787106e-02,-5.445245991359066728e-01,5.445245991359070059e-01
4.918142695970235678e-01,-8.020373884728931868e-02,-5.367978887015392164e-01,6.808333945843374480e-01
3.220472962743640144e-01,-7.739228608125768571e-02,-5.179810363866688139e-01,7.886644527055097775e-01
1.178884946385311411e-01,-7.284414660137573938e-02,-4.875406640872012587e-01,8.620325597094283809e-01
1.178884946385313770e-01,-7.356823785538697813e-02,-4.097912183966543886e-01,-9.015326807918279117e-01
3.220472962743644585e-01,-7.839737664574901455e-02,-4.366905804909184674e-01,-8.363257303275686283e-01
4.918142695970241229e-01,-8.161757019607590591e-02,-4.546277647558922830e-01,-7.380859651619826600e-01
6.327454192180819170e-01,-8.341472991951565108e-02,-4.646383385332530369e-01,-6.138293180160476759e-01
7.482221123931570572e-01,-8.355037688552403863e-02,-4.653939218813502032e-01,-4.653939218813504253e-01
7.482221123931571682e-01,-8.599873615935996196e-02,-5.353563384878616827e-01,-3.823107096927635395e-01
7.482221123931570572e-01,-8.770528325107738998e-02,-5.897816729489321341e-01,-2.909106943192861783e-01
7.482221123931571682e-01,-8.841416057526209349e-02,-6.286901866368218572e-01,-1.926012875404823632e-01
7.482221123931570572e-01,-8.589819637832243893e-02,-6.522320677824912094e-01,-8.589819637832249444e-02
7.482221123931571682e-01,-1.012583834750435119e-01,-6.556755373673343046e-01,0.000000000000000000e+00
7.482221123931570572e-01,-8.589819637832242505e-02,-6.522320677824912094e-01,8.589819637832254995e-02
7.482221123931571682e-01,-8.841416057526210737e-02,-6.286901866368218572e-01,1.926012875404824742e-01
7.482221123931570572e-01,-8.770528325107734835e-02,-5.897816729489320231e-01,2.909106943192862338e-01
7.482221123931571682e-01,-8.599873615935994808e-02,-5.353563384878615716e-01,3.823107096927637061e-01
7.482221123931570572e-01,-8.355037688552403863e-02,-4.653939218813502032e-01,4.653939218813504253e-01
6.327454192180819170e-01,-8.341472991951565108e-02,-4.646383385332530369e-01,6.138293180160476759e-01
4.918142695970237344e-01,-8.161757019607591979e-02,-4.546277647558923940e-01,7.380859651619828821e-01
3.220472962743642364e-01,-7.839737664574900067e-02,-4.366905804909184674e-01,8.363257303275686283e-01
1.178884946385313770e-01,-7.356823785538697813e-02,-4.097912183966543886e-01,9.015326807918279117e-01
1.178884946385315990e-01,-7.410535595698256039e-02,-3.294382277368541612e-01,-9.338528541242193670e-01
3.220472962743644030e-01,-7.915634527414792954e-02,-3.518925962163831911e-01,-8.753236045562263756e-01
4.918142695970241229e-01,-8.269942055679394000e-02,-3.676434745001432858e-01,-7.849317204176289309e-01
6.327454192180820280e-01,-8.500076608575295178e-02,-3.778741951097372431e-01,-6.705364993000283436e-01
7.482221123931572793e-01,-8.599873615935996196e-02,-3.823107096927635395e-01,-5.353563384878617937e-01
8.404485357481779051e-01,-8.512308518486055853e-02,-3.784179693984912607e-01,-3.784179693984913162e-01
8.404485357481777941e-01,-8.805208581350089381e-02,-4.478766087160940268e-01,-2.920610078521381214e-01
8.404485357481780161e-01,-8.958312253822510451e-02,-4.975323884258949225e-01,-1.951477526959239650e-01
8.404485357481779051e-01,-8.748939153371954047e-02,-5.275769815836007792e-01,-8.748939153371960986e-02
8.404485357481777941e-01,-1.032108178338505267e-01,-5.319716024759325590e-01,0.000000000000000000e+00
8.404485357481779051e-01,-8.748939153371955435e-02,-5.275769815836007792e-01,8.748939153371969313e-02
8.404485357481780161e-01,-8.958312253822509064e-02,-4.975323884258949225e-01,1.951477526959239928e-01
8.404485357481779051e-01,-8.805208581350089381e-02,-4.478766087160939158e-01,2.920610078521382880e-01
8.404485357481777941e-01,-8.512308518486051689e-02,-3.784179693984910942e-01,3.784179693984913717e-01
7.482221123931572793e-01,-8.599873615935996196e-02,-3.823107096927635395e-01,5.353563384878617937e-01
6.327454192180819170e-01,-8.500076608575295178e-02,-3.778741951097372431e-01,6.705364993000284546e-01
4.918142695970239009e-01,-8.269942055679395387e-02,-3.676434745001433968e-01,7.849317204176290419e-01
3.220472962743644585e-01,-7.915634527414791566e-02,-3.518925962163830801e-01,8.753236045562265977e-01
1.178884946385315990e-01,-7.410535595698256039e-02,-3.294382277368541612e-01,9.338528541242193670e-01
1.178884946385315852e-01,-7.439730274597181059e-02,-2.467692959311767464e-01,-9.589954425134753491e-01
3.220472962743645140e-01,-7.960933605006324798e-02,-2.640571510193119864e-01,-9.056609263800686760e-01
4.918142695970240674e-01,-8.339169312693482661e-02,-2.766028960714797535e-01,-8.213740850690621764e-01
6.327454192180819170e-01,-8.606881582321715407e-02,-2.854826760970901045e-01,-7.146502886375732944e-01
7.482221123931569462e-01,-8.770528325107737611e-02,-2.909106943192861228e-01,-5.897816729489320231e-01
8.404485357481777941e-01,-8.805208581350089381e-02,-2.920610078521381214e-01,-4.478766087160940268e-01
9.109092150820916611e-01,-8.602735045682304016e-02,-2.853451391314618668e-01,-2.853451391314619223e-01
9.109092150820916611e-01,-8.942501977014281900e-02,-3.525609532059716389e-01,-1.948033418402619621e-01
9.109092150820916611e-01,-8.835800766263780803e-02,-3.932303737534858512e-01,-8.835800766263786354e-02
9.109092150820916611e-01,-1.044052582847557337e-01,-3.991790875296715169e-01,0.000000000000000000e+00
9.109092150820916611e-01,-8.835800766263782191e-02,-3.932303737534857957e-01,8.835800766263794681e-02
9.109092150820916611e-01,-8.942501977014283288e-02,-3.525609532059715834e-01,1.948033418402620731e-01
9.109092150820915501e-01,-8.602735045682304016e-02,-2.853451391314618668e-01,2.853451391314621444e-01
8.404485357481776830e-01,-8.805208581350085217e-02,-2.920610078521380659e-01,4.478766087160941933e-01
7.482221123931569462e-01,-8.770528325107737611e-02,-2.909106943192861228e-01,5.897816729489320231e-01
6.327454192180819170e-01,-8.606881582321715407e-02,-2.854826760970900490e-01,7.146502886375732944e-01
4.918142695970238454e-01,-8.339169312693482661e-02,-2.766028960714797535e-01,8.213740850690622874e-01
3.220472962743642364e-01,-7.960933605006320635e-02,-2.640571510193118754e-01,9.056609263800687870e-01
1.178884946385315852e-01,-7.439730274597181059e-02,-2.467692959311767464e-01,9.589954425134753491e-01
1.178884946385315852e-01,-7.420009761347040600e-02,-1.616373920534901754e-01,-9.769698060002461881e-01
3.220472962743644030e-01,-7.949660135370248404e-02,-1.731752886211255227e-01,-9.273489897263985648e-01
4.918142695970238454e-01,-8.342526913183710702e-02,-1.817334931832038369e-01,-8.474266258186939904e-01
6.327454192180819170e-01,-8.634831093733516538e-02,-1.881010434897449068e-01,-7.461871086362134031e-01
7.482221123931571682e-01,-8.841416057526209349e-02,-1.926012875404823632e-01,-6.286901866368218572e-01
8.404485357481779051e-01,-8.958312253822509064e-02,-1.951477526959239372e-01,-4.975323884258948670e-01
9.109092150820916611e-01,-8.942501977014281900e-02,-1.948033418402619621e-01,-3.525609532059716389e-01
9.606045953244610747e-01,-8.580500723959127995e-02,-1.869175114510970848e-01,-1.869175114510971680e-01
9.606045953244610747e-01,-8.792083053525161229e-02,-2.485531463440193434e-01,-8.792083053525166780e-02
9.606045953244610747e-01,-1.043898194040526195e-01,-2.575685870720993975e-01,0.000000000000000000e+00
9.606045953244610747e-01,-8.792083053525164005e-02,-2.485531463440193434e-01,8.792083053525176495e-02
9.606045953244610747e-01,-8.580500723959125220e-02,-1.869175114510970293e-01,1.869175114510972513e-01
9.109092150820915501e-01,-8.942501977014281900e-02,-1.948033418402619898e-01,3.525609532059719164e-01
8.404485357481776830e-01,-8.958312253822507676e-02,-1.951477526959238817e-01,4.975323884258952001e-01
7.482221123931571682e-01,-8.841416057526209349e-02,-1.926012875404823632e-01,6.286901866368218572e-01
6.327454192180819170e-01,-8.634831093733517926e-02,-1.881010434897449624e-01,7.461871086362134031e-01
4.918142695970238454e-01,-8.342526913183712090e-02,-1.817334931832038647e-01,8.474266258186939904e-01
3.220472962743642364e-01,-7.949660135370247016e-02,-1.731752886211255227e-01,9.273489897263987869e-01
1.178884946385315852e-01,-7.420009761347040600e-02,-1.616373920534901754e-01,9.769698060002461881e-01
1.178884946385313631e-01,-7.163767939741512436e-02,-7.163767939741516599e-02,-9.878453262596160744e-01
3.220472962743642364e-01,-7.680779722358890838e-02,-7.680779722358896389e-02,-9.404715112823418544e-01
4.918142695970239009e-01,-8.069048806195848467e-02,-8.069048806195851242e-02,-8.631899063898927915e-01
6.327454192180820280e-01,-8.365722530620506303e-02,-8.365722530620510466e-02,-7.652686925300600240e-01
7.482221123931570572e-01,-8.589819637832243893e-02,-8.589819637832249444e-02,-6.522320677824912094e-01
8.404485357481779051e-01,-8.748939153371954047e-02,-8.748939153371960986e-02,-5.275769815836007792e-01
9.109092150820916611e-01,-8.835800766263780803e-02,-8.835800766263786354e-02,-3.932303737534858512e-01
9.606045953244610747e-01,-8.792083053525161229e-02,-8.792083053525166780e-02,-2.485531463440193434e-01
9.901804702165015737e-01,-8.071066926957429222e-02,-8.071066926957434773e-02,-8.071066926957437548e-02
9.901804702165016847e-01,-9.884997825449334807e-02,-9.884997825449338971e-02,0.000000000000000000e+00
9.901804702165015737e-01,-8.071066926957423671e-02,-8.071066926957430610e-02,8.071066926957448651e-02
9.606045953244610747e-01,-8.792083053525159841e-02,-8.792083053525165393e-02,2.485531463440193434e-01
9.109092150820915501e-01,-8.835800766263778028e-02,-8.835800766263783579e-02,3.932303737534860733e-01
8.404485357481777941e-01,-8.748939153371952659e-02,-8.748939153371959598e-02,5.275769815836008902e-01
7.482221123931570572e-01,-8.589819637832243893e-02,-8.589819637832249444e-02,6.522320677824912094e-01
6.327454192180820280e-01,-8.365722530620503528e-02,-8.365722530620509079e-02,7.652686925300600240e-01
4.918142695970236788e-01,-8.069048806195847079e-02,-8.069048806195851242e-02,8.631899063898927915e-01
3.220472962743640144e-01,-7.680779722358890838e-02,-7.680779722358895001e-02,9.404715112823419654e-01
1.178884946385313631e-01,-7.163767939741512436e-02,-7.163767939741516599e-02,9.878453262596160744e-01
1.178884946385315852e-01,-8.437138522491353931e-02,0.000000000000000000e+00,-9.894360879749081183e-01
3.220472962743646805e-01,-9.047017119767460092e-02,0.000000000000000000e+00,-9.423909417464894078e-01
4.918142695970238454e-01,-9.505834891631222139e-02,0.000000000000000000e+00,-8.654956005214876624e-01
6.327454192180820280e-01,-9.857711537478361374e-02,0.000000000000000000e+00,-7.680597546955055810e-01
7.482221123931571682e-01,-1.012583834750435119e-01,0.000000000000000000e+00,-6.556755373673343046e-01
8.404485357481777941e-01,-1.032108178338505267e-01,0.000000000000000000e+00,-5.319716024759325590e-01
9.109092150820916611e-01,-1.044052582847557337e-01,0.000000000000000000e+00,-3.991790875296715169e-01
9.606045953244610747e-01,-1.043898194040526195e-01,0.000000000000000000e+00,-2.575685870720993975e-01
9.901804702165016847e-01,-9.884997825449334807e-02,0.000000000000000000e+00,-9.884997825449338971e-02
9.901804702165016847e-01,-1.397949798877900496e-01,0.000000000000000000e+00,9.477233582490486063e-16
9.901804702165015737e-01,-9.884997825449381992e-02,0.000000000000000000e+00,9.884997825449398645e-02
9.606045953244610747e-01,-1.043898194040525224e-01,0.000000000000000000e+00,2.575685870720993975e-01
9.109092150820915501e-01,-1.044052582847557059e-01,0.000000000000000000e+00,3.991790875296717389e-01
8.404485357481776830e-01,-1.032108178338505267e-01,0.000000000000000000e+00,5.319716024759326700e-01
7.482221123931571682e-01,-1.012583834750435119e-01,0.000000000000000000e+00,6.556755373673343046e-01
6.327454192180820280e-01,-9.857711537478364150e-02,0.000000000000000000e+00,7.680597546955055810e-01
4.918142695970238454e-01,-9.505834891631220751e-02,0.000000000000000000e+00,8.654956005214876624e-01
3.220472962743642920e-01,-9.047017119767458704e-02,0.000000000000000000e+00,9.423909417464895188e-01
1.178884946385315852e-01,-8.437138522491353931e-02,0.000000000000000000e+00,9.894360879749081183e-01
1.178884946385313631e-01,-7.163767939741512436e-02,7.163767939741523538e-02,-9.878453262596160744e-01
3.220472962743642364e-01,-7.680779722358893613e-02,7.680779722358904715e-02,-9.404715112823418544e-01
4.918142695970239009e-01,-8.069048806195847079e-02,8.069048806195858181e-02,-8.631899063898927915e-01
6.327454192180819170e-01,-8.365722530620504915e-02,8.365722530620517405e-02,-7.652686925300599130e-01
7.482221123931570572e-01,-8.589819637832242505e-02,8.589819637832254995e-02,-6.522320677824912094e-01
8.404485357481779051e-01,-8.748939153371955435e-02,8.748939153371969313e-02,-5.275769815836007792e-01
9.109092150820916611e-01,-8.835800766263782191e-02,8.835800766263794681e-02,-3.932303737534857957e-01
9.606045953244610747e-01,-8.792083053525161229e-02,8.792083053525175107e-02,-2.485531463440192879e-01
9.901804702165015737e-01,-8.071066926957423671e-02,8.071066926957448651e-02,-8.071066926957430610e-02
9.901804702165015737e-01,-9.884997825449381992e-02,9.884997825449398645e-02,0.000000000000000000e+00
9.901804702165015737e-01,-8.071066926957425058e-02,8.071066926957437548e-02,8.071066926957438936e-02
9.606045953244610747e-01,-8.792083053525161229e-02,8.792083053525173719e-02,2.485531463440193434e-01
9.109092150820915501e-01,-8.835800766263782191e-02,8.835800766263793293e-02,3.932303737534860177e-01
8.404485357481777941e-01,-8.748939153371954047e-02,8.748939153371967925e-02,5.275769815836008902e-01
7.482221123931570572e-01,-8.589819637832242505e-02,8.589819637832254995e-02,6.522320677824912094e-01
6.327454192180820280e-01,-8.365722530620503528e-02,8.365722530620516018e-02,7.652686925300600240e-01
4.918142695970236788e-01,-8.069048806195847079e-02,8.069048806195858181e-02,8.631899063898927915e-01
3.220472962743640144e-01,-7.680779722358890838e-02,7.680779722358903328e-02,9.404715112823419654e-01
1.178884946385313631e-01,-7.163767939741512436e-02,7.163767939741523538e-02,9.878453262596160744e-01
1.178884946385320293e-01,-7.420009761347041988e-02,1.616373920534902864e-01,-9.769698060002461881e-01
3.220472962743646250e-01,-7.949660135370252567e-02,1.731752886211256615e-01,-9.273489897263984538e-01
4.918142695970238454e-01,-8.342526913183712090e-02,1.817334931832039480e-01,-8.474266258186939904e-01
6.327454192180819170e-01,-8.634831093733516538e-02,1.881010434897450179e-01,-7.461871086362134031e-01
7.482221123931571682e-01,-8.841416057526210737e-02,1.926012875404824742e-01,-6.286901866368218572e-01
8.404485357481779051e-01,-8.958312253822507676e-02,1.951477526959239650e-01,-4.975323884258948670e-01
9.109092150820916611e-01,-8.942501977014283288e-02,1.948033418402620731e-01,-3.525609532059715834e-01
9.606045953244610747e-01,-8.580500723959125220e-02,1.869175114510972513e-01,-1.869175114510970293e-01
9.606045953244610747e-01,-8.792083053525159841e-02,2.485531463440193434e-01,-8.792083053525165393e-02
9.606045953244610747e-01,-1.043898194040525224e-01,2.575685870720993975e-01,0.000000000000000000e+00
9.606045953244610747e-01,-8.792083053525161229e-02,2.485531463440193434e-01,8.792083053525173719e-02
9.606045953244610747e-01,-8.580500723959125220e-02,1.869175114510970848e-01,1.869175114510971680e-01
9.109092150820916611e-01,-8.942501977014277736e-02,1.948033418402619898e-01,3.525609532059716389e-01
8.404485357481776830e-01,-8.958312253822507676e-02,1.951477526959240205e-01,4.975323884258952001e-01
7.482221123931571682e-01,-8.841416057526210737e-02,1.926012875404824742e-01,6.286901866368218572e-01
6.327454192180819170e-01,-8.634831093733517926e-02,1.881010434897450456e-01,7.461871086362134031e-01
4.918142695970238454e-01,-8.342526913183712090e-02,1.817334931832039757e-01,8.474266258186939904e-01
3.220472962743644585e-01,-7.949660135370248404e-02,1.731752886211256059e-01,9.273489897263985648e-01
1.178884946385320293e-01,-7.420009761347041988e-02,1.616373920534902864e-01,9.769698060002461881e-01
1.178884946385315852e-01,-7.439730274597181059e-02,2.467692959311768575e-01,-9.589954425134753491e-01
3.220472962743644585e-01,-7.960933605006323410e-02,2.640571510193120419e-01,-9.056609263800685650e-01
4.918142695970238454e-01,-8.339169312693484049e-02,2.766028960714799201e-01,-8.213740850690622874e-01
6.327454192180820280e-01,-8.606881582321715407e-02,2.854826760970902710e-01,-7.146502886375732944e-01
7.482221123931570572e-01,-8.770528325107734835e-02,2.909106943192862338e-01,-5.897816729489320231e-01
8.404485357481779051e-01,-8.805208581350089381e-02,2.920610078521382880e-01,-4.478766087160939158e-01
9.109092150820915501e-01,-8.602735045682304016e-02,2.853451391314621444e-01,-2.853451391314618668e-01
9.109092150820915501e-01,-8.942501977014281900e-02,3.525609532059719164e-01,-1.948033418402619898e-01
9.109092150820915501e-01,-8.835800766263778028e-02,3.932303737534860733e-01,-8.835800766263783579e-02
9.109092150820915501e-01,-1.044052582847557059e-01,3.991790875296717389e-01,0.000000000000000000e+00
9.109092150820915501e-01,-8.835800766263782191e-02,3.932303737534860177e-01,8.835800766263793293e-02
9.109092150820916611e-01,-8.942501977014277736e-02,3.525609532059716389e-01,1.948033418402619898e-01
9.109092150820916611e-01,-8.602735045682297077e-02,2.853451391314618668e-01,2.853451391314618668e-01
8.404485357481776830e-01,-8.805208581350086605e-02,2.920610078521381769e-01,4.478766087160940268e-01
7.482221123931570572e-01,-8.770528325107734835e-02,2.909106943192862338e-01,5.897816729489320231e-01
6.327454192180818060e-01,-8.606881582321715407e-02,2.854826760970902710e-01,7.146502886375732944e-01
4.918142695970236788e-01,-8.339169312693484049e-02,2.766028960714799756e-01,8.213740850690622874e-01
3.220472962743642920e-01,-7.960933605006320635e-02,2.640571510193120419e-01,9.056609263800686760e-01
1.178884946385315852e-01,-7.439730274597181059e-02,2.467692959311768575e-01,9.589954425134753491e-01
1.178884946385315990e-01,-7.410535595698257427e-02,3.294382277368543277e-01,-9.338528541242192560e-01
3.220472962743644030e-01,-7.915634527414791566e-02,3.518925962163832466e-01,-8.753236045562263756e-01
4.918142695970239009e-01,-8.269942055679394000e-02,3.676434745001435078e-01,-7.849317204176290419e-01
6.327454192180820280e-01,-8.500076608575296566e-02,3.778741951097374097e-01,-6.705364993000283436e-01
7.482221123931571682e-01,-8.599873615935994808e-02,3.823107096927637061e-01,-5.353563384878615716e-01
8.404485357481777941e-01,-8.512308518486051689e-02,3.784179693984913717e-01,-3.784179693984910942e-01
8.404485357481776830e-01,-8.805208581350085217e-02,4.478766087160941933e-01,-2.920610078521380659e-01
8.404485357481777941e-01,-8.958312253822509064e-02,4.975323884258952556e-01,-1.951477526959239095e-01
8.404485357481777941e-01,-8.748939153371952659e-02,5.275769815836008902e-01,-8.748939153371959598e-02
8.404485357481776830e-01,-1.032108178338505267e-01,5.319716024759326700e-01,0.000000000000000000e+00
8.404485357481777941e-01,-8.748939153371954047e-02,5.275769815836008902e-01,8.748939153371967925e-02
8.404485357481776830e-01,-8.958312253822507676e-02,4.975323884258952001e-01,1.951477526959240205e-01
8.404485357481776830e-01,-8.805208581350086605e-02,4.478766087160940268e-01,2.920610078521381769e-01
8.404485357481777941e-01,-8.512308518486051689e-02,3.784179693984912607e-01,3.784179693984912052e-01
7.482221123931571682e-01,-8.599873615935994808e-02,3.823107096927637061e-01,5.353563384878615716e-01
6.327454192180819170e-01,-8.500076608575295178e-02,3.778741951097373541e-01,6.705364993000284546e-01
4.918142695970237344e-01,-8.269942055679396775e-02,3.676434745001436188e-01,7.849317204176290419e-01
3.220472962743644030e-01,-7.915634527414791566e-02,3.518925962163832466e-01,8.753236045562263756e-01
1.178884946385315990e-01,-7.410535595698257427e-02,3.294382277368543277e-01,9.338528541242192560e-01
1.178884946385313770e-01,-7.356823785538697813e-02,4.097912183966543886e-01,-9.015326807918279117e-01
3.220472962743644585e-01,-7.839737664574901455e-02,4.366905804909184674e-01,-8.363257303275686283e-01
4.918142695970241229e-01,-8.161757019607590591e-02,4.546277647558922830e-01,-7.380859651619826600e-01
6.327454192180819170e-01,-8.341472991951565108e-02,4.646383385332530369e-01,-6.138293180160476759e-01
7.482221123931570572e-01,-8.355037688552403863e-02,4.653939218813502032e-01,-4.653939218813504253e-01
7.482221123931571682e-01,-8.599873615935996196e-02,5.353563384878616827e-01,-3.823107096927635395e-01
7.482221123931570572e-01,-8.770528325107738998e-02,5.897816729489321341e-01,-2.909106943192861783e-01
7.482221123931571682e-01,-8.841416057526209349e-02,6.286901866368218572e-01,-1.926012875404823632e-01
7.482221123931570572e-01,-8.589819637832243893e-02,6.522320677824912094e-01,-8.589819637832249444e-02
7.482221123931571682e-01,-1.012583834750435119e-01,6.556755373673343046e-01,0.000000000000000000e+00
7.482221123931570572e-01,-8.589819637832242505e-02,6.522320677824912094e-01,8.589819637832254995e-02
7.482221123931571682e-01,-8.841416057526210737e-02,6.286901866368218572e-01,1.926012875404824742e-01
7.482221123931570572e-01,-8.770528325107734835e-02,5.897816729489320231e-01,2.909106943192862338e-01
7.482221123931571682e-01,-8.599873615935994808e-02,5.353563384878615716e-01,3.823107096927637061e-01
7.482221123931570572e-01,-8.355037688552403863e-02,4.653939218813502032e-01,4.653939218813504253e-01
6.327454192180819170e-01,-8.341472991951565108e-02,4.646383385332530369e-01,6.138293180160476759e-01
4.918142695970237344e-01,-8.161757019607591979e-02,4.546277647558923940e-01,7.380859651619828821e-01
3.220472962743642364e-01,-7.839737664574900067e-02,4.366905804909184674e-01,8.363257303275686283e-01
1.178884946385313770e-01,-7.356823785538697813e-02,4.097912183966543886e-01,9.015326807918279117e-01
1.178884946385311411e-01,-7.284414660137573938e-02,4.875406640872012587e-01,-8.620325597094283809e-01
3.220472962743642364e-01,-7.739228608125769959e-02,5.179810363866688139e-01,-7.886644527055096665e-01
4.918142695970239009e-01,-8.020373884728930480e-02,5.367978887015389944e-01,-6.808333945843374480e-01
6.327454192180816950e-01,-8.135819768341787106e-02,5.445245991359070059e-01,-5.445245991359066728e-01
6.327454192180819170e-01,-8.341472991951565108e-02,6.138293180160476759e-01,-4.646383385332530369e-01
6.327454192180820280e-01,-8.500076608575296566e-02,6.705364993000285656e-01,-3.778741951097372986e-01
6.327454192180820280e-01,-8.606881582321716795e-02,7.146502886375734054e-01,-2.854826760970901045e-01
6.327454192180819170e-01,-8.634831093733517926e-02,7.461871086362134031e-01,-1.881010434897449624e-01
6.327454192180820280e-01,-8.365722530620504915e-02,7.652686925300600240e-01,-8.365722530620509079e-02
6.327454192180820280e-01,-9.857711537478364150e-02,7.680597546955055810e-01,0.000000000000000000e+00
6.327454192180820280e-01,-8.365722530620504915e-02,7.652686925300600240e-01,8.365722530620517405e-02
6.327454192180820280e-01,-8.634831093733519314e-02,7.461871086362134031e-01,1.881010434897450456e-01
6.327454192180818060e-01,-8.606881582321715407e-02,7.146502886375732944e-01,2.854826760970902710e-01
6.327454192180819170e-01,-8.500076608575295178e-02,6.705364993000284546e-01,3.778741951097373541e-01
6.327454192180819170e-01,-8.341472991951565108e-02,6.138293180160476759e-01,4.646383385332530369e-01
6.327454192180818060e-01,-8.135819768341785718e-02,5.445245991359065618e-01,5.445245991359067839e-01
4.918142695970235123e-01,-8.020373884728931868e-02,5.367978887015392164e-01,6.808333945843373369e-01
3.220472962743640144e-01,-7.739228608125768571e-02,5.179810363866688139e-01,7.886644527055097775e-01
1.178884946385311411e-01,-7.284414660137573938e-02,4.875406640872012587e-01,8.620325597094283809e-01
1.178884946385309190e-01,-7.194971564548799381e-02,5.622518917456353904e-01,-8.153516734997536819e-01
3.220472962743634593e-01,-7.615553146823079989e-02,5.951182885264426625e-01,-7.323387854337101155e-01
4.918142695970227352e-01,-7.846591709662471825e-02,6.131728239554216087e-01,-6.131728239554213866e-01
4.918142695970235123e-01,-8.020373884728931868e-02,6.808333945843374480e-01,-5.367978887015392164e-01
4.918142695970237344e-01,-8.161757019607591979e-02,7.380859651619828821e-01,-4.546277647558923940e-01
4.918142695970239009e-01,-8.269942055679395387e-02,7.849317204176290419e-01,-3.676434745001433968e-01
4.918142695970238454e-01,-8.339169312693482661e-02,8.213740850690622874e-01,-2.766028960714797535e-01
4.918142695970238454e-01,-8.342526913183712090e-02,8.474266258186939904e-01,-1.817334931832038647e-01
4.918142695970237344e-01,-8.069048806195848467e-02,8.631899063898929025e-01,-8.069048806195852630e-02
4.918142695970238454e-01,-9.505834891631220751e-02,8.654956005214876624e-01,0.000000000000000000e+00
4.918142695970237344e-01,-8.069048806195848467e-02,8.631899063898929025e-01,8.069048806195859569e-02
4.918142695970238454e-01,-8.342526913183712090e-02,8.474266258186939904e-01,1.817334931832039757e-01
4.918142695970237344e-01,-8.339169312693485436e-02,8.213740850690623985e-01,2.766028960714800311e-01
4.918142695970237344e-01,-8.269942055679396775e-02,7.849317204176290419e-01,3.676434745001436188e-01
4.918142695970237344e-01,-8.161757019607591979e-02,7.380859651619828821e-01,4.546277647558923940e-01
4.918142695970235123e-01,-8.020373884728931868e-02,6.808333945843373369e-01,5.367978887015392164e-01
4.918142695970227352e-01,-7.846591709662473213e-02,6.131728239554214976e-01,6.131728239554214976e-01
3.220472962743631817e-01,-7.615553146823079989e-02,5.951182885264426625e-01,7.323387854337101155e-01
1.178884946385309190e-01,-7.194971564548799381e-02,5.622518917456353904e-01,8.153516734997536819e-01
1.178884946385296145e-01,-7.088798975283366888e-02,6.334119232291046675e-01,-7.614896790186131970e-01
3.220472962743625156e-01,-7.468596460356591304e-02,6.673483144706400250e-01,-6.673483144706394699e-01
3.220472962743631817e-01,-7.615553146823077213e-02,7.323387854337103375e-01,-5.951182885264424405e-01
3.220472962743640144e-01,-7.739228608125768571e-02,7.886644527055097775e-01,-5.179810363866688139e-01
3.220472962743640144e-01,-7.839737664574901455e-02,8.363257303275687393e-01,-4.366905804909185229e-01
3.220472962743644585e-01,-7.915634527414791566e-02,8.753236045562265977e-01,-3.518925962163830801e-01
3.220472962743642364e-01,-7.960933605006320635e-02,9.056609263800687870e-01,-2.640571510193118754e-01
3.220472962743642920e-01,-7.949660135370248404e-02,9.273489897263986759e-01,-1.731752886211255227e-01
3.220472962743642364e-01,-7.680779722358889450e-02,9.404715112823418544e-01,-7.680779722358895001e-02
3.220472962743642920e-01,-9.047017119767458704e-02,9.423909417464895188e-01,0.000000000000000000e+00
3.220472962743640144e-01,-7.680779722358890838e-02,9.404715112823419654e-01,7.680779722358903328e-02
3.220472962743644585e-01,-7.949660135370248404e-02,9.273489897263985648e-01,1.731752886211256059e-01
3.220472962743642364e-01,-7.960933605006320635e-02,9.056609263800687870e-01,2.640571510193120419e-01
3.220472962743644030e-01,-7.915634527414791566e-02,8.753236045562263756e-01,3.518925962163832466e-01
3.220472962743640144e-01,-7.839737664574901455e-02,8.363257303275687393e-01,4.366905804909185229e-01
3.220472962743640144e-01,-7.739228608125768571e-02,7.886644527055097775e-01,5.179810363866688139e-01
3.220472962743631817e-01,-7.615553146823079989e-02,7.323387854337101155e-01,5.951182885264426625e-01
3.220472962743625711e-01,-7.468596460356592692e-02,6.673483144706396919e-01,6.673483144706400250e-01
1.178884946385296145e-01,-7.088798975283366888e-02,6.334119232291046675e-01,7.614896790186131970e-01
1.178884946385307109e-01,-6.965594802401819940e-02,7.004464118463081812e-01,-7.004464118463085143e-01
1.178884946385297949e-01,-7.088798975283365500e-02,7.614896790186130859e-01,-6.334119232291044455e-01
1.178884946385307109e-01,-7.194971564548797993e-02,8.153516734997536819e-01,-5.622518917456352794e-01
1.178884946385311411e-01,-7.284414660137573938e-02,8.620325597094283809e-01,-4.875406640872012587e-01
1.178884946385311411e-01,-7.356823785538697813e-02,9.015326807918279117e-01,-4.097912183966543331e-01
1.178884946385315990e-01,-7.410535595698256039e-02,9.338528541242193670e-01,-3.294382277368541612e-01
1.178884946385315852e-01,-7.439730274597181059e-02,9.589954425134753491e-01,-2.467692959311767464e-01
1.178884946385315852e-01,-7.420009761347040600e-02,9.769698060002461881e-01,-1.616373920534901754e-01
1.178884946385313631e-01,-7.163767939741512436e-02,9.878453262596160744e-01,-7.163767939741516599e-02
1.178884946385315852e-01,-8.437138522491353931e-02,9.894360879749081183e-01,0.000000000000000000e+00
1.178884946385313631e-01,-7.163767939741512436e-02,9.878453262596160744e-01,7.163767939741523538e-02
1.178884946385320293e-01,-7.420009761347041988e-02,9.769698060002461881e-01,1.616373920534902864e-01
1.178884946385315852e-01,-7.439730274597181059e-02,9.589954425134753491e-01,2.467692959311768575e-01
1.178884946385315990e-01,-7.410535595698257427e-02,9.338528541242192560e-01,3.294382277368543277e-01
1.178884946385311411e-01,-7.356823785538697813e-02,9.015326807918279117e-01,4.097912183966543331e-01
1.178884946385311411e-01,-7.284414660137573938e-02,8.620325597094283809e-01,4.875406640872012587e-01
1.178884946385307247e-01,-7.194971564548799381e-02,8.153516734997536819e-01,5.622518917456353904e-01
1.178884946385296145e-01,-7.088798975283366888e-02,7.614896790186131970e-01,6.334119232291046675e-01
1.178884946385307109e-01,-6.965594802401819940e-02,7.004464118463081812e-01,7.004464118463085143e-01
1.178884946385309190e-01,0.000000000000000000e+00,-7.021760117064170803e-01,-7.021760117064175244e-01
1.178884946385309329e-01,0.000000000000000000e+00,-7.632187779134717021e-01,-6.352947346485157132e-01
1.178884946385311550e-01,0.000000000000000000e+00,-8.170800422138135843e-01,-5.643425444246905620e-01
1.178884946385311411e-01,0.000000000000000000e+00,-8.637598046074435043e-01,-4.899196901292826034e-01
1.178884946385315852e-01,0.000000000000000000e+00,-9.032580650943609069e-01,-4.125859554975815913e-01
1.178884946385311411e-01,0.000000000000000000e+00,-9.355748236745661250e-01,-3.328694220534015313e-01
1.178884946385315990e-01,0.000000000000000000e+00,-9.607100803480591589e-01,-2.512736443590669055e-01
1.178884946385313770e-01,0.000000000000000000e+00,-9.786638351148397863e-01,-1.682836910403819608e-01
1.178884946385315990e-01,0.000000000000000000e+00,-9.894360879749082294e-01,-8.437138522491355319e-02
1.178884946385315852e-01,0.000000000000000000e+00,-9.930268389282642660e-01,7.480118634175246713e-16
1.178884946385315990e-01,0.000000000000000000e+00,-9.894360879749082294e-01,8.437138522491366421e-02
1.178884946385313770e-01,0.000000000000000000e+00,-9.786638351148397863e-01,1.682836910403820718e-01
1.178884946385313631e-01,0.000000000000000000e+00,-9.607100803480590479e-01,2.512736443590670721e-01
1.178884946385313631e-01,0.000000000000000000e+00,-9.355748236745660140e-01,3.328694220534017534e-01
1.178884946385315852e-01,0.000000000000000000e+00,-9.032580650943609069e-01,4.125859554975815913e-01
1.178884946385313631e-01,0.000000000000000000e+00,-8.637598046074433933e-01,4.899196901292826589e-01
1.178884946385309190e-01,0.000000000000000000e+00,-8.170800422138134733e-01,5.643425444246905620e-01
1.178884946385311411e-01,0.000000000000000000e+00,-7.632187779134714800e-01,6.352947346485158242e-01
1.178884946385309190e-01,0.000000000000000000e+00,-7.021760117064170803e-01,7.021760117064175244e-01
1.178884946385309329e-01,0.000000000000000000e+00,-6.352947346485157132e-01,-7.632187779134717021e-01
3.220472962743636258e-01,0.000000000000000000e+00,-6.694346640869339726e-01,-6.694346640869341947e-01
3.220472962743640144e-01,0.000000000000000000e+00,-7.344242540058758539e-01,-5.974165666352790893e-01
3.220472962743640144e-01,0.000000000000000000e+00,-7.907485652689587585e-01,-5.205787601194035163e-01
3.220472962743642364e-01,0.000000000000000000e+00,-8.384075978761825754e-01,-4.397251855259842190e-01
3.220472962743642364e-01,0.000000000000000000e+00,-8.774013518275476375e-01,-3.556014718382980444e-01
3.220472962743644585e-01,0.000000000000000000e+00,-9.077298271230538340e-01,-2.689090922849628473e-01
3.220472962743644585e-01,0.000000000000000000e+00,-9.293930237627010538e-01,-1.803167944025047542e-01
3.220472962743646805e-01,0.000000000000000000e+00,-9.423909417464894078e-01,-9.047017119767460092e-02
3.220472962743644585e-01,0.000000000000000000e+00,-9.467235810744188962e-01,8.022749210214832856e-16
3.220472962743646250e-01,0.000000000000000000e+00,-9.423909417464892968e-01,9.047017119767467030e-02
3.220472962743642920e-01,0.000000000000000000e+00,-9.293930237627011648e-01,1.803167944025048097e-01
3.220472962743644585e-01,0.000000000000000000e+00,-9.077298271230538340e-01,2.689090922849631249e-01
3.220472962743642364e-01,0.000000000000000000e+00,-8.774013518275475265e-01,3.556014718382982109e-01
3.220472962743642364e-01,0.000000000000000000e+00,-8.384075978761825754e-01,4.397251855259842190e-01
3.220472962743642364e-01,0.000000000000000000e+00,-7.907485652689586475e-01,5.205787601194036274e-01
3.220472962743638479e-01,0.000000000000000000e+00,-7.344242540058757429e-01,5.974165666352794224e-01
3.220472962743634593e-01,0.000000000000000000e+00,-6.694346640869338616e-01,6.694346640869343057e-01
1.178884946385309329e-01,0.000000000000000000e+00,-6.352947346485157132e-01,7.632187779134717021e-01
1.178884946385311550e-01,0.000000000000000000e+00,-5.643425444246905620e-01,-8.170800422138135843e-01
3.220472962743640144e-01,0.000000000000000000e+00,-5.974165666352790893e-01,-7.344242540058758539e-01
4.918142695970235123e-01,0.000000000000000000e+00,-6.156779694859748631e-01,-6.156779694859750851e-01
4.918142695970237344e-01,0.000000000000000000e+00,-6.833369112247597021e-01,-5.396011397120571429e-01
4.918142695970239009e-01,0.000000000000000000e+00,-7.405867850037313183e-01,-4.578754613413816843e-01
4.918142695970239009e-01,0.000000000000000000e+00,-7.874275908228899334e-01,-3.715864817664999431e-01
4.918142695970238454e-01,0.000000000000000000e+00,-8.238593286822355477e-01,-2.817348589791510149e-01
4.918142695970238454e-01,0.000000000000000000e+00,-8.498819985817681610e-01,-1.892599078183370420e-01
4.918142695970238454e-01,0.000000000000000000e+00,-8.654956005214876624e-01,-9.505834891631222139e-02
4.918142695970240674e-01,0.000000000000000000e+00,-8.707001345013940519e-01,8.432582140338787419e-16
4.918142695970238454e-01,0.000000000000000000e+00,-8.654956005214876624e-01,9.505834891631227690e-02
4.918142695970239009e-01,0.000000000000000000e+00,-8.498819985817681610e-01,1.892599078183370975e-01
4.918142695970239009e-01,0.000000000000000000e+00,-8.238593286822355477e-01,2.817348589791512370e-01
4.918142695970238454e-01,0.000000000000000000e+00,-7.874275908228898224e-01,3.715864817665000541e-01
4.918142695970239009e-01,0.000000000000000000e+00,-7.405867850037313183e-01,4.578754613413816843e-01
4.918142695970237344e-01,0.000000000000000000e+00,-6.833369112247597021e-01,5.396011397120571429e-01
4.918142695970233458e-01,0.000000000000000000e+00,-6.156779694859749741e-01,6.156779694859753072e-01
3.220472962743637924e-01,0.000000000000000000e+00,-5.974165666352790893e-01,7.344242540058759650e-01
1.178884946385311550e-01,0.000000000000000000e+00,-5.643425444246905620e-01,8.170800422138135843e-01
1.178884946385311411e-01,0.000000000000000000e+00,-4.899196901292826034e-01,-8.637598046074435043e-01
3.220472962743640144e-01,0.000000000000000000e+00,-5.205787601194035163e-01,-7.907485652689587585e-01
4.918142695970237344e-01,0.000000000000000000e+00,-5.396011397120571429e-01,-6.833369112247597021e-01
6.327454192180816950e-01,0.000000000000000000e+00,-5.475551271144001308e-01,-5.475551271144003529e-01
6.327454192180816950e-01,0.000000000000000000e+00,-6.168565814970334849e-01,-4.681038264341872979e-01
6.327454192180816950e-01,0.000000000000000000e+00,-6.735577714464606736e-01,-3.820381695362540242e-01
6.327454192180820280e-01,0.000000000000000000e+00,-7.176586969626815860e-01,-2.908594662931907604e-01
6.327454192180820280e-01,0.000000000000000000e+00,-7.491593580456966661e-01,-1.959425699308179614e-01
6.327454192180820280e-01,0.000000000000000000e+00,-7.680597546955055810e-01,-9.857711537478361374e-02
6.327454192180820280e-01,0.000000000000000000e+00,-7.743598869121087747e-01,8.749467173365393898e-16
6.327454192180819170e-01,0.000000000000000000e+00,-7.680597546955056920e-01,9.857711537478369701e-02
6.327454192180820280e-01,0.000000000000000000e+00,-7.491593580456966661e-01,1.959425699308180446e-01
6.327454192180819170e-01,0.000000000000000000e+00,-7.176586969626815860e-01,2.908594662931909269e-01
6.327454192180819170e-01,0.000000000000000000e+00,-6.735577714464604515e-01,3.820381695362543018e-01
6.327454192180816950e-01,0.000000000000000000e+00,-6.168565814970334849e-01,4.681038264341872979e-01
6.327454192180815840e-01,0.000000000000000000e+00,-5.475551271144002419e-01,5.475551271144003529e-01
4.918142695970232903e-01,0.000000000000000000e+00,-5.396011397120572539e-01,6.833369112247598132e-01
3.220472962743637924e-01,0.000000000000000000e+00,-5.205787601194034053e-01,7.907485652689588695e-01
1.178884946385311411e-01,0.000000000000000000e+00,-4.899196901292826034e-01,8.637598046074435043e-01
1.178884946385315852e-01,0.000000000000000000e+00,-4.125859554975815913e-01,-9.032580650943609069e-01
3.220472962743642364e-01,0.000000000000000000e+00,-4.397251855259842190e-01,-8.384075978761825754e-01
4.918142695970239009e-01,0.000000000000000000e+00,-4.578754613413816843e-01,-7.405867850037313183e-01
6.327454192180816950e-01,0.000000000000000000e+00,-4.681038264341872979e-01,-6.168565814970334849e-01
7.482221123931569462e-01,0.000000000000000000e+00,-4.691288045547415408e-01,-4.691288045547417629e-01
7.482221123931569462e-01,0.000000000000000000e+00,-5.390838293594639730e-01,-3.867199186091379026e-01
7.482221123931569462e-01,0.000000000000000000e+00,-5.934932930964703646e-01,-2.965288882645823465e-01
7.482221123931570572e-01,0.000000000000000000e+00,-6.323571957657604381e-01,-2.007188269425308202e-01
7.482221123931572793e-01,0.000000000000000000e+00,-6.556755373673344156e-01,-1.012583834750435258e-01
7.482221123931571682e-01,0.000000000000000000e+00,-6.634483179011924081e-01,8.995537155492914561e-16
7.482221123931572793e-01,0.000000000000000000e+00,-6.556755373673344156e-01,1.012583834750435952e-01
7.482221123931569462e-01,0.000000000000000000e+00,-6.323571957657604381e-01,2.007188269425309313e-01
7.482221123931569462e-01,0.000000000000000000e+00,-5.934932930964702535e-01,2.965288882645825130e-01
7.482221123931569462e-01,0.000000000000000000e+00,-5.390838293594639730e-01,3.867199186091380692e-01
7.482221123931569462e-01,0.000000000000000000e+00,-4.691288045547415408e-01,4.691288045547417629e-01
6.327454192180819170e-01,0.000000000000000000e+00,-4.681038264341873534e-01,6.168565814970333738e-01
4.918142695970235678e-01,0.000000000000000000e+00,-4.578754613413817953e-01,7.405867850037314293e-01
3.220472962743637924e-01,0.000000000000000000e+00,-4.397251855259842190e-01,8.384075978761826864e-01
1.178884946385315852e-01,0.000000000000000000e+00,-4.125859554975815913e-01,9.032580650943609069e-01
1.178884946385311411e-01,0.000000000000000000e+00,-3.328694220534015313e-01,-9.355748236745661250e-01
3.220472962743642364e-01,0.000000000000000000e+00,-3.556014718382980444e-01,-8.774013518275476375e-01
4.918142695970239009e-01,0.000000000000000000e+00,-3.715864817664999431e-01,-7.874275908228899334e-01
6.327454192180816950e-01,0.000000000000000000e+00,-3.820381695362540242e-01,-6.735577714464606736e-01
7.482221123931569462e-01,0.000000000000000000e+00,-3.867199186091379026e-01,-5.390838293594639730e-01
8.404485357481776830e-01,0.000000000000000000e+00,-3.831750636189312220e-01,-3.831750636189313330e-01
8.404485357481777941e-01,0.000000000000000000e+00,-4.526134484188652496e-01,-2.979720206145656802e-01
8.404485357481777941e-01,0.000000000000000000e+00,-5.022122947045323249e-01,-2.035413221101601000e-01
8.404485357481777941e-01,0.000000000000000000e+00,-5.319716024759325590e-01,-1.032108178338505267e-01
8.404485357481777941e-01,0.000000000000000000e+00,-5.418913717330660074e-01,9.184219473354279236e-16
8.404485357481777941e-01,0.000000000000000000e+00,-5.319716024759325590e-01,1.032108178338506238e-01
8.404485357481777941e-01,0.000000000000000000e+00,-5.022122947045322139e-01,2.035413221101601833e-01
8.404485357481776830e-01,0.000000000000000000e+00,-4.526134484188651941e-01,2.979720206145659578e-01
8.404485357481775720e-01,0.000000000000000000e+00,-3.831750636189312220e-01,3.831750636189316106e-01
7.482221123931569462e-01,0.000000000000000000e+00,-3.867199186091379026e-01,5.390838293594639730e-01
6.327454192180819170e-01,0.000000000000000000e+00,-3.820381695362540797e-01,6.735577714464605625e-01
4.918142695970237344e-01,0.000000000000000000e+00,-3.715864817664999986e-01,7.874275908228900445e-01
3.220472962743640144e-01,0.000000000000000000e+00,-3.556014718382979889e-01,8.774013518275477486e-01
1.178884946385311411e-01,0.000000000000000000e+00,-3.328694220534015313e-01,9.355748236745661250e-01
1.178884946385315852e-01,0.000000000000000000e+00,-2.512736443590668500e-01,-9.607100803480590479e-01
3.220472962743644585e-01,0.000000000000000000e+00,-2.689090922849628473e-01,-9.077298271230538340e-01
4.918142695970238454e-01,0.000000000000000000e+00,-2.817348589791510149e-01,-8.238593286822355477e-01
6.327454192180820280e-01,0.000000000000000000e+00,-2.908594662931907604e-01,-7.176586969626815860e-01
7.482221123931569462e-01,0.000000000000000000e+00,-2.965288882645823465e-01,-5.934932930964703646e-01
8.404485357481777941e-01,0.000000000000000000e+00,-2.979720206145656802e-01,-4.526134484188652496e-01
9.109092150820916611e-01,0.000000000000000000e+00,-2.917570923546912720e-01,-2.917570923546912720e-01
9.109092150820916611e-01,0.000000000000000000e+00,-3.588958393390539459e-01,-2.035636961337745632e-01
9.109092150820916611e-01,0.000000000000000000e+00,-3.991790875296715169e-01,-1.044052582847557337e-01
9.109092150820916611e-01,0.000000000000000000e+00,-4.126068369265440405e-01,9.324062457808273278e-16
9.109092150820916611e-01,0.000000000000000000e+00,-3.991790875296714614e-01,1.044052582847558447e-01
9.109092150820916611e-01,0.000000000000000000e+00,-3.588958393390538348e-01,2.035636961337747020e-01
9.109092150820914391e-01,0.000000000000000000e+00,-2.917570923546913275e-01,2.917570923546917716e-01
8.404485357481775720e-01,0.000000000000000000e+00,-2.979720206145657913e-01,4.526134484188656382e-01
7.482221123931569462e-01,0.000000000000000000e+00,-2.965288882645823465e-01,5.934932930964703646e-01
6.327454192180820280e-01,0.000000000000000000e+00,-2.908594662931907604e-01,7.176586969626815860e-01
4.918142695970237344e-01,0.000000000000000000e+00,-2.817348589791511260e-01,8.238593286822356587e-01
3.220472962743642364e-01,0.000000000000000000e+00,-2.689090922849627363e-01,9.077298271230538340e-01
1.178884946385315852e-01,0.000000000000000000e+00,-2.512736443590668500e-01,9.607100803480590479e-01
1.178884946385313770e-01,0.000000000000000000e+00,-1.682836910403819608e-01,-9.786638351148397863e-01
3.220472962743644585e-01,0.000000000000000000e+00,-1.803167944025047542e-01,-9.293930237627010538e-01
4.918142695970238454e-01,0.000000000000000000e+00,-1.892599078183370420e-01,-8.498819985817681610e-01
6.327454192180820280e-01,0.000000000000000000e+00,-1.959425699308179614e-01,-7.491593580456966661e-01
7.482221123931570572e-01,0.000000000000000000e+00,-2.007188269425308202e-01,-6.323571957657604381e-01
8.404485357481777941e-01,0.000000000000000000e+00,-2.035413221101601000e-01,-5.022122947045323249e-01
9.109092150820916611e-01,0.000000000000000000e+00,-2.035636961337745632e-01,-3.588958393390539459e-01
9.606045953244610747e-01,0.000000000000000000e+00,-1.965182070973683914e-01,-1.965182070973684747e-01
9.606045953244610747e-01,0.000000000000000000e+00,-2.575685870720993975e-01,-1.043898194040526195e-01
9.606045953244610747e-01,0.000000000000000000e+00,-2.779187137303430477e-01,9.420583518385033196e-16
9.606045953244610747e-01,0.000000000000000000e+00,-2.575685870720993420e-01,1.043898194040527028e-01
9.606045953244610747e-01,0.000000000000000000e+00,-1.965182070973683082e-01,1.965182070973685302e-01
9.109092150820915501e-01,0.000000000000000000e+00,-2.035636961337745632e-01,3.588958393390541679e-01
8.404485357481776830e-01,0.000000000000000000e+00,-2.035413221101600167e-01,5.022122947045324359e-01
7.482221123931570572e-01,0.000000000000000000e+00,-2.007188269425308202e-01,6.323571957657604381e-01
6.327454192180820280e-01,0.000000000000000000e+00,-1.959425699308179891e-01,7.491593580456965551e-01
4.918142695970239009e-01,0.000000000000000000e+00,-1.892599078183370698e-01,8.498819985817681610e-01
3.220472962743642920e-01,0.000000000000000000e+00,-1.803167944025047265e-01,9.293930237627011648e-01
1.178884946385313770e-01,0.000000000000000000e+00,-1.682836910403819608e-01,9.786638351148397863e-01
1.178884946385315852e-01,0.000000000000000000e+00,-8.437138522491353931e-02,-9.894360879749081183e-01
3.220472962743646805e-01,0.000000000000000000e+00,-9.047017119767460092e-02,-9.423909417464894078e-01
4.918142695970238454e-01,0.000000000000000000e+00,-9.505834891631222139e-02,-8.654956005214876624e-01
6.327454192180820280e-01,0.000000000000000000e+00,-9.857711537478361374e-02,-7.680597546955055810e-01
7.482221123931571682e-01,0.000000000000000000e+00,-1.012583834750435119e-01,-6.556755373673343046e-01
8.404485357481777941e-01,0.000000000000000000e+00,-1.032108178338505267e-01,-5.319716024759325590e-01
9.109092150820916611e-01,0.000000000000000000e+00,-1.044052582847557337e-01,-3.991790875296715169e-01
9.606045953244610747e-01,0.000000000000000000e+00,-1.043898194040526195e-01,-2.575685870720993975e-01
9.901804702165016847e-01,0.000000000000000000e+00,-9.884997825449334807e-02,-9.884997825449338971e-02
9.901804702165016847e-01,0.000000000000000000e+00,-1.397949798877900496e-01,9.477233582490486063e-16
9.901804702165015737e-01,0.000000000000000000e+00,-9.884997825449381992e-02,9.884997825449398645e-02
9.606045953244610747e-01,0.000000000000000000e+00,-1.043898194040525224e-01,2.575685870720993975e-01
9.109092150820915501e-01,0.000000000000000000e+00,-1.044052582847557059e-01,3.991790875296717389e-01
8.404485357481776830e-01,0.000000000000000000e+00,-1.032108178338505267e-01,5.319716024759326700e-01
7.482221123931571682e-01,0.000000000000000000e+00,-1.012583834750435119e-01,6.556755373673343046e-01
6.327454192180820280e-01,0.000000000000000000e+00,-9.857711537478364150e-02,7.680597546955055810e-01
4.918142695970238454e-01,0.000000000000000000e+00,-9.505834891631220751e-02,8.654956005214876624e-01
3.220472962743642920e-01,0.000000000000000000e+00,-9.047017119767458704e-02,9.423909417464895188e-01
1.178884946385315852e-01,0.000000000000000000e+00,-8.437138522491353931e-02,9.894360879749081183e-01
1.178884946385315852e-01,0.000000000000000000e+00,7.480118634175246713e-16,-9.930268389282642660e-01
3.220472962743644585e-01,0.000000000000000000e+00,8.022749210214832856e-16,-9.467235810744188962e-01
4.918142695970240674e-01,0.000000000000000000e+00,8.432582140338787419e-16,-8.707001345013940519e-01
6.327454192180820280e-01,0.000000000000000000e+00,8.749467173365393898e-16,-7.743598869121087747e-01
7.482221123931571682e-01,0.000000000000000000e+00,8.995537155492914561e-16,-6.634483179011924081e-01
8.404485357481777941e-01,0.000000000000000000e+00,9.184219473354279236e-16,-5.418913717330660074e-01
9.109092150820916611e-01,0.000000000000000000e+00,9.324062457808273278e-16,-4.126068369265440405e-01
9.606045953244610747e-01,0.000000000000000000e+00,9.420583518385033196e-16,-2.779187137303430477e-01
9.901804702165016847e-01,0.000000000000000000e+00,9.477233582490486063e-16,-1.397949798877900496e-01
1.000000000000000000e+00,0.000000000000000000e+00,0.000000000000000000e+00,0.000000000000000000e+00
9.901804702165015737e-01,0.000000000000000000e+00,9.477233582490527478e-16,1.397949798877907990e-01
9.606045953244610747e-01,0.000000000000000000e+00,9.420583518385033196e-16,2.779187137303430477e-01
9.109092150820915501e-01,0.000000000000000000e+00,9.324062457808269334e-16,4.126068369265442626e-01
8.404485357481776830e-01,0.000000000000000000e+00,9.184219473354279236e-16,5.418913717330661184e-01
7.482221123931571682e-01,0.000000000000000000e+00,8.995537155492914561e-16,6.634483179011924081e-01
6.327454192180821391e-01,0.000000000000000000e+00,8.749467173365393898e-16,7.743598869121085526e-01
4.918142695970238454e-01,0.000000000000000000e+00,8.432582140338788405e-16,8.707001345013941629e-01
3.220472962743644585e-01,0.000000000000000000e+00,8.022749210214832856e-16,9.467235810744188962e-01
1.178884946385315852e-01,0.000000000000000000e+00,7.480118634175246713e-16,9.930268389282642660e-01
1.178884946385315852e-01,0.000000000000000000e+00,8.437138522491365034e-02,-9.894360879749081183e-01
3.220472962743646250e-01,0.000000000000000000e+00,9.047017119767467030e-02,-9.423909417464892968e-01
4.918142695970238454e-01,0.000000000000000000e+00,9.505834891631227690e-02,-8.654956005214876624e-01
6.327454192180819170e-01,0.000000000000000000e+00,9.857711537478369701e-02,-7.680597546955056920e-01
7.482221123931571682e-01,0.000000000000000000e+00,1.012583834750435813e-01,-6.556755373673343046e-01
8.404485357481777941e-01,0.000000000000000000e+00,1.032108178338506238e-01,-5.319716024759325590e-01
9.109092150820916611e-01,0.000000000000000000e+00,1.044052582847558447e-01,-3.991790875296714614e-01
9.606045953244610747e-01,0.000000000000000000e+00,1.043898194040527028e-01,-2.575685870720993420e-01
9.901804702165015737e-01,0.000000000000000000e+00,9.884997825449398645e-02,-9.884997825449381992e-02
9.901804702165015737e-01,0.000000000000000000e+00,1.397949798877907990e-01,9.477233582490527478e-16
9.901804702165015737e-01,0.000000000000000000e+00,9.884997825449388931e-02,9.884997825449391706e-02
9.606045953244610747e-01,0.000000000000000000e+00,1.043898194040526334e-01,2.575685870720993420e-01
9.109092150820915501e-01,0.000000000000000000e+00,1.044052582847558169e-01,3.991790875296717389e-01
8.404485357481775720e-01,0.000000000000000000e+00,1.032108178338506238e-01,5.319716024759328921e-01
7.482221123931571682e-01,0.000000000000000000e+00,1.012583834750435813e-01,6.556755373673343046e-01
6.327454192180820280e-01,0.000000000000000000e+00,9.857711537478372477e-02,7.680597546955055810e-01
4.918142695970238454e-01,0.000000000000000000e+00,9.505834891631230466e-02,8.654956005214876624e-01
3.220472962743642920e-01,0.000000000000000000e+00,9.047017119767468418e-02,9.423909417464895188e-01
1.178884946385315852e-01,0.000000000000000000e+00,8.437138522491365034e-02,9.894360879749081183e-01
1.178884946385313770e-01,0.000000000000000000e+00,1.682836910403820718e-01,-9.786638351148397863e-01
3.220472962743642920e-01,0.000000000000000000e+00,1.803167944025048097e-01,-9.293930237627011648e-01
4.918142695970238454e-01,0.000000000000000000e+00,1.892599078183370698e-01,-8.498819985817680500e-01
6.327454192180820280e-01,0.000000000000000000e+00,1.959425699308180446e-01,-7.491593580456966661e-01
7.482221123931569462e-01,0.000000000000000000e+00,2.007188269425309313e-01,-6.323571957657604381e-01
8.404485357481777941e-01,0.000000000000000000e+00,2.035413221101601833e-01,-5.022122947045322139e-01
9.109092150820916611e-01,0.000000000000000000e+00,2.035636961337747020e-01,-3.588958393390538348e-01
9.606045953244610747e-01,0.000000000000000000e+00,1.965182070973685302e-01,-1.965182070973683082e-01
9.606045953244610747e-01,0.000000000000000000e+00,2.575685870720993975e-01,-1.043898194040525224e-01
9.606045953244610747e-01,0.000000000000000000e+00,2.779187137303430477e-01,9.420583518385033196e-16
9.606045953244610747e-01,0.000000000000000000e+00,2.575685870720993420e-01,1.043898194040526334e-01
9.606045953244610747e-01,0.000000000000000000e+00,1.965182070973683914e-01,1.965182070973684747e-01
9.109092150820915501e-01,0.000000000000000000e+00,2.035636961337746464e-01,3.588958393390541124e-01
8.404485357481776830e-01,0.000000000000000000e+00,2.035413221101600723e-01,5.022122947045323249e-01
7.482221123931569462e-01,0.000000000000000000e+00,2.007188269425309313e-01,6.323571957657604381e-01
6.327454192180820280e-01,0.000000000000000000e+00,1.959425699308180724e-01,7.491593580456965551e-01
4.918142695970238454e-01,0.000000000000000000e+00,1.892599078183371253e-01,8.498819985817680500e-01
3.220472962743640144e-01,0.000000000000000000e+00,1.803167944025047820e-01,9.293930237627011648e-01
1.178884946385313770e-01,0.000000000000000000e+00,1.682836910403820718e-01,9.786638351148397863e-01
1.178884946385313631e-01,0.000000000000000000e+00,2.512736443590670721e-01,-9.607100803480590479e-01
3.220472962743644030e-01,0.000000000000000000e+00,2.689090922849630694e-01,-9.077298271230536120e-01
4.918142695970239009e-01,0.000000000000000000e+00,2.817348589791512370e-01,-8.238593286822355477e-01
6.327454192180819170e-01,0.000000000000000000e+00,2.908594662931909269e-01,-7.176586969626815860e-01
7.482221123931569462e-01,0.000000000000000000e+00,2.965288882645825130e-01,-5.934932930964702535e-01
8.404485357481776830e-01,0.000000000000000000e+00,2.979720206145659578e-01,-4.526134484188651941e-01
9.109092150820914391e-01,0.000000000000000000e+00,2.917570923546917716e-01,-2.917570923546913275e-01
9.109092150820915501e-01,0.000000000000000000e+00,3.588958393390541679e-01,-2.035636961337745632e-01
9.109092150820915501e-01,0.000000000000000000e+00,3.991790875296717389e-01,-1.044052582847557059e-01
9.109092150820915501e-01,0.000000000000000000e+00,4.126068369265442626e-01,9.324062457808269334e-16
9.109092150820915501e-01,0.000000000000000000e+00,3.991790875296717389e-01,1.044052582847558169e-01
9.109092150820915501e-01,0.000000000000000000e+00,3.588958393390541124e-01,2.035636961337746464e-01
9.109092150820914391e-01,0.000000000000000000e+00,2.917570923546914941e-01,2.917570923546916051e-01
8.404485357481775720e-01,0.000000000000000000e+00,2.979720206145659578e-01,4.526134484188655271e-01
7.482221123931569462e-01,0.000000000000000000e+00,2.965288882645825130e-01,5.934932930964702535e-01
6.327454192180820280e-01,0.000000000000000000e+00,2.908594662931909269e-01,7.176586969626815860e-01
4.918142695970236788e-01,0.000000000000000000e+00,2.817348589791512925e-01,8.238593286822355477e-01
3.220472962743642364e-01,0.000000000000000000e+00,2.689090922849629584e-01,9.077298271230538340e-01
1.178884946385313631e-01,0.000000000000000000e+00,2.512736443590670721e-01,9.607100803480590479e-01
1.178884946385313631e-01,0.000000000000000000e+00,3.328694220534017534e-01,-9.355748236745660140e-01
3.220472962743642364e-01,0.000000000000000000e+00,3.556014718382982109e-01,-8.774013518275475265e-01
4.918142695970239009e-01,0.000000000000000000e+00,3.715864817665001096e-01,-7.874275908228899334e-01
6.327454192180818060e-01,0.000000000000000000e+00,3.820381695362542462e-01,-6.735577714464603405e-01
7.482221123931569462e-01,0.000000000000000000e+00,3.867199186091380692e-01,-5.390838293594639730e-01
8.404485357481775720e-01,0.000000000000000000e+00,3.831750636189316106e-01,-3.831750636189312220e-01
8.404485357481775720e-01,0.000000000000000000e+00,4.526134484188656382e-01,-2.979720206145657913e-01
8.404485357481776830e-01,0.000000000000000000e+00,5.022122947045324359e-01,-2.035413221101600167e-01
8.404485357481776830e-01,0.000000000000000000e+00,5.319716024759326700e-01,-1.032108178338505267e-01
8.404485357481776830e-01,0.000000000000000000e+00,5.418913717330661184e-01,9.184219473354279236e-16
8.404485357481775720e-01,0.000000000000000000e+00,5.319716024759328921e-01,1.032108178338506238e-01
8.404485357481776830e-01,0.000000000000000000e+00,5.022122947045323249e-01,2.035413221101600723e-01
8.404485357481775720e-01,0.000000000000000000e+00,4.526134484188655271e-01,2.979720206145659578e-01
8.404485357481775720e-01,0.000000000000000000e+00,3.831750636189313886e-01,3.831750636189314996e-01
7.482221123931569462e-01,0.000000000000000000e+00,3.867199186091380692e-01,5.390838293594639730e-01
6.327454192180819170e-01,0.000000000000000000e+00,3.820381695362541907e-01,6.735577714464604515e-01
4.918142695970236788e-01,0.000000000000000000e+00,3.715864817665002207e-01,7.874275908228899334e-01
3.220472962743637924e-01,0.000000000000000000e+00,3.556014718382980444e-01,8.774013518275477486e-01
1.178884946385313631e-01,0.000000000000000000e+00,3.328694220534017534e-01,9.355748236745660140e-01
1.178884946385315852e-01,0.000000000000000000e+00,4.125859554975815913e-01,-9.032580650943609069e-01
3.220472962743642364e-01,0.000000000000000000e+00,4.397251855259842190e-01,-8.384075978761825754e-01
4.918142695970239009e-01,0.000000000000000000e+00,4.578754613413816843e-01,-7.405867850037313183e-01
6.327454192180816950e-01,0.000000000000000000e+00,4.681038264341872979e-01,-6.168565814970334849e-01
7.482221123931569462e-01,0.000000000000000000e+00,4.691288045547415408e-01,-4.691288045547417629e-01
7.482221123931569462e-01,0.000000000000000000e+00,5.390838293594639730e-01,-3.867199186091379026e-01
7.482221123931569462e-01,0.000000000000000000e+00,5.934932930964703646e-01,-2.965288882645823465e-01
7.482221123931570572e-01,0.000000000000000000e+00,6.323571957657604381e-01,-2.007188269425308202e-01
7.482221123931572793e-01,0.000000000000000000e+00,6.556755373673344156e-01,-1.012583834750435258e-01
7.482221123931571682e-01,0.000000000000000000e+00,6.634483179011924081e-01,8.995537155492914561e-16
7.482221123931572793e-01,0.000000000000000000e+00,6.556755373673344156e-01,1.012583834750435952e-01
7.482221123931569462e-01,0.000000000000000000e+00,6.323571957657604381e-01,2.007188269425309313e-01
7.482221123931569462e-01,0.000000000000000000e+00,5.934932930964702535e-01,2.965288882645825130e-01
7.482221123931569462e-01,0.000000000000000000e+00,5.390838293594639730e-01,3.867199186091380692e-01
7.482221123931569462e-01,0.000000000000000000e+00,4.691288045547415408e-01,4.691288045547417629e-01
6.327454192180819170e-01,0.000000000000000000e+00,4.681038264341873534e-01,6.168565814970333738e-01
4.918142695970235678e-01,0.000000000000000000e+00,4.578754613413817953e-01,7.405867850037314293e-01
3.220472962743637924e-01,0.000000000000000000e+00,4.397251855259842190e-01,8.384075978761826864e-01
1.178884946385315852e-01,0.000000000000000000e+00,4.125859554975815913e-01,9.032580650943609069e-01
1.178884946385313631e-01,0.000000000000000000e+00,4.899196901292826589e-01,-8.637598046074433933e-01
3.220472962743642364e-01,0.000000000000000000e+00,5.205787601194036274e-01,-7.907485652689586475e-01
4.918142695970237344e-01,0.000000000000000000e+00,5.396011397120571429e-01,-6.833369112247597021e-01
6.327454192180816950e-01,0.000000000000000000e+00,5.475551271144004639e-01,-5.475551271144003529e-01
6.327454192180819170e-01,0.000000000000000000e+00,6.168565814970333738e-01,-4.681038264341873534e-01
6.327454192180818060e-01,0.000000000000000000e+00,6.735577714464604515e-01,-3.820381695362540242e-01
6.327454192180820280e-01,0.000000000000000000e+00,7.176586969626815860e-01,-2.908594662931907604e-01
6.327454192180820280e-01,0.000000000000000000e+00,7.491593580456965551e-01,-1.959425699308179891e-01
6.327454192180820280e-01,0.000000000000000000e+00,7.680597546955055810e-01,-9.857711537478364150e-02
6.327454192180821391e-01,0.000000000000000000e+00,7.743598869121085526e-01,8.749467173365393898e-16
6.327454192180820280e-01,0.000000000000000000e+00,7.680597546955055810e-01,9.857711537478372477e-02
6.327454192180820280e-01,0.000000000000000000e+00,7.491593580456965551e-01,1.959425699308180724e-01
6.327454192180820280e-01,0.000000000000000000e+00,7.176586969626815860e-01,2.908594662931909269e-01
6.327454192180819170e-01,0.000000000000000000e+00,6.735577714464604515e-01,3.820381695362541907e-01
6.327454192180819170e-01,0.000000000000000000e+00,6.168565814970333738e-01,4.681038264341873534e-01
6.327454192180818060e-01,0.000000000000000000e+00,5.475551271144001308e-01,5.475551271144003529e-01
4.918142695970235123e-01,0.000000000000000000e+00,5.396011397120573649e-01,6.833369112247597021e-01
3.220472962743642364e-01,0.000000000000000000e+00,5.205787601194034053e-01,7.907485652689586475e-01
1.178884946385313631e-01,0.000000000000000000e+00,4.899196901292826589e-01,8.637598046074433933e-01
1.178884946385309190e-01,0.000000000000000000e+00,5.643425444246905620e-01,-8.170800422138134733e-01
3.220472962743638479e-01,0.000000000000000000e+00,5.974165666352794224e-01,-7.344242540058757429e-01
4.918142695970232903e-01,0.000000000000000000e+00,6.156779694859751961e-01,-6.156779694859748631e-01
4.918142695970233458e-01,0.000000000000000000e+00,6.833369112247599242e-01,-5.396011397120573649e-01
4.918142695970235123e-01,0.000000000000000000e+00,7.405867850037313183e-01,-4.578754613413817398e-01
4.918142695970237344e-01,0.000000000000000000e+00,7.874275908228900445e-01,-3.715864817664999986e-01
4.918142695970237344e-01,0.000000000000000000e+00,8.238593286822356587e-01,-2.817348589791511260e-01
4.918142695970239009e-01,0.000000000000000000e+00,8.498819985817681610e-01,-1.892599078183370698e-01
4.918142695970238454e-01,0.000000000000000000e+00,8.654956005214876624e-01,-9.505834891631220751e-02
4.918142695970238454e-01,0.000000000000000000e+00,8.707001345013941629e-01,8.432582140338788405e-16
4.918142695970238454e-01,0.000000000000000000e+00,8.654956005214876624e-01,9.505834891631230466e-02
4.918142695970239009e-01,0.000000000000000000e+00,8.498819985817681610e-01,1.892599078183371530e-01
4.918142695970236788e-01,0.000000000000000000e+00,8.238593286822355477e-01,2.817348589791512925e-01
4.918142695970236788e-01,0.000000000000000000e+00,7.874275908228899334e-01,3.715864817665002207e-01
4.918142695970235123e-01,0.000000000000000000e+00,7.405867850037313183e-01,4.578754613413817398e-01
4.918142695970235123e-01,0.000000000000000000e+00,6.833369112247597021e-01,5.396011397120573649e-01
4.918142695970232903e-01,0.000000000000000000e+00,6.156779694859750851e-01,6.156779694859750851e-01
3.220472962743637924e-01,0.000000000000000000e+00,5.974165666352792003e-01,7.344242540058758539e-01
1.178884946385309190e-01,0.000000000000000000e+00,5.643425444246905620e-01,8.170800422138134733e-01
1.178884946385311411e-01,0.000000000000000000e+00,6.352947346485158242e-01,-7.632187779134714800e-01
3.220472962743634593e-01,0.000000000000000000e+00,6.694346640869343057e-01,-6.694346640869338616e-01
3.220472962743637924e-01,0.000000000000000000e+00,7.344242540058759650e-01,-5.974165666352790893e-01
3.220472962743637924e-01,0.000000000000000000e+00,7.907485652689588695e-01,-5.205787601194034053e-01
3.220472962743638479e-01,0.000000000000000000e+00,8.384075978761827974e-01,-4.397251855259842745e-01
3.220472962743640144e-01,0.000000000000000000e+00,8.774013518275477486e-01,-3.556014718382979889e-01
3.220472962743642364e-01,0.000000000000000000e+00,9.077298271230538340e-01,-2.689090922849627363e-01
3.220472962743642920e-01,0.000000000000000000e+00,9.293930237627011648e-01,-1.803167944025047265e-01
3.220472962743642920e-01,0.000000000000000000e+00,9.423909417464895188e-01,-9.047017119767458704e-02
3.220472962743644585e-01,0.000000000000000000e+00,9.467235810744188962e-01,8.022749210214832856e-16
3.220472962743642364e-01,0.000000000000000000e+00,9.423909417464894078e-01,9.047017119767467030e-02
3.220472962743640144e-01,0.000000000000000000e+00,9.293930237627011648e-01,1.803167944025047820e-01
3.220472962743642364e-01,0.000000000000000000e+00,9.077298271230538340e-01,2.689090922849629584e-01
3.220472962743638479e-01,0.000000000000000000e+00,8.774013518275478596e-01,3.556014718382980999e-01
3.220472962743638479e-01,0.000000000000000000e+00,8.384075978761827974e-01,4.397251855259842745e-01
3.220472962743642364e-01,0.000000000000000000e+00,7.907485652689586475e-01,5.205787601194034053e-01
3.220472962743637924e-01,0.000000000000000000e+00,7.344242540058758539e-01,5.974165666352792003e-01
3.220472962743631817e-01,0.000000000000000000e+00,6.694346640869340836e-01,6.694346640869341947e-01
1.178884946385311411e-01,0.000000000000000000e+00,6.352947346485158242e-01,7.632187779134714800e-01
1.178884946385309190e-01,0.000000000000000000e+00,7.021760117064170803e-01,-7.021760117064175244e-01
1.178884946385309329e-01,0.000000000000000000e+00,7.632187779134717021e-01,-6.352947346485157132e-01
1.178884946385311550e-01,0.000000000000000000e+00,8.170800422138135843e-01,-5.643425444246905620e-01
1.178884946385311411e-01,0.000000000000000000e+00,8.637598046074435043e-01,-4.899196901292826034e-01
1.178884946385315852e-01,0.000000000000000000e+00,9.032580650943609069e-01,-4.125859554975815913e-01
1.178884946385311411e-01,0.000000000000000000e+00,9.355748236745661250e-01,-3.328694220534015313e-01
1.178884946385315990e-01,0.000000000000000000e+00,9.607100803480591589e-01,-2.512736443590669055e-01
1.178884946385313770e-01,0.000000000000000000e+00,9.786638351148397863e-01,-1.682836910403819608e-01
1.178884946385315990e-01,0.000000000000000000e+00,9.894360879749082294e-01,-8.437138522491355319e-02
1.178884946385315852e-01,0.000000000000000000e+00,9.930268389282642660e-01,7.480118634175246713e-16
1.178884946385315990e-01,0.000000000000000000e+00,9.894360879749082294e-01,8.437138522491366421e-02
1.178884946385313770e-01,0.000000000000000000e+00,9.786638351148397863e-01,1.682836910403820718e-01
1.178884946385313631e-01,0.000000000000000000e+00,9.607100803480590479e-01,2.512736443590670721e-01
1.178884946385313631e-01,0.000000000000000000e+00,9.355748236745660140e-01,3.328694220534017534e-01
1.178884946385315852e-01,0.000000000000000000e+00,9.032580650943609069e-01,4.125859554975815913e-01
1.178884946385313631e-01,0.000000000000000000e+00,8.637598046074433933e-01,4.899196901292826589e-01
1.178884946385309190e-01,0.000000000000000000e+00,8.170800422138134733e-01,5.643425444246905620e-01
1.178884946385311411e-01,0.000000000000000000e+00,7.632187779134714800e-01,6.352947346485158242e-01
1.178884946385309190e-01,0.000000000000000000e+00,7.021760117064170803e-01,7.021760117064175244e-01
1.178884946385307109e-01,6.965594802401826879e-02,-7.004464118463081812e-01,-7.004464118463085143e-01
1.178884946385297949e-01,7.088798975283372439e-02,-7.614896790186130859e-01,-6.334119232291044455e-01
1.178884946385313909e-01,7.194971564548807708e-02,-8.153516734997539039e-01,-5.622518917456349463e-01
1.178884946385311411e-01,7.284414660137579489e-02,-8.620325597094283809e-01,-4.875406640872012587e-01
1.178884946385311411e-01,7.356823785538704752e-02,-9.015326807918279117e-01,-4.097912183966543331e-01
1.178884946385315990e-01,7.410535595698261591e-02,-9.338528541242193670e-01,-3.294382277368541612e-01
1.178884946385315852e-01,7.439730274597186610e-02,-9.589954425134753491e-01,-2.467692959311767464e-01
1.178884946385315852e-01,7.420009761347048927e-02,-9.769698060002461881e-01,-1.616373920534901754e-01
1.178884946385313631e-01,7.163767939741523538e-02,-9.878453262596160744e-01,-7.163767939741512436e-02
1.178884946385315852e-01,8.437138522491365034e-02,-9.894360879749081183e-01,0.000000000000000000e+00
1.178884946385313631e-01,7.163767939741517987e-02,-9.878453262596160744e-01,7.163767939741523538e-02
1.178884946385320293e-01,7.420009761347048927e-02,-9.769698060002461881e-01,1.616373920534902864e-01
1.178884946385315852e-01,7.439730274597186610e-02,-9.589954425134753491e-01,2.467692959311768575e-01
1.178884946385315990e-01,7.410535595698261591e-02,-9.338528541242192560e-01,3.294382277368543277e-01
1.178884946385311411e-01,7.356823785538704752e-02,-9.015326807918279117e-01,4.097912183966543331e-01
1.178884946385311411e-01,7.284414660137579489e-02,-8.620325597094283809e-01,4.875406640872012587e-01
1.178884946385313631e-01,7.194971564548807708e-02,-8.153516734997536819e-01,5.622518917456351684e-01
1.178884946385296145e-01,7.088798975283373827e-02,-7.614896790186131970e-01,6.334119232291046675e-01
1.178884946385307109e-01,6.965594802401826879e-02,-7.004464118463081812e-01,7.004464118463085143e-01
1.178884946385298227e-01,7.088798975283373827e-02,-6.334119232291045565e-01,-7.614896790186133080e-01
3.220472962743629597e-01,7.468596460356601019e-02,-6.673483144706395809e-01,-6.673483144706399139e-01
3.220472962743644585e-01,7.615553146823088315e-02,-7.323387854337098934e-01,-5.951182885264422184e-01
3.220472962743642364e-01,7.739228608125778286e-02,-7.886644527055096665e-01,-5.179810363866688139e-01
3.220472962743644585e-01,7.839737664574909781e-02,-8.363257303275686283e-01,-4.366905804909184674e-01
3.220472962743646250e-01,7.915634527414801280e-02,-8.753236045562264867e-01,-3.518925962163831911e-01
3.220472962743644585e-01,7.960933605006331737e-02,-9.056609263800687870e-01,-2.640571510193119864e-01
3.220472962743645140e-01,7.949660135370259506e-02,-9.273489897263986759e-01,-1.731752886211255504e-01
3.220472962743642364e-01,7.680779722358904715e-02,-9.404715112823418544e-01,-7.680779722358893613e-02
3.220472962743646250e-01,9.047017119767467030e-02,-9.423909417464892968e-01,0.000000000000000000e+00
3.220472962743642920e-01,7.680779722358900552e-02,-9.404715112823417433e-01,7.680779722358904715e-02
3.220472962743646250e-01,7.949660135370258118e-02,-9.273489897263984538e-01,1.731752886211256615e-01
3.220472962743644585e-01,7.960933605006330349e-02,-9.056609263800685650e-01,2.640571510193120419e-01
3.220472962743644030e-01,7.915634527414798505e-02,-8.753236045562263756e-01,3.518925962163832466e-01
3.220472962743644585e-01,7.839737664574909781e-02,-8.363257303275686283e-01,4.366905804909184674e-01
3.220472962743642364e-01,7.739228608125778286e-02,-7.886644527055096665e-01,5.179810363866688139e-01
3.220472962743645140e-01,7.615553146823088315e-02,-7.323387854337097824e-01,5.951182885264424405e-01
3.220472962743625156e-01,7.468596460356599631e-02,-6.673483144706394699e-01,6.673483144706400250e-01
1.178884946385298227e-01,7.088798975283373827e-02,-6.334119232291045565e-01,7.614896790186133080e-01
1.178884946385313631e-01,7.194971564548807708e-02,-5.622518917456349463e-01,-8.153516734997539039e-01
3.220472962743646250e-01,7.615553146823086927e-02,-5.951182885264422184e-01,-7.323387854337097824e-01
4.918142695970240674e-01,7.846591709662480152e-02,-6.131728239554208315e-01,-6.131728239554210536e-01
4.918142695970238454e-01,8.020373884728936031e-02,-6.808333945843374480e-01,-5.367978887015388834e-01
4.918142695970239009e-01,8.161757019607598918e-02,-7.380859651619827710e-01,-4.546277647558923385e-01
4.918142695970241229e-01,8.269942055679402326e-02,-7.849317204176289309e-01,-3.676434745001432858e-01
4.918142695970240674e-01,8.339169312693489600e-02,-8.213740850690621764e-01,-2.766028960714797535e-01
4.918142695970238454e-01,8.342526913183719028e-02,-8.474266258186941014e-01,-1.817334931832038647e-01
4.918142695970239009e-01,8.069048806195858181e-02,-8.631899063898927915e-01,-8.069048806195847079e-02
4.918142695970238454e-01,9.505834891631227690e-02,-8.654956005214876624e-01,0.000000000000000000e+00
4.918142695970239009e-01,8.069048806195854018e-02,-8.631899063898927915e-01,8.069048806195858181e-02
4.918142695970238454e-01,8.342526913183719028e-02,-8.474266258186939904e-01,1.817334931832039480e-01
4.918142695970238454e-01,8.339169312693490987e-02,-8.213740850690622874e-01,2.766028960714799201e-01
4.918142695970239009e-01,8.269942055679400938e-02,-7.849317204176290419e-01,3.676434745001435078e-01
4.918142695970239009e-01,8.161757019607598918e-02,-7.380859651619827710e-01,4.546277647558923385e-01
4.918142695970238454e-01,8.020373884728936031e-02,-6.808333945843373369e-01,5.367978887015388834e-01
4.918142695970238454e-01,7.846591709662480152e-02,-6.131728239554208315e-01,6.131728239554211646e-01
3.220472962743644585e-01,7.615553146823086927e-02,-5.951182885264421074e-01,7.323387854337100045e-01
1.178884946385313631e-01,7.194971564548807708e-02,-5.622518917456349463e-01,8.153516734997539039e-01
1.178884946385311411e-01,7.284414660137579489e-02,-4.875406640872012587e-01,-8.620325597094283809e-01
3.220472962743642364e-01,7.739228608125778286e-02,-5.179810363866688139e-01,-7.886644527055096665e-01
4.918142695970236788e-01,8.020373884728937419e-02,-5.367978887015389944e-01,-6.808333945843374480e-01
6.327454192180816950e-01,8.135819768341795433e-02,-5.445245991359067839e-01,-5.445245991359067839e-01
6.327454192180819170e-01,8.341472991951573435e-02,-6.138293180160476759e-01,-4.646383385332530369e-01
6.327454192180821391e-01,8.500076608575306281e-02,-6.705364993000284546e-01,-3.778741951097372986e-01
6.327454192180819170e-01,8.606881582321725122e-02,-7.146502886375732944e-01,-2.854826760970901045e-01
6.327454192180819170e-01,8.634831093733524865e-02,-7.461871086362134031e-01,-1.881010434897449068e-01
6.327454192180821391e-01,8.365722530620518793e-02,-7.652686925300599130e-01,-8.365722530620506303e-02
6.327454192180819170e-01,9.857711537478369701e-02,-7.680597546955056920e-01,0.000000000000000000e+00
6.327454192180821391e-01,8.365722530620513242e-02,-7.652686925300599130e-01,8.365722530620518793e-02
6.327454192180819170e-01,8.634831093733524865e-02,-7.461871086362135141e-01,1.881010434897450456e-01
6.327454192180820280e-01,8.606881582321722346e-02,-7.146502886375732944e-01,2.854826760970902710e-01
6.327454192180820280e-01,8.500076608575303505e-02,-6.705364993000283436e-01,3.778741951097374097e-01
6.327454192180819170e-01,8.341472991951573435e-02,-6.138293180160476759e-01,4.646383385332530369e-01
6.327454192180816950e-01,8.135819768341794045e-02,-5.445245991359066728e-01,5.445245991359070059e-01
4.918142695970235678e-01,8.020373884728940195e-02,-5.367978887015392164e-01,6.808333945843374480e-01
3.220472962743640144e-01,7.739228608125776898e-02,-5.179810363866688139e-01,7.886644527055097775e-01
1.178884946385311411e-01,7.284414660137579489e-02,-4.875406640872012587e-01,8.620325597094283809e-01
1.178884946385313770e-01,7.356823785538704752e-02,-4.097912183966543886e-01,-9.015326807918279117e-01
3.220472962743644585e-01,7.839737664574909781e-02,-4.366905804909184674e-01,-8.363257303275686283e-01
4.918142695970239009e-01,8.161757019607598918e-02,-4.546277647558923385e-01,-7.380859651619827710e-01
6.327454192180819170e-01,8.341472991951573435e-02,-4.646383385332530369e-01,-6.138293180160476759e-01
7.482221123931570572e-01,8.355037688552410802e-02,-4.653939218813502032e-01,-4.653939218813504253e-01
7.482221123931571682e-01,8.599873615936004523e-02,-5.353563384878616827e-01,-3.823107096927634840e-01
7.482221123931570572e-01,8.770528325107747325e-02,-5.897816729489321341e-01,-2.909106943192861783e-01
7.482221123931571682e-01,8.841416057526219063e-02,-6.286901866368218572e-01,-1.926012875404823632e-01
7.482221123931570572e-01,8.589819637832254995e-02,-6.522320677824912094e-01,-8.589819637832242505e-02
7.482221123931571682e-01,1.012583834750435813e-01,-6.556755373673343046e-01,0.000000000000000000e+00
7.482221123931570572e-01,8.589819637832249444e-02,-6.522320677824912094e-01,8.589819637832254995e-02
7.482221123931571682e-01,8.841416057526221839e-02,-6.286901866368219682e-01,1.926012875404825297e-01
7.482221123931570572e-01,8.770528325107744549e-02,-5.897816729489320231e-01,2.909106943192862338e-01
7.482221123931571682e-01,8.599873615936004523e-02,-5.353563384878615716e-01,3.823107096927637061e-01
7.482221123931570572e-01,8.355037688552410802e-02,-4.653939218813502032e-01,4.653939218813504253e-01
6.327454192180819170e-01,8.341472991951572047e-02,-4.646383385332530369e-01,6.138293180160476759e-01
4.918142695970236788e-01,8.161757019607597530e-02,-4.546277647558923385e-01,7.380859651619827710e-01
3.220472962743642364e-01,7.839737664574908393e-02,-4.366905804909184674e-01,8.363257303275686283e-01
1.178884946385313770e-01,7.356823785538704752e-02,-4.097912183966543886e-01,9.015326807918279117e-01
1.178884946385315990e-01,7.410535595698261591e-02,-3.294382277368541612e-01,-9.338528541242193670e-01
3.220472962743644030e-01,7.915634527414801280e-02,-3.518925962163831911e-01,-8.753236045562263756e-01
4.918142695970241229e-01,8.269942055679402326e-02,-3.676434745001432858e-01,-7.849317204176289309e-01
6.327454192180820280e-01,8.500076608575304893e-02,-3.778741951097372431e-01,-6.705364993000283436e-01
7.482221123931571682e-01,8.599873615936004523e-02,-3.823107096927634840e-01,-5.353563384878616827e-01
8.404485357481777941e-01,8.512308518486062792e-02,-3.784179693984912052e-01,-3.784179693984912607e-01
8.404485357481777941e-01,8.805208581350096320e-02,-4.478766087160939158e-01,-2.920610078521381214e-01
8.404485357481780161e-01,8.958312253822520166e-02,-4.975323884258949225e-01,-1.951477526959239650e-01
8.404485357481779051e-01,8.748939153371969313e-02,-5.275769815836007792e-01,-8.748939153371955435e-02
8.404485357481777941e-01,1.032108178338506238e-01,-5.319716024759325590e-01,0.000000000000000000e+00
8.404485357481779051e-01,8.748939153371963762e-02,-5.275769815836007792e-01,8.748939153371969313e-02
8.404485357481780161e-01,8.958312253822516003e-02,-4.975323884258949225e-01,1.951477526959239928e-01
8.404485357481777941e-01,8.805208581350094932e-02,-4.478766087160938603e-01,2.920610078521382325e-01
8.404485357481777941e-01,8.512308518486061404e-02,-3.784179693984910942e-01,3.784179693984913717e-01
7.482221123931571682e-01,8.599873615936004523e-02,-3.823107096927634840e-01,5.353563384878616827e-01
6.327454192180819170e-01,8.500076608575304893e-02,-3.778741951097372431e-01,6.705364993000284546e-01
4.918142695970239009e-01,8.269942055679403714e-02,-3.676434745001433968e-01,7.849317204176290419e-01
3.220472962743644585e-01,7.915634527414799892e-02,-3.518925962163830801e-01,8.753236045562265977e-01
1.178884946385315990e-01,7.410535595698261591e-02,-3.294382277368541612e-01,9.338528541242193670e-01
1.178884946385315852e-01,7.439730274597186610e-02,-2.467692959311767464e-01,-9.589954425134753491e-01
3.220472962743645140e-01,7.960933605006331737e-02,-2.640571510193119864e-01,-9.056609263800686760e-01
4.918142695970240674e-01,8.339169312693489600e-02,-2.766028960714797535e-01,-8.213740850690621764e-01
6.327454192180819170e-01,8.606881582321725122e-02,-2.854826760970901045e-01,-7.146502886375732944e-01
7.482221123931569462e-01,8.770528325107745937e-02,-2.909106943192861228e-01,-5.897816729489320231e-01
8.404485357481777941e-01,8.805208581350096320e-02,-2.920610078521381214e-01,-4.478766087160939158e-01
9.109092150820916611e-01,8.602735045682310955e-02,-2.853451391314618113e-01,-2.853451391314618668e-01
9.109092150820916611e-01,8.942501977014290226e-02,-3.525609532059716389e-01,-1.948033418402619621e-01
9.109092150820916611e-01,8.835800766263794681e-02,-3.932303737534857957e-01,-8.835800766263782191e-02
9.109092150820916611e-01,1.044052582847558447e-01,-3.991790875296714614e-01,0.000000000000000000e+00
9.109092150820916611e-01,8.835800766263789130e-02,-3.932303737534857957e-01,8.835800766263794681e-02
9.109092150820916611e-01,8.942501977014288839e-02,-3.525609532059715834e-01,1.948033418402620731e-01
9.109092150820915501e-01,8.602735045682312343e-02,-2.853451391314618668e-01,2.853451391314621444e-01
8.404485357481776830e-01,8.805208581350094932e-02,-2.920610078521380659e-01,4.478766087160941933e-01
7.482221123931569462e-01,8.770528325107745937e-02,-2.909106943192861228e-01,5.897816729489320231e-01
6.327454192180819170e-01,8.606881582321725122e-02,-2.854826760970900490e-01,7.146502886375732944e-01
4.918142695970238454e-01,8.339169312693489600e-02,-2.766028960714797535e-01,8.213740850690622874e-01
3.220472962743642364e-01,7.960933605006328961e-02,-2.640571510193118754e-01,9.056609263800687870e-01
1.178884946385315852e-01,7.439730274597186610e-02,-2.467692959311767464e-01,9.589954425134753491e-01
1.178884946385315852e-01,7.420009761347048927e-02,-1.616373920534901754e-01,-9.769698060002461881e-01
3.220472962743644030e-01,7.949660135370258118e-02,-1.731752886211255227e-01,-9.273489897263985648e-01
4.918142695970238454e-01,8.342526913183719028e-02,-1.817334931832038369e-01,-8.474266258186939904e-01
6.327454192180819170e-01,8.634831093733524865e-02,-1.881010434897449068e-01,-7.461871086362134031e-01
7.482221123931571682e-01,8.841416057526219063e-02,-1.926012875404823632e-01,-6.286901866368218572e-01
8.404485357481779051e-01,8.958312253822518778e-02,-1.951477526959239372e-01,-4.975323884258948670e-01
9.109092150820916611e-01,8.942501977014290226e-02,-1.948033418402619621e-01,-3.525609532059716389e-01
9.606045953244610747e-01,8.580500723959137710e-02,-1.869175114510970848e-01,-1.869175114510971680e-01
9.606045953244610747e-01,8.792083053525176495e-02,-2.485531463440193434e-01,-8.792083053525164005e-02
9.606045953244610747e-01,1.043898194040527028e-01,-2.575685870720993420e-01,0.000000000000000000e+00
9.606045953244610747e-01,8.792083053525169556e-02,-2.485531463440192879e-01,8.792083053525175107e-02
9.606045953244610747e-01,8.580500723959134934e-02,-1.869175114510970293e-01,1.869175114510972513e-01
9.109092150820915501e-01,8.942501977014290226e-02,-1.948033418402619621e-01,3.525609532059718609e-01
8.404485357481776830e-01,8.958312253822516003e-02,-1.951477526959238817e-01,4.975323884258952001e-01
7.482221123931571682e-01,8.841416057526219063e-02,-1.926012875404823632e-01,6.286901866368218572e-01
6.327454192180819170e-01,8.634831093733526253e-02,-1.881010434897449624e-01,7.461871086362134031e-01
4.918142695970238454e-01,8.342526913183720416e-02,-1.817334931832038647e-01,8.474266258186939904e-01
3.220472962743642364e-01,7.949660135370256731e-02,-1.731752886211255227e-01,9.273489897263987869e-01
1.178884946385315852e-01,7.420009761347048927e-02,-1.616373920534901754e-01,9.769698060002461881e-01
1.178884946385313631e-01,7.163767939741523538e-02,-7.163767939741512436e-02,-9.878453262596160744e-01
3.220472962743642364e-01,7.680779722358904715e-02,-7.680779722358893613e-02,-9.404715112823418544e-01
4.918142695970238454e-01,8.069048806195856793e-02,-8.069048806195845691e-02,-8.631899063898926805e-01
6.327454192180819170e-01,8.365722530620517405e-02,-8.365722530620504915e-02,-7.652686925300599130e-01
7.482221123931570572e-01,8.589819637832254995e-02,-8.589819637832242505e-02,-6.522320677824912094e-01
8.404485357481779051e-01,8.748939153371969313e-02,-8.748939153371955435e-02,-5.275769815836007792e-01
9.109092150820916611e-01,8.835800766263794681e-02,-8.835800766263782191e-02,-3.932303737534857957e-01
9.606045953244610747e-01,8.792083053525175107e-02,-8.792083053525161229e-02,-2.485531463440192879e-01
9.901804702165015737e-01,8.071066926957448651e-02,-8.071066926957423671e-02,-8.071066926957430610e-02
9.901804702165015737e-01,9.884997825449398645e-02,-9.884997825449381992e-02,0.000000000000000000e+00
9.901804702165015737e-01,8.071066926957437548e-02,-8.071066926957425058e-02,8.071066926957438936e-02
9.606045953244610747e-01,8.792083053525173719e-02,-8.792083053525161229e-02,2.485531463440193434e-01
9.109092150820915501e-01,8.835800766263793293e-02,-8.835800766263782191e-02,3.932303737534860177e-01
8.404485357481777941e-01,8.748939153371967925e-02,-8.748939153371954047e-02,5.275769815836008902e-01
7.482221123931570572e-01,8.589819637832254995e-02,-8.589819637832242505e-02,6.522320677824912094e-01
6.327454192180820280e-01,8.365722530620516018e-02,-8.365722530620503528e-02,7.652686925300600240e-01
4.918142695970236788e-01,8.069048806195858181e-02,-8.069048806195847079e-02,8.631899063898927915e-01
3.220472962743640144e-01,7.680779722358903328e-02,-7.680779722358890838e-02,9.404715112823419654e-01
1.178884946385313631e-01,7.163767939741523538e-02,-7.163767939741512436e-02,9.878453262596160744e-01
1.178884946385315852e-01,8.437138522491365034e-02,0.000000000000000000e+00,-9.894360879749081183e-01
3.220472962743646250e-01,9.047017119767467030e-02,0.000000000000000000e+00,-9.423909417464892968e-01
4.918142695970238454e-01,9.505834891631227690e-02,0.000000000000000000e+00,-8.654956005214876624e-01
6.327454192180819170e-01,9.857711537478369701e-02,0.000000000000000000e+00,-7.680597546955056920e-01
7.482221123931571682e-01,1.012583834750435813e-01,0.000000000000000000e+00,-6.556755373673343046e-01
8.404485357481777941e-01,1.032108178338506238e-01,0.000000000000000000e+00,-5.319716024759325590e-01
9.109092150820916611e-01,1.044052582847558447e-01,0.000000000000000000e+00,-3.991790875296714614e-01
9.606045953244610747e-01,1.043898194040527028e-01,0.000000000000000000e+00,-2.575685870720993420e-01
9.901804702165015737e-01,9.884997825449398645e-02,0.000000000000000000e+00,-9.884997825449381992e-02
9.901804702165015737e-01,1.397949798877907990e-01,0.000000000000000000e+00,9.477233582490527478e-16
9.901804702165015737e-01,9.884997825449388931e-02,0.000000000000000000e+00,9.884997825449391706e-02
9.606045953244610747e-01,1.043898194040526334e-01,0.000000000000000000e+00,2.575685870720993420e-01
9.109092150820915501e-01,1.044052582847558169e-01,0.000000000000000000e+00,3.991790875296717389e-01
8.404485357481775720e-01,1.032108178338506238e-01,0.000000000000000000e+00,5.319716024759328921e-01
7.482221123931571682e-01,1.012583834750435813e-01,0.000000000000000000e+00,6.556755373673343046e-01
6.327454192180820280e-01,9.857711537478372477e-02,0.000000000000000000e+00,7.680597546955055810e-01
4.918142695970238454e-01,9.505834891631230466e-02,0.000000000000000000e+00,8.654956005214876624e-01
3.220472962743642920e-01,9.047017119767468418e-02,0.000000000000000000e+00,9.423909417464895188e-01
1.178884946385315852e-01,8.437138522491365034e-02,0.000000000000000000e+00,9.894360879749081183e-01
1.178884946385313631e-01,7.163767939741517987e-02,7.163767939741523538e-02,-9.878453262596160744e-01
3.220472962743642364e-01,7.680779722358899164e-02,7.680779722358904715e-02,-9.404715112823418544e-01
4.918142695970239009e-01,8.069048806195854018e-02,8.069048806195858181e-02,-8.631899063898927915e-01
6.327454192180819170e-01,8.365722530620513242e-02,8.365722530620517405e-02,-7.652686925300599130e-01
7.482221123931570572e-01,8.589819637832249444e-02,8.589819637832254995e-02,-6.522320677824912094e-01
8.404485357481779051e-01,8.748939153371963762e-02,8.748939153371969313e-02,-5.275769815836007792e-01
9.109092150820916611e-01,8.835800766263789130e-02,8.835800766263794681e-02,-3.932303737534857957e-01
9.606045953244610747e-01,8.792083053525169556e-02,8.792083053525175107e-02,-2.485531463440192879e-01
9.901804702165015737e-01,8.071066926957437548e-02,8.071066926957438936e-02,-8.071066926957425058e-02
9.901804702165015737e-01,9.884997825449388931e-02,9.884997825449391706e-02,0.000000000000000000e+00
9.901804702165015737e-01,8.071066926957430610e-02,8.071066926957434773e-02,8.071066926957436161e-02
9.606045953244610747e-01,8.792083053525166780e-02,8.792083053525172331e-02,2.485531463440192879e-01
9.109092150820915501e-01,8.835800766263789130e-02,8.835800766263793293e-02,3.932303737534860177e-01
8.404485357481777941e-01,8.748939153371960986e-02,8.748939153371967925e-02,5.275769815836008902e-01
7.482221123931570572e-01,8.589819637832249444e-02,8.589819637832254995e-02,6.522320677824912094e-01
6.327454192180820280e-01,8.365722530620510466e-02,8.365722530620516018e-02,7.652686925300600240e-01
4.918142695970236788e-01,8.069048806195854018e-02,8.069048806195858181e-02,8.631899063898927915e-01
3.220472962743640144e-01,7.680779722358897776e-02,7.680779722358903328e-02,9.404715112823419654e-01
1.178884946385313631e-01,7.163767939741517987e-02,7.163767939741523538e-02,9.878453262596160744e-01
1.178884946385320293e-01,7.420009761347048927e-02,1.616373920534902864e-01,-9.769698060002461881e-01
3.220472962743646250e-01,7.949660135370258118e-02,1.731752886211256615e-01,-9.273489897263984538e-01
4.918142695970238454e-01,8.342526913183719028e-02,1.817334931832039480e-01,-8.474266258186939904e-01
6.327454192180819170e-01,8.634831093733523477e-02,1.881010434897450179e-01,-7.461871086362134031e-01
7.482221123931570572e-01,8.841416057526220451e-02,1.926012875404825020e-01,-6.286901866368218572e-01
8.404485357481779051e-01,8.958312253822514615e-02,1.951477526959239650e-01,-4.975323884258948670e-01
9.109092150820916611e-01,8.942501977014288839e-02,1.948033418402620731e-01,-3.525609532059715834e-01
9.606045953244610747e-01,8.580500723959134934e-02,1.869175114510972513e-01,-1.869175114510970293e-01
9.606045953244610747e-01,8.792083053525173719e-02,2.485531463440193434e-01,-8.792083053525161229e-02
9.606045953244610747e-01,1.043898194040526334e-01,2.575685870720993420e-01,0.000000000000000000e+00
9.606045953244610747e-01,8.792083053525166780e-02,2.485531463440192879e-01,8.792083053525172331e-02
9.606045953244610747e-01,8.580500723959130771e-02,1.869175114510970848e-01,1.869175114510971680e-01
9.109092150820915501e-01,8.942501977014290226e-02,1.948033418402621009e-01,3.525609532059718609e-01
8.404485357481776830e-01,8.958312253822514615e-02,1.951477526959240205e-01,4.975323884258952001e-01
7.482221123931570572e-01,8.841416057526220451e-02,1.926012875404825020e-01,6.286901866368218572e-01
6.327454192180819170e-01,8.634831093733526253e-02,1.881010434897450456e-01,7.461871086362134031e-01
4.918142695970236788e-01,8.342526913183720416e-02,1.817334931832040035e-01,8.474266258186941014e-01
3.220472962743644585e-01,7.949660135370255343e-02,1.731752886211256059e-01,9.273489897263985648e-01
1.178884946385320293e-01,7.420009761347048927e-02,1.616373920534902864e-01,9.769698060002461881e-01
1.178884946385315852e-01,7.439730274597186610e-02,2.467692959311768575e-01,-9.589954425134753491e-01
3.220472962743644585e-01,7.960933605006330349e-02,2.640571510193120419e-01,-9.056609263800685650e-01
4.918142695970238454e-01,8.339169312693490987e-02,2.766028960714799201e-01,-8.213740850690622874e-01
6.327454192180820280e-01,8.606881582321722346e-02,2.854826760970902710e-01,-7.146502886375732944e-01
7.482221123931570572e-01,8.770528325107744549e-02,2.909106943192862338e-01,-5.897816729489320231e-01
8.404485357481777941e-01,8.805208581350094932e-02,2.920610078521382325e-01,-4.478766087160938603e-01
9.109092150820915501e-01,8.602735045682312343e-02,2.853451391314621444e-01,-2.853451391314618668e-01
9.109092150820915501e-01,8.942501977014290226e-02,3.525609532059719164e-01,-1.948033418402619898e-01
9.109092150820915501e-01,8.835800766263793293e-02,3.932303737534860177e-01,-8.835800766263782191e-02
9.109092150820915501e-01,1.044052582847558169e-01,3.991790875296717389e-01,0.000000000000000000e+00
9.109092150820915501e-01,8.835800766263789130e-02,3.932303737534860177e-01,8.835800766263793293e-02
9.109092150820916611e-01,8.942501977014284675e-02,3.525609532059716389e-01,1.948033418402619898e-01
9.109092150820916611e-01,8.602735045682306791e-02,2.853451391314618668e-01,2.853451391314618668e-01
8.404485357481776830e-01,8.805208581350092156e-02,2.920610078521381214e-01,4.478766087160939713e-01
7.482221123931570572e-01,8.770528325107744549e-02,2.909106943192862338e-01,5.897816729489320231e-01
6.327454192180818060e-01,8.606881582321725122e-02,2.854826760970902710e-01,7.146502886375732944e-01
4.918142695970236788e-01,8.339169312693492375e-02,2.766028960714799756e-01,8.213740850690622874e-01
3.220472962743642920e-01,7.960933605006328961e-02,2.640571510193120419e-01,9.056609263800686760e-01
1.178884946385315852e-01,7.439730274597186610e-02,2.467692959311768575e-01,9.589954425134753491e-01
1.178884946385315990e-01,7.410535595698261591e-02,3.294382277368543277e-01,-9.338528541242192560e-01
3.220472962743644030e-01,7.915634527414798505e-02,3.518925962163832466e-01,-8.753236045562263756e-01
4.918142695970239009e-01,8.269942055679400938e-02,3.676434745001435078e-01,-7.849317204176290419e-01
6.327454192180820280e-01,8.500076608575303505e-02,3.778741951097374097e-01,-6.705364993000283436e-01
7.482221123931571682e-01,8.599873615936004523e-02,3.823107096927637061e-01,-5.353563384878615716e-01
8.404485357481777941e-01,8.512308518486061404e-02,3.784179693984913717e-01,-3.784179693984910942e-01
8.404485357481776830e-01,8.805208581350094932e-02,4.478766087160941933e-01,-2.920610078521380659e-01
8.404485357481777941e-01,8.958312253822517390e-02,4.975323884258952556e-01,-1.951477526959239095e-01
8.404485357481777941e-01,8.748939153371967925e-02,5.275769815836008902e-01,-8.748939153371954047e-02
8.404485357481775720e-01,1.032108178338506238e-01,5.319716024759328921e-01,0.000000000000000000e+00
8.404485357481777941e-01,8.748939153371960986e-02,5.275769815836008902e-01,8.748939153371967925e-02
8.404485357481776830e-01,8.958312253822514615e-02,4.975323884258952001e-01,1.951477526959240205e-01
8.404485357481776830e-01,8.805208581350092156e-02,4.478766087160939713e-01,2.920610078521381214e-01
8.404485357481777941e-01,8.512308518486060016e-02,3.784179693984912607e-01,3.784179693984912052e-01
7.482221123931571682e-01,8.599873615936004523e-02,3.823107096927637061e-01,5.353563384878615716e-01
6.327454192180819170e-01,8.500076608575302117e-02,3.778741951097373541e-01,6.705364993000284546e-01
4.918142695970237344e-01,8.269942055679403714e-02,3.676434745001436188e-01,7.849317204176290419e-01
3.220472962743644030e-01,7.915634527414798505e-02,3.518925962163832466e-01,8.753236045562263756e-01
1.178884946385315990e-01,7.410535595698261591e-02,3.294382277368543277e-01,9.338528541242192560e-01
1.178884946385313770e-01,7.356823785538704752e-02,4.097912183966543886e-01,-9.015326807918279117e-01
3.220472962743644585e-01,7.839737664574909781e-02,4.366905804909184674e-01,-8.363257303275686283e-01
4.918142695970239009e-01,8.161757019607598918e-02,4.546277647558923385e-01,-7.380859651619827710e-01
6.327454192180819170e-01,8.341472991951573435e-02,4.646383385332530369e-01,-6.138293180160476759e-01
7.482221123931570572e-01,8.355037688552410802e-02,4.653939218813502032e-01,-4.653939218813504253e-01
7.482221123931571682e-01,8.599873615936004523e-02,5.353563384878616827e-01,-3.823107096927634840e-01
7.482221123931570572e-01,8.770528325107747325e-02,5.897816729489321341e-01,-2.909106943192861783e-01
7.482221123931571682e-01,8.841416057526219063e-02,6.286901866368218572e-01,-1.926012875404823632e-01
7.482221123931570572e-01,8.589819637832254995e-02,6.522320677824912094e-01,-8.589819637832242505e-02
7.482221123931571682e-01,1.012583834750435813e-01,6.556755373673343046e-01,0.000000000000000000e+00
7.482221123931570572e-01,8.589819637832249444e-02,6.522320677824912094e-01,8.589819637832254995e-02
7.482221123931571682e-01,8.841416057526221839e-02,6.286901866368219682e-01,1.926012875404825297e-01
7.482221123931570572e-01,8.770528325107744549e-02,5.897816729489320231e-01,2.909106943192862338e-01
7.482221123931571682e-01,8.599873615936004523e-02,5.353563384878615716e-01,3.823107096927637061e-01
7.482221123931570572e-01,8.355037688552410802e-02,4.653939218813502032e-01,4.653939218813504253e-01
6.327454192180819170e-01,8.341472991951572047e-02,4.646383385332530369e-01,6.138293180160476759e-01
4.918142695970236788e-01,8.161757019607597530e-02,4.546277647558923385e-01,7.380859651619827710e-01
3.220472962743642364e-01,7.839737664574908393e-02,4.366905804909184674e-01,8.363257303275686283e-01
1.178884946385313770e-01,7.356823785538704752e-02,4.097912183966543886e-01,9.015326807918279117e-01
1.178884946385311411e-01,7.284414660137579489e-02,4.875406640872012587e-01,-8.620325597094283809e-01
3.220472962743642364e-01,7.739228608125778286e-02,5.179810363866688139e-01,-7.886644527055096665e-01
4.918142695970238454e-01,8.020373884728936031e-02,5.367978887015388834e-01,-6.808333945843373369e-01
6.327454192180816950e-01,8.135819768341794045e-02,5.445245991359070059e-01,-5.445245991359066728e-01
6.327454192180819170e-01,8.341472991951572047e-02,6.138293180160476759e-01,-4.646383385332530369e-01
6.327454192180820280e-01,8.500076608575306281e-02,6.705364993000285656e-01,-3.778741951097372986e-01
6.327454192180820280e-01,8.606881582321726509e-02,7.146502886375734054e-01,-2.854826760970901045e-01
6.327454192180819170e-01,8.634831093733526253e-02,7.461871086362134031e-01,-1.881010434897449624e-01
6.327454192180819170e-01,8.365722530620516018e-02,7.652686925300599130e-01,-8.365722530620503528e-02
6.327454192180820280e-01,9.857711537478372477e-02,7.680597546955055810e-01,0.000000000000000000e+00
6.327454192180820280e-01,8.365722530620511854e-02,7.652686925300600240e-01,8.365722530620517405e-02
6.327454192180820280e-01,8.634831093733526253e-02,7.461871086362134031e-01,1.881010434897450456e-01
6.327454192180818060e-01,8.606881582321725122e-02,7.146502886375732944e-01,2.854826760970902710e-01
6.327454192180819170e-01,8.500076608575302117e-02,6.705364993000284546e-01,3.778741951097373541e-01
6.327454192180819170e-01,8.341472991951572047e-02,6.138293180160476759e-01,4.646383385332530369e-01
6.327454192180818060e-01,8.135819768341792657e-02,5.445245991359065618e-01,5.445245991359067839e-01
4.918142695970235123e-01,8.020373884728940195e-02,5.367978887015392164e-01,6.808333945843373369e-01
3.220472962743640144e-01,7.739228608125776898e-02,5.179810363866688139e-01,7.886644527055097775e-01
1.178884946385311411e-01,7.284414660137579489e-02,4.875406640872012587e-01,8.620325597094283809e-01
1.178884946385313631e-01,7.194971564548807708e-02,5.622518917456351684e-01,-8.153516734997536819e-01
3.220472962743645140e-01,7.615553146823088315e-02,5.951182885264424405e-01,-7.323387854337097824e-01
4.918142695970239009e-01,7.846591709662481540e-02,6.131728239554212756e-01,-6.131728239554209425e-01
4.918142695970235123e-01,8.020373884728940195e-02,6.808333945843374480e-01,-5.367978887015392164e-01
4.918142695970236788e-01,8.161757019607597530e-02,7.380859651619827710e-01,-4.546277647558923385e-01
4.918142695970239009e-01,8.269942055679403714e-02,7.849317204176290419e-01,-3.676434745001433968e-01
4.918142695970238454e-01,8.339169312693489600e-02,8.213740850690622874e-01,-2.766028960714797535e-01
4.918142695970238454e-01,8.342526913183720416e-02,8.474266258186939904e-01,-1.817334931832038647e-01
4.918142695970236788e-01,8.069048806195858181e-02,8.631899063898927915e-01,-8.069048806195847079e-02
4.918142695970238454e-01,9.505834891631230466e-02,8.654956005214876624e-01,0.000000000000000000e+00
4.918142695970236788e-01,8.069048806195854018e-02,8.631899063898927915e-01,8.069048806195858181e-02
4.918142695970238454e-01,8.342526913183719028e-02,8.474266258186939904e-01,1.817334931832039757e-01
4.918142695970237344e-01,8.339169312693493763e-02,8.213740850690623985e-01,2.766028960714800311e-01
4.918142695970237344e-01,8.269942055679403714e-02,7.849317204176290419e-01,3.676434745001436188e-01
4.918142695970236788e-01,8.161757019607597530e-02,7.380859651619827710e-01,4.546277647558923385e-01
4.918142695970235123e-01,8.020373884728940195e-02,6.808333945843373369e-01,5.367978887015392164e-01
4.918142695970238454e-01,7.846591709662480152e-02,6.131728239554210536e-01,6.131728239554210536e-01
3.220472962743644585e-01,7.615553146823085540e-02,5.951182885264421074e-01,7.323387854337098934e-01
1.178884946385313631e-01,7.194971564548807708e-02,5.622518917456351684e-01,8.153516734997536819e-01
1.178884946385296145e-01,7.088798975283373827e-02,6.334119232291046675e-01,-7.614896790186131970e-01
3.220472962743625156e-01,7.468596460356599631e-02,6.673483144706400250e-01,-6.673483144706394699e-01
3.220472962743642364e-01,7.615553146823086927e-02,7.323387854337100045e-01,-5.951182885264421074e-01
3.220472962743640144e-01,7.739228608125776898e-02,7.886644527055097775e-01,-5.179810363866688139e-01
3.220472962743640144e-01,7.839737664574909781e-02,8.363257303275687393e-01,-4.366905804909185229e-01
3.220472962743644585e-01,7.915634527414799892e-02,8.753236045562265977e-01,-3.518925962163830801e-01
3.220472962743642364e-01,7.960933605006328961e-02,9.056609263800687870e-01,-2.640571510193118754e-01
3.220472962743642920e-01,7.949660135370256731e-02,9.273489897263986759e-01,-1.731752886211255227e-01
3.220472962743640144e-01,7.680779722358903328e-02,9.404715112823419654e-01,-7.680779722358890838e-02
3.220472962743642920e-01,9.047017119767468418e-02,9.423909417464895188e-01,0.000000000000000000e+00
3.220472962743638479e-01,7.680779722358899164e-02,9.404715112823419654e-01,7.680779722358904715e-02
3.220472962743644585e-01,7.949660135370255343e-02,9.273489897263985648e-01,1.731752886211256059e-01
3.220472962743642364e-01,7.960933605006328961e-02,9.056609263800687870e-01,2.640571510193120419e-01
3.220472962743644030e-01,7.915634527414798505e-02,8.753236045562263756e-01,3.518925962163832466e-01
3.220472962743640144e-01,7.839737664574909781e-02,8.363257303275687393e-01,4.366905804909185229e-01
3.220472962743640144e-01,7.739228608125776898e-02,7.886644527055097775e-01,5.179810363866688139e-01
3.220472962743644585e-01,7.615553146823085540e-02,7.323387854337098934e-01,5.951182885264421074e-01
3.220472962743625711e-01,7.468596460356599631e-02,6.673483144706396919e-01,6.673483144706400250e-01
1.178884946385296145e-01,7.088798975283373827e-02,6.334119232291046675e-01,7.614896790186131970e-01
1.178884946385307109e-01,6.965594802401826879e-02,7.004464118463081812e-01,-7.004464118463085143e-01
1.178884946385297949e-01,7.088798975283372439e-02,7.614896790186130859e-01,-6.334119232291044455e-01
1.178884946385313909e-01,7.194971564548807708e-02,8.153516734997539039e-01,-5.622518917456349463e-01
1.178884946385311411e-01,7.284414660137579489e-02,8.620325597094283809e-01,-4.875406640872012587e-01
1.178884946385311411e-01,7.356823785538704752e-02,9.015326807918279117e-01,-4.097912183966543331e-01
1.178884946385315990e-01,7.410535595698261591e-02,9.338528541242193670e-01,-3.294382277368541612e-01
1.178884946385315852e-01,7.439730274597186610e-02,9.589954425134753491e-01,-2.467692959311767464e-01
1.178884946385315852e-01,7.420009761347048927e-02,9.769698060002461881e-01,-1.616373920534901754e-01
1.178884946385313631e-01,7.163767939741523538e-02,9.878453262596160744e-01,-7.163767939741512436e-02
1.178884946385315852e-01,8.437138522491365034e-02,9.894360879749081183e-01,0.000000000000000000e+00
1.178884946385313631e-01,7.163767939741517987e-02,9.878453262596160744e-01,7.163767939741523538e-02
1.178884946385320293e-01,7.420009761347048927e-02,9.769698060002461881e-01,1.616373920534902864e-01
1.178884946385315852e-01,7.439730274597186610e-02,9.589954425134753491e-01,2.467692959311768575e-01
1.178884946385315990e-01,7.410535595698261591e-02,9.338528541242192560e-01,3.294382277368543277e-01
1.178884946385311411e-01,7.356823785538704752e-02,9.015326807918279117e-01,4.097912183966543331e-01
1.178884946385311411e-01,7.284414660137579489e-02,8.620325597094283809e-01,4.875406640872012587e-01
1.178884946385313631e-01,7.194971564548807708e-02,8.153516734997536819e-01,5.622518917456351684e-01
1.178884946385296145e-01,7.088798975283373827e-02,7.614896790186131970e-01,6.334119232291046675e-01
1.178884946385307109e-01,6.965594802401826879e-02,7.004464118463081812e-01,7.004464118463085143e-01
1.178884946385302945e-01,1.388281447741374353e-01,-6.952801769971698187e-01,-6.952801769971703738e-01
1.178884946385315990e-01,1.412185047292030260e-01,-7.563308997120844479e-01,-6.277923278398821472e-01
1.178884946385311411e-01,1.432324984949843727e-01,-8.102037364596815783e-01,-5.560185784967227596e-01
1.178884946385313631e-01,1.448512424473490934e-01,-8.569012532691085982e-01,-4.804588042060954911e-01
1.178884946385313631e-01,1.460169338558528485e-01,-8.964287580264180821e-01,-4.014932622627808700e-01
1.178884946385315990e-01,1.465745974164033016e-01,-9.287987072161919544e-01,-3.192979043113356452e-01
1.178884946385311411e-01,1.460643131502085412e-01,-9.540461068500495356e-01,-2.335884099438216288e-01
1.178884946385315852e-01,1.427120877731638537e-01,-9.723007882536712776e-01,-1.427120877731637150e-01
1.178884946385320293e-01,1.616373920534902864e-01,-9.769698060002461881e-01,-7.420009761347041988e-02
1.178884946385313770e-01,1.682836910403820718e-01,-9.786638351148397863e-01,0.000000000000000000e+00
1.178884946385320293e-01,1.616373920534902864e-01,-9.769698060002461881e-01,7.420009761347048927e-02
1.178884946385315852e-01,1.427120877731637705e-01,-9.723007882536712776e-01,1.427120877731638537e-01
1.178884946385311550e-01,1.460643131502085412e-01,-9.540461068500494246e-01,2.335884099438217953e-01
1.178884946385315990e-01,1.465745974164032184e-01,-9.287987072161919544e-01,3.192979043113357007e-01
1.178884946385313631e-01,1.460169338558528485e-01,-8.964287580264180821e-01,4.014932622627808700e-01
1.178884946385313631e-01,1.448512424473490934e-01,-8.569012532691085982e-01,4.804588042060954911e-01
1.178884946385311411e-01,1.432324984949843727e-01,-8.102037364596815783e-01,5.560185784967227596e-01
1.178884946385315990e-01,1.412185047292029982e-01,-7.563308997120843369e-01,6.277923278398821472e-01
1.178884946385302945e-01,1.388281447741374353e-01,-6.952801769971698187e-01,6.952801769971703738e-01
1.178884946385315990e-01,1.412185047292030260e-01,-6.277923278398821472e-01,-7.563308997120844479e-01
3.220472962743644585e-01,1.487162118499489316e-01,-6.611236750016492580e-01,-6.611236750016493691e-01
3.220472962743642364e-01,1.515403089449973428e-01,-7.261272283618738221e-01,-5.882689197626623789e-01
3.220472962743642364e-01,1.538333886657509697e-01,-7.824729622970181264e-01,-5.102517915383671943e-01
3.220472962743642920e-01,1.555424312645189155e-01,-8.301672813603796497e-01,-4.276849026998856274e-01
3.220472962743646250e-01,1.565082210148096287e-01,-8.692252156823376819e-01,-3.409372964918105375e-01
3.220472962743644030e-01,1.562431593012297282e-01,-8.996890038989395766e-01,-2.498665851955323147e-01
3.220472962743644585e-01,1.528503208935129420e-01,-9.217153019061102848e-01,-1.528503208935127755e-01
3.220472962743646250e-01,1.731752886211256615e-01,-9.273489897263984538e-01,-7.949660135370252567e-02
3.220472962743642920e-01,1.803167944025048097e-01,-9.293930237627011648e-01,0.000000000000000000e+00
3.220472962743646250e-01,1.731752886211256615e-01,-9.273489897263984538e-01,7.949660135370258118e-02
3.220472962743644585e-01,1.528503208935128310e-01,-9.217153019061102848e-01,1.528503208935129420e-01
3.220472962743644030e-01,1.562431593012297282e-01,-8.996890038989395766e-01,2.498665851955323702e-01
3.220472962743646250e-01,1.565082210148095732e-01,-8.692252156823376819e-01,3.409372964918105930e-01
3.220472962743642920e-01,1.555424312645189155e-01,-8.301672813603796497e-01,4.276849026998856274e-01
3.220472962743642364e-01,1.538333886657509697e-01,-7.824729622970181264e-01,5.102517915383671943e-01
3.220472962743642920e-01,1.515403089449973706e-01,-7.261272283618738221e-01,5.882689197626626010e-01
3.220472962743644585e-01,1.487162118499488761e-01,-6.611236750016491470e-01,6.611236750016494801e-01
1.178884946385315990e-01,1.412185047292030260e-01,-6.277923278398821472e-01,7.563308997120844479e-01
1.178884946385311411e-01,1.432324984949843727e-01,-5.560185784967227596e-01,-8.102037364596815783e-01
3.220472962743642364e-01,1.515403089449973428e-01,-5.882689197626623789e-01,-7.261272283618738221e-01
4.918142695970235123e-01,1.560335223973861318e-01,-6.057112612908110982e-01,-6.057112612908113203e-01
4.918142695970239009e-01,1.593236480308235226e-01,-6.733959367720666611e-01,-5.284624979483096840e-01
4.918142695970236788e-01,1.618383684282860002e-01,-7.306881980072973404e-01,-4.449964314666636778e-01
4.918142695970239009e-01,1.634251760864042502e-01,-7.776060997705935840e-01,-3.560051820429576686e-01
4.918142695970239009e-01,1.635830958779990740e-01,-8.142003807456845710e-01,-2.616047303802008783e-01
4.918142695970238454e-01,1.603290313604731898e-01,-8.406592220553884554e-01,-1.603290313604730233e-01
4.918142695970238454e-01,1.817334931832039480e-01,-8.474266258186939904e-01,-8.342526913183712090e-02
4.918142695970238454e-01,1.892599078183370698e-01,-8.498819985817680500e-01,0.000000000000000000e+00
4.918142695970238454e-01,1.817334931832039480e-01,-8.474266258186939904e-01,8.342526913183719028e-02
4.918142695970238454e-01,1.603290313604731065e-01,-8.406592220553884554e-01,1.603290313604731898e-01
4.918142695970239009e-01,1.635830958779991018e-01,-8.142003807456845710e-01,2.616047303802011004e-01
4.918142695970239009e-01,1.634251760864041947e-01,-7.776060997705935840e-01,3.560051820429577796e-01
4.918142695970236788e-01,1.618383684282860002e-01,-7.306881980072973404e-01,4.449964314666636778e-01
4.918142695970239009e-01,1.593236480308235226e-01,-6.733959367720665501e-01,5.284624979483096840e-01
4.918142695970232903e-01,1.560335223973861596e-01,-6.057112612908110982e-01,6.057112612908114313e-01
3.220472962743637924e-01,1.515403089449973428e-01,-5.882689197626623789e-01,7.261272283618740442e-01
1.178884946385311411e-01,1.432324984949843727e-01,-5.560185784967227596e-01,8.102037364596815783e-01
1.178884946385313631e-01,1.448512424473490934e-01,-4.804588042060954911e-01,-8.569012532691085982e-01
3.220472962743642364e-01,1.538333886657509697e-01,-5.102517915383671943e-01,-7.824729622970181264e-01
4.918142695970239009e-01,1.593236480308235226e-01,-5.284624979483096840e-01,-6.733959367720666611e-01
6.327454192180819170e-01,1.614518311604067613e-01,-5.355214938139668535e-01,-5.355214938139670755e-01
6.327454192180818060e-01,1.652479457629264792e-01,-6.048742585693999141e-01,-4.543715244156323885e-01
6.327454192180819170e-01,1.678284070912012260e-01,-6.616687738085275106e-01,-3.655971744946663327e-01
6.327454192180819170e-01,1.686995536733831014e-01,-7.059664591353382868e-01,-2.697870523669505527e-01
6.327454192180821391e-01,1.658258921036746270e-01,-7.379951093839136611e-01,-1.658258921036744327e-01
6.327454192180819170e-01,1.881010434897450179e-01,-7.461871086362134031e-01,-8.634831093733516538e-02
6.327454192180820280e-01,1.959425699308180446e-01,-7.491593580456966661e-01,0.000000000000000000e+00
6.327454192180819170e-01,1.881010434897450179e-01,-7.461871086362134031e-01,8.634831093733523477e-02
6.327454192180821391e-01,1.658258921036745159e-01,-7.379951093839136611e-01,1.658258921036746270e-01
6.327454192180819170e-01,1.686995536733831014e-01,-7.059664591353382868e-01,2.697870523669506637e-01
6.327454192180818060e-01,1.678284070912012260e-01,-6.616687738085273995e-01,3.655971744946665547e-01
6.327454192180818060e-01,1.652479457629264792e-01,-6.048742585693999141e-01,4.543715244156323885e-01
6.327454192180819170e-01,1.614518311604067891e-01,-5.355214938139668535e-01,5.355214938139672975e-01
4.918142695970235123e-01,1.593236480308235503e-01,-5.284624979483096840e-01,6.733959367720667721e-01
3.220472962743642364e-01,1.538333886657509142e-01,-5.102517915383670832e-01,7.824729622970181264e-01
1.178884946385313631e-01,1.448512424473490934e-01,-4.804588042060954911e-01,8.569012532691085982e-01
1.178884946385311133e-01,1.460169338558528207e-01,-4.014932622627808145e-01,-8.964287580264179711e-01
3.220472962743642920e-01,1.555424312645189155e-01,-4.276849026998856274e-01,-8.301672813603796497e-01
4.918142695970237344e-01,1.618383684282860280e-01,-4.449964314666637333e-01,-7.306881980072973404e-01
6.327454192180818060e-01,1.652479457629264792e-01,-4.543715244156323885e-01,-6.048742585693999141e-01
7.482221123931570572e-01,1.652385276616048781e-01,-4.543456280752281029e-01,-4.543456280752281584e-01
7.482221123931571682e-01,1.695433148470196494e-01,-5.244157928437100935e-01,-3.693329272251650863e-01
7.482221123931569462e-01,1.716720614407143686e-01,-5.790680087600387216e-01,-2.745407348232704603e-01
7.482221123931570572e-01,1.695853029122625644e-01,-6.185833174263869472e-01,-1.695853029122623978e-01
7.482221123931571682e-01,1.926012875404824742e-01,-6.286901866368218572e-01,-8.841416057526210737e-02
7.482221123931569462e-01,2.007188269425309313e-01,-6.323571957657604381e-01,0.000000000000000000e+00
7.482221123931571682e-01,1.926012875404825297e-01,-6.286901866368219682e-01,8.841416057526221839e-02
7.482221123931570572e-01,1.695853029122625366e-01,-6.185833174263870582e-01,1.695853029122625921e-01
7.482221123931571682e-01,1.716720614407143963e-01,-5.790680087600383885e-01,2.745407348232706268e-01
7.482221123931571682e-01,1.695433148470196216e-01,-5.244157928437099825e-01,3.693329272251651973e-01
7.482221123931570572e-01,1.652385276616048781e-01,-4.543456280752281029e-01,4.543456280752281584e-01
6.327454192180818060e-01,1.652479457629264792e-01,-4.543715244156323885e-01,6.048742585693999141e-01
4.918142695970235123e-01,1.618383684282860280e-01,-4.449964314666638443e-01,7.306881980072973404e-01
3.220472962743642364e-01,1.555424312645188600e-01,-4.276849026998854608e-01,8.301672813603796497e-01
1.178884946385311133e-01,1.460169338558528207e-01,-4.014932622627808145e-01,8.964287580264179711e-01
1.178884946385315990e-01,1.465745974164033016e-01,-3.192979043113356452e-01,-9.287987072161919544e-01
3.220472962743646250e-01,1.565082210148096287e-01,-3.409372964918105375e-01,-8.692252156823376819e-01
4.918142695970239009e-01,1.634251760864042502e-01,-3.560051820429576686e-01,-7.776060997705935840e-01
6.327454192180818060e-01,1.678284070912012260e-01,-3.655971744946663327e-01,-6.616687738085276216e-01
7.482221123931571682e-01,1.695433148470196494e-01,-3.693329272251650863e-01,-5.244157928437100935e-01
8.404485357481779051e-01,1.673042899865410937e-01,-3.644554385043821676e-01,-3.644554385043822786e-01
8.404485357481777941e-01,1.718926062953721745e-01,-4.342036282184076335e-01,-2.748934337187756705e-01
8.404485357481779051e-01,1.714297638441333593e-01,-4.846338111352048172e-01,-1.714297638441331928e-01
8.404485357481779051e-01,1.951477526959239650e-01,-4.975323884258948670e-01,-8.958312253822507676e-02
8.404485357481777941e-01,2.035413221101601833e-01,-5.022122947045322139e-01,0.000000000000000000e+00
8.404485357481779051e-01,1.951477526959239650e-01,-4.975323884258948670e-01,8.958312253822514615e-02
8.404485357481776830e-01,1.714297638441332761e-01,-4.846338111352048728e-01,1.714297638441333593e-01
8.404485357481777941e-01,1.718926062953722023e-01,-4.342036282184075224e-01,2.748934337187758925e-01
8.404485357481775720e-01,1.673042899865412048e-01,-3.644554385043824452e-01,3.644554385043828337e-01
7.482221123931571682e-01,1.695433148470196494e-01,-3.693329272251650863e-01,5.244157928437100935e-01
6.327454192180819170e-01,1.678284070912012260e-01,-3.655971744946663327e-01,6.616687738085273995e-01
4.918142695970235123e-01,1.634251760864042502e-01,-3.560051820429577241e-01,7.776060997705936950e-01
3.220472962743644585e-01,1.565082210148096009e-01,-3.409372964918104265e-01,8.692252156823377929e-01
1.178884946385315990e-01,1.465745974164033016e-01,-3.192979043113356452e-01,9.287987072161919544e-01
1.178884946385311411e-01,1.460643131502085412e-01,-2.335884099438216288e-01,-9.540461068500495356e-01
3.220472962743644030e-01,1.562431593012297282e-01,-2.498665851955323147e-01,-8.996890038989395766e-01
4.918142695970238454e-01,1.635830958779990740e-01,-2.616047303802008228e-01,-8.142003807456845710e-01
6.327454192180820280e-01,1.686995536733831291e-01,-2.697870523669506082e-01,-7.059664591353383978e-01
7.482221123931569462e-01,1.716720614407143686e-01,-2.745407348232704603e-01,-5.790680087600387216e-01
8.404485357481776830e-01,1.718926062953722300e-01,-2.748934337187757260e-01,-4.342036282184077445e-01
9.109092150820916611e-01,1.668548113772604924e-01,-2.668369106765277055e-01,-2.668369106765278720e-01
9.109092150820916611e-01,1.702229894046684011e-01,-3.351009842343111722e-01,-1.702229894046682068e-01
9.109092150820916611e-01,1.948033418402620731e-01,-3.525609532059715834e-01,-8.942501977014283288e-02
9.109092150820916611e-01,2.035636961337747020e-01,-3.588958393390538348e-01,0.000000000000000000e+00
9.109092150820916611e-01,1.948033418402620731e-01,-3.525609532059715834e-01,8.942501977014288839e-02
9.109092150820916611e-01,1.702229894046682901e-01,-3.351009842343111167e-01,1.702229894046683734e-01
9.109092150820915501e-01,1.668548113772605479e-01,-2.668369106765277610e-01,2.668369106765281495e-01
8.404485357481776830e-01,1.718926062953721468e-01,-2.748934337187756149e-01,4.342036282184078000e-01
7.482221123931569462e-01,1.716720614407143686e-01,-2.745407348232704603e-01,5.790680087600387216e-01
6.327454192180820280e-01,1.686995536733832124e-01,-2.697870523669506082e-01,7.059664591353383978e-01
4.918142695970238454e-01,1.635830958779990463e-01,-2.616047303802008228e-01,8.142003807456845710e-01
3.220472962743642920e-01,1.562431593012297282e-01,-2.498665851955322315e-01,8.996890038989396876e-01
1.178884946385311411e-01,1.460643131502085412e-01,-2.335884099438216288e-01,9.540461068500495356e-01
1.178884946385315852e-01,1.427120877731638537e-01,-1.427120877731637150e-01,-9.723007882536712776e-01
3.220472962743644585e-01,1.528503208935129420e-01,-1.528503208935127755e-01,-9.217153019061102848e-01
4.918142695970238454e-01,1.603290313604731898e-01,-1.603290313604730233e-01,-8.406592220553884554e-01
6.327454192180821391e-01,1.658258921036746270e-01,-1.658258921036744327e-01,-7.379951093839136611e-01
7.482221123931570572e-01,1.695853029122625644e-01,-1.695853029122623978e-01,-6.185833174263869472e-01
8.404485357481779051e-01,1.714297638441333593e-01,-1.714297638441331928e-01,-4.846338111352048172e-01
9.109092150820916611e-01,1.702229894046684011e-01,-1.702229894046682068e-01,-3.351009842343111722e-01
9.606045953244609636e-01,1.604564441850485079e-01,-1.604564441850482026e-01,-1.604564441850482859e-01
9.606045953244610747e-01,1.869175114510972513e-01,-1.869175114510970293e-01,-8.580500723959125220e-02
9.606045953244610747e-01,1.965182070973685302e-01,-1.965182070973683082e-01,0.000000000000000000e+00
9.606045953244610747e-01,1.869175114510972513e-01,-1.869175114510970293e-01,8.580500723959134934e-02
9.606045953244610747e-01,1.604564441850481471e-01,-1.604564441850480083e-01,1.604564441850481749e-01
9.109092150820915501e-01,1.702229894046684011e-01,-1.702229894046682068e-01,3.351009842343114498e-01
8.404485357481777941e-01,1.714297638441333316e-01,-1.714297638441331650e-01,4.846338111352049283e-01
7.482221123931570572e-01,1.695853029122625644e-01,-1.695853029122623978e-01,6.185833174263869472e-01
6.327454192180820280e-01,1.658258921036745714e-01,-1.658258921036744049e-01,7.379951093839136611e-01
4.918142695970236788e-01,1.603290313604732176e-01,-1.603290313604730233e-01,8.406592220553885664e-01
3.220472962743642364e-01,1.528503208935128310e-01,-1.528503208935126922e-01,9.217153019061103958e-01
1.178884946385315852e-01,1.427120877731638537e-01,-1.427120877731637150e-01,9.723007882536712776e-01
1.178884946385320293e-01,1.616373920534902864e-01,-7.420009761347041988e-02,-9.769698060002461881e-01
3.220472962743646250e-01,1.731752886211256615e-01,-7.949660135370252567e-02,-9.273489897263984538e-01
4.918142695970238454e-01,1.817334931832039480e-01,-8.342526913183712090e-02,-8.474266258186939904e-01
6.327454192180819170e-01,1.881010434897450179e-01,-8.634831093733516538e-02,-7.461871086362134031e-01
7.482221123931571682e-01,1.926012875404824742e-01,-8.841416057526210737e-02,-6.286901866368218572e-01
8.404485357481779051e-01,1.951477526959239650e-01,-8.958312253822507676e-02,-4.975323884258948670e-01
9.109092150820916611e-01,1.948033418402620731e-01,-8.942501977014283288e-02,-3.525609532059715834e-01
9.606045953244610747e-01,1.869175114510972513e-01,-8.580500723959125220e-02,-1.869175114510970293e-01
9.606045953244610747e-01,2.485531463440193434e-01,-8.792083053525159841e-02,-8.792083053525165393e-02
9.606045953244610747e-01,2.575685870720993975e-01,-1.043898194040525224e-01,0.000000000000000000e+00
9.606045953244610747e-01,2.485531463440193434e-01,-8.792083053525161229e-02,8.792083053525173719e-02
9.606045953244610747e-01,1.869175114510970848e-01,-8.580500723959125220e-02,1.869175114510971680e-01
9.109092150820916611e-01,1.948033418402619898e-01,-8.942501977014277736e-02,3.525609532059716389e-01
8.404485357481776830e-01,1.951477526959240205e-01,-8.958312253822507676e-02,4.975323884258952001e-01
7.482221123931571682e-01,1.926012875404824742e-01,-8.841416057526210737e-02,6.286901866368218572e-01
6.327454192180819170e-01,1.881010434897450456e-01,-8.634831093733517926e-02,7.461871086362134031e-01
4.918142695970238454e-01,1.817334931832039757e-01,-8.342526913183712090e-02,8.474266258186939904e-01
3.220472962743644585e-01,1.731752886211256059e-01,-7.949660135370248404e-02,9.273489897263985648e-01
1.178884946385320293e-01,1.616373920534902864e-01,-7.420009761347041988e-02,9.769698060002461881e-01
1.178884946385313770e-01,1.682836910403820718e-01,0.000000000000000000e+00,-9.786638351148397863e-01
3.220472962743642920e-01,1.803167944025048097e-01,0.000000000000000000e+00,-9.293930237627011648e-01
4.918142695970238454e-01,1.892599078183370698e-01,0.000000000000000000e+00,-8.498819985817680500e-01
6.327454192180820280e-01,1.959425699308180446e-01,0.000000000000000000e+00,-7.491593580456966661e-01
7.482221123931569462e-01,2.007188269425309313e-01,0.000000000000000000e+00,-6.323571957657604381e-01
8.404485357481777941e-01,2.035413221101601833e-01,0.000000000000000000e+00,-5.022122947045322139e-01
9.109092150820916611e-01,2.035636961337747020e-01,0.000000000000000000e+00,-3.588958393390538348e-01
9.606045953244610747e-01,1.965182070973685302e-01,0.000000000000000000e+00,-1.965182070973683082e-01
9.606045953244610747e-01,2.575685870720993975e-01,0.000000000000000000e+00,-1.043898194040525224e-01
9.606045953244610747e-01,2.779187137303430477e-01,0.000000000000000000e+00,9.420583518385033196e-16
9.606045953244610747e-01,2.575685870720993420e-01,0.000000000000000000e+00,1.043898194040526334e-01
9.606045953244610747e-01,1.965182070973683914e-01,0.000000000000000000e+00,1.965182070973684747e-01
9.109092150820915501e-01,2.035636961337746464e-01,0.000000000000000000e+00,3.588958393390541124e-01
8.404485357481776830e-01,2.035413221101600723e-01,0.000000000000000000e+00,5.022122947045323249e-01
7.482221123931569462e-01,2.007188269425309313e-01,0.000000000000000000e+00,6.323571957657604381e-01
6.327454192180820280e-01,1.959425699308180724e-01,0.000000000000000000e+00,7.491593580456965551e-01
4.918142695970238454e-01,1.892599078183371253e-01,0.000000000000000000e+00,8.498819985817680500e-01
3.220472962743640144e-01,1.803167944025047820e-01,0.000000000000000000e+00,9.293930237627011648e-01
1.178884946385313770e-01,1.682836910403820718e-01,0.000000000000000000e+00,9.786638351148397863e-01
1.178884946385320293e-01,1.616373920534902864e-01,7.420009761347048927e-02,-9.769698060002461881e-01
3.220472962743646250e-01,1.731752886211256615e-01,7.949660135370258118e-02,-9.273489897263984538e-01
4.918142695970238454e-01,1.817334931832039480e-01,8.342526913183719028e-02,-8.474266258186939904e-01
6.327454192180819170e-01,1.881010434897450179e-01,8.634831093733523477e-02,-7.461871086362134031e-01
7.482221123931570572e-01,1.926012875404825020e-01,8.841416057526220451e-02,-6.286901866368218572e-01
8.404485357481779051e-01,1.951477526959239650e-01,8.958312253822514615e-02,-4.975323884258948670e-01
9.109092150820916611e-01,1.948033418402620731e-01,8.942501977014288839e-02,-3.525609532059715834e-01
9.606045953244610747e-01,1.869175114510972513e-01,8.580500723959134934e-02,-1.869175114510970293e-01
9.606045953244610747e-01,2.485531463440193434e-01,8.792083053525173719e-02,-8.792083053525161229e-02
9.606045953244610747e-01,2.575685870720993420e-01,1.043898194040526334e-01,0.000000000000000000e+00
9.606045953244610747e-01,2.485531463440192879e-01,8.792083053525166780e-02,8.792083053525172331e-02
9.606045953244610747e-01,1.869175114510970848e-01,8.580500723959130771e-02,1.869175114510971680e-01
9.109092150820915501e-01,1.948033418402621009e-01,8.942501977014290226e-02,3.525609532059718609e-01
8.404485357481776830e-01,1.951477526959240205e-01,8.958312253822514615e-02,4.975323884258952001e-01
7.482221123931570572e-01,1.926012875404825020e-01,8.841416057526220451e-02,6.286901866368218572e-01
6.327454192180819170e-01,1.881010434897450456e-01,8.634831093733526253e-02,7.461871086362134031e-01
4.918142695970236788e-01,1.817334931832040035e-01,8.342526913183720416e-02,8.474266258186941014e-01
3.220472962743644585e-01,1.731752886211256059e-01,7.949660135370255343e-02,9.273489897263985648e-01
1.178884946385320293e-01,1.616373920534902864e-01,7.420009761347048927e-02,9.769698060002461881e-01
1.178884946385315852e-01,1.427120877731637705e-01,1.427120877731638537e-01,-9.723007882536712776e-01
3.220472962743642364e-01,1.528503208935128310e-01,1.528503208935129420e-01,-9.217153019061102848e-01
4.918142695970238454e-01,1.603290313604731065e-01,1.603290313604731898e-01,-8.406592220553884554e-01
6.327454192180821391e-01,1.658258921036745159e-01,1.658258921036746270e-01,-7.379951093839136611e-01
7.482221123931570572e-01,1.695853029122625089e-01,1.695853029122625644e-01,-6.185833174263869472e-01
8.404485357481777941e-01,1.714297638441332483e-01,1.714297638441333316e-01,-4.846338111352047617e-01
9.109092150820916611e-01,1.702229894046682901e-01,1.702229894046683734e-01,-3.351009842343111167e-01
9.606045953244610747e-01,1.604564441850481471e-01,1.604564441850481749e-01,-1.604564441850480083e-01
9.606045953244610747e-01,1.869175114510970848e-01,1.869175114510971680e-01,-8.580500723959125220e-02
9.606045953244610747e-01,1.965182070973683914e-01,1.965182070973684747e-01,0.000000000000000000e+00
9.606045953244610747e-01,1.869175114510970848e-01,1.869175114510971680e-01,8.580500723959130771e-02
9.606045953244609636e-01,1.604564441850482581e-01,1.604564441850483414e-01,1.604564441850483691e-01
9.109092150820915501e-01,1.702229894046683178e-01,1.702229894046684011e-01,3.351009842343114498e-01
8.404485357481776830e-01,1.714297638441332206e-01,1.714297638441333038e-01,4.846338111352048728e-01
7.482221123931570572e-01,1.695853029122625089e-01,1.695853029122625644e-01,6.185833174263869472e-01
6.327454192180820280e-01,1.658258921036744882e-01,1.658258921036745714e-01,7.379951093839136611e-01
4.918142695970236788e-01,1.603290313604731065e-01,1.603290313604732176e-01,8.406592220553885664e-01
3.220472962743642364e-01,1.528503208935127478e-01,1.528503208935128310e-01,9.217153019061103958e-01
1.178884946385315852e-01,1.427120877731637705e-01,1.427120877731638537e-01,9.723007882536712776e-01
1.178884946385311550e-01,1.460643131502085412e-01,2.335884099438217953e-01,-9.540461068500494246e-01
3.220472962743644585e-01,1.562431593012297282e-01,2.498665851955323702e-01,-8.996890038989395766e-01
4.918142695970239009e-01,1.635830958779991018e-01,2.616047303802011004e-01,-8.142003807456845710e-01
6.327454192180819170e-01,1.686995536733831014e-01,2.697870523669506637e-01,-7.059664591353382868e-01
7.482221123931571682e-01,1.716720614407143963e-01,2.745407348232706268e-01,-5.790680087600383885e-01
8.404485357481777941e-01,1.718926062953722023e-01,2.748934337187758925e-01,-4.342036282184075224e-01
9.109092150820915501e-01,1.668548113772605479e-01,2.668369106765281495e-01,-2.668369106765277610e-01
9.109092150820915501e-01,1.702229894046684011e-01,3.351009842343114498e-01,-1.702229894046682068e-01
9.109092150820915501e-01,1.948033418402621009e-01,3.525609532059718609e-01,-8.942501977014283288e-02
9.109092150820915501e-01,2.035636961337746464e-01,3.588958393390541124e-01,0.000000000000000000e+00
9.109092150820915501e-01,1.948033418402621009e-01,3.525609532059718609e-01,8.942501977014290226e-02
9.109092150820915501e-01,1.702229894046683178e-01,3.351009842343114498e-01,1.702229894046684011e-01
9.109092150820915501e-01,1.668548113772605201e-01,2.668369106765279275e-01,2.668369106765279830e-01
8.404485357481776830e-01,1.718926062953722023e-01,2.748934337187758370e-01,4.342036282184076890e-01
7.482221123931571682e-01,1.716720614407143963e-01,2.745407348232706268e-01,5.790680087600383885e-01
6.327454192180819170e-01,1.686995536733831846e-01,2.697870523669506637e-01,7.059664591353382868e-01
4.918142695970239009e-01,1.635830958779991295e-01,2.616047303802011004e-01,8.142003807456845710e-01
3.220472962743642920e-01,1.562431593012297282e-01,2.498665851955323425e-01,8.996890038989396876e-01
1.178884946385311550e-01,1.460643131502085412e-01,2.335884099438217953e-01,9.540461068500494246e-01
1.178884946385315990e-01,1.465745974164032184e-01,3.192979043113357007e-01,-9.287987072161919544e-01
3.220472962743646250e-01,1.565082210148095732e-01,3.409372964918105930e-01,-8.692252156823376819e-01
4.918142695970239009e-01,1.634251760864041947e-01,3.560051820429577796e-01,-7.776060997705935840e-01
6.327454192180818060e-01,1.678284070912012260e-01,3.655971744946665547e-01,-6.616687738085273995e-01
7.482221123931571682e-01,1.695433148470196216e-01,3.693329272251651973e-01,-5.244157928437099825e-01
8.404485357481775720e-01,1.673042899865412048e-01,3.644554385043828337e-01,-3.644554385043824452e-01
8.404485357481776830e-01,1.718926062953721468e-01,4.342036282184078000e-01,-2.748934337187756149e-01
8.404485357481777941e-01,1.714297638441333316e-01,4.846338111352049283e-01,-1.714297638441331650e-01
8.404485357481776830e-01,1.951477526959240205e-01,4.975323884258952001e-01,-8.958312253822507676e-02
8.404485357481776830e-01,2.035413221101600723e-01,5.022122947045323249e-01,0.000000000000000000e+00
8.404485357481776830e-01,1.951477526959240205e-01,4.975323884258952001e-01,8.958312253822514615e-02
8.404485357481776830e-01,1.714297638441332206e-01,4.846338111352048728e-01,1.714297638441333038e-01
8.404485357481776830e-01,1.718926062953722023e-01,4.342036282184076890e-01,2.748934337187758370e-01
8.404485357481777941e-01,1.673042899865410937e-01,3.644554385043824452e-01,3.644554385043825562e-01
7.482221123931571682e-01,1.695433148470196216e-01,3.693329272251651973e-01,5.244157928437099825e-01
6.327454192180820280e-01,1.678284070912012538e-01,3.655971744946666102e-01,6.616687738085273995e-01
4.918142695970237344e-01,1.634251760864042502e-01,3.560051820429578906e-01,7.776060997705935840e-01
3.220472962743644585e-01,1.565082210148095454e-01,3.409372964918104820e-01,8.692252156823377929e-01
1.178884946385315990e-01,1.465745974164032184e-01,3.192979043113357007e-01,9.287987072161919544e-01
1.178884946385311133e-01,1.460169338558528207e-01,4.014932622627808145e-01,-8.964287580264179711e-01
3.220472962743642920e-01,1.555424312645189155e-01,4.276849026998856274e-01,-8.301672813603796497e-01
4.918142695970237344e-01,1.618383684282860280e-01,4.449964314666637333e-01,-7.306881980072973404e-01
6.327454192180818060e-01,1.652479457629264792e-01,4.543715244156323885e-01,-6.048742585693999141e-01
7.482221123931570572e-01,1.652385276616048781e-01,4.543456280752281029e-01,-4.543456280752281584e-01
7.482221123931571682e-01,1.695433148470196494e-01,5.244157928437100935e-01,-3.693329272251650863e-01
7.482221123931569462e-01,1.716720614407143686e-01,5.790680087600387216e-01,-2.745407348232704603e-01
7.482221123931570572e-01,1.695853029122625644e-01,6.185833174263869472e-01,-1.695853029122623978e-01
7.482221123931571682e-01,1.926012875404824742e-01,6.286901866368218572e-01,-8.841416057526210737e-02
7.482221123931569462e-01,2.007188269425309313e-01,6.323571957657604381e-01,0.000000000000000000e+00
7.482221123931571682e-01,1.926012875404825297e-01,6.286901866368219682e-01,8.841416057526221839e-02
7.482221123931570572e-01,1.695853029122625366e-01,6.185833174263870582e-01,1.695853029122625921e-01
7.482221123931571682e-01,1.716720614407143963e-01,5.790680087600383885e-01,2.745407348232706268e-01
7.482221123931571682e-01,1.695433148470196216e-01,5.244157928437099825e-01,3.693329272251651973e-01
7.482221123931570572e-01,1.652385276616048781e-01,4.543456280752281029e-01,4.543456280752281584e-01
6.327454192180818060e-01,1.652479457629264792e-01,4.543715244156323885e-01,6.048742585693999141e-01
4.918142695970235123e-01,1.618383684282860280e-01,4.449964314666638443e-01,7.306881980072973404e-01
3.220472962743642364e-01,1.555424312645188600e-01,4.276849026998854608e-01,8.301672813603796497e-01
1.178884946385311133e-01,1.460169338558528207e-01,4.014932622627808145e-01,8.964287580264179711e-01
1.178884946385313631e-01,1.448512424473490934e-01,4.804588042060954911e-01,-8.569012532691085982e-01
3.220472962743642364e-01,1.538333886657509697e-01,5.102517915383671943e-01,-7.824729622970181264e-01
4.918142695970239009e-01,1.593236480308235226e-01,5.284624979483096840e-01,-6.733959367720665501e-01
6.327454192180819170e-01,1.614518311604067891e-01,5.355214938139672975e-01,-5.355214938139668535e-01
6.327454192180818060e-01,1.652479457629264792e-01,6.048742585693999141e-01,-4.543715244156323885e-01
6.327454192180820280e-01,1.678284070912012538e-01,6.616687738085275106e-01,-3.655971744946663882e-01
6.327454192180819170e-01,1.686995536733831846e-01,7.059664591353382868e-01,-2.697870523669505527e-01
6.327454192180820280e-01,1.658258921036745714e-01,7.379951093839136611e-01,-1.658258921036744049e-01
6.327454192180819170e-01,1.881010434897450456e-01,7.461871086362134031e-01,-8.634831093733517926e-02
6.327454192180820280e-01,1.959425699308180724e-01,7.491593580456965551e-01,0.000000000000000000e+00
6.327454192180819170e-01,1.881010434897450456e-01,7.461871086362134031e-01,8.634831093733526253e-02
6.327454192180820280e-01,1.658258921036744882e-01,7.379951093839136611e-01,1.658258921036745714e-01
6.327454192180819170e-01,1.686995536733831846e-01,7.059664591353382868e-01,2.697870523669506637e-01
6.327454192180820280e-01,1.678284070912012538e-01,6.616687738085273995e-01,3.655971744946666102e-01
6.327454192180818060e-01,1.652479457629264792e-01,6.048742585693999141e-01,4.543715244156323885e-01
6.327454192180819170e-01,1.614518311604067613e-01,5.355214938139668535e-01,5.355214938139670755e-01
4.918142695970235123e-01,1.593236480308235503e-01,5.284624979483097951e-01,6.733959367720667721e-01
3.220472962743642364e-01,1.538333886657509142e-01,5.102517915383670832e-01,7.824729622970181264e-01
1.178884946385313631e-01,1.448512424473490934e-01,4.804588042060954911e-01,8.569012532691085982e-01
1.178884946385311411e-01,1.432324984949843727e-01,5.560185784967227596e-01,-8.102037364596815783e-01
3.220472962743642364e-01,1.515403089449973428e-01,5.882689197626624900e-01,-7.261272283618737111e-01
4.918142695970232903e-01,1.560335223973861596e-01,6.057112612908114313e-01,-6.057112612908110982e-01
4.918142695970235123e-01,1.593236480308235503e-01,6.733959367720667721e-01,-5.284624979483096840e-01
4.918142695970235678e-01,1.618383684282860557e-01,7.306881980072974514e-01,-4.449964314666638998e-01
4.918142695970235123e-01,1.634251760864042502e-01,7.776060997705936950e-01,-3.560051820429577241e-01
4.918142695970236788e-01,1.635830958779990740e-01,8.142003807456846820e-01,-2.616047303802008783e-01
4.918142695970236788e-01,1.603290313604732176e-01,8.406592220553885664e-01,-1.603290313604730233e-01
4.918142695970238454e-01,1.817334931832039757e-01,8.474266258186939904e-01,-8.342526913183712090e-02
4.918142695970238454e-01,1.892599078183371253e-01,8.498819985817680500e-01,0.000000000000000000e+00
4.918142695970238454e-01,1.817334931832039757e-01,8.474266258186939904e-01,8.342526913183719028e-02
4.918142695970236788e-01,1.603290313604731065e-01,8.406592220553885664e-01,1.603290313604732176e-01
4.918142695970236788e-01,1.635830958779991018e-01,8.142003807456845710e-01,2.616047303802011004e-01
4.918142695970237344e-01,1.634251760864042502e-01,7.776060997705935840e-01,3.560051820429578906e-01
4.918142695970235678e-01,1.618383684282860557e-01,7.306881980072974514e-01,4.449964314666638998e-01
4.918142695970236788e-01,1.593236480308235226e-01,6.733959367720666611e-01,5.284624979483096840e-01
4.918142695970233458e-01,1.560335223973861873e-01,6.057112612908113203e-01,6.057112612908113203e-01
3.220472962743637924e-01,1.515403089449973428e-01,5.882689197626623789e-01,7.261272283618740442e-01
1.178884946385311411e-01,1.432324984949843727e-01,5.560185784967227596e-01,8.102037364596815783e-01
1.178884946385315990e-01,1.412185047292029982e-01,6.277923278398821472e-01,-7.563308997120843369e-01
3.220472962743644585e-01,1.487162118499488761e-01,6.611236750016494801e-01,-6.611236750016491470e-01
3.220472962743637924e-01,1.515403089449973428e-01,7.261272283618740442e-01,-5.882689197626623789e-01
3.220472962743642364e-01,1.538333886657509142e-01,7.824729622970181264e-01,-5.102517915383670832e-01
3.220472962743642364e-01,1.555424312645188600e-01,8.301672813603796497e-01,-4.276849026998854608e-01
3.220472962743644585e-01,1.565082210148096009e-01,8.692252156823377929e-01,-3.409372964918104265e-01
3.220472962743642920e-01,1.562431593012297282e-01,8.996890038989396876e-01,-2.498665851955322315e-01
3.220472962743642364e-01,1.528503208935128310e-01,9.217153019061103958e-01,-1.528503208935126922e-01
3.220472962743644585e-01,1.731752886211256059e-01,9.273489897263985648e-01,-7.949660135370248404e-02
3.220472962743640144e-01,1.803167944025047820e-01,9.293930237627011648e-01,0.000000000000000000e+00
3.220472962743644585e-01,1.731752886211256059e-01,9.273489897263985648e-01,7.949660135370255343e-02
3.220472962743642364e-01,1.528503208935127478e-01,9.217153019061103958e-01,1.528503208935128310e-01
3.220472962743642920e-01,1.562431593012297282e-01,8.996890038989396876e-01,2.498665851955323425e-01
3.220472962743644585e-01,1.565082210148095454e-01,8.692252156823377929e-01,3.409372964918104820e-01
3.220472962743642364e-01,1.555424312645188600e-01,8.301672813603796497e-01,4.276849026998854608e-01
3.220472962743642364e-01,1.538333886657509142e-01,7.824729622970181264e-01,5.102517915383670832e-01
3.220472962743637924e-01,1.515403089449973428e-01,7.261272283618740442e-01,5.882689197626623789e-01
3.220472962743644585e-01,1.487162118499488761e-01,6.611236750016492580e-01,6.611236750016493691e-01
1.178884946385315990e-01,1.412185047292029982e-01,6.277923278398821472e-01,7.563308997120843369e-01
1.178884946385302945e-01,1.388281447741374353e-01,6.952801769971698187e-01,-6.952801769971703738e-01
1.178884946385315990e-01,1.412185047292030260e-01,7.563308997120844479e-01,-6.277923278398821472e-01
1.178884946385311411e-01,1.432324984949843727e-01,8.102037364596815783e-01,-5.560185784967227596e-01
1.178884946385313631e-01,1.448512424473490934e-01,8.569012532691085982e-01,-4.804588042060954911e-01
1.178884946385313631e-01,1.460169338558528485e-01,8.964287580264180821e-01,-4.014932622627808700e-01
1.178884946385315990e-01,1.465745974164033016e-01,9.287987072161919544e-01,-3.192979043113356452e-01
1.178884946385311411e-01,1.460643131502085412e-01,9.540461068500495356e-01,-2.335884099438216288e-01
1.178884946385315852e-01,1.427120877731638537e-01,9.723007882536712776e-01,-1.427120877731637150e-01
1.178884946385320293e-01,1.616373920534902864e-01,9.769698060002461881e-01,-7.420009761347041988e-02
1.178884946385313770e-01,1.682836910403820718e-01,9.786638351148397863e-01,0.000000000000000000e+00
1.178884946385320293e-01,1.616373920534902864e-01,9.769698060002461881e-01,7.420009761347048927e-02
1.178884946385315852e-01,1.427120877731637705e-01,9.723007882536712776e-01,1.427120877731638537e-01
1.178884946385311550e-01,1.460643131502085412e-01,9.540461068500494246e-01,2.335884099438217953e-01
1.178884946385315990e-01,1.465745974164032184e-01,9.287987072161919544e-01,3.192979043113357007e-01
1.178884946385313631e-01,1.460169338558528485e-01,8.964287580264180821e-01,4.014932622627808700e-01
1.178884946385313631e-01,1.448512424473490934e-01,8.569012532691085982e-01,4.804588042060954911e-01
1.178884946385311411e-01,1.432324984949843727e-01,8.102037364596815783e-01,5.560185784967227596e-01
1.178884946385315990e-01,1.412185047292029982e-01,7.563308997120843369e-01,6.277923278398821472e-01
1.178884946385302945e-01,1.388281447741374353e-01,6.952801769971698187e-01,6.952801769971703738e-01
1.178884946385313631e-01,2.070432679251060226e-01,-6.867442711951639023e-01,-6.867442711951641243e-01
1.178884946385307247e-01,2.104489075098715245e-01,-7.478268272446958465e-01,-6.185212984311005968e-01
1.178884946385309190e-01,2.132037269228334586e-01,-8.017457627387152286e-01,-5.457565442471494777e-01
1.178884946385313770e-01,2.152204877769675895e-01,-8.485135425761015648e-01,-4.688360188145312968e-01
1.178884946385309190e-01,2.162922830644256333e-01,-8.881555757209995683e-01,-3.879428107780053536e-01
1.178884946385311411e-01,2.159115924190226077e-01,-9.207300547225110154e-01,-3.028871958693942212e-01
1.178884946385313631e-01,2.126524943134893153e-01,-9.463932249104300976e-01,-2.126524943134890377e-01
1.178884946385311550e-01,2.335884099438217953e-01,-9.540461068500494246e-01,-1.460643131502084580e-01
1.178884946385315852e-01,2.467692959311768575e-01,-9.589954425134753491e-01,-7.439730274597181059e-02
1.178884946385313631e-01,2.512736443590670721e-01,-9.607100803480590479e-01,0.000000000000000000e+00
1.178884946385315852e-01,2.467692959311768575e-01,-9.589954425134753491e-01,7.439730274597186610e-02
1.178884946385311550e-01,2.335884099438217953e-01,-9.540461068500494246e-01,1.460643131502085412e-01
1.178884946385313631e-01,2.126524943134891765e-01,-9.463932249104300976e-01,2.126524943134893153e-01
1.178884946385313631e-01,2.159115924190226354e-01,-9.207300547225109044e-01,3.028871958693944433e-01
1.178884946385309190e-01,2.162922830644256333e-01,-8.881555757209995683e-01,3.879428107780053536e-01
1.178884946385313770e-01,2.152204877769675895e-01,-8.485135425761015648e-01,4.688360188145312968e-01
1.178884946385307109e-01,2.132037269228334586e-01,-8.017457627387151176e-01,5.457565442471494777e-01
1.178884946385308913e-01,2.104489075098714690e-01,-7.478268272446956244e-01,6.185212984311007078e-01
1.178884946385313631e-01,2.070432679251060226e-01,-6.867442711951639023e-01,6.867442711951641243e-01
1.178884946385307247e-01,2.104489075098715245e-01,-6.185212984311005968e-01,-7.478268272446958465e-01
3.220472962743631817e-01,2.214528695722326468e-01,-6.508625682586901551e-01,-6.508625682586903771e-01
3.220472962743631817e-01,2.254101723154156578e-01,-7.159217448699595199e-01,-5.770024682802145088e-01
3.220472962743644030e-01,2.284147435466465370e-01,-7.723522589422362472e-01,-4.975783676967038271e-01
3.220472962743635703e-01,2.302587845377535858e-01,-8.201847692092423259e-01,-4.129931905767340039e-01
3.220472962743642920e-01,2.304096655654747361e-01,-8.594894914364543670e-01,-3.232255235693540785e-01
3.220472962743642364e-01,2.273494180076114091e-01,-8.904549529457246315e-01,-2.273494180076111593e-01
3.220472962743644030e-01,2.498665851955323702e-01,-8.996890038989395766e-01,-1.562431593012296727e-01
3.220472962743644585e-01,2.640571510193120419e-01,-9.056609263800685650e-01,-7.960933605006323410e-02
3.220472962743644030e-01,2.689090922849630694e-01,-9.077298271230536120e-01,0.000000000000000000e+00
3.220472962743644585e-01,2.640571510193120419e-01,-9.056609263800685650e-01,7.960933605006330349e-02
3.220472962743644030e-01,2.498665851955323702e-01,-8.996890038989395766e-01,1.562431593012297282e-01
3.220472962743642364e-01,2.273494180076112980e-01,-8.904549529457246315e-01,2.273494180076114091e-01
3.220472962743646250e-01,2.304096655654746806e-01,-8.594894914364541449e-01,3.232255235693541895e-01
3.220472962743635703e-01,2.302587845377535858e-01,-8.201847692092423259e-01,4.129931905767340039e-01
3.220472962743644030e-01,2.284147435466465370e-01,-7.723522589422362472e-01,4.975783676967038271e-01
3.220472962743631817e-01,2.254101723154156856e-01,-7.159217448699594089e-01,5.770024682802147309e-01
3.220472962743634038e-01,2.214528695722325635e-01,-6.508625682586899330e-01,6.508625682586903771e-01
1.178884946385307247e-01,2.104489075098715245e-01,-6.185212984311005968e-01,7.478268272446958465e-01
1.178884946385307247e-01,2.132037269228334309e-01,-5.457565442471494777e-01,-8.017457627387152286e-01
3.220472962743631817e-01,2.254101723154156578e-01,-5.770024682802145088e-01,-7.159217448699595199e-01
4.918142695970232903e-01,2.318363159300402265e-01,-5.934520396951773469e-01,-5.934520396951776799e-01
4.918142695970237344e-01,2.363262493406971809e-01,-6.612385563570929436e-01,-5.148127811934086751e-01
4.918142695970232903e-01,2.393536417612433520e-01,-7.186968182124201521e-01,-4.293057673590240930e-01
4.918142695970238454e-01,2.403829341027501065e-01,-7.659111711551265245e-01,-3.372163209464829614e-01
4.918142695970238454e-01,2.378404230293273414e-01,-8.031080814978811544e-01,-2.378404230293270083e-01
4.918142695970239009e-01,2.616047303802011004e-01,-8.142003807456845710e-01,-1.635830958779990185e-01
4.918142695970238454e-01,2.766028960714799201e-01,-8.213740850690622874e-01,-8.339169312693484049e-02
4.918142695970239009e-01,2.817348589791512370e-01,-8.238593286822355477e-01,0.000000000000000000e+00
4.918142695970238454e-01,2.766028960714799201e-01,-8.213740850690622874e-01,8.339169312693490987e-02
4.918142695970239009e-01,2.616047303802011004e-01,-8.142003807456845710e-01,1.635830958779991018e-01
4.918142695970238454e-01,2.378404230293271471e-01,-8.031080814978810434e-01,2.378404230293272859e-01
4.918142695970239009e-01,2.403829341027500233e-01,-7.659111711551265245e-01,3.372163209464831279e-01
4.918142695970232903e-01,2.393536417612433520e-01,-7.186968182124201521e-01,4.293057673590240930e-01
4.918142695970239009e-01,2.363262493406972087e-01,-6.612385563570928326e-01,5.148127811934086751e-01
4.918142695970227352e-01,2.318363159300403098e-01,-5.934520396951774579e-01,5.934520396951780130e-01
3.220472962743631817e-01,2.254101723154156578e-01,-5.770024682802145088e-01,7.159217448699595199e-01
1.178884946385307247e-01,2.132037269228334309e-01,-5.457565442471494777e-01,8.017457627387152286e-01
1.178884946385313770e-01,2.152204877769675895e-01,-4.688360188145312968e-01,-8.485135425761015648e-01
3.220472962743644030e-01,2.284147435466465370e-01,-4.975783676967038271e-01,-7.723522589422362472e-01
4.918142695970237344e-01,2.363262493406971809e-01,-5.148127811934086751e-01,-6.612385563570929436e-01
6.327454192180819170e-01,2.390769401984616793e-01,-5.208048824290506529e-01,-5.208048824290509859e-01
6.327454192180814729e-01,2.440221759855770445e-01,-5.903585923332106411e-01,-4.376792713210764796e-01
6.327454192180819170e-01,2.465159331218421679e-01,-6.475119642218024607e-01,-3.458198741617150573e-01
6.327454192180820280e-01,2.449722203901486262e-01,-6.925391374736700190e-01,-2.449722203901483208e-01
6.327454192180820280e-01,2.697870523669507192e-01,-7.059664591353383978e-01,-1.686995536733830736e-01
6.327454192180820280e-01,2.854826760970902710e-01,-7.146502886375732944e-01,-8.606881582321715407e-02
6.327454192180819170e-01,2.908594662931909269e-01,-7.176586969626815860e-01,0.000000000000000000e+00
6.327454192180820280e-01,2.854826760970902710e-01,-7.146502886375732944e-01,8.606881582321722346e-02
6.327454192180820280e-01,2.697870523669507192e-01,-7.059664591353383978e-01,1.686995536733831291e-01
6.327454192180820280e-01,2.449722203901484874e-01,-6.925391374736700190e-01,2.449722203901486262e-01
6.327454192180820280e-01,2.465159331218421956e-01,-6.475119642218024607e-01,3.458198741617152239e-01
6.327454192180814729e-01,2.440221759855770445e-01,-5.903585923332106411e-01,4.376792713210764796e-01
6.327454192180819170e-01,2.390769401984616793e-01,-5.208048824290506529e-01,5.208048824290509859e-01
4.918142695970235678e-01,2.363262493406972087e-01,-5.148127811934086751e-01,6.612385563570930547e-01
3.220472962743642920e-01,2.284147435466464537e-01,-4.975783676967035496e-01,7.723522589422366913e-01
1.178884946385313770e-01,2.152204877769675895e-01,-4.688360188145312968e-01,8.485135425761015648e-01
1.178884946385309190e-01,2.162922830644256333e-01,-3.879428107780053536e-01,-8.881555757209995683e-01
3.220472962743635703e-01,2.302587845377535858e-01,-4.129931905767340039e-01,-8.201847692092423259e-01
4.918142695970232903e-01,2.393536417612433520e-01,-4.293057673590240930e-01,-7.186968182124201521e-01
6.327454192180814729e-01,2.440221759855770445e-01,-4.376792713210764796e-01,-5.903585923332106411e-01
7.482221123931565021e-01,2.433295322140261729e-01,-4.364369423401424086e-01,-4.364369423401426862e-01
7.482221123931570572e-01,2.484248022909673614e-01,-5.069498460676659102e-01,-3.484976925383949098e-01
7.482221123931570572e-01,2.487519802279574421e-01,-5.625020668328801765e-01,-2.487519802279570813e-01
7.482221123931571682e-01,2.745407348232706268e-01,-5.790680087600383885e-01,-1.716720614407143131e-01
7.482221123931570572e-01,2.909106943192862338e-01,-5.897816729489320231e-01,-8.770528325107734835e-02
7.482221123931569462e-01,2.965288882645825130e-01,-5.934932930964702535e-01,0.000000000000000000e+00
7.482221123931570572e-01,2.909106943192862338e-01,-5.897816729489320231e-01,8.770528325107744549e-02
7.482221123931571682e-01,2.745407348232706268e-01,-5.790680087600383885e-01,1.716720614407143963e-01
7.482221123931569462e-01,2.487519802279572201e-01,-5.625020668328800655e-01,2.487519802279573866e-01
7.482221123931569462e-01,2.484248022909673892e-01,-5.069498460676657992e-01,3.484976925383950763e-01
7.482221123931565021e-01,2.433295322140261729e-01,-4.364369423401424086e-01,4.364369423401426862e-01
6.327454192180814729e-01,2.440221759855771000e-01,-4.376792713210765351e-01,5.903585923332106411e-01
4.918142695970231237e-01,2.393536417612433520e-01,-4.293057673590241485e-01,7.186968182124201521e-01
3.220472962743634593e-01,2.302587845377535580e-01,-4.129931905767338929e-01,8.201847692092425479e-01
1.178884946385309190e-01,2.162922830644256333e-01,-3.879428107780053536e-01,8.881555757209995683e-01
1.178884946385313770e-01,2.159115924190226077e-01,-3.028871958693942212e-01,-9.207300547225110154e-01
3.220472962743644585e-01,2.304096655654747083e-01,-3.232255235693540230e-01,-8.594894914364542560e-01
4.918142695970239009e-01,2.403829341027500788e-01,-3.372163209464830169e-01,-7.659111711551265245e-01
6.327454192180819170e-01,2.465159331218421679e-01,-3.458198741617151128e-01,-6.475119642218025717e-01
7.482221123931569462e-01,2.484248022909673337e-01,-3.484976925383948543e-01,-5.069498460676657992e-01
8.404485357481777941e-01,2.439106228340579274e-01,-3.421650674948028548e-01,-3.421650674948028548e-01
8.404485357481776830e-01,2.480183040136847428e-01,-4.130618603878783435e-01,-2.480183040136844375e-01
8.404485357481777941e-01,2.748934337187758925e-01,-4.342036282184075224e-01,-1.718926062953721468e-01
8.404485357481779051e-01,2.920610078521382880e-01,-4.478766087160939158e-01,-8.805208581350089381e-02
8.404485357481776830e-01,2.979720206145659578e-01,-4.526134484188651941e-01,0.000000000000000000e+00
8.404485357481777941e-01,2.920610078521382325e-01,-4.478766087160938603e-01,8.805208581350094932e-02
8.404485357481777941e-01,2.748934337187758925e-01,-4.342036282184075224e-01,1.718926062953722023e-01
8.404485357481777941e-01,2.480183040136845207e-01,-4.130618603878783435e-01,2.480183040136847150e-01
8.404485357481776830e-01,2.439106228340578719e-01,-3.421650674948028548e-01,3.421650674948032989e-01
7.482221123931569462e-01,2.484248022909673337e-01,-3.484976925383948543e-01,5.069498460676657992e-01
6.327454192180819170e-01,2.465159331218421679e-01,-3.458198741617151128e-01,6.475119642218025717e-01
4.918142695970236788e-01,2.403829341027500788e-01,-3.372163209464829614e-01,7.659111711551266355e-01
3.220472962743638479e-01,2.304096655654745973e-01,-3.232255235693539119e-01,8.594894914364545890e-01
1.178884946385313770e-01,2.159115924190226077e-01,-3.028871958693942212e-01,9.207300547225110154e-01
1.178884946385313631e-01,2.126524943134893153e-01,-2.126524943134890377e-01,-9.463932249104300976e-01
3.220472962743644585e-01,2.273494180076114091e-01,-2.273494180076111593e-01,-8.904549529457246315e-01
4.918142695970238454e-01,2.378404230293273414e-01,-2.378404230293270083e-01,-8.031080814978811544e-01
6.327454192180820280e-01,2.449722203901486262e-01,-2.449722203901483208e-01,-6.925391374736700190e-01
7.482221123931570572e-01,2.487519802279574421e-01,-2.487519802279570813e-01,-5.625020668328801765e-01
8.404485357481776830e-01,2.480183040136847428e-01,-2.480183040136844375e-01,-4.130618603878783435e-01
9.109092150820915501e-01,2.382186683690208917e-01,-2.382186683690202256e-01,-2.382186683690203921e-01
9.109092150820915501e-01,2.668369106765282051e-01,-2.668369106765277610e-01,-1.668548113772604646e-01
9.109092150820915501e-01,2.853451391314621444e-01,-2.853451391314618668e-01,-8.602735045682304016e-02
9.109092150820914391e-01,2.917570923546917716e-01,-2.917570923546913275e-01,0.000000000000000000e+00
9.109092150820915501e-01,2.853451391314621444e-01,-2.853451391314618668e-01,8.602735045682312343e-02
9.109092150820915501e-01,2.668369106765281495e-01,-2.668369106765277610e-01,1.668548113772605479e-01
9.109092150820915501e-01,2.382186683690203921e-01,-2.382186683690201146e-01,2.382186683690205309e-01
8.404485357481776830e-01,2.480183040136846317e-01,-2.480183040136843264e-01,4.130618603878784545e-01
7.482221123931570572e-01,2.487519802279574421e-01,-2.487519802279570813e-01,5.625020668328801765e-01
6.327454192180819170e-01,2.449722203901485984e-01,-2.449722203901482931e-01,6.925391374736700190e-01
4.918142695970236788e-01,2.378404230293273691e-01,-2.378404230293270638e-01,8.031080814978812654e-01
3.220472962743642920e-01,2.273494180076113813e-01,-2.273494180076110760e-01,8.904549529457247425e-01
1.178884946385313631e-01,2.126524943134893153e-01,-2.126524943134890377e-01,9.463932249104300976e-01
1.178884946385311550e-01,2.335884099438217953e-01,-1.460643131502084580e-01,-9.540461068500494246e-01
3.220472962743644030e-01,2.498665851955323702e-01,-1.562431593012296727e-01,-8.996890038989395766e-01
4.918142695970239009e-01,2.616047303802011004e-01,-1.635830958779990185e-01,-8.142003807456845710e-01
6.327454192180819170e-01,2.697870523669506637e-01,-1.686995536733830459e-01,-7.059664591353382868e-01
7.482221123931571682e-01,2.745407348232706268e-01,-1.716720614407143131e-01,-5.790680087600383885e-01
8.404485357481777941e-01,2.748934337187758925e-01,-1.718926062953721468e-01,-4.342036282184075224e-01
9.109092150820915501e-01,2.668369106765282051e-01,-1.668548113772604646e-01,-2.668369106765277610e-01
9.109092150820915501e-01,3.351009842343115053e-01,-1.702229894046682068e-01,-1.702229894046682901e-01
9.109092150820915501e-01,3.525609532059719164e-01,-1.948033418402619898e-01,-8.942501977014281900e-02
9.109092150820915501e-01,3.588958393390541679e-01,-2.035636961337745632e-01,0.000000000000000000e+00
9.109092150820915501e-01,3.525609532059719164e-01,-1.948033418402619898e-01,8.942501977014290226e-02
9.109092150820915501e-01,3.351009842343114498e-01,-1.702229894046682068e-01,1.702229894046684011e-01
9.109092150820915501e-01,2.668369106765279275e-01,-1.668548113772604369e-01,2.668369106765279830e-01
8.404485357481777941e-01,2.748934337187758925e-01,-1.718926062953721468e-01,4.342036282184077445e-01
7.482221123931571682e-01,2.745407348232706268e-01,-1.716720614407143131e-01,5.790680087600383885e-01
6.327454192180819170e-01,2.697870523669506637e-01,-1.686995536733830736e-01,7.059664591353382868e-01
4.918142695970239009e-01,2.616047303802011004e-01,-1.635830958779990185e-01,8.142003807456845710e-01
3.220472962743642920e-01,2.498665851955323425e-01,-1.562431593012296449e-01,8.996890038989396876e-01
1.178884946385311550e-01,2.335884099438217953e-01,-1.460643131502084580e-01,9.540461068500494246e-01
1.178884946385315852e-01,2.467692959311768575e-01,-7.439730274597181059e-02,-9.589954425134753491e-01
3.220472962743644585e-01,2.640571510193120419e-01,-7.960933605006323410e-02,-9.056609263800685650e-01
4.918142695970238454e-01,2.766028960714799201e-01,-8.339169312693484049e-02,-8.213740850690622874e-01
6.327454192180820280e-01,2.854826760970902710e-01,-8.606881582321715407e-02,-7.146502886375732944e-01
7.482221123931570572e-01,2.909106943192862338e-01,-8.770528325107734835e-02,-5.897816729489320231e-01
8.404485357481779051e-01,2.920610078521382880e-01,-8.805208581350089381e-02,-4.478766087160939158e-01
9.109092150820915501e-01,2.853451391314621444e-01,-8.602735045682304016e-02,-2.853451391314618668e-01
9.109092150820915501e-01,3.525609532059719164e-01,-8.942501977014281900e-02,-1.948033418402619898e-01
9.109092150820915501e-01,3.932303737534860733e-01,-8.835800766263778028e-02,-8.835800766263783579e-02
9.109092150820915501e-01,3.991790875296717389e-01,-1.044052582847557059e-01,0.000000000000000000e+00
9.109092150820915501e-01,3.932303737534860177e-01,-8.835800766263782191e-02,8.835800766263793293e-02
9.109092150820916611e-01,3.525609532059716389e-01,-8.942501977014277736e-02,1.948033418402619898e-01
9.109092150820916611e-01,2.853451391314618668e-01,-8.602735045682297077e-02,2.853451391314618668e-01
8.404485357481776830e-01,2.920610078521381769e-01,-8.805208581350086605e-02,4.478766087160940268e-01
7.482221123931570572e-01,2.909106943192862338e-01,-8.770528325107734835e-02,5.897816729489320231e-01
6.327454192180818060e-01,2.854826760970902710e-01,-8.606881582321715407e-02,7.146502886375732944e-01
4.918142695970237344e-01,2.766028960714800311e-01,-8.339169312693485436e-02,8.213740850690623985e-01
3.220472962743642920e-01,2.640571510193120419e-01,-7.960933605006320635e-02,9.056609263800686760e-01
1.178884946385315852e-01,2.467692959311768575e-01,-7.439730274597181059e-02,9.589954425134753491e-01
1.178884946385313631e-01,2.512736443590670721e-01,0.000000000000000000e+00,-9.607100803480590479e-01
3.220472962743644030e-01,2.689090922849630694e-01,0.000000000000000000e+00,-9.077298271230536120e-01
4.918142695970239009e-01,2.817348589791512370e-01,0.000000000000000000e+00,-8.238593286822355477e-01
6.327454192180819170e-01,2.908594662931909269e-01,0.000000000000000000e+00,-7.176586969626815860e-01
7.482221123931569462e-01,2.965288882645825130e-01,0.000000000000000000e+00,-5.934932930964702535e-01
8.404485357481776830e-01,2.979720206145659578e-01,0.000000000000000000e+00,-4.526134484188651941e-01
9.109092150820914391e-01,2.917570923546917716e-01,0.000000000000000000e+00,-2.917570923546913275e-01
9.109092150820915501e-01,3.588958393390541679e-01,0.000000000000000000e+00,-2.035636961337745632e-01
9.109092150820915501e-01,3.991790875296717389e-01,0.000000000000000000e+00,-1.044052582847557059e-01
9.109092150820915501e-01,4.126068369265442626e-01,0.000000000000000000e+00,9.324062457808269334e-16
9.109092150820915501e-01,3.991790875296717389e-01,0.000000000000000000e+00,1.044052582847558169e-01
9.109092150820915501e-01,3.588958393390541124e-01,0.000000000000000000e+00,2.035636961337746464e-01
9.109092150820914391e-01,2.917570923546914941e-01,0.000000000000000000e+00,2.917570923546916051e-01
8.404485357481775720e-01,2.979720206145659578e-01,0.000000000000000000e+00,4.526134484188655271e-01
7.482221123931569462e-01,2.965288882645825130e-01,0.000000000000000000e+00,5.934932930964702535e-01
6.327454192180820280e-01,2.908594662931909269e-01,0.000000000000000000e+00,7.176586969626815860e-01
4.918142695970236788e-01,2.817348589791512925e-01,0.000000000000000000e+00,8.238593286822355477e-01
3.220472962743642364e-01,2.689090922849629584e-01,0.000000000000000000e+00,9.077298271230538340e-01
1.178884946385313631e-01,2.512736443590670721e-01,0.000000000000000000e+00,9.607100803480590479e-01
1.178884946385315852e-01,2.467692959311768575e-01,7.439730274597186610e-02,-9.589954425134753491e-01
3.220472962743644585e-01,2.640571510193120419e-01,7.960933605006330349e-02,-9.056609263800685650e-01
4.918142695970238454e-01,2.766028960714799201e-01,8.339169312693490987e-02,-8.213740850690622874e-01
6.327454192180820280e-01,2.854826760970902710e-01,8.606881582321722346e-02,-7.146502886375732944e-01
7.482221123931570572e-01,2.909106943192862338e-01,8.770528325107744549e-02,-5.897816729489320231e-01
8.404485357481777941e-01,2.920610078521382325e-01,8.805208581350094932e-02,-4.478766087160938603e-01
9.109092150820915501e-01,2.853451391314621444e-01,8.602735045682312343e-02,-2.853451391314618668e-01
9.109092150820915501e-01,3.525609532059719164e-01,8.942501977014290226e-02,-1.948033418402619898e-01
9.109092150820915501e-01,3.932303737534860177e-01,8.835800766263793293e-02,-8.835800766263782191e-02
9.109092150820915501e-01,3.991790875296717389e-01,1.044052582847558169e-01,0.000000000000000000e+00
9.109092150820915501e-01,3.932303737534860177e-01,8.835800766263789130e-02,8.835800766263793293e-02
9.109092150820916611e-01,3.525609532059716389e-01,8.942501977014284675e-02,1.948033418402619898e-01
9.109092150820916611e-01,2.853451391314618668e-01,8.602735045682306791e-02,2.853451391314618668e-01
8.404485357481776830e-01,2.920610078521381214e-01,8.805208581350092156e-02,4.478766087160939713e-01
7.482221123931570572e-01,2.909106943192862338e-01,8.770528325107744549e-02,5.897816729489320231e-01
6.327454192180818060e-01,2.854826760970902710e-01,8.606881582321725122e-02,7.146502886375732944e-01
4.918142695970236788e-01,2.766028960714799756e-01,8.339169312693492375e-02,8.213740850690622874e-01
3.220472962743642920e-01,2.640571510193120419e-01,7.960933605006328961e-02,9.056609263800686760e-01
1.178884946385315852e-01,2.467692959311768575e-01,7.439730274597186610e-02,9.589954425134753491e-01
1.178884946385311550e-01,2.335884099438217953e-01,1.460643131502085412e-01,-9.540461068500494246e-01
3.220472962743644585e-01,2.498665851955323702e-01,1.562431593012297282e-01,-8.996890038989395766e-01
4.918142695970239009e-01,2.616047303802011004e-01,1.635830958779991018e-01,-8.142003807456845710e-01
6.327454192180819170e-01,2.697870523669506637e-01,1.686995536733831014e-01,-7.059664591353382868e-01
7.482221123931571682e-01,2.745407348232706268e-01,1.716720614407143963e-01,-5.790680087600383885e-01
8.404485357481777941e-01,2.748934337187758925e-01,1.718926062953722023e-01,-4.342036282184075224e-01
9.109092150820915501e-01,2.668369106765281495e-01,1.668548113772605479e-01,-2.668369106765277610e-01
9.109092150820915501e-01,3.351009842343114498e-01,1.702229894046684011e-01,-1.702229894046682068e-01
9.109092150820915501e-01,3.525609532059718609e-01,1.948033418402621009e-01,-8.942501977014283288e-02
9.109092150820915501e-01,3.588958393390541124e-01,2.035636961337746464e-01,0.000000000000000000e+00
9.109092150820915501e-01,3.525609532059718609e-01,1.948033418402621009e-01,8.942501977014290226e-02
9.109092150820915501e-01,3.351009842343114498e-01,1.702229894046683178e-01,1.702229894046684011e-01
9.109092150820915501e-01,2.668369106765279275e-01,1.668548113772605201e-01,2.668369106765279830e-01
8.404485357481776830e-01,2.748934337187758370e-01,1.718926062953722023e-01,4.342036282184076890e-01
7.482221123931571682e-01,2.745407348232706268e-01,1.716720614407143963e-01,5.790680087600383885e-01
6.327454192180819170e-01,2.697870523669506637e-01,1.686995536733831846e-01,7.059664591353382868e-01
4.918142695970239009e-01,2.616047303802011004e-01,1.635830958779991295e-01,8.142003807456845710e-01
3.220472962743642920e-01,2.498665851955323425e-01,1.562431593012297282e-01,8.996890038989396876e-01
1.178884946385311550e-01,2.335884099438217953e-01,1.460643131502085412e-01,9.540461068500494246e-01
1.178884946385313631e-01,2.126524943134891765e-01,2.126524943134893153e-01,-9.463932249104300976e-01
3.220472962743642364e-01,2.273494180076112980e-01,2.273494180076114091e-01,-8.904549529457246315e-01
4.918142695970239009e-01,2.378404230293271748e-01,2.378404230293273136e-01,-8.031080814978811544e-01
6.327454192180820280e-01,2.449722203901484874e-01,2.449722203901486262e-01,-6.925391374736700190e-01
7.482221123931569462e-01,2.487519802279572201e-01,2.487519802279573866e-01,-5.625020668328800655e-01
8.404485357481777941e-01,2.480183040136845207e-01,2.480183040136847150e-01,-4.130618603878783435e-01
9.109092150820915501e-01,2.382186683690203921e-01,2.382186683690205309e-01,-2.382186683690201146e-01
9.109092150820915501e-01,2.668369106765279275e-01,2.668369106765279830e-01,-1.668548113772604369e-01
9.109092150820916611e-01,2.853451391314618668e-01,2.853451391314618668e-01,-8.602735045682297077e-02
9.109092150820914391e-01,2.917570923546914941e-01,2.917570923546916051e-01,0.000000000000000000e+00
9.109092150820915501e-01,2.853451391314620333e-01,2.853451391314620333e-01,8.602735045682310955e-02
9.109092150820915501e-01,2.668369106765279275e-01,2.668369106765279830e-01,1.668548113772604924e-01
9.109092150820914391e-01,2.382186683690203366e-01,2.382186683690205031e-01,2.382186683690206419e-01
8.404485357481775720e-01,2.480183040136845762e-01,2.480183040136847428e-01,4.130618603878786210e-01
7.482221123931569462e-01,2.487519802279572201e-01,2.487519802279573866e-01,5.625020668328800655e-01
6.327454192180818060e-01,2.449722203901484596e-01,2.449722203901486262e-01,6.925391374736700190e-01
4.918142695970235123e-01,2.378404230293272581e-01,2.378404230293273969e-01,8.031080814978813764e-01
3.220472962743640144e-01,2.273494180076112148e-01,2.273494180076113536e-01,8.904549529457247425e-01
1.178884946385313631e-01,2.126524943134891765e-01,2.126524943134893153e-01,9.463932249104300976e-01
1.178884946385313631e-01,2.159115924190226354e-01,3.028871958693944433e-01,-9.207300547225109044e-01
3.220472962743646250e-01,2.304096655654746806e-01,3.232255235693541895e-01,-8.594894914364541449e-01
4.918142695970239009e-01,2.403829341027500233e-01,3.372163209464831279e-01,-7.659111711551265245e-01
6.327454192180819170e-01,2.465159331218421679e-01,3.458198741617151684e-01,-6.475119642218023497e-01
7.482221123931569462e-01,2.484248022909673892e-01,3.484976925383950763e-01,-5.069498460676657992e-01
8.404485357481776830e-01,2.439106228340578719e-01,3.421650674948032989e-01,-3.421650674948028548e-01
8.404485357481776830e-01,2.480183040136846317e-01,4.130618603878784545e-01,-2.480183040136843264e-01
8.404485357481777941e-01,2.748934337187758925e-01,4.342036282184077445e-01,-1.718926062953721468e-01
8.404485357481777941e-01,2.920610078521382325e-01,4.478766087160940823e-01,-8.805208581350087993e-02
8.404485357481775720e-01,2.979720206145659578e-01,4.526134484188655271e-01,0.000000000000000000e+00
8.404485357481776830e-01,2.920610078521381769e-01,4.478766087160940268e-01,8.805208581350093544e-02
8.404485357481776830e-01,2.748934337187758370e-01,4.342036282184076890e-01,1.718926062953722023e-01
8.404485357481775720e-01,2.480183040136845762e-01,4.130618603878786210e-01,2.480183040136847428e-01
8.404485357481777941e-01,2.439106228340577609e-01,3.421650674948028548e-01,3.421650674948030213e-01
7.482221123931569462e-01,2.484248022909673892e-01,3.484976925383950763e-01,5.069498460676657992e-01
6.327454192180820280e-01,2.465159331218421401e-01,3.458198741617152239e-01,6.475119642218024607e-01
4.918142695970236788e-01,2.403829341027500788e-01,3.372163209464831279e-01,7.659111711551265245e-01
3.220472962743642920e-01,2.304096655654745973e-01,3.232255235693540785e-01,8.594894914364543670e-01
1.178884946385313631e-01,2.159115924190226354e-01,3.028871958693944433e-01,9.207300547225109044e-01
1.178884946385309190e-01,2.162922830644256333e-01,3.879428107780053536e-01,-8.881555757209995683e-01
3.220472962743635703e-01,2.302587845377535858e-01,4.129931905767340039e-01,-8.201847692092423259e-01
4.918142695970232903e-01,2.393536417612433520e-01,4.293057673590240930e-01,-7.186968182124201521e-01
6.327454192180814729e-01,2.440221759855770445e-01,4.376792713210764796e-01,-5.903585923332106411e-01
7.482221123931565021e-01,2.433295322140261729e-01,4.364369423401424086e-01,-4.364369423401426862e-01
7.482221123931570572e-01,2.484248022909673614e-01,5.069498460676659102e-01,-3.484976925383949098e-01
7.482221123931570572e-01,2.487519802279574421e-01,5.625020668328801765e-01,-2.487519802279570813e-01
7.482221123931571682e-01,2.745407348232706268e-01,5.790680087600383885e-01,-1.716720614407143131e-01
7.482221123931570572e-01,2.909106943192862338e-01,5.897816729489320231e-01,-8.770528325107734835e-02
7.482221123931569462e-01,2.965288882645825130e-01,5.934932930964702535e-01,0.000000000000000000e+00
7.482221123931570572e-01,2.909106943192862338e-01,5.897816729489320231e-01,8.770528325107744549e-02
7.482221123931571682e-01,2.745407348232706268e-01,5.790680087600383885e-01,1.716720614407143963e-01
7.482221123931569462e-01,2.487519802279572201e-01,5.625020668328800655e-01,2.487519802279573866e-01
7.482221123931569462e-01,2.484248022909673892e-01,5.069498460676657992e-01,3.484976925383950763e-01
7.482221123931565021e-01,2.433295322140261729e-01,4.364369423401424086e-01,4.364369423401426862e-01
6.327454192180814729e-01,2.440221759855771000e-01,4.376792713210765351e-01,5.903585923332106411e-01
4.918142695970231237e-01,2.393536417612433520e-01,4.293057673590241485e-01,7.186968182124201521e-01
3.220472962743634593e-01,2.302587845377535580e-01,4.129931905767338929e-01,8.201847692092425479e-01
1.178884946385309190e-01,2.162922830644256333e-01,3.879428107780053536e-01,8.881555757209995683e-01
1.178884946385313770e-01,2.152204877769675895e-01,4.688360188145312968e-01,-8.485135425761015648e-01
3.220472962743644030e-01,2.284147435466465370e-01,4.975783676967038271e-01,-7.723522589422362472e-01
4.918142695970239009e-01,2.363262493406972087e-01,5.148127811934086751e-01,-6.612385563570928326e-01
6.327454192180820280e-01,2.390769401984617071e-01,5.208048824290510970e-01,-5.208048824290507639e-01
6.327454192180814729e-01,2.440221759855771000e-01,5.903585923332106411e-01,-4.376792713210765351e-01
6.327454192180819170e-01,2.465159331218421679e-01,6.475119642218024607e-01,-3.458198741617150573e-01
6.327454192180820280e-01,2.449722203901486262e-01,6.925391374736701300e-01,-2.449722203901483208e-01
6.327454192180820280e-01,2.697870523669507192e-01,7.059664591353383978e-01,-1.686995536733831014e-01
6.327454192180818060e-01,2.854826760970902710e-01,7.146502886375732944e-01,-8.606881582321715407e-02
6.327454192180820280e-01,2.908594662931909269e-01,7.176586969626815860e-01,0.000000000000000000e+00
6.327454192180818060e-01,2.854826760970902710e-01,7.146502886375732944e-01,8.606881582321725122e-02
6.327454192180820280e-01,2.697870523669507192e-01,7.059664591353383978e-01,1.686995536733832124e-01
6.327454192180818060e-01,2.449722203901484596e-01,6.925391374736700190e-01,2.449722203901486262e-01
6.327454192180820280e-01,2.465159331218421401e-01,6.475119642218024607e-01,3.458198741617152239e-01
6.327454192180814729e-01,2.440221759855771000e-01,5.903585923332106411e-01,4.376792713210765351e-01
6.327454192180820280e-01,2.390769401984617071e-01,5.208048824290507639e-01,5.208048824290509859e-01
4.918142695970237344e-01,2.363262493406971809e-01,5.148127811934086751e-01,6.612385563570929436e-01
3.220472962743644585e-01,2.284147435466464815e-01,4.975783676967036051e-01,7.723522589422364693e-01
1.178884946385313770e-01,2.152204877769675895e-01,4.688360188145312968e-01,8.485135425761015648e-01
1.178884946385307109e-01,2.132037269228334586e-01,5.457565442471494777e-01,-8.017457627387151176e-01
3.220472962743631817e-01,2.254101723154156856e-01,5.770024682802147309e-01,-7.159217448699594089e-01
4.918142695970227352e-01,2.318363159300403098e-01,5.934520396951780130e-01,-5.934520396951774579e-01
4.918142695970235678e-01,2.363262493406972087e-01,6.612385563570930547e-01,-5.148127811934086751e-01
4.918142695970231237e-01,2.393536417612433520e-01,7.186968182124201521e-01,-4.293057673590241485e-01
4.918142695970235123e-01,2.403829341027501065e-01,7.659111711551267465e-01,-3.372163209464830169e-01
4.918142695970236788e-01,2.378404230293273691e-01,8.031080814978812654e-01,-2.378404230293270638e-01
4.918142695970239009e-01,2.616047303802011004e-01,8.142003807456845710e-01,-1.635830958779990185e-01
4.918142695970237344e-01,2.766028960714800311e-01,8.213740850690623985e-01,-8.339169312693485436e-02
4.918142695970236788e-01,2.817348589791512925e-01,8.238593286822355477e-01,0.000000000000000000e+00
4.918142695970237344e-01,2.766028960714800311e-01,8.213740850690623985e-01,8.339169312693493763e-02
4.918142695970236788e-01,2.616047303802011004e-01,8.142003807456845710e-01,1.635830958779991018e-01
4.918142695970235123e-01,2.378404230293272581e-01,8.031080814978813764e-01,2.378404230293273969e-01
4.918142695970236788e-01,2.403829341027500788e-01,7.659111711551265245e-01,3.372163209464831279e-01
4.918142695970231237e-01,2.393536417612433520e-01,7.186968182124201521e-01,4.293057673590241485e-01
4.918142695970237344e-01,2.363262493406971809e-01,6.612385563570929436e-01,5.148127811934086751e-01
4.918142695970231237e-01,2.318363159300402265e-01,5.934520396951774579e-01,5.934520396951776799e-01
3.220472962743631262e-01,2.254101723154156023e-01,5.770024682802145088e-01,7.159217448699594089e-01
1.178884946385307109e-01,2.132037269228334586e-01,5.457565442471494777e-01,8.017457627387151176e-01
1.178884946385308913e-01,2.104489075098714690e-01,6.185212984311007078e-01,-7.478268272446956244e-01
3.220472962743634038e-01,2.214528695722325635e-01,6.508625682586903771e-01,-6.508625682586899330e-01
3.220472962743631817e-01,2.254101723154156578e-01,7.159217448699595199e-01,-5.770024682802145088e-01
3.220472962743642920e-01,2.284147435466464537e-01,7.723522589422366913e-01,-4.975783676967035496e-01
3.220472962743635703e-01,2.302587845377535303e-01,8.201847692092424369e-01,-4.129931905767338929e-01
3.220472962743640144e-01,2.304096655654745973e-01,8.594894914364544780e-01,-3.232255235693539119e-01
3.220472962743640144e-01,2.273494180076113536e-01,8.904549529457247425e-01,-2.273494180076110760e-01
3.220472962743642920e-01,2.498665851955323425e-01,8.996890038989396876e-01,-1.562431593012296449e-01
3.220472962743642364e-01,2.640571510193120419e-01,9.056609263800687870e-01,-7.960933605006320635e-02
3.220472962743642364e-01,2.689090922849629584e-01,9.077298271230538340e-01,0.000000000000000000e+00
3.220472962743642364e-01,2.640571510193120419e-01,9.056609263800687870e-01,7.960933605006328961e-02
3.220472962743642920e-01,2.498665851955323425e-01,8.996890038989396876e-01,1.562431593012297282e-01
3.220472962743640144e-01,2.273494180076112148e-01,8.904549529457247425e-01,2.273494180076113536e-01
3.220472962743642920e-01,2.304096655654746251e-01,8.594894914364544780e-01,3.232255235693540785e-01
3.220472962743635703e-01,2.302587845377535303e-01,8.201847692092424369e-01,4.129931905767338929e-01
3.220472962743644585e-01,2.284147435466464815e-01,7.723522589422364693e-01,4.975783676967036051e-01
3.220472962743631262e-01,2.254101723154156023e-01,7.159217448699594089e-01,5.770024682802145088e-01
3.220472962743631817e-01,2.214528695722325913e-01,6.508625682586901551e-01,6.508625682586903771e-01
1.178884946385308913e-01,2.104489075098714690e-01,6.185212984311007078e-01,7.478268272446956244e-01
1.178884946385313631e-01,2.070432679251060226e-01,6.867442711951639023e-01,-6.867442711951641243e-01
1.178884946385307247e-01,2.104489075098715245e-01,7.478268272446958465e-01,-6.185212984311005968e-01
1.178884946385309190e-01,2.132037269228334586e-01,8.017457627387152286e-01,-5.457565442471494777e-01
1.178884946385313770e-01,2.152204877769675895e-01,8.485135425761015648e-01,-4.688360188145312968e-01
1.178884946385309190e-01,2.162922830644256333e-01,8.881555757209995683e-01,-3.879428107780053536e-01
1.178884946385311411e-01,2.159115924190226077e-01,9.207300547225110154e-01,-3.028871958693942212e-01
1.178884946385313631e-01,2.126524943134893153e-01,9.463932249104300976e-01,-2.126524943134890377e-01
1.178884946385311550e-01,2.335884099438217953e-01,9.540461068500494246e-01,-1.460643131502084580e-01
1.178884946385315852e-01,2.467692959311768575e-01,9.589954425134753491e-01,-7.439730274597181059e-02
1.178884946385313631e-01,2.512736443590670721e-01,9.607100803480590479e-01,0.000000000000000000e+00
1.178884946385315852e-01,2.467692959311768575e-01,9.589954425134753491e-01,7.439730274597186610e-02
1.178884946385311550e-01,2.335884099438217953e-01,9.540461068500494246e-01,1.460643131502085412e-01
1.178884946385313631e-01,2.126524943134891765e-01,9.463932249104300976e-01,2.126524943134893153e-01
1.178884946385313631e-01,2.159115924190226354e-01,9.207300547225109044e-01,3.028871958693944433e-01
1.178884946385309190e-01,2.162922830644256333e-01,8.881555757209995683e-01,3.879428107780053536e-01
1.178884946385313770e-01,2.152204877769675895e-01,8.485135425761015648e-01,4.688360188145312968e-01
1.178884946385307109e-01,2.132037269228334586e-01,8.017457627387151176e-01,5.457565442471494777e-01
1.178884946385308913e-01,2.104489075098714690e-01,7.478268272446956244e-01,6.185212984311007078e-01
1.178884946385313631e-01,2.070432679251060226e-01,6.867442711951639023e-01,6.867442711951641243e-01
1.178884946385307247e-01,2.738483841031831290e-01,-6.749479110849728736e-01,-6.749479110849728736e-01
1.178884946385313631e-01,2.780653970944721998e-01,-7.361143120799750195e-01,-6.057372840774949418e-01
1.178884946385309190e-01,2.812617805228776469e-01,-7.901539131778816394e-01,-5.316492331778936986e-01
1.178884946385307247e-01,2.832200951251249710e-01,-8.371039106154049003e-01,-4.529301528730149129e-01
1.178884946385315990e-01,2.834632139814610152e-01,-8.770386135564428587e-01,-3.695323794772982229e-01
1.178884946385315852e-01,2.808728269642795095e-01,-9.101226362298924233e-01,-2.808728269642792319e-01
1.178884946385315852e-01,3.028871958693944433e-01,-9.207300547225109044e-01,-2.159115924190225244e-01
1.178884946385315990e-01,3.192979043113357007e-01,-9.287987072161919544e-01,-1.465745974164031629e-01
1.178884946385320293e-01,3.294382277368543277e-01,-9.338528541242192560e-01,-7.410535595698257427e-02
1.178884946385313631e-01,3.328694220534017534e-01,-9.355748236745660140e-01,0.000000000000000000e+00
1.178884946385320293e-01,3.294382277368543277e-01,-9.338528541242192560e-01,7.410535595698261591e-02
1.178884946385315852e-01,3.192979043113356452e-01,-9.287987072161918434e-01,1.465745974164031906e-01
1.178884946385313631e-01,3.028871958693944433e-01,-9.207300547225109044e-01,2.159115924190226354e-01
1.178884946385313631e-01,2.808728269642793429e-01,-9.101226362298924233e-01,2.808728269642795095e-01
1.178884946385315990e-01,2.834632139814610152e-01,-8.770386135564428587e-01,3.695323794772982229e-01
1.178884946385313631e-01,2.832200951251249155e-01,-8.371039106154047893e-01,4.529301528730148019e-01
1.178884946385309190e-01,2.812617805228776469e-01,-7.901539131778816394e-01,5.316492331778936986e-01
1.178884946385313631e-01,2.780653970944721998e-01,-7.361143120799750195e-01,6.057372840774949418e-01
1.178884946385307247e-01,2.738483841031831290e-01,-6.749479110849728736e-01,6.749479110849728736e-01
1.178884946385313631e-01,2.780653970944721998e-01,-6.057372840774949418e-01,-7.361143120799750195e-01
3.220472962743644585e-01,2.922927450175274999e-01,-6.367301195060942609e-01,-6.367301195060944830e-01
3.220472962743634593e-01,2.970722010454403539e-01,-7.019348925532407080e-01,-5.615345518707289818e-01
3.220472962743642364e-01,3.003088668337989819e-01,-7.585852723725018398e-01,-4.802587927387783062e-01
3.220472962743644585e-01,3.015116755989586950e-01,-8.067709212128381102e-01,-3.930609738008453702e-01
3.220472962743642364e-01,2.995002474577259655e-01,-8.466904644011846726e-01,-2.995002474577256879e-01
3.220472962743646250e-01,3.232255235693541895e-01,-8.594894914364541449e-01,-2.304096655654745973e-01
3.220472962743646250e-01,3.409372964918105930e-01,-8.692252156823376819e-01,-1.565082210148094899e-01
3.220472962743644030e-01,3.518925962163832466e-01,-8.753236045562263756e-01,-7.915634527414791566e-02
3.220472962743642364e-01,3.556014718382982109e-01,-8.774013518275475265e-01,0.000000000000000000e+00
3.220472962743644030e-01,3.518925962163832466e-01,-8.753236045562263756e-01,7.915634527414798505e-02
3.220472962743646250e-01,3.409372964918105930e-01,-8.692252156823376819e-01,1.565082210148095732e-01
3.220472962743646250e-01,3.232255235693541895e-01,-8.594894914364541449e-01,2.304096655654746806e-01
3.220472962743640699e-01,2.995002474577259099e-01,-8.466904644011847836e-01,2.995002474577260765e-01
3.220472962743644585e-01,3.015116755989586950e-01,-8.067709212128381102e-01,3.930609738008453702e-01
3.220472962743642364e-01,3.003088668337989819e-01,-7.585852723725018398e-01,4.802587927387783062e-01
3.220472962743637924e-01,2.970722010454402984e-01,-7.019348925532405969e-01,5.615345518707288708e-01
3.220472962743642920e-01,2.922927450175274999e-01,-6.367301195060942609e-01,6.367301195060947050e-01
1.178884946385313631e-01,2.780653970944721998e-01,-6.057372840774949418e-01,7.361143120799750195e-01
1.178884946385309190e-01,2.812617805228776469e-01,-5.316492331778936986e-01,-7.901539131778816394e-01
3.220472962743634593e-01,2.970722010454403539e-01,-5.615345518707289818e-01,-7.019348925532407080e-01
4.918142695970235123e-01,3.050690829184184438e-01,-5.766504915752961313e-01,-5.766504915752962424e-01
4.918142695970235123e-01,3.102738026870398569e-01,-6.447011194785557953e-01,-4.961948791855544383e-01
4.918142695970240674e-01,3.130185747209592861e-01,-7.025835850502332169e-01,-4.080617626271379472e-01
4.918142695970238454e-01,3.121007123740970335e-01,-7.505364847173709997e-01,-3.121007123740967004e-01
4.918142695970239009e-01,3.372163209464831835e-01,-7.659111711551265245e-01,-2.403829341027499400e-01
4.918142695970239009e-01,3.560051820429577796e-01,-7.776060997705935840e-01,-1.634251760864041392e-01
4.918142695970239009e-01,3.676434745001435078e-01,-7.849317204176290419e-01,-8.269942055679394000e-02
4.918142695970239009e-01,3.715864817665001096e-01,-7.874275908228899334e-01,0.000000000000000000e+00
4.918142695970239009e-01,3.676434745001435078e-01,-7.849317204176290419e-01,8.269942055679400938e-02
4.918142695970239009e-01,3.560051820429577796e-01,-7.776060997705935840e-01,1.634251760864041947e-01
4.918142695970239009e-01,3.372163209464831279e-01,-7.659111711551265245e-01,2.403829341027500233e-01
4.918142695970239009e-01,3.121007123740968114e-01,-7.505364847173709997e-01,3.121007123740970335e-01
4.918142695970240674e-01,3.130185747209592861e-01,-7.025835850502332169e-01,4.080617626271379472e-01
4.918142695970238454e-01,3.102738026870398014e-01,-6.447011194785557953e-01,4.961948791855543273e-01
4.918142695970231237e-01,3.050690829184184438e-01,-5.766504915752962424e-01,5.766504915752964644e-01
3.220472962743635703e-01,2.970722010454402429e-01,-5.615345518707287598e-01,7.019348925532408190e-01
1.178884946385309190e-01,2.812617805228776469e-01,-5.316492331778936986e-01,7.901539131778816394e-01
1.178884946385307247e-01,2.832200951251249710e-01,-4.529301528730149129e-01,-8.371039106154049003e-01
3.220472962743642364e-01,3.003088668337989819e-01,-4.802587927387783062e-01,-7.585852723725018398e-01
4.918142695970235678e-01,3.102738026870399124e-01,-4.961948791855544938e-01,-6.447011194785559063e-01
6.327454192180816950e-01,3.131447695614385518e-01,-5.007861758050272671e-01,-5.007861758050274892e-01
6.327454192180821391e-01,3.184535284663113086e-01,-5.708533878805819306e-01,-4.151469549583035046e-01
6.327454192180816950e-01,3.194659977209898249e-01,-6.289007767993289866e-01,-3.194659977209894919e-01
6.327454192180820280e-01,3.458198741617152239e-01,-6.475119642218024607e-01,-2.465159331218420569e-01
6.327454192180819170e-01,3.655971744946665547e-01,-6.616687738085273995e-01,-1.678284070912011705e-01
6.327454192180819170e-01,3.778741951097374652e-01,-6.705364993000283436e-01,-8.500076608575296566e-02
6.327454192180818060e-01,3.820381695362542462e-01,-6.735577714464603405e-01,0.000000000000000000e+00
6.327454192180819170e-01,3.778741951097374652e-01,-6.705364993000283436e-01,8.500076608575303505e-02
6.327454192180819170e-01,3.655971744946665547e-01,-6.616687738085273995e-01,1.678284070912012260e-01
6.327454192180819170e-01,3.458198741617151684e-01,-6.475119642218023497e-01,2.465159331218421679e-01
6.327454192180816950e-01,3.194659977209896029e-01,-6.289007767993288756e-01,3.194659977209898249e-01
6.327454192180821391e-01,3.184535284663113086e-01,-5.708533878805819306e-01,4.151469549583035046e-01
6.327454192180815840e-01,3.131447695614385518e-01,-5.007861758050273782e-01,5.007861758050276002e-01
4.918142695970235123e-01,3.102738026870398569e-01,-4.961948791855544383e-01,6.447011194785559063e-01
3.220472962743635703e-01,3.003088668337989819e-01,-4.802587927387781952e-01,7.585852723725020619e-01
1.178884946385307247e-01,2.832200951251249710e-01,-4.529301528730149129e-01,8.371039106154049003e-01
1.178884946385315990e-01,2.834632139814610152e-01,-3.695323794772982229e-01,-8.770386135564428587e-01
3.220472962743646250e-01,3.015116755989586395e-01,-3.930609738008453147e-01,-8.067709212128379992e-01
4.918142695970240674e-01,3.130185747209592861e-01,-4.080617626271379472e-01,-7.025835850502332169e-01
6.327454192180821391e-01,3.184535284663113086e-01,-4.151469549583035046e-01,-5.708533878805819306e-01
7.482221123931572793e-01,3.163252206764469165e-01,-4.123724198403179164e-01,-4.123724198403178054e-01
7.482221123931570572e-01,3.208730126541488037e-01,-4.839883160019704533e-01,-3.208730126541484706e-01
7.482221123931570572e-01,3.484976925383950763e-01,-5.069498460676657992e-01,-2.484248022909672782e-01
7.482221123931571682e-01,3.693329272251651973e-01,-5.244157928437099825e-01,-1.695433148470195384e-01
7.482221123931571682e-01,3.823107096927637061e-01,-5.353563384878615716e-01,-8.599873615935994808e-02
7.482221123931569462e-01,3.867199186091380692e-01,-5.390838293594639730e-01,0.000000000000000000e+00
7.482221123931571682e-01,3.823107096927637061e-01,-5.353563384878615716e-01,8.599873615936004523e-02
7.482221123931571682e-01,3.693329272251651973e-01,-5.244157928437099825e-01,1.695433148470196216e-01
7.482221123931569462e-01,3.484976925383950763e-01,-5.069498460676657992e-01,2.484248022909673892e-01
7.482221123931568352e-01,3.208730126541486372e-01,-4.839883160019705088e-01,3.208730126541488037e-01
7.482221123931572793e-01,3.163252206764469165e-01,-4.123724198403179164e-01,4.123724198403178054e-01
6.327454192180821391e-01,3.184535284663112531e-01,-4.151469549583034491e-01,5.708533878805820416e-01
4.918142695970238454e-01,3.130185747209592861e-01,-4.080617626271380027e-01,7.025835850502333280e-01
3.220472962743642920e-01,3.015116755989585839e-01,-3.930609738008452037e-01,8.067709212128382212e-01
1.178884946385315990e-01,2.834632139814610152e-01,-3.695323794772982229e-01,8.770386135564428587e-01
1.178884946385313631e-01,2.808728269642795095e-01,-2.808728269642792319e-01,-9.101226362298924233e-01
3.220472962743642364e-01,2.995002474577259655e-01,-2.995002474577256879e-01,-8.466904644011846726e-01
4.918142695970238454e-01,3.121007123740970335e-01,-3.121007123740967004e-01,-7.505364847173709997e-01
6.327454192180816950e-01,3.194659977209898249e-01,-3.194659977209894919e-01,-6.289007767993289866e-01
7.482221123931570572e-01,3.208730126541488037e-01,-3.208730126541484706e-01,-4.839883160019704533e-01
8.404485357481774610e-01,3.128611293416218575e-01,-3.128611293416213024e-01,-3.128611293416214689e-01
8.404485357481776830e-01,3.421650674948031323e-01,-3.421650674948027437e-01,-2.439106228340576499e-01
8.404485357481776830e-01,3.644554385043827227e-01,-3.644554385043822786e-01,-1.673042899865410105e-01
8.404485357481779051e-01,3.784179693984914272e-01,-3.784179693984911497e-01,-8.512308518486053077e-02
8.404485357481775720e-01,3.831750636189316106e-01,-3.831750636189312220e-01,0.000000000000000000e+00
8.404485357481776830e-01,3.784179693984914827e-01,-3.784179693984911497e-01,8.512308518486062792e-02
8.404485357481775720e-01,3.644554385043828337e-01,-3.644554385043824452e-01,1.673042899865412048e-01
8.404485357481775720e-01,3.421650674948032989e-01,-3.421650674948028548e-01,2.439106228340578997e-01
8.404485357481775720e-01,3.128611293416215244e-01,-3.128611293416211914e-01,3.128611293416215799e-01
7.482221123931570572e-01,3.208730126541488037e-01,-3.208730126541484706e-01,4.839883160019704533e-01
6.327454192180819170e-01,3.194659977209897139e-01,-3.194659977209893809e-01,6.289007767993289866e-01
4.918142695970235123e-01,3.121007123740970890e-01,-3.121007123740968114e-01,7.505364847173711107e-01
3.220472962743638479e-01,2.995002474577260765e-01,-2.995002474577257434e-01,8.466904644011848946e-01
1.178884946385313631e-01,2.808728269642795095e-01,-2.808728269642792319e-01,9.101226362298924233e-01
1.178884946385313631e-01,3.028871958693944433e-01,-2.159115924190225244e-01,-9.207300547225109044e-01
3.220472962743646250e-01,3.232255235693541895e-01,-2.304096655654745973e-01,-8.594894914364541449e-01
4.918142695970239009e-01,3.372163209464831835e-01,-2.403829341027499400e-01,-7.659111711551265245e-01
6.327454192180820280e-01,3.458198741617152239e-01,-2.465159331218420569e-01,-6.475119642218024607e-01
7.482221123931570572e-01,3.484976925383950763e-01,-2.484248022909672782e-01,-5.069498460676657992e-01
8.404485357481775720e-01,3.421650674948032989e-01,-2.439106228340577609e-01,-3.421650674948028548e-01
8.404485357481775720e-01,4.130618603878787320e-01,-2.480183040136844375e-01,-2.480183040136845762e-01
8.404485357481777941e-01,4.342036282184078555e-01,-2.748934337187756705e-01,-1.718926062953720912e-01
8.404485357481776830e-01,4.478766087160941933e-01,-2.920610078521380659e-01,-8.805208581350085217e-02
8.404485357481775720e-01,4.526134484188656382e-01,-2.979720206145657913e-01,0.000000000000000000e+00
8.404485357481776830e-01,4.478766087160941933e-01,-2.920610078521380659e-01,8.805208581350094932e-02
8.404485357481776830e-01,4.342036282184078000e-01,-2.748934337187756149e-01,1.718926062953721468e-01
8.404485357481776830e-01,4.130618603878784545e-01,-2.480183040136843264e-01,2.480183040136846317e-01
8.404485357481776830e-01,3.421650674948028548e-01,-2.439106228340576776e-01,3.421650674948030213e-01
7.482221123931570572e-01,3.484976925383950763e-01,-2.484248022909672782e-01,5.069498460676657992e-01
6.327454192180820280e-01,3.458198741617151684e-01,-2.465159331218420291e-01,6.475119642218023497e-01
4.918142695970236788e-01,3.372163209464831279e-01,-2.403829341027499678e-01,7.659111711551265245e-01
3.220472962743642920e-01,3.232255235693540785e-01,-2.304096655654745140e-01,8.594894914364544780e-01
1.178884946385313631e-01,3.028871958693944433e-01,-2.159115924190225244e-01,9.207300547225109044e-01
1.178884946385315990e-01,3.192979043113357007e-01,-1.465745974164031629e-01,-9.287987072161919544e-01
3.220472962743646250e-01,3.409372964918105930e-01,-1.565082210148094899e-01,-8.692252156823376819e-01
4.918142695970239009e-01,3.560051820429577796e-01,-1.634251760864041392e-01,-7.776060997705935840e-01
6.327454192180818060e-01,3.655971744946665547e-01,-1.678284070912011705e-01,-6.616687738085273995e-01
7.482221123931571682e-01,3.693329272251651973e-01,-1.695433148470195384e-01,-5.244157928437099825e-01
8.404485357481775720e-01,3.644554385043828337e-01,-1.673042899865410660e-01,-3.644554385043824452e-01
8.404485357481777941e-01,4.342036282184078555e-01,-1.718926062953720912e-01,-2.748934337187756705e-01
8.404485357481777941e-01,4.846338111352049283e-01,-1.714297638441331928e-01,-1.714297638441332761e-01
8.404485357481777941e-01,4.975323884258952556e-01,-1.951477526959239095e-01,-8.958312253822509064e-02
8.404485357481776830e-01,5.022122947045324359e-01,-2.035413221101600167e-01,0.000000000000000000e+00
8.404485357481777941e-01,4.975323884258952556e-01,-1.951477526959239095e-01,8.958312253822517390e-02
8.404485357481777941e-01,4.846338111352049283e-01,-1.714297638441331650e-01,1.714297638441333316e-01
8.404485357481777941e-01,4.342036282184077445e-01,-1.718926062953721468e-01,2.748934337187758925e-01
8.404485357481777941e-01,3.644554385043824452e-01,-1.673042899865410105e-01,3.644554385043825562e-01
7.482221123931571682e-01,3.693329272251651973e-01,-1.695433148470195384e-01,5.244157928437099825e-01
6.327454192180820280e-01,3.655971744946666102e-01,-1.678284070912011983e-01,6.616687738085273995e-01
4.918142695970237344e-01,3.560051820429578906e-01,-1.634251760864041947e-01,7.776060997705935840e-01
3.220472962743644585e-01,3.409372964918104820e-01,-1.565082210148094621e-01,8.692252156823377929e-01
1.178884946385315990e-01,3.192979043113357007e-01,-1.465745974164031629e-01,9.287987072161919544e-01
1.178884946385315990e-01,3.294382277368543277e-01,-7.410535595698257427e-02,-9.338528541242192560e-01
3.220472962743644030e-01,3.518925962163832466e-01,-7.915634527414791566e-02,-8.753236045562263756e-01
4.918142695970238454e-01,3.676434745001434523e-01,-8.269942055679392612e-02,-7.849317204176289309e-01
6.327454192180820280e-01,3.778741951097374097e-01,-8.500076608575296566e-02,-6.705364993000283436e-01
7.482221123931571682e-01,3.823107096927637061e-01,-8.599873615935994808e-02,-5.353563384878615716e-01
8.404485357481779051e-01,3.784179693984914272e-01,-8.512308518486053077e-02,-3.784179693984911497e-01
8.404485357481776830e-01,4.478766087160941933e-01,-8.805208581350085217e-02,-2.920610078521380659e-01
8.404485357481777941e-01,4.975323884258952556e-01,-8.958312253822509064e-02,-1.951477526959239095e-01
8.404485357481777941e-01,5.275769815836008902e-01,-8.748939153371952659e-02,-8.748939153371959598e-02
8.404485357481776830e-01,5.319716024759326700e-01,-1.032108178338505267e-01,0.000000000000000000e+00
8.404485357481777941e-01,5.275769815836008902e-01,-8.748939153371954047e-02,8.748939153371967925e-02
8.404485357481776830e-01,4.975323884258952001e-01,-8.958312253822507676e-02,1.951477526959240205e-01
8.404485357481777941e-01,4.478766087160940823e-01,-8.805208581350087993e-02,2.920610078521382325e-01
8.404485357481777941e-01,3.784179693984912607e-01,-8.512308518486051689e-02,3.784179693984912052e-01
7.482221123931571682e-01,3.823107096927637061e-01,-8.599873615935994808e-02,5.353563384878615716e-01
6.327454192180819170e-01,3.778741951097373541e-01,-8.500076608575295178e-02,6.705364993000284546e-01
4.918142695970237344e-01,3.676434745001436188e-01,-8.269942055679396775e-02,7.849317204176290419e-01
3.220472962743644030e-01,3.518925962163832466e-01,-7.915634527414791566e-02,8.753236045562263756e-01
1.178884946385315990e-01,3.294382277368543277e-01,-7.410535595698257427e-02,9.338528541242192560e-01
1.178884946385313631e-01,3.328694220534017534e-01,0.000000000000000000e+00,-9.355748236745660140e-01
3.220472962743642364e-01,3.556014718382982109e-01,0.000000000000000000e+00,-8.774013518275475265e-01
4.918142695970239009e-01,3.715864817665001096e-01,0.000000000000000000e+00,-7.874275908228899334e-01
6.327454192180818060e-01,3.820381695362542462e-01,0.000000000000000000e+00,-6.735577714464603405e-01
7.482221123931569462e-01,3.867199186091380692e-01,0.000000000000000000e+00,-5.390838293594639730e-01
8.404485357481775720e-01,3.831750636189316106e-01,0.000000000000000000e+00,-3.831750636189312220e-01
8.404485357481775720e-01,4.526134484188656382e-01,0.000000000000000000e+00,-2.979720206145657913e-01
8.404485357481776830e-01,5.022122947045324359e-01,0.000000000000000000e+00,-2.035413221101600167e-01
8.404485357481776830e-01,5.319716024759326700e-01,0.000000000000000000e+00,-1.032108178338505267e-01
8.404485357481776830e-01,5.418913717330661184e-01,0.000000000000000000e+00,9.184219473354279236e-16
8.404485357481775720e-01,5.319716024759328921e-01,0.000000000000000000e+00,1.032108178338506238e-01
8.404485357481776830e-01,5.022122947045323249e-01,0.000000000000000000e+00,2.035413221101600723e-01
8.404485357481775720e-01,4.526134484188655271e-01,0.000000000000000000e+00,2.979720206145659578e-01
8.404485357481775720e-01,3.831750636189313886e-01,0.000000000000000000e+00,3.831750636189314996e-01
7.482221123931569462e-01,3.867199186091380692e-01,0.000000000000000000e+00,5.390838293594639730e-01
6.327454192180819170e-01,3.820381695362541907e-01,0.000000000000000000e+00,6.735577714464604515e-01
4.918142695970236788e-01,3.715864817665002207e-01,0.000000000000000000e+00,7.874275908228899334e-01
3.220472962743637924e-01,3.556014718382980444e-01,0.000000000000000000e+00,8.774013518275477486e-01
1.178884946385313631e-01,3.328694220534017534e-01,0.000000000000000000e+00,9.355748236745660140e-01
1.178884946385315990e-01,3.294382277368543277e-01,7.410535595698261591e-02,-9.338528541242192560e-01
3.220472962743644030e-01,3.518925962163832466e-01,7.915634527414798505e-02,-8.753236045562263756e-01
4.918142695970238454e-01,3.676434745001434523e-01,8.269942055679399551e-02,-7.849317204176289309e-01
6.327454192180820280e-01,3.778741951097374097e-01,8.500076608575303505e-02,-6.705364993000283436e-01
7.482221123931571682e-01,3.823107096927637061e-01,8.599873615936004523e-02,-5.353563384878615716e-01
8.404485357481777941e-01,3.784179693984913717e-01,8.512308518486061404e-02,-3.784179693984910942e-01
8.404485357481776830e-01,4.478766087160941933e-01,8.805208581350094932e-02,-2.920610078521380659e-01
8.404485357481777941e-01,4.975323884258952556e-01,8.958312253822517390e-02,-1.951477526959239095e-01
8.404485357481777941e-01,5.275769815836008902e-01,8.748939153371967925e-02,-8.748939153371954047e-02
8.404485357481775720e-01,5.319716024759328921e-01,1.032108178338506238e-01,0.000000000000000000e+00
8.404485357481777941e-01,5.275769815836008902e-01,8.748939153371960986e-02,8.748939153371967925e-02
8.404485357481776830e-01,4.975323884258952001e-01,8.958312253822514615e-02,1.951477526959240205e-01
8.404485357481776830e-01,4.478766087160939713e-01,8.805208581350092156e-02,2.920610078521381214e-01
8.404485357481777941e-01,3.784179693984912607e-01,8.512308518486060016e-02,3.784179693984912052e-01
7.482221123931571682e-01,3.823107096927637061e-01,8.599873615936004523e-02,5.353563384878615716e-01
6.327454192180819170e-01,3.778741951097373541e-01,8.500076608575302117e-02,6.705364993000284546e-01
4.918142695970237344e-01,3.676434745001436188e-01,8.269942055679403714e-02,7.849317204176290419e-01
3.220472962743644030e-01,3.518925962163832466e-01,7.915634527414798505e-02,8.753236045562263756e-01
1.178884946385315990e-01,3.294382277368543277e-01,7.410535595698261591e-02,9.338528541242192560e-01
1.178884946385315990e-01,3.192979043113357007e-01,1.465745974164032184e-01,-9.287987072161919544e-01
3.220472962743646250e-01,3.409372964918105930e-01,1.565082210148095732e-01,-8.692252156823376819e-01
4.918142695970239009e-01,3.560051820429577796e-01,1.634251760864041947e-01,-7.776060997705935840e-01
6.327454192180818060e-01,3.655971744946665547e-01,1.678284070912012260e-01,-6.616687738085273995e-01
7.482221123931571682e-01,3.693329272251651973e-01,1.695433148470196216e-01,-5.244157928437099825e-01
8.404485357481775720e-01,3.644554385043828337e-01,1.673042899865412048e-01,-3.644554385043824452e-01
8.404485357481776830e-01,4.342036282184078000e-01,1.718926062953721468e-01,-2.748934337187756149e-01
8.404485357481777941e-01,4.846338111352049283e-01,1.714297638441333316e-01,-1.714297638441331650e-01
8.404485357481776830e-01,4.975323884258952001e-01,1.951477526959240205e-01,-8.958312253822507676e-02
8.404485357481776830e-01,5.022122947045323249e-01,2.035413221101600723e-01,0.000000000000000000e+00
8.404485357481776830e-01,4.975323884258952001e-01,1.951477526959240205e-01,8.958312253822514615e-02
8.404485357481776830e-01,4.846338111352048728e-01,1.714297638441332206e-01,1.714297638441333038e-01
8.404485357481776830e-01,4.342036282184076890e-01,1.718926062953722023e-01,2.748934337187758370e-01
8.404485357481777941e-01,3.644554385043824452e-01,1.673042899865410937e-01,3.644554385043825562e-01
7.482221123931571682e-01,3.693329272251651973e-01,1.695433148470196216e-01,5.244157928437099825e-01
6.327454192180820280e-01,3.655971744946666102e-01,1.678284070912012538e-01,6.616687738085273995e-01
4.918142695970237344e-01,3.560051820429578906e-01,1.634251760864042502e-01,7.776060997705935840e-01
3.220472962743644585e-01,3.409372964918104820e-01,1.565082210148095454e-01,8.692252156823377929e-01
1.178884946385315990e-01,3.192979043113357007e-01,1.465745974164032184e-01,9.287987072161919544e-01
1.178884946385313631e-01,3.028871958693944433e-01,2.159115924190226354e-01,-9.207300547225109044e-01
3.220472962743646250e-01,3.232255235693541895e-01,2.304096655654746806e-01,-8.594894914364541449e-01
4.918142695970239009e-01,3.372163209464831279e-01,2.403829341027500233e-01,-7.659111711551265245e-01
6.327454192180819170e-01,3.458198741617151684e-01,2.465159331218421679e-01,-6.475119642218023497e-01
7.482221123931569462e-01,3.484976925383950763e-01,2.484248022909673892e-01,-5.069498460676657992e-01
8.404485357481775720e-01,3.421650674948032433e-01,2.439106228340578442e-01,-3.421650674948027993e-01
8.404485357481776830e-01,4.130618603878784545e-01,2.480183040136846317e-01,-2.480183040136843264e-01
8.404485357481777941e-01,4.342036282184077445e-01,2.748934337187758925e-01,-1.718926062953721468e-01
8.404485357481777941e-01,4.478766087160940823e-01,2.920610078521382325e-01,-8.805208581350087993e-02
8.404485357481775720e-01,4.526134484188655271e-01,2.979720206145659578e-01,0.000000000000000000e+00
8.404485357481776830e-01,4.478766087160940268e-01,2.920610078521381769e-01,8.805208581350093544e-02
8.404485357481776830e-01,4.342036282184076890e-01,2.748934337187758370e-01,1.718926062953722023e-01
8.404485357481775720e-01,4.130618603878786210e-01,2.480183040136845762e-01,2.480183040136847428e-01
8.404485357481777941e-01,3.421650674948028548e-01,2.439106228340577609e-01,3.421650674948030213e-01
7.482221123931569462e-01,3.484976925383950763e-01,2.484248022909673892e-01,5.069498460676657992e-01
6.327454192180819170e-01,3.458198741617151684e-01,2.465159331218421124e-01,6.475119642218023497e-01
4.918142695970236788e-01,3.372163209464831279e-01,2.403829341027500788e-01,7.659111711551265245e-01
3.220472962743642920e-01,3.232255235693540785e-01,2.304096655654745973e-01,8.594894914364543670e-01
1.178884946385313631e-01,3.028871958693944433e-01,2.159115924190226354e-01,9.207300547225109044e-01
1.178884946385313631e-01,2.808728269642793429e-01,2.808728269642795095e-01,-9.101226362298924233e-01
3.220472962743642364e-01,2.995002474577258544e-01,2.995002474577259655e-01,-8.466904644011846726e-01
4.918142695970239009e-01,3.121007123740968114e-01,3.121007123740970335e-01,-7.505364847173709997e-01
6.327454192180816950e-01,3.194659977209896029e-01,3.194659977209898249e-01,-6.289007767993288756e-01
7.482221123931568352e-01,3.208730126541486372e-01,3.208730126541488037e-01,-4.839883160019705088e-01
8.404485357481775720e-01,3.128611293416215244e-01,3.128611293416215799e-01,-3.128611293416211914e-01
8.404485357481776830e-01,3.421650674948028548e-01,3.421650674948030213e-01,-2.439106228340576776e-01
8.404485357481777941e-01,3.644554385043824452e-01,3.644554385043825562e-01,-1.673042899865410105e-01
8.404485357481779051e-01,3.784179693984913162e-01,3.784179693984912607e-01,-8.512308518486053077e-02
8.404485357481775720e-01,3.831750636189313886e-01,3.831750636189314996e-01,0.000000000000000000e+00
8.404485357481776830e-01,3.784179693984913162e-01,3.784179693984912607e-01,8.512308518486061404e-02
8.404485357481777941e-01,3.644554385043824452e-01,3.644554385043825562e-01,1.673042899865410937e-01
8.404485357481777941e-01,3.421650674948028548e-01,3.421650674948030213e-01,2.439106228340577609e-01
8.404485357481774610e-01,3.128611293416214134e-01,3.128611293416215799e-01,3.128611293416216355e-01
7.482221123931568352e-01,3.208730126541486372e-01,3.208730126541488037e-01,4.839883160019705088e-01
6.327454192180816950e-01,3.194659977209895474e-01,3.194659977209897139e-01,6.289007767993289866e-01
4.918142695970235123e-01,3.121007123740969225e-01,3.121007123740970890e-01,7.505364847173711107e-01
3.220472962743638479e-01,2.995002474577259099e-01,2.995002474577260765e-01,8.466904644011848946e-01
1.178884946385313631e-01,2.808728269642793429e-01,2.808728269642795095e-01,9.101226362298924233e-01
1.178884946385315990e-01,2.834632139814610152e-01,3.695323794772982229e-01,-8.770386135564428587e-01
3.220472962743646250e-01,3.015116755989586395e-01,3.930609738008453147e-01,-8.067709212128379992e-01
4.918142695970240674e-01,3.130185747209592861e-01,4.080617626271379472e-01,-7.025835850502332169e-01
6.327454192180821391e-01,3.184535284663113086e-01,4.151469549583035046e-01,-5.708533878805819306e-01
7.482221123931572793e-01,3.163252206764469165e-01,4.123724198403179164e-01,-4.123724198403178054e-01
7.482221123931570572e-01,3.208730126541488037e-01,4.839883160019704533e-01,-3.208730126541484706e-01
7.482221123931570572e-01,3.484976925383950763e-01,5.069498460676657992e-01,-2.484248022909672782e-01
7.482221123931571682e-01,3.693329272251651973e-01,5.244157928437099825e-01,-1.695433148470195384e-01
7.482221123931571682e-01,3.823107096927637061e-01,5.353563384878615716e-01,-8.599873615935994808e-02
7.482221123931569462e-01,3.867199186091380692e-01,5.390838293594639730e-01,0.000000000000000000e+00
7.482221123931571682e-01,3.823107096927637061e-01,5.353563384878615716e-01,8.599873615936004523e-02
7.482221123931571682e-01,3.693329272251651973e-01,5.244157928437099825e-01,1.695433148470196216e-01
7.482221123931569462e-01,3.484976925383950763e-01,5.069498460676657992e-01,2.484248022909673892e-01
7.482221123931568352e-01,3.208730126541486372e-01,4.839883160019705088e-01,3.208730126541488037e-01
7.482221123931572793e-01,3.163252206764469165e-01,4.123724198403179164e-01,4.123724198403178054e-01
6.327454192180821391e-01,3.184535284663112531e-01,4.151469549583034491e-01,5.708533878805820416e-01
4.918142695970238454e-01,3.130185747209592861e-01,4.080617626271380027e-01,7.025835850502333280e-01
3.220472962743642920e-01,3.015116755989585839e-01,3.930609738008452037e-01,8.067709212128382212e-01
1.178884946385315990e-01,2.834632139814610152e-01,3.695323794772982229e-01,8.770386135564428587e-01
1.178884946385311411e-01,2.832200951251249155e-01,4.529301528730148019e-01,-8.371039106154049003e-01
3.220472962743642364e-01,3.003088668337989819e-01,4.802587927387783062e-01,-7.585852723725018398e-01
4.918142695970238454e-01,3.102738026870398014e-01,4.961948791855543273e-01,-6.447011194785557953e-01
6.327454192180815840e-01,3.131447695614385518e-01,5.007861758050276002e-01,-5.007861758050273782e-01
6.327454192180821391e-01,3.184535284663112531e-01,5.708533878805820416e-01,-4.151469549583034491e-01
6.327454192180819170e-01,3.194659977209897139e-01,6.289007767993289866e-01,-3.194659977209893809e-01
6.327454192180821391e-01,3.458198741617152239e-01,6.475119642218024607e-01,-2.465159331218420569e-01
6.327454192180819170e-01,3.655971744946665547e-01,6.616687738085273995e-01,-1.678284070912011983e-01
6.327454192180819170e-01,3.778741951097373541e-01,6.705364993000284546e-01,-8.500076608575295178e-02
6.327454192180819170e-01,3.820381695362541907e-01,6.735577714464604515e-01,0.000000000000000000e+00
6.327454192180819170e-01,3.778741951097373541e-01,6.705364993000284546e-01,8.500076608575302117e-02
6.327454192180819170e-01,3.655971744946665547e-01,6.616687738085273995e-01,1.678284070912012260e-01
6.327454192180819170e-01,3.458198741617151684e-01,6.475119642218023497e-01,2.465159331218421124e-01
6.327454192180819170e-01,3.194659977209895474e-01,6.289007767993289866e-01,3.194659977209897139e-01
6.327454192180821391e-01,3.184535284663112531e-01,5.708533878805820416e-01,4.151469549583034491e-01
6.327454192180815840e-01,3.131447695614385518e-01,5.007861758050273782e-01,5.007861758050274892e-01
4.918142695970235678e-01,3.102738026870399124e-01,4.961948791855544938e-01,6.447011194785559063e-01
3.220472962743642920e-01,3.003088668337989264e-01,4.802587927387781397e-01,7.585852723725019509e-01
1.178884946385311411e-01,2.832200951251249155e-01,4.529301528730148019e-01,8.371039106154049003e-01
1.178884946385309190e-01,2.812617805228776469e-01,5.316492331778936986e-01,-7.901539131778816394e-01
3.220472962743637924e-01,2.970722010454402984e-01,5.615345518707288708e-01,-7.019348925532405969e-01
4.918142695970231237e-01,3.050690829184184993e-01,5.766504915752964644e-01,-5.766504915752962424e-01
4.918142695970235123e-01,3.102738026870398569e-01,6.447011194785559063e-01,-4.961948791855544383e-01
4.918142695970238454e-01,3.130185747209592861e-01,7.025835850502333280e-01,-4.080617626271380027e-01
4.918142695970235123e-01,3.121007123740970890e-01,7.505364847173711107e-01,-3.121007123740968114e-01
4.918142695970236788e-01,3.372163209464831279e-01,7.659111711551265245e-01,-2.403829341027499678e-01
4.918142695970237344e-01,3.560051820429578906e-01,7.776060997705935840e-01,-1.634251760864041947e-01
4.918142695970237344e-01,3.676434745001436188e-01,7.849317204176290419e-01,-8.269942055679396775e-02
4.918142695970236788e-01,3.715864817665002207e-01,7.874275908228899334e-01,0.000000000000000000e+00
4.918142695970237344e-01,3.676434745001436188e-01,7.849317204176290419e-01,8.269942055679403714e-02
4.918142695970237344e-01,3.560051820429578906e-01,7.776060997705935840e-01,1.634251760864042502e-01
4.918142695970236788e-01,3.372163209464831279e-01,7.659111711551265245e-01,2.403829341027500788e-01
4.918142695970235123e-01,3.121007123740969225e-01,7.505364847173711107e-01,3.121007123740970890e-01
4.918142695970238454e-01,3.130185747209592861e-01,7.025835850502333280e-01,4.080617626271380027e-01
4.918142695970235123e-01,3.102738026870398569e-01,6.447011194785557953e-01,4.961948791855544383e-01
4.918142695970232903e-01,3.050690829184184438e-01,5.766504915752962424e-01,5.766504915752962424e-01
3.220472962743638479e-01,2.970722010454402984e-01,5.615345518707288708e-01,7.019348925532407080e-01
1.178884946385309190e-01,2.812617805228776469e-01,5.316492331778936986e-01,7.901539131778816394e-01
1.178884946385313631e-01,2.780653970944721998e-01,6.057372840774949418e-01,-7.361143120799750195e-01
3.220472962743642364e-01,2.922927450175274444e-01,6.367301195060945940e-01,-6.367301195060941499e-01
3.220472962743635703e-01,2.970722010454402429e-01,7.019348925532408190e-01,-5.615345518707287598e-01
3.220472962743635703e-01,3.003088668337989819e-01,7.585852723725020619e-01,-4.802587927387781952e-01
3.220472962743642364e-01,3.015116755989585839e-01,8.067709212128382212e-01,-3.930609738008452592e-01
3.220472962743638479e-01,2.995002474577260765e-01,8.466904644011848946e-01,-2.995002474577257434e-01
3.220472962743642920e-01,3.232255235693540785e-01,8.594894914364544780e-01,-2.304096655654745140e-01
3.220472962743644585e-01,3.409372964918104820e-01,8.692252156823377929e-01,-1.565082210148094621e-01
3.220472962743644030e-01,3.518925962163832466e-01,8.753236045562263756e-01,-7.915634527414791566e-02
3.220472962743637924e-01,3.556014718382980444e-01,8.774013518275477486e-01,0.000000000000000000e+00
3.220472962743644030e-01,3.518925962163832466e-01,8.753236045562263756e-01,7.915634527414798505e-02
3.220472962743644585e-01,3.409372964918104820e-01,8.692252156823377929e-01,1.565082210148095454e-01
3.220472962743642920e-01,3.232255235693540785e-01,8.594894914364543670e-01,2.304096655654745973e-01
3.220472962743636258e-01,2.995002474577259099e-01,8.466904644011848946e-01,2.995002474577260765e-01
3.220472962743642364e-01,3.015116755989585839e-01,8.067709212128382212e-01,3.930609738008452592e-01
3.220472962743642920e-01,3.003088668337989264e-01,7.585852723725019509e-01,4.802587927387781397e-01
3.220472962743638479e-01,2.970722010454402984e-01,7.019348925532407080e-01,5.615345518707288708e-01
3.220472962743644585e-01,2.922927450175274444e-01,6.367301195060942609e-01,6.367301195060945940e-01
1.178884946385313631e-01,2.780653970944721998e-01,6.057372840774949418e-01,7.361143120799750195e-01
1.178884946385307247e-01,2.738483841031831290e-01,6.749479110849728736e-01,-6.749479110849728736e-01
1.178884946385313631e-01,2.780653970944721998e-01,7.361143120799750195e-01,-6.057372840774949418e-01
1.178884946385309190e-01,2.812617805228776469e-01,7.901539131778816394e-01,-5.316492331778936986e-01
1.178884946385307247e-01,2.832200951251249710e-01,8.371039106154049003e-01,-4.529301528730149129e-01
1.178884946385315990e-01,2.834632139814610152e-01,8.770386135564428587e-01,-3.695323794772982229e-01
1.178884946385315852e-01,2.808728269642795095e-01,9.101226362298924233e-01,-2.808728269642792319e-01
1.178884946385315852e-01,3.028871958693944433e-01,9.207300547225109044e-01,-2.159115924190225244e-01
1.178884946385315990e-01,3.192979043113357007e-01,9.287987072161919544e-01,-1.465745974164031629e-01
1.178884946385320293e-01,3.294382277368543277e-01,9.338528541242192560e-01,-7.410535595698257427e-02
1.178884946385313631e-01,3.328694220534017534e-01,9.355748236745660140e-01,0.000000000000000000e+00
1.178884946385320293e-01,3.294382277368543277e-01,9.338528541242192560e-01,7.410535595698261591e-02
1.178884946385315852e-01,3.192979043113356452e-01,9.287987072161918434e-01,1.465745974164031906e-01
1.178884946385313631e-01,3.028871958693944433e-01,9.207300547225109044e-01,2.159115924190226354e-01
1.178884946385313631e-01,2.808728269642793429e-01,9.101226362298924233e-01,2.808728269642795095e-01
1.178884946385315990e-01,2.834632139814610152e-01,8.770386135564428587e-01,3.695323794772982229e-01
1.178884946385313631e-01,2.832200951251249155e-01,8.371039106154047893e-01,4.529301528730148019e-01
1.178884946385309190e-01,2.812617805228776469e-01,7.901539131778816394e-01,5.316492331778936986e-01
1.178884946385313631e-01,2.780653970944721998e-01,7.361143120799750195e-01,6.057372840774949418e-01
1.178884946385307247e-01,2.738483841031831290e-01,6.749479110849728736e-01,6.749479110849728736e-01
1.178884946385309190e-01,3.388200068003898724e-01,-6.600391298338472712e-01,-6.600391298338476043e-01
1.178884946385313770e-01,3.435954117741400471e-01,-7.213772728737550821e-01,-5.896264292082268321e-01
1.178884946385307109e-01,3.468656883928800672e-01,-7.756620376625318336e-01,-5.139405611321250511e-01
1.178884946385311411e-01,3.482136453323614322e-01,-8.229778245092508326e-01,-4.330785845573874582e-01
1.178884946385313631e-01,3.467628954711882705e-01,-8.634890222120582548e-01,-3.467628954711884925e-01
1.178884946385313631e-01,3.695323794772985559e-01,-8.770386135564427477e-01,-2.834632139814609042e-01
1.178884946385309190e-01,3.879428107780053536e-01,-8.881555757209995683e-01,-2.162922830644254391e-01
1.178884946385313631e-01,4.014932622627808700e-01,-8.964287580264180821e-01,-1.460169338558527929e-01
1.178884946385311411e-01,4.097912183966543331e-01,-9.015326807918279117e-01,-7.356823785538697813e-02
1.178884946385315852e-01,4.125859554975815913e-01,-9.032580650943609069e-01,0.000000000000000000e+00
1.178884946385311411e-01,4.097912183966543331e-01,-9.015326807918279117e-01,7.356823785538704752e-02
1.178884946385313631e-01,4.014932622627808700e-01,-8.964287580264180821e-01,1.460169338558528485e-01
1.178884946385309190e-01,3.879428107780053536e-01,-8.881555757209995683e-01,2.162922830644256333e-01
1.178884946385315990e-01,3.695323794772982229e-01,-8.770386135564428587e-01,2.834632139814610152e-01
1.178884946385313631e-01,3.467628954711882705e-01,-8.634890222120582548e-01,3.467628954711884925e-01
1.178884946385311411e-01,3.482136453323614322e-01,-8.229778245092508326e-01,4.330785845573874582e-01
1.178884946385307109e-01,3.468656883928800672e-01,-7.756620376625318336e-01,5.139405611321251621e-01
1.178884946385313631e-01,3.435954117741400471e-01,-7.213772728737549711e-01,5.896264292082268321e-01
1.178884946385309190e-01,3.388200068003898724e-01,-6.600391298338472712e-01,6.600391298338476043e-01
1.178884946385313354e-01,3.435954117741399916e-01,-5.896264292082267211e-01,-7.213772728737550821e-01
3.220472962743642920e-01,3.606822341419404498e-01,-6.189482470032330319e-01,-6.189482470032331429e-01
3.220472962743634038e-01,3.659057050878893325e-01,-6.844488372381049013e-01,-5.421515868739232857e-01
3.220472962743638479e-01,3.688001877261766204e-01,-7.415405825546140806e-01,-4.586823791253297755e-01
3.220472962743642364e-01,3.684554652234078298e-01,-7.904218362724906299e-01,-3.684554652234081074e-01
3.220472962743642364e-01,3.930609738008455922e-01,-8.067709212128381102e-01,-3.015116755989585839e-01
3.220472962743636258e-01,4.129931905767340594e-01,-8.201847692092424369e-01,-2.302587845377534748e-01
3.220472962743642364e-01,4.276849026998856829e-01,-8.301672813603797607e-01,-1.555424312645188600e-01
3.220472962743644585e-01,4.366905804909184674e-01,-8.363257303275686283e-01,-7.839737664574901455e-02
3.220472962743642364e-01,4.397251855259842190e-01,-8.384075978761825754e-01,0.000000000000000000e+00
3.220472962743644585e-01,4.366905804909184674e-01,-8.363257303275686283e-01,7.839737664574909781e-02
3.220472962743642920e-01,4.276849026998856274e-01,-8.301672813603796497e-01,1.555424312645189155e-01
3.220472962743634593e-01,4.129931905767340039e-01,-8.201847692092424369e-01,2.302587845377535858e-01
3.220472962743646250e-01,3.930609738008453147e-01,-8.067709212128379992e-01,3.015116755989586395e-01
3.220472962743642364e-01,3.684554652234078298e-01,-7.904218362724906299e-01,3.684554652234081074e-01
3.220472962743642364e-01,3.688001877261765649e-01,-7.415405825546138585e-01,4.586823791253297200e-01
3.220472962743634593e-01,3.659057050878893880e-01,-6.844488372381049013e-01,5.421515868739233968e-01
3.220472962743638479e-01,3.606822341419405054e-01,-6.189482470032329209e-01,6.189482470032334760e-01
1.178884946385313354e-01,3.435954117741399916e-01,-5.896264292082267211e-01,7.213772728737550821e-01
1.178884946385307109e-01,3.468656883928800672e-01,-5.139405611321250511e-01,-7.756620376625318336e-01
3.220472962743634038e-01,3.659057050878893325e-01,-5.421515868739232857e-01,-6.844488372381049013e-01
4.918142695970233458e-01,3.750129803601912060e-01,-5.556455654381277087e-01,-5.556455654381279308e-01
4.918142695970235123e-01,3.803605879738660156e-01,-6.242263786520311220e-01,-4.730602240010168269e-01
4.918142695970236788e-01,3.819068128560822450e-01,-6.829444317138582132e-01,-3.819068128560824671e-01
4.918142695970238454e-01,4.080617626271381693e-01,-7.025835850502333280e-01,-3.130185747209591196e-01
4.918142695970235123e-01,4.293057673590240375e-01,-7.186968182124200410e-01,-2.393536417612431300e-01
4.918142695970236788e-01,4.449964314666636778e-01,-7.306881980072973404e-01,-1.618383684282859447e-01
4.918142695970239009e-01,4.546277647558923385e-01,-7.380859651619827710e-01,-8.161757019607591979e-02
4.918142695970239009e-01,4.578754613413816843e-01,-7.405867850037313183e-01,0.000000000000000000e+00
4.918142695970239009e-01,4.546277647558923385e-01,-7.380859651619827710e-01,8.161757019607598918e-02
4.918142695970236788e-01,4.449964314666636778e-01,-7.306881980072973404e-01,1.618383684282860002e-01
4.918142695970232903e-01,4.293057673590240930e-01,-7.186968182124201521e-01,2.393536417612433520e-01
4.918142695970240674e-01,4.080617626271379472e-01,-7.025835850502332169e-01,3.130185747209592861e-01
4.918142695970236788e-01,3.819068128560822450e-01,-6.829444317138582132e-01,3.819068128560824671e-01
4.918142695970235123e-01,3.803605879738660711e-01,-6.242263786520311220e-01,4.730602240010169379e-01
4.918142695970231237e-01,3.750129803601911505e-01,-5.556455654381277087e-01,5.556455654381280418e-01
3.220472962743634593e-01,3.659057050878893325e-01,-5.421515868739232857e-01,6.844488372381050123e-01
1.178884946385307109e-01,3.468656883928800672e-01,-5.139405611321250511e-01,7.756620376625318336e-01
1.178884946385311411e-01,3.482136453323614322e-01,-4.330785845573874582e-01,-8.229778245092508326e-01
3.220472962743638479e-01,3.688001877261766204e-01,-4.586823791253297755e-01,-7.415405825546140806e-01
4.918142695970235123e-01,3.803605879738660156e-01,-4.730602240010168269e-01,-6.242263786520311220e-01
6.327454192180814729e-01,3.827253622557295620e-01,-4.760013295909764075e-01,-4.760013295909767406e-01
6.327454192180816950e-01,3.875155984740106807e-01,-5.470800273608904529e-01,-3.875155984740109028e-01
6.327454192180818060e-01,4.151469549583038376e-01,-5.708533878805822637e-01,-3.184535284663112531e-01
6.327454192180815840e-01,4.376792713210764796e-01,-5.903585923332106411e-01,-2.440221759855768779e-01
6.327454192180816950e-01,4.543715244156324440e-01,-6.048742585693999141e-01,-1.652479457629264237e-01
6.327454192180819170e-01,4.646383385332530369e-01,-6.138293180160476759e-01,-8.341472991951565108e-02
6.327454192180816950e-01,4.681038264341872979e-01,-6.168565814970334849e-01,0.000000000000000000e+00
6.327454192180819170e-01,4.646383385332530369e-01,-6.138293180160476759e-01,8.341472991951573435e-02
6.327454192180816950e-01,4.543715244156324440e-01,-6.048742585693999141e-01,1.652479457629265069e-01
6.327454192180814729e-01,4.376792713210764796e-01,-5.903585923332106411e-01,2.440221759855770445e-01
6.327454192180821391e-01,4.151469549583035046e-01,-5.708533878805819306e-01,3.184535284663113086e-01
6.327454192180816950e-01,3.875155984740106807e-01,-5.470800273608904529e-01,3.875155984740109028e-01
6.327454192180814729e-01,3.827253622557295620e-01,-4.760013295909764075e-01,4.760013295909768516e-01
4.918142695970231237e-01,3.803605879738661821e-01,-4.730602240010170489e-01,6.242263786520313440e-01
3.220472962743636258e-01,3.688001877261766759e-01,-4.586823791253298865e-01,7.415405825546140806e-01
1.178884946385311411e-01,3.482136453323614322e-01,-4.330785845573874582e-01,8.229778245092508326e-01
1.178884946385313631e-01,3.467628954711882705e-01,-3.467628954711884925e-01,-8.634890222120582548e-01
3.220472962743640144e-01,3.684554652234078853e-01,-3.684554652234081629e-01,-7.904218362724907410e-01
4.918142695970238454e-01,3.819068128560821895e-01,-3.819068128560824116e-01,-6.829444317138581022e-01
6.327454192180816950e-01,3.875155984740106807e-01,-3.875155984740109028e-01,-5.470800273608904529e-01
7.482221123931567242e-01,3.830420649336579442e-01,-3.830420649336582217e-01,-3.830420649336582772e-01
7.482221123931568352e-01,4.123724198403181940e-01,-4.123724198403182495e-01,-3.163252206764469165e-01
7.482221123931565021e-01,4.364369423401425196e-01,-4.364369423401427972e-01,-2.433295322140260342e-01
7.482221123931569462e-01,4.543456280752281029e-01,-4.543456280752282139e-01,-1.652385276616048226e-01
7.482221123931570572e-01,4.653939218813502032e-01,-4.653939218813504253e-01,-8.355037688552403863e-02
7.482221123931569462e-01,4.691288045547415408e-01,-4.691288045547417629e-01,0.000000000000000000e+00
7.482221123931569462e-01,4.653939218813502032e-01,-4.653939218813504253e-01,8.355037688552410802e-02
7.482221123931570572e-01,4.543456280752281029e-01,-4.543456280752281584e-01,1.652385276616048781e-01
7.482221123931565021e-01,4.364369423401424086e-01,-4.364369423401426862e-01,2.433295322140261729e-01
7.482221123931572793e-01,4.123724198403179164e-01,-4.123724198403178054e-01,3.163252206764469165e-01
7.482221123931567242e-01,3.830420649336579442e-01,-3.830420649336582217e-01,3.830420649336582772e-01
6.327454192180816950e-01,3.875155984740106807e-01,-3.875155984740108472e-01,5.470800273608905639e-01
4.918142695970235123e-01,3.819068128560823561e-01,-3.819068128560825781e-01,6.829444317138582132e-01
3.220472962743635703e-01,3.684554652234078853e-01,-3.684554652234080518e-01,7.904218362724908520e-01
1.178884946385313631e-01,3.467628954711882705e-01,-3.467628954711884925e-01,8.634890222120582548e-01
1.178884946385313631e-01,3.695323794772985559e-01,-2.834632139814609042e-01,-8.770386135564427477e-01
3.220472962743642920e-01,3.930609738008455367e-01,-3.015116755989585839e-01,-8.067709212128379992e-01
4.918142695970238454e-01,4.080617626271381693e-01,-3.130185747209591196e-01,-7.025835850502333280e-01
6.327454192180818060e-01,4.151469549583038376e-01,-3.184535284663112531e-01,-5.708533878805822637e-01
7.482221123931568352e-01,4.123724198403181940e-01,-3.163252206764469165e-01,-4.123724198403182495e-01
7.482221123931568352e-01,4.839883160019706754e-01,-3.208730126541485261e-01,-3.208730126541486927e-01
7.482221123931569462e-01,5.069498460676660212e-01,-3.484976925383949098e-01,-2.484248022909672227e-01
7.482221123931571682e-01,5.244157928437100935e-01,-3.693329272251650863e-01,-1.695433148470195384e-01
7.482221123931571682e-01,5.353563384878616827e-01,-3.823107096927635395e-01,-8.599873615935996196e-02
7.482221123931569462e-01,5.390838293594639730e-01,-3.867199186091379026e-01,0.000000000000000000e+00
7.482221123931571682e-01,5.353563384878616827e-01,-3.823107096927634840e-01,8.599873615936004523e-02
7.482221123931571682e-01,5.244157928437100935e-01,-3.693329272251650863e-01,1.695433148470196494e-01
7.482221123931570572e-01,5.069498460676659102e-01,-3.484976925383949098e-01,2.484248022909673614e-01
7.482221123931570572e-01,4.839883160019704533e-01,-3.208730126541484706e-01,3.208730126541488037e-01
7.482221123931568352e-01,4.123724198403181940e-01,-3.163252206764469165e-01,4.123724198403182495e-01
6.327454192180816950e-01,4.151469549583036711e-01,-3.184535284663111421e-01,5.708533878805823747e-01
4.918142695970235123e-01,4.080617626271382248e-01,-3.130185747209591751e-01,7.025835850502334390e-01
3.220472962743640144e-01,3.930609738008454812e-01,-3.015116755989585284e-01,8.067709212128381102e-01
1.178884946385313631e-01,3.695323794772985559e-01,-2.834632139814609042e-01,8.770386135564427477e-01
1.178884946385309190e-01,3.879428107780053536e-01,-2.162922830644254391e-01,-8.881555757209995683e-01
3.220472962743636258e-01,4.129931905767340594e-01,-2.302587845377534748e-01,-8.201847692092424369e-01
4.918142695970235123e-01,4.293057673590240375e-01,-2.393536417612431300e-01,-7.186968182124200410e-01
6.327454192180815840e-01,4.376792713210764796e-01,-2.440221759855768779e-01,-5.903585923332106411e-01
7.482221123931565021e-01,4.364369423401425196e-01,-2.433295322140260342e-01,-4.364369423401427972e-01
7.482221123931569462e-01,5.069498460676660212e-01,-2.484248022909672227e-01,-3.484976925383949098e-01
7.482221123931569462e-01,5.625020668328802875e-01,-2.487519802279570258e-01,-2.487519802279571646e-01
7.482221123931569462e-01,5.790680087600387216e-01,-2.745407348232704603e-01,-1.716720614407143131e-01
7.482221123931569462e-01,5.897816729489320231e-01,-2.909106943192861228e-01,-8.770528325107737611e-02
7.482221123931569462e-01,5.934932930964703646e-01,-2.965288882645823465e-01,0.000000000000000000e+00
7.482221123931569462e-01,5.897816729489320231e-01,-2.909106943192861228e-01,8.770528325107745937e-02
7.482221123931569462e-01,5.790680087600387216e-01,-2.745407348232704603e-01,1.716720614407143686e-01
7.482221123931570572e-01,5.625020668328801765e-01,-2.487519802279570813e-01,2.487519802279574421e-01
7.482221123931570572e-01,5.069498460676657992e-01,-2.484248022909672782e-01,3.484976925383950763e-01
7.482221123931565021e-01,4.364369423401425196e-01,-2.433295322140260342e-01,4.364369423401427972e-01
6.327454192180814729e-01,4.376792713210766461e-01,-2.440221759855769057e-01,5.903585923332106411e-01
4.918142695970231237e-01,4.293057673590242040e-01,-2.393536417612432410e-01,7.186968182124201521e-01
3.220472962743635703e-01,4.129931905767338929e-01,-2.302587845377533360e-01,8.201847692092424369e-01
1.178884946385309190e-01,3.879428107780053536e-01,-2.162922830644254391e-01,8.881555757209995683e-01
1.178884946385311133e-01,4.014932622627808145e-01,-1.460169338558527652e-01,-8.964287580264179711e-01
3.220472962743642920e-01,4.276849026998856274e-01,-1.555424312645188600e-01,-8.301672813603796497e-01
4.918142695970236788e-01,4.449964314666636778e-01,-1.618383684282859447e-01,-7.306881980072973404e-01
6.327454192180818060e-01,4.543715244156323885e-01,-1.652479457629263959e-01,-6.048742585693999141e-01
7.482221123931569462e-01,4.543456280752281029e-01,-1.652385276616048226e-01,-4.543456280752282139e-01
7.482221123931571682e-01,5.244157928437100935e-01,-1.695433148470195384e-01,-3.693329272251650863e-01
7.482221123931569462e-01,5.790680087600387216e-01,-1.716720614407143131e-01,-2.745407348232704603e-01
7.482221123931572793e-01,6.185833174263869472e-01,-1.695853029122623701e-01,-1.695853029122624811e-01
7.482221123931571682e-01,6.286901866368218572e-01,-1.926012875404823632e-01,-8.841416057526209349e-02
7.482221123931570572e-01,6.323571957657604381e-01,-2.007188269425308202e-01,0.000000000000000000e+00
7.482221123931571682e-01,6.286901866368218572e-01,-1.926012875404823632e-01,8.841416057526219063e-02
7.482221123931570572e-01,6.185833174263869472e-01,-1.695853029122623978e-01,1.695853029122625644e-01
7.482221123931571682e-01,5.790680087600383885e-01,-1.716720614407143131e-01,2.745407348232706268e-01
7.482221123931571682e-01,5.244157928437099825e-01,-1.695433148470195384e-01,3.693329272251651973e-01
7.482221123931569462e-01,4.543456280752281029e-01,-1.652385276616048226e-01,4.543456280752282139e-01
6.327454192180818060e-01,4.543715244156323885e-01,-1.652479457629263959e-01,6.048742585693999141e-01
4.918142695970235123e-01,4.449964314666638443e-01,-1.618383684282859725e-01,7.306881980072974514e-01
3.220472962743642364e-01,4.276849026998854608e-01,-1.555424312645187768e-01,8.301672813603796497e-01
1.178884946385311133e-01,4.014932622627808145e-01,-1.460169338558527652e-01,8.964287580264179711e-01
1.178884946385313770e-01,4.097912183966543886e-01,-7.356823785538697813e-02,-9.015326807918279117e-01
3.220472962743644585e-01,4.366905804909184674e-01,-7.839737664574901455e-02,-8.363257303275686283e-01
4.918142695970240674e-01,4.546277647558922275e-01,-8.161757019607589203e-02,-7.380859651619825490e-01
6.327454192180819170e-01,4.646383385332530369e-01,-8.341472991951565108e-02,-6.138293180160476759e-01
7.482221123931570572e-01,4.653939218813502032e-01,-8.355037688552403863e-02,-4.653939218813504253e-01
7.482221123931571682e-01,5.353563384878616827e-01,-8.599873615935996196e-02,-3.823107096927635395e-01
7.482221123931569462e-01,5.897816729489320231e-01,-8.770528325107737611e-02,-2.909106943192861228e-01
7.482221123931571682e-01,6.286901866368218572e-01,-8.841416057526209349e-02,-1.926012875404823632e-01
7.482221123931570572e-01,6.522320677824912094e-01,-8.589819637832243893e-02,-8.589819637832249444e-02
7.482221123931572793e-01,6.556755373673344156e-01,-1.012583834750435258e-01,0.000000000000000000e+00
7.482221123931570572e-01,6.522320677824912094e-01,-8.589819637832242505e-02,8.589819637832254995e-02
7.482221123931571682e-01,6.286901866368218572e-01,-8.841416057526210737e-02,1.926012875404824742e-01
7.482221123931570572e-01,5.897816729489320231e-01,-8.770528325107734835e-02,2.909106943192862338e-01
7.482221123931571682e-01,5.353563384878615716e-01,-8.599873615935994808e-02,3.823107096927637061e-01
7.482221123931570572e-01,4.653939218813502032e-01,-8.355037688552403863e-02,4.653939218813504253e-01
6.327454192180819170e-01,4.646383385332530369e-01,-8.341472991951565108e-02,6.138293180160476759e-01
4.918142695970236788e-01,4.546277647558923385e-01,-8.161757019607590591e-02,7.380859651619827710e-01
3.220472962743642364e-01,4.366905804909184674e-01,-7.839737664574900067e-02,8.363257303275686283e-01
1.178884946385313770e-01,4.097912183966543886e-01,-7.356823785538697813e-02,9.015326807918279117e-01
1.178884946385315852e-01,4.125859554975815913e-01,0.000000000000000000e+00,-9.032580650943609069e-01
3.220472962743642364e-01,4.397251855259842190e-01,0.000000000000000000e+00,-8.384075978761825754e-01
4.918142695970239009e-01,4.578754613413816843e-01,0.000000000000000000e+00,-7.405867850037313183e-01
6.327454192180816950e-01,4.681038264341872979e-01,0.000000000000000000e+00,-6.168565814970334849e-01
7.482221123931569462e-01,4.691288045547415408e-01,0.000000000000000000e+00,-4.691288045547417629e-01
7.482221123931569462e-01,5.390838293594639730e-01,0.000000000000000000e+00,-3.867199186091379026e-01
7.482221123931569462e-01,5.934932930964703646e-01,0.000000000000000000e+00,-2.965288882645823465e-01
7.482221123931570572e-01,6.323571957657604381e-01,0.000000000000000000e+00,-2.007188269425308202e-01
7.482221123931572793e-01,6.556755373673344156e-01,0.000000000000000000e+00,-1.012583834750435258e-01
7.482221123931571682e-01,6.634483179011924081e-01,0.000000000000000000e+00,8.995537155492914561e-16
7.482221123931572793e-01,6.556755373673344156e-01,0.000000000000000000e+00,1.012583834750435952e-01
7.482221123931569462e-01,6.323571957657604381e-01,0.000000000000000000e+00,2.007188269425309313e-01
7.482221123931569462e-01,5.934932930964702535e-01,0.000000000000000000e+00,2.965288882645825130e-01
7.482221123931569462e-01,5.390838293594639730e-01,0.000000000000000000e+00,3.867199186091380692e-01
7.482221123931569462e-01,4.691288045547415408e-01,0.000000000000000000e+00,4.691288045547417629e-01
6.327454192180819170e-01,4.681038264341873534e-01,0.000000000000000000e+00,6.168565814970333738e-01
4.918142695970235678e-01,4.578754613413817953e-01,0.000000000000000000e+00,7.405867850037314293e-01
3.220472962743637924e-01,4.397251855259842190e-01,0.000000000000000000e+00,8.384075978761826864e-01
1.178884946385315852e-01,4.125859554975815913e-01,0.000000000000000000e+00,9.032580650943609069e-01
1.178884946385313770e-01,4.097912183966543886e-01,7.356823785538704752e-02,-9.015326807918279117e-01
3.220472962743644585e-01,4.366905804909184674e-01,7.839737664574909781e-02,-8.363257303275686283e-01
4.918142695970239009e-01,4.546277647558923385e-01,8.161757019607598918e-02,-7.380859651619827710e-01
6.327454192180819170e-01,4.646383385332530369e-01,8.341472991951573435e-02,-6.138293180160476759e-01
7.482221123931570572e-01,4.653939218813502032e-01,8.355037688552410802e-02,-4.653939218813504253e-01
7.482221123931571682e-01,5.353563384878616827e-01,8.599873615936004523e-02,-3.823107096927634840e-01
7.482221123931569462e-01,5.897816729489320231e-01,8.770528325107745937e-02,-2.909106943192861228e-01
7.482221123931571682e-01,6.286901866368218572e-01,8.841416057526219063e-02,-1.926012875404823632e-01
7.482221123931570572e-01,6.522320677824912094e-01,8.589819637832254995e-02,-8.589819637832242505e-02
7.482221123931572793e-01,6.556755373673344156e-01,1.012583834750435952e-01,0.000000000000000000e+00
7.482221123931570572e-01,6.522320677824912094e-01,8.589819637832249444e-02,8.589819637832254995e-02
7.482221123931570572e-01,6.286901866368218572e-01,8.841416057526220451e-02,1.926012875404825020e-01
7.482221123931570572e-01,5.897816729489320231e-01,8.770528325107744549e-02,2.909106943192862338e-01
7.482221123931571682e-01,5.353563384878615716e-01,8.599873615936004523e-02,3.823107096927637061e-01
7.482221123931570572e-01,4.653939218813502032e-01,8.355037688552410802e-02,4.653939218813504253e-01
6.327454192180819170e-01,4.646383385332530369e-01,8.341472991951572047e-02,6.138293180160476759e-01
4.918142695970236788e-01,4.546277647558923385e-01,8.161757019607597530e-02,7.380859651619827710e-01
3.220472962743642364e-01,4.366905804909184674e-01,7.839737664574908393e-02,8.363257303275686283e-01
1.178884946385313770e-01,4.097912183966543886e-01,7.356823785538704752e-02,9.015326807918279117e-01
1.178884946385311133e-01,4.014932622627808145e-01,1.460169338558528207e-01,-8.964287580264179711e-01
3.220472962743642920e-01,4.276849026998856274e-01,1.555424312645189155e-01,-8.301672813603796497e-01
4.918142695970237344e-01,4.449964314666637333e-01,1.618383684282860280e-01,-7.306881980072973404e-01
6.327454192180818060e-01,4.543715244156323885e-01,1.652479457629264792e-01,-6.048742585693999141e-01
7.482221123931570572e-01,4.543456280752281029e-01,1.652385276616048781e-01,-4.543456280752281584e-01
7.482221123931571682e-01,5.244157928437100935e-01,1.695433148470196494e-01,-3.693329272251650863e-01
7.482221123931569462e-01,5.790680087600387216e-01,1.716720614407143686e-01,-2.745407348232704603e-01
7.482221123931570572e-01,6.185833174263869472e-01,1.695853029122625644e-01,-1.695853029122623978e-01
7.482221123931571682e-01,6.286901866368218572e-01,1.926012875404824742e-01,-8.841416057526210737e-02
7.482221123931569462e-01,6.323571957657604381e-01,2.007188269425309313e-01,0.000000000000000000e+00
7.482221123931570572e-01,6.286901866368218572e-01,1.926012875404825020e-01,8.841416057526220451e-02
7.482221123931570572e-01,6.185833174263870582e-01,1.695853029122625366e-01,1.695853029122625921e-01
7.482221123931571682e-01,5.790680087600383885e-01,1.716720614407143963e-01,2.745407348232706268e-01
7.482221123931571682e-01,5.244157928437099825e-01,1.695433148470196216e-01,3.693329272251651973e-01
7.482221123931570572e-01,4.543456280752281029e-01,1.652385276616048781e-01,4.543456280752281584e-01
6.327454192180818060e-01,4.543715244156323885e-01,1.652479457629264792e-01,6.048742585693999141e-01
4.918142695970235123e-01,4.449964314666638443e-01,1.618383684282860280e-01,7.306881980072973404e-01
3.220472962743642364e-01,4.276849026998854608e-01,1.555424312645188600e-01,8.301672813603796497e-01
1.178884946385311133e-01,4.014932622627808145e-01,1.460169338558528207e-01,8.964287580264179711e-01
1.178884946385309190e-01,3.879428107780053536e-01,2.162922830644256333e-01,-8.881555757209995683e-01
3.220472962743635703e-01,4.129931905767340039e-01,2.302587845377535858e-01,-8.201847692092423259e-01
4.918142695970232903e-01,4.293057673590240930e-01,2.393536417612433520e-01,-7.186968182124201521e-01
6.327454192180814729e-01,4.376792713210764796e-01,2.440221759855770445e-01,-5.903585923332106411e-01
7.482221123931565021e-01,4.364369423401424086e-01,2.433295322140261729e-01,-4.364369423401426862e-01
7.482221123931570572e-01,5.069498460676659102e-01,2.484248022909673614e-01,-3.484976925383949098e-01
7.482221123931570572e-01,5.625020668328801765e-01,2.487519802279574421e-01,-2.487519802279570813e-01
7.482221123931571682e-01,5.790680087600383885e-01,2.745407348232706268e-01,-1.716720614407143131e-01
7.482221123931570572e-01,5.897816729489320231e-01,2.909106943192862338e-01,-8.770528325107734835e-02
7.482221123931569462e-01,5.934932930964702535e-01,2.965288882645825130e-01,0.000000000000000000e+00
7.482221123931570572e-01,5.897816729489320231e-01,2.909106943192862338e-01,8.770528325107744549e-02
7.482221123931571682e-01,5.790680087600383885e-01,2.745407348232706268e-01,1.716720614407143963e-01
7.482221123931569462e-01,5.625020668328800655e-01,2.487519802279572201e-01,2.487519802279573866e-01
7.482221123931569462e-01,5.069498460676657992e-01,2.484248022909673892e-01,3.484976925383950763e-01
7.482221123931565021e-01,4.364369423401424086e-01,2.433295322140261729e-01,4.364369423401426862e-01
6.327454192180814729e-01,4.376792713210765351e-01,2.440221759855771000e-01,5.903585923332106411e-01
4.918142695970231237e-01,4.293057673590241485e-01,2.393536417612433520e-01,7.186968182124201521e-01
3.220472962743634593e-01,4.129931905767338929e-01,2.302587845377535580e-01,8.201847692092425479e-01
1.178884946385309190e-01,3.879428107780053536e-01,2.162922830644256333e-01,8.881555757209995683e-01
1.178884946385315990e-01,3.695323794772982229e-01,2.834632139814610152e-01,-8.770386135564428587e-01
3.220472962743646250e-01,3.930609738008453147e-01,3.015116755989586395e-01,-8.067709212128379992e-01
4.918142695970240674e-01,4.080617626271379472e-01,3.130185747209592861e-01,-7.025835850502332169e-01
6.327454192180821391e-01,4.151469549583035046e-01,3.184535284663113086e-01,-5.708533878805819306e-01
7.482221123931572793e-01,4.123724198403179164e-01,3.163252206764469165e-01,-4.123724198403178054e-01
7.482221123931570572e-01,4.839883160019704533e-01,3.208730126541488037e-01,-3.208730126541484706e-01
7.482221123931570572e-01,5.069498460676657992e-01,3.484976925383950763e-01,-2.484248022909672782e-01
7.482221123931571682e-01,5.244157928437099825e-01,3.693329272251651973e-01,-1.695433148470195384e-01
7.482221123931571682e-01,5.353563384878615716e-01,3.823107096927637061e-01,-8.599873615935994808e-02
7.482221123931569462e-01,5.390838293594639730e-01,3.867199186091380692e-01,0.000000000000000000e+00
7.482221123931571682e-01,5.353563384878615716e-01,3.823107096927637061e-01,8.599873615936004523e-02
7.482221123931571682e-01,5.244157928437099825e-01,3.693329272251651973e-01,1.695433148470196216e-01
7.482221123931569462e-01,5.069498460676657992e-01,3.484976925383950763e-01,2.484248022909673892e-01
7.482221123931568352e-01,4.839883160019705088e-01,3.208730126541486372e-01,3.208730126541488037e-01
7.482221123931572793e-01,4.123724198403179164e-01,3.163252206764469165e-01,4.123724198403178054e-01
6.327454192180821391e-01,4.151469549583034491e-01,3.184535284663112531e-01,5.708533878805820416e-01
4.918142695970238454e-01,4.080617626271380027e-01,3.130185747209592861e-01,7.025835850502333280e-01
3.220472962743642920e-01,3.930609738008452037e-01,3.015116755989585839e-01,8.067709212128382212e-01
1.178884946385315990e-01,3.695323794772982229e-01,2.834632139814610152e-01,8.770386135564428587e-01
1.178884946385313631e-01,3.467628954711882705e-01,3.467628954711884925e-01,-8.634890222120582548e-01
3.220472962743640144e-01,3.684554652234078853e-01,3.684554652234081629e-01,-7.904218362724907410e-01
4.918142695970238454e-01,3.819068128560821895e-01,3.819068128560824116e-01,-6.829444317138581022e-01
6.327454192180816950e-01,3.875155984740106807e-01,3.875155984740109028e-01,-5.470800273608904529e-01
7.482221123931567242e-01,3.830420649336579442e-01,3.830420649336582217e-01,-3.830420649336582772e-01
7.482221123931568352e-01,4.123724198403181940e-01,4.123724198403182495e-01,-3.163252206764469165e-01
7.482221123931565021e-01,4.364369423401425196e-01,4.364369423401427972e-01,-2.433295322140260342e-01
7.482221123931569462e-01,4.543456280752281029e-01,4.543456280752282139e-01,-1.652385276616048226e-01
7.482221123931570572e-01,4.653939218813502032e-01,4.653939218813504253e-01,-8.355037688552403863e-02
7.482221123931569462e-01,4.691288045547415408e-01,4.691288045547417629e-01,0.000000000000000000e+00
7.482221123931569462e-01,4.653939218813502032e-01,4.653939218813504253e-01,8.355037688552410802e-02
7.482221123931570572e-01,4.543456280752281029e-01,4.543456280752281584e-01,1.652385276616048781e-01
7.482221123931565021e-01,4.364369423401424086e-01,4.364369423401426862e-01,2.433295322140261729e-01
7.482221123931572793e-01,4.123724198403179164e-01,4.123724198403178054e-01,3.163252206764469165e-01
7.482221123931567242e-01,3.830420649336579442e-01,3.830420649336582217e-01,3.830420649336582772e-01
6.327454192180816950e-01,3.875155984740106807e-01,3.875155984740108472e-01,5.470800273608905639e-01
4.918142695970235123e-01,3.819068128560823561e-01,3.819068128560825781e-01,6.829444317138582132e-01
3.220472962743635703e-01,3.684554652234078853e-01,3.684554652234080518e-01,7.904218362724908520e-01
1.178884946385313631e-01,3.467628954711882705e-01,3.467628954711884925e-01,8.634890222120582548e-01
1.178884946385311411e-01,3.482136453323614322e-01,4.330785845573874582e-01,-8.229778245092508326e-01
3.220472962743642364e-01,3.688001877261765649e-01,4.586823791253297200e-01,-7.415405825546138585e-01
4.918142695970235123e-01,3.803605879738660711e-01,4.730602240010169379e-01,-6.242263786520311220e-01
6.327454192180814729e-01,3.827253622557295620e-01,4.760013295909768516e-01,-4.760013295909764075e-01
6.327454192180816950e-01,3.875155984740106807e-01,5.470800273608905639e-01,-3.875155984740108472e-01
6.327454192180816950e-01,4.151469549583036711e-01,5.708533878805823747e-01,-3.184535284663111421e-01
6.327454192180814729e-01,4.376792713210765351e-01,5.903585923332106411e-01,-2.440221759855769057e-01
6.327454192180816950e-01,4.543715244156324440e-01,6.048742585693999141e-01,-1.652479457629264237e-01
6.327454192180819170e-01,4.646383385332530369e-01,6.138293180160476759e-01,-8.341472991951565108e-02
6.327454192180819170e-01,4.681038264341873534e-01,6.168565814970333738e-01,0.000000000000000000e+00
6.327454192180819170e-01,4.646383385332530369e-01,6.138293180160476759e-01,8.341472991951572047e-02
6.327454192180816950e-01,4.543715244156324440e-01,6.048742585693999141e-01,1.652479457629265069e-01
6.327454192180814729e-01,4.376792713210765351e-01,5.903585923332106411e-01,2.440221759855771000e-01
6.327454192180821391e-01,4.151469549583034491e-01,5.708533878805820416e-01,3.184535284663112531e-01
6.327454192180816950e-01,3.875155984740106807e-01,5.470800273608905639e-01,3.875155984740108472e-01
6.327454192180815840e-01,3.827253622557295620e-01,4.760013295909763520e-01,4.760013295909766851e-01
4.918142695970231237e-01,3.803605879738661821e-01,4.730602240010170489e-01,6.242263786520312330e-01
3.220472962743636258e-01,3.688001877261766759e-01,4.586823791253298865e-01,7.415405825546140806e-01
1.178884946385311411e-01,3.482136453323614322e-01,4.330785845573874582e-01,8.229778245092508326e-01
1.178884946385307109e-01,3.468656883928800672e-01,5.139405611321251621e-01,-7.756620376625318336e-01
3.220472962743634593e-01,3.659057050878893880e-01,5.421515868739233968e-01,-6.844488372381049013e-01
4.918142695970231237e-01,3.750129803601911505e-01,5.556455654381280418e-01,-5.556455654381277087e-01
4.918142695970231237e-01,3.803605879738661821e-01,6.242263786520313440e-01,-4.730602240010170489e-01
4.918142695970235123e-01,3.819068128560823561e-01,6.829444317138582132e-01,-3.819068128560825781e-01
4.918142695970235678e-01,4.080617626271382803e-01,7.025835850502335500e-01,-3.130185747209592306e-01
4.918142695970231792e-01,4.293057673590242040e-01,7.186968182124202631e-01,-2.393536417612432410e-01
4.918142695970235123e-01,4.449964314666638443e-01,7.306881980072974514e-01,-1.618383684282859725e-01
4.918142695970237344e-01,4.546277647558923940e-01,7.380859651619828821e-01,-8.161757019607591979e-02
4.918142695970235678e-01,4.578754613413817953e-01,7.405867850037314293e-01,0.000000000000000000e+00
4.918142695970237344e-01,4.546277647558923940e-01,7.380859651619828821e-01,8.161757019607598918e-02
4.918142695970235123e-01,4.449964314666638443e-01,7.306881980072973404e-01,1.618383684282860280e-01
4.918142695970231237e-01,4.293057673590241485e-01,7.186968182124201521e-01,2.393536417612433520e-01
4.918142695970238454e-01,4.080617626271380027e-01,7.025835850502333280e-01,3.130185747209592861e-01
4.918142695970235123e-01,3.819068128560823561e-01,6.829444317138582132e-01,3.819068128560825781e-01
4.918142695970231237e-01,3.803605879738661821e-01,6.242263786520312330e-01,4.730602240010170489e-01
4.918142695970231237e-01,3.750129803601911505e-01,5.556455654381277087e-01,5.556455654381280418e-01
3.220472962743634593e-01,3.659057050878893325e-01,5.421515868739232857e-01,6.844488372381049013e-01
1.178884946385307109e-01,3.468656883928800672e-01,5.139405611321251621e-01,7.756620376625318336e-01
1.178884946385313631e-01,3.435954117741400471e-01,5.896264292082268321e-01,-7.213772728737549711e-01
3.220472962743638479e-01,3.606822341419405054e-01,6.189482470032334760e-01,-6.189482470032329209e-01
3.220472962743634593e-01,3.659057050878893325e-01,6.844488372381050123e-01,-5.421515868739232857e-01
3.220472962743636258e-01,3.688001877261766759e-01,7.415405825546140806e-01,-4.586823791253298865e-01
3.220472962743637924e-01,3.684554652234078853e-01,7.904218362724908520e-01,-3.684554652234080518e-01
3.220472962743640144e-01,3.930609738008454812e-01,8.067709212128381102e-01,-3.015116755989585284e-01
3.220472962743635703e-01,4.129931905767338929e-01,8.201847692092424369e-01,-2.302587845377533360e-01
3.220472962743642920e-01,4.276849026998855163e-01,8.301672813603797607e-01,-1.555424312645188045e-01
3.220472962743642364e-01,4.366905804909184674e-01,8.363257303275686283e-01,-7.839737664574900067e-02
3.220472962743637924e-01,4.397251855259842190e-01,8.384075978761826864e-01,0.000000000000000000e+00
3.220472962743642364e-01,4.366905804909184674e-01,8.363257303275686283e-01,7.839737664574908393e-02
3.220472962743640144e-01,4.276849026998855163e-01,8.301672813603797607e-01,1.555424312645188878e-01
3.220472962743635703e-01,4.129931905767338929e-01,8.201847692092424369e-01,2.302587845377535303e-01
3.220472962743642364e-01,3.930609738008452592e-01,8.067709212128382212e-01,3.015116755989585839e-01
3.220472962743637924e-01,3.684554652234078853e-01,7.904218362724908520e-01,3.684554652234080518e-01
3.220472962743636258e-01,3.688001877261766759e-01,7.415405825546140806e-01,4.586823791253298865e-01
3.220472962743635703e-01,3.659057050878892769e-01,6.844488372381047903e-01,5.421515868739232857e-01
3.220472962743638479e-01,3.606822341419405054e-01,6.189482470032330319e-01,6.189482470032332539e-01
1.178884946385313631e-01,3.435954117741400471e-01,5.896264292082268321e-01,7.213772728737549711e-01
1.178884946385309190e-01,3.388200068003898724e-01,6.600391298338472712e-01,-6.600391298338476043e-01
1.178884946385313770e-01,3.435954117741400471e-01,7.213772728737550821e-01,-5.896264292082268321e-01
1.178884946385307109e-01,3.468656883928800672e-01,7.756620376625318336e-01,-5.139405611321250511e-01
1.178884946385311411e-01,3.482136453323614322e-01,8.229778245092508326e-01,-4.330785845573874582e-01
1.178884946385313631e-01,3.467628954711882705e-01,8.634890222120582548e-01,-3.467628954711884925e-01
1.178884946385313631e-01,3.695323794772985559e-01,8.770386135564427477e-01,-2.834632139814609042e-01
1.178884946385309190e-01,3.879428107780053536e-01,8.881555757209995683e-01,-2.162922830644254391e-01
1.178884946385313631e-01,4.014932622627808700e-01,8.964287580264180821e-01,-1.460169338558527929e-01
1.178884946385311411e-01,4.097912183966543331e-01,9.015326807918279117e-01,-7.356823785538697813e-02
1.178884946385315852e-01,4.125859554975815913e-01,9.032580650943609069e-01,0.000000000000000000e+00
1.178884946385311411e-01,4.097912183966543331e-01,9.015326807918279117e-01,7.356823785538704752e-02
1.178884946385313631e-01,4.014932622627808700e-01,8.964287580264180821e-01,1.460169338558528485e-01
1.178884946385309190e-01,3.879428107780053536e-01,8.881555757209995683e-01,2.162922830644256333e-01
1.178884946385315990e-01,3.695323794772982229e-01,8.770386135564428587e-01,2.834632139814610152e-01
1.178884946385313631e-01,3.467628954711882705e-01,8.634890222120582548e-01,3.467628954711884925e-01
1.178884946385311411e-01,3.482136453323614322e-01,8.229778245092508326e-01,4.330785845573874582e-01
1.178884946385307109e-01,3.468656883928800672e-01,7.756620376625318336e-01,5.139405611321251621e-01
1.178884946385313631e-01,3.435954117741400471e-01,7.213772728737549711e-01,5.896264292082268321e-01
1.178884946385309190e-01,3.388200068003898724e-01,6.600391298338472712e-01,6.600391298338476043e-01
1.178884946385311550e-01,4.015718865352456701e-01,-6.422002502243302491e-01,-6.422002502243304711e-01
1.178884946385311411e-01,4.066178271108615294e-01,-7.038397021052510416e-01,-5.704155671507344927e-01
1.178884946385307247e-01,4.095486787132462947e-01,-7.585503529108652554e-01,-4.929234673809892997e-01
1.178884946385311411e-01,4.096781292829873022e-01,-8.064923828569275921e-01,-4.096781292829870247e-01
1.178884946385311411e-01,4.330785845573874582e-01,-8.229778245092508326e-01,-3.482136453323614322e-01
1.178884946385313631e-01,4.529301528730148019e-01,-8.371039106154047893e-01,-2.832200951251248044e-01
1.178884946385315990e-01,4.688360188145312968e-01,-8.485135425761015648e-01,-2.152204877769674785e-01
1.178884946385313770e-01,4.804588042060955466e-01,-8.569012532691087092e-01,-1.448512424473490379e-01
1.178884946385311411e-01,4.875406640872012587e-01,-8.620325597094283809e-01,-7.284414660137573938e-02
1.178884946385313631e-01,4.899196901292826589e-01,-8.637598046074433933e-01,0.000000000000000000e+00
1.178884946385311411e-01,4.875406640872012587e-01,-8.620325597094283809e-01,7.284414660137579489e-02
1.178884946385313770e-01,4.804588042060955466e-01,-8.569012532691087092e-01,1.448512424473491211e-01
1.178884946385315990e-01,4.688360188145312968e-01,-8.485135425761015648e-01,2.152204877769675895e-01
1.178884946385313631e-01,4.529301528730148019e-01,-8.371039106154047893e-01,2.832200951251249155e-01
1.178884946385311411e-01,4.330785845573874582e-01,-8.229778245092508326e-01,3.482136453323614322e-01
1.178884946385311411e-01,4.096781292829871357e-01,-8.064923828569275921e-01,4.096781292829873022e-01
1.178884946385304888e-01,4.095486787132462392e-01,-7.585503529108651444e-01,4.929234673809893552e-01
1.178884946385313631e-01,4.066178271108614739e-01,-7.038397021052509306e-01,5.704155671507346037e-01
1.178884946385311550e-01,4.015718865352456701e-01,-6.422002502243302491e-01,6.422002502243304711e-01
1.178884946385311411e-01,4.066178271108615294e-01,-5.704155671507344927e-01,-7.038397021052510416e-01
3.220472962743640144e-01,4.261295720082061145e-01,-5.977872225225607794e-01,-5.977872225225607794e-01
3.220472962743634038e-01,4.313782925326440365e-01,-6.638016914779936162e-01,-5.191970936792188462e-01
3.220472962743638479e-01,4.333059893478125590e-01,-7.216490685596422816e-01,-4.333059893478122815e-01
3.220472962743642364e-01,4.586823791253297200e-01,-7.415405825546138585e-01,-3.688001877261765649e-01
3.220472962743642364e-01,4.802587927387783062e-01,-7.585852723725018398e-01,-3.003088668337988709e-01
3.220472962743644585e-01,4.975783676967039382e-01,-7.723522589422364693e-01,-2.284147435466464815e-01
3.220472962743644585e-01,5.102517915383671943e-01,-7.824729622970181264e-01,-1.538333886657508864e-01
3.220472962743643475e-01,5.179810363866689249e-01,-7.886644527055096665e-01,-7.739228608125771347e-02
3.220472962743642364e-01,5.205787601194036274e-01,-7.907485652689586475e-01,0.000000000000000000e+00
3.220472962743643475e-01,5.179810363866689249e-01,-7.886644527055096665e-01,7.739228608125778286e-02
3.220472962743644030e-01,5.102517915383670832e-01,-7.824729622970179044e-01,1.538333886657509419e-01
3.220472962743645140e-01,4.975783676967038827e-01,-7.723522589422363582e-01,2.284147435466465648e-01
3.220472962743642364e-01,4.802587927387783062e-01,-7.585852723725018398e-01,3.003088668337989819e-01
3.220472962743642364e-01,4.586823791253297200e-01,-7.415405825546138585e-01,3.688001877261765649e-01
3.220472962743637924e-01,4.333059893478123370e-01,-7.216490685596421706e-01,4.333059893478125035e-01
3.220472962743634038e-01,4.313782925326440365e-01,-6.638016914779935052e-01,5.191970936792189573e-01
3.220472962743634593e-01,4.261295720082061145e-01,-5.977872225225606684e-01,5.977872225225611125e-01
1.178884946385311411e-01,4.066178271108615294e-01,-5.704155671507344927e-01,7.038397021052510416e-01
1.178884946385307247e-01,4.095486787132462947e-01,-4.929234673809892997e-01,-7.585503529108652554e-01
3.220472962743634038e-01,4.313782925326440365e-01,-5.191970936792188462e-01,-6.638016914779936162e-01
4.918142695970231792e-01,4.410547147187203199e-01,-5.308434151636124421e-01,-5.308434151636127751e-01
4.918142695970236788e-01,4.459373874566910367e-01,-6.003319224873423510e-01,-4.459373874566908147e-01
4.918142695970235123e-01,4.730602240010169379e-01,-6.242263786520311220e-01,-3.803605879738660711e-01
4.918142695970238454e-01,4.961948791855543273e-01,-6.447011194785557953e-01,-3.102738026870396904e-01
4.918142695970238454e-01,5.148127811934086751e-01,-6.612385563570928326e-01,-2.363262493406970144e-01
4.918142695970239564e-01,5.284624979483096840e-01,-6.733959367720665501e-01,-1.593236480308234393e-01
4.918142695970238454e-01,5.367978887015388834e-01,-6.808333945843373369e-01,-8.020373884728929093e-02
4.918142695970237344e-01,5.396011397120571429e-01,-6.833369112247597021e-01,0.000000000000000000e+00
4.918142695970238454e-01,5.367978887015388834e-01,-6.808333945843373369e-01,8.020373884728936031e-02
4.918142695970239009e-01,5.284624979483096840e-01,-6.733959367720665501e-01,1.593236480308235226e-01
4.918142695970239009e-01,5.148127811934086751e-01,-6.612385563570928326e-01,2.363262493406972087e-01
4.918142695970238454e-01,4.961948791855543273e-01,-6.447011194785557953e-01,3.102738026870398014e-01
4.918142695970235123e-01,4.730602240010169379e-01,-6.242263786520311220e-01,3.803605879738660711e-01
4.918142695970235123e-01,4.459373874566908702e-01,-6.003319224873423510e-01,4.459373874566910922e-01
4.918142695970227352e-01,4.410547147187203754e-01,-5.308434151636124421e-01,5.308434151636128862e-01
3.220472962743634593e-01,4.313782925326439810e-01,-5.191970936792188462e-01,6.638016914779938382e-01
1.178884946385307247e-01,4.095486787132462947e-01,-4.929234673809892997e-01,7.585503529108652554e-01
1.178884946385311411e-01,4.096781292829873022e-01,-4.096781292829870247e-01,-8.064923828569275921e-01
3.220472962743638479e-01,4.333059893478125590e-01,-4.333059893478122815e-01,-7.216490685596422816e-01
4.918142695970237344e-01,4.459373874566910922e-01,-4.459373874566908147e-01,-6.003319224873423510e-01
6.327454192180814729e-01,4.470768891583546956e-01,-4.470768891583540849e-01,-4.470768891583544180e-01
6.327454192180814729e-01,4.760013295909768516e-01,-4.760013295909762965e-01,-3.827253622557295065e-01
6.327454192180818060e-01,5.007861758050276002e-01,-5.007861758050273782e-01,-3.131447695614384408e-01
6.327454192180820280e-01,5.208048824290510970e-01,-5.208048824290507639e-01,-2.390769401984615405e-01
6.327454192180819170e-01,5.355214938139672975e-01,-5.355214938139668535e-01,-1.614518311604067058e-01
6.327454192180816950e-01,5.445245991359070059e-01,-5.445245991359066728e-01,-8.135819768341787106e-02
6.327454192180816950e-01,5.475551271144004639e-01,-5.475551271144003529e-01,0.000000000000000000e+00
6.327454192180816950e-01,5.445245991359070059e-01,-5.445245991359066728e-01,8.135819768341794045e-02
6.327454192180818060e-01,5.355214938139672975e-01,-5.355214938139669645e-01,1.614518311604068168e-01
6.327454192180820280e-01,5.208048824290510970e-01,-5.208048824290507639e-01,2.390769401984617071e-01
6.327454192180815840e-01,5.007861758050276002e-01,-5.007861758050273782e-01,3.131447695614385518e-01
6.327454192180814729e-01,4.760013295909768516e-01,-4.760013295909762965e-01,3.827253622557295065e-01
6.327454192180814729e-01,4.470768891583544180e-01,-4.470768891583540849e-01,4.470768891583545845e-01
4.918142695970231792e-01,4.459373874566912588e-01,-4.459373874566909812e-01,6.003319224873425730e-01
3.220472962743635703e-01,4.333059893478124480e-01,-4.333059893478121150e-01,7.216490685596423926e-01
1.178884946385311411e-01,4.096781292829873022e-01,-4.096781292829870247e-01,8.064923828569275921e-01
1.178884946385311411e-01,4.330785845573874582e-01,-3.482136453323614322e-01,-8.229778245092508326e-01
3.220472962743642364e-01,4.586823791253297200e-01,-3.688001877261765649e-01,-7.415405825546138585e-01
4.918142695970235123e-01,4.730602240010169379e-01,-3.803605879738660711e-01,-6.242263786520311220e-01
6.327454192180814729e-01,4.760013295909768516e-01,-3.827253622557295620e-01,-4.760013295909764075e-01
6.327454192180816950e-01,5.470800273608905639e-01,-3.875155984740106807e-01,-3.875155984740108472e-01
6.327454192180816950e-01,5.708533878805823747e-01,-4.151469549583036711e-01,-3.184535284663111421e-01
6.327454192180814729e-01,5.903585923332106411e-01,-4.376792713210765351e-01,-2.440221759855769057e-01
6.327454192180816950e-01,6.048742585693999141e-01,-4.543715244156324440e-01,-1.652479457629264237e-01
6.327454192180819170e-01,6.138293180160476759e-01,-4.646383385332530369e-01,-8.341472991951565108e-02
6.327454192180819170e-01,6.168565814970333738e-01,-4.681038264341873534e-01,0.000000000000000000e+00
6.327454192180819170e-01,6.138293180160476759e-01,-4.646383385332530369e-01,8.341472991951572047e-02
6.327454192180816950e-01,6.048742585693999141e-01,-4.543715244156324440e-01,1.652479457629265069e-01
6.327454192180814729e-01,5.903585923332106411e-01,-4.376792713210765351e-01,2.440221759855771000e-01
6.327454192180821391e-01,5.708533878805820416e-01,-4.151469549583034491e-01,3.184535284663112531e-01
6.327454192180816950e-01,5.470800273608905639e-01,-3.875155984740106807e-01,3.875155984740108472e-01
6.327454192180815840e-01,4.760013295909763520e-01,-3.827253622557295620e-01,4.760013295909766851e-01
4.918142695970231237e-01,4.730602240010170489e-01,-3.803605879738661821e-01,6.242263786520312330e-01
3.220472962743636258e-01,4.586823791253298865e-01,-3.688001877261766759e-01,7.415405825546140806e-01
1.178884946385311411e-01,4.330785845573874582e-01,-3.482136453323614322e-01,8.229778245092508326e-01
1.178884946385313631e-01,4.529301528730148019e-01,-2.832200951251248044e-01,-8.371039106154047893e-01
3.220472962743642364e-01,4.802587927387783062e-01,-3.003088668337988709e-01,-7.585852723725018398e-01
4.918142695970238454e-01,4.961948791855543273e-01,-3.102738026870396348e-01,-6.447011194785557953e-01
6.327454192180815840e-01,5.007861758050276002e-01,-3.131447695614384408e-01,-5.007861758050273782e-01
6.327454192180816950e-01,5.708533878805823747e-01,-3.184535284663111421e-01,-4.151469549583036711e-01
6.327454192180818060e-01,6.289007767993289866e-01,-3.194659977209893253e-01,-3.194659977209895474e-01
6.327454192180820280e-01,6.475119642218025717e-01,-3.458198741617151128e-01,-2.465159331218420291e-01
6.327454192180820280e-01,6.616687738085275106e-01,-3.655971744946663882e-01,-1.678284070912011428e-01
6.327454192180820280e-01,6.705364993000285656e-01,-3.778741951097372986e-01,-8.500076608575296566e-02
6.327454192180818060e-01,6.735577714464604515e-01,-3.820381695362540242e-01,0.000000000000000000e+00
6.327454192180820280e-01,6.705364993000285656e-01,-3.778741951097372986e-01,8.500076608575306281e-02
6.327454192180820280e-01,6.616687738085275106e-01,-3.655971744946663882e-01,1.678284070912012538e-01
6.327454192180819170e-01,6.475119642218024607e-01,-3.458198741617150573e-01,2.465159331218421679e-01
6.327454192180819170e-01,6.289007767993288756e-01,-3.194659977209893253e-01,3.194659977209896584e-01
6.327454192180816950e-01,5.708533878805823747e-01,-3.184535284663111421e-01,4.151469549583036711e-01
6.327454192180816950e-01,5.007861758050273782e-01,-3.131447695614384408e-01,5.007861758050274892e-01
4.918142695970235123e-01,4.961948791855545493e-01,-3.102738026870397459e-01,6.447011194785559063e-01
3.220472962743642920e-01,4.802587927387781397e-01,-3.003088668337988154e-01,7.585852723725019509e-01
1.178884946385313631e-01,4.529301528730148019e-01,-2.832200951251248044e-01,8.371039106154047893e-01
1.178884946385315990e-01,4.688360188145312968e-01,-2.152204877769674785e-01,-8.485135425761015648e-01
3.220472962743644030e-01,4.975783676967038271e-01,-2.284147435466464260e-01,-7.723522589422362472e-01
4.918142695970238454e-01,5.148127811934086751e-01,-2.363262493406970144e-01,-6.612385563570928326e-01
6.327454192180820280e-01,5.208048824290510970e-01,-2.390769401984615405e-01,-5.208048824290507639e-01
6.327454192180814729e-01,5.903585923332106411e-01,-2.440221759855769057e-01,-4.376792713210766461e-01
6.327454192180820280e-01,6.475119642218025717e-01,-2.465159331218420291e-01,-3.458198741617151128e-01
6.327454192180816950e-01,6.925391374736702410e-01,-2.449722203901483764e-01,-2.449722203901484874e-01
6.327454192180820280e-01,7.059664591353383978e-01,-2.697870523669506082e-01,-1.686995536733831014e-01
6.327454192180819170e-01,7.146502886375732944e-01,-2.854826760970900490e-01,-8.606881582321715407e-02
6.327454192180820280e-01,7.176586969626815860e-01,-2.908594662931907604e-01,0.000000000000000000e+00
6.327454192180819170e-01,7.146502886375732944e-01,-2.854826760970900490e-01,8.606881582321725122e-02
6.327454192180820280e-01,7.059664591353383978e-01,-2.697870523669506082e-01,1.686995536733832124e-01
6.327454192180819170e-01,6.925391374736700190e-01,-2.449722203901482931e-01,2.449722203901485984e-01
6.327454192180820280e-01,6.475119642218023497e-01,-2.465159331218420291e-01,3.458198741617151684e-01
6.327454192180814729e-01,5.903585923332106411e-01,-2.440221759855769057e-01,4.376792713210766461e-01
6.327454192180820280e-01,5.208048824290508749e-01,-2.390769401984615961e-01,5.208048824290509859e-01
4.918142695970236788e-01,5.148127811934086751e-01,-2.363262493406970421e-01,6.612385563570929436e-01
3.220472962743644030e-01,4.975783676967036051e-01,-2.284147435466463150e-01,7.723522589422364693e-01
1.178884946385315990e-01,4.688360188145312968e-01,-2.152204877769674785e-01,8.485135425761015648e-01
1.178884946385313770e-01,4.804588042060955466e-01,-1.448512424473490379e-01,-8.569012532691087092e-01
3.220472962743642364e-01,5.102517915383671943e-01,-1.538333886657508864e-01,-7.824729622970181264e-01
4.918142695970239009e-01,5.284624979483096840e-01,-1.593236480308234393e-01,-6.733959367720666611e-01
6.327454192180819170e-01,5.355214938139672975e-01,-1.614518311604067058e-01,-5.355214938139668535e-01
6.327454192180818060e-01,6.048742585693999141e-01,-1.652479457629263959e-01,-4.543715244156323885e-01
6.327454192180820280e-01,6.616687738085275106e-01,-1.678284070912011428e-01,-3.655971744946663882e-01
6.327454192180820280e-01,7.059664591353383978e-01,-1.686995536733831014e-01,-2.697870523669506082e-01
6.327454192180820280e-01,7.379951093839137721e-01,-1.658258921036744327e-01,-1.658258921036745159e-01
6.327454192180819170e-01,7.461871086362134031e-01,-1.881010434897449624e-01,-8.634831093733517926e-02
6.327454192180820280e-01,7.491593580456965551e-01,-1.959425699308179891e-01,0.000000000000000000e+00
6.327454192180819170e-01,7.461871086362134031e-01,-1.881010434897449624e-01,8.634831093733526253e-02
6.327454192180820280e-01,7.379951093839136611e-01,-1.658258921036744049e-01,1.658258921036745714e-01
6.327454192180820280e-01,7.059664591353383978e-01,-1.686995536733831014e-01,2.697870523669507192e-01
6.327454192180820280e-01,6.616687738085273995e-01,-1.678284070912011983e-01,3.655971744946666102e-01
6.327454192180818060e-01,6.048742585693999141e-01,-1.652479457629263959e-01,4.543715244156323885e-01
6.327454192180819170e-01,5.355214938139668535e-01,-1.614518311604066780e-01,5.355214938139670755e-01
4.918142695970236788e-01,5.284624979483096840e-01,-1.593236480308234670e-01,6.733959367720666611e-01
3.220472962743642364e-01,5.102517915383670832e-01,-1.538333886657508309e-01,7.824729622970181264e-01
1.178884946385313770e-01,4.804588042060955466e-01,-1.448512424473490379e-01,8.569012532691087092e-01
1.178884946385311411e-01,4.875406640872012587e-01,-7.284414660137573938e-02,-8.620325597094283809e-01
3.220472962743642364e-01,5.179810363866688139e-01,-7.739228608125769959e-02,-7.886644527055096665e-01
4.918142695970238454e-01,5.367978887015388834e-01,-8.020373884728929093e-02,-6.808333945843373369e-01
6.327454192180816950e-01,5.445245991359070059e-01,-8.135819768341787106e-02,-5.445245991359066728e-01
6.327454192180819170e-01,6.138293180160476759e-01,-8.341472991951565108e-02,-4.646383385332530369e-01
6.327454192180820280e-01,6.705364993000285656e-01,-8.500076608575296566e-02,-3.778741951097372986e-01
6.327454192180819170e-01,7.146502886375732944e-01,-8.606881582321715407e-02,-2.854826760970900490e-01
6.327454192180819170e-01,7.461871086362134031e-01,-8.634831093733517926e-02,-1.881010434897449624e-01
6.327454192180819170e-01,7.652686925300599130e-01,-8.365722530620503528e-02,-8.365722530620507691e-02
6.327454192180820280e-01,7.680597546955055810e-01,-9.857711537478364150e-02,0.000000000000000000e+00
6.327454192180819170e-01,7.652686925300599130e-01,-8.365722530620503528e-02,8.365722530620516018e-02
6.327454192180820280e-01,7.461871086362134031e-01,-8.634831093733519314e-02,1.881010434897450456e-01
6.327454192180818060e-01,7.146502886375732944e-01,-8.606881582321715407e-02,2.854826760970902710e-01
6.327454192180819170e-01,6.705364993000284546e-01,-8.500076608575295178e-02,3.778741951097373541e-01
6.327454192180819170e-01,6.138293180160476759e-01,-8.341472991951565108e-02,4.646383385332530369e-01
6.327454192180819170e-01,5.445245991359066728e-01,-8.135819768341787106e-02,5.445245991359068949e-01
4.918142695970235123e-01,5.367978887015392164e-01,-8.020373884728931868e-02,6.808333945843373369e-01
3.220472962743640144e-01,5.179810363866688139e-01,-7.739228608125768571e-02,7.886644527055097775e-01
1.178884946385311411e-01,4.875406640872012587e-01,-7.284414660137573938e-02,8.620325597094283809e-01
1.178884946385313631e-01,4.899196901292826589e-01,0.000000000000000000e+00,-8.637598046074433933e-01
3.220472962743642364e-01,5.205787601194036274e-01,0.000000000000000000e+00,-7.907485652689586475e-01
4.918142695970237344e-01,5.396011397120571429e-01,0.000000000000000000e+00,-6.833369112247597021e-01
6.327454192180816950e-01,5.475551271144004639e-01,0.000000000000000000e+00,-5.475551271144003529e-01
6.327454192180819170e-01,6.168565814970333738e-01,0.000000000000000000e+00,-4.681038264341873534e-01
6.327454192180818060e-01,6.735577714464604515e-01,0.000000000000000000e+00,-3.820381695362540242e-01
6.327454192180820280e-01,7.176586969626815860e-01,0.000000000000000000e+00,-2.908594662931907604e-01
6.327454192180820280e-01,7.491593580456965551e-01,0.000000000000000000e+00,-1.959425699308179891e-01
6.327454192180820280e-01,7.680597546955055810e-01,0.000000000000000000e+00,-9.857711537478364150e-02
6.327454192180821391e-01,7.743598869121085526e-01,0.000000000000000000e+00,8.749467173365393898e-16
6.327454192180820280e-01,7.680597546955055810e-01,0.000000000000000000e+00,9.857711537478372477e-02
6.327454192180820280e-01,7.491593580456965551e-01,0.000000000000000000e+00,1.959425699308180724e-01
6.327454192180820280e-01,7.176586969626815860e-01,0.000000000000000000e+00,2.908594662931909269e-01
6.327454192180819170e-01,6.735577714464604515e-01,0.000000000000000000e+00,3.820381695362541907e-01
6.327454192180819170e-01,6.168565814970333738e-01,0.000000000000000000e+00,4.681038264341873534e-01
6.327454192180818060e-01,5.475551271144001308e-01,0.000000000000000000e+00,5.475551271144003529e-01
4.918142695970235123e-01,5.396011397120573649e-01,0.000000000000000000e+00,6.833369112247597021e-01
3.220472962743642364e-01,5.205787601194034053e-01,0.000000000000000000e+00,7.907485652689586475e-01
1.178884946385313631e-01,4.899196901292826589e-01,0.000000000000000000e+00,8.637598046074433933e-01
1.178884946385311411e-01,4.875406640872012587e-01,7.284414660137579489e-02,-8.620325597094283809e-01
3.220472962743642364e-01,5.179810363866688139e-01,7.739228608125778286e-02,-7.886644527055096665e-01
4.918142695970238454e-01,5.367978887015388834e-01,8.020373884728936031e-02,-6.808333945843373369e-01
6.327454192180816950e-01,5.445245991359070059e-01,8.135819768341794045e-02,-5.445245991359066728e-01
6.327454192180819170e-01,6.138293180160476759e-01,8.341472991951572047e-02,-4.646383385332530369e-01
6.327454192180820280e-01,6.705364993000285656e-01,8.500076608575306281e-02,-3.778741951097372986e-01
6.327454192180819170e-01,7.146502886375732944e-01,8.606881582321725122e-02,-2.854826760970900490e-01
6.327454192180819170e-01,7.461871086362134031e-01,8.634831093733526253e-02,-1.881010434897449624e-01
6.327454192180819170e-01,7.652686925300599130e-01,8.365722530620516018e-02,-8.365722530620503528e-02
6.327454192180820280e-01,7.680597546955055810e-01,9.857711537478372477e-02,0.000000000000000000e+00
6.327454192180819170e-01,7.652686925300599130e-01,8.365722530620510466e-02,8.365722530620516018e-02
6.327454192180820280e-01,7.461871086362134031e-01,8.634831093733526253e-02,1.881010434897450456e-01
6.327454192180818060e-01,7.146502886375732944e-01,8.606881582321725122e-02,2.854826760970902710e-01
6.327454192180819170e-01,6.705364993000284546e-01,8.500076608575302117e-02,3.778741951097373541e-01
6.327454192180819170e-01,6.138293180160476759e-01,8.341472991951572047e-02,4.646383385332530369e-01
6.327454192180819170e-01,5.445245991359066728e-01,8.135819768341794045e-02,5.445245991359068949e-01
4.918142695970235123e-01,5.367978887015392164e-01,8.020373884728940195e-02,6.808333945843373369e-01
3.220472962743640144e-01,5.179810363866688139e-01,7.739228608125776898e-02,7.886644527055097775e-01
1.178884946385311411e-01,4.875406640872012587e-01,7.284414660137579489e-02,8.620325597094283809e-01
1.178884946385313631e-01,4.804588042060954911e-01,1.448512424473490934e-01,-8.569012532691085982e-01
3.220472962743642364e-01,5.102517915383671943e-01,1.538333886657509697e-01,-7.824729622970181264e-01
4.918142695970239009e-01,5.284624979483096840e-01,1.593236480308235226e-01,-6.733959367720665501e-01
6.327454192180819170e-01,5.355214938139672975e-01,1.614518311604067891e-01,-5.355214938139668535e-01
6.327454192180818060e-01,6.048742585693999141e-01,1.652479457629264792e-01,-4.543715244156323885e-01
6.327454192180820280e-01,6.616687738085275106e-01,1.678284070912012538e-01,-3.655971744946663882e-01
6.327454192180820280e-01,7.059664591353383978e-01,1.686995536733832124e-01,-2.697870523669506082e-01
6.327454192180820280e-01,7.379951093839136611e-01,1.658258921036745714e-01,-1.658258921036744049e-01
6.327454192180819170e-01,7.461871086362134031e-01,1.881010434897450456e-01,-8.634831093733517926e-02
6.327454192180820280e-01,7.491593580456965551e-01,1.959425699308180724e-01,0.000000000000000000e+00
6.327454192180819170e-01,7.461871086362134031e-01,1.881010434897450456e-01,8.634831093733526253e-02
6.327454192180820280e-01,7.379951093839136611e-01,1.658258921036744882e-01,1.658258921036745714e-01
6.327454192180820280e-01,7.059664591353383978e-01,1.686995536733832124e-01,2.697870523669507192e-01
6.327454192180820280e-01,6.616687738085273995e-01,1.678284070912012538e-01,3.655971744946666102e-01
6.327454192180818060e-01,6.048742585693999141e-01,1.652479457629264792e-01,4.543715244156323885e-01
6.327454192180819170e-01,5.355214938139668535e-01,1.614518311604067613e-01,5.355214938139670755e-01
4.918142695970235123e-01,5.284624979483097951e-01,1.593236480308235503e-01,6.733959367720667721e-01
3.220472962743642364e-01,5.102517915383670832e-01,1.538333886657509142e-01,7.824729622970181264e-01
1.178884946385313631e-01,4.804588042060954911e-01,1.448512424473490934e-01,8.569012532691085982e-01
1.178884946385313770e-01,4.688360188145312968e-01,2.152204877769675895e-01,-8.485135425761015648e-01
3.220472962743644030e-01,4.975783676967038271e-01,2.284147435466465370e-01,-7.723522589422362472e-01
4.918142695970239009e-01,5.148127811934086751e-01,2.363262493406972087e-01,-6.612385563570928326e-01
6.327454192180820280e-01,5.208048824290510970e-01,2.390769401984617071e-01,-5.208048824290507639e-01
6.327454192180814729e-01,5.903585923332106411e-01,2.440221759855771000e-01,-4.376792713210765351e-01
6.327454192180819170e-01,6.475119642218024607e-01,2.465159331218421679e-01,-3.458198741617150573e-01
6.327454192180820280e-01,6.925391374736701300e-01,2.449722203901486262e-01,-2.449722203901483208e-01
6.327454192180820280e-01,7.059664591353383978e-01,2.697870523669507192e-01,-1.686995536733831014e-01
6.327454192180818060e-01,7.146502886375732944e-01,2.854826760970902710e-01,-8.606881582321715407e-02
6.327454192180820280e-01,7.176586969626815860e-01,2.908594662931909269e-01,0.000000000000000000e+00
6.327454192180818060e-01,7.146502886375732944e-01,2.854826760970902710e-01,8.606881582321725122e-02
6.327454192180820280e-01,7.059664591353383978e-01,2.697870523669507192e-01,1.686995536733832124e-01
6.327454192180818060e-01,6.925391374736700190e-01,2.449722203901484596e-01,2.449722203901486262e-01
6.327454192180820280e-01,6.475119642218024607e-01,2.465159331218421401e-01,3.458198741617152239e-01
6.327454192180814729e-01,5.903585923332106411e-01,2.440221759855771000e-01,4.376792713210765351e-01
6.327454192180820280e-01,5.208048824290507639e-01,2.390769401984617071e-01,5.208048824290509859e-01
4.918142695970236788e-01,5.148127811934085640e-01,2.363262493406971532e-01,6.612385563570928326e-01
3.220472962743644585e-01,4.975783676967036051e-01,2.284147435466464815e-01,7.723522589422364693e-01
1.178884946385313770e-01,4.688360188145312968e-01,2.152204877769675895e-01,8.485135425761015648e-01
1.178884946385311411e-01,4.529301528730148019e-01,2.832200951251249155e-01,-8.371039106154049003e-01
3.220472962743642364e-01,4.802587927387783062e-01,3.003088668337989819e-01,-7.585852723725018398e-01
4.918142695970238454e-01,4.961948791855543273e-01,3.102738026870398014e-01,-6.447011194785557953e-01
6.327454192180815840e-01,5.007861758050276002e-01,3.131447695614385518e-01,-5.007861758050273782e-01
6.327454192180821391e-01,5.708533878805820416e-01,3.184535284663112531e-01,-4.151469549583034491e-01
6.327454192180819170e-01,6.289007767993289866e-01,3.194659977209897139e-01,-3.194659977209893809e-01
6.327454192180820280e-01,6.475119642218023497e-01,3.458198741617151684e-01,-2.465159331218420291e-01
6.327454192180819170e-01,6.616687738085273995e-01,3.655971744946665547e-01,-1.678284070912011983e-01
6.327454192180819170e-01,6.705364993000284546e-01,3.778741951097373541e-01,-8.500076608575295178e-02
6.327454192180819170e-01,6.735577714464604515e-01,3.820381695362541907e-01,0.000000000000000000e+00
6.327454192180819170e-01,6.705364993000284546e-01,3.778741951097373541e-01,8.500076608575302117e-02
6.327454192180819170e-01,6.616687738085273995e-01,3.655971744946665547e-01,1.678284070912012260e-01
6.327454192180820280e-01,6.475119642218024607e-01,3.458198741617152239e-01,2.465159331218421401e-01
6.327454192180819170e-01,6.289007767993289866e-01,3.194659977209895474e-01,3.194659977209897139e-01
6.327454192180821391e-01,5.708533878805820416e-01,3.184535284663112531e-01,4.151469549583034491e-01
6.327454192180815840e-01,5.007861758050273782e-01,3.131447695614385518e-01,5.007861758050274892e-01
4.918142695970235678e-01,4.961948791855544938e-01,3.102738026870399124e-01,6.447011194785559063e-01
3.220472962743642920e-01,4.802587927387781397e-01,3.003088668337989264e-01,7.585852723725019509e-01
1.178884946385311411e-01,4.529301528730148019e-01,2.832200951251249155e-01,8.371039106154049003e-01
1.178884946385311411e-01,4.330785845573874582e-01,3.482136453323614322e-01,-8.229778245092508326e-01
3.220472962743642364e-01,4.586823791253297200e-01,3.688001877261765649e-01,-7.415405825546138585e-01
4.918142695970235123e-01,4.730602240010169379e-01,3.803605879738660711e-01,-6.242263786520311220e-01
6.327454192180814729e-01,4.760013295909768516e-01,3.827253622557295620e-01,-4.760013295909764075e-01
6.327454192180816950e-01,5.470800273608905639e-01,3.875155984740106807e-01,-3.875155984740108472e-01
6.327454192180816950e-01,5.708533878805823747e-01,4.151469549583036711e-01,-3.184535284663111421e-01
6.327454192180814729e-01,5.903585923332106411e-01,4.376792713210765351e-01,-2.440221759855769057e-01
6.327454192180816950e-01,6.048742585693999141e-01,4.543715244156324440e-01,-1.652479457629264237e-01
6.327454192180819170e-01,6.138293180160476759e-01,4.646383385332530369e-01,-8.341472991951565108e-02
6.327454192180819170e-01,6.168565814970333738e-01,4.681038264341873534e-01,0.000000000000000000e+00
6.327454192180819170e-01,6.138293180160476759e-01,4.646383385332530369e-01,8.341472991951572047e-02
6.327454192180816950e-01,6.048742585693999141e-01,4.543715244156324440e-01,1.652479457629265069e-01
6.327454192180814729e-01,5.903585923332106411e-01,4.376792713210765351e-01,2.440221759855771000e-01
6.327454192180821391e-01,5.708533878805820416e-01,4.151469549583034491e-01,3.184535284663112531e-01
6.327454192180816950e-01,5.470800273608905639e-01,3.875155984740106807e-01,3.875155984740108472e-01
6.327454192180815840e-01,4.760013295909763520e-01,3.827253622557295620e-01,4.760013295909766851e-01
4.918142695970231237e-01,4.730602240010170489e-01,3.803605879738661821e-01,6.242263786520312330e-01
3.220472962743636258e-01,4.586823791253298865e-01,3.688001877261766759e-01,7.415405825546140806e-01
1.178884946385311411e-01,4.330785845573874582e-01,3.482136453323614322e-01,8.229778245092508326e-01
1.178884946385309190e-01,4.096781292829871357e-01,4.096781292829873022e-01,-8.064923828569275921e-01
3.220472962743637924e-01,4.333059893478123370e-01,4.333059893478125035e-01,-7.216490685596421706e-01
4.918142695970236788e-01,4.459373874566908147e-01,4.459373874566910367e-01,-6.003319224873422399e-01
6.327454192180814729e-01,4.470768891583544180e-01,4.470768891583545845e-01,-4.470768891583540849e-01
6.327454192180814729e-01,4.760013295909764075e-01,4.760013295909766851e-01,-3.827253622557295620e-01
6.327454192180816950e-01,5.007861758050273782e-01,5.007861758050274892e-01,-3.131447695614384408e-01
6.327454192180820280e-01,5.208048824290508749e-01,5.208048824290509859e-01,-2.390769401984615961e-01
6.327454192180819170e-01,5.355214938139668535e-01,5.355214938139670755e-01,-1.614518311604066780e-01
6.327454192180819170e-01,5.445245991359066728e-01,5.445245991359068949e-01,-8.135819768341787106e-02
6.327454192180818060e-01,5.475551271144001308e-01,5.475551271144003529e-01,0.000000000000000000e+00
6.327454192180819170e-01,5.445245991359066728e-01,5.445245991359068949e-01,8.135819768341794045e-02
6.327454192180819170e-01,5.355214938139668535e-01,5.355214938139670755e-01,1.614518311604067613e-01
6.327454192180820280e-01,5.208048824290507639e-01,5.208048824290509859e-01,2.390769401984617071e-01
6.327454192180816950e-01,5.007861758050272671e-01,5.007861758050273782e-01,3.131447695614385518e-01
6.327454192180814729e-01,4.760013295909764075e-01,4.760013295909766851e-01,3.827253622557295620e-01
6.327454192180814729e-01,4.470768891583541405e-01,4.470768891583544180e-01,4.470768891583545845e-01
4.918142695970231237e-01,4.459373874566909812e-01,4.459373874566912033e-01,6.003319224873424620e-01
3.220472962743634593e-01,4.333059893478122815e-01,4.333059893478124480e-01,7.216490685596423926e-01
1.178884946385309190e-01,4.096781292829871357e-01,4.096781292829873022e-01,8.064923828569275921e-01
1.178884946385307109e-01,4.095486787132462392e-01,4.929234673809893552e-01,-7.585503529108651444e-01
3.220472962743634038e-01,4.313782925326440365e-01,5.191970936792189573e-01,-6.638016914779935052e-01
4.918142695970227352e-01,4.410547147187203754e-01,5.308434151636128862e-01,-5.308434151636124421e-01
4.918142695970232903e-01,4.459373874566912588e-01,6.003319224873424620e-01,-4.459373874566909257e-01
4.918142695970231237e-01,4.730602240010170489e-01,6.242263786520312330e-01,-3.803605879738661821e-01
4.918142695970235123e-01,4.961948791855545493e-01,6.447011194785559063e-01,-3.102738026870397459e-01
4.918142695970236788e-01,5.148127811934086751e-01,6.612385563570929436e-01,-2.363262493406970421e-01
4.918142695970236788e-01,5.284624979483096840e-01,6.733959367720666611e-01,-1.593236480308234670e-01
4.918142695970235123e-01,5.367978887015392164e-01,6.808333945843373369e-01,-8.020373884728931868e-02
4.918142695970235123e-01,5.396011397120573649e-01,6.833369112247597021e-01,0.000000000000000000e+00
4.918142695970235123e-01,5.367978887015392164e-01,6.808333945843373369e-01,8.020373884728940195e-02
4.918142695970236788e-01,5.284624979483096840e-01,6.733959367720666611e-01,1.593236480308235226e-01
4.918142695970237344e-01,5.148127811934086751e-01,6.612385563570929436e-01,2.363262493406971809e-01
4.918142695970235678e-01,4.961948791855544938e-01,6.447011194785559063e-01,3.102738026870399124e-01
4.918142695970231237e-01,4.730602240010170489e-01,6.242263786520312330e-01,3.803605879738661821e-01
4.918142695970231237e-01,4.459373874566909812e-01,6.003319224873424620e-01,4.459373874566912033e-01
4.918142695970231237e-01,4.410547147187202643e-01,5.308434151636124421e-01,5.308434151636126641e-01
3.220472962743634038e-01,4.313782925326440365e-01,5.191970936792189573e-01,6.638016914779936162e-01
1.178884946385307109e-01,4.095486787132462392e-01,4.929234673809893552e-01,7.585503529108651444e-01
1.178884946385313631e-01,4.066178271108614739e-01,5.704155671507346037e-01,-7.038397021052509306e-01
3.220472962743634593e-01,4.261295720082061145e-01,5.977872225225611125e-01,-5.977872225225606684e-01
3.220472962743634038e-01,4.313782925326439255e-01,6.638016914779937272e-01,-5.191970936792187352e-01
3.220472962743635703e-01,4.333059893478124480e-01,7.216490685596423926e-01,-4.333059893478121150e-01
3.220472962743636258e-01,4.586823791253298865e-01,7.415405825546140806e-01,-3.688001877261766759e-01
3.220472962743642920e-01,4.802587927387781397e-01,7.585852723725019509e-01,-3.003088668337988154e-01
3.220472962743644585e-01,4.975783676967036051e-01,7.723522589422364693e-01,-2.284147435466463150e-01
3.220472962743642364e-01,5.102517915383670832e-01,7.824729622970181264e-01,-1.538333886657508309e-01
3.220472962743638479e-01,5.179810363866688139e-01,7.886644527055098886e-01,-7.739228608125769959e-02
3.220472962743642364e-01,5.205787601194034053e-01,7.907485652689586475e-01,0.000000000000000000e+00
3.220472962743638479e-01,5.179810363866688139e-01,7.886644527055098886e-01,7.739228608125778286e-02
3.220472962743642364e-01,5.102517915383670832e-01,7.824729622970181264e-01,1.538333886657509142e-01
3.220472962743644585e-01,4.975783676967036051e-01,7.723522589422364693e-01,2.284147435466464815e-01
3.220472962743642920e-01,4.802587927387781397e-01,7.585852723725019509e-01,3.003088668337989264e-01
3.220472962743636258e-01,4.586823791253298865e-01,7.415405825546140806e-01,3.688001877261766759e-01
3.220472962743634593e-01,4.333059893478122815e-01,7.216490685596423926e-01,4.333059893478124480e-01
3.220472962743634038e-01,4.313782925326440365e-01,6.638016914779936162e-01,5.191970936792189573e-01
3.220472962743637924e-01,4.261295720082060035e-01,5.977872225225606684e-01,5.977872225225608904e-01
1.178884946385313631e-01,4.066178271108614739e-01,5.704155671507346037e-01,7.038397021052509306e-01
1.178884946385311550e-01,4.015718865352456701e-01,6.422002502243302491e-01,-6.422002502243304711e-01
1.178884946385311411e-01,4.066178271108615294e-01,7.038397021052510416e-01,-5.704155671507344927e-01
1.178884946385307247e-01,4.095486787132462947e-01,7.585503529108652554e-01,-4.929234673809892997e-01
1.178884946385311411e-01,4.096781292829873022e-01,8.064923828569275921e-01,-4.096781292829870247e-01
1.178884946385311411e-01,4.330785845573874582e-01,8.229778245092508326e-01,-3.482136453323614322e-01
1.178884946385313631e-01,4.529301528730148019e-01,8.371039106154047893e-01,-2.832200951251248044e-01
1.178884946385315990e-01,4.688360188145312968e-01,8.485135425761015648e-01,-2.152204877769674785e-01
1.178884946385313770e-01,4.804588042060955466e-01,8.569012532691087092e-01,-1.448512424473490379e-01
1.178884946385311411e-01,4.875406640872012587e-01,8.620325597094283809e-01,-7.284414660137573938e-02
1.178884946385313631e-01,4.899196901292826589e-01,8.637598046074433933e-01,0.000000000000000000e+00
1.178884946385311411e-01,4.875406640872012587e-01,8.620325597094283809e-01,7.284414660137579489e-02
1.178884946385313770e-01,4.804588042060955466e-01,8.569012532691087092e-01,1.448512424473491211e-01
1.178884946385315990e-01,4.688360188145312968e-01,8.485135425761015648e-01,2.152204877769675895e-01
1.178884946385313631e-01,4.529301528730148019e-01,8.371039106154047893e-01,2.832200951251249155e-01
1.178884946385311411e-01,4.330785845573874582e-01,8.229778245092508326e-01,3.482136453323614322e-01
1.178884946385311411e-01,4.096781292829871357e-01,8.064923828569275921e-01,4.096781292829873022e-01
1.178884946385304888e-01,4.095486787132462392e-01,7.585503529108651444e-01,4.929234673809893552e-01
1.178884946385313631e-01,4.066178271108614739e-01,7.038397021052509306e-01,5.704155671507346037e-01
1.178884946385311550e-01,4.015718865352456701e-01,6.422002502243302491e-01,6.422002502243304711e-01
1.178884946385311411e-01,4.617612591578845738e-01,-6.216425188051352135e-01,-6.216425188051354356e-01
1.178884946385313631e-01,4.667705374048287115e-01,-6.837575529177667422e-01,-5.483640917042031937e-01
1.178884946385309329e-01,4.689270347136208494e-01,-7.391327181645005462e-01,-4.689270347136204053e-01
1.178884946385307109e-01,4.929234673809893552e-01,-7.585503529108651444e-01,-4.095486787132461282e-01
1.178884946385307109e-01,5.139405611321251621e-01,-7.756620376625318336e-01,-3.468656883928800672e-01
1.178884946385309329e-01,5.316492331778938096e-01,-7.901539131778817504e-01,-2.812617805228774803e-01
1.178884946385307247e-01,5.457565442471495887e-01,-8.017457627387152286e-01,-2.132037269228333476e-01
1.178884946385311411e-01,5.560185784967227596e-01,-8.102037364596815783e-01,-1.432324984949842894e-01
1.178884946385307247e-01,5.622518917456353904e-01,-8.153516734997536819e-01,-7.194971564548799381e-02
1.178884946385309190e-01,5.643425444246905620e-01,-8.170800422138134733e-01,0.000000000000000000e+00
1.178884946385313631e-01,5.622518917456351684e-01,-8.153516734997536819e-01,7.194971564548807708e-02
1.178884946385311411e-01,5.560185784967227596e-01,-8.102037364596815783e-01,1.432324984949843727e-01
1.178884946385307247e-01,5.457565442471495887e-01,-8.017457627387152286e-01,2.132037269228334864e-01
1.178884946385309190e-01,5.316492331778936986e-01,-7.901539131778816394e-01,2.812617805228776469e-01
1.178884946385307109e-01,5.139405611321251621e-01,-7.756620376625318336e-01,3.468656883928800672e-01
1.178884946385307109e-01,4.929234673809893552e-01,-7.585503529108651444e-01,4.095486787132462392e-01
1.178884946385309190e-01,4.689270347136204609e-01,-7.391327181645004352e-01,4.689270347136207939e-01
1.178884946385313631e-01,4.667705374048287115e-01,-6.837575529177667422e-01,5.483640917042033047e-01
1.178884946385311411e-01,4.617612591578845738e-01,-6.216425188051352135e-01,6.216425188051354356e-01
1.178884946385313631e-01,4.667705374048287115e-01,-5.483640917042031937e-01,-6.837575529177667422e-01
3.220472962743642364e-01,4.882139280945151372e-01,-5.735558819229802374e-01,-5.735558819229804595e-01
3.220472962743635703e-01,4.930563020802943286e-01,-6.403721612626394055e-01,-4.930563020802938290e-01
3.220472962743635703e-01,5.191970936792189573e-01,-6.638016914779936162e-01,-4.313782925326439255e-01
3.220472962743634038e-01,5.421515868739232857e-01,-6.844488372381047903e-01,-3.659057050878893325e-01
3.220472962743638479e-01,5.615345518707289818e-01,-7.019348925532407080e-01,-2.970722010454401318e-01
3.220472962743631817e-01,5.770024682802147309e-01,-7.159217448699594089e-01,-2.254101723154155468e-01
3.220472962743642364e-01,5.882689197626626010e-01,-7.261272283618738221e-01,-1.515403089449972873e-01
3.220472962743634593e-01,5.951182885264426625e-01,-7.323387854337101155e-01,-7.615553146823079989e-02
3.220472962743638479e-01,5.974165666352794224e-01,-7.344242540058757429e-01,0.000000000000000000e+00
3.220472962743645140e-01,5.951182885264424405e-01,-7.323387854337097824e-01,7.615553146823088315e-02
3.220472962743642364e-01,5.882689197626624900e-01,-7.261272283618737111e-01,1.515403089449973428e-01
3.220472962743631817e-01,5.770024682802147309e-01,-7.159217448699594089e-01,2.254101723154156856e-01
3.220472962743636258e-01,5.615345518707289818e-01,-7.019348925532407080e-01,2.970722010454403539e-01
3.220472962743634038e-01,5.421515868739232857e-01,-6.844488372381047903e-01,3.659057050878893325e-01
3.220472962743634038e-01,5.191970936792189573e-01,-6.638016914779935052e-01,4.313782925326440365e-01
3.220472962743634038e-01,4.930563020802939955e-01,-6.403721612626394055e-01,4.930563020802943286e-01
3.220472962743642364e-01,4.882139280945150261e-01,-5.735558819229801264e-01,5.735558819229805705e-01
1.178884946385313631e-01,4.667705374048287115e-01,-5.483640917042031937e-01,6.837575529177667422e-01
1.178884946385309329e-01,4.689270347136208494e-01,-4.689270347136204053e-01,-7.391327181645005462e-01
3.220472962743634593e-01,4.930563020802943841e-01,-4.930563020802938290e-01,-6.403721612626395165e-01
4.918142695970231237e-01,5.026989570378238570e-01,-5.026989570378231909e-01,-5.026989570378235239e-01
4.918142695970227352e-01,5.308434151636128862e-01,-5.308434151636124421e-01,-4.410547147187203199e-01
4.918142695970231237e-01,5.556455654381280418e-01,-5.556455654381277087e-01,-3.750129803601911505e-01
4.918142695970231237e-01,5.766504915752964644e-01,-5.766504915752962424e-01,-3.050690829184183328e-01
4.918142695970227352e-01,5.934520396951780130e-01,-5.934520396951774579e-01,-2.318363159300401710e-01
4.918142695970232903e-01,6.057112612908114313e-01,-6.057112612908110982e-01,-1.560335223973860763e-01
4.918142695970227352e-01,6.131728239554216087e-01,-6.131728239554213866e-01,-7.846591709662471825e-02
4.918142695970232903e-01,6.156779694859751961e-01,-6.156779694859748631e-01,0.000000000000000000e+00
4.918142695970237344e-01,6.131728239554213866e-01,-6.131728239554210536e-01,7.846591709662482927e-02
4.918142695970232903e-01,6.057112612908114313e-01,-6.057112612908110982e-01,1.560335223973861596e-01
4.918142695970227352e-01,5.934520396951780130e-01,-5.934520396951774579e-01,2.318363159300403098e-01
4.918142695970231237e-01,5.766504915752964644e-01,-5.766504915752962424e-01,3.050690829184184993e-01
4.918142695970231237e-01,5.556455654381280418e-01,-5.556455654381277087e-01,3.750129803601911505e-01
4.918142695970227352e-01,5.308434151636128862e-01,-5.308434151636124421e-01,4.410547147187203754e-01
4.918142695970232903e-01,5.026989570378235239e-01,-5.026989570378231909e-01,5.026989570378237460e-01
3.220472962743634038e-01,4.930563020802941065e-01,-4.930563020802936625e-01,6.403721612626397386e-01
1.178884946385309329e-01,4.689270347136208494e-01,-4.689270347136204053e-01,7.391327181645005462e-01
1.178884946385307247e-01,4.929234673809894107e-01,-4.095486787132461837e-01,-7.585503529108652554e-01
3.220472962743634593e-01,5.191970936792190683e-01,-4.313782925326439810e-01,-6.638016914779936162e-01
4.918142695970227352e-01,5.308434151636128862e-01,-4.410547147187203199e-01,-5.308434151636124421e-01
4.918142695970231237e-01,6.003319224873425730e-01,-4.459373874566909257e-01,-4.459373874566912033e-01
4.918142695970231237e-01,6.242263786520313440e-01,-4.730602240010170489e-01,-3.803605879738661821e-01
4.918142695970235123e-01,6.447011194785559063e-01,-4.961948791855544383e-01,-3.102738026870396904e-01
4.918142695970236788e-01,6.612385563570929436e-01,-5.148127811934085640e-01,-2.363262493406970144e-01
4.918142695970235123e-01,6.733959367720667721e-01,-5.284624979483096840e-01,-1.593236480308234670e-01
4.918142695970235123e-01,6.808333945843374480e-01,-5.367978887015392164e-01,-8.020373884728931868e-02
4.918142695970233458e-01,6.833369112247599242e-01,-5.396011397120573649e-01,0.000000000000000000e+00
4.918142695970235123e-01,6.808333945843374480e-01,-5.367978887015392164e-01,8.020373884728940195e-02
4.918142695970235123e-01,6.733959367720667721e-01,-5.284624979483096840e-01,1.593236480308235503e-01
4.918142695970235678e-01,6.612385563570930547e-01,-5.148127811934086751e-01,2.363262493406972087e-01
4.918142695970235123e-01,6.447011194785559063e-01,-4.961948791855544383e-01,3.102738026870398569e-01
4.918142695970231237e-01,6.242263786520313440e-01,-4.730602240010170489e-01,3.803605879738661821e-01
4.918142695970231237e-01,6.003319224873424620e-01,-4.459373874566909257e-01,4.459373874566912033e-01
4.918142695970231792e-01,5.308434151636125531e-01,-4.410547147187201533e-01,5.308434151636127751e-01
3.220472962743634038e-01,5.191970936792189573e-01,-4.313782925326439255e-01,6.638016914779936162e-01
1.178884946385307247e-01,4.929234673809894107e-01,-4.095486787132461837e-01,7.585503529108652554e-01
1.178884946385307109e-01,5.139405611321251621e-01,-3.468656883928800672e-01,-7.756620376625318336e-01
3.220472962743634593e-01,5.421515868739233968e-01,-3.659057050878893880e-01,-6.844488372381049013e-01
4.918142695970231237e-01,5.556455654381280418e-01,-3.750129803601911505e-01,-5.556455654381277087e-01
4.918142695970231237e-01,6.242263786520313440e-01,-3.803605879738661821e-01,-4.730602240010170489e-01
4.918142695970235123e-01,6.829444317138582132e-01,-3.819068128560823561e-01,-3.819068128560825781e-01
4.918142695970235678e-01,7.025835850502335500e-01,-4.080617626271382803e-01,-3.130185747209592306e-01
4.918142695970231792e-01,7.186968182124202631e-01,-4.293057673590242040e-01,-2.393536417612432410e-01
4.918142695970235123e-01,7.306881980072974514e-01,-4.449964314666638443e-01,-1.618383684282859725e-01
4.918142695970237344e-01,7.380859651619828821e-01,-4.546277647558923940e-01,-8.161757019607591979e-02
4.918142695970235123e-01,7.405867850037313183e-01,-4.578754613413817398e-01,0.000000000000000000e+00
4.918142695970237344e-01,7.380859651619828821e-01,-4.546277647558923940e-01,8.161757019607598918e-02
4.918142695970235678e-01,7.306881980072974514e-01,-4.449964314666638998e-01,1.618383684282860557e-01
4.918142695970231237e-01,7.186968182124201521e-01,-4.293057673590241485e-01,2.393536417612433520e-01
4.918142695970238454e-01,7.025835850502333280e-01,-4.080617626271380027e-01,3.130185747209592861e-01
4.918142695970235123e-01,6.829444317138582132e-01,-3.819068128560823561e-01,3.819068128560825781e-01
4.918142695970231237e-01,6.242263786520312330e-01,-3.803605879738661821e-01,4.730602240010170489e-01
4.918142695970231237e-01,5.556455654381277087e-01,-3.750129803601911505e-01,5.556455654381280418e-01
3.220472962743634593e-01,5.421515868739232857e-01,-3.659057050878893325e-01,6.844488372381049013e-01
1.178884946385307109e-01,5.139405611321251621e-01,-3.468656883928800672e-01,7.756620376625318336e-01
1.178884946385309329e-01,5.316492331778938096e-01,-2.812617805228774803e-01,-7.901539131778817504e-01
3.220472962743638479e-01,5.615345518707289818e-01,-2.970722010454401318e-01,-7.019348925532407080e-01
4.918142695970231237e-01,5.766504915752964644e-01,-3.050690829184183328e-01,-5.766504915752962424e-01
4.918142695970235123e-01,6.447011194785559063e-01,-3.102738026870396904e-01,-4.961948791855544383e-01
4.918142695970235678e-01,7.025835850502335500e-01,-3.130185747209592306e-01,-4.080617626271382803e-01
4.918142695970235123e-01,7.505364847173713327e-01,-3.121007123740967559e-01,-3.121007123740969225e-01
4.918142695970236788e-01,7.659111711551266355e-01,-3.372163209464829614e-01,-2.403829341027499400e-01
4.918142695970235123e-01,7.776060997705936950e-01,-3.560051820429577241e-01,-1.634251760864041669e-01
4.918142695970239009e-01,7.849317204176290419e-01,-3.676434745001433968e-01,-8.269942055679395387e-02
4.918142695970237344e-01,7.874275908228900445e-01,-3.715864817664999986e-01,0.000000000000000000e+00
4.918142695970239009e-01,7.849317204176290419e-01,-3.676434745001433968e-01,8.269942055679403714e-02
4.918142695970235123e-01,7.776060997705936950e-01,-3.560051820429577241e-01,1.634251760864042502e-01
4.918142695970236788e-01,7.659111711551266355e-01,-3.372163209464829614e-01,2.403829341027500788e-01
4.918142695970235123e-01,7.505364847173711107e-01,-3.121007123740968114e-01,3.121007123740970890e-01
4.918142695970235678e-01,7.025835850502335500e-01,-3.130185747209592306e-01,4.080617626271382803e-01
4.918142695970235123e-01,6.447011194785559063e-01,-3.102738026870397459e-01,4.961948791855545493e-01
4.918142695970232903e-01,5.766504915752963534e-01,-3.050690829184182773e-01,5.766504915752963534e-01
3.220472962743640144e-01,5.615345518707288708e-01,-2.970722010454400208e-01,7.019348925532405969e-01
1.178884946385309329e-01,5.316492331778938096e-01,-2.812617805228774803e-01,7.901539131778817504e-01
1.178884946385307247e-01,5.457565442471495887e-01,-2.132037269228333476e-01,-8.017457627387152286e-01
3.220472962743631817e-01,5.770024682802147309e-01,-2.254101723154155468e-01,-7.159217448699594089e-01
4.918142695970227352e-01,5.934520396951780130e-01,-2.318363159300401710e-01,-5.934520396951774579e-01
4.918142695970236788e-01,6.612385563570929436e-01,-2.363262493406970144e-01,-5.148127811934085640e-01
4.918142695970231237e-01,7.186968182124201521e-01,-2.393536417612432132e-01,-4.293057673590241485e-01
4.918142695970236788e-01,7.659111711551266355e-01,-2.403829341027499400e-01,-3.372163209464829614e-01
4.918142695970236788e-01,8.031080814978813764e-01,-2.378404230293270638e-01,-2.378404230293272303e-01
4.918142695970238454e-01,8.142003807456845710e-01,-2.616047303802008228e-01,-1.635830958779989630e-01
4.918142695970238454e-01,8.213740850690622874e-01,-2.766028960714797535e-01,-8.339169312693482661e-02
4.918142695970237344e-01,8.238593286822356587e-01,-2.817348589791511260e-01,0.000000000000000000e+00
4.918142695970238454e-01,8.213740850690622874e-01,-2.766028960714797535e-01,8.339169312693489600e-02
4.918142695970236788e-01,8.142003807456846820e-01,-2.616047303802008783e-01,1.635830958779990740e-01
4.918142695970236788e-01,8.031080814978812654e-01,-2.378404230293270638e-01,2.378404230293273691e-01
4.918142695970236788e-01,7.659111711551265245e-01,-2.403829341027499678e-01,3.372163209464831279e-01
4.918142695970231237e-01,7.186968182124201521e-01,-2.393536417612432132e-01,4.293057673590241485e-01
4.918142695970236788e-01,6.612385563570929436e-01,-2.363262493406970421e-01,5.148127811934086751e-01
4.918142695970231237e-01,5.934520396951775689e-01,-2.318363159300401155e-01,5.934520396951776799e-01
3.220472962743631817e-01,5.770024682802146199e-01,-2.254101723154155190e-01,7.159217448699595199e-01
1.178884946385307247e-01,5.457565442471495887e-01,-2.132037269228333476e-01,8.017457627387152286e-01
1.178884946385311411e-01,5.560185784967227596e-01,-1.432324984949842894e-01,-8.102037364596815783e-01
3.220472962743642364e-01,5.882689197626624900e-01,-1.515403089449972873e-01,-7.261272283618737111e-01
4.918142695970235123e-01,6.057112612908113203e-01,-1.560335223973860486e-01,-6.057112612908110982e-01
4.918142695970235123e-01,6.733959367720667721e-01,-1.593236480308234670e-01,-5.284624979483096840e-01
4.918142695970235123e-01,7.306881980072974514e-01,-1.618383684282859725e-01,-4.449964314666638443e-01
4.918142695970235123e-01,7.776060997705936950e-01,-1.634251760864041669e-01,-3.560051820429577241e-01
4.918142695970238454e-01,8.142003807456845710e-01,-1.635830958779989630e-01,-2.616047303802008228e-01
4.918142695970236788e-01,8.406592220553885664e-01,-1.603290313604730510e-01,-1.603290313604731621e-01
4.918142695970238454e-01,8.474266258186939904e-01,-1.817334931832038647e-01,-8.342526913183712090e-02
4.918142695970239009e-01,8.498819985817681610e-01,-1.892599078183370698e-01,0.000000000000000000e+00
4.918142695970238454e-01,8.474266258186939904e-01,-1.817334931832038647e-01,8.342526913183720416e-02
4.918142695970236788e-01,8.406592220553885664e-01,-1.603290313604730233e-01,1.603290313604732176e-01
4.918142695970239009e-01,8.142003807456845710e-01,-1.635830958779990185e-01,2.616047303802011004e-01
4.918142695970237344e-01,7.776060997705935840e-01,-1.634251760864041947e-01,3.560051820429578906e-01
4.918142695970235123e-01,7.306881980072974514e-01,-1.618383684282859725e-01,4.449964314666638443e-01
4.918142695970236788e-01,6.733959367720666611e-01,-1.593236480308234670e-01,5.284624979483096840e-01
4.918142695970233458e-01,6.057112612908113203e-01,-1.560335223973861041e-01,6.057112612908113203e-01
3.220472962743637924e-01,5.882689197626623789e-01,-1.515403089449972596e-01,7.261272283618740442e-01
1.178884946385311411e-01,5.560185784967227596e-01,-1.432324984949842894e-01,8.102037364596815783e-01
1.178884946385309190e-01,5.622518917456353904e-01,-7.194971564548799381e-02,-8.153516734997536819e-01
3.220472962743634593e-01,5.951182885264426625e-01,-7.615553146823079989e-02,-7.323387854337101155e-01
4.918142695970227352e-01,6.131728239554216087e-01,-7.846591709662471825e-02,-6.131728239554213866e-01
4.918142695970235123e-01,6.808333945843374480e-01,-8.020373884728931868e-02,-5.367978887015392164e-01
4.918142695970237344e-01,7.380859651619828821e-01,-8.161757019607591979e-02,-4.546277647558923940e-01
4.918142695970239009e-01,7.849317204176290419e-01,-8.269942055679395387e-02,-3.676434745001433968e-01
4.918142695970238454e-01,8.213740850690622874e-01,-8.339169312693482661e-02,-2.766028960714797535e-01
4.918142695970238454e-01,8.474266258186939904e-01,-8.342526913183712090e-02,-1.817334931832038647e-01
4.918142695970237344e-01,8.631899063898929025e-01,-8.069048806195848467e-02,-8.069048806195852630e-02
4.918142695970238454e-01,8.654956005214876624e-01,-9.505834891631220751e-02,0.000000000000000000e+00
4.918142695970237344e-01,8.631899063898929025e-01,-8.069048806195848467e-02,8.069048806195859569e-02
4.918142695970238454e-01,8.474266258186939904e-01,-8.342526913183712090e-02,1.817334931832039757e-01
4.918142695970237344e-01,8.213740850690623985e-01,-8.339169312693485436e-02,2.766028960714800311e-01
4.918142695970237344e-01,7.849317204176290419e-01,-8.269942055679396775e-02,3.676434745001436188e-01
4.918142695970237344e-01,7.380859651619828821e-01,-8.161757019607591979e-02,4.546277647558923940e-01
4.918142695970235123e-01,6.808333945843373369e-01,-8.020373884728931868e-02,5.367978887015392164e-01
4.918142695970227352e-01,6.131728239554214976e-01,-7.846591709662473213e-02,6.131728239554214976e-01
3.220472962743631817e-01,5.951182885264426625e-01,-7.615553146823079989e-02,7.323387854337101155e-01
1.178884946385309190e-01,5.622518917456353904e-01,-7.194971564548799381e-02,8.153516734997536819e-01
1.178884946385309190e-01,5.643425444246905620e-01,0.000000000000000000e+00,-8.170800422138134733e-01
3.220472962743638479e-01,5.974165666352794224e-01,0.000000000000000000e+00,-7.344242540058757429e-01
4.918142695970232903e-01,6.156779694859751961e-01,0.000000000000000000e+00,-6.156779694859748631e-01
4.918142695970233458e-01,6.833369112247599242e-01,0.000000000000000000e+00,-5.396011397120573649e-01
4.918142695970235123e-01,7.405867850037313183e-01,0.000000000000000000e+00,-4.578754613413817398e-01
4.918142695970237344e-01,7.874275908228900445e-01,0.000000000000000000e+00,-3.715864817664999986e-01
4.918142695970237344e-01,8.238593286822356587e-01,0.000000000000000000e+00,-2.817348589791511260e-01
4.918142695970239009e-01,8.498819985817681610e-01,0.000000000000000000e+00,-1.892599078183370698e-01
4.918142695970238454e-01,8.654956005214876624e-01,0.000000000000000000e+00,-9.505834891631220751e-02
4.918142695970238454e-01,8.707001345013941629e-01,0.000000000000000000e+00,8.432582140338788405e-16
4.918142695970238454e-01,8.654956005214876624e-01,0.000000000000000000e+00,9.505834891631230466e-02
4.918142695970239009e-01,8.498819985817681610e-01,0.000000000000000000e+00,1.892599078183371530e-01
4.918142695970236788e-01,8.238593286822355477e-01,0.000000000000000000e+00,2.817348589791512925e-01
4.918142695970236788e-01,7.874275908228899334e-01,0.000000000000000000e+00,3.715864817665002207e-01
4.918142695970235123e-01,7.405867850037313183e-01,0.000000000000000000e+00,4.578754613413817398e-01
4.918142695970235123e-01,6.833369112247597021e-01,0.000000000000000000e+00,5.396011397120573649e-01
4.918142695970232903e-01,6.156779694859750851e-01,0.000000000000000000e+00,6.156779694859750851e-01
3.220472962743637924e-01,5.974165666352792003e-01,0.000000000000000000e+00,7.344242540058758539e-01
1.178884946385309190e-01,5.643425444246905620e-01,0.000000000000000000e+00,8.170800422138134733e-01
1.178884946385313631e-01,5.622518917456351684e-01,7.194971564548807708e-02,-8.153516734997536819e-01
3.220472962743645140e-01,5.951182885264424405e-01,7.615553146823088315e-02,-7.323387854337097824e-01
4.918142695970239009e-01,6.131728239554212756e-01,7.846591709662481540e-02,-6.131728239554209425e-01
4.918142695970235123e-01,6.808333945843374480e-01,8.020373884728940195e-02,-5.367978887015392164e-01
4.918142695970237344e-01,7.380859651619828821e-01,8.161757019607598918e-02,-4.546277647558923940e-01
4.918142695970239009e-01,7.849317204176290419e-01,8.269942055679403714e-02,-3.676434745001433968e-01
4.918142695970238454e-01,8.213740850690622874e-01,8.339169312693489600e-02,-2.766028960714797535e-01
4.918142695970238454e-01,8.474266258186939904e-01,8.342526913183720416e-02,-1.817334931832038647e-01
4.918142695970237344e-01,8.631899063898929025e-01,8.069048806195859569e-02,-8.069048806195848467e-02
4.918142695970238454e-01,8.654956005214876624e-01,9.505834891631230466e-02,0.000000000000000000e+00
4.918142695970237344e-01,8.631899063898929025e-01,8.069048806195855406e-02,8.069048806195859569e-02
4.918142695970238454e-01,8.474266258186939904e-01,8.342526913183719028e-02,1.817334931832039757e-01
4.918142695970237344e-01,8.213740850690623985e-01,8.339169312693493763e-02,2.766028960714800311e-01
4.918142695970237344e-01,7.849317204176290419e-01,8.269942055679403714e-02,3.676434745001436188e-01
4.918142695970237344e-01,7.380859651619828821e-01,8.161757019607598918e-02,4.546277647558923940e-01
4.918142695970235123e-01,6.808333945843373369e-01,8.020373884728940195e-02,5.367978887015392164e-01
4.918142695970238454e-01,6.131728239554210536e-01,7.846591709662480152e-02,6.131728239554210536e-01
3.220472962743644585e-01,5.951182885264421074e-01,7.615553146823085540e-02,7.323387854337098934e-01
1.178884946385313631e-01,5.622518917456351684e-01,7.194971564548807708e-02,8.153516734997536819e-01
1.178884946385311411e-01,5.560185784967227596e-01,1.432324984949843727e-01,-8.102037364596815783e-01
3.220472962743642364e-01,5.882689197626624900e-01,1.515403089449973428e-01,-7.261272283618737111e-01
4.918142695970232903e-01,6.057112612908114313e-01,1.560335223973861596e-01,-6.057112612908110982e-01
4.918142695970235123e-01,6.733959367720667721e-01,1.593236480308235503e-01,-5.284624979483096840e-01
4.918142695970235678e-01,7.306881980072974514e-01,1.618383684282860557e-01,-4.449964314666638998e-01
4.918142695970235123e-01,7.776060997705936950e-01,1.634251760864042502e-01,-3.560051820429577241e-01
4.918142695970236788e-01,8.142003807456846820e-01,1.635830958779990740e-01,-2.616047303802008783e-01
4.918142695970236788e-01,8.406592220553885664e-01,1.603290313604732176e-01,-1.603290313604730233e-01
4.918142695970238454e-01,8.474266258186939904e-01,1.817334931832039757e-01,-8.342526913183712090e-02
4.918142695970239009e-01,8.498819985817681610e-01,1.892599078183371530e-01,0.000000000000000000e+00
4.918142695970238454e-01,8.474266258186939904e-01,1.817334931832039757e-01,8.342526913183719028e-02
4.918142695970236788e-01,8.406592220553885664e-01,1.603290313604731065e-01,1.603290313604732176e-01
4.918142695970236788e-01,8.142003807456845710e-01,1.635830958779991018e-01,2.616047303802011004e-01
4.918142695970237344e-01,7.776060997705935840e-01,1.634251760864042502e-01,3.560051820429578906e-01
4.918142695970235678e-01,7.306881980072974514e-01,1.618383684282860557e-01,4.449964314666638998e-01
4.918142695970236788e-01,6.733959367720666611e-01,1.593236480308235226e-01,5.284624979483096840e-01
4.918142695970233458e-01,6.057112612908113203e-01,1.560335223973861873e-01,6.057112612908113203e-01
3.220472962743637924e-01,5.882689197626623789e-01,1.515403089449973428e-01,7.261272283618740442e-01
1.178884946385311411e-01,5.560185784967227596e-01,1.432324984949843727e-01,8.102037364596815783e-01
1.178884946385307109e-01,5.457565442471494777e-01,2.132037269228334586e-01,-8.017457627387151176e-01
3.220472962743631817e-01,5.770024682802147309e-01,2.254101723154156856e-01,-7.159217448699594089e-01
4.918142695970227352e-01,5.934520396951780130e-01,2.318363159300403098e-01,-5.934520396951774579e-01
4.918142695970235678e-01,6.612385563570930547e-01,2.363262493406972087e-01,-5.148127811934086751e-01
4.918142695970231237e-01,7.186968182124201521e-01,2.393536417612433520e-01,-4.293057673590241485e-01
4.918142695970235123e-01,7.659111711551267465e-01,2.403829341027501065e-01,-3.372163209464830169e-01
4.918142695970236788e-01,8.031080814978812654e-01,2.378404230293273691e-01,-2.378404230293270638e-01
4.918142695970239009e-01,8.142003807456845710e-01,2.616047303802011004e-01,-1.635830958779990185e-01
4.918142695970237344e-01,8.213740850690623985e-01,2.766028960714800311e-01,-8.339169312693485436e-02
4.918142695970236788e-01,8.238593286822355477e-01,2.817348589791512925e-01,0.000000000000000000e+00
4.918142695970237344e-01,8.213740850690623985e-01,2.766028960714800311e-01,8.339169312693493763e-02
4.918142695970236788e-01,8.142003807456845710e-01,2.616047303802011004e-01,1.635830958779991018e-01
4.918142695970235123e-01,8.031080814978813764e-01,2.378404230293272581e-01,2.378404230293273969e-01
4.918142695970236788e-01,7.659111711551265245e-01,2.403829341027500788e-01,3.372163209464831279e-01
4.918142695970231237e-01,7.186968182124201521e-01,2.393536417612433520e-01,4.293057673590241485e-01
4.918142695970237344e-01,6.612385563570929436e-01,2.363262493406971809e-01,5.148127811934086751e-01
4.918142695970231237e-01,5.934520396951774579e-01,2.318363159300402265e-01,5.934520396951776799e-01
3.220472962743631262e-01,5.770024682802145088e-01,2.254101723154156023e-01,7.159217448699594089e-01
1.178884946385307109e-01,5.457565442471494777e-01,2.132037269228334586e-01,8.017457627387151176e-01
1.178884946385309190e-01,5.316492331778936986e-01,2.812617805228776469e-01,-7.901539131778816394e-01
3.220472962743637924e-01,5.615345518707288708e-01,2.970722010454402984e-01,-7.019348925532405969e-01
4.918142695970231237e-01,5.766504915752964644e-01,3.050690829184184993e-01,-5.766504915752962424e-01
4.918142695970235123e-01,6.447011194785559063e-01,3.102738026870398569e-01,-4.961948791855544383e-01
4.918142695970238454e-01,7.025835850502333280e-01,3.130185747209592861e-01,-4.080617626271380027e-01
4.918142695970235123e-01,7.505364847173711107e-01,3.121007123740970890e-01,-3.121007123740968114e-01
4.918142695970236788e-01,7.659111711551265245e-01,3.372163209464831279e-01,-2.403829341027499678e-01
4.918142695970237344e-01,7.776060997705935840e-01,3.560051820429578906e-01,-1.634251760864041947e-01
4.918142695970237344e-01,7.849317204176290419e-01,3.676434745001436188e-01,-8.269942055679396775e-02
4.918142695970236788e-01,7.874275908228899334e-01,3.715864817665002207e-01,0.000000000000000000e+00
4.918142695970237344e-01,7.849317204176290419e-01,3.676434745001436188e-01,8.269942055679403714e-02
4.918142695970237344e-01,7.776060997705935840e-01,3.560051820429578906e-01,1.634251760864042502e-01
4.918142695970236788e-01,7.659111711551265245e-01,3.372163209464831279e-01,2.403829341027500788e-01
4.918142695970235123e-01,7.505364847173711107e-01,3.121007123740969225e-01,3.121007123740970890e-01
4.918142695970238454e-01,7.025835850502333280e-01,3.130185747209592861e-01,4.080617626271380027e-01
4.918142695970235123e-01,6.447011194785557953e-01,3.102738026870398569e-01,4.961948791855544383e-01
4.918142695970232903e-01,5.766504915752962424e-01,3.050690829184184438e-01,5.766504915752962424e-01
3.220472962743638479e-01,5.615345518707288708e-01,2.970722010454402984e-01,7.019348925532407080e-01
1.178884946385309190e-01,5.316492331778936986e-01,2.812617805228776469e-01,7.901539131778816394e-01
1.178884946385307109e-01,5.139405611321251621e-01,3.468656883928800672e-01,-7.756620376625318336e-01
3.220472962743634593e-01,5.421515868739233968e-01,3.659057050878893880e-01,-6.844488372381049013e-01
4.918142695970231237e-01,5.556455654381280418e-01,3.750129803601911505e-01,-5.556455654381277087e-01
4.918142695970231237e-01,6.242263786520313440e-01,3.803605879738661821e-01,-4.730602240010170489e-01
4.918142695970235123e-01,6.829444317138582132e-01,3.819068128560823561e-01,-3.819068128560825781e-01
4.918142695970235678e-01,7.025835850502335500e-01,4.080617626271382803e-01,-3.130185747209592306e-01
4.918142695970231792e-01,7.186968182124202631e-01,4.293057673590242040e-01,-2.393536417612432410e-01
4.918142695970235123e-01,7.306881980072974514e-01,4.449964314666638443e-01,-1.618383684282859725e-01
4.918142695970237344e-01,7.380859651619828821e-01,4.546277647558923940e-01,-8.161757019607591979e-02
4.918142695970235123e-01,7.405867850037313183e-01,4.578754613413817398e-01,0.000000000000000000e+00
4.918142695970237344e-01,7.380859651619828821e-01,4.546277647558923940e-01,8.161757019607598918e-02
4.918142695970235678e-01,7.306881980072974514e-01,4.449964314666638998e-01,1.618383684282860557e-01
4.918142695970231237e-01,7.186968182124201521e-01,4.293057673590241485e-01,2.393536417612433520e-01
4.918142695970238454e-01,7.025835850502333280e-01,4.080617626271380027e-01,3.130185747209592861e-01
4.918142695970235123e-01,6.829444317138582132e-01,3.819068128560823561e-01,3.819068128560825781e-01
4.918142695970231237e-01,6.242263786520312330e-01,3.803605879738661821e-01,4.730602240010170489e-01
4.918142695970231237e-01,5.556455654381277087e-01,3.750129803601911505e-01,5.556455654381280418e-01
3.220472962743634593e-01,5.421515868739232857e-01,3.659057050878893325e-01,6.844488372381049013e-01
1.178884946385307109e-01,5.139405611321251621e-01,3.468656883928800672e-01,7.756620376625318336e-01
1.178884946385307109e-01,4.929234673809893552e-01,4.095486787132462392e-01,-7.585503529108651444e-01
3.220472962743634038e-01,5.191970936792189573e-01,4.313782925326440365e-01,-6.638016914779935052e-01
4.918142695970227352e-01,5.308434151636128862e-01,4.410547147187203754e-01,-5.308434151636124421e-01
4.918142695970232903e-01,6.003319224873424620e-01,4.459373874566912588e-01,-4.459373874566909257e-01
4.918142695970231237e-01,6.242263786520312330e-01,4.730602240010170489e-01,-3.803605879738661821e-01
4.918142695970235123e-01,6.447011194785559063e-01,4.961948791855545493e-01,-3.102738026870397459e-01
4.918142695970236788e-01,6.612385563570929436e-01,5.148127811934086751e-01,-2.363262493406970421e-01
4.918142695970236788e-01,6.733959367720666611e-01,5.284624979483096840e-01,-1.593236480308234670e-01
4.918142695970235123e-01,6.808333945843373369e-01,5.367978887015392164e-01,-8.020373884728931868e-02
4.918142695970235123e-01,6.833369112247597021e-01,5.396011397120573649e-01,0.000000000000000000e+00
4.918142695970235123e-01,6.808333945843373369e-01,5.367978887015392164e-01,8.020373884728940195e-02
4.918142695970236788e-01,6.733959367720666611e-01,5.284624979483096840e-01,1.593236480308235226e-01
4.918142695970237344e-01,6.612385563570929436e-01,5.148127811934086751e-01,2.363262493406971809e-01
4.918142695970235678e-01,6.447011194785559063e-01,4.961948791855544938e-01,3.102738026870399124e-01
4.918142695970231237e-01,6.242263786520312330e-01,4.730602240010170489e-01,3.803605879738661821e-01
4.918142695970231237e-01,6.003319224873424620e-01,4.459373874566909812e-01,4.459373874566912033e-01
4.918142695970231237e-01,5.308434151636124421e-01,4.410547147187202643e-01,5.308434151636126641e-01
3.220472962743634038e-01,5.191970936792189573e-01,4.313782925326440365e-01,6.638016914779936162e-01
1.178884946385307109e-01,4.929234673809893552e-01,4.095486787132462392e-01,7.585503529108651444e-01
1.178884946385309190e-01,4.689270347136204609e-01,4.689270347136207939e-01,-7.391327181645004352e-01
3.220472962743634038e-01,4.930563020802939955e-01,4.930563020802943286e-01,-6.403721612626394055e-01
4.918142695970232903e-01,5.026989570378235239e-01,5.026989570378237460e-01,-5.026989570378231909e-01
4.918142695970232903e-01,5.308434151636123310e-01,5.308434151636126641e-01,-4.410547147187201533e-01
4.918142695970231237e-01,5.556455654381277087e-01,5.556455654381280418e-01,-3.750129803601911505e-01
4.918142695970232903e-01,5.766504915752963534e-01,5.766504915752963534e-01,-3.050690829184182773e-01
4.918142695970231237e-01,5.934520396951775689e-01,5.934520396951776799e-01,-2.318363159300401155e-01
4.918142695970233458e-01,6.057112612908113203e-01,6.057112612908113203e-01,-1.560335223973861041e-01
4.918142695970227352e-01,6.131728239554214976e-01,6.131728239554214976e-01,-7.846591709662473213e-02
4.918142695970232903e-01,6.156779694859750851e-01,6.156779694859750851e-01,0.000000000000000000e+00
4.918142695970238454e-01,6.131728239554210536e-01,6.131728239554210536e-01,7.846591709662480152e-02
4.918142695970233458e-01,6.057112612908113203e-01,6.057112612908113203e-01,1.560335223973861873e-01
4.918142695970231237e-01,5.934520396951775689e-01,5.934520396951776799e-01,2.318363159300402543e-01
4.918142695970232903e-01,5.766504915752962424e-01,5.766504915752962424e-01,3.050690829184184438e-01
4.918142695970231237e-01,5.556455654381277087e-01,5.556455654381280418e-01,3.750129803601911505e-01
4.918142695970231237e-01,5.308434151636124421e-01,5.308434151636126641e-01,4.410547147187202643e-01
4.918142695970231792e-01,5.026989570378233019e-01,5.026989570378236349e-01,5.026989570378238570e-01
3.220472962743634038e-01,4.930563020802937735e-01,4.930563020802941065e-01,6.403721612626397386e-01
1.178884946385309190e-01,4.689270347136204609e-01,4.689270347136207939e-01,7.391327181645004352e-01
1.178884946385313631e-01,4.667705374048287115e-01,5.483640917042033047e-01,-6.837575529177667422e-01
3.220472962743642920e-01,4.882139280945150817e-01,5.735558819229806815e-01,-5.735558819229802374e-01
3.220472962743634593e-01,4.930563020802941621e-01,6.403721612626398496e-01,-4.930563020802937180e-01
3.220472962743634038e-01,5.191970936792189573e-01,6.638016914779936162e-01,-4.313782925326439255e-01
3.220472962743636258e-01,5.421515868739233968e-01,6.844488372381049013e-01,-3.659057050878893325e-01
3.220472962743640144e-01,5.615345518707288708e-01,7.019348925532405969e-01,-2.970722010454400208e-01
3.220472962743631817e-01,5.770024682802146199e-01,7.159217448699595199e-01,-2.254101723154155190e-01
3.220472962743638479e-01,5.882689197626624900e-01,7.261272283618741552e-01,-1.515403089449972873e-01
3.220472962743631817e-01,5.951182885264426625e-01,7.323387854337101155e-01,-7.615553146823079989e-02
3.220472962743637924e-01,5.974165666352792003e-01,7.344242540058758539e-01,0.000000000000000000e+00
3.220472962743645140e-01,5.951182885264422184e-01,7.323387854337100045e-01,7.615553146823086927e-02
3.220472962743637924e-01,5.882689197626623789e-01,7.261272283618740442e-01,1.515403089449973428e-01
3.220472962743631262e-01,5.770024682802145088e-01,7.159217448699594089e-01,2.254101723154156023e-01
3.220472962743638479e-01,5.615345518707288708e-01,7.019348925532407080e-01,2.970722010454402984e-01
3.220472962743636258e-01,5.421515868739233968e-01,6.844488372381049013e-01,3.659057050878893325e-01
3.220472962743634038e-01,5.191970936792189573e-01,6.638016914779936162e-01,4.313782925326440365e-01
3.220472962743634038e-01,4.930563020802937735e-01,6.403721612626397386e-01,4.930563020802941065e-01
3.220472962743644585e-01,4.882139280945149151e-01,5.735558819229802374e-01,5.735558819229804595e-01
1.178884946385313631e-01,4.667705374048287115e-01,5.483640917042033047e-01,6.837575529177667422e-01
1.178884946385311411e-01,4.617612591578845738e-01,6.216425188051352135e-01,-6.216425188051354356e-01
1.178884946385313631e-01,4.667705374048287115e-01,6.837575529177667422e-01,-5.483640917042031937e-01
1.178884946385309329e-01,4.689270347136208494e-01,7.391327181645005462e-01,-4.689270347136204053e-01
1.178884946385307109e-01,4.929234673809893552e-01,7.585503529108651444e-01,-4.095486787132461282e-01
1.178884946385307109e-01,5.139405611321251621e-01,7.756620376625318336e-01,-3.468656883928800672e-01
1.178884946385309329e-01,5.316492331778938096e-01,7.901539131778817504e-01,-2.812617805228774803e-01
1.178884946385307247e-01,5.457565442471495887e-01,8.017457627387152286e-01,-2.132037269228333476e-01
1.178884946385311411e-01,5.560185784967227596e-01,8.102037364596815783e-01,-1.432324984949842894e-01
1.178884946385307247e-01,5.622518917456353904e-01,8.153516734997536819e-01,-7.194971564548799381e-02
1.178884946385309190e-01,5.643425444246905620e-01,8.170800422138134733e-01,0.000000000000000000e+00
1.178884946385313631e-01,5.622518917456351684e-01,8.153516734997536819e-01,7.194971564548807708e-02
1.178884946385311411e-01,5.560185784967227596e-01,8.102037364596815783e-01,1.432324984949843727e-01
1.178884946385307247e-01,5.457565442471495887e-01,8.017457627387152286e-01,2.132037269228334864e-01
1.178884946385309190e-01,5.316492331778936986e-01,7.901539131778816394e-01,2.812617805228776469e-01
1.178884946385307109e-01,5.139405611321251621e-01,7.756620376625318336e-01,3.468656883928800672e-01
1.178884946385307109e-01,4.929234673809893552e-01,7.585503529108651444e-01,4.095486787132462392e-01
1.178884946385309190e-01,4.689270347136204609e-01,7.391327181645004352e-01,4.689270347136207939e-01
1.178884946385313631e-01,4.667705374048287115e-01,6.837575529177667422e-01,5.483640917042033047e-01
1.178884946385311411e-01,4.617612591578845738e-01,6.216425188051352135e-01,6.216425188051354356e-01
1.178884946385313631e-01,5.190933839823930196e-01,-5.986001844042351250e-01,-5.986001844042353470e-01
1.178884946385307247e-01,5.237552279045123438e-01,-6.614100281347768950e-01,-5.237552279045120107e-01
1.178884946385313631e-01,5.483640917042033047e-01,-6.837575529177667422e-01,-4.667705374048286004e-01
1.178884946385313631e-01,5.704155671507347147e-01,-7.038397021052510416e-01,-4.066178271108614184e-01
1.178884946385313631e-01,5.896264292082268321e-01,-7.213772728737549711e-01,-3.435954117741400471e-01
1.178884946385315852e-01,6.057372840774949418e-01,-7.361143120799750195e-01,-2.780653970944720332e-01
1.178884946385309190e-01,6.185212984311008189e-01,-7.478268272446957354e-01,-2.104489075098713857e-01
1.178884946385315990e-01,6.277923278398821472e-01,-7.563308997120843369e-01,-1.412185047292029427e-01
1.178884946385296145e-01,6.334119232291046675e-01,-7.614896790186131970e-01,-7.088798975283366888e-02
1.178884946385311411e-01,6.352947346485158242e-01,-7.632187779134714800e-01,0.000000000000000000e+00
1.178884946385296145e-01,6.334119232291046675e-01,-7.614896790186131970e-01,7.088798975283373827e-02
1.178884946385315990e-01,6.277923278398821472e-01,-7.563308997120843369e-01,1.412185047292029982e-01
1.178884946385309190e-01,6.185212984311008189e-01,-7.478268272446957354e-01,2.104489075098715245e-01
1.178884946385315852e-01,6.057372840774949418e-01,-7.361143120799750195e-01,2.780653970944721998e-01
1.178884946385313631e-01,5.896264292082268321e-01,-7.213772728737549711e-01,3.435954117741400471e-01
1.178884946385313354e-01,5.704155671507346037e-01,-7.038397021052509306e-01,4.066178271108614184e-01
1.178884946385313631e-01,5.483640917042033047e-01,-6.837575529177667422e-01,4.667705374048287115e-01
1.178884946385307247e-01,5.237552279045120107e-01,-6.614100281347768950e-01,5.237552279045123438e-01
1.178884946385313631e-01,5.190933839823930196e-01,-5.986001844042351250e-01,5.986001844042353470e-01
1.178884946385307247e-01,5.237552279045123438e-01,-5.237552279045120107e-01,-6.614100281347768950e-01
3.220472962743631817e-01,5.465911143814828899e-01,-5.465911143814821127e-01,-5.465911143814824458e-01
3.220472962743642920e-01,5.735558819229806815e-01,-5.735558819229803484e-01,-4.882139280945149706e-01
3.220472962743634593e-01,5.977872225225611125e-01,-5.977872225225606684e-01,-4.261295720082060590e-01
3.220472962743640144e-01,6.189482470032333650e-01,-6.189482470032330319e-01,-3.606822341419404498e-01
3.220472962743642364e-01,6.367301195060947050e-01,-6.367301195060942609e-01,-2.922927450175273334e-01
3.220472962743634038e-01,6.508625682586903771e-01,-6.508625682586899330e-01,-2.214528695722324525e-01
3.220472962743645140e-01,6.611236750016495911e-01,-6.611236750016492580e-01,-1.487162118499487928e-01
3.220472962743625711e-01,6.673483144706401360e-01,-6.673483144706395809e-01,-7.468596460356592692e-02
3.220472962743634593e-01,6.694346640869343057e-01,-6.694346640869338616e-01,0.000000000000000000e+00
3.220472962743625711e-01,6.673483144706401360e-01,-6.673483144706395809e-01,7.468596460356601019e-02
3.220472962743644585e-01,6.611236750016494801e-01,-6.611236750016491470e-01,1.487162118499488761e-01
3.220472962743634038e-01,6.508625682586903771e-01,-6.508625682586899330e-01,2.214528695722325635e-01
3.220472962743642920e-01,6.367301195060947050e-01,-6.367301195060942609e-01,2.922927450175274999e-01
3.220472962743640144e-01,6.189482470032333650e-01,-6.189482470032330319e-01,3.606822341419404498e-01
3.220472962743634593e-01,5.977872225225611125e-01,-5.977872225225606684e-01,4.261295720082061145e-01
3.220472962743642920e-01,5.735558819229806815e-01,-5.735558819229802374e-01,4.882139280945150817e-01
3.220472962743632372e-01,5.465911143814825568e-01,-5.465911143814822237e-01,5.465911143814828899e-01
1.178884946385307247e-01,5.237552279045123438e-01,-5.237552279045120107e-01,6.614100281347768950e-01
1.178884946385313631e-01,5.483640917042033047e-01,-4.667705374048286004e-01,-6.837575529177667422e-01
3.220472962743644585e-01,5.735558819229805705e-01,-4.882139280945149151e-01,-5.735558819229802374e-01
3.220472962743634038e-01,6.403721612626398496e-01,-4.930563020802936625e-01,-4.930563020802941065e-01
3.220472962743635703e-01,6.638016914779937272e-01,-5.191970936792187352e-01,-4.313782925326438700e-01
3.220472962743634593e-01,6.844488372381050123e-01,-5.421515868739232857e-01,-3.659057050878893325e-01
3.220472962743637924e-01,7.019348925532408190e-01,-5.615345518707287598e-01,-2.970722010454400208e-01
3.220472962743634038e-01,7.159217448699594089e-01,-5.770024682802143978e-01,-2.254101723154154913e-01
3.220472962743637924e-01,7.261272283618740442e-01,-5.882689197626623789e-01,-1.515403089449972873e-01
3.220472962743631817e-01,7.323387854337103375e-01,-5.951182885264424405e-01,-7.615553146823077213e-02
3.220472962743637924e-01,7.344242540058759650e-01,-5.974165666352790893e-01,0.000000000000000000e+00
3.220472962743642920e-01,7.323387854337101155e-01,-5.951182885264422184e-01,7.615553146823088315e-02
3.220472962743637924e-01,7.261272283618740442e-01,-5.882689197626623789e-01,1.515403089449973428e-01
3.220472962743634038e-01,7.159217448699594089e-01,-5.770024682802143978e-01,2.254101723154156300e-01
3.220472962743635703e-01,7.019348925532408190e-01,-5.615345518707287598e-01,2.970722010454402429e-01
3.220472962743634593e-01,6.844488372381050123e-01,-5.421515868739232857e-01,3.659057050878893325e-01
3.220472962743634593e-01,6.638016914779938382e-01,-5.191970936792188462e-01,4.313782925326439810e-01
3.220472962743634038e-01,6.403721612626397386e-01,-4.930563020802936625e-01,4.930563020802941065e-01
3.220472962743644585e-01,5.735558819229802374e-01,-4.882139280945149151e-01,5.735558819229804595e-01
1.178884946385313631e-01,5.483640917042033047e-01,-4.667705374048286004e-01,6.837575529177667422e-01
1.178884946385313354e-01,5.704155671507346037e-01,-4.066178271108613074e-01,-7.038397021052509306e-01
3.220472962743635703e-01,5.977872225225611125e-01,-4.261295720082060035e-01,-5.977872225225606684e-01
3.220472962743634593e-01,6.638016914779938382e-01,-4.313782925326438700e-01,-5.191970936792188462e-01
3.220472962743631817e-01,7.216490685596426147e-01,-4.333059893478122815e-01,-4.333059893478125035e-01
3.220472962743636258e-01,7.415405825546140806e-01,-4.586823791253298865e-01,-3.688001877261766759e-01
3.220472962743637924e-01,7.585852723725020619e-01,-4.802587927387781952e-01,-3.003088668337988709e-01
3.220472962743642920e-01,7.723522589422366913e-01,-4.975783676967035496e-01,-2.284147435466463150e-01
3.220472962743642364e-01,7.824729622970181264e-01,-5.102517915383670832e-01,-1.538333886657508309e-01
3.220472962743638479e-01,7.886644527055098886e-01,-5.179810363866688139e-01,-7.739228608125769959e-02
3.220472962743637924e-01,7.907485652689588695e-01,-5.205787601194034053e-01,0.000000000000000000e+00
3.220472962743638479e-01,7.886644527055098886e-01,-5.179810363866688139e-01,7.739228608125778286e-02
3.220472962743642364e-01,7.824729622970181264e-01,-5.102517915383670832e-01,1.538333886657509142e-01
3.220472962743642920e-01,7.723522589422366913e-01,-4.975783676967035496e-01,2.284147435466464537e-01
3.220472962743637924e-01,7.585852723725020619e-01,-4.802587927387781952e-01,3.003088668337989819e-01
3.220472962743636258e-01,7.415405825546140806e-01,-4.586823791253298865e-01,3.688001877261766759e-01
3.220472962743636258e-01,7.216490685596425037e-01,-4.333059893478121705e-01,4.333059893478125035e-01
3.220472962743634038e-01,6.638016914779936162e-01,-4.313782925326439255e-01,5.191970936792189573e-01
3.220472962743640144e-01,5.977872225225607794e-01,-4.261295720082059479e-01,5.977872225225608904e-01
1.178884946385313354e-01,5.704155671507346037e-01,-4.066178271108613074e-01,7.038397021052509306e-01
1.178884946385313631e-01,5.896264292082268321e-01,-3.435954117741400471e-01,-7.213772728737549711e-01
3.220472962743638479e-01,6.189482470032334760e-01,-3.606822341419405054e-01,-6.189482470032329209e-01
3.220472962743634593e-01,6.844488372381050123e-01,-3.659057050878893325e-01,-5.421515868739232857e-01
3.220472962743636258e-01,7.415405825546140806e-01,-3.688001877261766759e-01,-4.586823791253298865e-01
3.220472962743637924e-01,7.904218362724908520e-01,-3.684554652234078853e-01,-3.684554652234080518e-01
3.220472962743640699e-01,8.067709212128382212e-01,-3.930609738008455367e-01,-3.015116755989585839e-01
3.220472962743635703e-01,8.201847692092424369e-01,-4.129931905767338929e-01,-2.302587845377533360e-01
3.220472962743642920e-01,8.301672813603797607e-01,-4.276849026998855163e-01,-1.555424312645188045e-01
3.220472962743642364e-01,8.363257303275686283e-01,-4.366905804909184674e-01,-7.839737664574900067e-02
3.220472962743638479e-01,8.384075978761827974e-01,-4.397251855259842745e-01,0.000000000000000000e+00
3.220472962743642364e-01,8.363257303275686283e-01,-4.366905804909184674e-01,7.839737664574908393e-02
3.220472962743640144e-01,8.301672813603797607e-01,-4.276849026998855163e-01,1.555424312645188878e-01
3.220472962743635703e-01,8.201847692092424369e-01,-4.129931905767338929e-01,2.302587845377535303e-01
3.220472962743642364e-01,8.067709212128382212e-01,-3.930609738008452592e-01,3.015116755989585839e-01
3.220472962743637924e-01,7.904218362724908520e-01,-3.684554652234078853e-01,3.684554652234080518e-01
3.220472962743636258e-01,7.415405825546140806e-01,-3.688001877261766759e-01,4.586823791253298865e-01
3.220472962743635703e-01,6.844488372381047903e-01,-3.659057050878892769e-01,5.421515868739232857e-01
3.220472962743638479e-01,6.189482470032330319e-01,-3.606822341419405054e-01,6.189482470032332539e-01
1.178884946385313631e-01,5.896264292082268321e-01,-3.435954117741400471e-01,7.213772728737549711e-01
1.178884946385313631e-01,6.057372840774949418e-01,-2.780653970944720332e-01,-7.361143120799750195e-01
3.220472962743642364e-01,6.367301195060947050e-01,-2.922927450175273334e-01,-6.367301195060942609e-01
3.220472962743637924e-01,7.019348925532408190e-01,-2.970722010454400208e-01,-5.615345518707287598e-01
3.220472962743637924e-01,7.585852723725020619e-01,-3.003088668337988709e-01,-4.802587927387781952e-01
3.220472962743640699e-01,8.067709212128382212e-01,-3.015116755989585839e-01,-3.930609738008455367e-01
3.220472962743640699e-01,8.466904644011850056e-01,-2.995002474577256879e-01,-2.995002474577258544e-01
3.220472962743640699e-01,8.594894914364545890e-01,-3.232255235693539674e-01,-2.304096655654744308e-01
3.220472962743644030e-01,8.692252156823377929e-01,-3.409372964918104820e-01,-1.565082210148094899e-01
3.220472962743644585e-01,8.753236045562265977e-01,-3.518925962163830801e-01,-7.915634527414791566e-02
3.220472962743640144e-01,8.774013518275477486e-01,-3.556014718382979889e-01,0.000000000000000000e+00
3.220472962743644585e-01,8.753236045562265977e-01,-3.518925962163830801e-01,7.915634527414799892e-02
3.220472962743644030e-01,8.692252156823377929e-01,-3.409372964918104820e-01,1.565082210148096009e-01
3.220472962743640144e-01,8.594894914364544780e-01,-3.232255235693539119e-01,2.304096655654745973e-01
3.220472962743638479e-01,8.466904644011848946e-01,-2.995002474577257434e-01,2.995002474577260765e-01
3.220472962743640699e-01,8.067709212128382212e-01,-3.015116755989585839e-01,3.930609738008455367e-01
3.220472962743642920e-01,7.585852723725019509e-01,-3.003088668337988154e-01,4.802587927387781397e-01
3.220472962743640144e-01,7.019348925532405969e-01,-2.970722010454400208e-01,5.615345518707288708e-01
3.220472962743644585e-01,6.367301195060942609e-01,-2.922927450175273334e-01,6.367301195060945940e-01
1.178884946385313631e-01,6.057372840774949418e-01,-2.780653970944720332e-01,7.361143120799750195e-01
1.178884946385309190e-01,6.185212984311008189e-01,-2.104489075098713857e-01,-7.478268272446957354e-01
3.220472962743634038e-01,6.508625682586903771e-01,-2.214528695722324525e-01,-6.508625682586899330e-01
3.220472962743631817e-01,7.159217448699595199e-01,-2.254101723154155190e-01,-5.770024682802145088e-01
3.220472962743642920e-01,7.723522589422366913e-01,-2.284147435466463150e-01,-4.975783676967035496e-01
3.220472962743635703e-01,8.201847692092424369e-01,-2.302587845377533360e-01,-4.129931905767338929e-01
3.220472962743640699e-01,8.594894914364545890e-01,-2.304096655654744308e-01,-3.232255235693539674e-01
3.220472962743642920e-01,8.904549529457247425e-01,-2.273494180076110760e-01,-2.273494180076112148e-01
3.220472962743642920e-01,8.996890038989396876e-01,-2.498665851955322315e-01,-1.562431593012296449e-01
3.220472962743642364e-01,9.056609263800687870e-01,-2.640571510193118754e-01,-7.960933605006320635e-02
3.220472962743642364e-01,9.077298271230538340e-01,-2.689090922849627363e-01,0.000000000000000000e+00
3.220472962743642364e-01,9.056609263800687870e-01,-2.640571510193118754e-01,7.960933605006328961e-02
3.220472962743642920e-01,8.996890038989396876e-01,-2.498665851955322315e-01,1.562431593012297282e-01
3.220472962743640144e-01,8.904549529457247425e-01,-2.273494180076110760e-01,2.273494180076113536e-01
3.220472962743642920e-01,8.594894914364544780e-01,-2.304096655654745140e-01,3.232255235693540785e-01
3.220472962743635703e-01,8.201847692092424369e-01,-2.302587845377533360e-01,4.129931905767338929e-01
3.220472962743644585e-01,7.723522589422364693e-01,-2.284147435466463150e-01,4.975783676967036051e-01
3.220472962743631262e-01,7.159217448699594089e-01,-2.254101723154154635e-01,5.770024682802145088e-01
3.220472962743634038e-01,6.508625682586900441e-01,-2.214528695722324525e-01,6.508625682586902661e-01
1.178884946385309190e-01,6.185212984311008189e-01,-2.104489075098713857e-01,7.478268272446957354e-01
1.178884946385315990e-01,6.277923278398821472e-01,-1.412185047292029427e-01,-7.563308997120843369e-01
3.220472962743645140e-01,6.611236750016495911e-01,-1.487162118499487928e-01,-6.611236750016492580e-01
3.220472962743637924e-01,7.261272283618740442e-01,-1.515403089449972873e-01,-5.882689197626623789e-01
3.220472962743642364e-01,7.824729622970181264e-01,-1.538333886657508309e-01,-5.102517915383670832e-01
3.220472962743642364e-01,8.301672813603796497e-01,-1.555424312645187768e-01,-4.276849026998854608e-01
3.220472962743644585e-01,8.692252156823377929e-01,-1.565082210148094899e-01,-3.409372964918104265e-01
3.220472962743642920e-01,8.996890038989396876e-01,-1.562431593012296449e-01,-2.498665851955322315e-01
3.220472962743642364e-01,9.217153019061103958e-01,-1.528503208935126645e-01,-1.528503208935127755e-01
3.220472962743642920e-01,9.273489897263986759e-01,-1.731752886211255227e-01,-7.949660135370248404e-02
3.220472962743642920e-01,9.293930237627011648e-01,-1.803167944025047265e-01,0.000000000000000000e+00
3.220472962743642920e-01,9.273489897263986759e-01,-1.731752886211255227e-01,7.949660135370256731e-02
3.220472962743642364e-01,9.217153019061103958e-01,-1.528503208935126922e-01,1.528503208935128310e-01
3.220472962743642920e-01,8.996890038989396876e-01,-1.562431593012296449e-01,2.498665851955323425e-01
3.220472962743644585e-01,8.692252156823377929e-01,-1.565082210148094621e-01,3.409372964918104820e-01
3.220472962743642364e-01,8.301672813603796497e-01,-1.555424312645187768e-01,4.276849026998854608e-01
3.220472962743642364e-01,7.824729622970181264e-01,-1.538333886657508309e-01,5.102517915383670832e-01
3.220472962743638479e-01,7.261272283618741552e-01,-1.515403089449972873e-01,5.882689197626624900e-01
3.220472962743644585e-01,6.611236750016492580e-01,-1.487162118499487928e-01,6.611236750016493691e-01
1.178884946385315990e-01,6.277923278398821472e-01,-1.412185047292029427e-01,7.563308997120843369e-01
1.178884946385296145e-01,6.334119232291046675e-01,-7.088798975283366888e-02,-7.614896790186131970e-01
3.220472962743625711e-01,6.673483144706401360e-01,-7.468596460356592692e-02,-6.673483144706395809e-01
3.220472962743631817e-01,7.323387854337103375e-01,-7.615553146823077213e-02,-5.951182885264424405e-01
3.220472962743640144e-01,7.886644527055097775e-01,-7.739228608125768571e-02,-5.179810363866688139e-01
3.220472962743640144e-01,8.363257303275687393e-01,-7.839737664574901455e-02,-4.366905804909185229e-01
3.220472962743644585e-01,8.753236045562265977e-01,-7.915634527414791566e-02,-3.518925962163830801e-01
3.220472962743642364e-01,9.056609263800687870e-01,-7.960933605006320635e-02,-2.640571510193118754e-01
3.220472962743642920e-01,9.273489897263986759e-01,-7.949660135370248404e-02,-1.731752886211255227e-01
3.220472962743642364e-01,9.404715112823418544e-01,-7.680779722358889450e-02,-7.680779722358895001e-02
3.220472962743642920e-01,9.423909417464895188e-01,-9.047017119767458704e-02,0.000000000000000000e+00
3.220472962743640144e-01,9.404715112823419654e-01,-7.680779722358890838e-02,7.680779722358903328e-02
3.220472962743644585e-01,9.273489897263985648e-01,-7.949660135370248404e-02,1.731752886211256059e-01
3.220472962743642364e-01,9.056609263800687870e-01,-7.960933605006320635e-02,2.640571510193120419e-01
3.220472962743644030e-01,8.753236045562263756e-01,-7.915634527414791566e-02,3.518925962163832466e-01
3.220472962743640144e-01,8.363257303275687393e-01,-7.839737664574901455e-02,4.366905804909185229e-01
3.220472962743640144e-01,7.886644527055097775e-01,-7.739228608125768571e-02,5.179810363866688139e-01
3.220472962743631817e-01,7.323387854337101155e-01,-7.615553146823079989e-02,5.951182885264426625e-01
3.220472962743625711e-01,6.673483144706396919e-01,-7.468596460356592692e-02,6.673483144706400250e-01
1.178884946385296145e-01,6.334119232291046675e-01,-7.088798975283366888e-02,7.614896790186131970e-01
1.178884946385311411e-01,6.352947346485158242e-01,0.000000000000000000e+00,-7.632187779134714800e-01
3.220472962743634593e-01,6.694346640869343057e-01,0.000000000000000000e+00,-6.694346640869338616e-01
3.220472962743637924e-01,7.344242540058759650e-01,0.000000000000000000e+00,-5.974165666352790893e-01
3.220472962743637924e-01,7.907485652689588695e-01,0.000000000000000000e+00,-5.205787601194034053e-01
3.220472962743638479e-01,8.384075978761827974e-01,0.000000000000000000e+00,-4.397251855259842745e-01
3.220472962743640144e-01,8.774013518275477486e-01,0.000000000000000000e+00,-3.556014718382979889e-01
3.220472962743642364e-01,9.077298271230538340e-01,0.000000000000000000e+00,-2.689090922849627363e-01
3.220472962743642920e-01,9.293930237627011648e-01,0.000000000000000000e+00,-1.803167944025047265e-01
3.220472962743642920e-01,9.423909417464895188e-01,0.000000000000000000e+00,-9.047017119767458704e-02
3.220472962743644585e-01,9.467235810744188962e-01,0.000000000000000000e+00,8.022749210214832856e-16
3.220472962743642364e-01,9.423909417464894078e-01,0.000000000000000000e+00,9.047017119767467030e-02
3.220472962743640144e-01,9.293930237627011648e-01,0.000000000000000000e+00,1.803167944025047820e-01
3.220472962743642364e-01,9.077298271230538340e-01,0.000000000000000000e+00,2.689090922849629584e-01
3.220472962743638479e-01,8.774013518275478596e-01,0.000000000000000000e+00,3.556014718382980999e-01
3.220472962743638479e-01,8.384075978761827974e-01,0.000000000000000000e+00,4.397251855259842745e-01
3.220472962743642364e-01,7.907485652689586475e-01,0.000000000000000000e+00,5.205787601194034053e-01
3.220472962743637924e-01,7.344242540058758539e-01,0.000000000000000000e+00,5.974165666352792003e-01
3.220472962743631817e-01,6.694346640869340836e-01,0.000000000000000000e+00,6.694346640869341947e-01
1.178884946385311411e-01,6.352947346485158242e-01,0.000000000000000000e+00,7.632187779134714800e-01
1.178884946385296145e-01,6.334119232291046675e-01,7.088798975283373827e-02,-7.614896790186131970e-01
3.220472962743625711e-01,6.673483144706401360e-01,7.468596460356601019e-02,-6.673483144706395809e-01
3.220472962743642364e-01,7.323387854337100045e-01,7.615553146823086927e-02,-5.951182885264421074e-01
3.220472962743640144e-01,7.886644527055097775e-01,7.739228608125776898e-02,-5.179810363866688139e-01
3.220472962743640144e-01,8.363257303275687393e-01,7.839737664574909781e-02,-4.366905804909185229e-01
3.220472962743644585e-01,8.753236045562265977e-01,7.915634527414799892e-02,-3.518925962163830801e-01
3.220472962743642364e-01,9.056609263800687870e-01,7.960933605006328961e-02,-2.640571510193118754e-01
3.220472962743642920e-01,9.273489897263986759e-01,7.949660135370256731e-02,-1.731752886211255227e-01
3.220472962743640144e-01,9.404715112823419654e-01,7.680779722358903328e-02,-7.680779722358890838e-02
3.220472962743642364e-01,9.423909417464894078e-01,9.047017119767467030e-02,0.000000000000000000e+00
3.220472962743638479e-01,9.404715112823419654e-01,7.680779722358899164e-02,7.680779722358904715e-02
3.220472962743644585e-01,9.273489897263985648e-01,7.949660135370255343e-02,1.731752886211256059e-01
3.220472962743642364e-01,9.056609263800687870e-01,7.960933605006328961e-02,2.640571510193120419e-01
3.220472962743644030e-01,8.753236045562263756e-01,7.915634527414798505e-02,3.518925962163832466e-01
3.220472962743640144e-01,8.363257303275687393e-01,7.839737664574909781e-02,4.366905804909185229e-01
3.220472962743640144e-01,7.886644527055097775e-01,7.739228608125776898e-02,5.179810363866688139e-01
3.220472962743644585e-01,7.323387854337098934e-01,7.615553146823085540e-02,5.951182885264421074e-01
3.220472962743625711e-01,6.673483144706396919e-01,7.468596460356599631e-02,6.673483144706400250e-01
1.178884946385296145e-01,6.334119232291046675e-01,7.088798975283373827e-02,7.614896790186131970e-01
1.178884946385315990e-01,6.277923278398821472e-01,1.412185047292029982e-01,-7.563308997120843369e-01
3.220472962743644585e-01,6.611236750016494801e-01,1.487162118499488761e-01,-6.611236750016491470e-01
3.220472962743637924e-01,7.261272283618740442e-01,1.515403089449973428e-01,-5.882689197626623789e-01
3.220472962743642364e-01,7.824729622970181264e-01,1.538333886657509142e-01,-5.102517915383670832e-01
3.220472962743642364e-01,8.301672813603796497e-01,1.555424312645188600e-01,-4.276849026998854608e-01
3.220472962743644585e-01,8.692252156823377929e-01,1.565082210148096009e-01,-3.409372964918104265e-01
3.220472962743642920e-01,8.996890038989396876e-01,1.562431593012297282e-01,-2.498665851955322315e-01
3.220472962743642364e-01,9.217153019061103958e-01,1.528503208935128310e-01,-1.528503208935126922e-01
3.220472962743644585e-01,9.273489897263985648e-01,1.731752886211256059e-01,-7.949660135370248404e-02
3.220472962743640144e-01,9.293930237627011648e-01,1.803167944025047820e-01,0.000000000000000000e+00
3.220472962743644585e-01,9.273489897263985648e-01,1.731752886211256059e-01,7.949660135370255343e-02
3.220472962743642364e-01,9.217153019061103958e-01,1.528503208935127478e-01,1.528503208935128310e-01
3.220472962743642920e-01,8.996890038989396876e-01,1.562431593012297282e-01,2.498665851955323425e-01
3.220472962743644585e-01,8.692252156823377929e-01,1.565082210148095454e-01,3.409372964918104820e-01
3.220472962743642364e-01,8.301672813603796497e-01,1.555424312645188600e-01,4.276849026998854608e-01
3.220472962743642364e-01,7.824729622970181264e-01,1.538333886657509142e-01,5.102517915383670832e-01
3.220472962743637924e-01,7.261272283618740442e-01,1.515403089449973428e-01,5.882689197626623789e-01
3.220472962743644585e-01,6.611236750016492580e-01,1.487162118499488761e-01,6.611236750016493691e-01
1.178884946385315990e-01,6.277923278398821472e-01,1.412185047292029982e-01,7.563308997120843369e-01
1.178884946385308913e-01,6.185212984311007078e-01,2.104489075098714690e-01,-7.478268272446956244e-01
3.220472962743634038e-01,6.508625682586903771e-01,2.214528695722325635e-01,-6.508625682586899330e-01
3.220472962743631817e-01,7.159217448699595199e-01,2.254101723154156578e-01,-5.770024682802145088e-01
3.220472962743642920e-01,7.723522589422366913e-01,2.284147435466464537e-01,-4.975783676967035496e-01
3.220472962743635703e-01,8.201847692092424369e-01,2.302587845377535303e-01,-4.129931905767338929e-01
3.220472962743640144e-01,8.594894914364544780e-01,2.304096655654745973e-01,-3.232255235693539119e-01
3.220472962743640144e-01,8.904549529457247425e-01,2.273494180076113536e-01,-2.273494180076110760e-01
3.220472962743642920e-01,8.996890038989396876e-01,2.498665851955323425e-01,-1.562431593012296449e-01
3.220472962743642364e-01,9.056609263800687870e-01,2.640571510193120419e-01,-7.960933605006320635e-02
3.220472962743642364e-01,9.077298271230538340e-01,2.689090922849629584e-01,0.000000000000000000e+00
3.220472962743642364e-01,9.056609263800687870e-01,2.640571510193120419e-01,7.960933605006328961e-02
3.220472962743642920e-01,8.996890038989396876e-01,2.498665851955323425e-01,1.562431593012297282e-01
3.220472962743640144e-01,8.904549529457247425e-01,2.273494180076112148e-01,2.273494180076113536e-01
3.220472962743642920e-01,8.594894914364543670e-01,2.304096655654745973e-01,3.232255235693540785e-01
3.220472962743635703e-01,8.201847692092424369e-01,2.302587845377535303e-01,4.129931905767338929e-01
3.220472962743644585e-01,7.723522589422364693e-01,2.284147435466464815e-01,4.975783676967036051e-01
3.220472962743631262e-01,7.159217448699594089e-01,2.254101723154156023e-01,5.770024682802145088e-01
3.220472962743631817e-01,6.508625682586901551e-01,2.214528695722325913e-01,6.508625682586903771e-01
1.178884946385308913e-01,6.185212984311007078e-01,2.104489075098714690e-01,7.478268272446956244e-01
1.178884946385313631e-01,6.057372840774949418e-01,2.780653970944721998e-01,-7.361143120799750195e-01
3.220472962743642920e-01,6.367301195060947050e-01,2.922927450175274999e-01,-6.367301195060942609e-01
3.220472962743635703e-01,7.019348925532408190e-01,2.970722010454402429e-01,-5.615345518707287598e-01
3.220472962743635703e-01,7.585852723725020619e-01,3.003088668337989819e-01,-4.802587927387781952e-01
3.220472962743642364e-01,8.067709212128382212e-01,3.015116755989585839e-01,-3.930609738008452592e-01
3.220472962743638479e-01,8.466904644011848946e-01,2.995002474577260765e-01,-2.995002474577257434e-01
3.220472962743642920e-01,8.594894914364544780e-01,3.232255235693540785e-01,-2.304096655654745140e-01
3.220472962743644585e-01,8.692252156823377929e-01,3.409372964918104820e-01,-1.565082210148094621e-01
3.220472962743644030e-01,8.753236045562263756e-01,3.518925962163832466e-01,-7.915634527414791566e-02
3.220472962743638479e-01,8.774013518275478596e-01,3.556014718382980999e-01,0.000000000000000000e+00
3.220472962743644030e-01,8.753236045562263756e-01,3.518925962163832466e-01,7.915634527414798505e-02
3.220472962743644585e-01,8.692252156823377929e-01,3.409372964918104820e-01,1.565082210148095454e-01
3.220472962743642920e-01,8.594894914364543670e-01,3.232255235693540785e-01,2.304096655654745973e-01
3.220472962743636258e-01,8.466904644011848946e-01,2.995002474577259099e-01,2.995002474577260765e-01
3.220472962743642364e-01,8.067709212128382212e-01,3.015116755989585839e-01,3.930609738008452592e-01
3.220472962743642920e-01,7.585852723725019509e-01,3.003088668337989264e-01,4.802587927387781397e-01
3.220472962743638479e-01,7.019348925532407080e-01,2.970722010454402984e-01,5.615345518707288708e-01
3.220472962743644585e-01,6.367301195060942609e-01,2.922927450175274444e-01,6.367301195060945940e-01
1.178884946385313631e-01,6.057372840774949418e-01,2.780653970944721998e-01,7.361143120799750195e-01
1.178884946385313631e-01,5.896264292082268321e-01,3.435954117741400471e-01,-7.213772728737549711e-01
3.220472962743638479e-01,6.189482470032334760e-01,3.606822341419405054e-01,-6.189482470032329209e-01
3.220472962743634593e-01,6.844488372381050123e-01,3.659057050878893325e-01,-5.421515868739232857e-01
3.220472962743636258e-01,7.415405825546140806e-01,3.688001877261766759e-01,-4.586823791253298865e-01
3.220472962743637924e-01,7.904218362724908520e-01,3.684554652234078853e-01,-3.684554652234080518e-01
3.220472962743640699e-01,8.067709212128382212e-01,3.930609738008455367e-01,-3.015116755989585839e-01
3.220472962743635703e-01,8.201847692092424369e-01,4.129931905767338929e-01,-2.302587845377533360e-01
3.220472962743642920e-01,8.301672813603797607e-01,4.276849026998855163e-01,-1.555424312645188045e-01
3.220472962743642364e-01,8.363257303275686283e-01,4.366905804909184674e-01,-7.839737664574900067e-02
3.220472962743638479e-01,8.384075978761827974e-01,4.397251855259842745e-01,0.000000000000000000e+00
3.220472962743642364e-01,8.363257303275686283e-01,4.366905804909184674e-01,7.839737664574908393e-02
3.220472962743640144e-01,8.301672813603797607e-01,4.276849026998855163e-01,1.555424312645188878e-01
3.220472962743635703e-01,8.201847692092424369e-01,4.129931905767338929e-01,2.302587845377535303e-01
3.220472962743642364e-01,8.067709212128382212e-01,3.930609738008452592e-01,3.015116755989585839e-01
3.220472962743637924e-01,7.904218362724908520e-01,3.684554652234078853e-01,3.684554652234080518e-01
3.220472962743636258e-01,7.415405825546140806e-01,3.688001877261766759e-01,4.586823791253298865e-01
3.220472962743635703e-01,6.844488372381047903e-01,3.659057050878892769e-01,5.421515868739232857e-01
3.220472962743638479e-01,6.189482470032330319e-01,3.606822341419405054e-01,6.189482470032332539e-01
1.178884946385313631e-01,5.896264292082268321e-01,3.435954117741400471e-01,7.213772728737549711e-01
1.178884946385313631e-01,5.704155671507346037e-01,4.066178271108614739e-01,-7.038397021052509306e-01
3.220472962743634593e-01,5.977872225225611125e-01,4.261295720082061700e-01,-5.977872225225606684e-01
3.220472962743634038e-01,6.638016914779937272e-01,4.313782925326439255e-01,-5.191970936792187352e-01
3.220472962743635703e-01,7.216490685596423926e-01,4.333059893478124480e-01,-4.333059893478121150e-01
3.220472962743636258e-01,7.415405825546140806e-01,4.586823791253298865e-01,-3.688001877261766759e-01
3.220472962743642920e-01,7.585852723725019509e-01,4.802587927387781397e-01,-3.003088668337988154e-01
3.220472962743644585e-01,7.723522589422364693e-01,4.975783676967036051e-01,-2.284147435466463150e-01
3.220472962743642364e-01,7.824729622970181264e-01,5.102517915383670832e-01,-1.538333886657508309e-01
3.220472962743638479e-01,7.886644527055098886e-01,5.179810363866688139e-01,-7.739228608125769959e-02
3.220472962743642364e-01,7.907485652689586475e-01,5.205787601194034053e-01,0.000000000000000000e+00
3.220472962743638479e-01,7.886644527055098886e-01,5.179810363866688139e-01,7.739228608125778286e-02
3.220472962743642364e-01,7.824729622970181264e-01,5.102517915383670832e-01,1.538333886657509142e-01
3.220472962743644585e-01,7.723522589422364693e-01,4.975783676967036051e-01,2.284147435466464815e-01
3.220472962743642920e-01,7.585852723725019509e-01,4.802587927387781397e-01,3.003088668337989264e-01
3.220472962743636258e-01,7.415405825546140806e-01,4.586823791253298865e-01,3.688001877261766759e-01
3.220472962743634593e-01,7.216490685596423926e-01,4.333059893478122815e-01,4.333059893478124480e-01
3.220472962743634038e-01,6.638016914779936162e-01,4.313782925326440365e-01,5.191970936792189573e-01
3.220472962743638479e-01,5.977872225225607794e-01,4.261295720082060590e-01,5.977872225225610014e-01
1.178884946385313631e-01,5.704155671507346037e-01,4.066178271108614739e-01,7.038397021052509306e-01
1.178884946385313631e-01,5.483640917042033047e-01,4.667705374048287115e-01,-6.837575529177667422e-01
3.220472962743642920e-01,5.735558819229806815e-01,4.882139280945150817e-01,-5.735558819229802374e-01
3.220472962743634038e-01,6.403721612626397386e-01,4.930563020802941065e-01,-4.930563020802936625e-01
3.220472962743634038e-01,6.638016914779936162e-01,5.191970936792189573e-01,-4.313782925326439255e-01
3.220472962743636258e-01,6.844488372381049013e-01,5.421515868739233968e-01,-3.659057050878893325e-01
3.220472962743640144e-01,7.019348925532405969e-01,5.615345518707288708e-01,-2.970722010454400208e-01
3.220472962743631817e-01,7.159217448699595199e-01,5.770024682802146199e-01,-2.254101723154155190e-01
3.220472962743638479e-01,7.261272283618741552e-01,5.882689197626624900e-01,-1.515403089449972873e-01
3.220472962743631817e-01,7.323387854337101155e-01,5.951182885264426625e-01,-7.615553146823079989e-02
3.220472962743637924e-01,7.344242540058758539e-01,5.974165666352792003e-01,0.000000000000000000e+00
3.220472962743645140e-01,7.323387854337100045e-01,5.951182885264422184e-01,7.615553146823086927e-02
3.220472962743637924e-01,7.261272283618740442e-01,5.882689197626623789e-01,1.515403089449973428e-01
3.220472962743631262e-01,7.159217448699594089e-01,5.770024682802145088e-01,2.254101723154156023e-01
3.220472962743638479e-01,7.019348925532407080e-01,5.615345518707288708e-01,2.970722010454402984e-01
3.220472962743636258e-01,6.844488372381049013e-01,5.421515868739233968e-01,3.659057050878893325e-01
3.220472962743634038e-01,6.638016914779936162e-01,5.191970936792189573e-01,4.313782925326440365e-01
3.220472962743634038e-01,6.403721612626397386e-01,4.930563020802937735e-01,4.930563020802941065e-01
3.220472962743644585e-01,5.735558819229802374e-01,4.882139280945149151e-01,5.735558819229804595e-01
1.178884946385313631e-01,5.483640917042033047e-01,4.667705374048287115e-01,6.837575529177667422e-01
1.178884946385305027e-01,5.237552279045120107e-01,5.237552279045123438e-01,-6.614100281347768950e-01
3.220472962743631262e-01,5.465911143814824458e-01,5.465911143814827788e-01,-5.465911143814821127e-01
3.220472962743644030e-01,5.735558819229802374e-01,5.735558819229804595e-01,-4.882139280945149151e-01
3.220472962743640144e-01,5.977872225225607794e-01,5.977872225225608904e-01,-4.261295720082059479e-01
3.220472962743640144e-01,6.189482470032330319e-01,6.189482470032331429e-01,-3.606822341419404498e-01
3.220472962743644585e-01,6.367301195060942609e-01,6.367301195060945940e-01,-2.922927450175273334e-01
3.220472962743634038e-01,6.508625682586900441e-01,6.508625682586902661e-01,-2.214528695722324525e-01
3.220472962743644585e-01,6.611236750016493691e-01,6.611236750016494801e-01,-1.487162118499488206e-01
3.220472962743625711e-01,6.673483144706396919e-01,6.673483144706400250e-01,-7.468596460356592692e-02
3.220472962743631817e-01,6.694346640869340836e-01,6.694346640869341947e-01,0.000000000000000000e+00
3.220472962743625711e-01,6.673483144706396919e-01,6.673483144706400250e-01,7.468596460356599631e-02
3.220472962743644585e-01,6.611236750016492580e-01,6.611236750016493691e-01,1.487162118499488761e-01
3.220472962743634038e-01,6.508625682586900441e-01,6.508625682586902661e-01,2.214528695722325635e-01
3.220472962743642920e-01,6.367301195060943719e-01,6.367301195060947050e-01,2.922927450175274999e-01
3.220472962743640144e-01,6.189482470032330319e-01,6.189482470032331429e-01,3.606822341419404498e-01
3.220472962743638479e-01,5.977872225225607794e-01,5.977872225225610014e-01,4.261295720082060590e-01
3.220472962743644030e-01,5.735558819229802374e-01,5.735558819229804595e-01,4.882139280945149151e-01
3.220472962743630152e-01,5.465911143814823347e-01,5.465911143814825568e-01,5.465911143814828899e-01
1.178884946385305027e-01,5.237552279045120107e-01,5.237552279045123438e-01,6.614100281347768950e-01
1.178884946385313631e-01,5.190933839823930196e-01,5.986001844042351250e-01,-5.986001844042353470e-01
1.178884946385307247e-01,5.237552279045123438e-01,6.614100281347768950e-01,-5.237552279045120107e-01
1.178884946385313631e-01,5.483640917042033047e-01,6.837575529177667422e-01,-4.667705374048286004e-01
1.178884946385313631e-01,5.704155671507347147e-01,7.038397021052510416e-01,-4.066178271108614184e-01
1.178884946385313631e-01,5.896264292082268321e-01,7.213772728737549711e-01,-3.435954117741400471e-01
1.178884946385315852e-01,6.057372840774949418e-01,7.361143120799750195e-01,-2.780653970944720332e-01
1.178884946385309190e-01,6.185212984311008189e-01,7.478268272446957354e-01,-2.104489075098713857e-01
1.178884946385315990e-01,6.277923278398821472e-01,7.563308997120843369e-01,-1.412185047292029427e-01
1.178884946385296145e-01,6.334119232291046675e-01,7.614896790186131970e-01,-7.088798975283366888e-02
1.178884946385311411e-01,6.352947346485158242e-01,7.632187779134714800e-01,0.000000000000000000e+00
1.178884946385296145e-01,6.334119232291046675e-01,7.614896790186131970e-01,7.088798975283373827e-02
1.178884946385315990e-01,6.277923278398821472e-01,7.563308997120843369e-01,1.412185047292029982e-01
1.178884946385309190e-01,6.185212984311008189e-01,7.478268272446957354e-01,2.104489075098715245e-01
1.178884946385315852e-01,6.057372840774949418e-01,7.361143120799750195e-01,2.780653970944721998e-01
1.178884946385313631e-01,5.896264292082268321e-01,7.213772728737549711e-01,3.435954117741400471e-01
1.178884946385313354e-01,5.704155671507346037e-01,7.038397021052509306e-01,4.066178271108614184e-01
1.178884946385313631e-01,5.483640917042033047e-01,6.837575529177667422e-01,4.667705374048287115e-01
1.178884946385307247e-01,5.237552279045120107e-01,6.614100281347768950e-01,5.237552279045123438e-01
1.178884946385313631e-01,5.190933839823930196e-01,5.986001844042351250e-01,5.986001844042353470e-01
1.178884946385307109e-01,5.733243127677561946e-01,-5.733243127677566386e-01,-5.733243127677568607e-01
1.178884946385315990e-01,5.986001844042352360e-01,-5.986001844042354580e-01,-5.190933839823929086e-01
1.178884946385313631e-01,6.216425188051352135e-01,-6.216425188051354356e-01,-4.617612591578844072e-01
1.178884946385311411e-01,6.422002502243302491e-01,-6.422002502243305821e-01,-4.015718865352455591e-01
1.178884946385309190e-01,6.600391298338472712e-01,-6.600391298338476043e-01,-3.388200068003898724e-01
1.178884946385307247e-01,6.749479110849728736e-01,-6.749479110849728736e-01,-2.738483841031830179e-01
1.178884946385315852e-01,6.867442711951639023e-01,-6.867442711951641243e-01,-2.070432679251058838e-01
1.178884946385304888e-01,6.952801769971698187e-01,-6.952801769971703738e-01,-1.388281447741373520e-01
1.178884946385305027e-01,7.004464118463082922e-01,-7.004464118463086253e-01,-6.965594802401821328e-02
1.178884946385309190e-01,7.021760117064170803e-01,-7.021760117064175244e-01,0.000000000000000000e+00
1.178884946385305027e-01,7.004464118463082922e-01,-7.004464118463086253e-01,6.965594802401828267e-02
1.178884946385304888e-01,6.952801769971698187e-01,-6.952801769971703738e-01,1.388281447741374353e-01
1.178884946385313631e-01,6.867442711951639023e-01,-6.867442711951641243e-01,2.070432679251060226e-01
1.178884946385305027e-01,6.749479110849728736e-01,-6.749479110849728736e-01,2.738483841031831290e-01
1.178884946385309190e-01,6.600391298338472712e-01,-6.600391298338476043e-01,3.388200068003898724e-01
1.178884946385311133e-01,6.422002502243301381e-01,-6.422002502243304711e-01,4.015718865352455591e-01
1.178884946385311411e-01,6.216425188051352135e-01,-6.216425188051354356e-01,4.617612591578845738e-01
1.178884946385313631e-01,5.986001844042351250e-01,-5.986001844042353470e-01,5.190933839823930196e-01
1.178884946385307109e-01,5.733243127677561946e-01,-5.733243127677566386e-01,5.733243127677568607e-01
1.178884946385315852e-01,5.986001844042351250e-01,-5.190933839823927975e-01,-5.986001844042353470e-01
1.178884946385307247e-01,6.614100281347770061e-01,-5.237552279045118997e-01,-5.237552279045122328e-01
1.178884946385315852e-01,6.837575529177667422e-01,-5.483640917042031937e-01,-4.667705374048286004e-01
1.178884946385311411e-01,7.038397021052510416e-01,-5.704155671507344927e-01,-4.066178271108614184e-01
1.178884946385313631e-01,7.213772728737551931e-01,-5.896264292082268321e-01,-3.435954117741400471e-01
1.178884946385315852e-01,7.361143120799750195e-01,-6.057372840774949418e-01,-2.780653970944720332e-01
1.178884946385309190e-01,7.478268272446958465e-01,-6.185212984311005968e-01,-2.104489075098713580e-01
1.178884946385315990e-01,7.563308997120844479e-01,-6.277923278398821472e-01,-1.412185047292029427e-01
1.178884946385298227e-01,7.614896790186133080e-01,-6.334119232291045565e-01,-7.088798975283366888e-02
1.178884946385309329e-01,7.632187779134717021e-01,-6.352947346485157132e-01,0.000000000000000000e+00
1.178884946385297949e-01,7.614896790186130859e-01,-6.334119232291044455e-01,7.088798975283372439e-02
1.178884946385315990e-01,7.563308997120844479e-01,-6.277923278398821472e-01,1.412185047292030260e-01
1.178884946385307247e-01,7.478268272446958465e-01,-6.185212984311005968e-01,2.104489075098715245e-01
1.178884946385315852e-01,7.361143120799750195e-01,-6.057372840774949418e-01,2.780653970944721998e-01
1.178884946385313631e-01,7.213772728737551931e-01,-5.896264292082268321e-01,3.435954117741400471e-01
1.178884946385311411e-01,7.038397021052510416e-01,-5.704155671507344927e-01,4.066178271108615294e-01
1.178884946385315852e-01,6.837575529177667422e-01,-5.483640917042031937e-01,4.667705374048287115e-01
1.178884946385307247e-01,6.614100281347768950e-01,-5.237552279045120107e-01,5.237552279045123438e-01
1.178884946385315852e-01,5.986001844042351250e-01,-5.190933839823927975e-01,5.986001844042353470e-01
1.178884946385313631e-01,6.216425188051352135e-01,-4.617612591578844072e-01,-6.216425188051354356e-01
1.178884946385313770e-01,6.837575529177668532e-01,-4.667705374048286560e-01,-5.483640917042033047e-01
1.178884946385309190e-01,7.391327181645005462e-01,-4.689270347136203498e-01,-4.689270347136206274e-01
1.178884946385307247e-01,7.585503529108652554e-01,-4.929234673809892997e-01,-4.095486787132461837e-01
1.178884946385307109e-01,7.756620376625318336e-01,-5.139405611321250511e-01,-3.468656883928800672e-01
1.178884946385311550e-01,7.901539131778817504e-01,-5.316492331778938096e-01,-2.812617805228774803e-01
1.178884946385309190e-01,8.017457627387152286e-01,-5.457565442471494777e-01,-2.132037269228333198e-01
1.178884946385311411e-01,8.102037364596815783e-01,-5.560185784967227596e-01,-1.432324984949842894e-01
1.178884946385307109e-01,8.153516734997536819e-01,-5.622518917456352794e-01,-7.194971564548797993e-02
1.178884946385311550e-01,8.170800422138135843e-01,-5.643425444246905620e-01,0.000000000000000000e+00
1.178884946385313909e-01,8.153516734997539039e-01,-5.622518917456349463e-01,7.194971564548807708e-02
1.178884946385311411e-01,8.102037364596815783e-01,-5.560185784967227596e-01,1.432324984949843727e-01
1.178884946385309190e-01,8.017457627387152286e-01,-5.457565442471494777e-01,2.132037269228334586e-01
1.178884946385309190e-01,7.901539131778816394e-01,-5.316492331778936986e-01,2.812617805228776469e-01
1.178884946385307109e-01,7.756620376625318336e-01,-5.139405611321250511e-01,3.468656883928800672e-01
1.178884946385307109e-01,7.585503529108651444e-01,-4.929234673809892442e-01,4.095486787132462392e-01
1.178884946385309329e-01,7.391327181645005462e-01,-4.689270347136204053e-01,4.689270347136208494e-01
1.178884946385313631e-01,6.837575529177667422e-01,-4.667705374048286004e-01,5.483640917042033047e-01
1.178884946385313631e-01,6.216425188051352135e-01,-4.617612591578844072e-01,6.216425188051354356e-01
1.178884946385311411e-01,6.422002502243302491e-01,-4.015718865352455591e-01,-6.422002502243305821e-01
1.178884946385311411e-01,7.038397021052510416e-01,-4.066178271108614184e-01,-5.704155671507344927e-01
1.178884946385309190e-01,7.585503529108652554e-01,-4.095486787132461837e-01,-4.929234673809893552e-01
1.178884946385309190e-01,8.064923828569278141e-01,-4.096781292829870247e-01,-4.096781292829873022e-01
1.178884946385311411e-01,8.229778245092508326e-01,-4.330785845573874582e-01,-3.482136453323614322e-01
1.178884946385309190e-01,8.371039106154049003e-01,-4.529301528730149129e-01,-2.832200951251248600e-01
1.178884946385315990e-01,8.485135425761015648e-01,-4.688360188145312968e-01,-2.152204877769674785e-01
1.178884946385313770e-01,8.569012532691087092e-01,-4.804588042060955466e-01,-1.448512424473490379e-01
1.178884946385311411e-01,8.620325597094283809e-01,-4.875406640872012587e-01,-7.284414660137573938e-02
1.178884946385311411e-01,8.637598046074435043e-01,-4.899196901292826034e-01,0.000000000000000000e+00
1.178884946385311411e-01,8.620325597094283809e-01,-4.875406640872012587e-01,7.284414660137579489e-02
1.178884946385313770e-01,8.569012532691087092e-01,-4.804588042060955466e-01,1.448512424473491211e-01
1.178884946385315990e-01,8.485135425761015648e-01,-4.688360188145312968e-01,2.152204877769675895e-01
1.178884946385307109e-01,8.371039106154047893e-01,-4.529301528730148574e-01,2.832200951251249155e-01
1.178884946385311411e-01,8.229778245092508326e-01,-4.330785845573874582e-01,3.482136453323614322e-01
1.178884946385311411e-01,8.064923828569275921e-01,-4.096781292829870247e-01,4.096781292829873022e-01
1.178884946385307109e-01,7.585503529108651444e-01,-4.095486787132461282e-01,4.929234673809893552e-01
1.178884946385313631e-01,7.038397021052509306e-01,-4.066178271108613629e-01,5.704155671507346037e-01
1.178884946385311411e-01,6.422002502243302491e-01,-4.015718865352455591e-01,6.422002502243305821e-01
1.178884946385309190e-01,6.600391298338472712e-01,-3.388200068003898724e-01,-6.600391298338476043e-01
1.178884946385313770e-01,7.213772728737550821e-01,-3.435954117741400471e-01,-5.896264292082268321e-01
1.178884946385307109e-01,7.756620376625318336e-01,-3.468656883928800672e-01,-5.139405611321250511e-01
1.178884946385311411e-01,8.229778245092508326e-01,-3.482136453323614322e-01,-4.330785845573874582e-01
1.178884946385313631e-01,8.634890222120582548e-01,-3.467628954711882705e-01,-3.467628954711884925e-01
1.178884946385313631e-01,8.770386135564427477e-01,-3.695323794772985559e-01,-2.834632139814609042e-01
1.178884946385309190e-01,8.881555757209995683e-01,-3.879428107780053536e-01,-2.162922830644254391e-01
1.178884946385313631e-01,8.964287580264180821e-01,-4.014932622627808700e-01,-1.460169338558527929e-01
1.178884946385311411e-01,9.015326807918279117e-01,-4.097912183966543331e-01,-7.356823785538697813e-02
1.178884946385315852e-01,9.032580650943609069e-01,-4.125859554975815913e-01,0.000000000000000000e+00
1.178884946385311411e-01,9.015326807918279117e-01,-4.097912183966543331e-01,7.356823785538704752e-02
1.178884946385313631e-01,8.964287580264180821e-01,-4.014932622627808700e-01,1.460169338558528485e-01
1.178884946385309190e-01,8.881555757209995683e-01,-3.879428107780053536e-01,2.162922830644256333e-01
1.178884946385315990e-01,8.770386135564428587e-01,-3.695323794772982229e-01,2.834632139814610152e-01
1.178884946385313631e-01,8.634890222120582548e-01,-3.467628954711882705e-01,3.467628954711884925e-01
1.178884946385311411e-01,8.229778245092508326e-01,-3.482136453323614322e-01,4.330785845573874582e-01
1.178884946385307109e-01,7.756620376625318336e-01,-3.468656883928800672e-01,5.139405611321251621e-01
1.178884946385313631e-01,7.213772728737549711e-01,-3.435954117741400471e-01,5.896264292082268321e-01
1.178884946385309190e-01,6.600391298338472712e-01,-3.388200068003898724e-01,6.600391298338476043e-01
1.178884946385307247e-01,6.749479110849728736e-01,-2.738483841031830179e-01,-6.749479110849728736e-01
1.178884946385315852e-01,7.361143120799750195e-01,-2.780653970944720332e-01,-6.057372840774949418e-01
1.178884946385311550e-01,7.901539131778817504e-01,-2.812617805228774803e-01,-5.316492331778938096e-01
1.178884946385309190e-01,8.371039106154049003e-01,-2.832200951251248600e-01,-4.529301528730149129e-01
1.178884946385313631e-01,8.770386135564427477e-01,-2.834632139814609042e-01,-3.695323794772985559e-01
1.178884946385311411e-01,9.101226362298924233e-01,-2.808728269642792319e-01,-2.808728269642793984e-01
1.178884946385313770e-01,9.207300547225110154e-01,-3.028871958693942212e-01,-2.159115924190224689e-01
1.178884946385315990e-01,9.287987072161919544e-01,-3.192979043113356452e-01,-1.465745974164031906e-01
1.178884946385315990e-01,9.338528541242193670e-01,-3.294382277368541612e-01,-7.410535595698256039e-02
1.178884946385311411e-01,9.355748236745661250e-01,-3.328694220534015313e-01,0.000000000000000000e+00
1.178884946385315990e-01,9.338528541242193670e-01,-3.294382277368541612e-01,7.410535595698261591e-02
1.178884946385315990e-01,9.287987072161919544e-01,-3.192979043113356452e-01,1.465745974164033016e-01
1.178884946385311411e-01,9.207300547225110154e-01,-3.028871958693942212e-01,2.159115924190226077e-01
1.178884946385315852e-01,9.101226362298924233e-01,-2.808728269642792319e-01,2.808728269642795095e-01
1.178884946385313631e-01,8.770386135564427477e-01,-2.834632139814609042e-01,3.695323794772985559e-01
1.178884946385313631e-01,8.371039106154047893e-01,-2.832200951251248044e-01,4.529301528730148019e-01
1.178884946385309329e-01,7.901539131778817504e-01,-2.812617805228774803e-01,5.316492331778938096e-01
1.178884946385315852e-01,7.361143120799750195e-01,-2.780653970944720332e-01,6.057372840774949418e-01
1.178884946385307247e-01,6.749479110849728736e-01,-2.738483841031830179e-01,6.749479110849728736e-01
1.178884946385313631e-01,6.867442711951639023e-01,-2.070432679251058838e-01,-6.867442711951641243e-01
1.178884946385309190e-01,7.478268272446958465e-01,-2.104489075098713580e-01,-6.185212984311005968e-01
1.178884946385309190e-01,8.017457627387152286e-01,-2.132037269228333198e-01,-5.457565442471494777e-01
1.178884946385313770e-01,8.485135425761015648e-01,-2.152204877769674785e-01,-4.688360188145312968e-01
1.178884946385309190e-01,8.881555757209995683e-01,-2.162922830644254391e-01,-3.879428107780053536e-01
1.178884946385313770e-01,9.207300547225110154e-01,-2.159115924190224689e-01,-3.028871958693942212e-01
1.178884946385313631e-01,9.463932249104302086e-01,-2.126524943134890933e-01,-2.126524943134892043e-01
1.178884946385311411e-01,9.540461068500495356e-01,-2.335884099438216288e-01,-1.460643131502084580e-01
1.178884946385315852e-01,9.589954425134753491e-01,-2.467692959311767464e-01,-7.439730274597181059e-02
1.178884946385315990e-01,9.607100803480591589e-01,-2.512736443590669055e-01,0.000000000000000000e+00
1.178884946385315852e-01,9.589954425134753491e-01,-2.467692959311767464e-01,7.439730274597186610e-02
1.178884946385311411e-01,9.540461068500495356e-01,-2.335884099438216288e-01,1.460643131502085412e-01
1.178884946385313631e-01,9.463932249104300976e-01,-2.126524943134890377e-01,2.126524943134893153e-01
1.178884946385315852e-01,9.207300547225109044e-01,-2.159115924190225244e-01,3.028871958693944433e-01
1.178884946385309190e-01,8.881555757209995683e-01,-2.162922830644254391e-01,3.879428107780053536e-01
1.178884946385313770e-01,8.485135425761015648e-01,-2.152204877769674785e-01,4.688360188145312968e-01
1.178884946385307109e-01,8.017457627387151176e-01,-2.132037269228333198e-01,5.457565442471494777e-01
1.178884946385309190e-01,7.478268272446957354e-01,-2.104489075098713857e-01,6.185212984311008189e-01
1.178884946385313631e-01,6.867442711951639023e-01,-2.070432679251058838e-01,6.867442711951641243e-01
1.178884946385302945e-01,6.952801769971698187e-01,-1.388281447741373797e-01,-6.952801769971703738e-01
1.178884946385315990e-01,7.563308997120844479e-01,-1.412185047292029427e-01,-6.277923278398821472e-01
1.178884946385311411e-01,8.102037364596815783e-01,-1.432324984949842894e-01,-5.560185784967227596e-01
1.178884946385313631e-01,8.569012532691085982e-01,-1.448512424473490101e-01,-4.804588042060954911e-01
1.178884946385313631e-01,8.964287580264180821e-01,-1.460169338558527929e-01,-4.014932622627808700e-01
1.178884946385315990e-01,9.287987072161919544e-01,-1.465745974164031906e-01,-3.192979043113356452e-01
1.178884946385311411e-01,9.540461068500495356e-01,-1.460643131502084580e-01,-2.335884099438216288e-01
1.178884946385315852e-01,9.723007882536712776e-01,-1.427120877731637150e-01,-1.427120877731637982e-01
1.178884946385315852e-01,9.769698060002461881e-01,-1.616373920534901754e-01,-7.420009761347040600e-02
1.178884946385313770e-01,9.786638351148397863e-01,-1.682836910403819608e-01,0.000000000000000000e+00
1.178884946385315852e-01,9.769698060002461881e-01,-1.616373920534901754e-01,7.420009761347048927e-02
1.178884946385315852e-01,9.723007882536712776e-01,-1.427120877731637150e-01,1.427120877731638537e-01
1.178884946385311688e-01,9.540461068500495356e-01,-1.460643131502084580e-01,2.335884099438218231e-01
1.178884946385315990e-01,9.287987072161919544e-01,-1.465745974164031629e-01,3.192979043113357007e-01
1.178884946385313631e-01,8.964287580264180821e-01,-1.460169338558527929e-01,4.014932622627808700e-01
1.178884946385313631e-01,8.569012532691085982e-01,-1.448512424473490101e-01,4.804588042060954911e-01
1.178884946385311411e-01,8.102037364596815783e-01,-1.432324984949842894e-01,5.560185784967227596e-01
1.178884946385315990e-01,7.563308997120843369e-01,-1.412185047292029427e-01,6.277923278398821472e-01
1.178884946385302945e-01,6.952801769971698187e-01,-1.388281447741373797e-01,6.952801769971703738e-01
1.178884946385307109e-01,7.004464118463081812e-01,-6.965594802401819940e-02,-7.004464118463085143e-01
1.178884946385297949e-01,7.614896790186130859e-01,-7.088798975283365500e-02,-6.334119232291044455e-01
1.178884946385307109e-01,8.153516734997536819e-01,-7.194971564548797993e-02,-5.622518917456352794e-01
1.178884946385311411e-01,8.620325597094283809e-01,-7.284414660137573938e-02,-4.875406640872012587e-01
1.178884946385311411e-01,9.015326807918279117e-01,-7.356823785538697813e-02,-4.097912183966543331e-01
1.178884946385315990e-01,9.338528541242193670e-01,-7.410535595698256039e-02,-3.294382277368541612e-01
1.178884946385315852e-01,9.589954425134753491e-01,-7.439730274597181059e-02,-2.467692959311767464e-01
1.178884946385315852e-01,9.769698060002461881e-01,-7.420009761347040600e-02,-1.616373920534901754e-01
1.178884946385313631e-01,9.878453262596160744e-01,-7.163767939741512436e-02,-7.163767939741516599e-02
1.178884946385315990e-01,9.894360879749082294e-01,-8.437138522491355319e-02,0.000000000000000000e+00
1.178884946385313631e-01,9.878453262596160744e-01,-7.163767939741512436e-02,7.163767939741523538e-02
1.178884946385320293e-01,9.769698060002461881e-01,-7.420009761347041988e-02,1.616373920534902864e-01
1.178884946385315852e-01,9.589954425134753491e-01,-7.439730274597181059e-02,2.467692959311768575e-01
1.178884946385315990e-01,9.338528541242192560e-01,-7.410535595698257427e-02,3.294382277368543277e-01
1.178884946385311411e-01,9.015326807918279117e-01,-7.356823785538697813e-02,4.097912183966543331e-01
1.178884946385311411e-01,8.620325597094283809e-01,-7.284414660137573938e-02,4.875406640872012587e-01
1.178884946385307109e-01,8.153516734997535709e-01,-7.194971564548797993e-02,5.622518917456352794e-01
1.178884946385296145e-01,7.614896790186131970e-01,-7.088798975283366888e-02,6.334119232291046675e-01
1.178884946385307109e-01,7.004464118463081812e-01,-6.965594802401819940e-02,7.004464118463085143e-01
1.178884946385309190e-01,7.021760117064170803e-01,0.000000000000000000e+00,-7.021760117064175244e-01
1.178884946385309329e-01,7.632187779134717021e-01,0.000000000000000000e+00,-6.352947346485157132e-01
1.178884946385311550e-01,8.170800422138135843e-01,0.000000000000000000e+00,-5.643425444246905620e-01
1.178884946385311411e-01,8.637598046074435043e-01,0.000000000000000000e+00,-4.899196901292826034e-01
1.178884946385315852e-01,9.032580650943609069e-01,0.000000000000000000e+00,-4.125859554975815913e-01
1.178884946385311411e-01,9.355748236745661250e-01,0.000000000000000000e+00,-3.328694220534015313e-01
1.178884946385315990e-01,9.607100803480591589e-01,0.000000000000000000e+00,-2.512736443590669055e-01
1.178884946385313770e-01,9.786638351148397863e-01,0.000000000000000000e+00,-1.682836910403819608e-01
1.178884946385315990e-01,9.894360879749082294e-01,0.000000000000000000e+00,-8.437138522491355319e-02
1.178884946385315852e-01,9.930268389282642660e-01,0.000000000000000000e+00,7.480118634175246713e-16
1.178884946385315990e-01,9.894360879749082294e-01,0.000000000000000000e+00,8.437138522491366421e-02
1.178884946385313770e-01,9.786638351148397863e-01,0.000000000000000000e+00,1.682836910403820718e-01
1.178884946385313631e-01,9.607100803480590479e-01,0.000000000000000000e+00,2.512736443590670721e-01
1.178884946385313631e-01,9.355748236745660140e-01,0.000000000000000000e+00,3.328694220534017534e-01
1.178884946385315852e-01,9.032580650943609069e-01,0.000000000000000000e+00,4.125859554975815913e-01
1.178884946385313631e-01,8.637598046074433933e-01,0.000000000000000000e+00,4.899196901292826589e-01
1.178884946385309190e-01,8.170800422138134733e-01,0.000000000000000000e+00,5.643425444246905620e-01
1.178884946385311411e-01,7.632187779134714800e-01,0.000000000000000000e+00,6.352947346485158242e-01
1.178884946385309190e-01,7.021760117064170803e-01,0.000000000000000000e+00,7.021760117064175244e-01
1.178884946385307109e-01,7.004464118463081812e-01,6.965594802401826879e-02,-7.004464118463085143e-01
1.178884946385297949e-01,7.614896790186130859e-01,7.088798975283372439e-02,-6.334119232291044455e-01
1.178884946385313909e-01,8.153516734997539039e-01,7.194971564548807708e-02,-5.622518917456349463e-01
1.178884946385311411e-01,8.620325597094283809e-01,7.284414660137579489e-02,-4.875406640872012587e-01
1.178884946385311411e-01,9.015326807918279117e-01,7.356823785538704752e-02,-4.097912183966543331e-01
1.178884946385315990e-01,9.338528541242193670e-01,7.410535595698261591e-02,-3.294382277368541612e-01
1.178884946385315852e-01,9.589954425134753491e-01,7.439730274597186610e-02,-2.467692959311767464e-01
1.178884946385315852e-01,9.769698060002461881e-01,7.420009761347048927e-02,-1.616373920534901754e-01
1.178884946385313631e-01,9.878453262596160744e-01,7.163767939741523538e-02,-7.163767939741512436e-02
1.178884946385315990e-01,9.894360879749082294e-01,8.437138522491366421e-02,0.000000000000000000e+00
1.178884946385313631e-01,9.878453262596160744e-01,7.163767939741517987e-02,7.163767939741523538e-02
1.178884946385320293e-01,9.769698060002461881e-01,7.420009761347048927e-02,1.616373920534902864e-01
1.178884946385315852e-01,9.589954425134753491e-01,7.439730274597186610e-02,2.467692959311768575e-01
1.178884946385315990e-01,9.338528541242192560e-01,7.410535595698261591e-02,3.294382277368543277e-01
1.178884946385311411e-01,9.015326807918279117e-01,7.356823785538704752e-02,4.097912183966543331e-01
1.178884946385311411e-01,8.620325597094283809e-01,7.284414660137579489e-02,4.875406640872012587e-01
1.178884946385313631e-01,8.153516734997536819e-01,7.194971564548807708e-02,5.622518917456351684e-01
1.178884946385296145e-01,7.614896790186131970e-01,7.088798975283373827e-02,6.334119232291046675e-01
1.178884946385307109e-01,7.004464118463081812e-01,6.965594802401826879e-02,7.004464118463085143e-01
1.178884946385302945e-01,6.952801769971698187e-01,1.388281447741374353e-01,-6.952801769971703738e-01
1.178884946385315990e-01,7.563308997120844479e-01,1.412185047292030260e-01,-6.277923278398821472e-01
1.178884946385311411e-01,8.102037364596815783e-01,1.432324984949843727e-01,-5.560185784967227596e-01
1.178884946385313631e-01,8.569012532691085982e-01,1.448512424473490934e-01,-4.804588042060954911e-01
1.178884946385313631e-01,8.964287580264180821e-01,1.460169338558528485e-01,-4.014932622627808700e-01
1.178884946385315990e-01,9.287987072161919544e-01,1.465745974164033016e-01,-3.192979043113356452e-01
1.178884946385311411e-01,9.540461068500495356e-01,1.460643131502085412e-01,-2.335884099438216288e-01
1.178884946385315852e-01,9.723007882536712776e-01,1.427120877731638537e-01,-1.427120877731637150e-01
1.178884946385320293e-01,9.769698060002461881e-01,1.616373920534902864e-01,-7.420009761347041988e-02
1.178884946385313770e-01,9.786638351148397863e-01,1.682836910403820718e-01,0.000000000000000000e+00
1.178884946385320293e-01,9.769698060002461881e-01,1.616373920534902864e-01,7.420009761347048927e-02
1.178884946385315852e-01,9.723007882536712776e-01,1.427120877731637705e-01,1.427120877731638537e-01
1.178884946385311688e-01,9.540461068500495356e-01,1.460643131502085412e-01,2.335884099438218231e-01
1.178884946385315990e-01,9.287987072161919544e-01,1.465745974164032184e-01,3.192979043113357007e-01
1.178884946385313631e-01,8.964287580264180821e-01,1.460169338558528485e-01,4.014932622627808700e-01
1.178884946385313631e-01,8.569012532691085982e-01,1.448512424473490934e-01,4.804588042060954911e-01
1.178884946385311411e-01,8.102037364596815783e-01,1.432324984949843727e-01,5.560185784967227596e-01
1.178884946385315990e-01,7.563308997120843369e-01,1.412185047292029982e-01,6.277923278398821472e-01
1.178884946385302945e-01,6.952801769971698187e-01,1.388281447741374353e-01,6.952801769971703738e-01
1.178884946385313631e-01,6.867442711951639023e-01,2.070432679251060226e-01,-6.867442711951641243e-01
1.178884946385307109e-01,7.478268272446957354e-01,2.104489075098714967e-01,-6.185212984311004858e-01
1.178884946385309190e-01,8.017457627387152286e-01,2.132037269228334586e-01,-5.457565442471494777e-01
1.178884946385313770e-01,8.485135425761015648e-01,2.152204877769675895e-01,-4.688360188145312968e-01
1.178884946385309190e-01,8.881555757209995683e-01,2.162922830644256333e-01,-3.879428107780053536e-01
1.178884946385311411e-01,9.207300547225110154e-01,2.159115924190226077e-01,-3.028871958693942212e-01
1.178884946385313631e-01,9.463932249104300976e-01,2.126524943134893153e-01,-2.126524943134890377e-01
1.178884946385311688e-01,9.540461068500495356e-01,2.335884099438218231e-01,-1.460643131502084580e-01
1.178884946385315852e-01,9.589954425134753491e-01,2.467692959311768575e-01,-7.439730274597181059e-02
1.178884946385313631e-01,9.607100803480590479e-01,2.512736443590670721e-01,0.000000000000000000e+00
1.178884946385315852e-01,9.589954425134753491e-01,2.467692959311768575e-01,7.439730274597186610e-02
1.178884946385311688e-01,9.540461068500495356e-01,2.335884099438218231e-01,1.460643131502085412e-01
1.178884946385313631e-01,9.463932249104300976e-01,2.126524943134891765e-01,2.126524943134893153e-01
1.178884946385313631e-01,9.207300547225109044e-01,2.159115924190226354e-01,3.028871958693944433e-01
1.178884946385309190e-01,8.881555757209995683e-01,2.162922830644256333e-01,3.879428107780053536e-01
1.178884946385313770e-01,8.485135425761015648e-01,2.152204877769675895e-01,4.688360188145312968e-01
1.178884946385307109e-01,8.017457627387151176e-01,2.132037269228334586e-01,5.457565442471494777e-01
1.178884946385308913e-01,7.478268272446956244e-01,2.104489075098714690e-01,6.185212984311007078e-01
1.178884946385313631e-01,6.867442711951639023e-01,2.070432679251060226e-01,6.867442711951641243e-01
1.178884946385307247e-01,6.749479110849728736e-01,2.738483841031831290e-01,-6.749479110849728736e-01
1.178884946385313631e-01,7.361143120799750195e-01,2.780653970944721998e-01,-6.057372840774949418e-01
1.178884946385309190e-01,7.901539131778816394e-01,2.812617805228776469e-01,-5.316492331778936986e-01
1.178884946385307109e-01,8.371039106154047893e-01,2.832200951251249155e-01,-4.529301528730148574e-01
1.178884946385315990e-01,8.770386135564428587e-01,2.834632139814610152e-01,-3.695323794772982229e-01
1.178884946385315852e-01,9.101226362298924233e-01,2.808728269642795095e-01,-2.808728269642792319e-01
1.178884946385315852e-01,9.207300547225109044e-01,3.028871958693944433e-01,-2.159115924190225244e-01
1.178884946385315990e-01,9.287987072161919544e-01,3.192979043113357007e-01,-1.465745974164031629e-01
1.178884946385320293e-01,9.338528541242192560e-01,3.294382277368543277e-01,-7.410535595698257427e-02
1.178884946385313631e-01,9.355748236745660140e-01,3.328694220534017534e-01,0.000000000000000000e+00
1.178884946385320293e-01,9.338528541242192560e-01,3.294382277368543277e-01,7.410535595698261591e-02
1.178884946385315990e-01,9.287987072161919544e-01,3.192979043113357007e-01,1.465745974164032184e-01
1.178884946385313631e-01,9.207300547225109044e-01,3.028871958693944433e-01,2.159115924190226354e-01
1.178884946385313631e-01,9.101226362298924233e-01,2.808728269642793429e-01,2.808728269642795095e-01
1.178884946385315990e-01,8.770386135564428587e-01,2.834632139814610152e-01,3.695323794772982229e-01
1.178884946385313631e-01,8.371039106154047893e-01,2.832200951251249155e-01,4.529301528730148019e-01
1.178884946385309190e-01,7.901539131778816394e-01,2.812617805228776469e-01,5.316492331778936986e-01
1.178884946385313631e-01,7.361143120799750195e-01,2.780653970944721998e-01,6.057372840774949418e-01
1.178884946385307247e-01,6.749479110849728736e-01,2.738483841031831290e-01,6.749479110849728736e-01
1.178884946385309190e-01,6.600391298338472712e-01,3.388200068003898724e-01,-6.600391298338476043e-01
1.178884946385313770e-01,7.213772728737550821e-01,3.435954117741400471e-01,-5.896264292082268321e-01
1.178884946385307109e-01,7.756620376625318336e-01,3.468656883928800672e-01,-5.139405611321250511e-01
1.178884946385311411e-01,8.229778245092508326e-01,3.482136453323614322e-01,-4.330785845573874582e-01
1.178884946385313631e-01,8.634890222120582548e-01,3.467628954711882705e-01,-3.467628954711884925e-01
1.178884946385313631e-01,8.770386135564427477e-01,3.695323794772985559e-01,-2.834632139814609042e-01
1.178884946385309190e-01,8.881555757209995683e-01,3.879428107780053536e-01,-2.162922830644254391e-01
1.178884946385313631e-01,8.964287580264180821e-01,4.014932622627808700e-01,-1.460169338558527929e-01
1.178884946385311411e-01,9.015326807918279117e-01,4.097912183966543331e-01,-7.356823785538697813e-02
1.178884946385315852e-01,9.032580650943609069e-01,4.125859554975815913e-01,0.000000000000000000e+00
1.178884946385311411e-01,9.015326807918279117e-01,4.097912183966543331e-01,7.356823785538704752e-02
1.178884946385313631e-01,8.964287580264180821e-01,4.014932622627808700e-01,1.460169338558528485e-01
1.178884946385309190e-01,8.881555757209995683e-01,3.879428107780053536e-01,2.162922830644256333e-01
1.178884946385315990e-01,8.770386135564428587e-01,3.695323794772982229e-01,2.834632139814610152e-01
1.178884946385313631e-01,8.634890222120582548e-01,3.467628954711882705e-01,3.467628954711884925e-01
1.178884946385311411e-01,8.229778245092508326e-01,3.482136453323614322e-01,4.330785845573874582e-01
1.178884946385307109e-01,7.756620376625318336e-01,3.468656883928800672e-01,5.139405611321251621e-01
1.178884946385313631e-01,7.213772728737549711e-01,3.435954117741400471e-01,5.896264292082268321e-01
1.178884946385309190e-01,6.600391298338472712e-01,3.388200068003898724e-01,6.600391298338476043e-01
1.178884946385311550e-01,6.422002502243302491e-01,4.015718865352456701e-01,-6.422002502243304711e-01
1.178884946385311411e-01,7.038397021052510416e-01,4.066178271108615294e-01,-5.704155671507344927e-01
1.178884946385307109e-01,7.585503529108651444e-01,4.095486787132462392e-01,-4.929234673809892442e-01
1.178884946385311411e-01,8.064923828569275921e-01,4.096781292829873022e-01,-4.096781292829870247e-01
1.178884946385311411e-01,8.229778245092508326e-01,4.330785845573874582e-01,-3.482136453323614322e-01
1.178884946385313631e-01,8.371039106154047893e-01,4.529301528730148019e-01,-2.832200951251248044e-01
1.178884946385315990e-01,8.485135425761015648e-01,4.688360188145312968e-01,-2.152204877769674785e-01
1.178884946385313770e-01,8.569012532691087092e-01,4.804588042060955466e-01,-1.448512424473490379e-01
1.178884946385311411e-01,8.620325597094283809e-01,4.875406640872012587e-01,-7.284414660137573938e-02
1.178884946385313631e-01,8.637598046074433933e-01,4.899196901292826589e-01,0.000000000000000000e+00
1.178884946385311411e-01,8.620325597094283809e-01,4.875406640872012587e-01,7.284414660137579489e-02
1.178884946385313770e-01,8.569012532691087092e-01,4.804588042060955466e-01,1.448512424473491211e-01
1.178884946385315990e-01,8.485135425761015648e-01,4.688360188145312968e-01,2.152204877769675895e-01
1.178884946385313631e-01,8.371039106154047893e-01,4.529301528730148019e-01,2.832200951251249155e-01
1.178884946385311411e-01,8.229778245092508326e-01,4.330785845573874582e-01,3.482136453323614322e-01
1.178884946385311411e-01,8.064923828569275921e-01,4.096781292829871357e-01,4.096781292829873022e-01
1.178884946385304888e-01,7.585503529108651444e-01,4.095486787132462392e-01,4.929234673809893552e-01
1.178884946385313631e-01,7.038397021052509306e-01,4.066178271108614739e-01,5.704155671507346037e-01
1.178884946385311550e-01,6.422002502243302491e-01,4.015718865352456701e-01,6.422002502243304711e-01
1.178884946385311411e-01,6.216425188051352135e-01,4.617612591578845738e-01,-6.216425188051354356e-01
1.178884946385313631e-01,6.837575529177667422e-01,4.667705374048287115e-01,-5.483640917042031937e-01
1.178884946385309329e-01,7.391327181645005462e-01,4.689270347136208494e-01,-4.689270347136204053e-01
1.178884946385307109e-01,7.585503529108651444e-01,4.929234673809893552e-01,-4.095486787132461282e-01
1.178884946385307109e-01,7.756620376625318336e-01,5.139405611321251621e-01,-3.468656883928800672e-01
1.178884946385309329e-01,7.901539131778817504e-01,5.316492331778938096e-01,-2.812617805228774803e-01
1.178884946385307109e-01,8.017457627387151176e-01,5.457565442471494777e-01,-2.132037269228333198e-01
1.178884946385311411e-01,8.102037364596815783e-01,5.560185784967227596e-01,-1.432324984949842894e-01
1.178884946385307109e-01,8.153516734997535709e-01,5.622518917456352794e-01,-7.194971564548797993e-02
1.178884946385309190e-01,8.170800422138134733e-01,5.643425444246905620e-01,0.000000000000000000e+00
1.178884946385313631e-01,8.153516734997536819e-01,5.622518917456351684e-01,7.194971564548807708e-02
1.178884946385311411e-01,8.102037364596815783e-01,5.560185784967227596e-01,1.432324984949843727e-01
1.178884946385307109e-01,8.017457627387151176e-01,5.457565442471494777e-01,2.132037269228334586e-01
1.178884946385309190e-01,7.901539131778816394e-01,5.316492331778936986e-01,2.812617805228776469e-01
1.178884946385307109e-01,7.756620376625318336e-01,5.139405611321251621e-01,3.468656883928800672e-01
1.178884946385307109e-01,7.585503529108651444e-01,4.929234673809893552e-01,4.095486787132462392e-01
1.178884946385309190e-01,7.391327181645004352e-01,4.689270347136204609e-01,4.689270347136207939e-01
1.178884946385313631e-01,6.837575529177667422e-01,4.667705374048287115e-01,5.483640917042033047e-01
1.178884946385311411e-01,6.216425188051352135e-01,4.617612591578845738e-01,6.216425188051354356e-01
1.178884946385313631e-01,5.986001844042351250e-01,5.190933839823930196e-01,-5.986001844042353470e-01
1.178884946385307247e-01,6.614100281347768950e-01,5.237552279045123438e-01,-5.237552279045120107e-01
1.178884946385313631e-01,6.837575529177667422e-01,5.483640917042033047e-01,-4.667705374048286004e-01
1.178884946385313631e-01,7.038397021052510416e-01,5.704155671507347147e-01,-4.066178271108614184e-01
1.178884946385313631e-01,7.213772728737549711e-01,5.896264292082268321e-01,-3.435954117741400471e-01
1.178884946385315852e-01,7.361143120799750195e-01,6.057372840774949418e-01,-2.780653970944720332e-01
1.178884946385309190e-01,7.478268272446957354e-01,6.185212984311008189e-01,-2.104489075098713857e-01
1.178884946385316129e-01,7.563308997120844479e-01,6.277923278398821472e-01,-1.412185047292029427e-01
1.178884946385296145e-01,7.614896790186131970e-01,6.334119232291046675e-01,-7.088798975283366888e-02
1.178884946385311411e-01,7.632187779134714800e-01,6.352947346485158242e-01,0.000000000000000000e+00
1.178884946385296145e-01,7.614896790186131970e-01,6.334119232291046675e-01,7.088798975283373827e-02
1.178884946385316129e-01,7.563308997120844479e-01,6.277923278398821472e-01,1.412185047292029982e-01
1.178884946385309190e-01,7.478268272446957354e-01,6.185212984311008189e-01,2.104489075098715245e-01
1.178884946385315852e-01,7.361143120799750195e-01,6.057372840774949418e-01,2.780653970944721998e-01
1.178884946385313631e-01,7.213772728737549711e-01,5.896264292082268321e-01,3.435954117741400471e-01
1.178884946385313354e-01,7.038397021052509306e-01,5.704155671507346037e-01,4.066178271108614184e-01
1.178884946385313631e-01,6.837575529177667422e-01,5.483640917042033047e-01,4.667705374048287115e-01
1.178884946385307247e-01,6.614100281347768950e-01,5.237552279045120107e-01,5.237552279045123438e-01
1.178884946385313631e-01,5.986001844042351250e-01,5.190933839823930196e-01,5.986001844042353470e-01
1.178884946385307109e-01,5.733243127677561946e-01,5.733243127677566386e-01,-5.733243127677568607e-01
1.178884946385315990e-01,5.986001844042352360e-01,5.986001844042354580e-01,-5.190933839823929086e-01
1.178884946385313631e-01,6.216425188051352135e-01,6.216425188051354356e-01,-4.617612591578844072e-01
1.178884946385311411e-01,6.422002502243302491e-01,6.422002502243305821e-01,-4.015718865352455591e-01
1.178884946385309190e-01,6.600391298338472712e-01,6.600391298338476043e-01,-3.388200068003898724e-01
1.178884946385307247e-01,6.749479110849728736e-01,6.749479110849728736e-01,-2.738483841031830179e-01
1.178884946385315852e-01,6.867442711951639023e-01,6.867442711951641243e-01,-2.070432679251058838e-01
1.178884946385304888e-01,6.952801769971698187e-01,6.952801769971703738e-01,-1.388281447741373520e-01
1.178884946385305027e-01,7.004464118463082922e-01,7.004464118463086253e-01,-6.965594802401821328e-02
1.178884946385309190e-01,7.021760117064170803e-01,7.021760117064175244e-01,0.000000000000000000e+00
1.178884946385305027e-01,7.004464118463082922e-01,7.004464118463086253e-01,6.965594802401828267e-02
1.178884946385304888e-01,6.952801769971698187e-01,6.952801769971703738e-01,1.388281447741374353e-01
1.178884946385313631e-01,6.867442711951639023e-01,6.867442711951641243e-01,2.070432679251060226e-01
1.178884946385305027e-01,6.749479110849728736e-01,6.749479110849728736e-01,2.738483841031831290e-01
1.178884946385309190e-01,6.600391298338472712e-01,6.600391298338476043e-01,3.388200068003898724e-01
1.178884946385311133e-01,6.422002502243301381e-01,6.422002502243304711e-01,4.015718865352455591e-01
1.178884946385311411e-01,6.216425188051352135e-01,6.216425188051354356e-01,4.617612591578845738e-01
1.178884946385313631e-01,5.986001844042351250e-01,5.986001844042353470e-01,5.190933839823930196e-01
1.178884946385307109e-01,5.733243127677561946e-01,5.733243127677566386e-01,5.733243127677568607e-01
