8.815153070316296136e-01,-2.725990727967419480e-01,-2.725990727967436134e-01,-2.725990727967435578e-01
8.796284203700850401e-01,-2.990112878502026450e-01,-2.990112878502039218e-01,-2.178034470653638088e-01
8.732048763422870508e-01,-3.264077990610356750e-01,-3.264077990610356195e-01,-1.562982448919768286e-01
8.759692388708700816e-01,-3.363425426148392017e-01,-3.363425426148405339e-01,-8.015784806715922639e-02
8.787174392460953554e-01,-3.375319703115431391e-01,-3.375319703115431946e-01,-7.365488866097209187e-15
8.759692388708700816e-01,-3.363425426148392017e-01,-3.363425426148405339e-01,8.015784806715922639e-02
8.732048763422870508e-01,-3.264077990610356750e-01,-3.264077990610356195e-01,1.562982448919768286e-01
8.796284203700850401e-01,-2.990112878502026450e-01,-2.990112878502039218e-01,2.178034470653638088e-01
8.815153070316296136e-01,-2.725990727967419480e-01,-2.725990727967436134e-01,2.725990727967435578e-01
8.805952013903037834e-01,-3.100945378635163729e-01,-2.533707450314476861e-01,-2.533707450314492959e-01
8.772939821538652261e-01,-3.344441610978977630e-01,-2.831134775424655192e-01,-1.958293410547794211e-01
8.849416990676091110e-01,-3.402251444417880855e-01,-2.942585046210766664e-01,-1.205693692405553769e-01
8.904639041999915516e-01,-3.426137408971413612e-01,-2.967490124247067484e-01,-4.037181554421626073e-02
8.904639041999915516e-01,-3.426137408971413612e-01,-2.967490124247067484e-01,4.037181554421626073e-02
8.849416990676091110e-01,-3.402251444417880855e-01,-2.942585046210766664e-01,1.205693692405553769e-01
8.772939821538652261e-01,-3.344441610978977630e-01,-2.831134775424655192e-01,1.958293410547794211e-01
8.805952013903038944e-01,-3.100945378635162619e-01,-2.533707450314491849e-01,2.533707450314475196e-01
8.796284203700850401e-01,-2.990112878502026450e-01,-2.178034470653638088e-01,-2.990112878502039218e-01
8.822137334870447933e-01,-3.390449005102113555e-01,-2.310275783157388629e-01,-2.310275783157401952e-01
8.919098712145541175e-01,-3.432390611272674863e-01,-2.476006643851783040e-01,-1.593036080650018227e-01
8.992427589054132753e-01,-3.464094430352595566e-01,-2.545667400012312509e-01,-8.098600630558250302e-02
9.020369093935325377e-01,-3.476171544985962036e-01,-2.559135166224383862e-01,-5.584443321403178323e-15
8.992427589054132753e-01,-3.464094430352594456e-01,-2.545667400012312509e-01,8.098600630558240587e-02
8.919098712145541175e-01,-3.432390611272674863e-01,-2.476006643851783040e-01,1.593036080650018227e-01
8.822137334870447933e-01,-3.390449005102113555e-01,-2.310275783157388629e-01,2.310275783157401952e-01
8.796284203700850401e-01,-2.990112878502031446e-01,-2.178034470653641974e-01,2.990112878502032001e-01
8.772922968125300702e-01,-3.344661546283893006e-01,-1.958196283500713009e-01,-2.830994357365162473e-01
8.974177163279127845e-01,-3.456205059526414880e-01,-1.938916041063066809e-01,-1.938916041063079021e-01
9.053719823279091639e-01,-3.490584228048460025e-01,-2.094385193465299888e-01,-1.208109999071224488e-01
9.106064996625521379e-01,-3.513200112237301886e-01,-2.137995715131393304e-01,-4.074059040895868650e-02
9.106064996625521379e-01,-3.513200112237301886e-01,-2.137995715131393304e-01,4.074059040895868650e-02
9.053719823279091639e-01,-3.490584228048460025e-01,-2.094385193465299333e-01,1.208109999071223795e-01
8.974177163279127845e-01,-3.456205059526414880e-01,-1.938916041063066809e-01,1.938916041063079021e-01
8.772922968125300702e-01,-3.344661546283894116e-01,-1.958196283500712453e-01,2.830994357365161918e-01
8.732048763422870508e-01,-3.264077990610356750e-01,-1.562982448919768286e-01,-3.264077990610356195e-01
8.919098712145541175e-01,-3.432390611272674863e-01,-1.593036080650018227e-01,-2.476006643851783040e-01
9.099885010563552035e-01,-3.510530369305157050e-01,-1.560171356086723637e-01,-1.560171356086733074e-01
9.161657949178658722e-01,-3.537212128466939998e-01,-1.699881031258855535e-01,-8.139769407324759509e-02
9.189481165220099168e-01,-3.549226971735474634e-01,-1.719425432279772514e-01,-3.752062024184480432e-15
9.161657949178658722e-01,-3.537212128466939998e-01,-1.699881031258855535e-01,8.139769407324755346e-02
9.099885010563552035e-01,-3.510530369305157050e-01,-1.560171356086723637e-01,1.560171356086733074e-01
8.919098712145541175e-01,-3.432390611272674863e-01,-1.593036080650018227e-01,2.476006643851783040e-01
8.732048763422870508e-01,-3.264077990610356750e-01,-1.562982448919768286e-01,3.264077990610356195e-01
8.849416990676091110e-01,-3.402251444417880855e-01,-1.205693692405553769e-01,-2.942585046210766664e-01
9.053719823279091639e-01,-3.490584228048460025e-01,-1.208109999071224488e-01,-2.094385193465299888e-01
9.198482066558243408e-01,-3.553113427478596931e-01,-1.175438778218089314e-01,-1.175438778218096808e-01
9.242066217207646206e-01,-3.571929766929513583e-01,-1.287536942931981898e-01,-4.096076140129522453e-02
9.242066217207646206e-01,-3.571929766929513583e-01,-1.287536942931981898e-01,4.096076140129522453e-02
9.198482066558243408e-01,-3.553113427478596931e-01,-1.175438778218096808e-01,1.175438778218089314e-01
9.053719823279091639e-01,-3.490584228048460025e-01,-1.208109999071224488e-01,2.094385193465299888e-01
8.849416990676092221e-01,-3.402251444417879744e-01,-1.205693692405552936e-01,2.942585046210764999e-01
8.759692388708699706e-01,-3.363425426148393682e-01,-8.015784806715926802e-02,-3.363425426148407005e-01
8.992427589054132753e-01,-3.464094430352595566e-01,-8.098600630558250302e-02,-2.545667400012312509e-01
9.161657949178658722e-01,-3.537212128466939998e-01,-8.139769407324759509e-02,-1.699881031258855535e-01
9.269353549835889217e-01,-3.583708148026804041e-01,-7.861681365684800027e-02,-7.861681365684848599e-02
9.291979824021908696e-01,-3.593473325156622544e-01,-8.637478864562218861e-02,-1.923194512452120851e-15
9.269353549835889217e-01,-3.583708148026804041e-01,-7.861681365684851375e-02,7.861681365684800027e-02
9.161657949178658722e-01,-3.537212128466939998e-01,-8.139769407324759509e-02,1.699881031258855535e-01
8.992427589054132753e-01,-3.464094430352595566e-01,-8.098600630558250302e-02,2.545667400012312509e-01
8.759692388708699706e-01,-3.363425426148393682e-01,-8.015784806715926802e-02,3.363425426148407005e-01
8.904639041999914406e-01,-3.426137408971413056e-01,-4.037181554421626073e-02,-2.967490124247067484e-01
9.106064996625521379e-01,-3.513200112237301886e-01,-4.074059040895868650e-02,-2.137995715131393304e-01
9.242066217207646206e-01,-3.571929766929513583e-01,-4.096076140129522453e-02,-1.287536942931981898e-01
9.312055433276870131e-01,-3.602136695699844071e-01,-3.938494846202848093e-02,-3.938494846202873073e-02
9.312055433276870131e-01,-3.602136695699844071e-01,-3.938494846202848093e-02,3.938494846202873073e-02
9.242066217207646206e-01,-3.571929766929513583e-01,-4.096076140129522453e-02,1.287536942931981898e-01
9.106064996625521379e-01,-3.513200112237301886e-01,-4.074059040895868650e-02,2.137995715131393304e-01
8.904639041999914406e-01,-3.426137408971414722e-01,-4.037181554421624685e-02,2.967490124247066374e-01
8.787174392460953554e-01,-3.375319703115431391e-01,-7.365488866097209187e-15,-3.375319703115431946e-01
9.020369093935325377e-01,-3.476171544985962036e-01,-5.584443321403178323e-15,-2.559135166224383862e-01
9.189481165220099168e-01,-3.549226971735474634e-01,-3.752062024184480432e-15,-1.719425432279772514e-01
9.291979824021908696e-01,-3.593473325156622544e-01,-1.923194512452120851e-15,-8.637478864562218861e-02
9.326319325879915967e-01,-3.608291539180112917e-01,-0.000000000000000000e+00,-0.000000000000000000e+00
9.291979824021907586e-01,-3.593473325156624765e-01,-1.923194512452116512e-15,8.637478864562199432e-02
9.189481165220099168e-01,-3.549226971735474634e-01,-3.752062024184480432e-15,1.719425432279772514e-01
9.020369093935325377e-01,-3.476171544985962036e-01,-5.584443321403178323e-15,2.559135166224383862e-01
8.787174392460953554e-01,-3.375319703115431391e-01,-7.365488866097209187e-15,3.375319703115431946e-01
8.904639041999914406e-01,-3.426137408971413056e-01,4.037181554421626073e-02,-2.967490124247067484e-01
9.106064996625521379e-01,-3.513200112237301886e-01,4.074059040895868650e-02,-2.137995715131393304e-01
9.242066217207646206e-01,-3.571929766929513583e-01,4.096076140129522453e-02,-1.287536942931981898e-01
9.312055433276870131e-01,-3.602136695699844071e-01,3.938494846202848093e-02,-3.938494846202873073e-02
9.312055433276870131e-01,-3.602136695699844071e-01,3.938494846202848093e-02,3.938494846202873073e-02
9.242066217207646206e-01,-3.571929766929513583e-01,4.096076140129522453e-02,1.287536942931981898e-01
9.106064996625521379e-01,-3.513200112237301886e-01,4.074059040895868650e-02,2.137995715131393304e-01
8.904639041999914406e-01,-3.426137408971414722e-01,4.037181554421624685e-02,2.967490124247066374e-01
8.759692388708699706e-01,-3.363425426148393682e-01,8.015784806715926802e-02,-3.363425426148407005e-01
8.992427589054132753e-01,-3.464094430352594456e-01,8.098600630558240587e-02,-2.545667400012312509e-01
9.161657949178658722e-01,-3.537212128466939998e-01,8.139769407324755346e-02,-1.699881031258855535e-01
9.269353549835889217e-01,-3.583708148026804041e-01,7.861681365684800027e-02,-7.861681365684851375e-02
9.291979824021907586e-01,-3.593473325156624765e-01,8.637478864562199432e-02,-1.923194512452116512e-15
9.269353549835889217e-01,-3.583708148026804041e-01,7.861681365684800027e-02,7.861681365684848599e-02
9.161657949178658722e-01,-3.537212128466939998e-01,8.139769407324755346e-02,1.699881031258855535e-01
8.992427589054132753e-01,-3.464094430352594456e-01,8.098600630558240587e-02,2.545667400012312509e-01
8.759692388708699706e-01,-3.363425426148393682e-01,8.015784806715926802e-02,3.363425426148407005e-01
8.849416990676091110e-01,-3.402251444417880855e-01,1.205693692405553769e-01,-2.942585046210766664e-01
9.053719823279091639e-01,-3.490584228048460025e-01,1.208109999071223795e-01,-2.094385193465299333e-01
9.198482066558243408e-01,-3.553113427478596931e-01,1.175438778218089314e-01,-1.175438778218096808e-01
9.242066217207646206e-01,-3.571929766929513583e-01,1.287536942931981898e-01,-4.096076140129522453e-02
9.242066217207646206e-01,-3.571929766929513583e-01,1.287536942931981898e-01,4.096076140129522453e-02
9.198482066558244519e-01,-3.553113427478596376e-01,1.175438778218089869e-01,1.175438778218096531e-01
9.053719823279091639e-01,-3.490584228048460025e-01,1.208109999071223795e-01,2.094385193465299333e-01
8.849416990676092221e-01,-3.402251444417879744e-01,1.205693692405552936e-01,2.942585046210764999e-01
8.732048763422870508e-01,-3.264077990610356750e-01,1.562982448919768286e-01,-3.264077990610356195e-01
8.919098712145541175e-01,-3.432390611272674863e-01,1.593036080650018227e-01,-2.476006643851783040e-01
9.099885010563552035e-01,-3.510530369305157050e-01,1.560171356086723637e-01,-1.560171356086733074e-01
9.161657949178658722e-01,-3.537212128466939998e-01,1.699881031258855535e-01,-8.139769407324759509e-02
9.189481165220099168e-01,-3.549226971735474634e-01,1.719425432279772514e-01,-3.752062024184480432e-15
9.161657949178658722e-01,-3.537212128466939998e-01,1.699881031258855535e-01,8.139769407324755346e-02
9.099885010563552035e-01,-3.510530369305157050e-01,1.560171356086723637e-01,1.560171356086733074e-01
8.919098712145541175e-01,-3.432390611272674863e-01,1.593036080650018227e-01,2.476006643851783040e-01
8.732048763422870508e-01,-3.264077990610356750e-01,1.562982448919768286e-01,3.264077990610356195e-01
8.772893774573763404e-01,-3.345042307773771761e-01,1.958028126045159578e-01,-2.830751249556291982e-01
8.974177163279127845e-01,-3.456205059526414880e-01,1.938916041063066809e-01,-1.938916041063079021e-01
9.053719823279091639e-01,-3.490584228048460025e-01,2.094385193465299888e-01,-1.208109999071224488e-01
9.106064996625521379e-01,-3.513200112237301886e-01,2.137995715131393304e-01,-4.074059040895868650e-02
9.106064996625521379e-01,-3.513200112237301886e-01,2.137995715131393304e-01,4.074059040895868650e-02
9.053719823279091639e-01,-3.490584228048460025e-01,2.094385193465299333e-01,1.208109999071223795e-01
8.974177163279127845e-01,-3.456205059526414880e-01,1.938916041063066809e-01,1.938916041063079021e-01
8.772893774573764514e-01,-3.345042307773771761e-01,1.958028126045157913e-01,2.830751249556289761e-01
8.796284203700850401e-01,-2.990112878502031446e-01,2.178034470653641974e-01,-2.990112878502032001e-01
8.822137334870447933e-01,-3.390449005102113555e-01,2.310275783157388629e-01,-2.310275783157401952e-01
8.919098712145541175e-01,-3.432390611272674863e-01,2.476006643851783040e-01,-1.593036080650018227e-01
8.992427589054132753e-01,-3.464094430352595566e-01,2.545667400012312509e-01,-8.098600630558250302e-02
9.020369093935325377e-01,-3.476171544985962036e-01,2.559135166224383862e-01,-5.584443321403178323e-15
8.992427589054132753e-01,-3.464094430352594456e-01,2.545667400012312509e-01,8.098600630558240587e-02
8.919098712145541175e-01,-3.432390611272674863e-01,2.476006643851783040e-01,1.593036080650018227e-01
8.822137334870447933e-01,-3.390449005102113555e-01,2.310275783157388629e-01,2.310275783157401952e-01
8.796284203700850401e-01,-2.990112878502026450e-01,2.178034470653638088e-01,2.990112878502039218e-01
8.804868129518105269e-01,-3.122209010183167321e-01,2.522509476545857221e-01,-2.522509476545873319e-01
8.772922968125300702e-01,-3.344661546283894116e-01,2.830994357365161918e-01,-1.958196283500712453e-01
8.849416990676092221e-01,-3.402251444417879744e-01,2.942585046210764999e-01,-1.205693692405552936e-01
8.904639041999914406e-01,-3.426137408971414167e-01,2.967490124247066374e-01,-4.037181554421623991e-02
8.904639041999914406e-01,-3.426137408971414167e-01,2.967490124247066374e-01,4.037181554421623991e-02
8.849416990676092221e-01,-3.402251444417879744e-01,2.942585046210764999e-01,1.205693692405552936e-01
8.772982054617759484e-01,-3.343890080521255137e-01,2.831486882346849199e-01,1.958536962593258879e-01
8.804868129510170505e-01,-3.122209010334545676e-01,2.522509476466022749e-01,2.522509476466037737e-01
8.815153070316295025e-01,-2.725990727967415039e-01,2.725990727967432248e-01,-2.725990727967443905e-01
8.796284203700850401e-01,-2.990112878502031446e-01,2.990112878502032001e-01,-2.178034470653641974e-01
8.732048763422870508e-01,-3.264077990610356750e-01,3.264077990610356195e-01,-1.562982448919768286e-01
8.759692388708700816e-01,-3.363425426148392017e-01,3.363425426148405339e-01,-8.015784806715922639e-02
8.787174392460953554e-01,-3.375319703115431391e-01,3.375319703115431946e-01,-7.365488866097209187e-15
8.759692388708700816e-01,-3.363425426148392017e-01,3.363425426148405339e-01,8.015784806715922639e-02
8.732048763422870508e-01,-3.264077990610356750e-01,3.264077990610356195e-01,1.562982448919768286e-01
8.796284203700850401e-01,-2.990112878502026450e-01,2.990112878502039218e-01,2.178034470653638088e-01
8.815153070316296136e-01,-2.725990727967419480e-01,2.725990727967436134e-01,2.725990727967435578e-01
8.805952013903037834e-01,-2.533707450314476861e-01,-3.100945378635163729e-01,-2.533707450314492959e-01
8.772893774573763404e-01,-2.830751249556291982e-01,-3.345042307773771761e-01,-1.958028126045159578e-01
8.849416990676091110e-01,-2.942585046210766664e-01,-3.402251444417880855e-01,-1.205693692405553769e-01
8.904639041999915516e-01,-2.967490124247067484e-01,-3.426137408971413612e-01,-4.037181554421626073e-02
8.904639041999915516e-01,-2.967490124247067484e-01,-3.426137408971413612e-01,4.037181554421626073e-02
8.849416990676091110e-01,-2.942585046210766664e-01,-3.402251444417880855e-01,1.205693692405553769e-01
8.772836847138707483e-01,-2.830277643776691887e-01,-3.345784023865346901e-01,1.957700533347899452e-01
8.805952013903038944e-01,-2.533707450314491849e-01,-3.100945378635162619e-01,2.533707450314475196e-01
8.805952013903037834e-01,-2.533707450314476861e-01,-2.533707450314492959e-01,-3.100945378635163729e-01
9.090953874318463690e-01,-2.531548172663449225e-01,-2.531548172663461438e-01,-2.130043509880197028e-01
9.050393772142194537e-01,-2.803915994759110242e-01,-2.803915994759110797e-01,-1.538337660540697871e-01
9.046896627431207927e-01,-2.958362049160114804e-01,-2.958362049160114804e-01,-8.061323618067738062e-02
9.074188405290699588e-01,-2.971456274731956171e-01,-2.971456274731956726e-01,-6.484194100911935246e-15
9.046896627431207927e-01,-2.958362049160114804e-01,-2.958362049160114804e-01,8.061323618067738062e-02
9.050393772142194537e-01,-2.803915994759110242e-01,-2.803915994759110797e-01,1.538337660540697871e-01
9.090953874318464800e-01,-2.531548172663454221e-01,-2.531548172663454221e-01,2.130043509880201469e-01
8.805952013903037834e-01,-2.533707450314476861e-01,-2.533707450314492959e-01,3.100945378635163729e-01
9.090953874318463690e-01,-2.531548172663449781e-01,-2.130043509880197583e-01,-2.531548172663461993e-01
9.075521565959669967e-01,-2.894555576796839502e-01,-2.357364044524315194e-01,-1.923354122417195722e-01
9.120540690341712997e-01,-2.993676869281567954e-01,-2.527598151564286466e-01,-1.210323883247133719e-01
9.174547602516356370e-01,-3.019537754414279851e-01,-2.558343570338695305e-01,-4.061357099970460544e-02
9.174547602516356370e-01,-3.019537754414279851e-01,-2.558343570338695305e-01,4.061357099970460544e-02
9.120540690341712997e-01,-2.993676869281570174e-01,-2.527598151564288131e-01,1.210323883247133581e-01
9.075521565959669967e-01,-2.894555576796839502e-01,-2.357364044524315194e-01,1.923354122417195722e-01
9.090953874318463690e-01,-2.531548172663467544e-01,-2.130043509880194252e-01,2.531548172663445895e-01
8.772893774573763404e-01,-2.830751249556291982e-01,-1.958028126045159578e-01,-3.345042307773771761e-01
9.075521565959669967e-01,-2.894555576796839502e-01,-1.923354122417195722e-01,-2.357364044524315194e-01
9.178345056196722807e-01,-3.021354969085027764e-01,-2.029637624736296275e-01,-1.584287629324042934e-01
9.245378147990883644e-01,-3.053407540868957049e-01,-2.130005359159660161e-01,-8.141022417168343461e-02
9.273204836697310771e-01,-3.066699315914984680e-01,-2.145466700375507074e-01,-4.681752392110422583e-15
9.245378147990883644e-01,-3.053407540868958159e-01,-2.130005359159659328e-01,8.141022417168337910e-02
9.178345056196722807e-01,-3.021354969085027764e-01,-2.029637624736296275e-01,1.584287629324042934e-01
9.075521565959669967e-01,-2.894555576796839502e-01,-1.923354122417195722e-01,2.357364044524315194e-01
8.772893774573763404e-01,-2.830751249556291982e-01,-1.958028126045159578e-01,3.345042307773771761e-01
9.050393772142194537e-01,-2.803915994759108021e-01,-1.538337660540696483e-01,-2.803915994759114683e-01
9.178345056196722807e-01,-3.021354969085027764e-01,-1.584287629324042934e-01,-2.029637624736296275e-01
9.293831334012959688e-01,-3.076546634892372012e-01,-1.648523253094801855e-01,-1.200804323050614492e-01
9.341894508434875899e-01,-3.099475513382384806e-01,-1.718852308159370679e-01,-4.096404251932597024e-02
9.341894508434875899e-01,-3.099475513382384806e-01,-1.718852308159370679e-01,4.096404251932597024e-02
9.293831334012961909e-01,-3.076546634892369791e-01,-1.648523253094800189e-01,1.200804323050613381e-01
9.178345056196722807e-01,-3.021354969085027764e-01,-1.584287629324042934e-01,2.029637624736296275e-01
9.050393772142194537e-01,-2.803915994759110797e-01,-1.538337660540697871e-01,2.803915994759110242e-01
8.849416990676091110e-01,-2.942585046210766664e-01,-1.205693692405553769e-01,-3.402251444417880855e-01
9.120540690341712997e-01,-2.993676869281567954e-01,-1.210323883247133719e-01,-2.527598151564286466e-01
9.293831334012959688e-01,-3.076546634892372012e-01,-1.200804323050614492e-01,-1.648523253094801855e-01
9.382569694594439236e-01,-3.118861464849232434e-01,-1.258680950227425988e-01,-8.098218042823503160e-02
9.408244795979966435e-01,-3.131089698878029015e-01,-1.296613726788272969e-01,-2.829419079760939550e-15
9.382569694594439236e-01,-3.118861464849232434e-01,-1.258680950227426543e-01,8.098218042823496221e-02
9.293831334012959688e-01,-3.076546634892372012e-01,-1.200804323050614492e-01,1.648523253094801855e-01
9.120540690341712997e-01,-2.993676869281567954e-01,-1.210323883247133719e-01,2.527598151564286466e-01
8.849416990676091110e-01,-2.942585046210766664e-01,-1.205693692405553769e-01,3.402251444417880855e-01
9.046896627431207927e-01,-2.958362049160114804e-01,-8.061323618067738062e-02,-2.958362049160114804e-01
9.245378147990883644e-01,-3.053407540868957049e-01,-8.141022417168343461e-02,-2.130005359159660161e-01
9.382569694594439236e-01,-3.118861464849232434e-01,-8.098218042823503160e-02,-1.258680950227425988e-01
9.443854031710642305e-01,-3.148038296306905903e-01,-8.572962522282825959e-02,-4.105107168431790243e-02
9.443854031710642305e-01,-3.148038296306905903e-01,-8.572962522282825959e-02,4.105107168431790243e-02
9.382569694594438126e-01,-3.118861464849231879e-01,-8.098218042823505936e-02,1.258680950227425432e-01
9.245378147990883644e-01,-3.053407540868957049e-01,-8.141022417168343461e-02,2.130005359159660161e-01
9.046896627431209037e-01,-2.958362049160114804e-01,-8.061323618067738062e-02,2.958362049160114804e-01
8.904639041999915516e-01,-2.967490124247068040e-01,-4.037181554421626767e-02,-3.426137408971413612e-01
9.174547602516356370e-01,-3.019537754414279851e-01,-4.061357099970459850e-02,-2.558343570338695305e-01
9.341894508434875899e-01,-3.099475513382384806e-01,-4.096404251932597024e-02,-1.718852308159370679e-01
9.443854031710642305e-01,-3.148038296306905903e-01,-4.105107168431790243e-02,-8.572962522282825959e-02
9.476483697402352524e-01,-3.163557649957780549e-01,-4.337738215488179394e-02,-9.658274669368515467e-16
9.443854031710642305e-01,-3.148038296306905903e-01,-4.105107168431791631e-02,8.572962522282825959e-02
9.341894508434875899e-01,-3.099475513382384806e-01,-4.096404251932597024e-02,1.718852308159370679e-01
9.174547602516356370e-01,-3.019537754414279851e-01,-4.061357099970459850e-02,2.558343570338695305e-01
8.904639041999915516e-01,-2.967490124247068040e-01,-4.037181554421626767e-02,3.426137408971413612e-01
9.074188405290699588e-01,-2.971456274731956171e-01,-6.484194100911935246e-15,-2.971456274731956726e-01
9.273204836697310771e-01,-3.066699315914984680e-01,-4.681752392110422583e-15,-2.145466700375507074e-01
9.408244795979966435e-01,-3.131089698878029015e-01,-2.829419079760939550e-15,-1.296613726788272969e-01
9.476483697402352524e-01,-3.163557649957780549e-01,-9.658274669368515467e-16,-4.337738215488179394e-02
9.476483697402352524e-01,-3.163557649957780549e-01,-9.658274669368515467e-16,4.337738215488179394e-02
9.408244795979966435e-01,-3.131089698878029015e-01,-2.829419079760939550e-15,1.296613726788272969e-01
9.273204836697310771e-01,-3.066699315914984680e-01,-4.681752392110422583e-15,2.145466700375507074e-01
9.074188405290699588e-01,-2.971456274731956726e-01,-6.484194100911936823e-15,2.971456274731956171e-01
8.904639041999915516e-01,-2.967490124247068040e-01,4.037181554421626767e-02,-3.426137408971413612e-01
9.174547602516356370e-01,-3.019537754414279851e-01,4.061357099970459850e-02,-2.558343570338695305e-01
9.341894508434875899e-01,-3.099475513382384806e-01,4.096404251932597024e-02,-1.718852308159370679e-01
9.443854031710642305e-01,-3.148038296306905903e-01,4.105107168431790243e-02,-8.572962522282825959e-02
9.476483697402352524e-01,-3.163557649957780549e-01,4.337738215488179394e-02,-9.658274669368515467e-16
9.443854031710642305e-01,-3.148038296306905903e-01,4.105107168431791631e-02,8.572962522282825959e-02
9.341894508434875899e-01,-3.099475513382384806e-01,4.096404251932597024e-02,1.718852308159370679e-01
9.174547602516356370e-01,-3.019537754414279851e-01,4.061357099970459850e-02,2.558343570338695305e-01
8.904639041999915516e-01,-2.967490124247068040e-01,4.037181554421626767e-02,3.426137408971413612e-01
9.046896627431207927e-01,-2.958362049160114804e-01,8.061323618067738062e-02,-2.958362049160114804e-01
9.245378147990883644e-01,-3.053407540868958159e-01,8.141022417168337910e-02,-2.130005359159659328e-01
9.382569694594438126e-01,-3.118861464849231879e-01,8.098218042823494833e-02,-1.258680950227426265e-01
9.443854031710642305e-01,-3.148038296306905903e-01,8.572962522282825959e-02,-4.105107168431791631e-02
9.443854031710642305e-01,-3.148038296306905903e-01,8.572962522282825959e-02,4.105107168431791631e-02
9.382569694594439236e-01,-3.118861464849232434e-01,8.098218042823503160e-02,1.258680950227425988e-01
9.245378147990883644e-01,-3.053407540868958159e-01,8.141022417168337910e-02,2.130005359159659328e-01
9.046896627431209037e-01,-2.958362049160114804e-01,8.061323618067738062e-02,2.958362049160114804e-01
8.849416990676091110e-01,-2.942585046210766664e-01,1.205693692405553769e-01,-3.402251444417880855e-01
9.120540690341712997e-01,-2.993676869281567954e-01,1.210323883247132748e-01,-2.527598151564286466e-01
9.293831334012961909e-01,-3.076546634892370347e-01,1.200804323050613520e-01,-1.648523253094800745e-01
9.382569694594438126e-01,-3.118861464849231879e-01,1.258680950227425432e-01,-8.098218042823505936e-02
9.408244795979966435e-01,-3.131089698878029015e-01,1.296613726788272969e-01,-2.829419079760939550e-15
9.382569694594439236e-01,-3.118861464849232434e-01,1.258680950227425988e-01,8.098218042823503160e-02
9.293831334012961909e-01,-3.076546634892370347e-01,1.200804323050613520e-01,1.648523253094800745e-01
9.120540690341712997e-01,-2.993676869281567954e-01,1.210323883247132748e-01,2.527598151564286466e-01
8.849416990676091110e-01,-2.942585046210766664e-01,1.205693692405553769e-01,3.402251444417880855e-01
9.050393772142194537e-01,-2.803915994759110242e-01,1.538337660540697871e-01,-2.803915994759110797e-01
9.178345056196722807e-01,-3.021354969085027764e-01,1.584287629324042934e-01,-2.029637624736296275e-01
9.293831334012959688e-01,-3.076546634892372012e-01,1.648523253094801855e-01,-1.200804323050614492e-01
9.341894508434875899e-01,-3.099475513382384806e-01,1.718852308159370679e-01,-4.096404251932597024e-02
9.341894508434875899e-01,-3.099475513382384806e-01,1.718852308159370679e-01,4.096404251932597024e-02
9.293831334012961909e-01,-3.076546634892369791e-01,1.648523253094800189e-01,1.200804323050613381e-01
9.178345056196722807e-01,-3.021354969085027764e-01,1.584287629324042934e-01,2.029637624736296275e-01
9.050393772142194537e-01,-2.803915994759119679e-01,1.538337660540696483e-01,2.803915994759107466e-01
8.772836847138707483e-01,-2.830277643776691887e-01,1.957700533347899452e-01,-3.345784023865347456e-01
9.075521565959669967e-01,-2.894555576796839502e-01,1.923354122417195722e-01,-2.357364044524315194e-01
9.178345056196722807e-01,-3.021354969085027764e-01,2.029637624736296275e-01,-1.584287629324042934e-01
9.245378147990883644e-01,-3.053407540868957049e-01,2.130005359159660161e-01,-8.141022417168343461e-02
9.273204836697310771e-01,-3.066699315914984680e-01,2.145466700375507074e-01,-4.681752392110422583e-15
9.245378147990883644e-01,-3.053407540868958159e-01,2.130005359159659328e-01,8.141022417168337910e-02
9.178345056196722807e-01,-3.021354969085027764e-01,2.029637624736296275e-01,1.584287629324042934e-01
9.075371894446779830e-01,-2.896916530065190565e-01,1.922215463190379559e-01,2.355968443844764504e-01
8.772836847138707483e-01,-2.830277643776691887e-01,1.957700533347899452e-01,3.345784023865347456e-01
9.090953874318463690e-01,-2.531548172663449781e-01,2.130043509880197583e-01,-2.531548172663461993e-01
9.075521565959669967e-01,-2.894555576796839502e-01,2.357364044524315194e-01,-1.923354122417195722e-01
9.120540690341712997e-01,-2.993676869281567954e-01,2.527598151564286466e-01,-1.210323883247133719e-01
9.174547602516356370e-01,-3.019537754414279851e-01,2.558343570338695305e-01,-4.061357099970460544e-02
9.174547602516356370e-01,-3.019537754414279851e-01,2.558343570338695305e-01,4.061357099970460544e-02
9.120540690341712997e-01,-2.993676869281570174e-01,2.527598151564288131e-01,1.210323883247133581e-01
9.075297750907447281e-01,-2.898081648984361935e-01,2.355279542175770235e-01,1.921653393929979303e-01
9.090953874318463690e-01,-2.531548172663464213e-01,2.130043509880196195e-01,2.531548172663447560e-01
8.805952013903038944e-01,-2.533707450314491849e-01,2.533707450314475196e-01,-3.100945378635162619e-01
9.090953874318463690e-01,-2.531548172663464213e-01,2.531548172663447560e-01,-2.130043509880196195e-01
9.050393772142194537e-01,-2.803915994759110797e-01,2.803915994759110242e-01,-1.538337660540697871e-01
9.046896627431209037e-01,-2.958362049160114804e-01,2.958362049160114804e-01,-8.061323618067738062e-02
9.074188405290699588e-01,-2.971456274731956726e-01,2.971456274731956171e-01,-6.484194100911936823e-15
9.046896627431209037e-01,-2.958362049160114804e-01,2.958362049160114804e-01,8.061323618067738062e-02
9.050393772142194537e-01,-2.803915994759110797e-01,2.803915994759110242e-01,1.538337660540697871e-01
9.090953874318463690e-01,-2.531548172663464213e-01,2.531548172663447560e-01,2.130043509880196195e-01
8.805517612829178997e-01,-2.529146668182845614e-01,2.529146668182830071e-01,3.109613132174871564e-01
8.805952013903038944e-01,-2.533707450314475751e-01,3.100945378635163174e-01,-2.533707450314491849e-01
8.772950398399792515e-01,-2.831222925955143577e-01,3.344303538359066352e-01,-1.958354384191468567e-01
8.849416990676091110e-01,-2.942585046210766664e-01,3.402251444417880855e-01,-1.205693692405553769e-01
8.904639041999915516e-01,-2.967490124247067484e-01,3.426137408971413612e-01,-4.037181554421626073e-02
8.904639041999915516e-01,-2.967490124247067484e-01,3.426137408971413612e-01,4.037181554421626073e-02
8.849416990676091110e-01,-2.942585046210766664e-01,3.402251444417880855e-01,1.205693692405553769e-01
8.772982054617759484e-01,-2.831486882346849199e-01,3.343890080521254027e-01,1.958536962593258879e-01
8.805642449835581198e-01,-2.530446953528370790e-01,3.107142976499743248e-01,2.530446953528354137e-01
8.796284203700849291e-01,-2.178034470653640031e-01,-2.990112878502028670e-01,-2.990112878502038662e-01
8.822137334870447933e-01,-2.310275783157388629e-01,-3.390449005102113555e-01,-2.310275783157401952e-01
8.919098712145541175e-01,-2.476006643851783040e-01,-3.432390611272674863e-01,-1.593036080650018227e-01
8.992427589054132753e-01,-2.545667400012312509e-01,-3.464094430352595566e-01,-8.098600630558250302e-02
9.020369093935325377e-01,-2.559135166224383862e-01,-3.476171544985962036e-01,-5.584443321403178323e-15
8.992427589054132753e-01,-2.545667400012312509e-01,-3.464094430352594456e-01,8.098600630558240587e-02
8.919098712145541175e-01,-2.476006643851783040e-01,-3.432390611272674863e-01,1.593036080650018227e-01
8.822137334870447933e-01,-2.310275783157388629e-01,-3.390449005102113555e-01,2.310275783157401952e-01
8.796284203700850401e-01,-2.178034470653641974e-01,-2.990112878502031446e-01,2.990112878502032001e-01
9.090953874318464800e-01,-2.130043509880201469e-01,-2.531548172663454221e-01,-2.531548172663454221e-01
9.075441443091974980e-01,-2.356616120265884740e-01,-2.895820951103511010e-01,-1.922743897106833355e-01
9.120540690341712997e-01,-2.527598151564286466e-01,-2.993676869281567954e-01,-1.210323883247133719e-01
9.174547602516356370e-01,-2.558343570338695305e-01,-3.019537754414279851e-01,-4.061357099970460544e-02
9.174547602516356370e-01,-2.558343570338695305e-01,-3.019537754414279851e-01,4.061357099970460544e-02
9.120540690341712997e-01,-2.527598151564288131e-01,-2.993676869281570174e-01,1.210323883247133581e-01
9.075152802854067335e-01,-2.353937384220909923e-01,-2.900351024555105073e-01,1.920558338186929559e-01
9.090953874318463690e-01,-2.130043509880194252e-01,-2.531548172663467544e-01,2.531548172663445895e-01
8.822137334870447933e-01,-2.310275783157388629e-01,-2.310275783157401952e-01,-3.390449005102113555e-01
9.337101470753763621e-01,-2.067086204044054631e-01,-2.067086204044066566e-01,-2.067086204044073783e-01
9.317882242730149978e-01,-2.336389916571836589e-01,-2.336389916571836589e-01,-1.503208177897208397e-01
9.294422095918858373e-01,-2.545386915848826259e-01,-2.545386915848831255e-01,-8.097708318694075980e-02
9.321537595635309703e-01,-2.560169608947567843e-01,-2.560169608947568953e-01,-5.586700641310739455e-15
9.294422095918859483e-01,-2.545386915848822929e-01,-2.545386915848831810e-01,8.097708318694056551e-02
9.317882242730149978e-01,-2.336389916571836589e-01,-2.336389916571836589e-01,1.503208177897208397e-01
9.337101470753763621e-01,-2.067086204044054631e-01,-2.067086204044066566e-01,2.067086204044073783e-01
8.822137334870447933e-01,-2.310275783157388629e-01,-2.310275783157401952e-01,3.390449005102113555e-01
9.075414639165653163e-01,-2.356366337952009171e-01,-1.922540101751501751e-01,-2.896243492136274522e-01
9.328197461924604417e-01,-2.441372127424502325e-01,-1.874091012568237236e-01,-1.874091012568248893e-01
9.353977462803670928e-01,-2.577828237175050496e-01,-2.096520789399752560e-01,-1.209341880775907235e-01
9.405057697056413701e-01,-2.605575337730531293e-01,-2.142247981134244861e-01,-4.082161948974964705e-02
9.405057697056413701e-01,-2.605575337730531293e-01,-2.142247981134244861e-01,4.082161948974964705e-02
9.353977462803670928e-01,-2.577828237175050496e-01,-2.096520789399753115e-01,1.209341880775906819e-01
9.328197461924604417e-01,-2.441372127424502325e-01,-1.874091012568237236e-01,1.874091012568248893e-01
9.075497096885460913e-01,-2.357135430285769995e-01,-1.923167597922105510e-01,2.894942382503942757e-01
8.919098712145541175e-01,-2.476006643851783040e-01,-1.593036080650018227e-01,-3.432390611272674863e-01
9.317882242730149978e-01,-2.336389916571831871e-01,-1.503208177897205344e-01,-2.336389916571842973e-01
9.399016577982234333e-01,-2.602297457102141776e-01,-1.563095536359634663e-01,-1.563095536359644100e-01
9.459527530262188399e-01,-2.635086179815425700e-01,-1.705019047427657752e-01,-8.164372462512796413e-02
9.486873853015642677e-01,-2.649872235590511882e-01,-1.725514888957691562e-01,-3.765350195174740089e-15
9.459527530262188399e-01,-2.635086179815425700e-01,-1.705019047427657752e-01,8.164372462512790862e-02
9.399016577982234333e-01,-2.602297457102141776e-01,-1.563095536359634663e-01,1.563095536359644100e-01
9.317882242730149978e-01,-2.336389916571831871e-01,-1.503208177897205344e-01,2.336389916571842973e-01
8.919098712145541175e-01,-2.476006643851783040e-01,-1.593036080650018227e-01,3.432390611272674863e-01
9.120540690341712997e-01,-2.527598151564286466e-01,-1.210323883247133719e-01,-2.993676869281567954e-01
9.353977462803670928e-01,-2.577828237175050496e-01,-1.209341880775907235e-01,-2.096520789399752560e-01
9.495732645982403186e-01,-2.654657933678486459e-01,-1.179799298860165491e-01,-1.179799298860172707e-01
9.538712817047476644e-01,-2.677847634023959311e-01,-1.293363624258780376e-01,-4.114612719207779573e-02
9.538712817047476644e-01,-2.677847634023959311e-01,-1.293363624258780376e-01,4.114612719207779573e-02
9.495732645982403186e-01,-2.654657933678486459e-01,-1.179799298860172846e-01,1.179799298860165491e-01
9.353977462803670928e-01,-2.577828237175050496e-01,-1.209341880775907235e-01,2.096520789399752560e-01
9.120540690341711887e-01,-2.527598151564288687e-01,-1.210323883247134552e-01,2.993676869281569619e-01
8.992427589054132753e-01,-2.545667400012312509e-01,-8.098600630558250302e-02,-3.464094430352595011e-01
9.294422095918858373e-01,-2.545386915848826259e-01,-8.097708318694075980e-02,-2.545386915848831255e-01
9.459527530262188399e-01,-2.635086179815425700e-01,-8.164372462512796413e-02,-1.705019047427657752e-01
9.565693001695989572e-01,-2.692380233517500110e-01,-7.901284944452428849e-02,-7.901284944452480197e-02
9.588106051049388734e-01,-2.704438623998606239e-01,-8.684665122240591006e-02,-1.933700859645919870e-15
9.565693001695989572e-01,-2.692380233517500110e-01,-7.901284944452480197e-02,7.901284944452428849e-02
9.459527530262188399e-01,-2.635086179815425700e-01,-8.164372462512796413e-02,1.705019047427657752e-01
9.294422095918858373e-01,-2.545386915848826259e-01,-8.097708318694075980e-02,2.545386915848831255e-01
8.992427589054132753e-01,-2.545667400012312509e-01,-8.098600630558250302e-02,3.464094430352595011e-01
9.174547602516356370e-01,-2.558343570338695305e-01,-4.061357099970459850e-02,-3.019537754414279851e-01
9.405057697056413701e-01,-2.605575337730531293e-01,-4.082161948974964705e-02,-2.142247981134244861e-01
9.538712817047476644e-01,-2.677847634023959311e-01,-4.114612719207779573e-02,-1.293363624258780376e-01
9.608023941275165569e-01,-2.715143889882244421e-01,-3.961499723074381196e-02,-3.961499723074405482e-02
9.608023941275165569e-01,-2.715143889882244421e-01,-3.961499723074381196e-02,3.961499723074405482e-02
9.538712817047477754e-01,-2.677847634023960421e-01,-4.114612719207778185e-02,1.293363624258779543e-01
9.405057697056413701e-01,-2.605575337730531293e-01,-4.082161948974964705e-02,2.142247981134244861e-01
9.174547602516356370e-01,-2.558343570338696416e-01,-4.061357099970461237e-02,3.019537754414278741e-01
9.020369093935325377e-01,-2.559135166224383862e-01,-5.584443321403178323e-15,-3.476171544985962036e-01
9.321537595635309703e-01,-2.560169608947567843e-01,-5.586700641310739455e-15,-2.560169608947568953e-01
9.486873853015642677e-01,-2.649872235590511882e-01,-3.765350195174740089e-15,-1.725514888957691562e-01
9.588106051049388734e-01,-2.704438623998606239e-01,-1.933700859645919870e-15,-8.684665122240591006e-02
9.622193753148474693e-01,-2.722753638666280951e-01,-0.000000000000000000e+00,-0.000000000000000000e+00
9.588106051049389844e-01,-2.704438623998602909e-01,-1.933700859645914742e-15,8.684665122240567414e-02
9.486873853015642677e-01,-2.649872235590511882e-01,-3.765350195174740089e-15,1.725514888957691562e-01
9.321537595635309703e-01,-2.560169608947567843e-01,-5.586700641310739455e-15,2.560169608947568953e-01
9.020369093935325377e-01,-2.559135166224383862e-01,-5.584443321403178323e-15,3.476171544985962036e-01
9.174547602516356370e-01,-2.558343570338695305e-01,4.061357099970459850e-02,-3.019537754414279851e-01
9.405057697056413701e-01,-2.605575337730531293e-01,4.082161948974964705e-02,-2.142247981134244861e-01
9.538712817047476644e-01,-2.677847634023959311e-01,4.114612719207779573e-02,-1.293363624258780376e-01
9.608023941275165569e-01,-2.715143889882244421e-01,3.961499723074381196e-02,-3.961499723074405482e-02
9.608023941275165569e-01,-2.715143889882244421e-01,3.961499723074381196e-02,3.961499723074405482e-02
9.538712817047477754e-01,-2.677847634023960421e-01,4.114612719207778185e-02,1.293363624258779543e-01
9.405057697056413701e-01,-2.605575337730531293e-01,4.082161948974964705e-02,2.142247981134244861e-01
9.174547602516356370e-01,-2.558343570338696416e-01,4.061357099970461237e-02,3.019537754414278741e-01
8.992427589054132753e-01,-2.545667400012312509e-01,8.098600630558240587e-02,-3.464094430352594456e-01
9.294422095918859483e-01,-2.545386915848822929e-01,8.097708318694056551e-02,-2.545386915848831810e-01
9.459527530262188399e-01,-2.635086179815425700e-01,8.164372462512790862e-02,-1.705019047427657752e-01
9.565693001695989572e-01,-2.692380233517500110e-01,7.901284944452428849e-02,-7.901284944452480197e-02
9.588106051049389844e-01,-2.704438623998602909e-01,8.684665122240567414e-02,-1.933700859645914742e-15
9.565693001695989572e-01,-2.692380233517500110e-01,7.901284944452430237e-02,7.901284944452478809e-02
9.459527530262188399e-01,-2.635086179815425700e-01,8.164372462512790862e-02,1.705019047427657752e-01
9.294422095918859483e-01,-2.545386915848822929e-01,8.097708318694056551e-02,2.545386915848831810e-01
8.992427589054132753e-01,-2.545667400012312509e-01,8.098600630558240587e-02,3.464094430352594456e-01
9.120540690341712997e-01,-2.527598151564286466e-01,1.210323883247132748e-01,-2.993676869281567954e-01
9.353977462803670928e-01,-2.577828237175050496e-01,1.209341880775906819e-01,-2.096520789399753115e-01
9.495732645982403186e-01,-2.654657933678486459e-01,1.179799298860165491e-01,-1.179799298860172846e-01
9.538712817047477754e-01,-2.677847634023960421e-01,1.293363624258779543e-01,-4.114612719207778185e-02
9.538712817047477754e-01,-2.677847634023960421e-01,1.293363624258779543e-01,4.114612719207778185e-02
9.495732645982403186e-01,-2.654657933678487014e-01,1.179799298860165768e-01,1.179799298860172568e-01
9.353977462803670928e-01,-2.577828237175050496e-01,1.209341880775906819e-01,2.096520789399753115e-01
9.120540690341712997e-01,-2.527598151564286466e-01,1.210323883247133164e-01,2.993676869281567954e-01
8.919098712145541175e-01,-2.476006643851783040e-01,1.593036080650018227e-01,-3.432390611272674863e-01
9.317882242730149978e-01,-2.336389916571836589e-01,1.503208177897208397e-01,-2.336389916571836589e-01
9.399016577982234333e-01,-2.602297457102141776e-01,1.563095536359634663e-01,-1.563095536359644100e-01
9.459527530262188399e-01,-2.635086179815425700e-01,1.705019047427657752e-01,-8.164372462512796413e-02
9.486873853015642677e-01,-2.649872235590511882e-01,1.725514888957691562e-01,-3.765350195174740089e-15
9.459527530262188399e-01,-2.635086179815425700e-01,1.705019047427657752e-01,8.164372462512790862e-02
9.399016577982234333e-01,-2.602297457102141776e-01,1.563095536359634663e-01,1.563095536359644100e-01
9.317882242730149978e-01,-2.336389916571836589e-01,1.503208177897208397e-01,2.336389916571836589e-01
8.919098712145541175e-01,-2.476006643851783040e-01,1.593036080650018227e-01,3.432390611272674863e-01
9.075497096885460913e-01,-2.357135430285769995e-01,1.923167597922105510e-01,-2.894942382503942757e-01
9.328156733780386123e-01,-2.442217770095814755e-01,1.873641416260835857e-01,-1.873641416260846959e-01
9.353977462803670928e-01,-2.577828237175050496e-01,2.096520789399752560e-01,-1.209341880775907235e-01
9.405057697056413701e-01,-2.605575337730531293e-01,2.142247981134244861e-01,-4.082161948974964705e-02
9.405057697056413701e-01,-2.605575337730531293e-01,2.142247981134244861e-01,4.082161948974964705e-02
9.353977462803670928e-01,-2.577828237175050496e-01,2.096520789399753115e-01,1.209341880775906819e-01
9.327750862566831502e-01,-2.450539586395423519e-01,1.869213682460171833e-01,1.869213682460183490e-01
9.075152802854067335e-01,-2.353937384220910478e-01,1.920558338186930114e-01,2.900351024555104518e-01
8.822137334870447933e-01,-2.310275783157388629e-01,2.310275783157401952e-01,-3.390449005102113555e-01
9.337101470753763621e-01,-2.067086204044053799e-01,2.067086204044065734e-01,-2.067086204044075448e-01
9.317882242730149978e-01,-2.336389916571836589e-01,2.336389916571836589e-01,-1.503208177897208397e-01
9.294422095918858373e-01,-2.545386915848826259e-01,2.545386915848831255e-01,-8.097708318694075980e-02
9.321537595635309703e-01,-2.560169608947567843e-01,2.560169608947568953e-01,-5.586700641310739455e-15
9.294422095918859483e-01,-2.545386915848822929e-01,2.545386915848831810e-01,8.097708318694056551e-02
9.317882242730149978e-01,-2.336389916571836589e-01,2.336389916571836589e-01,1.503208177897208397e-01
9.337101470753763621e-01,-2.067086204044053799e-01,2.067086204044065734e-01,2.067086204044075448e-01
8.822137334870447933e-01,-2.310275783157388629e-01,2.310275783157401952e-01,3.390449005102113555e-01
9.090953874318463690e-01,-2.130043509880196195e-01,2.531548172663447560e-01,-2.531548172663464213e-01
9.075471843456169863e-01,-2.356899674611506457e-01,2.895341248055556815e-01,-1.922975246787781978e-01
9.120540690341711887e-01,-2.527598151564288131e-01,2.993676869281569064e-01,-1.210323883247134552e-01
9.174547602516356370e-01,-2.558343570338696416e-01,3.019537754414278741e-01,-4.061357099970461237e-02
9.174547602516356370e-01,-2.558343570338696416e-01,3.019537754414278741e-01,4.061357099970461237e-02
9.120540690341712997e-01,-2.527598151564286466e-01,2.993676869281567954e-01,1.210323883247133164e-01
9.075487752412358944e-01,-2.357048172022720989e-01,2.895090013994471301e-01,1.923096404616031485e-01
9.090953874318464800e-01,-2.130043509880198138e-01,2.531548172663450336e-01,2.531548172663461438e-01
8.796284203700849291e-01,-2.178034470653640031e-01,2.990112878502028670e-01,-2.990112878502038662e-01
8.822137334870447933e-01,-2.310275783157388629e-01,3.390449005102113555e-01,-2.310275783157401952e-01
8.919098712145541175e-01,-2.476006643851783040e-01,3.432390611272674863e-01,-1.593036080650018227e-01
8.992427589054132753e-01,-2.545667400012312509e-01,3.464094430352595566e-01,-8.098600630558250302e-02
9.020369093935325377e-01,-2.559135166224383862e-01,3.476171544985962036e-01,-5.584443321403178323e-15
8.992427589054132753e-01,-2.545667400012312509e-01,3.464094430352594456e-01,8.098600630558240587e-02
8.919098712145541175e-01,-2.476006643851783040e-01,3.432390611272674863e-01,1.593036080650018227e-01
8.822137334870447933e-01,-2.310275783157388629e-01,3.390449005102113555e-01,2.310275783157401952e-01
8.796284203700850401e-01,-2.178034470653641974e-01,2.990112878502031446e-01,2.990112878502032001e-01
8.772950398399792515e-01,-1.958354384191468289e-01,-3.344303538359065797e-01,-2.831222925955143022e-01
8.974177163279127845e-01,-1.938916041063066809e-01,-3.456205059526414880e-01,-1.938916041063079021e-01
9.053719823279091639e-01,-2.094385193465299888e-01,-3.490584228048460025e-01,-1.208109999071224488e-01
9.106064996625521379e-01,-2.137995715131393304e-01,-3.513200112237301886e-01,-4.074059040895868650e-02
9.106064996625521379e-01,-2.137995715131393304e-01,-3.513200112237301886e-01,4.074059040895868650e-02
9.053719823279091639e-01,-2.094385193465299333e-01,-3.490584228048460025e-01,1.208109999071223795e-01
8.974177163279127845e-01,-1.938916041063066809e-01,-3.456205059526414880e-01,1.938916041063079021e-01
8.772950398399792515e-01,-1.958354384191467734e-01,-3.344303538359067463e-01,2.831222925955142466e-01
8.772962402455721787e-01,-1.958423602812106312e-01,-2.831322996375101320e-01,-3.344146792119672140e-01
9.075260593429589351e-01,-1.921372202284138686e-01,-2.898664458608815053e-01,-2.354934898894639195e-01
9.178345056196722807e-01,-2.029637624736296275e-01,-3.021354969085027764e-01,-1.584287629324042934e-01
9.245378147990883644e-01,-2.130005359159660161e-01,-3.053407540868957049e-01,-8.141022417168343461e-02
9.273204836697310771e-01,-2.145466700375507074e-01,-3.066699315914984680e-01,-4.681752392110422583e-15
9.245378147990883644e-01,-2.130005359159659328e-01,-3.053407540868958159e-01,8.141022417168337910e-02
9.178345056196722807e-01,-2.029637624736296275e-01,-3.021354969085027764e-01,1.584287629324042934e-01
9.075152802854067335e-01,-1.920558338186929559e-01,-2.900351024555105073e-01,2.353937384220909923e-01
8.772950398399792515e-01,-1.958354384191468289e-01,-2.831222925955143022e-01,3.344303538359065797e-01
9.075371894446779830e-01,-1.922215463190379281e-01,-2.355968443844763949e-01,-2.896916530065190565e-01
9.328016840799366882e-01,-1.872104591881473823e-01,-2.445107484728627767e-01,-1.872104591881485480e-01
9.353977462803670928e-01,-2.096520789399752560e-01,-2.577828237175050496e-01,-1.209341880775907235e-01
9.405057697056413701e-01,-2.142247981134244861e-01,-2.605575337730531293e-01,-4.082161948974964705e-02
9.405057697056413701e-01,-2.142247981134244861e-01,-2.605575337730531293e-01,4.082161948974964705e-02
9.353977462803670928e-01,-2.096520789399753115e-01,-2.577828237175050496e-01,1.209341880775906819e-01
9.328100881030416680e-01,-1.873026457633468200e-01,-2.443374251180029100e-01,1.873026457633479858e-01
9.075152802854067335e-01,-1.920558338186930114e-01,-2.353937384220910478e-01,2.900351024555104518e-01
8.974177163279127845e-01,-1.938916041063066531e-01,-1.938916041063078743e-01,-3.456205059526414325e-01
9.328016840799365772e-01,-1.872104591881473545e-01,-1.872104591881485203e-01,-2.445107484728632208e-01
9.536038685495664691e-01,-1.863790724243846730e-01,-1.863790724243851171e-01,-1.454831420191113889e-01
9.502903896756874635e-01,-2.125429335249646168e-01,-2.125429335249650609e-01,-8.123532548857578806e-02
9.529844756433176745e-01,-2.142668770281944968e-01,-2.142668770281945245e-01,-4.675646859963874048e-15
9.502903896756874635e-01,-2.125429335249646168e-01,-2.125429335249650609e-01,8.123532548857578806e-02
9.536038685495664691e-01,-1.863790724243846730e-01,-1.863790724243851171e-01,1.454831420191113889e-01
9.328016840799366882e-01,-1.872104591881478264e-01,-1.872104591881489366e-01,2.445107484728621661e-01
8.974177163279127845e-01,-1.938916041063066531e-01,-1.938916041063078743e-01,3.456205059526414325e-01
9.178345056196722807e-01,-2.029637624736296275e-01,-1.584287629324042934e-01,-3.021354969085027764e-01
9.536038685495664691e-01,-1.863790724243846730e-01,-1.454831420191113889e-01,-1.863790724243851171e-01
9.549873549940340878e-01,-2.155455154162046472e-01,-1.647406897082356603e-01,-1.199991155797261455e-01
9.596738746593042046e-01,-2.185275301073371645e-01,-1.720205700673006211e-01,-4.099629684868907192e-02
9.596738746593042046e-01,-2.185275301073371645e-01,-1.720205700673006211e-01,4.099629684868907192e-02
9.549873549940339768e-01,-2.155455154162046194e-01,-1.647406897082356603e-01,1.199991155797260900e-01
9.536038685495664691e-01,-1.863790724243847285e-01,-1.454831420191114444e-01,1.863790724243850339e-01
9.178345056196723917e-01,-2.029637624736294332e-01,-1.584287629324041269e-01,3.021354969085025544e-01
9.053719823279091639e-01,-2.094385193465299888e-01,-1.208109999071224488e-01,-3.490584228048460025e-01
9.353977462803670928e-01,-2.096520789399752560e-01,-1.209341880775907235e-01,-2.577828237175050496e-01
9.549873549940340878e-01,-2.155455154162046472e-01,-1.199991155797261455e-01,-1.647406897082356603e-01
9.636613229408511616e-01,-2.210540293904217357e-01,-1.261237192310949995e-01,-8.114664629831021270e-02
9.661883589452125998e-01,-2.226501875078615300e-01,-1.300267243356962588e-01,-2.837391638799997653e-15
9.636613229408511616e-01,-2.210540293904217080e-01,-1.261237192310950828e-01,8.114664629831015719e-02
9.549873549940340878e-01,-2.155455154162046472e-01,-1.199991155797261455e-01,1.647406897082356603e-01
9.353977462803670928e-01,-2.096520789399752560e-01,-1.209341880775907235e-01,2.577828237175050496e-01
9.053719823279091639e-01,-2.094385193465299888e-01,-1.208109999071224488e-01,3.490584228048460025e-01
9.245378147990883644e-01,-2.130005359159660161e-01,-8.141022417168343461e-02,-3.053407540868957049e-01
9.502903896756874635e-01,-2.125429335249646168e-01,-8.123532548857578806e-02,-2.125429335249650609e-01
9.636613229408511616e-01,-2.210540293904217357e-01,-8.114664629831021270e-02,-1.261237192310949995e-01
9.697060559355570319e-01,-2.248657135348417768e-01,-8.606495514026304972e-02,-4.121164222737966343e-02
9.697060559355570319e-01,-2.248657135348417768e-01,-8.606495514026304972e-02,4.121164222737966343e-02
9.636613229408511616e-01,-2.210540293904217357e-01,-8.114664629831021270e-02,1.261237192310949995e-01
9.502903896756874635e-01,-2.125429335249646168e-01,-8.123532548857578806e-02,2.125429335249650609e-01
9.245378147990883644e-01,-2.130005359159660161e-01,-8.141022417168343461e-02,3.053407540868957604e-01
9.106064996625521379e-01,-2.137995715131393304e-01,-4.074059040895868650e-02,-3.513200112237301886e-01
9.405057697056413701e-01,-2.142247981134244861e-01,-4.082161948974964705e-02,-2.605575337730531293e-01
9.596738746593042046e-01,-2.185275301073371645e-01,-4.099629684868907192e-02,-1.720205700673006211e-01
9.697060559355570319e-01,-2.248657135348417768e-01,-4.121164222737966343e-02,-8.606495514026304972e-02
9.729425922353437395e-01,-2.268977055851180979e-01,-4.359063448240577815e-02,-9.705756777573077660e-16
9.697060559355569209e-01,-2.248657135348421932e-01,-4.121164222737976057e-02,8.606495514026320237e-02
9.596738746593042046e-01,-2.185275301073371645e-01,-4.099629684868907192e-02,1.720205700673006211e-01
9.405057697056413701e-01,-2.142247981134244861e-01,-4.082161948974964705e-02,2.605575337730531293e-01
9.106064996625521379e-01,-2.137995715131393304e-01,-4.074059040895868650e-02,3.513200112237301886e-01
9.273204836697310771e-01,-2.145466700375507074e-01,-4.681752392110422583e-15,-3.066699315914984680e-01
9.529844756433176745e-01,-2.142668770281944968e-01,-4.675646859963874048e-15,-2.142668770281945245e-01
9.661883589452125998e-01,-2.226501875078615300e-01,-2.837391638799997653e-15,-1.300267243356962588e-01
9.729425922353437395e-01,-2.268977055851180979e-01,-9.705756777573077660e-16,-4.359063448240577815e-02
9.729425922353437395e-01,-2.268977055851180979e-01,-9.705756777573077660e-16,4.359063448240577815e-02
9.661883589452124887e-01,-2.226501875078618631e-01,-2.837391638800001991e-15,1.300267243356964253e-01
9.529844756433176745e-01,-2.142668770281944968e-01,-4.675646859963874048e-15,2.142668770281945245e-01
9.273204836697310771e-01,-2.145466700375507074e-01,-4.681752392110422583e-15,3.066699315914984680e-01
9.106064996625521379e-01,-2.137995715131393304e-01,4.074059040895868650e-02,-3.513200112237301886e-01
9.405057697056413701e-01,-2.142247981134244861e-01,4.082161948974964705e-02,-2.605575337730531293e-01
9.596738746593042046e-01,-2.185275301073371645e-01,4.099629684868907192e-02,-1.720205700673006211e-01
9.697060559355570319e-01,-2.248657135348417768e-01,4.121164222737966343e-02,-8.606495514026304972e-02
9.729425922353437395e-01,-2.268977055851180979e-01,4.359063448240577815e-02,-9.705756777573077660e-16
9.697060559355569209e-01,-2.248657135348421932e-01,4.121164222737976057e-02,8.606495514026320237e-02
9.596738746593042046e-01,-2.185275301073371645e-01,4.099629684868907192e-02,1.720205700673006211e-01
9.405057697056413701e-01,-2.142247981134244861e-01,4.082161948974964705e-02,2.605575337730531293e-01
9.106064996625521379e-01,-2.137995715131393304e-01,4.074059040895868650e-02,3.513200112237301886e-01
9.245378147990883644e-01,-2.130005359159659328e-01,8.141022417168337910e-02,-3.053407540868958159e-01
9.502903896756874635e-01,-2.125429335249646168e-01,8.123532548857578806e-02,-2.125429335249650609e-01
9.636613229408511616e-01,-2.210540293904217080e-01,8.114664629831015719e-02,-1.261237192310950828e-01
9.697060559355569209e-01,-2.248657135348421932e-01,8.606495514026320237e-02,-4.121164222737976057e-02
9.697060559355569209e-01,-2.248657135348421932e-01,8.606495514026320237e-02,4.121164222737976057e-02
9.636613229408511616e-01,-2.210540293904217357e-01,8.114664629831021270e-02,1.261237192310949995e-01
9.502903896756874635e-01,-2.125429335249646168e-01,8.123532548857578806e-02,2.125429335249650609e-01
9.245378147990883644e-01,-2.130005359159660161e-01,8.141022417168343461e-02,3.053407540868957604e-01
9.053719823279091639e-01,-2.094385193465299333e-01,1.208109999071223795e-01,-3.490584228048460025e-01
9.353977462803670928e-01,-2.096520789399753115e-01,1.209341880775906819e-01,-2.577828237175050496e-01
9.549873549940339768e-01,-2.155455154162046194e-01,1.199991155797260900e-01,-1.647406897082356603e-01
9.636613229408511616e-01,-2.210540293904217357e-01,1.261237192310949995e-01,-8.114664629831021270e-02
9.661883589452124887e-01,-2.226501875078618631e-01,1.300267243356964253e-01,-2.837391638800001991e-15
9.636613229408511616e-01,-2.210540293904217357e-01,1.261237192310949995e-01,8.114664629831021270e-02
9.549873549940339768e-01,-2.155455154162046194e-01,1.199991155797260900e-01,1.647406897082356603e-01
9.353977462803670928e-01,-2.096520789399753115e-01,1.209341880775906819e-01,2.577828237175050496e-01
9.053719823279091639e-01,-2.094385193465299333e-01,1.208109999071223795e-01,3.490584228048460025e-01
9.178345056196722807e-01,-2.029637624736296275e-01,1.584287629324042934e-01,-3.021354969085027764e-01
9.536038685495664691e-01,-1.863790724243847285e-01,1.454831420191114444e-01,-1.863790724243850339e-01
9.549873549940340878e-01,-2.155455154162046472e-01,1.647406897082356603e-01,-1.199991155797261455e-01
9.596738746593042046e-01,-2.185275301073371645e-01,1.720205700673006211e-01,-4.099629684868907192e-02
9.596738746593042046e-01,-2.185275301073371645e-01,1.720205700673006211e-01,4.099629684868907192e-02
9.549873549940339768e-01,-2.155455154162046194e-01,1.647406897082356603e-01,1.199991155797260900e-01
9.536038685495664691e-01,-1.863790724243846730e-01,1.454831420191113889e-01,1.863790724243851171e-01
9.178345056196723917e-01,-2.029637624736294332e-01,1.584287629324041269e-01,3.021354969085025544e-01
8.974177163279127845e-01,-1.938916041063066531e-01,1.938916041063078743e-01,-3.456205059526414325e-01
9.328016840799366882e-01,-1.872104591881473823e-01,1.872104591881485480e-01,-2.445107484728627767e-01
9.536038685495664691e-01,-1.863790724243847285e-01,1.863790724243850339e-01,-1.454831420191114444e-01
9.502903896756874635e-01,-2.125429335249646168e-01,2.125429335249650609e-01,-8.123532548857578806e-02
9.529844756433176745e-01,-2.142668770281944968e-01,2.142668770281945245e-01,-4.675646859963874048e-15
9.502903896756874635e-01,-2.125429335249646168e-01,2.125429335249650609e-01,8.123532548857578806e-02
9.536038685495664691e-01,-1.863790724243847285e-01,1.863790724243850339e-01,1.454831420191114444e-01
9.328016840799365772e-01,-1.872104591881474100e-01,1.872104591881485480e-01,2.445107484728631653e-01
8.974177163279127845e-01,-1.938916041063066531e-01,1.938916041063078743e-01,3.456205059526414325e-01
9.075152802854067335e-01,-1.920558338186929559e-01,2.353937384220909923e-01,-2.900351024555105073e-01
9.328100881030416680e-01,-1.873026457633468200e-01,2.443374251180029100e-01,-1.873026457633479858e-01
9.353977462803670928e-01,-2.096520789399752560e-01,2.577828237175050496e-01,-1.209341880775907235e-01
9.405057697056413701e-01,-2.142247981134244861e-01,2.605575337730531293e-01,-4.082161948974964705e-02
9.405057697056413701e-01,-2.142247981134244861e-01,2.605575337730531293e-01,4.082161948974964705e-02
9.353977462803670928e-01,-2.096520789399753115e-01,2.577828237175050496e-01,1.209341880775906819e-01
9.328016840799366882e-01,-1.872104591881476598e-01,2.445107484728624436e-01,1.872104591881487701e-01
9.075371894446779830e-01,-1.922215463190379281e-01,2.355968443844763949e-01,2.896916530065190565e-01
8.772950398399792515e-01,-1.958354384191467734e-01,2.831222925955142466e-01,-3.344303538359067463e-01
9.075152802854067335e-01,-1.920558338186930114e-01,2.900351024555104518e-01,-2.353937384220910478e-01
9.178345056196723917e-01,-2.029637624736294332e-01,3.021354969085025544e-01,-1.584287629324041269e-01
9.245378147990883644e-01,-2.130005359159660161e-01,3.053407540868957604e-01,-8.141022417168343461e-02
9.273204836697310771e-01,-2.145466700375507074e-01,3.066699315914984680e-01,-4.681752392110422583e-15
9.245378147990883644e-01,-2.130005359159660161e-01,3.053407540868957604e-01,8.141022417168343461e-02
9.178345056196723917e-01,-2.029637624736294332e-01,3.021354969085025544e-01,1.584287629324041269e-01
9.075260593429589351e-01,-1.921372202284138686e-01,2.898664458608815053e-01,2.354934898894639195e-01
8.772962402455721787e-01,-1.958423602812105757e-01,2.831322996375100209e-01,3.344146792119673250e-01
8.772950398399792515e-01,-1.958354384191468289e-01,3.344303538359065797e-01,-2.831222925955143022e-01
8.974177163279127845e-01,-1.938916041063066809e-01,3.456205059526414880e-01,-1.938916041063079021e-01
9.053719823279091639e-01,-2.094385193465299888e-01,3.490584228048460025e-01,-1.208109999071224488e-01
9.106064996625521379e-01,-2.137995715131393304e-01,3.513200112237301886e-01,-4.074059040895868650e-02
9.106064996625521379e-01,-2.137995715131393304e-01,3.513200112237301886e-01,4.074059040895868650e-02
9.053719823279091639e-01,-2.094385193465299333e-01,3.490584228048460025e-01,1.208109999071223795e-01
8.974177163279127845e-01,-1.938916041063066809e-01,3.456205059526414880e-01,1.938916041063079021e-01
8.772950398399792515e-01,-1.958354384191467734e-01,3.344303538359067463e-01,2.831222925955142466e-01
8.732048763422870508e-01,-1.562982448919768286e-01,-3.264077990610356750e-01,-3.264077990610356195e-01
8.919098712145541175e-01,-1.593036080650018227e-01,-3.432390611272674863e-01,-2.476006643851783040e-01
9.099885010563552035e-01,-1.560171356086723637e-01,-3.510530369305157050e-01,-1.560171356086733074e-01
9.161657949178658722e-01,-1.699881031258855535e-01,-3.537212128466939998e-01,-8.139769407324759509e-02
9.189481165220099168e-01,-1.719425432279772514e-01,-3.549226971735474634e-01,-3.752062024184480432e-15
9.161657949178658722e-01,-1.699881031258855535e-01,-3.537212128466939998e-01,8.139769407324755346e-02
9.099885010563552035e-01,-1.560171356086723637e-01,-3.510530369305157050e-01,1.560171356086733074e-01
8.919098712145541175e-01,-1.593036080650018227e-01,-3.432390611272674863e-01,2.476006643851783040e-01
8.732048763422870508e-01,-1.562982448919768286e-01,-3.264077990610356750e-01,3.264077990610356195e-01
9.050393772142194537e-01,-1.538337660540697871e-01,-2.803915994759110242e-01,-2.803915994759110797e-01
9.178345056196722807e-01,-1.584287629324042934e-01,-3.021354969085027764e-01,-2.029637624736296275e-01
9.293831334012959688e-01,-1.648523253094801855e-01,-3.076546634892372012e-01,-1.200804323050614492e-01
9.341894508434875899e-01,-1.718852308159370679e-01,-3.099475513382384806e-01,-4.096404251932597024e-02
9.341894508434875899e-01,-1.718852308159370679e-01,-3.099475513382384806e-01,4.096404251932597024e-02
9.293831334012961909e-01,-1.648523253094800189e-01,-3.076546634892369791e-01,1.200804323050613381e-01
9.178345056196722807e-01,-1.584287629324042934e-01,-3.021354969085027764e-01,2.029637624736296275e-01
9.050393772142194537e-01,-1.538337660540697871e-01,-2.803915994759110797e-01,2.803915994759110242e-01
8.919098712145541175e-01,-1.593036080650018227e-01,-2.476006643851783040e-01,-3.432390611272674863e-01
9.317882242730149978e-01,-1.503208177897208397e-01,-2.336389916571836589e-01,-2.336389916571836589e-01
9.399016577982234333e-01,-1.563095536359634663e-01,-2.602297457102141776e-01,-1.563095536359644100e-01
9.459527530262188399e-01,-1.705019047427657752e-01,-2.635086179815425700e-01,-8.164372462512796413e-02
9.486873853015642677e-01,-1.725514888957691562e-01,-2.649872235590511882e-01,-3.765350195174740089e-15
9.459527530262188399e-01,-1.705019047427657752e-01,-2.635086179815425700e-01,8.164372462512790862e-02
9.399016577982234333e-01,-1.563095536359634663e-01,-2.602297457102141776e-01,1.563095536359644100e-01
9.317882242730149978e-01,-1.503208177897208397e-01,-2.336389916571836589e-01,2.336389916571836589e-01
8.919098712145541175e-01,-1.593036080650018227e-01,-2.476006643851783040e-01,3.432390611272674863e-01
9.178345056196722807e-01,-1.584287629324042934e-01,-2.029637624736296275e-01,-3.021354969085027764e-01
9.536038685495664691e-01,-1.454831420191115277e-01,-1.863790724243848396e-01,-1.863790724243848673e-01
9.549873549940340878e-01,-1.647406897082356603e-01,-2.155455154162046472e-01,-1.199991155797261455e-01
9.596738746593042046e-01,-1.720205700673006211e-01,-2.185275301073371645e-01,-4.099629684868907192e-02
9.596738746593042046e-01,-1.720205700673006211e-01,-2.185275301073371645e-01,4.099629684868907192e-02
9.549873549940339768e-01,-1.647406897082356603e-01,-2.155455154162046194e-01,1.199991155797260900e-01
9.536038685495664691e-01,-1.454831420191114444e-01,-1.863790724243847285e-01,1.863790724243850339e-01
9.178345056196723917e-01,-1.584287629324041269e-01,-2.029637624736294332e-01,3.021354969085025544e-01
9.099885010563552035e-01,-1.560171356086723637e-01,-1.560171356086733074e-01,-3.510530369305157050e-01
9.399016577982234333e-01,-1.563095536359634663e-01,-1.563095536359644100e-01,-2.602297457102141776e-01
9.706481951931911212e-01,-1.388549376966242421e-01,-1.388549376966250748e-01,-1.388549376966253801e-01
9.686102076927517457e-01,-1.664909758653179417e-01,-1.664909758653179417e-01,-7.972311750196783842e-02
9.699617564546870740e-01,-1.720089983334277539e-01,-1.720089983334277817e-01,-3.753512181154319780e-15
9.686102076927517457e-01,-1.664909758653179139e-01,-1.664909758653179417e-01,7.972311750196779678e-02
9.706481951931911212e-01,-1.388549376966242421e-01,-1.388549376966250748e-01,1.388549376966253801e-01
9.399016577982234333e-01,-1.563095536359634663e-01,-1.563095536359644100e-01,2.602297457102141776e-01
9.099885010563552035e-01,-1.560171356086723637e-01,-1.560171356086733074e-01,3.510530369305157050e-01
9.293831334012959688e-01,-1.648523253094801855e-01,-1.200804323050614492e-01,-3.076546634892372012e-01
9.549873549940340878e-01,-1.647406897082356603e-01,-1.199991155797261455e-01,-2.155455154162046472e-01
9.708195987020291629e-01,-1.726809725388707695e-01,-1.176660284429210945e-01,-1.176660284429218162e-01
9.750048025308010180e-01,-1.759436969103174708e-01,-1.292961674305896369e-01,-4.113333984938778026e-02
9.750048025308010180e-01,-1.759436969103174708e-01,-1.292961674305896369e-01,4.113333984938778026e-02
9.708195987020291629e-01,-1.726809725388707695e-01,-1.176660284429218439e-01,1.176660284429210807e-01
9.549873549940340878e-01,-1.647406897082356603e-01,-1.199991155797261455e-01,2.155455154162046472e-01
9.293831334012960799e-01,-1.648523253094801022e-01,-1.200804323050614075e-01,3.076546634892368681e-01
9.161657949178658722e-01,-1.699881031258855535e-01,-8.139769407324759509e-02,-3.537212128466939998e-01
9.459527530262188399e-01,-1.705019047427657752e-01,-8.164372462512796413e-02,-2.635086179815425700e-01
9.686102076927517457e-01,-1.664909758653179417e-01,-7.972311750196783842e-02,-1.664909758653179417e-01
9.776517145077054938e-01,-1.779940035326438852e-01,-7.910518259433130250e-02,-7.910518259433180210e-02
9.798621546103736257e-01,-1.796985527083924117e-01,-8.705508667978910375e-02,-1.938341819515407800e-15
9.776517145077054938e-01,-1.779940035326438852e-01,-7.910518259433181598e-02,7.910518259433130250e-02
9.686102076927517457e-01,-1.664909758653179417e-01,-7.972311750196783842e-02,1.664909758653179417e-01
9.459527530262188399e-01,-1.705019047427657752e-01,-8.164372462512796413e-02,2.635086179815425700e-01
9.161657949178658722e-01,-1.699881031258855535e-01,-8.139769407324759509e-02,3.537212128466939998e-01
9.341894508434875899e-01,-1.718852308159370679e-01,-4.096404251932597024e-02,-3.099475513382384806e-01
9.596738746593042046e-01,-1.720205700673006211e-01,-4.099629684868907192e-02,-2.185275301073371645e-01
9.750048025308010180e-01,-1.759436969103174708e-01,-4.113333984938778026e-02,-1.292961674305896369e-01
9.818353594837230247e-01,-1.812143611523876208e-01,-3.975350411976531079e-02,-3.975350411976557446e-02
9.818353594837230247e-01,-1.812143611523876208e-01,-3.975350411976531079e-02,3.975350411976557446e-02
9.750048025308010180e-01,-1.759436969103174431e-01,-4.113333984938778026e-02,1.292961674305896369e-01
9.596738746593042046e-01,-1.720205700673006211e-01,-4.099629684868907192e-02,2.185275301073371645e-01
9.341894508434874789e-01,-1.718852308159373732e-01,-4.096404251932603963e-02,3.099475513382385916e-01
9.189481165220099168e-01,-1.719425432279772514e-01,-3.752062024184480432e-15,-3.549226971735474634e-01
9.486873853015642677e-01,-1.725514888957691562e-01,-3.765350195174740089e-15,-2.649872235590511882e-01
9.699617564546870740e-01,-1.720089983334277539e-01,-3.753512181154319780e-15,-1.720089983334277817e-01
9.798621546103736257e-01,-1.796985527083924117e-01,-1.938341819515407800e-15,-8.705508667978910375e-02
9.832441945647344417e-01,-1.822933181845858008e-01,-0.000000000000000000e+00,-0.000000000000000000e+00
9.798621546103736257e-01,-1.796985527083924949e-01,-1.938341819515405828e-15,8.705508667978902049e-02
9.699617564546870740e-01,-1.720089983334277539e-01,-3.753512181154319780e-15,1.720089983334277817e-01
9.486873853015642677e-01,-1.725514888957691562e-01,-3.765350195174740089e-15,2.649872235590511882e-01
9.189481165220099168e-01,-1.719425432279772514e-01,-3.752062024184480432e-15,3.549226971735474634e-01
9.341894508434875899e-01,-1.718852308159370679e-01,4.096404251932597024e-02,-3.099475513382384806e-01
9.596738746593042046e-01,-1.720205700673006211e-01,4.099629684868907192e-02,-2.185275301073371645e-01
9.750048025308010180e-01,-1.759436969103174708e-01,4.113333984938778026e-02,-1.292961674305896369e-01
9.818353594837230247e-01,-1.812143611523876208e-01,3.975350411976531079e-02,-3.975350411976557446e-02
9.818353594837230247e-01,-1.812143611523876208e-01,3.975350411976531079e-02,3.975350411976557446e-02
9.750048025308010180e-01,-1.759436969103174431e-01,4.113333984938778026e-02,1.292961674305896369e-01
9.596738746593042046e-01,-1.720205700673006211e-01,4.099629684868907192e-02,2.185275301073371645e-01
9.341894508434874789e-01,-1.718852308159373732e-01,4.096404251932603963e-02,3.099475513382385916e-01
9.161657949178658722e-01,-1.699881031258855535e-01,8.139769407324755346e-02,-3.537212128466939998e-01
9.459527530262188399e-01,-1.705019047427657752e-01,8.164372462512790862e-02,-2.635086179815425700e-01
9.686102076927517457e-01,-1.664909758653179139e-01,7.972311750196779678e-02,-1.664909758653179417e-01
9.776517145077054938e-01,-1.779940035326438852e-01,7.910518259433130250e-02,-7.910518259433181598e-02
9.798621546103736257e-01,-1.796985527083924949e-01,8.705508667978902049e-02,-1.938341819515405828e-15
9.776517145077054938e-01,-1.779940035326438852e-01,7.910518259433130250e-02,7.910518259433178823e-02
9.686102076927517457e-01,-1.664909758653179139e-01,7.972311750196779678e-02,1.664909758653179417e-01
9.459527530262188399e-01,-1.705019047427657752e-01,8.164372462512790862e-02,2.635086179815425700e-01
9.161657949178658722e-01,-1.699881031258855535e-01,8.139769407324755346e-02,3.537212128466939998e-01
9.293831334012961909e-01,-1.648523253094800189e-01,1.200804323050613381e-01,-3.076546634892369791e-01
9.549873549940339768e-01,-1.647406897082356603e-01,1.199991155797260900e-01,-2.155455154162046194e-01
9.708195987020291629e-01,-1.726809725388707695e-01,1.176660284429210807e-01,-1.176660284429218439e-01
9.750048025308010180e-01,-1.759436969103174431e-01,1.292961674305896369e-01,-4.113333984938778026e-02
9.750048025308010180e-01,-1.759436969103174431e-01,1.292961674305896369e-01,4.113333984938778026e-02
9.708195987020291629e-01,-1.726809725388707140e-01,1.176660284429211639e-01,1.176660284429218439e-01
9.549873549940339768e-01,-1.647406897082356603e-01,1.199991155797260900e-01,2.155455154162046194e-01
9.293831334012961909e-01,-1.648523253094800467e-01,1.200804323050613520e-01,3.076546634892370347e-01
9.099885010563552035e-01,-1.560171356086723637e-01,1.560171356086733074e-01,-3.510530369305157050e-01
9.399016577982234333e-01,-1.563095536359634663e-01,1.563095536359644100e-01,-2.602297457102141776e-01
9.706481951931911212e-01,-1.388549376966242421e-01,1.388549376966250748e-01,-1.388549376966253801e-01
9.686102076927517457e-01,-1.664909758653179417e-01,1.664909758653179417e-01,-7.972311750196783842e-02
9.699617564546870740e-01,-1.720089983334277539e-01,1.720089983334277817e-01,-3.753512181154319780e-15
9.686102076927517457e-01,-1.664909758653179139e-01,1.664909758653179417e-01,7.972311750196779678e-02
9.706481951931911212e-01,-1.388549376966243254e-01,1.388549376966251858e-01,1.388549376966251858e-01
9.399016577982234333e-01,-1.563095536359634663e-01,1.563095536359644100e-01,2.602297457102141776e-01
9.099885010563552035e-01,-1.560171356086723637e-01,1.560171356086733074e-01,3.510530369305157050e-01
9.178345056196722807e-01,-1.584287629324042934e-01,2.029637624736296275e-01,-3.021354969085027764e-01
9.536038685495664691e-01,-1.454831420191115277e-01,1.863790724243848396e-01,-1.863790724243848673e-01
9.549873549940340878e-01,-1.647406897082356603e-01,2.155455154162046472e-01,-1.199991155797261455e-01
9.596738746593042046e-01,-1.720205700673006211e-01,2.185275301073371645e-01,-4.099629684868907192e-02
9.596738746593042046e-01,-1.720205700673006211e-01,2.185275301073371645e-01,4.099629684868907192e-02
9.549873549940339768e-01,-1.647406897082356603e-01,2.155455154162046194e-01,1.199991155797260900e-01
9.536038685495664691e-01,-1.454831420191113889e-01,1.863790724243846730e-01,1.863790724243851171e-01
9.178345056196723917e-01,-1.584287629324041269e-01,2.029637624736294332e-01,3.021354969085025544e-01
8.919098712145541175e-01,-1.593036080650018227e-01,2.476006643851783040e-01,-3.432390611272674863e-01
9.317882242730149978e-01,-1.503208177897208397e-01,2.336389916571836589e-01,-2.336389916571836589e-01
9.399016577982234333e-01,-1.563095536359634663e-01,2.602297457102141776e-01,-1.563095536359644100e-01
9.459527530262188399e-01,-1.705019047427657752e-01,2.635086179815425700e-01,-8.164372462512796413e-02
9.486873853015642677e-01,-1.725514888957691562e-01,2.649872235590511882e-01,-3.765350195174740089e-15
9.459527530262188399e-01,-1.705019047427657752e-01,2.635086179815425700e-01,8.164372462512790862e-02
9.399016577982234333e-01,-1.563095536359634663e-01,2.602297457102141776e-01,1.563095536359644100e-01
9.317882242730149978e-01,-1.503208177897208397e-01,2.336389916571836589e-01,2.336389916571836589e-01
8.919098712145541175e-01,-1.593036080650018227e-01,2.476006643851783040e-01,3.432390611272674863e-01
9.050393772142194537e-01,-1.538337660540697871e-01,2.803915994759110242e-01,-2.803915994759110797e-01
9.178345056196723917e-01,-1.584287629324041269e-01,3.021354969085025544e-01,-2.029637624736294332e-01
9.293831334012960799e-01,-1.648523253094801022e-01,3.076546634892368681e-01,-1.200804323050614214e-01
9.341894508434874789e-01,-1.718852308159373732e-01,3.099475513382385916e-01,-4.096404251932603963e-02
9.341894508434874789e-01,-1.718852308159373732e-01,3.099475513382385916e-01,4.096404251932603963e-02
9.293831334012961909e-01,-1.648523253094800189e-01,3.076546634892369791e-01,1.200804323050613381e-01
9.178345056196723917e-01,-1.584287629324041269e-01,3.021354969085025544e-01,2.029637624736294332e-01
9.050393772142194537e-01,-1.538337660540697871e-01,2.803915994759110242e-01,2.803915994759110797e-01
8.732048763422870508e-01,-1.562982448919768286e-01,3.264077990610356750e-01,-3.264077990610356195e-01
8.919098712145541175e-01,-1.593036080650018227e-01,3.432390611272674863e-01,-2.476006643851783040e-01
9.099885010563552035e-01,-1.560171356086723637e-01,3.510530369305157050e-01,-1.560171356086733074e-01
9.161657949178658722e-01,-1.699881031258855535e-01,3.537212128466939998e-01,-8.139769407324759509e-02
9.189481165220099168e-01,-1.719425432279772514e-01,3.549226971735474634e-01,-3.752062024184480432e-15
9.161657949178658722e-01,-1.699881031258855535e-01,3.537212128466939998e-01,8.139769407324755346e-02
9.099885010563552035e-01,-1.560171356086723637e-01,3.510530369305157050e-01,1.560171356086733074e-01
8.919098712145541175e-01,-1.593036080650018227e-01,3.432390611272674863e-01,2.476006643851783040e-01
8.732048763422870508e-01,-1.562982448919768286e-01,3.264077990610356750e-01,3.264077990610356195e-01
8.849416990676091110e-01,-1.205693692405553769e-01,-3.402251444417880855e-01,-2.942585046210766664e-01
9.053719823279091639e-01,-1.208109999071224488e-01,-3.490584228048460025e-01,-2.094385193465299888e-01
9.198482066558244519e-01,-1.175438778218089453e-01,-3.553113427478597486e-01,-1.175438778218096947e-01
9.242066217207646206e-01,-1.287536942931981898e-01,-3.571929766929513583e-01,-4.096076140129522453e-02
9.242066217207646206e-01,-1.287536942931981898e-01,-3.571929766929513583e-01,4.096076140129522453e-02
9.198482066558244519e-01,-1.175438778218096947e-01,-3.553113427478597486e-01,1.175438778218089453e-01
9.053719823279091639e-01,-1.208109999071224488e-01,-3.490584228048460025e-01,2.094385193465299888e-01
8.849416990676092221e-01,-1.205693692405552936e-01,-3.402251444417879744e-01,2.942585046210764999e-01
8.849416990676091110e-01,-1.205693692405553769e-01,-2.942585046210766664e-01,-3.402251444417880855e-01
9.120540690341712997e-01,-1.210323883247133719e-01,-2.993676869281567954e-01,-2.527598151564286466e-01
9.293831334012959688e-01,-1.200804323050614492e-01,-3.076546634892372012e-01,-1.648523253094801855e-01
9.382569694594439236e-01,-1.258680950227425988e-01,-3.118861464849232434e-01,-8.098218042823503160e-02
9.408244795979966435e-01,-1.296613726788272969e-01,-3.131089698878029015e-01,-2.829419079760939550e-15
9.382569694594438126e-01,-1.258680950227426265e-01,-3.118861464849231879e-01,8.098218042823494833e-02
9.293831334012959688e-01,-1.200804323050614492e-01,-3.076546634892372012e-01,1.648523253094801855e-01
9.120540690341712997e-01,-1.210323883247133719e-01,-2.993676869281567954e-01,2.527598151564286466e-01
8.849416990676091110e-01,-1.205693692405553769e-01,-2.942585046210766664e-01,3.402251444417880855e-01
9.120540690341712997e-01,-1.210323883247133719e-01,-2.527598151564286466e-01,-2.993676869281567954e-01
9.353977462803670928e-01,-1.209341880775907235e-01,-2.577828237175050496e-01,-2.096520789399752560e-01
9.495732645982403186e-01,-1.179799298860165491e-01,-2.654657933678486459e-01,-1.179799298860172707e-01
9.538712817047476644e-01,-1.293363624258780376e-01,-2.677847634023959311e-01,-4.114612719207779573e-02
9.538712817047476644e-01,-1.293363624258780376e-01,-2.677847634023959311e-01,4.114612719207779573e-02
9.495732645982403186e-01,-1.179799298860172846e-01,-2.654657933678486459e-01,1.179799298860165491e-01
9.353977462803670928e-01,-1.209341880775907235e-01,-2.577828237175050496e-01,2.096520789399752560e-01
9.120540690341711887e-01,-1.210323883247134552e-01,-2.527598151564288687e-01,2.993676869281569619e-01
9.053719823279091639e-01,-1.208109999071224488e-01,-2.094385193465299888e-01,-3.490584228048460025e-01
9.353977462803670928e-01,-1.209341880775907235e-01,-2.096520789399752560e-01,-2.577828237175050496e-01
9.549873549940340878e-01,-1.199991155797261455e-01,-2.155455154162046472e-01,-1.647406897082356603e-01
9.636613229408511616e-01,-1.261237192310949995e-01,-2.210540293904217357e-01,-8.114664629831021270e-02
9.661883589452125998e-01,-1.300267243356962588e-01,-2.226501875078615300e-01,-2.837391638799997653e-15
9.636613229408511616e-01,-1.261237192310950828e-01,-2.210540293904217080e-01,8.114664629831015719e-02
9.549873549940340878e-01,-1.199991155797261455e-01,-2.155455154162046472e-01,1.647406897082356603e-01
9.353977462803670928e-01,-1.209341880775907235e-01,-2.096520789399752560e-01,2.577828237175050496e-01
9.053719823279091639e-01,-1.208109999071224488e-01,-2.094385193465299888e-01,3.490584228048460025e-01
9.293831334012959688e-01,-1.200804323050614492e-01,-1.648523253094801855e-01,-3.076546634892372012e-01
9.549873549940340878e-01,-1.199991155797261455e-01,-1.647406897082356603e-01,-2.155455154162046472e-01
9.708195987020291629e-01,-1.176660284429210945e-01,-1.726809725388707695e-01,-1.176660284429218162e-01
9.750048025308010180e-01,-1.292961674305896369e-01,-1.759436969103174708e-01,-4.113333984938778026e-02
9.750048025308010180e-01,-1.292961674305896369e-01,-1.759436969103174708e-01,4.113333984938778026e-02
9.708195987020291629e-01,-1.176660284429218439e-01,-1.726809725388707695e-01,1.176660284429210807e-01
9.549873549940340878e-01,-1.199991155797261455e-01,-1.647406897082356603e-01,2.155455154162046472e-01
9.293831334012960799e-01,-1.200804323050614075e-01,-1.648523253094801022e-01,3.076546634892368681e-01
9.198482066558243408e-01,-1.175438778218089314e-01,-1.175438778218096808e-01,-3.553113427478596931e-01
9.495732645982403186e-01,-1.179799298860165491e-01,-1.179799298860172707e-01,-2.654657933678486459e-01
9.708195987020291629e-01,-1.176660284429210945e-01,-1.176660284429218162e-01,-1.726809725388707695e-01
9.830354549756156191e-01,-1.180516974720592915e-01,-1.180516974720592638e-01,-7.595319419757921853e-02
9.831258876626204346e-01,-1.293512446936337379e-01,-1.293512446936337656e-01,-2.822651589795767002e-15
9.830354549756156191e-01,-1.180516974720592915e-01,-1.180516974720593054e-01,7.595319419757914914e-02
9.708195987020291629e-01,-1.176660284429210945e-01,-1.176660284429218162e-01,1.726809725388707695e-01
9.495732645982403186e-01,-1.179799298860165491e-01,-1.179799298860172707e-01,2.654657933678486459e-01
9.198482066558243408e-01,-1.175438778218089314e-01,-1.175438778218096808e-01,3.553113427478596931e-01
9.382569694594439236e-01,-1.258680950227425988e-01,-8.098218042823503160e-02,-3.118861464849232434e-01
9.636613229408511616e-01,-1.261237192310949995e-01,-8.114664629831021270e-02,-2.210540293904217357e-01
9.830354549756156191e-01,-1.180516974720592915e-01,-7.595319419757921853e-02,-1.180516974720592638e-01
9.865435329436218481e-01,-1.328484398603820282e-01,-8.595890415958418185e-02,-4.116086040722444911e-02
9.865435329436218481e-01,-1.328484398603820282e-01,-8.595890415958418185e-02,4.116086040722444911e-02
9.830354549756156191e-01,-1.180516974720592638e-01,-7.595319419757926016e-02,1.180516974720592638e-01
9.636613229408511616e-01,-1.261237192310949995e-01,-8.114664629831021270e-02,2.210540293904217357e-01
9.382569694594439236e-01,-1.258680950227424322e-01,-8.098218042823493446e-02,3.118861464849229104e-01
9.242066217207646206e-01,-1.287536942931982176e-01,-4.096076140129523147e-02,-3.571929766929514138e-01
9.538712817047476644e-01,-1.293363624258780376e-01,-4.114612719207779573e-02,-2.677847634023959311e-01
9.750048025308010180e-01,-1.292961674305896369e-01,-4.113333984938778026e-02,-1.759436969103174431e-01
9.865435329436218481e-01,-1.328484398603820282e-01,-4.116086040722444911e-02,-8.595890415958418185e-02
9.897347150878120781e-01,-1.360727910698347198e-01,-4.369655913813533937e-02,-9.729341636051663748e-16
9.865435329436218481e-01,-1.328484398603820837e-01,-4.116086040722443523e-02,8.595890415958412634e-02
9.750048025308010180e-01,-1.292961674305896369e-01,-4.113333984938778026e-02,1.759436969103174431e-01
9.538712817047476644e-01,-1.293363624258780376e-01,-4.114612719207779573e-02,2.677847634023959311e-01
9.242066217207646206e-01,-1.287536942931982176e-01,-4.096076140129523147e-02,3.571929766929514138e-01
9.408244795979966435e-01,-1.296613726788272969e-01,-2.829419079760939550e-15,-3.131089698878029015e-01
9.661883589452125998e-01,-1.300267243356962588e-01,-2.837391638799997653e-15,-2.226501875078615300e-01
9.831258876626204346e-01,-1.293512446936337379e-01,-2.822651589795767002e-15,-1.293512446936337656e-01
9.897347150878120781e-01,-1.360727910698347198e-01,-9.729341636051663748e-16,-4.369655913813533937e-02
9.897347150878120781e-01,-1.360727910698347198e-01,-9.729341636051663748e-16,4.369655913813533937e-02
9.831258876626204346e-01,-1.293512446936337656e-01,-2.822651589795767002e-15,1.293512446936337379e-01
9.661883589452125998e-01,-1.300267243356962588e-01,-2.837391638799997653e-15,2.226501875078615300e-01
9.408244795979966435e-01,-1.296613726788272969e-01,-2.829419079760939550e-15,3.131089698878029015e-01
9.242066217207646206e-01,-1.287536942931982176e-01,4.096076140129523147e-02,-3.571929766929514138e-01
9.538712817047476644e-01,-1.293363624258780376e-01,4.114612719207779573e-02,-2.677847634023959311e-01
9.750048025308010180e-01,-1.292961674305896369e-01,4.113333984938778026e-02,-1.759436969103174431e-01
9.865435329436218481e-01,-1.328484398603820282e-01,4.116086040722444911e-02,-8.595890415958418185e-02
9.897347150878120781e-01,-1.360727910698347198e-01,4.369655913813533937e-02,-9.729341636051663748e-16
9.865435329436218481e-01,-1.328484398603820837e-01,4.116086040722443523e-02,8.595890415958412634e-02
9.750048025308010180e-01,-1.292961674305896369e-01,4.113333984938778026e-02,1.759436969103174431e-01
9.538712817047476644e-01,-1.293363624258780376e-01,4.114612719207779573e-02,2.677847634023959311e-01
9.242066217207646206e-01,-1.287536942931982176e-01,4.096076140129523147e-02,3.571929766929514138e-01
9.382569694594438126e-01,-1.258680950227426265e-01,8.098218042823494833e-02,-3.118861464849231879e-01
9.636613229408511616e-01,-1.261237192310950828e-01,8.114664629831015719e-02,-2.210540293904217080e-01
9.830354549756156191e-01,-1.180516974720590972e-01,7.595319419757901036e-02,-1.180516974720596107e-01
9.865435329436218481e-01,-1.328484398603820837e-01,8.595890415958412634e-02,-4.116086040722443523e-02
9.865435329436218481e-01,-1.328484398603820837e-01,8.595890415958412634e-02,4.116086040722443523e-02
9.830354549756156191e-01,-1.180516974720599993e-01,7.595319419757891322e-02,1.180516974720587781e-01
9.636613229408511616e-01,-1.261237192310950828e-01,8.114664629831015719e-02,2.210540293904217080e-01
9.382569694594438126e-01,-1.258680950227426265e-01,8.098218042823494833e-02,3.118861464849231879e-01
9.198482066558243408e-01,-1.175438778218096808e-01,1.175438778218089314e-01,-3.553113427478596931e-01
9.495732645982403186e-01,-1.179799298860172846e-01,1.179799298860165491e-01,-2.654657933678486459e-01
9.708195987020291629e-01,-1.176660284429218439e-01,1.176660284429210807e-01,-1.726809725388707695e-01
9.830354549756156191e-01,-1.180516974720592638e-01,1.180516974720592638e-01,-7.595319419757926016e-02
9.831258876626204346e-01,-1.293512446936337656e-01,1.293512446936337379e-01,-2.822651589795767002e-15
9.830354549756156191e-01,-1.180516974720592638e-01,1.180516974720592915e-01,7.595319419757921853e-02
9.708195987020291629e-01,-1.176660284429218439e-01,1.176660284429210807e-01,1.726809725388707695e-01
9.495732645982403186e-01,-1.179799298860172846e-01,1.179799298860165491e-01,2.654657933678486459e-01
9.198482066558243408e-01,-1.175438778218096808e-01,1.175438778218089314e-01,3.553113427478596931e-01
9.293831334012959688e-01,-1.200804323050614492e-01,1.648523253094801855e-01,-3.076546634892372012e-01
9.549873549940340878e-01,-1.199991155797261455e-01,1.647406897082356603e-01,-2.155455154162046472e-01
9.708195987020291629e-01,-1.176660284429210945e-01,1.726809725388707695e-01,-1.176660284429218162e-01
9.750048025308010180e-01,-1.292961674305896369e-01,1.759436969103174708e-01,-4.113333984938778026e-02
9.750048025308010180e-01,-1.292961674305896369e-01,1.759436969103174708e-01,4.113333984938778026e-02
9.708195987020291629e-01,-1.176660284429218439e-01,1.726809725388707695e-01,1.176660284429210807e-01
9.549873549940340878e-01,-1.199991155797261455e-01,1.647406897082356603e-01,2.155455154162046472e-01
9.293831334012960799e-01,-1.200804323050614075e-01,1.648523253094801022e-01,3.076546634892368681e-01
9.053719823279091639e-01,-1.208109999071224488e-01,2.094385193465299888e-01,-3.490584228048460025e-01
9.353977462803670928e-01,-1.209341880775907235e-01,2.096520789399752560e-01,-2.577828237175050496e-01
9.549873549940340878e-01,-1.199991155797261455e-01,2.155455154162046472e-01,-1.647406897082356603e-01
9.636613229408511616e-01,-1.261237192310949995e-01,2.210540293904217357e-01,-8.114664629831021270e-02
9.661883589452125998e-01,-1.300267243356962588e-01,2.226501875078615300e-01,-2.837391638799997653e-15
9.636613229408511616e-01,-1.261237192310950828e-01,2.210540293904217080e-01,8.114664629831015719e-02
9.549873549940340878e-01,-1.199991155797261455e-01,2.155455154162046472e-01,1.647406897082356603e-01
9.353977462803670928e-01,-1.209341880775907235e-01,2.096520789399752560e-01,2.577828237175050496e-01
9.053719823279091639e-01,-1.208109999071224488e-01,2.094385193465299888e-01,3.490584228048460025e-01
9.120540690341712997e-01,-1.210323883247133719e-01,2.527598151564286466e-01,-2.993676869281567954e-01
9.353977462803670928e-01,-1.209341880775907235e-01,2.577828237175050496e-01,-2.096520789399752560e-01
9.495732645982403186e-01,-1.179799298860165491e-01,2.654657933678486459e-01,-1.179799298860172707e-01
9.538712817047476644e-01,-1.293363624258780376e-01,2.677847634023959311e-01,-4.114612719207779573e-02
9.538712817047476644e-01,-1.293363624258780376e-01,2.677847634023959311e-01,4.114612719207779573e-02
9.495732645982403186e-01,-1.179799298860172846e-01,2.654657933678486459e-01,1.179799298860165491e-01
9.353977462803670928e-01,-1.209341880775907235e-01,2.577828237175050496e-01,2.096520789399752560e-01
9.120540690341711887e-01,-1.210323883247134552e-01,2.527598151564288687e-01,2.993676869281569619e-01
8.849416990676092221e-01,-1.205693692405552936e-01,2.942585046210764999e-01,-3.402251444417879744e-01
9.120540690341711887e-01,-1.210323883247134552e-01,2.993676869281569619e-01,-2.527598151564288687e-01
9.293831334012960799e-01,-1.200804323050614075e-01,3.076546634892368681e-01,-1.648523253094801022e-01
9.382569694594440346e-01,-1.258680950227424600e-01,3.118861464849229659e-01,-8.098218042823494833e-02
9.408244795979966435e-01,-1.296613726788272969e-01,3.131089698878029015e-01,-2.829419079760939550e-15
9.382569694594438126e-01,-1.258680950227426265e-01,3.118861464849231879e-01,8.098218042823494833e-02
9.293831334012960799e-01,-1.200804323050614075e-01,3.076546634892368681e-01,1.648523253094801022e-01
9.120540690341711887e-01,-1.210323883247134552e-01,2.993676869281569619e-01,2.527598151564288687e-01
8.849416990676092221e-01,-1.205693692405552936e-01,2.942585046210764999e-01,3.402251444417879744e-01
8.849416990676091110e-01,-1.205693692405553769e-01,3.402251444417880855e-01,-2.942585046210766664e-01
9.053719823279091639e-01,-1.208109999071224488e-01,3.490584228048460025e-01,-2.094385193465299888e-01
9.198482066558244519e-01,-1.175438778218089453e-01,3.553113427478597486e-01,-1.175438778218096947e-01
9.242066217207646206e-01,-1.287536942931981898e-01,3.571929766929513583e-01,-4.096076140129522453e-02
9.242066217207646206e-01,-1.287536942931981898e-01,3.571929766929513583e-01,4.096076140129522453e-02
9.198482066558244519e-01,-1.175438778218096947e-01,3.553113427478597486e-01,1.175438778218089453e-01
9.053719823279091639e-01,-1.208109999071224488e-01,3.490584228048460025e-01,2.094385193465299888e-01
8.849416990676092221e-01,-1.205693692405552936e-01,3.402251444417879744e-01,2.942585046210764999e-01
8.759692388708699706e-01,-8.015784806715926802e-02,-3.363425426148393682e-01,-3.363425426148407005e-01
8.992427589054132753e-01,-8.098600630558250302e-02,-3.464094430352595566e-01,-2.545667400012312509e-01
9.161657949178658722e-01,-8.139769407324759509e-02,-3.537212128466939998e-01,-1.699881031258855535e-01
9.269353549835889217e-01,-7.861681365684800027e-02,-3.583708148026804041e-01,-7.861681365684848599e-02
9.291979824021908696e-01,-8.637478864562218861e-02,-3.593473325156622544e-01,-1.923194512452120851e-15
9.269353549835889217e-01,-7.861681365684851375e-02,-3.583708148026804041e-01,7.861681365684800027e-02
9.161657949178658722e-01,-8.139769407324759509e-02,-3.537212128466939998e-01,1.699881031258855535e-01
8.992427589054132753e-01,-8.098600630558250302e-02,-3.464094430352595566e-01,2.545667400012312509e-01
8.759692388708699706e-01,-8.015784806715926802e-02,-3.363425426148393682e-01,3.363425426148407005e-01
9.046896627431207927e-01,-8.061323618067738062e-02,-2.958362049160114804e-01,-2.958362049160114804e-01
9.245378147990883644e-01,-8.141022417168343461e-02,-3.053407540868957049e-01,-2.130005359159660161e-01
9.382569694594439236e-01,-8.098218042823503160e-02,-3.118861464849232434e-01,-1.258680950227425988e-01
9.443854031710642305e-01,-8.572962522282825959e-02,-3.148038296306905903e-01,-4.105107168431790243e-02
9.443854031710642305e-01,-8.572962522282825959e-02,-3.148038296306905903e-01,4.105107168431790243e-02
9.382569694594438126e-01,-8.098218042823505936e-02,-3.118861464849231879e-01,1.258680950227425432e-01
9.245378147990883644e-01,-8.141022417168343461e-02,-3.053407540868957049e-01,2.130005359159660161e-01
9.046896627431209037e-01,-8.061323618067738062e-02,-2.958362049160114804e-01,2.958362049160114804e-01
8.992427589054132753e-01,-8.098600630558250302e-02,-2.545667400012312509e-01,-3.464094430352595011e-01
9.294422095918858373e-01,-8.097708318694075980e-02,-2.545386915848826259e-01,-2.545386915848831255e-01
9.459527530262188399e-01,-8.164372462512796413e-02,-2.635086179815425700e-01,-1.705019047427657752e-01
9.565693001695989572e-01,-7.901284944452428849e-02,-2.692380233517500110e-01,-7.901284944452480197e-02
9.588106051049388734e-01,-8.684665122240591006e-02,-2.704438623998606239e-01,-1.933700859645919870e-15
9.565693001695989572e-01,-7.901284944452480197e-02,-2.692380233517500110e-01,7.901284944452428849e-02
9.459527530262188399e-01,-8.164372462512796413e-02,-2.635086179815425700e-01,1.705019047427657752e-01
9.294422095918858373e-01,-8.097708318694075980e-02,-2.545386915848826259e-01,2.545386915848831255e-01
8.992427589054132753e-01,-8.098600630558250302e-02,-2.545667400012312509e-01,3.464094430352595011e-01
9.245378147990883644e-01,-8.141022417168343461e-02,-2.130005359159660161e-01,-3.053407540868957049e-01
9.502903896756874635e-01,-8.123532548857578806e-02,-2.125429335249646168e-01,-2.125429335249650609e-01
9.636613229408511616e-01,-8.114664629831021270e-02,-2.210540293904217357e-01,-1.261237192310949995e-01
9.697060559355570319e-01,-8.606495514026304972e-02,-2.248657135348417768e-01,-4.121164222737966343e-02
9.697060559355570319e-01,-8.606495514026304972e-02,-2.248657135348417768e-01,4.121164222737966343e-02
9.636613229408511616e-01,-8.114664629831021270e-02,-2.210540293904217357e-01,1.261237192310949995e-01
9.502903896756874635e-01,-8.123532548857578806e-02,-2.125429335249646168e-01,2.125429335249650609e-01
9.245378147990883644e-01,-8.141022417168343461e-02,-2.130005359159660161e-01,3.053407540868957604e-01
9.161657949178658722e-01,-8.139769407324759509e-02,-1.699881031258855535e-01,-3.537212128466939998e-01
9.459527530262188399e-01,-8.164372462512796413e-02,-1.705019047427657752e-01,-2.635086179815425700e-01
9.686102076927517457e-01,-7.972311750196783842e-02,-1.664909758653179417e-01,-1.664909758653179417e-01
9.776517145077054938e-01,-7.910518259433130250e-02,-1.779940035326438852e-01,-7.910518259433180210e-02
9.798621546103736257e-01,-8.705508667978910375e-02,-1.796985527083924117e-01,-1.938341819515407800e-15
9.776517145077054938e-01,-7.910518259433181598e-02,-1.779940035326438852e-01,7.910518259433130250e-02
9.686102076927517457e-01,-7.972311750196783842e-02,-1.664909758653179417e-01,1.664909758653179417e-01
9.459527530262188399e-01,-8.164372462512796413e-02,-1.705019047427657752e-01,2.635086179815425700e-01
9.161657949178658722e-01,-8.139769407324759509e-02,-1.699881031258855535e-01,3.537212128466939998e-01
9.382569694594439236e-01,-8.098218042823503160e-02,-1.258680950227425988e-01,-3.118861464849232434e-01
9.636613229408511616e-01,-8.114664629831021270e-02,-1.261237192310949995e-01,-2.210540293904217357e-01
9.830354549756156191e-01,-7.595319419757909363e-02,-1.180516974720590695e-01,-1.180516974720595691e-01
9.865435329436218481e-01,-8.595890415958418185e-02,-1.328484398603820282e-01,-4.116086040722444911e-02
9.865435329436218481e-01,-8.595890415958418185e-02,-1.328484398603820282e-01,4.116086040722444911e-02
9.830354549756156191e-01,-7.595319419757901036e-02,-1.180516974720598189e-01,1.180516974720588752e-01
9.636613229408511616e-01,-8.114664629831021270e-02,-1.261237192310949995e-01,2.210540293904217357e-01
9.382569694594439236e-01,-8.098218042823493446e-02,-1.258680950227424322e-01,3.118861464849229104e-01
9.269353549835889217e-01,-7.861681365684800027e-02,-7.861681365684848599e-02,-3.583708148026804041e-01
9.565693001695989572e-01,-7.901284944452428849e-02,-7.901284944452480197e-02,-2.692380233517500110e-01
9.776517145077054938e-01,-7.910518259433130250e-02,-7.910518259433180210e-02,-1.779940035326438852e-01
9.926782937855086475e-01,-6.973713751675229833e-02,-6.973713751675272854e-02,-6.973713751675271466e-02
9.925074550710636379e-01,-8.639719795329184326e-02,-8.639719795329185714e-02,-1.923693471213281160e-15
9.926782937855086475e-01,-6.973713751675272854e-02,-6.973713751675274242e-02,6.973713751675228445e-02
9.776517145077054938e-01,-7.910518259433130250e-02,-7.910518259433180210e-02,1.779940035326438852e-01
9.565693001695989572e-01,-7.901284944452428849e-02,-7.901284944452480197e-02,2.692380233517500110e-01
9.269353549835889217e-01,-7.861681365684800027e-02,-7.861681365684848599e-02,3.583708148026804041e-01
9.443854031710642305e-01,-8.572962522282825959e-02,-4.105107168431790243e-02,-3.148038296306905903e-01
9.697060559355569209e-01,-8.606495514026303584e-02,-4.121164222737965649e-02,-2.248657135348417491e-01
9.865435329436218481e-01,-8.595890415958418185e-02,-4.116086040722444911e-02,-1.328484398603820282e-01
9.944223334706336903e-01,-8.929830147174011579e-02,-3.968649675319051856e-02,-3.968649675319076142e-02
9.944223334706336903e-01,-8.929830147174011579e-02,-3.968649675319051856e-02,3.968649675319076142e-02
9.865435329436218481e-01,-8.595890415958419573e-02,-4.116086040722444911e-02,1.328484398603820282e-01
9.697060559355569209e-01,-8.606495514026303584e-02,-4.121164222737965649e-02,2.248657135348417491e-01
9.443854031710642305e-01,-8.572962522282825959e-02,-4.105107168431789549e-02,3.148038296306905903e-01
9.291979824021908696e-01,-8.637478864562218861e-02,-1.923194512452120851e-15,-3.593473325156622544e-01
9.588106051049388734e-01,-8.684665122240591006e-02,-1.933700859645919870e-15,-2.704438623998606239e-01
9.798621546103736257e-01,-8.705508667978910375e-02,-1.938341819515407800e-15,-1.796985527083924117e-01
9.925074550710636379e-01,-8.639719795329184326e-02,-1.923693471213281160e-15,-8.639719795329185714e-02
9.958163297655840962e-01,-9.137744454843038655e-02,-0.000000000000000000e+00,-0.000000000000000000e+00
9.925074550710636379e-01,-8.639719795329185714e-02,-1.923693471213281160e-15,8.639719795329184326e-02
9.798621546103736257e-01,-8.705508667978910375e-02,-1.938341819515407800e-15,1.796985527083924117e-01
9.588106051049388734e-01,-8.684665122240591006e-02,-1.933700859645919870e-15,2.704438623998606239e-01
9.291979824021908696e-01,-8.637478864562218861e-02,-1.923194512452120851e-15,3.593473325156622544e-01
9.443854031710642305e-01,-8.572962522282825959e-02,4.105107168431790243e-02,-3.148038296306905903e-01
9.697060559355569209e-01,-8.606495514026303584e-02,4.121164222737965649e-02,-2.248657135348417491e-01
9.865435329436218481e-01,-8.595890415958418185e-02,4.116086040722444911e-02,-1.328484398603820282e-01
9.944223334706336903e-01,-8.929830147174011579e-02,3.968649675319051856e-02,-3.968649675319076142e-02
9.944223334706336903e-01,-8.929830147174011579e-02,3.968649675319051856e-02,3.968649675319076142e-02
9.865435329436218481e-01,-8.595890415958419573e-02,4.116086040722444911e-02,1.328484398603820282e-01
9.697060559355569209e-01,-8.606495514026303584e-02,4.121164222737965649e-02,2.248657135348417491e-01
9.443854031710642305e-01,-8.572962522282825959e-02,4.105107168431789549e-02,3.148038296306905903e-01
9.269353549835889217e-01,-7.861681365684851375e-02,7.861681365684800027e-02,-3.583708148026804041e-01
9.565693001695989572e-01,-7.901284944452480197e-02,7.901284944452428849e-02,-2.692380233517500110e-01
9.776517145077054938e-01,-7.910518259433181598e-02,7.910518259433130250e-02,-1.779940035326438574e-01
9.926782937855086475e-01,-6.973713751675267303e-02,6.973713751675222894e-02,-6.973713751675285344e-02
9.925074550710636379e-01,-8.639719795329185714e-02,8.639719795329184326e-02,-1.923693471213281160e-15
9.926782937855086475e-01,-6.973713751675271466e-02,6.973713751675229833e-02,6.973713751675272854e-02
9.776517145077054938e-01,-7.910518259433181598e-02,7.910518259433130250e-02,1.779940035326438574e-01
9.565693001695989572e-01,-7.901284944452480197e-02,7.901284944452428849e-02,2.692380233517500110e-01
9.269353549835889217e-01,-7.861681365684851375e-02,7.861681365684800027e-02,3.583708148026804041e-01
9.382569694594438126e-01,-8.098218042823505936e-02,1.258680950227425432e-01,-3.118861464849231879e-01
9.636613229408511616e-01,-8.114664629831021270e-02,1.261237192310949995e-01,-2.210540293904217357e-01
9.830354549756156191e-01,-7.595319419757891322e-02,1.180516974720587503e-01,-1.180516974720599854e-01
9.865435329436218481e-01,-8.595890415958419573e-02,1.328484398603820282e-01,-4.116086040722444911e-02
9.865435329436218481e-01,-8.595890415958419573e-02,1.328484398603820282e-01,4.116086040722444911e-02
9.830354549756157301e-01,-7.595319419757882995e-02,1.180516974720586670e-01,1.180516974720592221e-01
9.636613229408511616e-01,-8.114664629831021270e-02,1.261237192310949995e-01,2.210540293904217357e-01
9.382569694594439236e-01,-8.098218042823497609e-02,1.258680950227424322e-01,3.118861464849229104e-01
9.161657949178658722e-01,-8.139769407324759509e-02,1.699881031258855535e-01,-3.537212128466939998e-01
9.459527530262188399e-01,-8.164372462512796413e-02,1.705019047427657752e-01,-2.635086179815425700e-01
9.686102076927517457e-01,-7.972311750196783842e-02,1.664909758653179417e-01,-1.664909758653179417e-01
9.776517145077054938e-01,-7.910518259433130250e-02,1.779940035326438852e-01,-7.910518259433180210e-02
9.798621546103736257e-01,-8.705508667978910375e-02,1.796985527083924117e-01,-1.938341819515407800e-15
9.776517145077054938e-01,-7.910518259433181598e-02,1.779940035326438852e-01,7.910518259433130250e-02
9.686102076927517457e-01,-7.972311750196783842e-02,1.664909758653179417e-01,1.664909758653179417e-01
9.459527530262188399e-01,-8.164372462512796413e-02,1.705019047427657752e-01,2.635086179815425700e-01
9.161657949178658722e-01,-8.139769407324759509e-02,1.699881031258855535e-01,3.537212128466939998e-01
9.245378147990883644e-01,-8.141022417168343461e-02,2.130005359159660161e-01,-3.053407540868957049e-01
9.502903896756874635e-01,-8.123532548857578806e-02,2.125429335249646168e-01,-2.125429335249650609e-01
9.636613229408511616e-01,-8.114664629831021270e-02,2.210540293904217357e-01,-1.261237192310949995e-01
9.697060559355570319e-01,-8.606495514026304972e-02,2.248657135348417768e-01,-4.121164222737966343e-02
9.697060559355570319e-01,-8.606495514026304972e-02,2.248657135348417768e-01,4.121164222737966343e-02
9.636613229408511616e-01,-8.114664629831021270e-02,2.210540293904217357e-01,1.261237192310949995e-01
9.502903896756874635e-01,-8.123532548857578806e-02,2.125429335249646168e-01,2.125429335249650609e-01
9.245378147990883644e-01,-8.141022417168343461e-02,2.130005359159660161e-01,3.053407540868957604e-01
8.992427589054132753e-01,-8.098600630558250302e-02,2.545667400012312509e-01,-3.464094430352595011e-01
9.294422095918858373e-01,-8.097708318694075980e-02,2.545386915848826259e-01,-2.545386915848831255e-01
9.459527530262188399e-01,-8.164372462512796413e-02,2.635086179815425700e-01,-1.705019047427657752e-01
9.565693001695989572e-01,-7.901284944452428849e-02,2.692380233517500110e-01,-7.901284944452480197e-02
9.588106051049388734e-01,-8.684665122240591006e-02,2.704438623998606239e-01,-1.933700859645919870e-15
9.565693001695989572e-01,-7.901284944452480197e-02,2.692380233517500110e-01,7.901284944452428849e-02
9.459527530262188399e-01,-8.164372462512796413e-02,2.635086179815425700e-01,1.705019047427657752e-01
9.294422095918858373e-01,-8.097708318694075980e-02,2.545386915848826259e-01,2.545386915848831255e-01
8.992427589054132753e-01,-8.098600630558250302e-02,2.545667400012312509e-01,3.464094430352595011e-01
9.046896627431209037e-01,-8.061323618067738062e-02,2.958362049160114804e-01,-2.958362049160114804e-01
9.245378147990883644e-01,-8.141022417168343461e-02,3.053407540868957604e-01,-2.130005359159660161e-01
9.382569694594439236e-01,-8.098218042823493446e-02,3.118861464849229104e-01,-1.258680950227424322e-01
9.443854031710642305e-01,-8.572962522282825959e-02,3.148038296306905903e-01,-4.105107168431789549e-02
9.443854031710642305e-01,-8.572962522282825959e-02,3.148038296306905903e-01,4.105107168431789549e-02
9.382569694594439236e-01,-8.098218042823497609e-02,3.118861464849229104e-01,1.258680950227424322e-01
9.245378147990883644e-01,-8.141022417168343461e-02,3.053407540868957604e-01,2.130005359159660161e-01
9.046896627431209037e-01,-8.061323618067732510e-02,2.958362049160113139e-01,2.958362049160113694e-01
8.759692388708699706e-01,-8.015784806715926802e-02,3.363425426148393682e-01,-3.363425426148407005e-01
8.992427589054132753e-01,-8.098600630558250302e-02,3.464094430352595566e-01,-2.545667400012312509e-01
9.161657949178658722e-01,-8.139769407324759509e-02,3.537212128466939998e-01,-1.699881031258855535e-01
9.269353549835889217e-01,-7.861681365684800027e-02,3.583708148026804041e-01,-7.861681365684848599e-02
9.291979824021908696e-01,-8.637478864562218861e-02,3.593473325156622544e-01,-1.923194512452120851e-15
9.269353549835889217e-01,-7.861681365684851375e-02,3.583708148026804041e-01,7.861681365684800027e-02
9.161657949178658722e-01,-8.139769407324759509e-02,3.537212128466939998e-01,1.699881031258855535e-01
8.992427589054132753e-01,-8.098600630558250302e-02,3.464094430352595566e-01,2.545667400012312509e-01
8.759692388708699706e-01,-8.015784806715926802e-02,3.363425426148393682e-01,3.363425426148407005e-01
8.904639041999914406e-01,-4.037181554421626073e-02,-3.426137408971413056e-01,-2.967490124247067484e-01
9.106064996625521379e-01,-4.074059040895868650e-02,-3.513200112237301886e-01,-2.137995715131393304e-01
9.242066217207646206e-01,-4.096076140129522453e-02,-3.571929766929513583e-01,-1.287536942931981898e-01
9.312055433276870131e-01,-3.938494846202848093e-02,-3.602136695699844071e-01,-3.938494846202873073e-02
9.312055433276870131e-01,-3.938494846202848093e-02,-3.602136695699844071e-01,3.938494846202873073e-02
9.242066217207646206e-01,-4.096076140129522453e-02,-3.571929766929513583e-01,1.287536942931981898e-01
9.106064996625521379e-01,-4.074059040895868650e-02,-3.513200112237301886e-01,2.137995715131393304e-01
8.904639041999914406e-01,-4.037181554421624685e-02,-3.426137408971414722e-01,2.967490124247066374e-01
8.904639041999914406e-01,-4.037181554421626073e-02,-2.967490124247067484e-01,-3.426137408971413056e-01
9.174547602516356370e-01,-4.061357099970459850e-02,-3.019537754414279851e-01,-2.558343570338695305e-01
9.341894508434875899e-01,-4.096404251932597024e-02,-3.099475513382384806e-01,-1.718852308159370679e-01
9.443854031710642305e-01,-4.105107168431790243e-02,-3.148038296306905903e-01,-8.572962522282825959e-02
9.476483697402351414e-01,-4.337738215488178700e-02,-3.163557649957779994e-01,-9.658274669368513495e-16
9.443854031710642305e-01,-4.105107168431791631e-02,-3.148038296306905903e-01,8.572962522282825959e-02
9.341894508434875899e-01,-4.096404251932597024e-02,-3.099475513382384806e-01,1.718852308159370679e-01
9.174547602516356370e-01,-4.061357099970459850e-02,-3.019537754414279851e-01,2.558343570338695305e-01
8.904639041999914406e-01,-4.037181554421626073e-02,-2.967490124247067484e-01,3.426137408971413056e-01
9.174547602516356370e-01,-4.061357099970459850e-02,-2.558343570338695305e-01,-3.019537754414279851e-01
9.405057697056413701e-01,-4.082161948974964705e-02,-2.605575337730531293e-01,-2.142247981134244861e-01
9.538712817047476644e-01,-4.114612719207779573e-02,-2.677847634023959311e-01,-1.293363624258780376e-01
9.608023941275165569e-01,-3.961499723074381196e-02,-2.715143889882244421e-01,-3.961499723074405482e-02
9.608023941275165569e-01,-3.961499723074381196e-02,-2.715143889882244421e-01,3.961499723074405482e-02
9.538712817047477754e-01,-4.114612719207778185e-02,-2.677847634023960421e-01,1.293363624258779543e-01
9.405057697056413701e-01,-4.082161948974964705e-02,-2.605575337730531293e-01,2.142247981134244861e-01
9.174547602516356370e-01,-4.061357099970461237e-02,-2.558343570338696416e-01,3.019537754414278741e-01
9.106064996625521379e-01,-4.074059040895868650e-02,-2.137995715131393304e-01,-3.513200112237301886e-01
9.405057697056413701e-01,-4.082161948974964705e-02,-2.142247981134244861e-01,-2.605575337730531293e-01
9.596738746593042046e-01,-4.099629684868907192e-02,-2.185275301073371645e-01,-1.720205700673006211e-01
9.697060559355569209e-01,-4.121164222737965649e-02,-2.248657135348417491e-01,-8.606495514026303584e-02
9.729425922353437395e-01,-4.359063448240577815e-02,-2.268977055851180979e-01,-9.705756777573077660e-16
9.697060559355569209e-01,-4.121164222737976057e-02,-2.248657135348421932e-01,8.606495514026320237e-02
9.596738746593042046e-01,-4.099629684868907192e-02,-2.185275301073371645e-01,1.720205700673006211e-01
9.405057697056413701e-01,-4.082161948974964705e-02,-2.142247981134244861e-01,2.605575337730531293e-01
9.106064996625521379e-01,-4.074059040895868650e-02,-2.137995715131393304e-01,3.513200112237301886e-01
9.341894508434875899e-01,-4.096404251932597024e-02,-1.718852308159370679e-01,-3.099475513382384806e-01
9.596738746593042046e-01,-4.099629684868907192e-02,-1.720205700673006211e-01,-2.185275301073371645e-01
9.750048025308010180e-01,-4.113333984938778026e-02,-1.759436969103174708e-01,-1.292961674305896369e-01
9.818353594837230247e-01,-3.975350411976531079e-02,-1.812143611523876208e-01,-3.975350411976557446e-02
9.818353594837230247e-01,-3.975350411976531079e-02,-1.812143611523876208e-01,3.975350411976557446e-02
9.750048025308010180e-01,-4.113333984938778026e-02,-1.759436969103174431e-01,1.292961674305896369e-01
9.596738746593042046e-01,-4.099629684868907192e-02,-1.720205700673006211e-01,2.185275301073371645e-01
9.341894508434874789e-01,-4.096404251932603963e-02,-1.718852308159373732e-01,3.099475513382385916e-01
9.242066217207646206e-01,-4.096076140129523147e-02,-1.287536942931982176e-01,-3.571929766929514138e-01
9.538712817047476644e-01,-4.114612719207779573e-02,-1.293363624258780376e-01,-2.677847634023959311e-01
9.750048025308010180e-01,-4.113333984938778026e-02,-1.292961674305896369e-01,-1.759436969103174431e-01
9.865435329436218481e-01,-4.116086040722444911e-02,-1.328484398603820282e-01,-8.595890415958418185e-02
9.897347150878120781e-01,-4.369655913813533937e-02,-1.360727910698347198e-01,-9.729341636051663748e-16
9.865435329436218481e-01,-4.116086040722443523e-02,-1.328484398603820837e-01,8.595890415958412634e-02
9.750048025308010180e-01,-4.113333984938778026e-02,-1.292961674305896369e-01,1.759436969103174431e-01
9.538712817047476644e-01,-4.114612719207779573e-02,-1.293363624258780376e-01,2.677847634023959311e-01
9.242066217207646206e-01,-4.096076140129523147e-02,-1.287536942931982176e-01,3.571929766929514138e-01
9.443854031710642305e-01,-4.105107168431790243e-02,-8.572962522282825959e-02,-3.148038296306905903e-01
9.697060559355569209e-01,-4.121164222737965649e-02,-8.606495514026303584e-02,-2.248657135348417491e-01
9.865435329436218481e-01,-4.116086040722444911e-02,-8.595890415958418185e-02,-1.328484398603820282e-01
9.944223334706336903e-01,-3.968649675319051856e-02,-8.929830147174011579e-02,-3.968649675319076142e-02
9.944223334706336903e-01,-3.968649675319051856e-02,-8.929830147174011579e-02,3.968649675319076142e-02
9.865435329436218481e-01,-4.116086040722444911e-02,-8.595890415958419573e-02,1.328484398603820282e-01
9.697060559355569209e-01,-4.121164222737965649e-02,-8.606495514026303584e-02,2.248657135348417491e-01
9.443854031710642305e-01,-4.105107168431789549e-02,-8.572962522282825959e-02,3.148038296306905903e-01
9.312055433276870131e-01,-3.938494846202848093e-02,-3.938494846202873073e-02,-3.602136695699844071e-01
9.608023941275165569e-01,-3.961499723074381196e-02,-3.961499723074405482e-02,-2.715143889882244421e-01
9.818353594837230247e-01,-3.975350411976531079e-02,-3.975350411976557446e-02,-1.812143611523875930e-01
9.944223334706336903e-01,-3.968649675319051856e-02,-3.968649675319076142e-02,-8.929830147174011579e-02
9.981279178692752385e-01,-4.324730956918212271e-02,-4.324730956918212965e-02,-9.629313106977388038e-16
9.944223334706338013e-01,-3.968649675319011610e-02,-3.968649675319036590e-02,8.929830147173922761e-02
9.818353594837230247e-01,-3.975350411976531079e-02,-3.975350411976557446e-02,1.812143611523875930e-01
9.608023941275165569e-01,-3.961499723074381196e-02,-3.961499723074405482e-02,2.715143889882244421e-01
9.312055433276870131e-01,-3.938494846202848093e-02,-3.938494846202873073e-02,3.602136695699844071e-01
9.476483697402351414e-01,-4.337738215488178700e-02,-9.658274669368513495e-16,-3.163557649957779994e-01
9.729425922353437395e-01,-4.359063448240577815e-02,-9.705756777573077660e-16,-2.268977055851180979e-01
9.897347150878120781e-01,-4.369655913813533937e-02,-9.729341636051663748e-16,-1.360727910698347198e-01
9.981279178692752385e-01,-4.324730956918212271e-02,-9.629313106977388038e-16,-4.324730956918212965e-02
9.981279178692752385e-01,-4.324730956918212271e-02,-9.629313106977388038e-16,4.324730956918212965e-02
9.897347150878120781e-01,-4.369655913813533937e-02,-9.729341636051663748e-16,1.360727910698347198e-01
9.729425922353437395e-01,-4.359063448240577815e-02,-9.705756777573077660e-16,2.268977055851180979e-01
9.476483697402351414e-01,-4.337738215488178700e-02,-9.658274669368513495e-16,3.163557649957779994e-01
9.312055433276870131e-01,-3.938494846202848093e-02,3.938494846202873073e-02,-3.602136695699844071e-01
9.608023941275165569e-01,-3.961499723074381196e-02,3.961499723074405482e-02,-2.715143889882244421e-01
9.818353594837230247e-01,-3.975350411976531079e-02,3.975350411976557446e-02,-1.812143611523875930e-01
9.944223334706336903e-01,-3.968649675319051856e-02,3.968649675319076142e-02,-8.929830147174011579e-02
9.981279178692752385e-01,-4.324730956918212271e-02,4.324730956918212965e-02,-9.629313106977388038e-16
9.944223334706338013e-01,-3.968649675319011610e-02,3.968649675319036590e-02,8.929830147173922761e-02
9.818353594837230247e-01,-3.975350411976531079e-02,3.975350411976557446e-02,1.812143611523875930e-01
9.608023941275165569e-01,-3.961499723074381196e-02,3.961499723074405482e-02,2.715143889882244421e-01
9.312055433276870131e-01,-3.938494846202848093e-02,3.938494846202873073e-02,3.602136695699844071e-01
9.443854031710642305e-01,-4.105107168431791631e-02,8.572962522282825959e-02,-3.148038296306905903e-01
9.697060559355569209e-01,-4.121164222737976057e-02,8.606495514026320237e-02,-2.248657135348421932e-01
9.865435329436218481e-01,-4.116086040722443523e-02,8.595890415958412634e-02,-1.328484398603820837e-01
9.944223334706339124e-01,-3.968649675319012304e-02,8.929830147173924149e-02,-3.968649675319037284e-02
9.944223334706339124e-01,-3.968649675319012304e-02,8.929830147173924149e-02,3.968649675319037284e-02
9.865435329436218481e-01,-4.116086040722444911e-02,8.595890415958416797e-02,1.328484398603820282e-01
9.697060559355569209e-01,-4.121164222737976057e-02,8.606495514026320237e-02,2.248657135348421932e-01
9.443854031710642305e-01,-4.105107168431790937e-02,8.572962522282825959e-02,3.148038296306905903e-01
9.242066217207646206e-01,-4.096076140129523147e-02,1.287536942931982176e-01,-3.571929766929514138e-01
9.538712817047477754e-01,-4.114612719207778185e-02,1.293363624258779543e-01,-2.677847634023960421e-01
9.750048025308010180e-01,-4.113333984938778026e-02,1.292961674305896369e-01,-1.759436969103174431e-01
9.865435329436218481e-01,-4.116086040722444911e-02,1.328484398603820282e-01,-8.595890415958419573e-02
9.897347150878120781e-01,-4.369655913813533937e-02,1.360727910698347198e-01,-9.729341636051663748e-16
9.865435329436218481e-01,-4.116086040722444911e-02,1.328484398603820282e-01,8.595890415958416797e-02
9.750048025308010180e-01,-4.113333984938778026e-02,1.292961674305896369e-01,1.759436969103174431e-01
9.538712817047477754e-01,-4.114612719207778185e-02,1.293363624258779543e-01,2.677847634023960421e-01
9.242066217207646206e-01,-4.096076140129523147e-02,1.287536942931982176e-01,3.571929766929514138e-01
9.341894508434875899e-01,-4.096404251932597024e-02,1.718852308159370679e-01,-3.099475513382384806e-01
9.596738746593042046e-01,-4.099629684868907192e-02,1.720205700673006211e-01,-2.185275301073371645e-01
9.750048025308010180e-01,-4.113333984938778026e-02,1.759436969103174708e-01,-1.292961674305896369e-01
9.818353594837230247e-01,-3.975350411976531079e-02,1.812143611523876208e-01,-3.975350411976557446e-02
9.818353594837230247e-01,-3.975350411976531079e-02,1.812143611523876208e-01,3.975350411976557446e-02
9.750048025308010180e-01,-4.113333984938778026e-02,1.759436969103174431e-01,1.292961674305896369e-01
9.596738746593042046e-01,-4.099629684868907192e-02,1.720205700673006211e-01,2.185275301073371645e-01
9.341894508434874789e-01,-4.096404251932603963e-02,1.718852308159373732e-01,3.099475513382385916e-01
9.106064996625521379e-01,-4.074059040895868650e-02,2.137995715131393304e-01,-3.513200112237301886e-01
9.405057697056413701e-01,-4.082161948974964705e-02,2.142247981134244861e-01,-2.605575337730531293e-01
9.596738746593042046e-01,-4.099629684868907192e-02,2.185275301073371645e-01,-1.720205700673006211e-01
9.697060559355569209e-01,-4.121164222737965649e-02,2.248657135348417491e-01,-8.606495514026303584e-02
9.729425922353437395e-01,-4.359063448240577815e-02,2.268977055851180979e-01,-9.705756777573077660e-16
9.697060559355569209e-01,-4.121164222737976057e-02,2.248657135348421932e-01,8.606495514026320237e-02
9.596738746593042046e-01,-4.099629684868907192e-02,2.185275301073371645e-01,1.720205700673006211e-01
9.405057697056413701e-01,-4.082161948974964705e-02,2.142247981134244861e-01,2.605575337730531293e-01
9.106064996625521379e-01,-4.074059040895868650e-02,2.137995715131393304e-01,3.513200112237301886e-01
9.174547602516356370e-01,-4.061357099970459850e-02,2.558343570338695305e-01,-3.019537754414279851e-01
9.405057697056413701e-01,-4.082161948974964705e-02,2.605575337730531293e-01,-2.142247981134244861e-01
9.538712817047476644e-01,-4.114612719207779573e-02,2.677847634023959311e-01,-1.293363624258780376e-01
9.608023941275165569e-01,-3.961499723074381196e-02,2.715143889882244421e-01,-3.961499723074405482e-02
9.608023941275165569e-01,-3.961499723074381196e-02,2.715143889882244421e-01,3.961499723074405482e-02
9.538712817047477754e-01,-4.114612719207778185e-02,2.677847634023960421e-01,1.293363624258779543e-01
9.405057697056413701e-01,-4.082161948974964705e-02,2.605575337730531293e-01,2.142247981134244861e-01
9.174547602516356370e-01,-4.061357099970461237e-02,2.558343570338696416e-01,3.019537754414278741e-01
8.904639041999914406e-01,-4.037181554421624685e-02,2.967490124247066374e-01,-3.426137408971414722e-01
9.174547602516356370e-01,-4.061357099970461237e-02,3.019537754414278741e-01,-2.558343570338696416e-01
9.341894508434874789e-01,-4.096404251932603963e-02,3.099475513382385916e-01,-1.718852308159373732e-01
9.443854031710642305e-01,-4.105107168431789549e-02,3.148038296306905903e-01,-8.572962522282825959e-02
9.476483697402351414e-01,-4.337738215488178700e-02,3.163557649957779994e-01,-9.658274669368513495e-16
9.443854031710642305e-01,-4.105107168431790937e-02,3.148038296306905903e-01,8.572962522282825959e-02
9.341894508434874789e-01,-4.096404251932603963e-02,3.099475513382385916e-01,1.718852308159373732e-01
9.174547602516356370e-01,-4.061357099970461237e-02,3.019537754414278741e-01,2.558343570338696416e-01
8.904639041999914406e-01,-4.037181554421624685e-02,2.967490124247066374e-01,3.426137408971414722e-01
8.904639041999914406e-01,-4.037181554421626073e-02,3.426137408971413056e-01,-2.967490124247067484e-01
9.106064996625521379e-01,-4.074059040895868650e-02,3.513200112237301886e-01,-2.137995715131393304e-01
9.242066217207646206e-01,-4.096076140129522453e-02,3.571929766929513583e-01,-1.287536942931981898e-01
9.312055433276870131e-01,-3.938494846202848093e-02,3.602136695699844071e-01,-3.938494846202873073e-02
9.312055433276870131e-01,-3.938494846202848093e-02,3.602136695699844071e-01,3.938494846202873073e-02
9.242066217207646206e-01,-4.096076140129522453e-02,3.571929766929513583e-01,1.287536942931981898e-01
9.106064996625521379e-01,-4.074059040895868650e-02,3.513200112237301886e-01,2.137995715131393304e-01
8.904639041999914406e-01,-4.037181554421624685e-02,3.426137408971414722e-01,2.967490124247066374e-01
8.787174392460953554e-01,-7.365488866097209187e-15,-3.375319703115431391e-01,-3.375319703115431946e-01
9.020369093935325377e-01,-5.584443321403178323e-15,-3.476171544985962036e-01,-2.559135166224383862e-01
9.189481165220099168e-01,-3.752062024184480432e-15,-3.549226971735474634e-01,-1.719425432279772514e-01
9.291979824021908696e-01,-1.923194512452120851e-15,-3.593473325156622544e-01,-8.637478864562218861e-02
9.326319325879915967e-01,-0.000000000000000000e+00,-3.608291539180112917e-01,-0.000000000000000000e+00
9.291979824021907586e-01,-1.923194512452116512e-15,-3.593473325156624765e-01,8.637478864562199432e-02
9.189481165220099168e-01,-3.752062024184480432e-15,-3.549226971735474634e-01,1.719425432279772514e-01
9.020369093935325377e-01,-5.584443321403178323e-15,-3.476171544985962036e-01,2.559135166224383862e-01
8.787174392460953554e-01,-7.365488866097209187e-15,-3.375319703115431391e-01,3.375319703115431946e-01
9.074188405290699588e-01,-6.484194100911935246e-15,-2.971456274731956171e-01,-2.971456274731956726e-01
9.273204836697310771e-01,-4.681752392110422583e-15,-3.066699315914984680e-01,-2.145466700375507074e-01
9.408244795979966435e-01,-2.829419079760939550e-15,-3.131089698878029015e-01,-1.296613726788272969e-01
9.476483697402352524e-01,-9.658274669368515467e-16,-3.163557649957780549e-01,-4.337738215488179394e-02
9.476483697402352524e-01,-9.658274669368515467e-16,-3.163557649957780549e-01,4.337738215488179394e-02
9.408244795979966435e-01,-2.829419079760939550e-15,-3.131089698878029015e-01,1.296613726788272969e-01
9.273204836697310771e-01,-4.681752392110422583e-15,-3.066699315914984680e-01,2.145466700375507074e-01
9.074188405290699588e-01,-6.484194100911936823e-15,-2.971456274731956726e-01,2.971456274731956171e-01
9.020369093935325377e-01,-5.584443321403178323e-15,-2.559135166224383862e-01,-3.476171544985962036e-01
9.321537595635309703e-01,-5.586700641310739455e-15,-2.560169608947567843e-01,-2.560169608947568953e-01
9.486873853015642677e-01,-3.765350195174740089e-15,-2.649872235590511882e-01,-1.725514888957691562e-01
9.588106051049388734e-01,-1.933700859645919870e-15,-2.704438623998606239e-01,-8.684665122240591006e-02
9.622193753148474693e-01,-0.000000000000000000e+00,-2.722753638666280951e-01,-0.000000000000000000e+00
9.588106051049389844e-01,-1.933700859645914742e-15,-2.704438623998602909e-01,8.684665122240567414e-02
9.486873853015642677e-01,-3.765350195174740089e-15,-2.649872235590511882e-01,1.725514888957691562e-01
9.321537595635309703e-01,-5.586700641310739455e-15,-2.560169608947567843e-01,2.560169608947568953e-01
9.020369093935325377e-01,-5.584443321403178323e-15,-2.559135166224383862e-01,3.476171544985962036e-01
9.273204836697310771e-01,-4.681752392110422583e-15,-2.145466700375507074e-01,-3.066699315914984680e-01
9.529844756433176745e-01,-4.675646859963874048e-15,-2.142668770281944968e-01,-2.142668770281945245e-01
9.661883589452125998e-01,-2.837391638799997653e-15,-2.226501875078615300e-01,-1.300267243356962588e-01
9.729425922353437395e-01,-9.705756777573077660e-16,-2.268977055851180979e-01,-4.359063448240577815e-02
9.729425922353437395e-01,-9.705756777573077660e-16,-2.268977055851180979e-01,4.359063448240577815e-02
9.661883589452124887e-01,-2.837391638800001991e-15,-2.226501875078618631e-01,1.300267243356964253e-01
9.529844756433176745e-01,-4.675646859963874048e-15,-2.142668770281944968e-01,2.142668770281945245e-01
9.273204836697310771e-01,-4.681752392110422583e-15,-2.145466700375507074e-01,3.066699315914984680e-01
9.189481165220099168e-01,-3.752062024184480432e-15,-1.719425432279772514e-01,-3.549226971735474634e-01
9.486873853015642677e-01,-3.765350195174740089e-15,-1.725514888957691562e-01,-2.649872235590511882e-01
9.699617564546870740e-01,-3.753512181154319780e-15,-1.720089983334277539e-01,-1.720089983334277817e-01
9.798621546103736257e-01,-1.938341819515407800e-15,-1.796985527083924117e-01,-8.705508667978910375e-02
9.832441945647344417e-01,-0.000000000000000000e+00,-1.822933181845858008e-01,-0.000000000000000000e+00
9.798621546103736257e-01,-1.938341819515405828e-15,-1.796985527083924949e-01,8.705508667978902049e-02
9.699617564546870740e-01,-3.753512181154319780e-15,-1.720089983334277539e-01,1.720089983334277817e-01
9.486873853015642677e-01,-3.765350195174740089e-15,-1.725514888957691562e-01,2.649872235590511882e-01
9.189481165220099168e-01,-3.752062024184480432e-15,-1.719425432279772514e-01,3.549226971735474634e-01
9.408244795979966435e-01,-2.829419079760939550e-15,-1.296613726788272969e-01,-3.131089698878029015e-01
9.661883589452125998e-01,-2.837391638799997653e-15,-1.300267243356962588e-01,-2.226501875078615300e-01
9.831258876626204346e-01,-2.822651589795767002e-15,-1.293512446936337379e-01,-1.293512446936337656e-01
9.897347150878120781e-01,-9.729341636051663748e-16,-1.360727910698347198e-01,-4.369655913813533937e-02
9.897347150878120781e-01,-9.729341636051663748e-16,-1.360727910698347198e-01,4.369655913813533937e-02
9.831258876626204346e-01,-2.822651589795767002e-15,-1.293512446936337656e-01,1.293512446936337379e-01
9.661883589452125998e-01,-2.837391638799997653e-15,-1.300267243356962588e-01,2.226501875078615300e-01
9.408244795979966435e-01,-2.829419079760939550e-15,-1.296613726788272969e-01,3.131089698878029015e-01
9.291979824021908696e-01,-1.923194512452120851e-15,-8.637478864562218861e-02,-3.593473325156622544e-01
9.588106051049388734e-01,-1.933700859645919870e-15,-8.684665122240591006e-02,-2.704438623998606239e-01
9.798621546103736257e-01,-1.938341819515407800e-15,-8.705508667978910375e-02,-1.796985527083924117e-01
9.925074550710636379e-01,-1.923693471213281160e-15,-8.639719795329184326e-02,-8.639719795329185714e-02
9.958163297655840962e-01,-0.000000000000000000e+00,-9.137744454843038655e-02,-0.000000000000000000e+00
9.925074550710636379e-01,-1.923693471213281160e-15,-8.639719795329185714e-02,8.639719795329184326e-02
9.798621546103736257e-01,-1.938341819515407800e-15,-8.705508667978910375e-02,1.796985527083924117e-01
9.588106051049388734e-01,-1.933700859645919870e-15,-8.684665122240591006e-02,2.704438623998606239e-01
9.291979824021908696e-01,-1.923194512452120851e-15,-8.637478864562218861e-02,3.593473325156622544e-01
9.476483697402351414e-01,-9.658274669368513495e-16,-4.337738215488178700e-02,-3.163557649957779994e-01
9.729425922353437395e-01,-9.705756777573077660e-16,-4.359063448240577815e-02,-2.268977055851180979e-01
9.897347150878120781e-01,-9.729341636051663748e-16,-4.369655913813533937e-02,-1.360727910698347198e-01
9.981279178692752385e-01,-9.629313106977388038e-16,-4.324730956918212271e-02,-4.324730956918212965e-02
9.981279178692752385e-01,-9.629313106977388038e-16,-4.324730956918212271e-02,4.324730956918212965e-02
9.897347150878120781e-01,-9.729341636051663748e-16,-4.369655913813533937e-02,1.360727910698347198e-01
9.729425922353437395e-01,-9.705756777573077660e-16,-4.359063448240577815e-02,2.268977055851180979e-01
9.476483697402351414e-01,-9.658274669368513495e-16,-4.337738215488178700e-02,3.163557649957779994e-01
9.326319325879915967e-01,-0.000000000000000000e+00,-0.000000000000000000e+00,-3.608291539180112917e-01
9.622193753148474693e-01,-0.000000000000000000e+00,-0.000000000000000000e+00,-2.722753638666280951e-01
9.832441945647344417e-01,-0.000000000000000000e+00,-0.000000000000000000e+00,-1.822933181845858008e-01
9.958163297655840962e-01,-0.000000000000000000e+00,-0.000000000000000000e+00,-9.137744454843038655e-02
1.000000000000000000e+00,0.000000000000000000e+00,0.000000000000000000e+00,0.000000000000000000e+00
9.958163297655840962e-01,-0.000000000000000000e+00,-0.000000000000000000e+00,9.137744454843038655e-02
9.832441945647344417e-01,-0.000000000000000000e+00,-0.000000000000000000e+00,1.822933181845858008e-01
9.622193753148474693e-01,-0.000000000000000000e+00,-0.000000000000000000e+00,2.722753638666280951e-01
9.326319325879915967e-01,-0.000000000000000000e+00,-0.000000000000000000e+00,3.608291539180112917e-01
9.476483697402351414e-01,-9.658274669368513495e-16,4.337738215488178700e-02,-3.163557649957779994e-01
9.729425922353437395e-01,-9.705756777573077660e-16,4.359063448240577815e-02,-2.268977055851180979e-01
9.897347150878120781e-01,-9.729341636051663748e-16,4.369655913813533937e-02,-1.360727910698347198e-01
9.981279178692752385e-01,-9.629313106977388038e-16,4.324730956918212271e-02,-4.324730956918212965e-02
9.981279178692752385e-01,-9.629313106977388038e-16,4.324730956918212271e-02,4.324730956918212965e-02
9.897347150878120781e-01,-9.729341636051663748e-16,4.369655913813533937e-02,1.360727910698347198e-01
9.729425922353437395e-01,-9.705756777573077660e-16,4.359063448240577815e-02,2.268977055851180979e-01
9.476483697402351414e-01,-9.658274669368513495e-16,4.337738215488178700e-02,3.163557649957779994e-01
9.291979824021907586e-01,-1.923194512452116512e-15,8.637478864562199432e-02,-3.593473325156624765e-01
9.588106051049389844e-01,-1.933700859645914742e-15,8.684665122240567414e-02,-2.704438623998602909e-01
9.798621546103736257e-01,-1.938341819515405828e-15,8.705508667978902049e-02,-1.796985527083924949e-01
9.925074550710636379e-01,-1.923693471213281160e-15,8.639719795329184326e-02,-8.639719795329185714e-02
9.958163297655840962e-01,-0.000000000000000000e+00,9.137744454843038655e-02,-0.000000000000000000e+00
9.925074550710636379e-01,-1.923693471213280766e-15,8.639719795329184326e-02,8.639719795329185714e-02
9.798621546103736257e-01,-1.938341819515405828e-15,8.705508667978902049e-02,1.796985527083924949e-01
9.588106051049389844e-01,-1.933700859645914742e-15,8.684665122240567414e-02,2.704438623998602909e-01
9.291979824021907586e-01,-1.923194512452116512e-15,8.637478864562199432e-02,3.593473325156624765e-01
9.408244795979966435e-01,-2.829419079760939550e-15,1.296613726788272969e-01,-3.131089698878029015e-01
9.661883589452124887e-01,-2.837391638800001991e-15,1.300267243356964253e-01,-2.226501875078618631e-01
9.831258876626204346e-01,-2.822651589795767002e-15,1.293512446936337379e-01,-1.293512446936337656e-01
9.897347150878120781e-01,-9.729341636051663748e-16,1.360727910698347198e-01,-4.369655913813533937e-02
9.897347150878120781e-01,-9.729341636051663748e-16,1.360727910698347198e-01,4.369655913813533937e-02
9.831258876626204346e-01,-2.822651589795767002e-15,1.293512446936337379e-01,1.293512446936337379e-01
9.661883589452124887e-01,-2.837391638800001991e-15,1.300267243356964253e-01,2.226501875078618631e-01
9.408244795979966435e-01,-2.829419079760939550e-15,1.296613726788272969e-01,3.131089698878029015e-01
9.189481165220099168e-01,-3.752062024184480432e-15,1.719425432279772514e-01,-3.549226971735474634e-01
9.486873853015642677e-01,-3.765350195174740089e-15,1.725514888957691562e-01,-2.649872235590511882e-01
9.699617564546870740e-01,-3.753512181154319780e-15,1.720089983334277539e-01,-1.720089983334277817e-01
9.798621546103736257e-01,-1.938341819515407800e-15,1.796985527083924117e-01,-8.705508667978910375e-02
9.832441945647344417e-01,-0.000000000000000000e+00,1.822933181845858008e-01,-0.000000000000000000e+00
9.798621546103736257e-01,-1.938341819515405828e-15,1.796985527083924949e-01,8.705508667978902049e-02
9.699617564546870740e-01,-3.753512181154319780e-15,1.720089983334277539e-01,1.720089983334277817e-01
9.486873853015642677e-01,-3.765350195174740089e-15,1.725514888957691562e-01,2.649872235590511882e-01
9.189481165220099168e-01,-3.752062024184480432e-15,1.719425432279772514e-01,3.549226971735474634e-01
9.273204836697310771e-01,-4.681752392110422583e-15,2.145466700375507074e-01,-3.066699315914984680e-01
9.529844756433176745e-01,-4.675646859963874048e-15,2.142668770281944968e-01,-2.142668770281945245e-01
9.661883589452125998e-01,-2.837391638799997653e-15,2.226501875078615300e-01,-1.300267243356962588e-01
9.729425922353437395e-01,-9.705756777573077660e-16,2.268977055851180979e-01,-4.359063448240577815e-02
9.729425922353437395e-01,-9.705756777573077660e-16,2.268977055851180979e-01,4.359063448240577815e-02
9.661883589452124887e-01,-2.837391638800001991e-15,2.226501875078618631e-01,1.300267243356964253e-01
9.529844756433176745e-01,-4.675646859963874048e-15,2.142668770281944968e-01,2.142668770281945245e-01
9.273204836697310771e-01,-4.681752392110422583e-15,2.145466700375507074e-01,3.066699315914984680e-01
9.020369093935325377e-01,-5.584443321403178323e-15,2.559135166224383862e-01,-3.476171544985962036e-01
9.321537595635309703e-01,-5.586700641310739455e-15,2.560169608947567843e-01,-2.560169608947568953e-01
9.486873853015642677e-01,-3.765350195174740089e-15,2.649872235590511882e-01,-1.725514888957691562e-01
9.588106051049388734e-01,-1.933700859645919870e-15,2.704438623998606239e-01,-8.684665122240591006e-02
9.622193753148474693e-01,-0.000000000000000000e+00,2.722753638666280951e-01,-0.000000000000000000e+00
9.588106051049389844e-01,-1.933700859645914742e-15,2.704438623998602909e-01,8.684665122240567414e-02
9.486873853015642677e-01,-3.765350195174740089e-15,2.649872235590511882e-01,1.725514888957691562e-01
9.321537595635309703e-01,-5.586700641310739455e-15,2.560169608947567843e-01,2.560169608947568953e-01
9.020369093935325377e-01,-5.584443321403178323e-15,2.559135166224383862e-01,3.476171544985962036e-01
9.074188405290699588e-01,-6.484194100911936823e-15,2.971456274731956171e-01,-2.971456274731956726e-01
9.273204836697310771e-01,-4.681752392110422583e-15,3.066699315914984680e-01,-2.145466700375507074e-01
9.408244795979966435e-01,-2.829419079760939550e-15,3.131089698878029015e-01,-1.296613726788272969e-01
9.476483697402352524e-01,-9.658274669368515467e-16,3.163557649957780549e-01,-4.337738215488179394e-02
9.476483697402352524e-01,-9.658274669368515467e-16,3.163557649957780549e-01,4.337738215488179394e-02
9.408244795979966435e-01,-2.829419079760939550e-15,3.131089698878029015e-01,1.296613726788272969e-01
9.273204836697310771e-01,-4.681752392110422583e-15,3.066699315914984680e-01,2.145466700375507074e-01
9.074188405290699588e-01,-6.484194100911935246e-15,2.971456274731956171e-01,2.971456274731956726e-01
8.787174392460953554e-01,-7.365488866097209187e-15,3.375319703115431391e-01,-3.375319703115431946e-01
9.020369093935325377e-01,-5.584443321403178323e-15,3.476171544985962036e-01,-2.559135166224383862e-01
9.189481165220099168e-01,-3.752062024184480432e-15,3.549226971735474634e-01,-1.719425432279772514e-01
9.291979824021908696e-01,-1.923194512452120851e-15,3.593473325156622544e-01,-8.637478864562218861e-02
9.326319325879915967e-01,-0.000000000000000000e+00,3.608291539180112917e-01,-0.000000000000000000e+00
9.291979824021907586e-01,-1.923194512452116512e-15,3.593473325156624765e-01,8.637478864562199432e-02
9.189481165220099168e-01,-3.752062024184480432e-15,3.549226971735474634e-01,1.719425432279772514e-01
9.020369093935325377e-01,-5.584443321403178323e-15,3.476171544985962036e-01,2.559135166224383862e-01
8.787174392460953554e-01,-7.365488866097209187e-15,3.375319703115431391e-01,3.375319703115431946e-01
8.904639041999914406e-01,4.037181554421626073e-02,-3.426137408971413056e-01,-2.967490124247067484e-01
9.106064996625521379e-01,4.074059040895868650e-02,-3.513200112237301886e-01,-2.137995715131393304e-01
9.242066217207646206e-01,4.096076140129522453e-02,-3.571929766929513583e-01,-1.287536942931981898e-01
9.312055433276870131e-01,3.938494846202848093e-02,-3.602136695699844071e-01,-3.938494846202873073e-02
9.312055433276870131e-01,3.938494846202848093e-02,-3.602136695699844071e-01,3.938494846202873073e-02
9.242066217207646206e-01,4.096076140129522453e-02,-3.571929766929513583e-01,1.287536942931981898e-01
9.106064996625521379e-01,4.074059040895868650e-02,-3.513200112237301886e-01,2.137995715131393304e-01
8.904639041999914406e-01,4.037181554421624685e-02,-3.426137408971414722e-01,2.967490124247066374e-01
8.904639041999914406e-01,4.037181554421626073e-02,-2.967490124247067484e-01,-3.426137408971413056e-01
9.174547602516356370e-01,4.061357099970459850e-02,-3.019537754414279851e-01,-2.558343570338695305e-01
9.341894508434875899e-01,4.096404251932597024e-02,-3.099475513382384806e-01,-1.718852308159370679e-01
9.443854031710642305e-01,4.105107168431790243e-02,-3.148038296306905903e-01,-8.572962522282825959e-02
9.476483697402351414e-01,4.337738215488178700e-02,-3.163557649957779994e-01,-9.658274669368513495e-16
9.443854031710642305e-01,4.105107168431791631e-02,-3.148038296306905903e-01,8.572962522282825959e-02
9.341894508434875899e-01,4.096404251932597024e-02,-3.099475513382384806e-01,1.718852308159370679e-01
9.174547602516356370e-01,4.061357099970459850e-02,-3.019537754414279851e-01,2.558343570338695305e-01
8.904639041999914406e-01,4.037181554421626073e-02,-2.967490124247067484e-01,3.426137408971413056e-01
9.174547602516356370e-01,4.061357099970459850e-02,-2.558343570338695305e-01,-3.019537754414279851e-01
9.405057697056413701e-01,4.082161948974964705e-02,-2.605575337730531293e-01,-2.142247981134244861e-01
9.538712817047476644e-01,4.114612719207779573e-02,-2.677847634023959311e-01,-1.293363624258780376e-01
9.608023941275165569e-01,3.961499723074381196e-02,-2.715143889882244421e-01,-3.961499723074405482e-02
9.608023941275165569e-01,3.961499723074381196e-02,-2.715143889882244421e-01,3.961499723074405482e-02
9.538712817047477754e-01,4.114612719207778185e-02,-2.677847634023960421e-01,1.293363624258779543e-01
9.405057697056413701e-01,4.082161948974964705e-02,-2.605575337730531293e-01,2.142247981134244861e-01
9.174547602516356370e-01,4.061357099970461237e-02,-2.558343570338696416e-01,3.019537754414278741e-01
9.106064996625521379e-01,4.074059040895868650e-02,-2.137995715131393304e-01,-3.513200112237301886e-01
9.405057697056413701e-01,4.082161948974964705e-02,-2.142247981134244861e-01,-2.605575337730531293e-01
9.596738746593042046e-01,4.099629684868907192e-02,-2.185275301073371645e-01,-1.720205700673006211e-01
9.697060559355569209e-01,4.121164222737965649e-02,-2.248657135348417491e-01,-8.606495514026303584e-02
9.729425922353437395e-01,4.359063448240577815e-02,-2.268977055851180979e-01,-9.705756777573077660e-16
9.697060559355569209e-01,4.121164222737976057e-02,-2.248657135348421932e-01,8.606495514026320237e-02
9.596738746593042046e-01,4.099629684868907192e-02,-2.185275301073371645e-01,1.720205700673006211e-01
9.405057697056413701e-01,4.082161948974964705e-02,-2.142247981134244861e-01,2.605575337730531293e-01
9.106064996625521379e-01,4.074059040895868650e-02,-2.137995715131393304e-01,3.513200112237301886e-01
9.341894508434875899e-01,4.096404251932597024e-02,-1.718852308159370679e-01,-3.099475513382384806e-01
9.596738746593042046e-01,4.099629684868907192e-02,-1.720205700673006211e-01,-2.185275301073371645e-01
9.750048025308010180e-01,4.113333984938778026e-02,-1.759436969103174708e-01,-1.292961674305896369e-01
9.818353594837230247e-01,3.975350411976531079e-02,-1.812143611523876208e-01,-3.975350411976557446e-02
9.818353594837230247e-01,3.975350411976531079e-02,-1.812143611523876208e-01,3.975350411976557446e-02
9.750048025308010180e-01,4.113333984938778026e-02,-1.759436969103174431e-01,1.292961674305896369e-01
9.596738746593042046e-01,4.099629684868907192e-02,-1.720205700673006211e-01,2.185275301073371645e-01
9.341894508434874789e-01,4.096404251932603963e-02,-1.718852308159373732e-01,3.099475513382385916e-01
9.242066217207646206e-01,4.096076140129523147e-02,-1.287536942931982176e-01,-3.571929766929514138e-01
9.538712817047476644e-01,4.114612719207779573e-02,-1.293363624258780376e-01,-2.677847634023959311e-01
9.750048025308010180e-01,4.113333984938778026e-02,-1.292961674305896369e-01,-1.759436969103174431e-01
9.865435329436218481e-01,4.116086040722444911e-02,-1.328484398603820282e-01,-8.595890415958418185e-02
9.897347150878120781e-01,4.369655913813533937e-02,-1.360727910698347198e-01,-9.729341636051663748e-16
9.865435329436218481e-01,4.116086040722443523e-02,-1.328484398603820837e-01,8.595890415958412634e-02
9.750048025308010180e-01,4.113333984938778026e-02,-1.292961674305896369e-01,1.759436969103174431e-01
9.538712817047476644e-01,4.114612719207779573e-02,-1.293363624258780376e-01,2.677847634023959311e-01
9.242066217207646206e-01,4.096076140129523147e-02,-1.287536942931982176e-01,3.571929766929514138e-01
9.443854031710642305e-01,4.105107168431790243e-02,-8.572962522282825959e-02,-3.148038296306905903e-01
9.697060559355569209e-01,4.121164222737965649e-02,-8.606495514026303584e-02,-2.248657135348417491e-01
9.865435329436218481e-01,4.116086040722444911e-02,-8.595890415958418185e-02,-1.328484398603820282e-01
9.944223334706336903e-01,3.968649675319051856e-02,-8.929830147174011579e-02,-3.968649675319076142e-02
9.944223334706336903e-01,3.968649675319051856e-02,-8.929830147174011579e-02,3.968649675319076142e-02
9.865435329436218481e-01,4.116086040722444911e-02,-8.595890415958419573e-02,1.328484398603820282e-01
9.697060559355569209e-01,4.121164222737965649e-02,-8.606495514026303584e-02,2.248657135348417491e-01
9.443854031710642305e-01,4.105107168431789549e-02,-8.572962522282825959e-02,3.148038296306905903e-01
9.312055433276870131e-01,3.938494846202848093e-02,-3.938494846202873073e-02,-3.602136695699844071e-01
9.608023941275165569e-01,3.961499723074381196e-02,-3.961499723074405482e-02,-2.715143889882244421e-01
9.818353594837230247e-01,3.975350411976531079e-02,-3.975350411976557446e-02,-1.812143611523875930e-01
9.944223334706336903e-01,3.968649675319051856e-02,-3.968649675319076142e-02,-8.929830147174011579e-02
9.981279178692752385e-01,4.324730956918212271e-02,-4.324730956918212965e-02,-9.629313106977388038e-16
9.944223334706338013e-01,3.968649675319011610e-02,-3.968649675319036590e-02,8.929830147173922761e-02
9.818353594837230247e-01,3.975350411976531079e-02,-3.975350411976557446e-02,1.812143611523875930e-01
9.608023941275165569e-01,3.961499723074381196e-02,-3.961499723074405482e-02,2.715143889882244421e-01
9.312055433276870131e-01,3.938494846202848093e-02,-3.938494846202873073e-02,3.602136695699844071e-01
9.476483697402351414e-01,4.337738215488178700e-02,-9.658274669368513495e-16,-3.163557649957779994e-01
9.729425922353437395e-01,4.359063448240577815e-02,-9.705756777573077660e-16,-2.268977055851180979e-01
9.897347150878120781e-01,4.369655913813533937e-02,-9.729341636051663748e-16,-1.360727910698347198e-01
9.981279178692752385e-01,4.324730956918212271e-02,-9.629313106977388038e-16,-4.324730956918212965e-02
9.981279178692752385e-01,4.324730956918212271e-02,-9.629313106977388038e-16,4.324730956918212965e-02
9.897347150878120781e-01,4.369655913813533937e-02,-9.729341636051663748e-16,1.360727910698347198e-01
9.729425922353437395e-01,4.359063448240577815e-02,-9.705756777573077660e-16,2.268977055851180979e-01
9.476483697402351414e-01,4.337738215488178700e-02,-9.658274669368513495e-16,3.163557649957779994e-01
9.312055433276870131e-01,3.938494846202848093e-02,3.938494846202873073e-02,-3.602136695699844071e-01
9.608023941275165569e-01,3.961499723074381196e-02,3.961499723074405482e-02,-2.715143889882244421e-01
9.818353594837230247e-01,3.975350411976531079e-02,3.975350411976557446e-02,-1.812143611523875930e-01
9.944223334706336903e-01,3.968649675319051856e-02,3.968649675319076142e-02,-8.929830147174011579e-02
9.981279178692752385e-01,4.324730956918212271e-02,4.324730956918212965e-02,-9.629313106977388038e-16
9.944223334706338013e-01,3.968649675319011610e-02,3.968649675319036590e-02,8.929830147173922761e-02
9.818353594837230247e-01,3.975350411976531079e-02,3.975350411976557446e-02,1.812143611523875930e-01
9.608023941275165569e-01,3.961499723074381196e-02,3.961499723074405482e-02,2.715143889882244421e-01
9.312055433276870131e-01,3.938494846202848093e-02,3.938494846202873073e-02,3.602136695699844071e-01
9.443854031710642305e-01,4.105107168431791631e-02,8.572962522282825959e-02,-3.148038296306905903e-01
9.697060559355569209e-01,4.121164222737976057e-02,8.606495514026320237e-02,-2.248657135348421932e-01
9.865435329436218481e-01,4.116086040722443523e-02,8.595890415958412634e-02,-1.328484398603820837e-01
9.944223334706339124e-01,3.968649675319012304e-02,8.929830147173924149e-02,-3.968649675319037284e-02
9.944223334706339124e-01,3.968649675319012304e-02,8.929830147173924149e-02,3.968649675319037284e-02
9.865435329436218481e-01,4.116086040722444911e-02,8.595890415958416797e-02,1.328484398603820282e-01
9.697060559355569209e-01,4.121164222737976057e-02,8.606495514026320237e-02,2.248657135348421932e-01
9.443854031710642305e-01,4.105107168431790937e-02,8.572962522282825959e-02,3.148038296306905903e-01
9.242066217207646206e-01,4.096076140129523147e-02,1.287536942931982176e-01,-3.571929766929514138e-01
9.538712817047477754e-01,4.114612719207778185e-02,1.293363624258779543e-01,-2.677847634023960421e-01
9.750048025308010180e-01,4.113333984938778026e-02,1.292961674305896369e-01,-1.759436969103174431e-01
9.865435329436218481e-01,4.116086040722444911e-02,1.328484398603820282e-01,-8.595890415958419573e-02
9.897347150878120781e-01,4.369655913813533937e-02,1.360727910698347198e-01,-9.729341636051663748e-16
9.865435329436218481e-01,4.116086040722444911e-02,1.328484398603820282e-01,8.595890415958416797e-02
9.750048025308010180e-01,4.113333984938778026e-02,1.292961674305896369e-01,1.759436969103174431e-01
9.538712817047477754e-01,4.114612719207778185e-02,1.293363624258779543e-01,2.677847634023960421e-01
9.242066217207646206e-01,4.096076140129523147e-02,1.287536942931982176e-01,3.571929766929514138e-01
9.341894508434875899e-01,4.096404251932597024e-02,1.718852308159370679e-01,-3.099475513382384806e-01
9.596738746593042046e-01,4.099629684868907192e-02,1.720205700673006211e-01,-2.185275301073371645e-01
9.750048025308010180e-01,4.113333984938778026e-02,1.759436969103174708e-01,-1.292961674305896369e-01
9.818353594837230247e-01,3.975350411976531079e-02,1.812143611523876208e-01,-3.975350411976557446e-02
9.818353594837230247e-01,3.975350411976531079e-02,1.812143611523876208e-01,3.975350411976557446e-02
9.750048025308010180e-01,4.113333984938778026e-02,1.759436969103174431e-01,1.292961674305896369e-01
9.596738746593042046e-01,4.099629684868907192e-02,1.720205700673006211e-01,2.185275301073371645e-01
9.341894508434874789e-01,4.096404251932603963e-02,1.718852308159373732e-01,3.099475513382385916e-01
9.106064996625521379e-01,4.074059040895868650e-02,2.137995715131393304e-01,-3.513200112237301886e-01
9.405057697056413701e-01,4.082161948974964705e-02,2.142247981134244861e-01,-2.605575337730531293e-01
9.596738746593042046e-01,4.099629684868907192e-02,2.185275301073371645e-01,-1.720205700673006211e-01
9.697060559355569209e-01,4.121164222737965649e-02,2.248657135348417491e-01,-8.606495514026303584e-02
9.729425922353437395e-01,4.359063448240577815e-02,2.268977055851180979e-01,-9.705756777573077660e-16
9.697060559355569209e-01,4.121164222737976057e-02,2.248657135348421932e-01,8.606495514026320237e-02
9.596738746593042046e-01,4.099629684868907192e-02,2.185275301073371645e-01,1.720205700673006211e-01
9.405057697056413701e-01,4.082161948974964705e-02,2.142247981134244861e-01,2.605575337730531293e-01
9.106064996625521379e-01,4.074059040895868650e-02,2.137995715131393304e-01,3.513200112237301886e-01
9.174547602516356370e-01,4.061357099970459850e-02,2.558343570338695305e-01,-3.019537754414279851e-01
9.405057697056413701e-01,4.082161948974964705e-02,2.605575337730531293e-01,-2.142247981134244861e-01
9.538712817047476644e-01,4.114612719207779573e-02,2.677847634023959311e-01,-1.293363624258780376e-01
9.608023941275165569e-01,3.961499723074381196e-02,2.715143889882244421e-01,-3.961499723074405482e-02
9.608023941275165569e-01,3.961499723074381196e-02,2.715143889882244421e-01,3.961499723074405482e-02
9.538712817047477754e-01,4.114612719207778185e-02,2.677847634023960421e-01,1.293363624258779543e-01
9.405057697056413701e-01,4.082161948974964705e-02,2.605575337730531293e-01,2.142247981134244861e-01
9.174547602516356370e-01,4.061357099970461237e-02,2.558343570338696416e-01,3.019537754414278741e-01
8.904639041999914406e-01,4.037181554421624685e-02,2.967490124247066374e-01,-3.426137408971414722e-01
9.174547602516356370e-01,4.061357099970461237e-02,3.019537754414278741e-01,-2.558343570338696416e-01
9.341894508434874789e-01,4.096404251932603963e-02,3.099475513382385916e-01,-1.718852308159373732e-01
9.443854031710642305e-01,4.105107168431789549e-02,3.148038296306905903e-01,-8.572962522282825959e-02
9.476483697402351414e-01,4.337738215488178700e-02,3.163557649957779994e-01,-9.658274669368513495e-16
9.443854031710642305e-01,4.105107168431790937e-02,3.148038296306905903e-01,8.572962522282825959e-02
9.341894508434874789e-01,4.096404251932603963e-02,3.099475513382385916e-01,1.718852308159373732e-01
9.174547602516356370e-01,4.061357099970461237e-02,3.019537754414278741e-01,2.558343570338696416e-01
8.904639041999914406e-01,4.037181554421624685e-02,2.967490124247066374e-01,3.426137408971414722e-01
8.904639041999914406e-01,4.037181554421626073e-02,3.426137408971413056e-01,-2.967490124247067484e-01
9.106064996625521379e-01,4.074059040895868650e-02,3.513200112237301886e-01,-2.137995715131393304e-01
9.242066217207646206e-01,4.096076140129522453e-02,3.571929766929513583e-01,-1.287536942931981898e-01
9.312055433276870131e-01,3.938494846202848093e-02,3.602136695699844071e-01,-3.938494846202873073e-02
9.312055433276870131e-01,3.938494846202848093e-02,3.602136695699844071e-01,3.938494846202873073e-02
9.242066217207646206e-01,4.096076140129522453e-02,3.571929766929513583e-01,1.287536942931981898e-01
9.106064996625521379e-01,4.074059040895868650e-02,3.513200112237301886e-01,2.137995715131393304e-01
8.904639041999914406e-01,4.037181554421624685e-02,3.426137408971414722e-01,2.967490124247066374e-01
8.759692388708699706e-01,8.015784806715926802e-02,-3.363425426148393682e-01,-3.363425426148407005e-01
8.992427589054132753e-01,8.098600630558240587e-02,-3.464094430352594456e-01,-2.545667400012312509e-01
9.161657949178658722e-01,8.139769407324755346e-02,-3.537212128466939998e-01,-1.699881031258855535e-01
9.269353549835889217e-01,7.861681365684800027e-02,-3.583708148026804041e-01,-7.861681365684851375e-02
9.291979824021907586e-01,8.637478864562199432e-02,-3.593473325156624765e-01,-1.923194512452116512e-15
9.269353549835889217e-01,7.861681365684800027e-02,-3.583708148026804041e-01,7.861681365684848599e-02
9.161657949178658722e-01,8.139769407324755346e-02,-3.537212128466939998e-01,1.699881031258855535e-01
8.992427589054132753e-01,8.098600630558240587e-02,-3.464094430352594456e-01,2.545667400012312509e-01
8.759692388708699706e-01,8.015784806715926802e-02,-3.363425426148393682e-01,3.363425426148407005e-01
9.046896627431207927e-01,8.061323618067738062e-02,-2.958362049160114804e-01,-2.958362049160114804e-01
9.245378147990883644e-01,8.141022417168337910e-02,-3.053407540868958159e-01,-2.130005359159659328e-01
9.382569694594438126e-01,8.098218042823494833e-02,-3.118861464849231879e-01,-1.258680950227426265e-01
9.443854031710642305e-01,8.572962522282825959e-02,-3.148038296306905903e-01,-4.105107168431791631e-02
9.443854031710642305e-01,8.572962522282825959e-02,-3.148038296306905903e-01,4.105107168431791631e-02
9.382569694594439236e-01,8.098218042823503160e-02,-3.118861464849232434e-01,1.258680950227425988e-01
9.245378147990883644e-01,8.141022417168337910e-02,-3.053407540868958159e-01,2.130005359159659328e-01
9.046896627431209037e-01,8.061323618067738062e-02,-2.958362049160114804e-01,2.958362049160114804e-01
8.992427589054132753e-01,8.098600630558240587e-02,-2.545667400012312509e-01,-3.464094430352594456e-01
9.294422095918859483e-01,8.097708318694056551e-02,-2.545386915848822929e-01,-2.545386915848831810e-01
9.459527530262188399e-01,8.164372462512790862e-02,-2.635086179815425700e-01,-1.705019047427657752e-01
9.565693001695989572e-01,7.901284944452428849e-02,-2.692380233517500110e-01,-7.901284944452480197e-02
9.588106051049389844e-01,8.684665122240567414e-02,-2.704438623998602909e-01,-1.933700859645914742e-15
9.565693001695989572e-01,7.901284944452430237e-02,-2.692380233517500110e-01,7.901284944452478809e-02
9.459527530262188399e-01,8.164372462512790862e-02,-2.635086179815425700e-01,1.705019047427657752e-01
9.294422095918859483e-01,8.097708318694056551e-02,-2.545386915848822929e-01,2.545386915848831810e-01
8.992427589054132753e-01,8.098600630558240587e-02,-2.545667400012312509e-01,3.464094430352594456e-01
9.245378147990883644e-01,8.141022417168337910e-02,-2.130005359159659328e-01,-3.053407540868958159e-01
9.502903896756874635e-01,8.123532548857578806e-02,-2.125429335249646168e-01,-2.125429335249650609e-01
9.636613229408511616e-01,8.114664629831015719e-02,-2.210540293904217080e-01,-1.261237192310950828e-01
9.697060559355569209e-01,8.606495514026320237e-02,-2.248657135348421932e-01,-4.121164222737976057e-02
9.697060559355569209e-01,8.606495514026320237e-02,-2.248657135348421932e-01,4.121164222737976057e-02
9.636613229408511616e-01,8.114664629831021270e-02,-2.210540293904217357e-01,1.261237192310949995e-01
9.502903896756874635e-01,8.123532548857578806e-02,-2.125429335249646168e-01,2.125429335249650609e-01
9.245378147990883644e-01,8.141022417168343461e-02,-2.130005359159660161e-01,3.053407540868957604e-01
9.161657949178658722e-01,8.139769407324755346e-02,-1.699881031258855535e-01,-3.537212128466939998e-01
9.459527530262188399e-01,8.164372462512790862e-02,-1.705019047427657752e-01,-2.635086179815425700e-01
9.686102076927517457e-01,7.972311750196779678e-02,-1.664909758653179139e-01,-1.664909758653179417e-01
9.776517145077054938e-01,7.910518259433130250e-02,-1.779940035326438852e-01,-7.910518259433181598e-02
9.798621546103736257e-01,8.705508667978902049e-02,-1.796985527083924949e-01,-1.938341819515405828e-15
9.776517145077054938e-01,7.910518259433130250e-02,-1.779940035326438852e-01,7.910518259433178823e-02
9.686102076927517457e-01,7.972311750196779678e-02,-1.664909758653179139e-01,1.664909758653179417e-01
9.459527530262188399e-01,8.164372462512790862e-02,-1.705019047427657752e-01,2.635086179815425700e-01
9.161657949178658722e-01,8.139769407324755346e-02,-1.699881031258855535e-01,3.537212128466939998e-01
9.382569694594439236e-01,8.098218042823496221e-02,-1.258680950227426543e-01,-3.118861464849232434e-01
9.636613229408511616e-01,8.114664629831015719e-02,-1.261237192310950828e-01,-2.210540293904217080e-01
9.830354549756156191e-01,7.595319419757914914e-02,-1.180516974720592915e-01,-1.180516974720593054e-01
9.865435329436218481e-01,8.595890415958412634e-02,-1.328484398603820837e-01,-4.116086040722443523e-02
9.865435329436218481e-01,8.595890415958412634e-02,-1.328484398603820837e-01,4.116086040722443523e-02
9.830354549756156191e-01,7.595319419757896873e-02,-1.180516974720598189e-01,1.180516974720588752e-01
9.636613229408511616e-01,8.114664629831015719e-02,-1.261237192310950828e-01,2.210540293904217080e-01
9.382569694594439236e-01,8.098218042823496221e-02,-1.258680950227426543e-01,3.118861464849232434e-01
9.269353549835889217e-01,7.861681365684800027e-02,-7.861681365684851375e-02,-3.583708148026804041e-01
9.565693001695989572e-01,7.901284944452428849e-02,-7.901284944452480197e-02,-2.692380233517500110e-01
9.776517145077054938e-01,7.910518259433130250e-02,-7.910518259433181598e-02,-1.779940035326438574e-01
9.926782937855086475e-01,6.973713751675222894e-02,-6.973713751675267303e-02,-6.973713751675285344e-02
9.925074550710636379e-01,8.639719795329184326e-02,-8.639719795329185714e-02,-1.923693471213281160e-15
9.926782937855086475e-01,6.973713751675229833e-02,-6.973713751675271466e-02,6.973713751675272854e-02
9.776517145077054938e-01,7.910518259433130250e-02,-7.910518259433181598e-02,1.779940035326438574e-01
9.565693001695989572e-01,7.901284944452428849e-02,-7.901284944452480197e-02,2.692380233517500110e-01
9.269353549835889217e-01,7.861681365684800027e-02,-7.861681365684851375e-02,3.583708148026804041e-01
9.443854031710642305e-01,8.572962522282825959e-02,-4.105107168431791631e-02,-3.148038296306905903e-01
9.697060559355569209e-01,8.606495514026320237e-02,-4.121164222737976057e-02,-2.248657135348421932e-01
9.865435329436218481e-01,8.595890415958412634e-02,-4.116086040722443523e-02,-1.328484398603820837e-01
9.944223334706338013e-01,8.929830147173922761e-02,-3.968649675319011610e-02,-3.968649675319036590e-02
9.944223334706338013e-01,8.929830147173922761e-02,-3.968649675319011610e-02,3.968649675319036590e-02
9.865435329436218481e-01,8.595890415958416797e-02,-4.116086040722444911e-02,1.328484398603820282e-01
9.697060559355569209e-01,8.606495514026320237e-02,-4.121164222737976057e-02,2.248657135348421932e-01
9.443854031710642305e-01,8.572962522282825959e-02,-4.105107168431790937e-02,3.148038296306905903e-01
9.291979824021907586e-01,8.637478864562199432e-02,-1.923194512452116512e-15,-3.593473325156624765e-01
9.588106051049389844e-01,8.684665122240567414e-02,-1.933700859645914742e-15,-2.704438623998602909e-01
9.798621546103736257e-01,8.705508667978902049e-02,-1.938341819515405828e-15,-1.796985527083924949e-01
9.925074550710636379e-01,8.639719795329184326e-02,-1.923693471213281160e-15,-8.639719795329185714e-02
9.958163297655840962e-01,9.137744454843038655e-02,-0.000000000000000000e+00,-0.000000000000000000e+00
9.925074550710636379e-01,8.639719795329184326e-02,-1.923693471213280766e-15,8.639719795329185714e-02
9.798621546103736257e-01,8.705508667978902049e-02,-1.938341819515405828e-15,1.796985527083924949e-01
9.588106051049389844e-01,8.684665122240567414e-02,-1.933700859645914742e-15,2.704438623998602909e-01
9.291979824021907586e-01,8.637478864562199432e-02,-1.923194512452116512e-15,3.593473325156624765e-01
9.443854031710642305e-01,8.572962522282825959e-02,4.105107168431791631e-02,-3.148038296306905903e-01
9.697060559355569209e-01,8.606495514026320237e-02,4.121164222737976057e-02,-2.248657135348421932e-01
9.865435329436218481e-01,8.595890415958412634e-02,4.116086040722443523e-02,-1.328484398603820837e-01
9.944223334706338013e-01,8.929830147173922761e-02,3.968649675319011610e-02,-3.968649675319036590e-02
9.944223334706338013e-01,8.929830147173922761e-02,3.968649675319011610e-02,3.968649675319036590e-02
9.865435329436218481e-01,8.595890415958416797e-02,4.116086040722444911e-02,1.328484398603820282e-01
9.697060559355569209e-01,8.606495514026320237e-02,4.121164222737976057e-02,2.248657135348421932e-01
9.443854031710642305e-01,8.572962522282825959e-02,4.105107168431790937e-02,3.148038296306905903e-01
9.269353549835889217e-01,7.861681365684800027e-02,7.861681365684848599e-02,-3.583708148026804041e-01
9.565693001695989572e-01,7.901284944452430237e-02,7.901284944452478809e-02,-2.692380233517500110e-01
9.776517145077054938e-01,7.910518259433131638e-02,7.910518259433180210e-02,-1.779940035326438852e-01
9.926782937855087585e-01,6.973713751675206240e-02,6.973713751675247874e-02,-6.973713751675322814e-02
9.925074550710636379e-01,8.639719795329184326e-02,8.639719795329185714e-02,-1.923693471213280766e-15
9.926782937855086475e-01,6.973713751675225669e-02,6.973713751675267303e-02,6.973713751675283956e-02
9.776517145077054938e-01,7.910518259433131638e-02,7.910518259433180210e-02,1.779940035326438852e-01
9.565693001695989572e-01,7.901284944452430237e-02,7.901284944452478809e-02,2.692380233517500110e-01
9.269353549835889217e-01,7.861681365684800027e-02,7.861681365684848599e-02,3.583708148026804041e-01
9.382569694594439236e-01,8.098218042823503160e-02,1.258680950227425988e-01,-3.118861464849232434e-01
9.636613229408511616e-01,8.114664629831021270e-02,1.261237192310949995e-01,-2.210540293904217357e-01
9.830354549756156191e-01,7.595319419757896873e-02,1.180516974720588752e-01,-1.180516974720598189e-01
9.865435329436218481e-01,8.595890415958416797e-02,1.328484398603820282e-01,-4.116086040722444911e-02
9.865435329436218481e-01,8.595890415958416797e-02,1.328484398603820282e-01,4.116086040722444911e-02
9.830354549756157301e-01,7.595319419757882995e-02,1.180516974720586670e-01,1.180516974720592221e-01
9.636613229408511616e-01,8.114664629831021270e-02,1.261237192310949995e-01,2.210540293904217357e-01
9.382569694594439236e-01,8.098218042823493446e-02,1.258680950227424322e-01,3.118861464849229104e-01
9.161657949178658722e-01,8.139769407324755346e-02,1.699881031258855535e-01,-3.537212128466939998e-01
9.459527530262188399e-01,8.164372462512790862e-02,1.705019047427657752e-01,-2.635086179815425700e-01
9.686102076927517457e-01,7.972311750196779678e-02,1.664909758653179139e-01,-1.664909758653179417e-01
9.776517145077054938e-01,7.910518259433130250e-02,1.779940035326438852e-01,-7.910518259433181598e-02
9.798621546103736257e-01,8.705508667978902049e-02,1.796985527083924949e-01,-1.938341819515405828e-15
9.776517145077054938e-01,7.910518259433130250e-02,1.779940035326438852e-01,7.910518259433178823e-02
9.686102076927517457e-01,7.972311750196779678e-02,1.664909758653179139e-01,1.664909758653179417e-01
9.459527530262188399e-01,8.164372462512790862e-02,1.705019047427657752e-01,2.635086179815425700e-01
9.161657949178658722e-01,8.139769407324755346e-02,1.699881031258855535e-01,3.537212128466939998e-01
9.245378147990883644e-01,8.141022417168337910e-02,2.130005359159659328e-01,-3.053407540868958159e-01
9.502903896756874635e-01,8.123532548857578806e-02,2.125429335249646168e-01,-2.125429335249650609e-01
9.636613229408511616e-01,8.114664629831015719e-02,2.210540293904217080e-01,-1.261237192310950828e-01
9.697060559355569209e-01,8.606495514026320237e-02,2.248657135348421932e-01,-4.121164222737976057e-02
9.697060559355569209e-01,8.606495514026320237e-02,2.248657135348421932e-01,4.121164222737976057e-02
9.636613229408511616e-01,8.114664629831021270e-02,2.210540293904217357e-01,1.261237192310949995e-01
9.502903896756874635e-01,8.123532548857578806e-02,2.125429335249646168e-01,2.125429335249650609e-01
9.245378147990883644e-01,8.141022417168343461e-02,2.130005359159660161e-01,3.053407540868957604e-01
8.992427589054132753e-01,8.098600630558240587e-02,2.545667400012312509e-01,-3.464094430352594456e-01
9.294422095918859483e-01,8.097708318694056551e-02,2.545386915848822929e-01,-2.545386915848831810e-01
9.459527530262188399e-01,8.164372462512790862e-02,2.635086179815425700e-01,-1.705019047427657752e-01
9.565693001695989572e-01,7.901284944452428849e-02,2.692380233517500110e-01,-7.901284944452480197e-02
9.588106051049389844e-01,8.684665122240567414e-02,2.704438623998602909e-01,-1.933700859645914742e-15
9.565693001695989572e-01,7.901284944452430237e-02,2.692380233517500110e-01,7.901284944452478809e-02
9.459527530262188399e-01,8.164372462512790862e-02,2.635086179815425700e-01,1.705019047427657752e-01
9.294422095918859483e-01,8.097708318694056551e-02,2.545386915848822929e-01,2.545386915848831810e-01
8.992427589054132753e-01,8.098600630558240587e-02,2.545667400012312509e-01,3.464094430352594456e-01
9.046896627431209037e-01,8.061323618067738062e-02,2.958362049160114804e-01,-2.958362049160114804e-01
9.245378147990883644e-01,8.141022417168343461e-02,3.053407540868957604e-01,-2.130005359159660161e-01
9.382569694594438126e-01,8.098218042823494833e-02,3.118861464849231879e-01,-1.258680950227426265e-01
9.443854031710642305e-01,8.572962522282825959e-02,3.148038296306905903e-01,-4.105107168431790937e-02
9.443854031710642305e-01,8.572962522282825959e-02,3.148038296306905903e-01,4.105107168431790937e-02
9.382569694594439236e-01,8.098218042823493446e-02,3.118861464849229104e-01,1.258680950227424322e-01
9.245378147990883644e-01,8.141022417168343461e-02,3.053407540868957604e-01,2.130005359159660161e-01
9.046896627431209037e-01,8.061323618067732510e-02,2.958362049160113139e-01,2.958362049160113694e-01
8.759692388708699706e-01,8.015784806715926802e-02,3.363425426148393682e-01,-3.363425426148407005e-01
8.992427589054132753e-01,8.098600630558240587e-02,3.464094430352594456e-01,-2.545667400012312509e-01
9.161657949178658722e-01,8.139769407324755346e-02,3.537212128466939998e-01,-1.699881031258855535e-01
9.269353549835889217e-01,7.861681365684800027e-02,3.583708148026804041e-01,-7.861681365684851375e-02
9.291979824021907586e-01,8.637478864562199432e-02,3.593473325156624765e-01,-1.923194512452116512e-15
9.269353549835889217e-01,7.861681365684800027e-02,3.583708148026804041e-01,7.861681365684848599e-02
9.161657949178658722e-01,8.139769407324755346e-02,3.537212128466939998e-01,1.699881031258855535e-01
8.992427589054132753e-01,8.098600630558240587e-02,3.464094430352594456e-01,2.545667400012312509e-01
8.759692388708699706e-01,8.015784806715926802e-02,3.363425426148393682e-01,3.363425426148407005e-01
8.849416990676091110e-01,1.205693692405553769e-01,-3.402251444417880855e-01,-2.942585046210766664e-01
9.053719823279091639e-01,1.208109999071223795e-01,-3.490584228048460025e-01,-2.094385193465299333e-01
9.198482066558244519e-01,1.175438778218089453e-01,-3.553113427478597486e-01,-1.175438778218096947e-01
9.242066217207646206e-01,1.287536942931981898e-01,-3.571929766929513583e-01,-4.096076140129522453e-02
9.242066217207646206e-01,1.287536942931981898e-01,-3.571929766929513583e-01,4.096076140129522453e-02
9.198482066558244519e-01,1.175438778218089869e-01,-3.553113427478596376e-01,1.175438778218096531e-01
9.053719823279091639e-01,1.208109999071223795e-01,-3.490584228048460025e-01,2.094385193465299333e-01
8.849416990676092221e-01,1.205693692405552936e-01,-3.402251444417879744e-01,2.942585046210764999e-01
8.849416990676091110e-01,1.205693692405553769e-01,-2.942585046210766664e-01,-3.402251444417880855e-01
9.120540690341712997e-01,1.210323883247132748e-01,-2.993676869281567954e-01,-2.527598151564286466e-01
9.293831334012961909e-01,1.200804323050613520e-01,-3.076546634892370347e-01,-1.648523253094800745e-01
9.382569694594438126e-01,1.258680950227425432e-01,-3.118861464849231879e-01,-8.098218042823505936e-02
9.408244795979966435e-01,1.296613726788272969e-01,-3.131089698878029015e-01,-2.829419079760939550e-15
9.382569694594439236e-01,1.258680950227425988e-01,-3.118861464849232434e-01,8.098218042823503160e-02
9.293831334012961909e-01,1.200804323050613520e-01,-3.076546634892370347e-01,1.648523253094800745e-01
9.120540690341712997e-01,1.210323883247132748e-01,-2.993676869281567954e-01,2.527598151564286466e-01
8.849416990676091110e-01,1.205693692405553769e-01,-2.942585046210766664e-01,3.402251444417880855e-01
9.120540690341712997e-01,1.210323883247132748e-01,-2.527598151564286466e-01,-2.993676869281567954e-01
9.353977462803670928e-01,1.209341880775906819e-01,-2.577828237175050496e-01,-2.096520789399753115e-01
9.495732645982403186e-01,1.179799298860165491e-01,-2.654657933678486459e-01,-1.179799298860172846e-01
9.538712817047477754e-01,1.293363624258779543e-01,-2.677847634023960421e-01,-4.114612719207778185e-02
9.538712817047477754e-01,1.293363624258779543e-01,-2.677847634023960421e-01,4.114612719207778185e-02
9.495732645982403186e-01,1.179799298860165768e-01,-2.654657933678487014e-01,1.179799298860172568e-01
9.353977462803670928e-01,1.209341880775906819e-01,-2.577828237175050496e-01,2.096520789399753115e-01
9.120540690341712997e-01,1.210323883247133164e-01,-2.527598151564286466e-01,2.993676869281567954e-01
9.053719823279091639e-01,1.208109999071223795e-01,-2.094385193465299333e-01,-3.490584228048460025e-01
9.353977462803670928e-01,1.209341880775906819e-01,-2.096520789399753115e-01,-2.577828237175050496e-01
9.549873549940339768e-01,1.199991155797260900e-01,-2.155455154162046194e-01,-1.647406897082356603e-01
9.636613229408511616e-01,1.261237192310949995e-01,-2.210540293904217357e-01,-8.114664629831021270e-02
9.661883589452124887e-01,1.300267243356964253e-01,-2.226501875078618631e-01,-2.837391638800001991e-15
9.636613229408511616e-01,1.261237192310949995e-01,-2.210540293904217357e-01,8.114664629831021270e-02
9.549873549940339768e-01,1.199991155797260900e-01,-2.155455154162046194e-01,1.647406897082356603e-01
9.353977462803670928e-01,1.209341880775906819e-01,-2.096520789399753115e-01,2.577828237175050496e-01
9.053719823279091639e-01,1.208109999071223795e-01,-2.094385193465299333e-01,3.490584228048460025e-01
9.293831334012961909e-01,1.200804323050613381e-01,-1.648523253094800189e-01,-3.076546634892369791e-01
9.549873549940339768e-01,1.199991155797260900e-01,-1.647406897082356603e-01,-2.155455154162046194e-01
9.708195987020291629e-01,1.176660284429210807e-01,-1.726809725388707695e-01,-1.176660284429218439e-01
9.750048025308010180e-01,1.292961674305896369e-01,-1.759436969103174431e-01,-4.113333984938778026e-02
9.750048025308010180e-01,1.292961674305896369e-01,-1.759436969103174431e-01,4.113333984938778026e-02
9.708195987020291629e-01,1.176660284429211639e-01,-1.726809725388707140e-01,1.176660284429218439e-01
9.549873549940339768e-01,1.199991155797260900e-01,-1.647406897082356603e-01,2.155455154162046194e-01
9.293831334012961909e-01,1.200804323050613520e-01,-1.648523253094800467e-01,3.076546634892370347e-01
9.198482066558243408e-01,1.175438778218089314e-01,-1.175438778218096808e-01,-3.553113427478596931e-01
9.495732645982403186e-01,1.179799298860165491e-01,-1.179799298860172846e-01,-2.654657933678486459e-01
9.708195987020291629e-01,1.176660284429210807e-01,-1.176660284429218439e-01,-1.726809725388707695e-01
9.830354549756156191e-01,1.180516974720588752e-01,-1.180516974720598189e-01,-7.595319419757901036e-02
9.831258876626204346e-01,1.293512446936337379e-01,-1.293512446936337656e-01,-2.822651589795767002e-15
9.830354549756156191e-01,1.180516974720588752e-01,-1.180516974720598189e-01,7.595319419757896873e-02
9.708195987020291629e-01,1.176660284429210807e-01,-1.176660284429218439e-01,1.726809725388707695e-01
9.495732645982403186e-01,1.179799298860165491e-01,-1.179799298860172846e-01,2.654657933678486459e-01
9.198482066558243408e-01,1.175438778218089314e-01,-1.175438778218096808e-01,3.553113427478596931e-01
9.382569694594438126e-01,1.258680950227425432e-01,-8.098218042823505936e-02,-3.118861464849231879e-01
9.636613229408511616e-01,1.261237192310949995e-01,-8.114664629831021270e-02,-2.210540293904217357e-01
9.830354549756156191e-01,1.180516974720588752e-01,-7.595319419757901036e-02,-1.180516974720598189e-01
9.865435329436218481e-01,1.328484398603820282e-01,-8.595890415958419573e-02,-4.116086040722444911e-02
9.865435329436218481e-01,1.328484398603820282e-01,-8.595890415958419573e-02,4.116086040722444911e-02
9.830354549756156191e-01,1.180516974720592915e-01,-7.595319419757921853e-02,1.180516974720592638e-01
9.636613229408511616e-01,1.261237192310949995e-01,-8.114664629831021270e-02,2.210540293904217357e-01
9.382569694594439236e-01,1.258680950227424322e-01,-8.098218042823497609e-02,3.118861464849229104e-01
9.242066217207646206e-01,1.287536942931982176e-01,-4.096076140129523147e-02,-3.571929766929514138e-01
9.538712817047477754e-01,1.293363624258779543e-01,-4.114612719207778185e-02,-2.677847634023960421e-01
9.750048025308010180e-01,1.292961674305896369e-01,-4.113333984938778026e-02,-1.759436969103174431e-01
9.865435329436218481e-01,1.328484398603820282e-01,-4.116086040722444911e-02,-8.595890415958419573e-02
9.897347150878120781e-01,1.360727910698347198e-01,-4.369655913813533937e-02,-9.729341636051663748e-16
9.865435329436218481e-01,1.328484398603820282e-01,-4.116086040722444911e-02,8.595890415958416797e-02
9.750048025308010180e-01,1.292961674305896369e-01,-4.113333984938778026e-02,1.759436969103174431e-01
9.538712817047477754e-01,1.293363624258779543e-01,-4.114612719207778185e-02,2.677847634023960421e-01
9.242066217207646206e-01,1.287536942931982176e-01,-4.096076140129523147e-02,3.571929766929514138e-01
9.408244795979966435e-01,1.296613726788272969e-01,-2.829419079760939550e-15,-3.131089698878029015e-01
9.661883589452124887e-01,1.300267243356964253e-01,-2.837391638800001991e-15,-2.226501875078618631e-01
9.831258876626204346e-01,1.293512446936337379e-01,-2.822651589795767002e-15,-1.293512446936337656e-01
9.897347150878120781e-01,1.360727910698347198e-01,-9.729341636051663748e-16,-4.369655913813533937e-02
9.897347150878120781e-01,1.360727910698347198e-01,-9.729341636051663748e-16,4.369655913813533937e-02
9.831258876626204346e-01,1.293512446936337379e-01,-2.822651589795767002e-15,1.293512446936337379e-01
9.661883589452124887e-01,1.300267243356964253e-01,-2.837391638800001991e-15,2.226501875078618631e-01
9.408244795979966435e-01,1.296613726788272969e-01,-2.829419079760939550e-15,3.131089698878029015e-01
9.242066217207646206e-01,1.287536942931982176e-01,4.096076140129523147e-02,-3.571929766929514138e-01
9.538712817047477754e-01,1.293363624258779543e-01,4.114612719207778185e-02,-2.677847634023960421e-01
9.750048025308010180e-01,1.292961674305896369e-01,4.113333984938778026e-02,-1.759436969103174431e-01
9.865435329436218481e-01,1.328484398603820282e-01,4.116086040722444911e-02,-8.595890415958419573e-02
9.897347150878120781e-01,1.360727910698347198e-01,4.369655913813533937e-02,-9.729341636051663748e-16
9.865435329436218481e-01,1.328484398603820282e-01,4.116086040722444911e-02,8.595890415958416797e-02
9.750048025308010180e-01,1.292961674305896369e-01,4.113333984938778026e-02,1.759436969103174431e-01
9.538712817047477754e-01,1.293363624258779543e-01,4.114612719207778185e-02,2.677847634023960421e-01
9.242066217207646206e-01,1.287536942931982176e-01,4.096076140129523147e-02,3.571929766929514138e-01
9.382569694594439236e-01,1.258680950227425988e-01,8.098218042823503160e-02,-3.118861464849232434e-01
9.636613229408511616e-01,1.261237192310949995e-01,8.114664629831021270e-02,-2.210540293904217357e-01
9.830354549756156191e-01,1.180516974720592915e-01,7.595319419757921853e-02,-1.180516974720592638e-01
9.865435329436218481e-01,1.328484398603820282e-01,8.595890415958416797e-02,-4.116086040722444911e-02
9.865435329436218481e-01,1.328484398603820282e-01,8.595890415958416797e-02,4.116086040722444911e-02
9.830354549756156191e-01,1.180516974720589585e-01,7.595319419757902424e-02,1.180516974720597079e-01
9.636613229408511616e-01,1.261237192310949995e-01,8.114664629831021270e-02,2.210540293904217357e-01
9.382569694594439236e-01,1.258680950227424322e-01,8.098218042823493446e-02,3.118861464849229104e-01
9.198482066558243408e-01,1.175438778218089730e-01,1.175438778218096669e-01,-3.553113427478596931e-01
9.495732645982403186e-01,1.179799298860165768e-01,1.179799298860172568e-01,-2.654657933678487014e-01
9.708195987020291629e-01,1.176660284429211639e-01,1.176660284429218439e-01,-1.726809725388707140e-01
9.830354549756156191e-01,1.180516974720592915e-01,1.180516974720592638e-01,-7.595319419757921853e-02
9.831258876626204346e-01,1.293512446936337379e-01,1.293512446936337379e-01,-2.822651589795767002e-15
9.830354549756156191e-01,1.180516974720592915e-01,1.180516974720592638e-01,7.595319419757921853e-02
9.708195987020291629e-01,1.176660284429211639e-01,1.176660284429218439e-01,1.726809725388707140e-01
9.495732645982403186e-01,1.179799298860165768e-01,1.179799298860172568e-01,2.654657933678487014e-01
9.198482066558243408e-01,1.175438778218089730e-01,1.175438778218096669e-01,3.553113427478596931e-01
9.293831334012961909e-01,1.200804323050613381e-01,1.648523253094800189e-01,-3.076546634892369791e-01
9.549873549940339768e-01,1.199991155797260900e-01,1.647406897082356603e-01,-2.155455154162046194e-01
9.708195987020291629e-01,1.176660284429210807e-01,1.726809725388707695e-01,-1.176660284429218439e-01
9.750048025308010180e-01,1.292961674305896369e-01,1.759436969103174431e-01,-4.113333984938778026e-02
9.750048025308010180e-01,1.292961674305896369e-01,1.759436969103174431e-01,4.113333984938778026e-02
9.708195987020291629e-01,1.176660284429211639e-01,1.726809725388707140e-01,1.176660284429218439e-01
9.549873549940339768e-01,1.199991155797260900e-01,1.647406897082356603e-01,2.155455154162046194e-01
9.293831334012961909e-01,1.200804323050613520e-01,1.648523253094800467e-01,3.076546634892370347e-01
9.053719823279091639e-01,1.208109999071223795e-01,2.094385193465299333e-01,-3.490584228048460025e-01
9.353977462803670928e-01,1.209341880775906819e-01,2.096520789399753115e-01,-2.577828237175050496e-01
9.549873549940339768e-01,1.199991155797260900e-01,2.155455154162046194e-01,-1.647406897082356603e-01
9.636613229408511616e-01,1.261237192310949995e-01,2.210540293904217357e-01,-8.114664629831021270e-02
9.661883589452124887e-01,1.300267243356964253e-01,2.226501875078618631e-01,-2.837391638800001991e-15
9.636613229408511616e-01,1.261237192310949995e-01,2.210540293904217357e-01,8.114664629831021270e-02
9.549873549940339768e-01,1.199991155797260900e-01,2.155455154162046194e-01,1.647406897082356603e-01
9.353977462803670928e-01,1.209341880775906819e-01,2.096520789399753115e-01,2.577828237175050496e-01
9.053719823279091639e-01,1.208109999071223795e-01,2.094385193465299333e-01,3.490584228048460025e-01
9.120540690341712997e-01,1.210323883247132748e-01,2.527598151564286466e-01,-2.993676869281567954e-01
9.353977462803670928e-01,1.209341880775906819e-01,2.577828237175050496e-01,-2.096520789399753115e-01
9.495732645982403186e-01,1.179799298860165491e-01,2.654657933678486459e-01,-1.179799298860172846e-01
9.538712817047477754e-01,1.293363624258779543e-01,2.677847634023960421e-01,-4.114612719207778185e-02
9.538712817047477754e-01,1.293363624258779543e-01,2.677847634023960421e-01,4.114612719207778185e-02
9.495732645982403186e-01,1.179799298860165768e-01,2.654657933678487014e-01,1.179799298860172568e-01
9.353977462803670928e-01,1.209341880775906819e-01,2.577828237175050496e-01,2.096520789399753115e-01
9.120540690341712997e-01,1.210323883247133164e-01,2.527598151564286466e-01,2.993676869281567954e-01
8.849416990676092221e-01,1.205693692405552936e-01,2.942585046210764999e-01,-3.402251444417879744e-01
9.120540690341712997e-01,1.210323883247133164e-01,2.993676869281567954e-01,-2.527598151564286466e-01
9.293831334012961909e-01,1.200804323050613520e-01,3.076546634892370347e-01,-1.648523253094800467e-01
9.382569694594440346e-01,1.258680950227424600e-01,3.118861464849229659e-01,-8.098218042823498997e-02
9.408244795979966435e-01,1.296613726788272969e-01,3.131089698878029015e-01,-2.829419079760939550e-15
9.382569694594440346e-01,1.258680950227424600e-01,3.118861464849229659e-01,8.098218042823494833e-02
9.293831334012961909e-01,1.200804323050613520e-01,3.076546634892370347e-01,1.648523253094800467e-01
9.120540690341712997e-01,1.210323883247133164e-01,2.993676869281567954e-01,2.527598151564286466e-01
8.849416990676092221e-01,1.205693692405552936e-01,2.942585046210764999e-01,3.402251444417879744e-01
8.849416990676091110e-01,1.205693692405553769e-01,3.402251444417880855e-01,-2.942585046210766664e-01
9.053719823279091639e-01,1.208109999071223795e-01,3.490584228048460025e-01,-2.094385193465299333e-01
9.198482066558244519e-01,1.175438778218089453e-01,3.553113427478597486e-01,-1.175438778218096947e-01
9.242066217207646206e-01,1.287536942931981898e-01,3.571929766929513583e-01,-4.096076140129522453e-02
9.242066217207646206e-01,1.287536942931981898e-01,3.571929766929513583e-01,4.096076140129522453e-02
9.198482066558244519e-01,1.175438778218089869e-01,3.553113427478596376e-01,1.175438778218096531e-01
9.053719823279091639e-01,1.208109999071223795e-01,3.490584228048460025e-01,2.094385193465299333e-01
8.849416990676092221e-01,1.205693692405552936e-01,3.402251444417879744e-01,2.942585046210764999e-01
8.732048763422870508e-01,1.562982448919768286e-01,-3.264077990610356750e-01,-3.264077990610356195e-01
8.919098712145541175e-01,1.593036080650018227e-01,-3.432390611272674863e-01,-2.476006643851783040e-01
9.099885010563552035e-01,1.560171356086723637e-01,-3.510530369305157050e-01,-1.560171356086733074e-01
9.161657949178658722e-01,1.699881031258855535e-01,-3.537212128466939998e-01,-8.139769407324759509e-02
9.189481165220099168e-01,1.719425432279772514e-01,-3.549226971735474634e-01,-3.752062024184480432e-15
9.161657949178658722e-01,1.699881031258855535e-01,-3.537212128466939998e-01,8.139769407324755346e-02
9.099885010563552035e-01,1.560171356086723637e-01,-3.510530369305157050e-01,1.560171356086733074e-01
8.919098712145541175e-01,1.593036080650018227e-01,-3.432390611272674863e-01,2.476006643851783040e-01
8.732048763422870508e-01,1.562982448919768286e-01,-3.264077990610356750e-01,3.264077990610356195e-01
9.050393772142194537e-01,1.538337660540697038e-01,-2.803915994759109132e-01,-2.803915994759113017e-01
9.178345056196722807e-01,1.584287629324042934e-01,-3.021354969085027764e-01,-2.029637624736296275e-01
9.293831334012959688e-01,1.648523253094801855e-01,-3.076546634892372012e-01,-1.200804323050614492e-01
9.341894508434875899e-01,1.718852308159370679e-01,-3.099475513382384806e-01,-4.096404251932597024e-02
9.341894508434875899e-01,1.718852308159370679e-01,-3.099475513382384806e-01,4.096404251932597024e-02
9.293831334012961909e-01,1.648523253094800189e-01,-3.076546634892369791e-01,1.200804323050613381e-01
9.178345056196722807e-01,1.584287629324042934e-01,-3.021354969085027764e-01,2.029637624736296275e-01
9.050393772142194537e-01,1.538337660540697871e-01,-2.803915994759110797e-01,2.803915994759110242e-01
8.919098712145541175e-01,1.593036080650018227e-01,-2.476006643851783040e-01,-3.432390611272674863e-01
9.317882242730149978e-01,1.503208177897208397e-01,-2.336389916571836589e-01,-2.336389916571836589e-01
9.399016577982234333e-01,1.563095536359634663e-01,-2.602297457102141776e-01,-1.563095536359644100e-01
9.459527530262188399e-01,1.705019047427657752e-01,-2.635086179815425700e-01,-8.164372462512796413e-02
9.486873853015642677e-01,1.725514888957691562e-01,-2.649872235590511882e-01,-3.765350195174740089e-15
9.459527530262188399e-01,1.705019047427657752e-01,-2.635086179815425700e-01,8.164372462512790862e-02
9.399016577982234333e-01,1.563095536359634663e-01,-2.602297457102141776e-01,1.563095536359644100e-01
9.317882242730149978e-01,1.503208177897205344e-01,-2.336389916571831871e-01,2.336389916571842973e-01
8.919098712145541175e-01,1.593036080650018227e-01,-2.476006643851783040e-01,3.432390611272674863e-01
9.178345056196722807e-01,1.584287629324042934e-01,-2.029637624736296275e-01,-3.021354969085027764e-01
9.536038685495664691e-01,1.454831420191113889e-01,-1.863790724243846730e-01,-1.863790724243851171e-01
9.549873549940340878e-01,1.647406897082356603e-01,-2.155455154162046472e-01,-1.199991155797261455e-01
9.596738746593042046e-01,1.720205700673006211e-01,-2.185275301073371645e-01,-4.099629684868907192e-02
9.596738746593042046e-01,1.720205700673006211e-01,-2.185275301073371645e-01,4.099629684868907192e-02
9.549873549940339768e-01,1.647406897082356603e-01,-2.155455154162046194e-01,1.199991155797260900e-01
9.536038685495664691e-01,1.454831420191113889e-01,-1.863790724243846730e-01,1.863790724243851171e-01
9.178345056196723917e-01,1.584287629324041269e-01,-2.029637624736294332e-01,3.021354969085025544e-01
9.099885010563552035e-01,1.560171356086723637e-01,-1.560171356086733074e-01,-3.510530369305157050e-01
9.399016577982234333e-01,1.563095536359634663e-01,-1.563095536359644100e-01,-2.602297457102141776e-01
9.706481951931911212e-01,1.388549376966243254e-01,-1.388549376966251858e-01,-1.388549376966251858e-01
9.686102076927517457e-01,1.664909758653179417e-01,-1.664909758653179417e-01,-7.972311750196783842e-02
9.699617564546870740e-01,1.720089983334277539e-01,-1.720089983334277817e-01,-3.753512181154319780e-15
9.686102076927517457e-01,1.664909758653179139e-01,-1.664909758653179417e-01,7.972311750196779678e-02
9.706481951931911212e-01,1.388549376966242421e-01,-1.388549376966250748e-01,1.388549376966253801e-01
9.399016577982234333e-01,1.563095536359634663e-01,-1.563095536359644100e-01,2.602297457102141776e-01
9.099885010563552035e-01,1.560171356086723637e-01,-1.560171356086733074e-01,3.510530369305157050e-01
9.293831334012959688e-01,1.648523253094801855e-01,-1.200804323050614492e-01,-3.076546634892372012e-01
9.549873549940340878e-01,1.647406897082356603e-01,-1.199991155797261455e-01,-2.155455154162046472e-01
9.708195987020291629e-01,1.726809725388707695e-01,-1.176660284429210945e-01,-1.176660284429218162e-01
9.750048025308010180e-01,1.759436969103174708e-01,-1.292961674305896369e-01,-4.113333984938778026e-02
9.750048025308010180e-01,1.759436969103174708e-01,-1.292961674305896369e-01,4.113333984938778026e-02
9.708195987020291629e-01,1.726809725388707695e-01,-1.176660284429218439e-01,1.176660284429210807e-01
9.549873549940340878e-01,1.647406897082356603e-01,-1.199991155797261455e-01,2.155455154162046472e-01
9.293831334012960799e-01,1.648523253094801022e-01,-1.200804323050614075e-01,3.076546634892368681e-01
9.161657949178658722e-01,1.699881031258855535e-01,-8.139769407324759509e-02,-3.537212128466939998e-01
9.459527530262188399e-01,1.705019047427657752e-01,-8.164372462512796413e-02,-2.635086179815425700e-01
9.686102076927517457e-01,1.664909758653179417e-01,-7.972311750196783842e-02,-1.664909758653179417e-01
9.776517145077054938e-01,1.779940035326438852e-01,-7.910518259433130250e-02,-7.910518259433180210e-02
9.798621546103736257e-01,1.796985527083924117e-01,-8.705508667978910375e-02,-1.938341819515407800e-15
9.776517145077054938e-01,1.779940035326438852e-01,-7.910518259433181598e-02,7.910518259433130250e-02
9.686102076927517457e-01,1.664909758653179417e-01,-7.972311750196783842e-02,1.664909758653179417e-01
9.459527530262188399e-01,1.705019047427657752e-01,-8.164372462512796413e-02,2.635086179815425700e-01
9.161657949178658722e-01,1.699881031258855535e-01,-8.139769407324759509e-02,3.537212128466939998e-01
9.341894508434875899e-01,1.718852308159370679e-01,-4.096404251932597024e-02,-3.099475513382384806e-01
9.596738746593042046e-01,1.720205700673006211e-01,-4.099629684868907192e-02,-2.185275301073371645e-01
9.750048025308010180e-01,1.759436969103174708e-01,-4.113333984938778026e-02,-1.292961674305896369e-01
9.818353594837230247e-01,1.812143611523876208e-01,-3.975350411976531079e-02,-3.975350411976557446e-02
9.818353594837230247e-01,1.812143611523876208e-01,-3.975350411976531079e-02,3.975350411976557446e-02
9.750048025308010180e-01,1.759436969103174431e-01,-4.113333984938778026e-02,1.292961674305896369e-01
9.596738746593042046e-01,1.720205700673006211e-01,-4.099629684868907192e-02,2.185275301073371645e-01
9.341894508434874789e-01,1.718852308159373732e-01,-4.096404251932603963e-02,3.099475513382385916e-01
9.189481165220099168e-01,1.719425432279772514e-01,-3.752062024184480432e-15,-3.549226971735474634e-01
9.486873853015642677e-01,1.725514888957691562e-01,-3.765350195174740089e-15,-2.649872235590511882e-01
9.699617564546870740e-01,1.720089983334277539e-01,-3.753512181154319780e-15,-1.720089983334277817e-01
9.798621546103736257e-01,1.796985527083924117e-01,-1.938341819515407800e-15,-8.705508667978910375e-02
9.832441945647344417e-01,1.822933181845858008e-01,-0.000000000000000000e+00,-0.000000000000000000e+00
9.798621546103736257e-01,1.796985527083924949e-01,-1.938341819515405828e-15,8.705508667978902049e-02
9.699617564546870740e-01,1.720089983334277539e-01,-3.753512181154319780e-15,1.720089983334277817e-01
9.486873853015642677e-01,1.725514888957691562e-01,-3.765350195174740089e-15,2.649872235590511882e-01
9.189481165220099168e-01,1.719425432279772514e-01,-3.752062024184480432e-15,3.549226971735474634e-01
9.341894508434875899e-01,1.718852308159370679e-01,4.096404251932597024e-02,-3.099475513382384806e-01
9.596738746593042046e-01,1.720205700673006211e-01,4.099629684868907192e-02,-2.185275301073371645e-01
9.750048025308010180e-01,1.759436969103174708e-01,4.113333984938778026e-02,-1.292961674305896369e-01
9.818353594837230247e-01,1.812143611523876208e-01,3.975350411976531079e-02,-3.975350411976557446e-02
9.818353594837230247e-01,1.812143611523876208e-01,3.975350411976531079e-02,3.975350411976557446e-02
9.750048025308010180e-01,1.759436969103174431e-01,4.113333984938778026e-02,1.292961674305896369e-01
9.596738746593042046e-01,1.720205700673006211e-01,4.099629684868907192e-02,2.185275301073371645e-01
9.341894508434874789e-01,1.718852308159373732e-01,4.096404251932603963e-02,3.099475513382385916e-01
9.161657949178658722e-01,1.699881031258855535e-01,8.139769407324755346e-02,-3.537212128466939998e-01
9.459527530262188399e-01,1.705019047427657752e-01,8.164372462512790862e-02,-2.635086179815425700e-01
9.686102076927517457e-01,1.664909758653179139e-01,7.972311750196779678e-02,-1.664909758653179417e-01
9.776517145077054938e-01,1.779940035326438852e-01,7.910518259433130250e-02,-7.910518259433181598e-02
9.798621546103736257e-01,1.796985527083924949e-01,8.705508667978902049e-02,-1.938341819515405828e-15
9.776517145077054938e-01,1.779940035326438852e-01,7.910518259433130250e-02,7.910518259433178823e-02
9.686102076927517457e-01,1.664909758653179139e-01,7.972311750196779678e-02,1.664909758653179417e-01
9.459527530262188399e-01,1.705019047427657752e-01,8.164372462512790862e-02,2.635086179815425700e-01
9.161657949178658722e-01,1.699881031258855535e-01,8.139769407324755346e-02,3.537212128466939998e-01
9.293831334012961909e-01,1.648523253094800189e-01,1.200804323050613381e-01,-3.076546634892369791e-01
9.549873549940339768e-01,1.647406897082356603e-01,1.199991155797260900e-01,-2.155455154162046194e-01
9.708195987020291629e-01,1.726809725388707695e-01,1.176660284429210807e-01,-1.176660284429218439e-01
9.750048025308010180e-01,1.759436969103174431e-01,1.292961674305896369e-01,-4.113333984938778026e-02
9.750048025308010180e-01,1.759436969103174431e-01,1.292961674305896369e-01,4.113333984938778026e-02
9.708195987020291629e-01,1.726809725388707140e-01,1.176660284429211639e-01,1.176660284429218439e-01
9.549873549940339768e-01,1.647406897082356603e-01,1.199991155797260900e-01,2.155455154162046194e-01
9.293831334012961909e-01,1.648523253094800467e-01,1.200804323050613520e-01,3.076546634892370347e-01
9.099885010563552035e-01,1.560171356086723637e-01,1.560171356086733074e-01,-3.510530369305157050e-01
9.399016577982234333e-01,1.563095536359634663e-01,1.563095536359644100e-01,-2.602297457102141776e-01
9.706481951931911212e-01,1.388549376966242976e-01,1.388549376966251026e-01,-1.388549376966252968e-01
9.686102076927517457e-01,1.664909758653179417e-01,1.664909758653179417e-01,-7.972311750196783842e-02
9.699617564546870740e-01,1.720089983334277539e-01,1.720089983334277817e-01,-3.753512181154319780e-15
9.686102076927517457e-01,1.664909758653179139e-01,1.664909758653179417e-01,7.972311750196779678e-02
9.706481951931911212e-01,1.388549376966242421e-01,1.388549376966250748e-01,1.388549376966253801e-01
9.399016577982234333e-01,1.563095536359634663e-01,1.563095536359644100e-01,2.602297457102141776e-01
9.099885010563552035e-01,1.560171356086723637e-01,1.560171356086733074e-01,3.510530369305157050e-01
9.178345056196722807e-01,1.584287629324042934e-01,2.029637624736296275e-01,-3.021354969085027764e-01
9.536038685495664691e-01,1.454831420191115277e-01,1.863790724243848396e-01,-1.863790724243848673e-01
9.549873549940340878e-01,1.647406897082356603e-01,2.155455154162046472e-01,-1.199991155797261455e-01
9.596738746593042046e-01,1.720205700673006211e-01,2.185275301073371645e-01,-4.099629684868907192e-02
9.596738746593042046e-01,1.720205700673006211e-01,2.185275301073371645e-01,4.099629684868907192e-02
9.549873549940339768e-01,1.647406897082356603e-01,2.155455154162046194e-01,1.199991155797260900e-01
9.536038685495664691e-01,1.454831420191115277e-01,1.863790724243848396e-01,1.863790724243848673e-01
9.178345056196723917e-01,1.584287629324041269e-01,2.029637624736294332e-01,3.021354969085025544e-01
8.919098712145541175e-01,1.593036080650018227e-01,2.476006643851783040e-01,-3.432390611272674863e-01
9.317882242730149978e-01,1.503208177897205344e-01,2.336389916571831871e-01,-2.336389916571842973e-01
9.399016577982234333e-01,1.563095536359634663e-01,2.602297457102141776e-01,-1.563095536359644100e-01
9.459527530262188399e-01,1.705019047427657752e-01,2.635086179815425700e-01,-8.164372462512796413e-02
9.486873853015642677e-01,1.725514888957691562e-01,2.649872235590511882e-01,-3.765350195174740089e-15
9.459527530262188399e-01,1.705019047427657752e-01,2.635086179815425700e-01,8.164372462512790862e-02
9.399016577982234333e-01,1.563095536359634663e-01,2.602297457102141776e-01,1.563095536359644100e-01
9.317882242730149978e-01,1.503208177897205344e-01,2.336389916571831871e-01,2.336389916571842973e-01
8.919098712145541175e-01,1.593036080650018227e-01,2.476006643851783040e-01,3.432390611272674863e-01
9.050393772142194537e-01,1.538337660540697871e-01,2.803915994759110242e-01,-2.803915994759110797e-01
9.178345056196723917e-01,1.584287629324041269e-01,3.021354969085025544e-01,-2.029637624736294332e-01
9.293831334012960799e-01,1.648523253094801022e-01,3.076546634892368681e-01,-1.200804323050614214e-01
9.341894508434874789e-01,1.718852308159373732e-01,3.099475513382385916e-01,-4.096404251932603963e-02
9.341894508434874789e-01,1.718852308159373732e-01,3.099475513382385916e-01,4.096404251932603963e-02
9.293831334012961909e-01,1.648523253094800189e-01,3.076546634892369791e-01,1.200804323050613381e-01
9.178345056196723917e-01,1.584287629324041269e-01,3.021354969085025544e-01,2.029637624736294332e-01
9.050393772142194537e-01,1.538337660540697871e-01,2.803915994759110242e-01,2.803915994759110797e-01
8.732048763422870508e-01,1.562982448919768286e-01,3.264077990610356750e-01,-3.264077990610356195e-01
8.919098712145541175e-01,1.593036080650018227e-01,3.432390611272674863e-01,-2.476006643851783040e-01
9.099885010563552035e-01,1.560171356086723637e-01,3.510530369305157050e-01,-1.560171356086733074e-01
9.161657949178658722e-01,1.699881031258855535e-01,3.537212128466939998e-01,-8.139769407324759509e-02
9.189481165220099168e-01,1.719425432279772514e-01,3.549226971735474634e-01,-3.752062024184480432e-15
9.161657949178658722e-01,1.699881031258855535e-01,3.537212128466939998e-01,8.139769407324755346e-02
9.099885010563552035e-01,1.560171356086723637e-01,3.510530369305157050e-01,1.560171356086733074e-01
8.919098712145541175e-01,1.593036080650018227e-01,3.432390611272674863e-01,2.476006643851783040e-01
8.732048763422870508e-01,1.562982448919768286e-01,3.264077990610356750e-01,3.264077990610356195e-01
8.772922968125300702e-01,1.958196283500713009e-01,-3.344661546283893006e-01,-2.830994357365162473e-01
8.974177163279127845e-01,1.938916041063066809e-01,-3.456205059526414880e-01,-1.938916041063079021e-01
9.053719823279091639e-01,2.094385193465299888e-01,-3.490584228048460025e-01,-1.208109999071224488e-01
9.106064996625521379e-01,2.137995715131393304e-01,-3.513200112237301886e-01,-4.074059040895868650e-02
9.106064996625521379e-01,2.137995715131393304e-01,-3.513200112237301886e-01,4.074059040895868650e-02
9.053719823279091639e-01,2.094385193465299333e-01,-3.490584228048460025e-01,1.208109999071223795e-01
8.974177163279127845e-01,1.938916041063066809e-01,-3.456205059526414880e-01,1.938916041063079021e-01
8.772922968125300702e-01,1.958196283500712453e-01,-3.344661546283894116e-01,2.830994357365161918e-01
8.772982054617759484e-01,1.958536962593258879e-01,-2.831486882346849199e-01,-3.343890080521254027e-01
9.075521565959669967e-01,1.923354122417195722e-01,-2.894555576796839502e-01,-2.357364044524315194e-01
9.178345056196722807e-01,2.029637624736296275e-01,-3.021354969085027764e-01,-1.584287629324042934e-01
9.245378147990883644e-01,2.130005359159660161e-01,-3.053407540868957049e-01,-8.141022417168343461e-02
9.273204836697310771e-01,2.145466700375507074e-01,-3.066699315914984680e-01,-4.681752392110422583e-15
9.245378147990883644e-01,2.130005359159659328e-01,-3.053407540868958159e-01,8.141022417168337910e-02
9.178345056196722807e-01,2.029637624736296275e-01,-3.021354969085027764e-01,1.584287629324042934e-01
9.075497096885460913e-01,1.923167597922105510e-01,-2.894942382503942757e-01,2.357135430285769995e-01
8.772968687764862716e-01,1.958459853009103524e-01,-2.831375403840081240e-01,3.344064701852857424e-01
9.075152802854067335e-01,1.920558338186929559e-01,-2.353937384220909923e-01,-2.900351024555105073e-01
9.327750862566871470e-01,1.869213682460606207e-01,-2.450539586394609171e-01,-1.869213682460617587e-01
9.353977462803670928e-01,2.096520789399752560e-01,-2.577828237175050496e-01,-1.209341880775907235e-01
9.405057697056413701e-01,2.142247981134244861e-01,-2.605575337730531293e-01,-4.082161948974964705e-02
9.405057697056413701e-01,2.142247981134244861e-01,-2.605575337730531293e-01,4.082161948974964705e-02
9.353977462803670928e-01,2.096520789399753115e-01,-2.577828237175050496e-01,1.209341880775906819e-01
9.328156733780386123e-01,1.873641416260835857e-01,-2.442217770095814755e-01,1.873641416260846959e-01
9.075497096885460913e-01,1.923167597922105510e-01,-2.357135430285769995e-01,2.894942382503942757e-01
8.974177163279127845e-01,1.938916041063066531e-01,-1.938916041063078743e-01,-3.456205059526414325e-01
9.328100881030416680e-01,1.873026457633468200e-01,-1.873026457633479858e-01,-2.443374251180029100e-01
9.536038685495664691e-01,1.863790724243848396e-01,-1.863790724243848673e-01,-1.454831420191115277e-01
9.502903896756874635e-01,2.125429335249646168e-01,-2.125429335249650609e-01,-8.123532548857578806e-02
9.529844756433176745e-01,2.142668770281944968e-01,-2.142668770281945245e-01,-4.675646859963874048e-15
9.502903896756874635e-01,2.125429335249646168e-01,-2.125429335249650609e-01,8.123532548857578806e-02
9.536038685495664691e-01,1.863790724243846730e-01,-1.863790724243851171e-01,1.454831420191113889e-01
9.328016840799365772e-01,1.872104591881473545e-01,-1.872104591881485203e-01,2.445107484728632208e-01
8.974177163279127845e-01,1.938916041063066531e-01,-1.938916041063078743e-01,3.456205059526414325e-01
9.178345056196722807e-01,2.029637624736296275e-01,-1.584287629324042934e-01,-3.021354969085027764e-01
9.536038685495664691e-01,1.863790724243848396e-01,-1.454831420191115277e-01,-1.863790724243848673e-01
9.549873549940340878e-01,2.155455154162046472e-01,-1.647406897082356603e-01,-1.199991155797261455e-01
9.596738746593042046e-01,2.185275301073371645e-01,-1.720205700673006211e-01,-4.099629684868907192e-02
9.596738746593042046e-01,2.185275301073371645e-01,-1.720205700673006211e-01,4.099629684868907192e-02
9.549873549940339768e-01,2.155455154162046194e-01,-1.647406897082356603e-01,1.199991155797260900e-01
9.536038685495664691e-01,1.863790724243846730e-01,-1.454831420191113889e-01,1.863790724243851171e-01
9.178345056196723917e-01,2.029637624736294332e-01,-1.584287629324041269e-01,3.021354969085025544e-01
9.053719823279091639e-01,2.094385193465299888e-01,-1.208109999071224488e-01,-3.490584228048460025e-01
9.353977462803670928e-01,2.096520789399752560e-01,-1.209341880775907235e-01,-2.577828237175050496e-01
9.549873549940340878e-01,2.155455154162046472e-01,-1.199991155797261455e-01,-1.647406897082356603e-01
9.636613229408511616e-01,2.210540293904217357e-01,-1.261237192310949995e-01,-8.114664629831021270e-02
9.661883589452125998e-01,2.226501875078615300e-01,-1.300267243356962588e-01,-2.837391638799997653e-15
9.636613229408511616e-01,2.210540293904217080e-01,-1.261237192310950828e-01,8.114664629831015719e-02
9.549873549940340878e-01,2.155455154162046472e-01,-1.199991155797261455e-01,1.647406897082356603e-01
9.353977462803670928e-01,2.096520789399752560e-01,-1.209341880775907235e-01,2.577828237175050496e-01
9.053719823279091639e-01,2.094385193465299888e-01,-1.208109999071224488e-01,3.490584228048460025e-01
9.245378147990883644e-01,2.130005359159660161e-01,-8.141022417168343461e-02,-3.053407540868957049e-01
9.502903896756874635e-01,2.125429335249646168e-01,-8.123532548857578806e-02,-2.125429335249650609e-01
9.636613229408511616e-01,2.210540293904217357e-01,-8.114664629831021270e-02,-1.261237192310949995e-01
9.697060559355570319e-01,2.248657135348417768e-01,-8.606495514026304972e-02,-4.121164222737966343e-02
9.697060559355570319e-01,2.248657135348417768e-01,-8.606495514026304972e-02,4.121164222737966343e-02
9.636613229408511616e-01,2.210540293904217357e-01,-8.114664629831021270e-02,1.261237192310949995e-01
9.502903896756874635e-01,2.125429335249646168e-01,-8.123532548857578806e-02,2.125429335249650609e-01
9.245378147990883644e-01,2.130005359159660161e-01,-8.141022417168343461e-02,3.053407540868957604e-01
9.106064996625521379e-01,2.137995715131393304e-01,-4.074059040895868650e-02,-3.513200112237301886e-01
9.405057697056413701e-01,2.142247981134244861e-01,-4.082161948974964705e-02,-2.605575337730531293e-01
9.596738746593042046e-01,2.185275301073371645e-01,-4.099629684868907192e-02,-1.720205700673006211e-01
9.697060559355570319e-01,2.248657135348417768e-01,-4.121164222737966343e-02,-8.606495514026304972e-02
9.729425922353437395e-01,2.268977055851180979e-01,-4.359063448240577815e-02,-9.705756777573077660e-16
9.697060559355569209e-01,2.248657135348421932e-01,-4.121164222737976057e-02,8.606495514026320237e-02
9.596738746593042046e-01,2.185275301073371645e-01,-4.099629684868907192e-02,1.720205700673006211e-01
9.405057697056413701e-01,2.142247981134244861e-01,-4.082161948974964705e-02,2.605575337730531293e-01
9.106064996625521379e-01,2.137995715131393304e-01,-4.074059040895868650e-02,3.513200112237301886e-01
9.273204836697310771e-01,2.145466700375507074e-01,-4.681752392110422583e-15,-3.066699315914984680e-01
9.529844756433176745e-01,2.142668770281944968e-01,-4.675646859963874048e-15,-2.142668770281945245e-01
9.661883589452125998e-01,2.226501875078615300e-01,-2.837391638799997653e-15,-1.300267243356962588e-01
9.729425922353437395e-01,2.268977055851180979e-01,-9.705756777573077660e-16,-4.359063448240577815e-02
9.729425922353437395e-01,2.268977055851180979e-01,-9.705756777573077660e-16,4.359063448240577815e-02
9.661883589452124887e-01,2.226501875078618631e-01,-2.837391638800001991e-15,1.300267243356964253e-01
9.529844756433176745e-01,2.142668770281944968e-01,-4.675646859963874048e-15,2.142668770281945245e-01
9.273204836697310771e-01,2.145466700375507074e-01,-4.681752392110422583e-15,3.066699315914984680e-01
9.106064996625521379e-01,2.137995715131393304e-01,4.074059040895868650e-02,-3.513200112237301886e-01
9.405057697056413701e-01,2.142247981134244861e-01,4.082161948974964705e-02,-2.605575337730531293e-01
9.596738746593042046e-01,2.185275301073371645e-01,4.099629684868907192e-02,-1.720205700673006211e-01
9.697060559355570319e-01,2.248657135348417768e-01,4.121164222737966343e-02,-8.606495514026304972e-02
9.729425922353437395e-01,2.268977055851180979e-01,4.359063448240577815e-02,-9.705756777573077660e-16
9.697060559355569209e-01,2.248657135348421932e-01,4.121164222737976057e-02,8.606495514026320237e-02
9.596738746593042046e-01,2.185275301073371645e-01,4.099629684868907192e-02,1.720205700673006211e-01
9.405057697056413701e-01,2.142247981134244861e-01,4.082161948974964705e-02,2.605575337730531293e-01
9.106064996625521379e-01,2.137995715131393304e-01,4.074059040895868650e-02,3.513200112237301886e-01
9.245378147990883644e-01,2.130005359159659328e-01,8.141022417168337910e-02,-3.053407540868958159e-01
9.502903896756874635e-01,2.125429335249646168e-01,8.123532548857578806e-02,-2.125429335249650609e-01
9.636613229408511616e-01,2.210540293904217080e-01,8.114664629831015719e-02,-1.261237192310950828e-01
9.697060559355569209e-01,2.248657135348421932e-01,8.606495514026320237e-02,-4.121164222737976057e-02
9.697060559355569209e-01,2.248657135348421932e-01,8.606495514026320237e-02,4.121164222737976057e-02
9.636613229408511616e-01,2.210540293904217357e-01,8.114664629831021270e-02,1.261237192310949995e-01
9.502903896756874635e-01,2.125429335249646168e-01,8.123532548857578806e-02,2.125429335249650609e-01
9.245378147990883644e-01,2.130005359159660161e-01,8.141022417168343461e-02,3.053407540868957604e-01
9.053719823279091639e-01,2.094385193465299333e-01,1.208109999071223795e-01,-3.490584228048460025e-01
9.353977462803670928e-01,2.096520789399753115e-01,1.209341880775906819e-01,-2.577828237175050496e-01
9.549873549940339768e-01,2.155455154162046194e-01,1.199991155797260900e-01,-1.647406897082356603e-01
9.636613229408511616e-01,2.210540293904217357e-01,1.261237192310949995e-01,-8.114664629831021270e-02
9.661883589452124887e-01,2.226501875078618631e-01,1.300267243356964253e-01,-2.837391638800001991e-15
9.636613229408511616e-01,2.210540293904217357e-01,1.261237192310949995e-01,8.114664629831021270e-02
9.549873549940339768e-01,2.155455154162046194e-01,1.199991155797260900e-01,1.647406897082356603e-01
9.353977462803670928e-01,2.096520789399753115e-01,1.209341880775906819e-01,2.577828237175050496e-01
9.053719823279091639e-01,2.094385193465299333e-01,1.208109999071223795e-01,3.490584228048460025e-01
9.178345056196722807e-01,2.029637624736296275e-01,1.584287629324042934e-01,-3.021354969085027764e-01
9.536038685495664691e-01,1.863790724243846730e-01,1.454831420191113889e-01,-1.863790724243851171e-01
9.549873549940340878e-01,2.155455154162046472e-01,1.647406897082356603e-01,-1.199991155797261455e-01
9.596738746593042046e-01,2.185275301073371645e-01,1.720205700673006211e-01,-4.099629684868907192e-02
9.596738746593042046e-01,2.185275301073371645e-01,1.720205700673006211e-01,4.099629684868907192e-02
9.549873549940339768e-01,2.155455154162046194e-01,1.647406897082356603e-01,1.199991155797260900e-01
9.536038685495664691e-01,1.863790724243848396e-01,1.454831420191115277e-01,1.863790724243848673e-01
9.178345056196723917e-01,2.029637624736294332e-01,1.584287629324041269e-01,3.021354969085025544e-01
8.974177163279127845e-01,1.938916041063066531e-01,1.938916041063078743e-01,-3.456205059526414325e-01
9.327927039236415530e-01,1.871124047710790161e-01,1.871124047710801541e-01,-2.446950499466406526e-01
9.536038685495664691e-01,1.863790724243847285e-01,1.863790724243850339e-01,-1.454831420191114444e-01
9.502903896756874635e-01,2.125429335249646168e-01,2.125429335249650609e-01,-8.123532548857578806e-02
9.529844756433176745e-01,2.142668770281944968e-01,2.142668770281945245e-01,-4.675646859963874048e-15
9.502903896756874635e-01,2.125429335249646168e-01,2.125429335249650609e-01,8.123532548857578806e-02
9.536038685495664691e-01,1.863790724243848396e-01,1.863790724243848673e-01,1.454831420191115277e-01
9.328068514629281882e-01,1.872670931637511749e-01,1.872670931637523406e-01,2.444042747167412821e-01
8.974177163279127845e-01,1.938916041063066531e-01,1.938916041063078743e-01,3.456205059526414325e-01
9.075414639165653163e-01,1.922540101751501751e-01,2.356366337952009171e-01,-2.896243492136274522e-01
9.328156733780386123e-01,1.873641416260835857e-01,2.442217770095814755e-01,-1.873641416260846959e-01
9.353977462803670928e-01,2.096520789399752560e-01,2.577828237175050496e-01,-1.209341880775907235e-01
9.405057697056413701e-01,2.142247981134244861e-01,2.605575337730531293e-01,-4.082161948974964705e-02
9.405057697056413701e-01,2.142247981134244861e-01,2.605575337730531293e-01,4.082161948974964705e-02
9.353977462803670928e-01,2.096520789399753115e-01,2.577828237175050496e-01,1.209341880775906819e-01
9.328137555876909737e-01,1.873430053120409000e-01,2.442615280957939061e-01,1.873430053120420657e-01
9.075471843456169863e-01,1.922975246787781978e-01,2.356899674611506457e-01,2.895341248055556815e-01
8.772968687764862716e-01,1.958459853009102969e-01,2.831375403840080685e-01,-3.344064701852858534e-01
9.075414639165653163e-01,1.922540101751501751e-01,2.896243492136274522e-01,-2.356366337952009171e-01
9.178345056196723917e-01,2.029637624736294332e-01,3.021354969085025544e-01,-1.584287629324041269e-01
9.245378147990883644e-01,2.130005359159660161e-01,3.053407540868957604e-01,-8.141022417168343461e-02
9.273204836697310771e-01,2.145466700375507074e-01,3.066699315914984680e-01,-4.681752392110422583e-15
9.245378147990883644e-01,2.130005359159660161e-01,3.053407540868957604e-01,8.141022417168343461e-02
9.178345056196723917e-01,2.029637624736294332e-01,3.021354969085025544e-01,1.584287629324041269e-01
9.075487752412358944e-01,1.923096404616031485e-01,2.895090013994471301e-01,2.357048172022720989e-01
8.772982054617759484e-01,1.958536962593258879e-01,2.831486882346849199e-01,3.343890080521255137e-01
8.772893774573763404e-01,1.958028126045159578e-01,3.345042307773771761e-01,-2.830751249556291982e-01
8.974177163279127845e-01,1.938916041063066809e-01,3.456205059526414880e-01,-1.938916041063079021e-01
9.053719823279091639e-01,2.094385193465299888e-01,3.490584228048460025e-01,-1.208109999071224488e-01
9.106064996625521379e-01,2.137995715131393304e-01,3.513200112237301886e-01,-4.074059040895868650e-02
9.106064996625521379e-01,2.137995715131393304e-01,3.513200112237301886e-01,4.074059040895868650e-02
9.053719823279091639e-01,2.094385193465299333e-01,3.490584228048460025e-01,1.208109999071223795e-01
8.974177163279127845e-01,1.938916041063066809e-01,3.456205059526414880e-01,1.938916041063079021e-01
8.772893774573765624e-01,1.958028126045158190e-01,3.345042307773772317e-01,2.830751249556290317e-01
8.796284203700850401e-01,2.178034470653641974e-01,-2.990112878502031446e-01,-2.990112878502032001e-01
8.822137334870447933e-01,2.310275783157388629e-01,-3.390449005102113555e-01,-2.310275783157401952e-01
8.919098712145541175e-01,2.476006643851783040e-01,-3.432390611272674863e-01,-1.593036080650018227e-01
8.992427589054132753e-01,2.545667400012312509e-01,-3.464094430352595566e-01,-8.098600630558250302e-02
9.020369093935325377e-01,2.559135166224383862e-01,-3.476171544985962036e-01,-5.584443321403178323e-15
8.992427589054132753e-01,2.545667400012312509e-01,-3.464094430352594456e-01,8.098600630558240587e-02
8.919098712145541175e-01,2.476006643851783040e-01,-3.432390611272674863e-01,1.593036080650018227e-01
8.822137334870447933e-01,2.310275783157388629e-01,-3.390449005102113555e-01,2.310275783157401952e-01
8.796284203700850401e-01,2.178034470653641974e-01,-2.990112878502031446e-01,2.990112878502032001e-01
9.090953874318464800e-01,2.130043509880201469e-01,-2.531548172663454221e-01,-2.531548172663454221e-01
9.075521565959669967e-01,2.357364044524315194e-01,-2.894555576796839502e-01,-1.923354122417195722e-01
9.120540690341712997e-01,2.527598151564286466e-01,-2.993676869281567954e-01,-1.210323883247133719e-01
9.174547602516356370e-01,2.558343570338695305e-01,-3.019537754414279851e-01,-4.061357099970460544e-02
9.174547602516356370e-01,2.558343570338695305e-01,-3.019537754414279851e-01,4.061357099970460544e-02
9.120540690341712997e-01,2.527598151564288131e-01,-2.993676869281570174e-01,1.210323883247133581e-01
9.075471843456169863e-01,2.356899674611506457e-01,-2.895341248055557370e-01,1.922975246787781700e-01
9.090953874318463690e-01,2.130043509880196195e-01,-2.531548172663464213e-01,2.531548172663447560e-01
8.822137334870447933e-01,2.310275783157388629e-01,-2.310275783157401952e-01,-3.390449005102113555e-01
9.337101470753763621e-01,2.067086204044057129e-01,-2.067086204044069064e-01,-2.067086204044069342e-01
9.317882242730149978e-01,2.336389916571836589e-01,-2.336389916571836589e-01,-1.503208177897208397e-01
9.294422095918858373e-01,2.545386915848826259e-01,-2.545386915848831255e-01,-8.097708318694075980e-02
9.321537595635309703e-01,2.560169608947567843e-01,-2.560169608947568953e-01,-5.586700641310739455e-15
9.294422095918859483e-01,2.545386915848822929e-01,-2.545386915848831810e-01,8.097708318694056551e-02
9.317882242730149978e-01,2.336389916571836589e-01,-2.336389916571836589e-01,1.503208177897208397e-01
9.337101470753763621e-01,2.067086204044054631e-01,-2.067086204044066566e-01,2.067086204044073783e-01
8.822137334870447933e-01,2.310275783157388629e-01,-2.310275783157401952e-01,3.390449005102113555e-01
9.075441443091974980e-01,2.356616120265884740e-01,-1.922743897106833355e-01,-2.895820951103511010e-01
9.328100881030416680e-01,2.443374251180029100e-01,-1.873026457633468200e-01,-1.873026457633479858e-01
9.353977462803670928e-01,2.577828237175050496e-01,-2.096520789399752560e-01,-1.209341880775907235e-01
9.405057697056413701e-01,2.605575337730531293e-01,-2.142247981134244861e-01,-4.082161948974964705e-02
9.405057697056413701e-01,2.605575337730531293e-01,-2.142247981134244861e-01,4.082161948974964705e-02
9.353977462803670928e-01,2.577828237175050496e-01,-2.096520789399753115e-01,1.209341880775906819e-01
9.328137555876909737e-01,2.442615280957939061e-01,-1.873430053120409000e-01,1.873430053120420657e-01
9.075471843456169863e-01,2.356899674611506457e-01,-1.922975246787781978e-01,2.895341248055556815e-01
8.919098712145541175e-01,2.476006643851783040e-01,-1.593036080650018227e-01,-3.432390611272674863e-01
9.317882242730149978e-01,2.336389916571830205e-01,-1.503208177897204512e-01,-2.336389916571845193e-01
9.399016577982234333e-01,2.602297457102141776e-01,-1.563095536359634663e-01,-1.563095536359644100e-01
9.459527530262188399e-01,2.635086179815425700e-01,-1.705019047427657752e-01,-8.164372462512796413e-02
9.486873853015642677e-01,2.649872235590511882e-01,-1.725514888957691562e-01,-3.765350195174740089e-15
9.459527530262188399e-01,2.635086179815425700e-01,-1.705019047427657752e-01,8.164372462512790862e-02
9.399016577982234333e-01,2.602297457102141776e-01,-1.563095536359634663e-01,1.563095536359644100e-01
9.317882242730149978e-01,2.336389916571830205e-01,-1.503208177897204512e-01,2.336389916571845193e-01
8.919098712145541175e-01,2.476006643851783040e-01,-1.593036080650018227e-01,3.432390611272674863e-01
9.120540690341712997e-01,2.527598151564286466e-01,-1.210323883247133719e-01,-2.993676869281567954e-01
9.353977462803670928e-01,2.577828237175050496e-01,-1.209341880775907235e-01,-2.096520789399752560e-01
9.495732645982403186e-01,2.654657933678486459e-01,-1.179799298860165491e-01,-1.179799298860172707e-01
9.538712817047476644e-01,2.677847634023959311e-01,-1.293363624258780376e-01,-4.114612719207779573e-02
9.538712817047476644e-01,2.677847634023959311e-01,-1.293363624258780376e-01,4.114612719207779573e-02
9.495732645982403186e-01,2.654657933678486459e-01,-1.179799298860172846e-01,1.179799298860165491e-01
9.353977462803670928e-01,2.577828237175050496e-01,-1.209341880775907235e-01,2.096520789399752560e-01
9.120540690341711887e-01,2.527598151564288687e-01,-1.210323883247134552e-01,2.993676869281569619e-01
8.992427589054132753e-01,2.545667400012312509e-01,-8.098600630558250302e-02,-3.464094430352595011e-01
9.294422095918858373e-01,2.545386915848826259e-01,-8.097708318694075980e-02,-2.545386915848831255e-01
9.459527530262188399e-01,2.635086179815425700e-01,-8.164372462512796413e-02,-1.705019047427657752e-01
9.565693001695989572e-01,2.692380233517500110e-01,-7.901284944452428849e-02,-7.901284944452480197e-02
9.588106051049388734e-01,2.704438623998606239e-01,-8.684665122240591006e-02,-1.933700859645919870e-15
9.565693001695989572e-01,2.692380233517500110e-01,-7.901284944452480197e-02,7.901284944452428849e-02
9.459527530262188399e-01,2.635086179815425700e-01,-8.164372462512796413e-02,1.705019047427657752e-01
9.294422095918858373e-01,2.545386915848826259e-01,-8.097708318694075980e-02,2.545386915848831255e-01
8.992427589054132753e-01,2.545667400012312509e-01,-8.098600630558250302e-02,3.464094430352595011e-01
9.174547602516356370e-01,2.558343570338695305e-01,-4.061357099970459850e-02,-3.019537754414279851e-01
9.405057697056413701e-01,2.605575337730531293e-01,-4.082161948974964705e-02,-2.142247981134244861e-01
9.538712817047476644e-01,2.677847634023959311e-01,-4.114612719207779573e-02,-1.293363624258780376e-01
9.608023941275165569e-01,2.715143889882244421e-01,-3.961499723074381196e-02,-3.961499723074405482e-02
9.608023941275165569e-01,2.715143889882244421e-01,-3.961499723074381196e-02,3.961499723074405482e-02
9.538712817047477754e-01,2.677847634023960421e-01,-4.114612719207778185e-02,1.293363624258779543e-01
9.405057697056413701e-01,2.605575337730531293e-01,-4.082161948974964705e-02,2.142247981134244861e-01
9.174547602516356370e-01,2.558343570338696416e-01,-4.061357099970461237e-02,3.019537754414278741e-01
9.020369093935325377e-01,2.559135166224383862e-01,-5.584443321403178323e-15,-3.476171544985962036e-01
9.321537595635309703e-01,2.560169608947567843e-01,-5.586700641310739455e-15,-2.560169608947568953e-01
9.486873853015642677e-01,2.649872235590511882e-01,-3.765350195174740089e-15,-1.725514888957691562e-01
9.588106051049388734e-01,2.704438623998606239e-01,-1.933700859645919870e-15,-8.684665122240591006e-02
9.622193753148474693e-01,2.722753638666280951e-01,-0.000000000000000000e+00,-0.000000000000000000e+00
9.588106051049389844e-01,2.704438623998602909e-01,-1.933700859645914742e-15,8.684665122240567414e-02
9.486873853015642677e-01,2.649872235590511882e-01,-3.765350195174740089e-15,1.725514888957691562e-01
9.321537595635309703e-01,2.560169608947567843e-01,-5.586700641310739455e-15,2.560169608947568953e-01
9.020369093935325377e-01,2.559135166224383862e-01,-5.584443321403178323e-15,3.476171544985962036e-01
9.174547602516356370e-01,2.558343570338695305e-01,4.061357099970459850e-02,-3.019537754414279851e-01
9.405057697056413701e-01,2.605575337730531293e-01,4.082161948974964705e-02,-2.142247981134244861e-01
9.538712817047476644e-01,2.677847634023959311e-01,4.114612719207779573e-02,-1.293363624258780376e-01
9.608023941275165569e-01,2.715143889882244421e-01,3.961499723074381196e-02,-3.961499723074405482e-02
9.608023941275165569e-01,2.715143889882244421e-01,3.961499723074381196e-02,3.961499723074405482e-02
9.538712817047477754e-01,2.677847634023960421e-01,4.114612719207778185e-02,1.293363624258779543e-01
9.405057697056413701e-01,2.605575337730531293e-01,4.082161948974964705e-02,2.142247981134244861e-01
9.174547602516356370e-01,2.558343570338696416e-01,4.061357099970461237e-02,3.019537754414278741e-01
8.992427589054132753e-01,2.545667400012312509e-01,8.098600630558240587e-02,-3.464094430352594456e-01
9.294422095918859483e-01,2.545386915848822929e-01,8.097708318694056551e-02,-2.545386915848831810e-01
9.459527530262188399e-01,2.635086179815425700e-01,8.164372462512790862e-02,-1.705019047427657752e-01
9.565693001695989572e-01,2.692380233517500110e-01,7.901284944452428849e-02,-7.901284944452480197e-02
9.588106051049389844e-01,2.704438623998602909e-01,8.684665122240567414e-02,-1.933700859645914742e-15
9.565693001695989572e-01,2.692380233517500110e-01,7.901284944452430237e-02,7.901284944452478809e-02
9.459527530262188399e-01,2.635086179815425700e-01,8.164372462512790862e-02,1.705019047427657752e-01
9.294422095918859483e-01,2.545386915848822929e-01,8.097708318694056551e-02,2.545386915848831810e-01
8.992427589054132753e-01,2.545667400012312509e-01,8.098600630558240587e-02,3.464094430352594456e-01
9.120540690341712997e-01,2.527598151564286466e-01,1.210323883247132748e-01,-2.993676869281567954e-01
9.353977462803670928e-01,2.577828237175050496e-01,1.209341880775906819e-01,-2.096520789399753115e-01
9.495732645982403186e-01,2.654657933678486459e-01,1.179799298860165491e-01,-1.179799298860172846e-01
9.538712817047477754e-01,2.677847634023960421e-01,1.293363624258779543e-01,-4.114612719207778185e-02
9.538712817047477754e-01,2.677847634023960421e-01,1.293363624258779543e-01,4.114612719207778185e-02
9.495732645982403186e-01,2.654657933678487014e-01,1.179799298860165768e-01,1.179799298860172568e-01
9.353977462803670928e-01,2.577828237175050496e-01,1.209341880775906819e-01,2.096520789399753115e-01
9.120540690341712997e-01,2.527598151564286466e-01,1.210323883247133164e-01,2.993676869281567954e-01
8.919098712145541175e-01,2.476006643851783040e-01,1.593036080650018227e-01,-3.432390611272674863e-01
9.317882242730149978e-01,2.336389916571836589e-01,1.503208177897208397e-01,-2.336389916571836589e-01
9.399016577982234333e-01,2.602297457102141776e-01,1.563095536359634663e-01,-1.563095536359644100e-01
9.459527530262188399e-01,2.635086179815425700e-01,1.705019047427657752e-01,-8.164372462512796413e-02
9.486873853015642677e-01,2.649872235590511882e-01,1.725514888957691562e-01,-3.765350195174740089e-15
9.459527530262188399e-01,2.635086179815425700e-01,1.705019047427657752e-01,8.164372462512790862e-02
9.399016577982234333e-01,2.602297457102141776e-01,1.563095536359634663e-01,1.563095536359644100e-01
9.317882242730149978e-01,2.336389916571831871e-01,1.503208177897205344e-01,2.336389916571842973e-01
8.919098712145541175e-01,2.476006643851783040e-01,1.593036080650018227e-01,3.432390611272674863e-01
9.075371894446779830e-01,2.355968443844763949e-01,1.922215463190379281e-01,-2.896916530065190565e-01
9.328100881030416680e-01,2.443374251180029100e-01,1.873026457633468200e-01,-1.873026457633479858e-01
9.353977462803670928e-01,2.577828237175050496e-01,2.096520789399752560e-01,-1.209341880775907235e-01
9.405057697056413701e-01,2.605575337730531293e-01,2.142247981134244861e-01,-4.082161948974964705e-02
9.405057697056413701e-01,2.605575337730531293e-01,2.142247981134244861e-01,4.082161948974964705e-02
9.353977462803670928e-01,2.577828237175050496e-01,2.096520789399753115e-01,1.209341880775906819e-01
9.327927039236426632e-01,2.446950499466226392e-01,1.871124047710882310e-01,1.871124047710893967e-01
9.075297750907447281e-01,2.355279542175770235e-01,1.921653393929979303e-01,2.898081648984361380e-01
8.822137334870447933e-01,2.310275783157388629e-01,2.310275783157401952e-01,-3.390449005102113555e-01
9.337101470753763621e-01,2.067086204044053799e-01,2.067086204044065734e-01,-2.067086204044075448e-01
9.317882242730149978e-01,2.336389916571830205e-01,2.336389916571845193e-01,-1.503208177897204512e-01
9.294422095918858373e-01,2.545386915848826259e-01,2.545386915848831255e-01,-8.097708318694075980e-02
9.321537595635309703e-01,2.560169608947567843e-01,2.560169608947568953e-01,-5.586700641310739455e-15
9.294422095918859483e-01,2.545386915848822929e-01,2.545386915848831810e-01,8.097708318694056551e-02
9.317882242730149978e-01,2.336389916571831871e-01,2.336389916571842973e-01,1.503208177897205344e-01
9.337101470753763621e-01,2.067086204044053799e-01,2.067086204044065734e-01,2.067086204044075448e-01
8.822137334870447933e-01,2.310275783157388629e-01,2.310275783157401952e-01,3.390449005102113555e-01
9.090953874318463690e-01,2.130043509880194252e-01,2.531548172663445895e-01,-2.531548172663467544e-01
9.075152802854067335e-01,2.353937384220910478e-01,2.900351024555104518e-01,-1.920558338186930114e-01
9.120540690341711887e-01,2.527598151564288131e-01,2.993676869281569064e-01,-1.210323883247134552e-01
9.174547602516356370e-01,2.558343570338696416e-01,3.019537754414278741e-01,-4.061357099970461237e-02
9.174547602516356370e-01,2.558343570338696416e-01,3.019537754414278741e-01,4.061357099970461237e-02
9.120540690341712997e-01,2.527598151564286466e-01,2.993676869281567954e-01,1.210323883247133164e-01
9.075152802854067335e-01,2.353937384220910478e-01,2.900351024555104518e-01,1.920558338186930114e-01
9.090953874318463690e-01,2.130043509880198971e-01,2.531548172663450891e-01,2.531548172663459217e-01
8.796284203700850401e-01,2.178034470653638088e-01,2.990112878502026450e-01,-2.990112878502039218e-01
8.822137334870447933e-01,2.310275783157388629e-01,3.390449005102113555e-01,-2.310275783157401952e-01
8.919098712145541175e-01,2.476006643851783040e-01,3.432390611272674863e-01,-1.593036080650018227e-01
8.992427589054132753e-01,2.545667400012312509e-01,3.464094430352595566e-01,-8.098600630558250302e-02
9.020369093935325377e-01,2.559135166224383862e-01,3.476171544985962036e-01,-5.584443321403178323e-15
8.992427589054132753e-01,2.545667400012312509e-01,3.464094430352594456e-01,8.098600630558240587e-02
8.919098712145541175e-01,2.476006643851783040e-01,3.432390611272674863e-01,1.593036080650018227e-01
8.822137334870447933e-01,2.310275783157388629e-01,3.390449005102113555e-01,2.310275783157401952e-01
8.796284203700850401e-01,2.178034470653638088e-01,2.990112878502026450e-01,2.990112878502039218e-01
8.804868129512640751e-01,2.522509476490846225e-01,-3.122209010287471664e-01,-2.522509476490861768e-01
8.772922968125300702e-01,2.830994357365161918e-01,-3.344661546283894116e-01,-1.958196283500712453e-01
8.849416990676092221e-01,2.942585046210764999e-01,-3.402251444417879744e-01,-1.205693692405552936e-01
8.904639041999914406e-01,2.967490124247066374e-01,-3.426137408971414167e-01,-4.037181554421623991e-02
8.904639041999914406e-01,2.967490124247066374e-01,-3.426137408971414167e-01,4.037181554421623991e-02
8.849416990676092221e-01,2.942585046210764999e-01,-3.402251444417879744e-01,1.205693692405552936e-01
8.772893774573765624e-01,2.830751249556290317e-01,-3.345042307773772317e-01,1.958028126045158190e-01
8.805299614143399234e-01,2.526895422955435788e-01,-3.113887883026582037e-01,2.526895422955450776e-01
8.805720415615347907e-01,2.531263229397592851e-01,-2.531263229397609504e-01,-3.105591874186677814e-01
9.090953874318463690e-01,2.531548172663445895e-01,-2.531548172663467544e-01,-2.130043509880194252e-01
9.050393772142194537e-01,2.803915994759110242e-01,-2.803915994759110797e-01,-1.538337660540697871e-01
9.046896627431209037e-01,2.958362049160114804e-01,-2.958362049160114804e-01,-8.061323618067738062e-02
9.074188405290699588e-01,2.971456274731956171e-01,-2.971456274731956726e-01,-6.484194100911936823e-15
9.046896627431209037e-01,2.958362049160114804e-01,-2.958362049160114804e-01,8.061323618067738062e-02
9.050393772142194537e-01,2.803915994759110242e-01,-2.803915994759110797e-01,1.538337660540697871e-01
9.090953874318463690e-01,2.531548172663447560e-01,-2.531548172663464213e-01,2.130043509880196195e-01
8.805299614143399234e-01,2.526895422955434678e-01,-2.526895422955450776e-01,3.113887883026582037e-01
9.090953874318463690e-01,2.531548172663445895e-01,-2.130043509880194252e-01,-2.531548172663467544e-01
9.075471843456169863e-01,2.895341248055556815e-01,-2.356899674611506457e-01,-1.922975246787781978e-01
9.120540690341711887e-01,2.993676869281569064e-01,-2.527598151564288131e-01,-1.210323883247134552e-01
9.174547602516356370e-01,3.019537754414278741e-01,-2.558343570338696416e-01,-4.061357099970461237e-02
9.174547602516356370e-01,3.019537754414278741e-01,-2.558343570338696416e-01,4.061357099970461237e-02
9.120540690341712997e-01,2.993676869281567954e-01,-2.527598151564286466e-01,1.210323883247133164e-01
9.075441443091974980e-01,2.895820951103511010e-01,-2.356616120265884740e-01,1.922743897106833355e-01
9.090953874318464800e-01,2.531548172663450336e-01,-2.130043509880198138e-01,2.531548172663461438e-01
8.772962402455721787e-01,2.831322996375100209e-01,-1.958423602812105757e-01,-3.344146792119673250e-01
9.075471843456169863e-01,2.895341248055556815e-01,-1.922975246787781978e-01,-2.356899674611506457e-01
9.178345056196723917e-01,3.021354969085025544e-01,-2.029637624736294332e-01,-1.584287629324041269e-01
9.245378147990883644e-01,3.053407540868957604e-01,-2.130005359159660161e-01,-8.141022417168343461e-02
9.273204836697310771e-01,3.066699315914984680e-01,-2.145466700375507074e-01,-4.681752392110422583e-15
9.245378147990883644e-01,3.053407540868957604e-01,-2.130005359159660161e-01,8.141022417168343461e-02
9.178345056196723917e-01,3.021354969085025544e-01,-2.029637624736294332e-01,1.584287629324041269e-01
9.075521565959669967e-01,2.894555576796838947e-01,-1.923354122417195999e-01,2.357364044524315749e-01
8.772982054617759484e-01,2.831486882346849199e-01,-1.958536962593258879e-01,3.343890080521255137e-01
9.050393772142194537e-01,2.803915994759110242e-01,-1.538337660540697871e-01,-2.803915994759110797e-01
9.178345056196723917e-01,3.021354969085025544e-01,-1.584287629324041269e-01,-2.029637624736294332e-01
9.293831334012960799e-01,3.076546634892368681e-01,-1.648523253094801022e-01,-1.200804323050614214e-01
9.341894508434874789e-01,3.099475513382385916e-01,-1.718852308159373732e-01,-4.096404251932603963e-02
9.341894508434874789e-01,3.099475513382385916e-01,-1.718852308159373732e-01,4.096404251932603963e-02
9.293831334012961909e-01,3.076546634892369791e-01,-1.648523253094800189e-01,1.200804323050613381e-01
9.178345056196723917e-01,3.021354969085025544e-01,-1.584287629324041269e-01,2.029637624736294332e-01
9.050393772142194537e-01,2.803915994759110242e-01,-1.538337660540697871e-01,2.803915994759110797e-01
8.849416990676092221e-01,2.942585046210764999e-01,-1.205693692405552936e-01,-3.402251444417879744e-01
9.120540690341711887e-01,2.993676869281569619e-01,-1.210323883247134552e-01,-2.527598151564288687e-01
9.293831334012960799e-01,3.076546634892368681e-01,-1.200804323050614075e-01,-1.648523253094801022e-01
9.382569694594440346e-01,3.118861464849229659e-01,-1.258680950227424600e-01,-8.098218042823494833e-02
9.408244795979966435e-01,3.131089698878029015e-01,-1.296613726788272969e-01,-2.829419079760939550e-15
9.382569694594439236e-01,3.118861464849232434e-01,-1.258680950227426543e-01,8.098218042823496221e-02
9.293831334012960799e-01,3.076546634892368681e-01,-1.200804323050614075e-01,1.648523253094801022e-01
9.120540690341711887e-01,2.993676869281569619e-01,-1.210323883247134552e-01,2.527598151564288687e-01
8.849416990676092221e-01,2.942585046210764999e-01,-1.205693692405552936e-01,3.402251444417879744e-01
9.046896627431209037e-01,2.958362049160114804e-01,-8.061323618067738062e-02,-2.958362049160114804e-01
9.245378147990883644e-01,3.053407540868957604e-01,-8.141022417168343461e-02,-2.130005359159660161e-01
9.382569694594440346e-01,3.118861464849229659e-01,-8.098218042823494833e-02,-1.258680950227424600e-01
9.443854031710642305e-01,3.148038296306905903e-01,-8.572962522282825959e-02,-4.105107168431789549e-02
9.443854031710642305e-01,3.148038296306905903e-01,-8.572962522282825959e-02,4.105107168431789549e-02
9.382569694594440346e-01,3.118861464849229659e-01,-8.098218042823498997e-02,1.258680950227424600e-01
9.245378147990883644e-01,3.053407540868957604e-01,-8.141022417168343461e-02,2.130005359159660161e-01
9.046896627431209037e-01,2.958362049160113139e-01,-8.061323618067732510e-02,2.958362049160113694e-01
8.904639041999914406e-01,2.967490124247066374e-01,-4.037181554421624685e-02,-3.426137408971414722e-01
9.174547602516356370e-01,3.019537754414278741e-01,-4.061357099970461237e-02,-2.558343570338696416e-01
9.341894508434874789e-01,3.099475513382385916e-01,-4.096404251932603963e-02,-1.718852308159373732e-01
9.443854031710642305e-01,3.148038296306905903e-01,-4.105107168431789549e-02,-8.572962522282825959e-02
9.476483697402352524e-01,3.163557649957780549e-01,-4.337738215488179394e-02,-9.658274669368515467e-16
9.443854031710642305e-01,3.148038296306905903e-01,-4.105107168431790937e-02,8.572962522282825959e-02
9.341894508434874789e-01,3.099475513382385916e-01,-4.096404251932603963e-02,1.718852308159373732e-01
9.174547602516356370e-01,3.019537754414278741e-01,-4.061357099970461237e-02,2.558343570338696416e-01
8.904639041999914406e-01,2.967490124247066374e-01,-4.037181554421624685e-02,3.426137408971414722e-01
9.074188405290699588e-01,2.971456274731956171e-01,-6.484194100911936823e-15,-2.971456274731956726e-01
9.273204836697310771e-01,3.066699315914984680e-01,-4.681752392110422583e-15,-2.145466700375507074e-01
9.408244795979966435e-01,3.131089698878029015e-01,-2.829419079760939550e-15,-1.296613726788272969e-01
9.476483697402352524e-01,3.163557649957780549e-01,-9.658274669368515467e-16,-4.337738215488179394e-02
9.476483697402352524e-01,3.163557649957780549e-01,-9.658274669368515467e-16,4.337738215488179394e-02
9.408244795979966435e-01,3.131089698878029015e-01,-2.829419079760939550e-15,1.296613726788272969e-01
9.273204836697310771e-01,3.066699315914984680e-01,-4.681752392110422583e-15,2.145466700375507074e-01
9.074188405290699588e-01,2.971456274731956171e-01,-6.484194100911935246e-15,2.971456274731956726e-01
8.904639041999914406e-01,2.967490124247066374e-01,4.037181554421624685e-02,-3.426137408971414722e-01
9.174547602516356370e-01,3.019537754414278741e-01,4.061357099970461237e-02,-2.558343570338696416e-01
9.341894508434874789e-01,3.099475513382385916e-01,4.096404251932603963e-02,-1.718852308159373732e-01
9.443854031710642305e-01,3.148038296306905903e-01,4.105107168431789549e-02,-8.572962522282825959e-02
9.476483697402352524e-01,3.163557649957780549e-01,4.337738215488179394e-02,-9.658274669368515467e-16
9.443854031710642305e-01,3.148038296306905903e-01,4.105107168431790937e-02,8.572962522282825959e-02
9.341894508434874789e-01,3.099475513382385916e-01,4.096404251932603963e-02,1.718852308159373732e-01
9.174547602516356370e-01,3.019537754414278741e-01,4.061357099970461237e-02,2.558343570338696416e-01
8.904639041999914406e-01,2.967490124247066374e-01,4.037181554421624685e-02,3.426137408971414722e-01
9.046896627431209037e-01,2.958362049160114804e-01,8.061323618067738062e-02,-2.958362049160114804e-01
9.245378147990883644e-01,3.053407540868957604e-01,8.141022417168343461e-02,-2.130005359159660161e-01
9.382569694594438126e-01,3.118861464849231879e-01,8.098218042823494833e-02,-1.258680950227426265e-01
9.443854031710642305e-01,3.148038296306905903e-01,8.572962522282825959e-02,-4.105107168431790937e-02
9.443854031710642305e-01,3.148038296306905903e-01,8.572962522282825959e-02,4.105107168431790937e-02
9.382569694594440346e-01,3.118861464849229659e-01,8.098218042823494833e-02,1.258680950227424600e-01
9.245378147990883644e-01,3.053407540868957604e-01,8.141022417168343461e-02,2.130005359159660161e-01
9.046896627431209037e-01,2.958362049160113139e-01,8.061323618067732510e-02,2.958362049160113694e-01
8.849416990676092221e-01,2.942585046210764999e-01,1.205693692405552936e-01,-3.402251444417879744e-01
9.120540690341712997e-01,2.993676869281567954e-01,1.210323883247133164e-01,-2.527598151564286466e-01
9.293831334012961909e-01,3.076546634892370347e-01,1.200804323050613520e-01,-1.648523253094800467e-01
9.382569694594440346e-01,3.118861464849229659e-01,1.258680950227424600e-01,-8.098218042823498997e-02
9.408244795979966435e-01,3.131089698878029015e-01,1.296613726788272969e-01,-2.829419079760939550e-15
9.382569694594440346e-01,3.118861464849229659e-01,1.258680950227424600e-01,8.098218042823494833e-02
9.293831334012961909e-01,3.076546634892370347e-01,1.200804323050613520e-01,1.648523253094800467e-01
9.120540690341712997e-01,2.993676869281567954e-01,1.210323883247133164e-01,2.527598151564286466e-01
8.849416990676092221e-01,2.942585046210764999e-01,1.205693692405552936e-01,3.402251444417879744e-01
9.050393772142194537e-01,2.803915994759110242e-01,1.538337660540697871e-01,-2.803915994759110797e-01
9.178345056196723917e-01,3.021354969085025544e-01,1.584287629324041269e-01,-2.029637624736294332e-01
9.293831334012960799e-01,3.076546634892368681e-01,1.648523253094801022e-01,-1.200804323050614214e-01
9.341894508434874789e-01,3.099475513382385916e-01,1.718852308159373732e-01,-4.096404251932603963e-02
9.341894508434874789e-01,3.099475513382385916e-01,1.718852308159373732e-01,4.096404251932603963e-02
9.293831334012961909e-01,3.076546634892369791e-01,1.648523253094800189e-01,1.200804323050613381e-01
9.178345056196723917e-01,3.021354969085025544e-01,1.584287629324041269e-01,2.029637624736294332e-01
9.050393772142194537e-01,2.803915994759110242e-01,1.538337660540697871e-01,2.803915994759110797e-01
8.772968687764862716e-01,2.831375403840080685e-01,1.958459853009102969e-01,-3.344064701852858534e-01
9.075521565959669967e-01,2.894555576796838947e-01,1.923354122417195999e-01,-2.357364044524315749e-01
9.178345056196723917e-01,3.021354969085025544e-01,2.029637624736294332e-01,-1.584287629324041269e-01
9.245378147990883644e-01,3.053407540868957604e-01,2.130005359159660161e-01,-8.141022417168343461e-02
9.273204836697310771e-01,3.066699315914984680e-01,2.145466700375507074e-01,-4.681752392110422583e-15
9.245378147990883644e-01,3.053407540868957604e-01,2.130005359159660161e-01,8.141022417168343461e-02
9.178345056196723917e-01,3.021354969085025544e-01,2.029637624736294332e-01,1.584287629324041269e-01
9.075297750907447281e-01,2.898081648984361380e-01,1.921653393929979303e-01,2.355279542175770235e-01
8.772893774573764514e-01,2.830751249556289761e-01,1.958028126045157913e-01,3.345042307773771761e-01
9.090953874318464800e-01,2.531548172663454221e-01,2.130043509880201469e-01,-2.531548172663454221e-01
9.075487752412358944e-01,2.895090013994471301e-01,2.357048172022720989e-01,-1.923096404616031485e-01
9.120540690341711887e-01,2.993676869281569064e-01,2.527598151564288131e-01,-1.210323883247134552e-01
9.174547602516356370e-01,3.019537754414278741e-01,2.558343570338696416e-01,-4.061357099970461237e-02
9.174547602516356370e-01,3.019537754414278741e-01,2.558343570338696416e-01,4.061357099970461237e-02
9.120540690341712997e-01,2.993676869281567954e-01,2.527598151564286466e-01,1.210323883247133164e-01
9.075414639165653163e-01,2.896243492136274522e-01,2.356366337952009171e-01,1.922540101751501751e-01
9.090953874318464800e-01,2.531548172663450336e-01,2.130043509880198138e-01,2.531548172663461438e-01
8.805808546938531656e-01,2.532189878710083830e-01,2.532189878710099373e-01,-3.103830644700295016e-01
9.090953874318463690e-01,2.531548172663450891e-01,2.531548172663459217e-01,-2.130043509880198971e-01
9.050393772142194537e-01,2.803915994759110242e-01,2.803915994759110797e-01,-1.538337660540697871e-01
9.046896627431209037e-01,2.958362049160113694e-01,2.958362049160113694e-01,-8.061323618067733898e-02
9.074188405290699588e-01,2.971456274731956171e-01,2.971456274731956726e-01,-6.484194100911935246e-15
9.046896627431209037e-01,2.958362049160113694e-01,2.958362049160113694e-01,8.061323618067733898e-02
9.050393772142194537e-01,2.803915994759110242e-01,2.803915994759110797e-01,1.538337660540697871e-01
9.090953874318464800e-01,2.531548172663450336e-01,2.531548172663461438e-01,2.130043509880198138e-01
8.805952013903037834e-01,2.533707450314476306e-01,2.533707450314492404e-01,3.100945378635164285e-01
8.805299614143399234e-01,2.526895422955435233e-01,3.113887883026581482e-01,-2.526895422955451331e-01
8.772893774573765624e-01,2.830751249556290317e-01,3.345042307773772317e-01,-1.958028126045158190e-01
8.849416990676092221e-01,2.942585046210764999e-01,3.402251444417879744e-01,-1.205693692405552936e-01
8.904639041999914406e-01,2.967490124247066374e-01,3.426137408971414167e-01,-4.037181554421623991e-02
8.904639041999914406e-01,2.967490124247066374e-01,3.426137408971414167e-01,4.037181554421623991e-02
8.849416990676092221e-01,2.942585046210764999e-01,3.402251444417879744e-01,1.205693692405552936e-01
8.772982054617759484e-01,2.831486882346849199e-01,3.343890080521255137e-01,1.958536962593258879e-01
8.805642449835582308e-01,2.530446953528363019e-01,3.107142976499731035e-01,2.530446953528378007e-01
8.815153070316295025e-01,2.725990727967415039e-01,-2.725990727967432248e-01,-2.725990727967443905e-01
8.796284203700849291e-01,2.990112878502028670e-01,-2.990112878502038662e-01,-2.178034470653640031e-01
8.732048763422870508e-01,3.264077990610356750e-01,-3.264077990610356195e-01,-1.562982448919768286e-01
8.759692388708700816e-01,3.363425426148392017e-01,-3.363425426148405339e-01,-8.015784806715922639e-02
8.787174392460953554e-01,3.375319703115431391e-01,-3.375319703115431946e-01,-7.365488866097209187e-15
8.759692388708700816e-01,3.363425426148392017e-01,-3.363425426148405339e-01,8.015784806715922639e-02
8.732048763422870508e-01,3.264077990610356750e-01,-3.264077990610356195e-01,1.562982448919768286e-01
8.796284203700849291e-01,2.990112878502028670e-01,-2.990112878502038662e-01,2.178034470653640031e-01
8.815153070316296136e-01,2.725990727967419480e-01,-2.725990727967436134e-01,2.725990727967435578e-01
8.805517612829151242e-01,3.109613132175421124e-01,-2.529146668182540858e-01,-2.529146668182556401e-01
8.772836847138707483e-01,3.345784023865346901e-01,-2.830277643776691887e-01,-1.957700533347899452e-01
8.849416990676091110e-01,3.402251444417880855e-01,-2.942585046210766664e-01,-1.205693692405553769e-01
8.904639041999915516e-01,3.426137408971413612e-01,-2.967490124247067484e-01,-4.037181554421626073e-02
8.904639041999915516e-01,3.426137408971413612e-01,-2.967490124247067484e-01,4.037181554421626073e-02
8.849416990676091110e-01,3.402251444417880855e-01,-2.942585046210766664e-01,1.205693692405553769e-01
8.772879162975952827e-01,3.345232781350063744e-01,-2.830629631621223719e-01,1.957944003027450863e-01
8.805808546938532766e-01,3.103830644700293906e-01,-2.532189878710098263e-01,2.532189878710082165e-01
8.796284203700849291e-01,2.990112878502028670e-01,-2.178034470653640031e-01,-2.990112878502038662e-01
8.822137334870447933e-01,3.390449005102113555e-01,-2.310275783157388629e-01,-2.310275783157401952e-01
8.919098712145541175e-01,3.432390611272674863e-01,-2.476006643851783040e-01,-1.593036080650018227e-01
8.992427589054132753e-01,3.464094430352595566e-01,-2.545667400012312509e-01,-8.098600630558250302e-02
9.020369093935325377e-01,3.476171544985962036e-01,-2.559135166224383862e-01,-5.584443321403178323e-15
8.992427589054132753e-01,3.464094430352594456e-01,-2.545667400012312509e-01,8.098600630558240587e-02
8.919098712145541175e-01,3.432390611272674863e-01,-2.476006643851783040e-01,1.593036080650018227e-01
8.822137334870447933e-01,3.390449005102113555e-01,-2.310275783157388629e-01,2.310275783157401952e-01
8.796284203700849291e-01,2.990112878502028670e-01,-2.178034470653640031e-01,2.990112878502038662e-01
8.772962402455721787e-01,3.344146792119672140e-01,-1.958423602812106312e-01,-2.831322996375101320e-01
8.974177163279127845e-01,3.456205059526414880e-01,-1.938916041063066809e-01,-1.938916041063079021e-01
9.053719823279091639e-01,3.490584228048460025e-01,-2.094385193465299888e-01,-1.208109999071224488e-01
9.106064996625521379e-01,3.513200112237301886e-01,-2.137995715131393304e-01,-4.074059040895868650e-02
9.106064996625521379e-01,3.513200112237301886e-01,-2.137995715131393304e-01,4.074059040895868650e-02
9.053719823279091639e-01,3.490584228048460025e-01,-2.094385193465299333e-01,1.208109999071223795e-01
8.974177163279127845e-01,3.456205059526414880e-01,-1.938916041063066809e-01,1.938916041063079021e-01
8.772879162975952827e-01,3.345232781350065410e-01,-1.957944003027450031e-01,2.830629631621222053e-01
8.732048763422870508e-01,3.264077990610356750e-01,-1.562982448919768286e-01,-3.264077990610356195e-01
8.919098712145541175e-01,3.432390611272674863e-01,-1.593036080650018227e-01,-2.476006643851783040e-01
9.099885010563552035e-01,3.510530369305157050e-01,-1.560171356086723637e-01,-1.560171356086733074e-01
9.161657949178658722e-01,3.537212128466939998e-01,-1.699881031258855535e-01,-8.139769407324759509e-02
9.189481165220099168e-01,3.549226971735474634e-01,-1.719425432279772514e-01,-3.752062024184480432e-15
9.161657949178658722e-01,3.537212128466939998e-01,-1.699881031258855535e-01,8.139769407324755346e-02
9.099885010563552035e-01,3.510530369305157050e-01,-1.560171356086723637e-01,1.560171356086733074e-01
8.919098712145541175e-01,3.432390611272674863e-01,-1.593036080650018227e-01,2.476006643851783040e-01
8.732048763422870508e-01,3.264077990610356750e-01,-1.562982448919768286e-01,3.264077990610356195e-01
8.849416990676091110e-01,3.402251444417880855e-01,-1.205693692405553769e-01,-2.942585046210766664e-01
9.053719823279091639e-01,3.490584228048460025e-01,-1.208109999071224488e-01,-2.094385193465299888e-01
9.198482066558243408e-01,3.553113427478596931e-01,-1.175438778218089314e-01,-1.175438778218096808e-01
9.242066217207646206e-01,3.571929766929513583e-01,-1.287536942931981898e-01,-4.096076140129522453e-02
9.242066217207646206e-01,3.571929766929513583e-01,-1.287536942931981898e-01,4.096076140129522453e-02
9.198482066558243408e-01,3.553113427478596931e-01,-1.175438778218096808e-01,1.175438778218089314e-01
9.053719823279091639e-01,3.490584228048460025e-01,-1.208109999071224488e-01,2.094385193465299888e-01
8.849416990676092221e-01,3.402251444417879744e-01,-1.205693692405552936e-01,2.942585046210764999e-01
8.759692388708699706e-01,3.363425426148393682e-01,-8.015784806715926802e-02,-3.363425426148407005e-01
8.992427589054132753e-01,3.464094430352595566e-01,-8.098600630558250302e-02,-2.545667400012312509e-01
9.161657949178658722e-01,3.537212128466939998e-01,-8.139769407324759509e-02,-1.699881031258855535e-01
9.269353549835889217e-01,3.583708148026804041e-01,-7.861681365684800027e-02,-7.861681365684848599e-02
9.291979824021908696e-01,3.593473325156622544e-01,-8.637478864562218861e-02,-1.923194512452120851e-15
9.269353549835889217e-01,3.583708148026804041e-01,-7.861681365684851375e-02,7.861681365684800027e-02
9.161657949178658722e-01,3.537212128466939998e-01,-8.139769407324759509e-02,1.699881031258855535e-01
8.992427589054132753e-01,3.464094430352595566e-01,-8.098600630558250302e-02,2.545667400012312509e-01
8.759692388708699706e-01,3.363425426148393682e-01,-8.015784806715926802e-02,3.363425426148407005e-01
8.904639041999914406e-01,3.426137408971413056e-01,-4.037181554421626073e-02,-2.967490124247067484e-01
9.106064996625521379e-01,3.513200112237301886e-01,-4.074059040895868650e-02,-2.137995715131393304e-01
9.242066217207646206e-01,3.571929766929513583e-01,-4.096076140129522453e-02,-1.287536942931981898e-01
9.312055433276870131e-01,3.602136695699844071e-01,-3.938494846202848093e-02,-3.938494846202873073e-02
9.312055433276870131e-01,3.602136695699844071e-01,-3.938494846202848093e-02,3.938494846202873073e-02
9.242066217207646206e-01,3.571929766929513583e-01,-4.096076140129522453e-02,1.287536942931981898e-01
9.106064996625521379e-01,3.513200112237301886e-01,-4.074059040895868650e-02,2.137995715131393304e-01
8.904639041999914406e-01,3.426137408971414722e-01,-4.037181554421624685e-02,2.967490124247066374e-01
8.787174392460953554e-01,3.375319703115431391e-01,-7.365488866097209187e-15,-3.375319703115431946e-01
9.020369093935325377e-01,3.476171544985962036e-01,-5.584443321403178323e-15,-2.559135166224383862e-01
9.189481165220099168e-01,3.549226971735474634e-01,-3.752062024184480432e-15,-1.719425432279772514e-01
9.291979824021908696e-01,3.593473325156622544e-01,-1.923194512452120851e-15,-8.637478864562218861e-02
9.326319325879915967e-01,3.608291539180112917e-01,-0.000000000000000000e+00,-0.000000000000000000e+00
9.291979824021907586e-01,3.593473325156624765e-01,-1.923194512452116512e-15,8.637478864562199432e-02
9.189481165220099168e-01,3.549226971735474634e-01,-3.752062024184480432e-15,1.719425432279772514e-01
9.020369093935325377e-01,3.476171544985962036e-01,-5.584443321403178323e-15,2.559135166224383862e-01
8.787174392460953554e-01,3.375319703115431391e-01,-7.365488866097209187e-15,3.375319703115431946e-01
8.904639041999914406e-01,3.426137408971413056e-01,4.037181554421626073e-02,-2.967490124247067484e-01
9.106064996625521379e-01,3.513200112237301886e-01,4.074059040895868650e-02,-2.137995715131393304e-01
9.242066217207646206e-01,3.571929766929513583e-01,4.096076140129522453e-02,-1.287536942931981898e-01
9.312055433276870131e-01,3.602136695699844071e-01,3.938494846202848093e-02,-3.938494846202873073e-02
9.312055433276870131e-01,3.602136695699844071e-01,3.938494846202848093e-02,3.938494846202873073e-02
9.242066217207646206e-01,3.571929766929513583e-01,4.096076140129522453e-02,1.287536942931981898e-01
9.106064996625521379e-01,3.513200112237301886e-01,4.074059040895868650e-02,2.137995715131393304e-01
8.904639041999914406e-01,3.426137408971414722e-01,4.037181554421624685e-02,2.967490124247066374e-01
8.759692388708699706e-01,3.363425426148393682e-01,8.015784806715926802e-02,-3.363425426148407005e-01
8.992427589054132753e-01,3.464094430352594456e-01,8.098600630558240587e-02,-2.545667400012312509e-01
9.161657949178658722e-01,3.537212128466939998e-01,8.139769407324755346e-02,-1.699881031258855535e-01
9.269353549835889217e-01,3.583708148026804041e-01,7.861681365684800027e-02,-7.861681365684851375e-02
9.291979824021907586e-01,3.593473325156624765e-01,8.637478864562199432e-02,-1.923194512452116512e-15
9.269353549835889217e-01,3.583708148026804041e-01,7.861681365684800027e-02,7.861681365684848599e-02
9.161657949178658722e-01,3.537212128466939998e-01,8.139769407324755346e-02,1.699881031258855535e-01
8.992427589054132753e-01,3.464094430352594456e-01,8.098600630558240587e-02,2.545667400012312509e-01
8.759692388708699706e-01,3.363425426148393682e-01,8.015784806715926802e-02,3.363425426148407005e-01
8.849416990676091110e-01,3.402251444417880855e-01,1.205693692405553769e-01,-2.942585046210766664e-01
9.053719823279091639e-01,3.490584228048460025e-01,1.208109999071223795e-01,-2.094385193465299333e-01
9.198482066558243408e-01,3.553113427478596931e-01,1.175438778218089314e-01,-1.175438778218096808e-01
9.242066217207646206e-01,3.571929766929513583e-01,1.287536942931981898e-01,-4.096076140129522453e-02
9.242066217207646206e-01,3.571929766929513583e-01,1.287536942931981898e-01,4.096076140129522453e-02
9.198482066558244519e-01,3.553113427478596376e-01,1.175438778218089869e-01,1.175438778218096531e-01
9.053719823279091639e-01,3.490584228048460025e-01,1.208109999071223795e-01,2.094385193465299333e-01
8.849416990676092221e-01,3.402251444417879744e-01,1.205693692405552936e-01,2.942585046210764999e-01
8.732048763422870508e-01,3.264077990610356750e-01,1.562982448919768286e-01,-3.264077990610356195e-01
8.919098712145541175e-01,3.432390611272674863e-01,1.593036080650018227e-01,-2.476006643851783040e-01
9.099885010563552035e-01,3.510530369305157050e-01,1.560171356086723637e-01,-1.560171356086733074e-01
9.161657949178658722e-01,3.537212128466939998e-01,1.699881031258855535e-01,-8.139769407324759509e-02
9.189481165220099168e-01,3.549226971735474634e-01,1.719425432279772514e-01,-3.752062024184480432e-15
9.161657949178658722e-01,3.537212128466939998e-01,1.699881031258855535e-01,8.139769407324755346e-02
9.099885010563552035e-01,3.510530369305157050e-01,1.560171356086723637e-01,1.560171356086733074e-01
8.919098712145541175e-01,3.432390611272674863e-01,1.593036080650018227e-01,2.476006643851783040e-01
8.732048763422870508e-01,3.264077990610356750e-01,1.562982448919768286e-01,3.264077990610356195e-01
8.772836847138707483e-01,3.345784023865347456e-01,1.957700533347899452e-01,-2.830277643776691887e-01
8.974177163279127845e-01,3.456205059526414880e-01,1.938916041063066809e-01,-1.938916041063079021e-01
9.053719823279091639e-01,3.490584228048460025e-01,2.094385193465299888e-01,-1.208109999071224488e-01
9.106064996625521379e-01,3.513200112237301886e-01,2.137995715131393304e-01,-4.074059040895868650e-02
9.106064996625521379e-01,3.513200112237301886e-01,2.137995715131393304e-01,4.074059040895868650e-02
9.053719823279091639e-01,3.490584228048460025e-01,2.094385193465299333e-01,1.208109999071223795e-01
8.974177163279127845e-01,3.456205059526414880e-01,1.938916041063066809e-01,1.938916041063079021e-01
8.772982054617759484e-01,3.343890080521255137e-01,1.958536962593258879e-01,2.831486882346849199e-01
8.796284203700850401e-01,2.990112878502026450e-01,2.178034470653638088e-01,-2.990112878502039218e-01
8.822137334870447933e-01,3.390449005102113555e-01,2.310275783157388629e-01,-2.310275783157401952e-01
8.919098712145541175e-01,3.432390611272674863e-01,2.476006643851783040e-01,-1.593036080650018227e-01
8.992427589054132753e-01,3.464094430352595566e-01,2.545667400012312509e-01,-8.098600630558250302e-02
9.020369093935325377e-01,3.476171544985962036e-01,2.559135166224383862e-01,-5.584443321403178323e-15
8.992427589054132753e-01,3.464094430352594456e-01,2.545667400012312509e-01,8.098600630558240587e-02
8.919098712145541175e-01,3.432390611272674863e-01,2.476006643851783040e-01,1.593036080650018227e-01
8.822137334870447933e-01,3.390449005102113555e-01,2.310275783157388629e-01,2.310275783157401952e-01
8.796284203700850401e-01,2.990112878502026450e-01,2.178034470653638088e-01,2.990112878502039218e-01
8.805808546938532766e-01,3.103830644700293906e-01,2.532189878710082165e-01,-2.532189878710098263e-01
8.772962402455721787e-01,3.344146792119673250e-01,2.831322996375100209e-01,-1.958423602812105757e-01
8.849416990676092221e-01,3.402251444417879744e-01,2.942585046210764999e-01,-1.205693692405552936e-01
8.904639041999914406e-01,3.426137408971414167e-01,2.967490124247066374e-01,-4.037181554421623991e-02
8.904639041999914406e-01,3.426137408971414167e-01,2.967490124247066374e-01,4.037181554421623991e-02
8.849416990676092221e-01,3.402251444417879744e-01,2.942585046210764999e-01,1.205693692405552936e-01
8.772950398399792515e-01,3.344303538359067463e-01,2.831222925955142466e-01,1.958354384191467734e-01
8.805720415615346797e-01,3.105591874186682810e-01,2.531263229397592296e-01,2.531263229397607839e-01
8.815153070316295025e-01,2.725990727967416150e-01,2.725990727967432803e-01,-2.725990727967442240e-01
8.796284203700850401e-01,2.990112878502031446e-01,2.990112878502032001e-01,-2.178034470653641974e-01
8.732048763422870508e-01,3.264077990610356750e-01,3.264077990610356195e-01,-1.562982448919768286e-01
8.759692388708700816e-01,3.363425426148392017e-01,3.363425426148405339e-01,-8.015784806715922639e-02
8.787174392460953554e-01,3.375319703115431391e-01,3.375319703115431946e-01,-7.365488866097209187e-15
8.759692388708700816e-01,3.363425426148392017e-01,3.363425426148405339e-01,8.015784806715922639e-02
8.732048763422870508e-01,3.264077990610356750e-01,3.264077990610356195e-01,1.562982448919768286e-01
8.796284203700850401e-01,2.990112878502031446e-01,2.990112878502032001e-01,2.178034470653641974e-01
8.815153070316295025e-01,2.725990727967416150e-01,2.725990727967432803e-01,2.725990727967442240e-01
