8.795702511683466396e-01,-2.860158680057582892e-01,-2.860158680057589553e-01,-2.504915562598404311e-01
8.764294715351441667e-01,-3.099270360942055769e-01,-3.099270360942075198e-01,-1.994037261947446960e-01
8.692675010082674403e-01,-3.347589669710337446e-01,-3.347589669710336890e-01,-1.422915308646809096e-01
8.748936050129844100e-01,-3.386861737424889940e-01,-3.386861737424903818e-01,-7.172538838325059896e-02
8.770956024683747021e-01,-3.396345860852798548e-01,-3.396345860852799103e-01,7.411371314082340324e-15
8.748936050129844100e-01,-3.386861737424889940e-01,-3.386861737424903818e-01,7.172538838325059896e-02
8.692675010082674403e-01,-3.347589669710336890e-01,-3.347589669710336890e-01,1.422915308646809929e-01
8.764294715351440557e-01,-3.099270360942061875e-01,-3.099270360942068536e-01,1.994037261947451678e-01
8.795702511683465286e-01,-2.860158680057580671e-01,-2.860158680057592329e-01,2.504915562598402090e-01
8.795702511683466396e-01,-2.860158680057582892e-01,-2.504915562598404311e-01,-2.860158680057589553e-01
8.783131130618754279e-01,-3.189064555354284014e-01,-2.699586285193261714e-01,-2.323512146070077222e-01
8.755755041267361261e-01,-3.389798828940653319e-01,-2.949164867048349459e-01,-1.774385567908353667e-01
8.834005927406293202e-01,-3.423495891312156036e-01,-3.012611802305062425e-01,-1.078974181957801509e-01
8.878256833011529681e-01,-3.442545667063933168e-01,-3.032352553949460017e-01,-3.609334091208683815e-02
8.878256833011529681e-01,-3.442545667063933168e-01,-3.032352553949460017e-01,3.609334091208683815e-02
8.834005927406294312e-01,-3.423495891312153816e-01,-3.012611802305061315e-01,1.078974181957801926e-01
8.755755041267361261e-01,-3.389798828940653319e-01,-2.949164867048349459e-01,1.774385567908353667e-01
8.782682572309008506e-01,-3.196709204551876349e-01,-2.695227147730268613e-01,2.319760271607976543e-01
8.795702511683466396e-01,-2.860158680057582892e-01,-2.504915562598404311e-01,2.860158680057589553e-01
8.783131130618754279e-01,-3.189064555354284014e-01,-2.323512146070077222e-01,-2.699586285193261714e-01
8.817283671383475685e-01,-3.416295940382586549e-01,-2.489406201479562875e-01,-2.094585274013662513e-01
8.899255267382604195e-01,-3.451583895890547038e-01,-2.614009416146306775e-01,-1.434147505625016361e-01
8.961837306787487911e-01,-3.478515086698972802e-01,-2.657273349029873888e-01,-7.240878584917617711e-02
8.984193920157598212e-01,-3.488133876455606908e-01,-2.667804652692177814e-01,5.821577567360460237e-15
8.961837306787487911e-01,-3.478515086698972802e-01,-2.657273349029873888e-01,7.240878584917630201e-02
8.899255267382604195e-01,-3.451583895890547038e-01,-2.614009416146305109e-01,1.434147505625017471e-01
8.817283671383475685e-01,-3.416295940382586549e-01,-2.489406201479562875e-01,2.094585274013662513e-01
8.783141341629651100e-01,-3.188888922061200448e-01,-2.323598298709964594e-01,2.699686382145828345e-01
8.764294715351441667e-01,-3.099270360942064095e-01,-1.994037261947452233e-01,-3.099270360942063540e-01
8.817283671383475685e-01,-3.416295940382586549e-01,-2.094585274013662513e-01,-2.489406201479562875e-01
8.953799906549302356e-01,-3.475056787102947520e-01,-2.157504469841657058e-01,-1.760290323355984399e-01
9.022098770033059045e-01,-3.504439778740440770e-01,-2.267529851237785610e-01,-1.085791874483853781e-01
9.066159815088135066e-01,-3.523390156892637903e-01,-2.293024219087366755e-01,-3.640164011029126817e-02
9.066159815088136176e-01,-3.523390156892637903e-01,-2.293024219087366478e-01,3.640164011029132368e-02
9.022098770033059045e-01,-3.504439778740440214e-01,-2.267529851237785610e-01,1.085791874483854613e-01
8.953799906549302356e-01,-3.475056787102947520e-01,-2.157504469841657058e-01,1.760290323355984399e-01
8.817283671383475685e-01,-3.416295940382586549e-01,-2.094585274013662235e-01,2.489406201479562875e-01
8.764294715351441667e-01,-3.099270360942064095e-01,-1.994037261947452233e-01,3.099270360942063540e-01
8.755755041267362371e-01,-3.389798828940653319e-01,-1.774385567908353667e-01,-2.949164867048349459e-01
8.953799906549302356e-01,-3.475056787102947520e-01,-1.760290323355984399e-01,-2.157504469841657058e-01
9.069253766861992139e-01,-3.524720693603332067e-01,-1.819032734889683423e-01,-1.419894381193113342e-01
9.123779023896808615e-01,-3.548165714526723691e-01,-1.906834971845634830e-01,-7.288050325732663148e-02
9.146363948308867675e-01,-3.557875085429663686e-01,-1.919778998102303347e-01,4.189265633960065504e-15
9.123779023896808615e-01,-3.548165714526723691e-01,-1.906834971845634830e-01,7.288050325732663148e-02
9.069253766861992139e-01,-3.524720693603332067e-01,-1.819032734889682590e-01,1.419894381193113897e-01
8.953799906549302356e-01,-3.475056787102947520e-01,-1.760290323355984399e-01,2.157504469841657058e-01
8.755755041267360150e-01,-3.389798828940654429e-01,-1.774385567908355055e-01,2.949164867048351679e-01
8.692675010082674403e-01,-3.347589669710337446e-01,-1.422915308646809096e-01,-3.347589669710336890e-01
8.899255267382604195e-01,-3.451583895890547038e-01,-1.434147505625016361e-01,-2.614009416146306775e-01
9.069253766861992139e-01,-3.524720693603332067e-01,-1.419894381193113342e-01,-1.819032734889683423e-01
9.163086351989861988e-01,-3.565063454773913509e-01,-1.474599915234572622e-01,-1.074116455233231904e-01
9.201991055097472616e-01,-3.581784998578231294e-01,-1.536270717130835406e-01,-3.661272040593956806e-02
9.201991055097472616e-01,-3.581784998578231294e-01,-1.536270717130835406e-01,3.661272040593960969e-02
9.163086351989861988e-01,-3.565063454773913509e-01,-1.474599915234572067e-01,1.074116455233232181e-01
9.069253766861992139e-01,-3.524720693603332067e-01,-1.419894381193113342e-01,1.819032734889683423e-01
8.899255267382604195e-01,-3.451583895890547038e-01,-1.434147505625015806e-01,2.614009416146306219e-01
8.692675010082674403e-01,-3.347589669710337446e-01,-1.422915308646809096e-01,3.347589669710336890e-01
8.834005927406293202e-01,-3.423495891312156036e-01,-1.078974181957801509e-01,-3.012611802305062425e-01
9.022098770033059045e-01,-3.504439778740440770e-01,-1.085791874483853781e-01,-2.267529851237785610e-01
9.163086351989861988e-01,-3.565063454773913509e-01,-1.074116455233231904e-01,-1.474599915234572622e-01
9.234848924889016430e-01,-3.595905171264795475e-01,-1.124214280545981909e-01,-7.233073932732780875e-02
9.255558291234278201e-01,-3.604803588097010292e-01,-1.157597429509641951e-01,2.526063226131213208e-15
9.234848924889016430e-01,-3.595905171264795475e-01,-1.124214280545981909e-01,7.233073932732780875e-02
9.163086351989861988e-01,-3.565063454773913509e-01,-1.074116455233231487e-01,1.474599915234572900e-01
9.022098770033059045e-01,-3.504439778740440770e-01,-1.085791874483853781e-01,2.267529851237785610e-01
8.834005927406294312e-01,-3.423495891312153816e-01,-1.078974181957801232e-01,3.012611802305061870e-01
8.748936050129844100e-01,-3.386861737424889940e-01,-7.172538838325059896e-02,-3.386861737424903818e-01
8.961837306787487911e-01,-3.478515086698972802e-01,-7.240878584917617711e-02,-2.657273349029873888e-01
9.123779023896808615e-01,-3.548165714526723691e-01,-7.288050325732663148e-02,-1.906834971845634830e-01
9.234848924889016430e-01,-3.595905171264795475e-01,-7.233073932732780875e-02,-1.124214280545981909e-01
9.284240614367147426e-01,-3.617126408225196932e-01,-7.649260352703204924e-02,-3.662798411338610838e-02
9.284240614367147426e-01,-3.617126408225196932e-01,-7.649260352703207699e-02,3.662798411338613613e-02
9.234848924889015320e-01,-3.595905171264796585e-01,-7.233073932732790590e-02,1.124214280545985517e-01
9.123779023896808615e-01,-3.548165714526723691e-01,-7.288050325732663148e-02,1.906834971845634830e-01
8.961837306787487911e-01,-3.478515086698972802e-01,-7.240878584917617711e-02,2.657273349029873888e-01
8.748936050129844100e-01,-3.386861737424889940e-01,-7.172538838325059896e-02,3.386861737424903818e-01
8.878256833011529681e-01,-3.442545667063932613e-01,-3.609334091208683815e-02,-3.032352553949460017e-01
9.066159815088135066e-01,-3.523390156892637903e-01,-3.640164011029126817e-02,-2.293024219087366755e-01
9.201991055097472616e-01,-3.581784998578231294e-01,-3.661272040593956806e-02,-1.536270717130835406e-01
9.284240614367147426e-01,-3.617126408225196932e-01,-3.662798411338610838e-02,-7.649260352703204924e-02
9.310482501422779889e-01,-3.628399300076764478e-01,-3.868256841300213300e-02,8.441156750130434086e-16
9.284240614367147426e-01,-3.617126408225196932e-01,-3.662798411338608756e-02,7.649260352703204924e-02
9.201991055097472616e-01,-3.581784998578231294e-01,-3.661272040593960275e-02,1.536270717130836516e-01
9.066159815088135066e-01,-3.523390156892637903e-01,-3.640164011029126817e-02,2.293024219087366755e-01
8.878256833011528570e-01,-3.442545667063934278e-01,-3.609334091208685896e-02,3.032352553949462237e-01
8.770956024683747021e-01,-3.396345860852798548e-01,7.411371314082340324e-15,-3.396345860852799103e-01
8.984193920157598212e-01,-3.488133876455606908e-01,5.821577567360460237e-15,-2.667804652692177814e-01
9.146363948308867675e-01,-3.557875085429663686e-01,4.189265633960065504e-15,-1.919778998102303347e-01
9.255558291234278201e-01,-3.604803588097010292e-01,2.526063226131213208e-15,-1.157597429509641951e-01
9.310482501422779889e-01,-3.628399300076764478e-01,8.441156750130434086e-16,-3.868256841300213300e-02
9.310482501422779889e-01,-3.628399300076764478e-01,8.441156750130434086e-16,3.868256841300213300e-02
9.255558291234278201e-01,-3.604803588097010292e-01,2.526063226131213208e-15,1.157597429509641951e-01
9.146363948308867675e-01,-3.557875085429663686e-01,4.189265633960065504e-15,1.919778998102303347e-01
8.984193920157598212e-01,-3.488133876455606908e-01,5.821577567360460237e-15,2.667804652692177814e-01
8.770956024683747021e-01,-3.396345860852798548e-01,7.411371314082340324e-15,3.396345860852799103e-01
8.878256833011529681e-01,-3.442545667063932613e-01,3.609334091208683815e-02,-3.032352553949460017e-01
9.066159815088135066e-01,-3.523390156892637903e-01,3.640164011029132368e-02,-2.293024219087366755e-01
9.201991055097472616e-01,-3.581784998578231294e-01,3.661272040593960969e-02,-1.536270717130835406e-01
9.284240614367147426e-01,-3.617126408225196932e-01,3.662798411338613613e-02,-7.649260352703207699e-02
9.310482501422779889e-01,-3.628399300076764478e-01,3.868256841300213300e-02,8.441156750130434086e-16
9.284240614367147426e-01,-3.617126408225196932e-01,3.662798411338610838e-02,7.649260352703204924e-02
9.201991055097472616e-01,-3.581784998578231294e-01,3.661272040593960275e-02,1.536270717130836516e-01
9.066159815088135066e-01,-3.523390156892637903e-01,3.640164011029132368e-02,2.293024219087366755e-01
8.878256833011528570e-01,-3.442545667063934278e-01,3.609334091208685896e-02,3.032352553949462237e-01
8.748936050129844100e-01,-3.386861737424889940e-01,7.172538838325059896e-02,-3.386861737424903818e-01
8.961837306787486801e-01,-3.478515086698973913e-01,7.240878584917631589e-02,-2.657273349029874998e-01
9.123779023896808615e-01,-3.548165714526723691e-01,7.288050325732663148e-02,-1.906834971845634830e-01
9.234848924889016430e-01,-3.595905171264795475e-01,7.233073932732780875e-02,-1.124214280545981909e-01
9.284240614367147426e-01,-3.617126408225196932e-01,7.649260352703204924e-02,-3.662798411338608756e-02
9.284240614367147426e-01,-3.617126408225196932e-01,7.649260352703204924e-02,3.662798411338610838e-02
9.234848924889014210e-01,-3.595905171264796585e-01,7.233073932732803080e-02,1.124214280545985378e-01
9.123779023896808615e-01,-3.548165714526723691e-01,7.288050325732663148e-02,1.906834971845634830e-01
8.961837306787486801e-01,-3.478515086698973913e-01,7.240878584917631589e-02,2.657273349029874998e-01
8.748936050129844100e-01,-3.386861737424889940e-01,7.172538838325059896e-02,3.386861737424903818e-01
8.834005927406294312e-01,-3.423495891312153816e-01,1.078974181957801926e-01,-3.012611802305061315e-01
9.022098770033059045e-01,-3.504439778740440214e-01,1.085791874483854613e-01,-2.267529851237785610e-01
9.163086351989861988e-01,-3.565063454773913509e-01,1.074116455233232181e-01,-1.474599915234572067e-01
9.234848924889015320e-01,-3.595905171264796585e-01,1.124214280545985517e-01,-7.233073932732790590e-02
9.255558291234278201e-01,-3.604803588097010292e-01,1.157597429509641951e-01,2.526063226131213208e-15
9.234848924889014210e-01,-3.595905171264796585e-01,1.124214280545985378e-01,7.233073932732803080e-02
9.163086351989861988e-01,-3.565063454773913509e-01,1.074116455233231904e-01,1.474599915234572345e-01
9.022098770033059045e-01,-3.504439778740440214e-01,1.085791874483854613e-01,2.267529851237785610e-01
8.834005927406295422e-01,-3.423495891312152706e-01,1.078974181957801370e-01,3.012611802305059649e-01
8.692675010082674403e-01,-3.347589669710336890e-01,1.422915308646809929e-01,-3.347589669710336890e-01
8.899255267382604195e-01,-3.451583895890547038e-01,1.434147505625017471e-01,-2.614009416146305109e-01
9.069253766861992139e-01,-3.524720693603332067e-01,1.419894381193113897e-01,-1.819032734889682590e-01
9.163086351989861988e-01,-3.565063454773913509e-01,1.474599915234572900e-01,-1.074116455233231487e-01
9.201991055097472616e-01,-3.581784998578231294e-01,1.536270717130836516e-01,-3.661272040593960275e-02
9.201991055097472616e-01,-3.581784998578231294e-01,1.536270717130836516e-01,3.661272040593960275e-02
9.163086351989861988e-01,-3.565063454773913509e-01,1.474599915234572345e-01,1.074116455233231904e-01
9.069253766861992139e-01,-3.524720693603332067e-01,1.419894381193113897e-01,1.819032734889682590e-01
8.899255267382604195e-01,-3.451583895890547038e-01,1.434147505625016361e-01,2.614009416146306775e-01
8.692675010082674403e-01,-3.347589669710336890e-01,1.422915308646809929e-01,3.347589669710336890e-01
8.755755041267362371e-01,-3.389798828940653319e-01,1.774385567908353667e-01,-2.949164867048349459e-01
8.953799906549302356e-01,-3.475056787102947520e-01,1.760290323355984399e-01,-2.157504469841657058e-01
9.069253766861992139e-01,-3.524720693603332067e-01,1.819032734889683423e-01,-1.419894381193113342e-01
9.123779023896808615e-01,-3.548165714526723691e-01,1.906834971845634830e-01,-7.288050325732663148e-02
9.146363948308867675e-01,-3.557875085429663686e-01,1.919778998102303347e-01,4.189265633960065504e-15
9.123779023896808615e-01,-3.548165714526723691e-01,1.906834971845634830e-01,7.288050325732663148e-02
9.069253766861992139e-01,-3.524720693603332067e-01,1.819032734889682590e-01,1.419894381193113897e-01
8.953799906549302356e-01,-3.475056787102947520e-01,1.760290323355984399e-01,2.157504469841657058e-01
8.755755041267360150e-01,-3.389798828940654429e-01,1.774385567908355055e-01,2.949164867048351679e-01
8.764294715351440557e-01,-3.099270360942061875e-01,1.994037261947451678e-01,-3.099270360942068536e-01
8.817283671383475685e-01,-3.416295940382586549e-01,2.094585274013662513e-01,-2.489406201479562875e-01
8.953799906549302356e-01,-3.475056787102947520e-01,2.157504469841657058e-01,-1.760290323355984399e-01
9.022098770033059045e-01,-3.504439778740440770e-01,2.267529851237785610e-01,-1.085791874483853781e-01
9.066159815088135066e-01,-3.523390156892637903e-01,2.293024219087366755e-01,-3.640164011029126817e-02
9.066159815088136176e-01,-3.523390156892637903e-01,2.293024219087366478e-01,3.640164011029132368e-02
9.022098770033059045e-01,-3.504439778740440214e-01,2.267529851237785610e-01,1.085791874483854613e-01
8.953799906549302356e-01,-3.475056787102947520e-01,2.157504469841657058e-01,1.760290323355984399e-01
8.817283671383475685e-01,-3.416295940382586549e-01,2.094585274013662513e-01,2.489406201479562875e-01
8.764294715351440557e-01,-3.099270360942064650e-01,1.994037261947453343e-01,3.099270360942064650e-01
8.783092238888879910e-01,-3.189732841031285848e-01,2.323184316135880056e-01,-2.699205394051491513e-01
8.817283671383475685e-01,-3.416295940382586549e-01,2.489406201479562875e-01,-2.094585274013662235e-01
8.899255267382604195e-01,-3.451583895890547038e-01,2.614009416146306219e-01,-1.434147505625015806e-01
8.961837306787487911e-01,-3.478515086698972802e-01,2.657273349029873888e-01,-7.240878584917617711e-02
8.984193920157598212e-01,-3.488133876455606908e-01,2.667804652692177814e-01,5.821577567360460237e-15
8.961837306787487911e-01,-3.478515086698972802e-01,2.657273349029873888e-01,7.240878584917630201e-02
8.899255267382604195e-01,-3.451583895890547038e-01,2.614009416146306775e-01,1.434147505625016361e-01
8.817283671383475685e-01,-3.416295940382586549e-01,2.489406201479562875e-01,2.094585274013662513e-01
8.782230796096952563e-01,-3.204273724253656752e-01,2.316043914214806210e-01,2.690909275983203175e-01
8.795702511683465286e-01,-2.860158680057580671e-01,2.504915562598402090e-01,-2.860158680057592329e-01
8.783092238888879910e-01,-3.189732841031285848e-01,2.699205394051491513e-01,-2.323184316135880056e-01
8.755755041267360150e-01,-3.389798828940653874e-01,2.949164867048351124e-01,-1.774385567908354777e-01
8.834005927406294312e-01,-3.423495891312153816e-01,3.012611802305061870e-01,-1.078974181957801232e-01
8.878256833011528570e-01,-3.442545667063934278e-01,3.032352553949462237e-01,-3.609334091208685896e-02
8.878256833011528570e-01,-3.442545667063934278e-01,3.032352553949462237e-01,3.609334091208685896e-02
8.834005927406294312e-01,-3.423495891312153816e-01,3.012611802305061315e-01,1.078974181957801926e-01
8.755755041267360150e-01,-3.389798828940653874e-01,2.949164867048351124e-01,1.774385567908354777e-01
8.783116007767707289e-01,-3.189324540247062689e-01,2.699438110213079334e-01,2.323384613059524539e-01
8.795702511683465286e-01,-2.860158680057580671e-01,2.504915562598402090e-01,2.860158680057592329e-01
8.795702511683466396e-01,-2.860158680057582892e-01,2.860158680057589553e-01,-2.504915562598404311e-01
8.764294715351441667e-01,-3.099270360942064095e-01,3.099270360942063540e-01,-1.994037261947452233e-01
8.692675010082674403e-01,-3.347589669710337446e-01,3.347589669710336890e-01,-1.422915308646809096e-01
8.748936050129844100e-01,-3.386861737424889940e-01,3.386861737424903818e-01,-7.172538838325059896e-02
8.770956024683747021e-01,-3.396345860852798548e-01,3.396345860852799103e-01,7.411371314082340324e-15
8.748936050129844100e-01,-3.386861737424889940e-01,3.386861737424903818e-01,7.172538838325059896e-02
8.692675010082674403e-01,-3.347589669710336890e-01,3.347589669710336890e-01,1.422915308646809929e-01
8.764294715351441667e-01,-3.099270360942065206e-01,3.099270360942065206e-01,1.994037261947453621e-01
8.795702511683465286e-01,-2.860158680057580671e-01,2.860158680057592329e-01,2.504915562598402090e-01
8.795702511683466396e-01,-2.504915562598404311e-01,-2.860158680057582892e-01,-2.860158680057589553e-01
8.782510010231255881e-01,-2.693569488449684135e-01,-3.199614186018140405e-01,-2.318333537632623065e-01
8.755755041267361261e-01,-2.949164867048349459e-01,-3.389798828940653319e-01,-1.774385567908353667e-01
8.834005927406293202e-01,-3.012611802305062425e-01,-3.423495891312156036e-01,-1.078974181957801509e-01
8.878256833011529681e-01,-3.032352553949460017e-01,-3.442545667063933168e-01,-3.609334091208683815e-02
8.878256833011529681e-01,-3.032352553949460017e-01,-3.442545667063933168e-01,3.609334091208683815e-02
8.834005927406294312e-01,-3.012611802305061315e-01,-3.423495891312153816e-01,1.078974181957801926e-01
8.755755041267361261e-01,-2.949164867048349459e-01,-3.389798828940653319e-01,1.774385567908353667e-01
8.783051739108347356e-01,-2.698809355624687267e-01,-3.190427639254331815e-01,2.322843449055603249e-01
8.795702511683466396e-01,-2.504915562598404311e-01,-2.860158680057582892e-01,2.860158680057589553e-01
9.053808936808663832e-01,-2.451431128665007286e-01,-2.451431128665021997e-01,-2.451431128665032821e-01
9.038780353694115810e-01,-2.689183780747284036e-01,-2.689183780747284036e-01,-1.958834067603675844e-01
8.987628196387331680e-01,-2.936445814691840406e-01,-2.936445814691839296e-01,-1.406097919158185994e-01
9.009639594537830476e-01,-3.025434940333571743e-01,-3.025434940333577849e-01,-7.210278913840675874e-02
9.031525081215230344e-01,-3.035749883256213533e-01,-3.035749883256213533e-01,6.624493064980299708e-15
9.009639594537830476e-01,-3.025434940333571743e-01,-3.025434940333577849e-01,7.210278913840681425e-02
8.987628196387331680e-01,-2.936445814691833744e-01,-2.936445814691846512e-01,1.406097919158184051e-01
9.038780353694115810e-01,-2.689183780747281260e-01,-2.689183780747287922e-01,1.958834067603674178e-01
9.053808936808663832e-01,-2.451431128665005066e-01,-2.451431128665020609e-01,2.451431128665036430e-01
8.782796341236868143e-01,-2.696325825536343701e-01,-2.320705894735873576e-01,-3.194783188424560882e-01
9.046134372058094453e-01,-2.796538884770705113e-01,-2.274513485191335116e-01,-2.274513485191349271e-01
9.020197358071710969e-01,-3.008050861136030707e-01,-2.546557889498921035e-01,-1.761451831213590169e-01
9.081102615698792846e-01,-3.059100246591960337e-01,-2.645795817134656280e-01,-1.084087385076639709e-01
9.125099924116486516e-01,-3.079803704164857381e-01,-2.667519128916818194e-01,-3.629079987608133107e-02
9.125099924116488737e-01,-3.079803704164853495e-01,-2.667519128916814308e-01,3.629079987608133800e-02
9.081102615698792846e-01,-3.059100246591960337e-01,-2.645795817134655725e-01,1.084087385076640403e-01
9.020106930950677615e-01,-3.009384064539444292e-01,-2.545708981407523996e-01,1.760864642240470845e-01
9.046134372058090012e-01,-2.796538884770823907e-01,-2.274513485191269890e-01,2.274513485191284601e-01
8.782230796096952563e-01,-2.690909275983203175e-01,-2.316043914214806210e-01,3.204273724253656752e-01
9.038780353694115810e-01,-2.689183780747281260e-01,-1.958834067603674178e-01,-2.689183780747287922e-01
9.059372059328114624e-01,-3.048868204008927663e-01,-2.077520224359852008e-01,-2.077520224359865053e-01
9.136622262486554513e-01,-3.085222797778537362e-01,-2.225571914797371265e-01,-1.431909065816623361e-01
9.195066714923780804e-01,-3.112691682256595871e-01,-2.287431217919645987e-01,-7.277066872016771382e-02
9.217341669556249339e-01,-3.123152946496667304e-01,-2.299245141225963462e-01,5.017321610304592363e-15
9.195066714923780804e-01,-3.112691682256595871e-01,-2.287431217919645432e-01,7.277066872016782484e-02
9.136622262486554513e-01,-3.085222797778537362e-01,-2.225571914797371265e-01,1.431909065816623361e-01
9.059372059328114624e-01,-3.048868204008927663e-01,-2.077520224359852008e-01,2.077520224359865053e-01
9.038780353694115810e-01,-2.689183780747279595e-01,-1.958834067603672235e-01,2.689183780747291252e-01
8.755755041267361261e-01,-2.949164867048348904e-01,-1.774385567908353389e-01,-3.389798828940652764e-01
9.020106930950677615e-01,-3.009384064539444292e-01,-1.760864642240470845e-01,-2.545708981407523996e-01
9.180518990023354142e-01,-3.105857089545724370e-01,-1.742372350150664106e-01,-1.742372350150674931e-01
9.243932496083911987e-01,-3.135635423268048338e-01,-1.881412386450147245e-01,-1.085260306241052075e-01
9.285675712897091261e-01,-3.155218423600951172e-01,-1.920142108177984308e-01,-3.658927967096790856e-02
9.285675712897091261e-01,-3.155218423600951172e-01,-1.920142108177984308e-01,3.658927967096795020e-02
9.243932496083911987e-01,-3.135635423268048894e-01,-1.881412386450147523e-01,1.085260306241052908e-01
9.180518990023354142e-01,-3.105857089545724370e-01,-1.742372350150664106e-01,1.742372350150674931e-01
9.020106930950677615e-01,-3.009384064539444292e-01,-1.760864642240470845e-01,2.545708981407523996e-01
8.755755041267361261e-01,-2.949164867048348904e-01,-1.774385567908353389e-01,3.389798828940652764e-01
8.987628196387329460e-01,-2.936445814691840961e-01,-1.406097919158186549e-01,-2.936445814691840406e-01
9.136622262486554513e-01,-3.085222797778537362e-01,-1.431909065816623361e-01,-2.225571914797371265e-01
9.280746912677362292e-01,-3.152906961768623395e-01,-1.401234176228323136e-01,-1.401234176228332018e-01
9.330019490300218710e-01,-3.176004936774677323e-01,-1.526295384932895571e-01,-7.308565865704926001e-02
9.352216780848222610e-01,-3.186403775667904226e-01,-1.543655486962759726e-01,3.368503816636902858e-15
9.330019490300218710e-01,-3.176004936774677323e-01,-1.526295384932895294e-01,7.308565865704928777e-02
9.280746912677363403e-01,-3.152906961768620620e-01,-1.401234176228322026e-01,1.401234176228331185e-01
9.136622262486554513e-01,-3.085222797778537362e-01,-1.431909065816623361e-01,2.225571914797371265e-01
8.987628196387329460e-01,-2.936445814691840961e-01,-1.406097919158186826e-01,2.936445814691840406e-01
8.834005927406293202e-01,-3.012611802305062425e-01,-1.078974181957801509e-01,-3.423495891312156036e-01
9.081102615698792846e-01,-3.059100246591960337e-01,-1.084087385076639709e-01,-2.645795817134656280e-01
9.243932496083911987e-01,-3.135635423268048894e-01,-1.085260306241052353e-01,-1.881412386450147523e-01
9.359398256515931713e-01,-3.189767207361978718e-01,-1.055236807253397829e-01,-1.055236807253404352e-01
9.394176382699642724e-01,-3.206049301408132601e-01,-1.155651758509423782e-01,-3.676506231774388095e-02
9.394176382699642724e-01,-3.206049301408132601e-01,-1.155651758509423782e-01,3.676506231774392952e-02
9.359398256515931713e-01,-3.189767207361978163e-01,-1.055236807253397552e-01,1.055236807253404491e-01
9.243932496083911987e-01,-3.135635423268048894e-01,-1.085260306241052353e-01,1.881412386450147523e-01
9.081102615698792846e-01,-3.059100246591960337e-01,-1.084087385076639709e-01,2.645795817134656835e-01
8.834005927406293202e-01,-3.012611802305062425e-01,-1.078974181957801509e-01,3.423495891312156036e-01
9.009639594537830476e-01,-3.025434940333571743e-01,-7.210278913840675874e-02,-3.025434940333577849e-01
9.195066714923780804e-01,-3.112691682256595871e-01,-7.277066872016771382e-02,-2.287431217919645987e-01
9.330019490300218710e-01,-3.176004936774677323e-01,-7.308565865704926001e-02,-1.526295384932895571e-01
9.415953767140692321e-01,-3.216239640480312301e-01,-7.055555364647324301e-02,-7.055555364647370098e-02
9.434013225565458516e-01,-3.224687228034672781e-01,-7.751043421411552004e-02,1.691401972036850959e-15
9.415953767140692321e-01,-3.216239640480312301e-01,-7.055555364647325689e-02,7.055555364647370098e-02
9.330019490300218710e-01,-3.176004936774677323e-01,-7.308565865704919062e-02,1.526295384932895294e-01
9.195066714923780804e-01,-3.112691682256595871e-01,-7.277066872016771382e-02,2.287431217919645987e-01
9.009639594537830476e-01,-3.025434940333568967e-01,-7.210278913840668935e-02,3.025434940333580625e-01
8.878256833011529681e-01,-3.032352553949460017e-01,-3.609334091208683815e-02,-3.442545667063932613e-01
9.125099924116486516e-01,-3.079803704164857381e-01,-3.629079987608133107e-02,-2.667519128916818194e-01
9.285675712897091261e-01,-3.155218423600951172e-01,-3.658927967096790856e-02,-1.920142108177984308e-01
9.394176382699642724e-01,-3.206049301408132046e-01,-3.676506231774387401e-02,-1.155651758509423643e-01
9.450038318161799733e-01,-3.232180931422455328e-01,-3.533993575424047850e-02,-3.533993575424069361e-02
9.450038318161799733e-01,-3.232180931422455328e-01,-3.533993575424046463e-02,3.533993575424070749e-02
9.394176382699642724e-01,-3.206049301408132601e-01,-3.676506231774384625e-02,1.155651758509423782e-01
9.285675712897091261e-01,-3.155218423600951172e-01,-3.658927967096790856e-02,1.920142108177984308e-01
9.125099924116488737e-01,-3.079803704164855160e-01,-3.629079987608130331e-02,2.667519128916817084e-01
8.878256833011529681e-01,-3.032352553949460017e-01,-3.609334091208683815e-02,3.442545667063932613e-01
9.031525081215230344e-01,-3.035749883256213533e-01,6.624493064980299708e-15,-3.035749883256213533e-01
9.217341669556249339e-01,-3.123152946496667304e-01,5.017321610304592363e-15,-2.299245141225963462e-01
9.352216780848222610e-01,-3.186403775667904226e-01,3.368503816636902858e-15,-1.543655486962759726e-01
9.434013225565458516e-01,-3.224687228034672781e-01,1.691401972036850959e-15,-7.751043421411552004e-02
9.461425128284008945e-01,-3.237504369398738757e-01,0.000000000000000000e+00,0.000000000000000000e+00
9.434013225565458516e-01,-3.224687228034672781e-01,1.691401972036850959e-15,7.751043421411552004e-02
9.352216780848221500e-01,-3.186403775667905891e-01,3.368503816636908380e-15,1.543655486962762224e-01
9.217341669556249339e-01,-3.123152946496667304e-01,5.017321610304593152e-15,2.299245141225963462e-01
9.031525081215229234e-01,-3.035749883256214643e-01,6.624493064980301285e-15,3.035749883256215198e-01
8.878256833011529681e-01,-3.032352553949460017e-01,3.609334091208683815e-02,-3.442545667063932613e-01
9.125099924116488737e-01,-3.079803704164853495e-01,3.629079987608133800e-02,-2.667519128916814308e-01
9.285675712897091261e-01,-3.155218423600951172e-01,3.658927967096795020e-02,-1.920142108177984308e-01
9.394176382699642724e-01,-3.206049301408132601e-01,3.676506231774392952e-02,-1.155651758509423782e-01
9.450038318161799733e-01,-3.232180931422455328e-01,3.533993575424070749e-02,-3.533993575424046463e-02
9.450038318161799733e-01,-3.232180931422455328e-01,3.533993575424047850e-02,3.533993575424069361e-02
9.394176382699642724e-01,-3.206049301408132046e-01,3.676506231774387401e-02,1.155651758509423643e-01
9.285675712897091261e-01,-3.155218423600951172e-01,3.658927967096795020e-02,1.920142108177984308e-01
9.125099924116488737e-01,-3.079803704164852940e-01,3.629079987608134494e-02,2.667519128916815419e-01
8.878256833011529681e-01,-3.032352553949460017e-01,3.609334091208683815e-02,3.442545667063932613e-01
9.009639594537829366e-01,-3.025434940333573408e-01,7.210278913840685588e-02,-3.025434940333580069e-01
9.195066714923780804e-01,-3.112691682256595871e-01,7.277066872016782484e-02,-2.287431217919645432e-01
9.330019490300218710e-01,-3.176004936774677323e-01,7.308565865704928777e-02,-1.526295384932895294e-01
9.415953767140692321e-01,-3.216239640480312301e-01,7.055555364647370098e-02,-7.055555364647325689e-02
9.434013225565458516e-01,-3.224687228034672781e-01,7.751043421411552004e-02,1.691401972036850959e-15
9.415953767140692321e-01,-3.216239640480312301e-01,7.055555364647324301e-02,7.055555364647370098e-02
9.330019490300218710e-01,-3.176004936774677323e-01,7.308565865704926001e-02,1.526295384932895571e-01
9.195066714923780804e-01,-3.112691682256595871e-01,7.277066872016782484e-02,2.287431217919645432e-01
9.009639594537830476e-01,-3.025434940333568967e-01,7.210278913840674486e-02,3.025434940333580625e-01
8.834005927406294312e-01,-3.012611802305061315e-01,1.078974181957801926e-01,-3.423495891312153816e-01
9.081102615698792846e-01,-3.059100246591960337e-01,1.084087385076640403e-01,-2.645795817134655725e-01
9.243932496083911987e-01,-3.135635423268048894e-01,1.085260306241052908e-01,-1.881412386450147523e-01
9.359398256515931713e-01,-3.189767207361978163e-01,1.055236807253404491e-01,-1.055236807253397552e-01
9.394176382699642724e-01,-3.206049301408132601e-01,1.155651758509423782e-01,-3.676506231774384625e-02
9.394176382699642724e-01,-3.206049301408132601e-01,1.155651758509423782e-01,3.676506231774388095e-02
9.359398256515931713e-01,-3.189767207361978163e-01,1.055236807253397829e-01,1.055236807253404352e-01
9.243932496083911987e-01,-3.135635423268048894e-01,1.085260306241052908e-01,1.881412386450147523e-01
9.081102615698792846e-01,-3.059100246591960337e-01,1.084087385076639709e-01,2.645795817134656835e-01
8.834005927406294312e-01,-3.012611802305061315e-01,1.078974181957801926e-01,3.423495891312153816e-01
8.987628196387330570e-01,-2.936445814691839296e-01,1.406097919158186549e-01,-2.936445814691839296e-01
9.136622262486554513e-01,-3.085222797778537362e-01,1.431909065816623361e-01,-2.225571914797371265e-01
9.280746912677362292e-01,-3.152906961768623395e-01,1.401234176228332573e-01,-1.401234176228323414e-01
9.330019490300218710e-01,-3.176004936774677323e-01,1.526295384932895294e-01,-7.308565865704919062e-02
9.352216780848221500e-01,-3.186403775667905891e-01,1.543655486962762224e-01,3.368503816636908380e-15
9.330019490300218710e-01,-3.176004936774677323e-01,1.526295384932895571e-01,7.308565865704926001e-02
9.280746912677363403e-01,-3.152906961768620620e-01,1.401234176228322026e-01,1.401234176228330630e-01
9.136622262486554513e-01,-3.085222797778537362e-01,1.431909065816623361e-01,2.225571914797371265e-01
8.987628196387329460e-01,-2.936445814691840406e-01,1.406097919158187382e-01,2.936445814691840406e-01
8.755755041267361261e-01,-2.949164867048348904e-01,1.774385567908353389e-01,-3.389798828940652764e-01
9.020106930950677615e-01,-3.009384064539444292e-01,1.760864642240470845e-01,-2.545708981407523996e-01
9.180518990023354142e-01,-3.105857089545724370e-01,1.742372350150664106e-01,-1.742372350150674931e-01
9.243932496083911987e-01,-3.135635423268048338e-01,1.881412386450147245e-01,-1.085260306241052075e-01
9.285675712897091261e-01,-3.155218423600951172e-01,1.920142108177984308e-01,-3.658927967096790856e-02
9.285675712897091261e-01,-3.155218423600951172e-01,1.920142108177984308e-01,3.658927967096795020e-02
9.243932496083911987e-01,-3.135635423268048894e-01,1.881412386450147523e-01,1.085260306241052908e-01
9.180518990023354142e-01,-3.105857089545724370e-01,1.742372350150664106e-01,1.742372350150674931e-01
9.020175513829564728e-01,-3.008373253085420695e-01,1.761309849159486962e-01,2.546352623868810561e-01
8.755755041267361261e-01,-2.949164867048348904e-01,1.774385567908353389e-01,3.389798828940652764e-01
9.038780353694115810e-01,-2.689183780747281260e-01,1.958834067603674178e-01,-2.689183780747287922e-01
9.059372059328114624e-01,-3.048868204008925442e-01,2.077520224359863665e-01,-2.077520224359850620e-01
9.136622262486554513e-01,-3.085222797778537362e-01,2.225571914797371265e-01,-1.431909065816623361e-01
9.195066714923780804e-01,-3.112691682256595871e-01,2.287431217919645987e-01,-7.277066872016771382e-02
9.217341669556249339e-01,-3.123152946496667304e-01,2.299245141225963462e-01,5.017321610304593152e-15
9.195066714923780804e-01,-3.112691682256595871e-01,2.287431217919645432e-01,7.277066872016782484e-02
9.136622262486554513e-01,-3.085222797778537362e-01,2.225571914797371265e-01,1.431909065816623361e-01
9.059372059328114624e-01,-3.048868204008924887e-01,2.077520224359852008e-01,2.077520224359863943e-01
9.038780353694115810e-01,-2.689183780747279595e-01,1.958834067603672791e-01,2.689183780747291252e-01
8.782796341236868143e-01,-2.696325825536343701e-01,2.320705894735873576e-01,-3.194783188424560882e-01
9.046134372058113327e-01,-2.796538884770284339e-01,2.274513485191569651e-01,-2.274513485191554940e-01
9.020197358071709859e-01,-3.008050861136031817e-01,2.546557889498922700e-01,-1.761451831213591002e-01
9.081102615698792846e-01,-3.059100246591960337e-01,2.645795817134656835e-01,-1.084087385076639709e-01
9.125099924116488737e-01,-3.079803704164855160e-01,2.667519128916817084e-01,-3.629079987608130331e-02
9.125099924116488737e-01,-3.079803704164852940e-01,2.667519128916815419e-01,3.629079987608134494e-02
9.081102615698792846e-01,-3.059100246591960337e-01,2.645795817134656835e-01,1.084087385076639709e-01
9.020106930950677615e-01,-3.009384064539444292e-01,2.545708981407523996e-01,1.760864642240470845e-01
9.045378736738995951e-01,-2.812975071881934630e-01,2.265865701439609969e-01,2.265865701439623847e-01
8.782510010230994979e-01,-2.693569488447180027e-01,2.318333537630468399e-01,3.199614186022526341e-01
9.053808936808663832e-01,-2.451431128665005066e-01,2.451431128665036430e-01,-2.451431128665020609e-01
9.038780353694115810e-01,-2.689183780747279595e-01,2.689183780747291252e-01,-1.958834067603672235e-01
8.987628196387329460e-01,-2.936445814691840961e-01,2.936445814691840406e-01,-1.406097919158186826e-01
9.009639594537830476e-01,-3.025434940333568967e-01,3.025434940333580625e-01,-7.210278913840668935e-02
9.031525081215229234e-01,-3.035749883256214643e-01,3.035749883256215198e-01,6.624493064980301285e-15
9.009639594537830476e-01,-3.025434940333568967e-01,3.025434940333580625e-01,7.210278913840674486e-02
8.987628196387329460e-01,-2.936445814691840406e-01,2.936445814691840406e-01,1.406097919158187382e-01
9.038780353694115810e-01,-2.689183780747279595e-01,2.689183780747291252e-01,1.958834067603672791e-01
9.053808936808663832e-01,-2.451431128665007286e-01,2.451431128665022274e-01,2.451431128665032821e-01
8.795702511683466396e-01,-2.504915562598404311e-01,2.860158680057582892e-01,-2.860158680057589553e-01
8.783092238888879910e-01,-2.699205394051491513e-01,3.189732841031285848e-01,-2.323184316135880056e-01
8.755755041267361261e-01,-2.949164867048349459e-01,3.389798828940653319e-01,-1.774385567908353667e-01
8.834005927406293202e-01,-3.012611802305062425e-01,3.423495891312156036e-01,-1.078974181957801509e-01
8.878256833011529681e-01,-3.032352553949460017e-01,3.442545667063933168e-01,-3.609334091208683815e-02
8.878256833011529681e-01,-3.032352553949460017e-01,3.442545667063933168e-01,3.609334091208683815e-02
8.834005927406294312e-01,-3.012611802305061315e-01,3.423495891312153816e-01,1.078974181957801926e-01
8.755755041267361261e-01,-2.949164867048349459e-01,3.389798828940653319e-01,1.774385567908353667e-01
8.783051739108347356e-01,-2.698809355624687267e-01,3.190427639254331815e-01,2.322843449055603249e-01
8.795702511683466396e-01,-2.504915562598404311e-01,2.860158680057582892e-01,2.860158680057589553e-01
8.783092238888879910e-01,-2.323184316135880056e-01,-3.189732841031285848e-01,-2.699205394051491513e-01
8.817283671383475685e-01,-2.489406201479562875e-01,-3.416295940382586549e-01,-2.094585274013662513e-01
8.899255267382604195e-01,-2.614009416146306775e-01,-3.451583895890547038e-01,-1.434147505625016361e-01
8.961837306787487911e-01,-2.657273349029873888e-01,-3.478515086698972802e-01,-7.240878584917617711e-02
8.984193920157598212e-01,-2.667804652692177814e-01,-3.488133876455606908e-01,5.821577567360460237e-15
8.961837306787487911e-01,-2.657273349029873888e-01,-3.478515086698972802e-01,7.240878584917630201e-02
8.899255267382604195e-01,-2.614009416146305109e-01,-3.451583895890547038e-01,1.434147505625017471e-01
8.817283671383475685e-01,-2.489406201479562875e-01,-3.416295940382586549e-01,2.094585274013662513e-01
8.782682572308977420e-01,-2.319760271607721469e-01,-3.196709204552392602e-01,2.695227147729972184e-01
8.782796341236871474e-01,-2.320705894735899111e-01,-2.696325825536372567e-01,-3.194783188424509257e-01
9.046424213150721094e-01,-2.277939388459237491e-01,-2.790016709758599833e-01,-2.277939388459251646e-01
9.020211922904499691e-01,-2.546694822083203080e-01,-3.007835785169832299e-01,-1.761546547360562653e-01
9.081102615698792846e-01,-2.645795817134656280e-01,-3.059100246591960337e-01,-1.084087385076639709e-01
9.125099924116486516e-01,-2.667519128916818194e-01,-3.079803704164857381e-01,-3.629079987608133107e-02
9.125099924116488737e-01,-2.667519128916814308e-01,-3.079803704164853495e-01,3.629079987608133800e-02
9.081102615698792846e-01,-2.645795817134655725e-01,-3.059100246591960337e-01,1.084087385076640403e-01
9.020106930950677615e-01,-2.545708981407523996e-01,-3.009384064539444292e-01,1.760864642240470845e-01
9.045617075997486323e-01,-2.268551279448199065e-01,-2.807874979312734998e-01,2.268551279448213776e-01
8.783092238888879910e-01,-2.323184316135880056e-01,-2.699205394051491513e-01,3.189732841031285848e-01
9.046424213150722204e-01,-2.277939388459237768e-01,-2.277939388459251369e-01,-2.790016709758599833e-01
9.273624192122369436e-01,-2.273745228674904362e-01,-2.273745228674914354e-01,-1.913128227129300696e-01
9.241280429119760331e-01,-2.518830076206232671e-01,-2.518830076206233226e-01,-1.381928407974125361e-01
9.238491980994295583e-01,-2.657614354541170121e-01,-2.657614354541170121e-01,-7.241807800387672911e-02
9.260254230429166844e-01,-2.669053351641621497e-01,-2.669053351641621497e-01,5.824302428712332833e-15
9.238491980994295583e-01,-2.657614354541170121e-01,-2.657614354541170676e-01,7.241807800387685401e-02
9.241280429119760331e-01,-2.518830076206232116e-01,-2.518830076206232671e-01,1.381928407974126749e-01
9.273624192122369436e-01,-2.273745228674902696e-01,-2.273745228674917129e-01,1.913128227129299030e-01
9.045873173741831863e-01,-2.271479458376980676e-01,-2.271479458376995386e-01,2.802309880245340001e-01
8.817283671383475685e-01,-2.489406201479562875e-01,-2.094585274013662235e-01,-3.416295940382586549e-01
9.273624192122369436e-01,-2.273745228674907970e-01,-1.913128227129303749e-01,-2.273745228674907692e-01
9.261302580650115912e-01,-2.600226606045945021e-01,-2.117289031660088416e-01,-1.727478874911693996e-01
9.297221218085282013e-01,-2.688460562820263466e-01,-2.269900275098410414e-01,-1.086926936483387646e-01
9.340302485829090617e-01,-2.711040086936156168e-01,-2.296964813638818215e-01,-3.646419684366049990e-02
9.340302485829090617e-01,-2.711040086936156168e-01,-2.296964813638818215e-01,3.646419684366049990e-02
9.297221218085280903e-01,-2.688460562820262356e-01,-2.269900275098410691e-01,1.086926936483388617e-01
9.261305784510932559e-01,-2.600169520916616461e-01,-2.117322705895990642e-01,1.727506349446478739e-01
9.273624192122369436e-01,-2.273745228674907970e-01,-1.913128227129303749e-01,2.273745228674907970e-01
8.817283671383475685e-01,-2.489406201479562875e-01,-2.094585274013662235e-01,3.416295940382586549e-01
9.020161612759011183e-01,-2.546222063997025109e-01,-1.761219541012090106e-01,-3.008578303598004045e-01
9.261162654216221757e-01,-2.602712159930103963e-01,-1.726282357925988942e-01,-2.115822517466010577e-01
9.343332096358185623e-01,-2.712626439751190111e-01,-1.822244900155107761e-01,-1.422401722223518850e-01
9.396819419720958688e-01,-2.740600909332918111e-01,-1.911796753647789504e-01,-7.307014586412446944e-02
9.419027597322809919e-01,-2.752198187422935649e-01,-1.925441315131994624e-01,4.201621717740813904e-15
9.396819419720957578e-01,-2.740600909332917556e-01,-1.911796753647790059e-01,7.307014586412446944e-02
9.343332096358186734e-01,-2.712626439751188445e-01,-1.822244900155105818e-01,1.422401722223518850e-01
9.261302580650117022e-01,-2.600226606045944466e-01,-1.727478874911694551e-01,2.117289031660089527e-01
9.020218000956063964e-01,-2.546751982012445126e-01,-1.761586084832870158e-01,3.007746003748832386e-01
8.899255267382604195e-01,-2.614009416146306775e-01,-1.434147505625016361e-01,-3.451583895890547038e-01
9.241280429119760331e-01,-2.518830076206233226e-01,-1.381928407974125639e-01,-2.518830076206233781e-01
9.343332096358185623e-01,-2.712626439751190111e-01,-1.422401722223518850e-01,-1.822244900155107761e-01
9.435491110970587458e-01,-2.760788862342500871e-01,-1.479328993371808176e-01,-1.077561173080296003e-01
9.473859535730986270e-01,-2.780787583044001532e-01,-1.542119992553210583e-01,-3.675212154353121874e-02
9.473859535730986270e-01,-2.780787583044001532e-01,-1.542119992553210583e-01,3.675212154353125343e-02
9.435491110970587458e-01,-2.760788862342503647e-01,-1.479328993371809009e-01,1.077561173080297530e-01
9.343332096358185623e-01,-2.712626439751190111e-01,-1.422401722223518850e-01,1.822244900155107761e-01
9.241280429119759221e-01,-2.518830076206234891e-01,-1.381928407974125916e-01,2.518830076206234891e-01
8.899255267382604195e-01,-2.614009416146306775e-01,-1.434147505625016361e-01,3.451583895890547038e-01
9.081102615698792846e-01,-2.645795817134656280e-01,-1.084087385076639709e-01,-3.059100246591960337e-01
9.297221218085282013e-01,-2.688460562820263466e-01,-1.086926936483387646e-01,-2.269900275098410414e-01
9.435491110970587458e-01,-2.760788862342500871e-01,-1.077561173080296003e-01,-1.479328993371808176e-01
9.506336393627912162e-01,-2.797691650824651877e-01,-1.129066239456562176e-01,-7.264290915229892898e-02
9.526839438401960569e-01,-2.808352266270766617e-01,-1.162965117035273804e-01,2.537776381086649835e-15
9.506336393627913273e-01,-2.797691650824648546e-01,-1.129066239456561066e-01,7.264290915229887347e-02
9.435491110970587458e-01,-2.760788862342500316e-01,-1.077561173080296142e-01,1.479328993371808454e-01
9.297221218085282013e-01,-2.688460562820260691e-01,-1.086926936483386952e-01,2.269900275098408471e-01
9.081102615698792846e-01,-2.645795817134656280e-01,-1.084087385076639709e-01,3.059100246591960337e-01
8.961837306787487911e-01,-2.657273349029873888e-01,-7.240878584917617711e-02,-3.478515086698972802e-01
9.238491980994295583e-01,-2.657614354541170121e-01,-7.241807800387672911e-02,-2.657614354541170121e-01
9.396819419720958688e-01,-2.740600909332918111e-01,-7.307014586412446944e-02,-1.911796753647789504e-01
9.506336393627912162e-01,-2.797691650824651877e-01,-7.264290915229892898e-02,-1.129066239456562176e-01
9.555279179847190330e-01,-2.823125439754511912e-01,-7.688136646594059820e-02,-3.681414071015017692e-02
9.555279179847190330e-01,-2.823125439754511912e-01,-7.688136646594058432e-02,3.681414071015021161e-02
9.506336393627913273e-01,-2.797691650824647436e-01,-7.264290915229879020e-02,1.129066239456562037e-01
9.396819419720958688e-01,-2.740600909332918111e-01,-7.307014586412446944e-02,1.911796753647789504e-01
9.238491980994294472e-01,-2.657614354541170676e-01,-7.241807800387672911e-02,2.657614354541169566e-01
8.961837306787487911e-01,-2.657273349029873888e-01,-7.240878584917617711e-02,3.478515086698972802e-01
9.125099924116486516e-01,-2.667519128916818194e-01,-3.629079987608133107e-02,-3.079803704164857381e-01
9.340302485829089507e-01,-2.711040086936155613e-01,-3.646419684366049990e-02,-2.296964813638817937e-01
9.473859535730986270e-01,-2.780787583044001532e-01,-3.675212154353121874e-02,-1.542119992553210583e-01
9.555279179847190330e-01,-2.823125439754511912e-01,-3.681414071015017692e-02,-7.688136646594059820e-02
9.581343033507038198e-01,-2.836650113054431932e-01,-3.889496244688091936e-02,8.487504534321535974e-16
9.555279179847190330e-01,-2.823125439754511912e-01,-3.681414071015016304e-02,7.688136646594059820e-02
9.473859535730986270e-01,-2.780787583044001532e-01,-3.675212154353121874e-02,1.542119992553210583e-01
9.340302485829089507e-01,-2.711040086936155613e-01,-3.646419684366050684e-02,2.296964813638818215e-01
9.125099924116486516e-01,-2.667519128916817084e-01,-3.629079987608131719e-02,3.079803704164857936e-01
8.984193920157598212e-01,-2.667804652692177814e-01,5.821577567360460237e-15,-3.488133876455606908e-01
9.260254230429166844e-01,-2.669053351641621497e-01,5.824302428712332833e-15,-2.669053351641621497e-01
9.419027597322809919e-01,-2.752198187422935649e-01,4.201621717740813904e-15,-1.925441315131994624e-01
9.526839438401960569e-01,-2.808352266270766617e-01,2.537776381086649835e-15,-1.162965117035273804e-01
9.581343033507038198e-01,-2.836650113054431932e-01,8.487504534321535974e-16,-3.889496244688091936e-02
9.581343033507038198e-01,-2.836650113054431932e-01,8.487504534321535974e-16,3.889496244688091936e-02
9.526839438401962790e-01,-2.808352266270762732e-01,2.537776381086649046e-15,1.162965117035273249e-01
9.419027597322809919e-01,-2.752198187422935649e-01,4.201621717740813904e-15,1.925441315131994624e-01
9.260254230429166844e-01,-2.669053351641621497e-01,5.824302428712332044e-15,2.669053351641621497e-01
8.984193920157598212e-01,-2.667804652692177814e-01,5.821577567360460237e-15,3.488133876455606908e-01
9.125099924116488737e-01,-2.667519128916814308e-01,3.629079987608133800e-02,-3.079803704164853495e-01
9.340302485829089507e-01,-2.711040086936155613e-01,3.646419684366049990e-02,-2.296964813638817937e-01
9.473859535730986270e-01,-2.780787583044001532e-01,3.675212154353125343e-02,-1.542119992553210583e-01
9.555279179847190330e-01,-2.823125439754511912e-01,3.681414071015021161e-02,-7.688136646594058432e-02
9.581343033507038198e-01,-2.836650113054431932e-01,3.889496244688091936e-02,8.487504534321535974e-16
9.555279179847190330e-01,-2.823125439754511912e-01,3.681414071015017692e-02,7.688136646594059820e-02
9.473859535730986270e-01,-2.780787583044001532e-01,3.675212154353121874e-02,1.542119992553210583e-01
9.340302485829089507e-01,-2.711040086936155613e-01,3.646419684366050684e-02,2.296964813638818215e-01
9.125099924116488737e-01,-2.667519128916814308e-01,3.629079987608133107e-02,3.079803704164854050e-01
8.961837306787486801e-01,-2.657273349029874998e-01,7.240878584917631589e-02,-3.478515086698973913e-01
9.238491980994295583e-01,-2.657614354541170121e-01,7.241807800387685401e-02,-2.657614354541170676e-01
9.396819419720957578e-01,-2.740600909332917556e-01,7.307014586412446944e-02,-1.911796753647790059e-01
9.506336393627913273e-01,-2.797691650824648546e-01,7.264290915229887347e-02,-1.129066239456561066e-01
9.555279179847190330e-01,-2.823125439754511912e-01,7.688136646594059820e-02,-3.681414071015016304e-02
9.555279179847190330e-01,-2.823125439754511912e-01,7.688136646594059820e-02,3.681414071015017692e-02
9.506336393627913273e-01,-2.797691650824647436e-01,7.264290915229887347e-02,1.129066239456561760e-01
9.396819419720957578e-01,-2.740600909332917556e-01,7.307014586412446944e-02,1.911796753647790059e-01
9.238491980994295583e-01,-2.657614354541170121e-01,7.241807800387685401e-02,2.657614354541170121e-01
8.961837306787486801e-01,-2.657273349029874998e-01,7.240878584917631589e-02,3.478515086698973913e-01
9.081102615698792846e-01,-2.645795817134655725e-01,1.084087385076640403e-01,-3.059100246591960337e-01
9.297221218085280903e-01,-2.688460562820262356e-01,1.086926936483388617e-01,-2.269900275098410691e-01
9.435491110970587458e-01,-2.760788862342503647e-01,1.077561173080297530e-01,-1.479328993371809009e-01
9.506336393627913273e-01,-2.797691650824647436e-01,1.129066239456562037e-01,-7.264290915229879020e-02
9.526839438401962790e-01,-2.808352266270762732e-01,1.162965117035273249e-01,2.537776381086649046e-15
9.506336393627913273e-01,-2.797691650824647436e-01,1.129066239456561760e-01,7.264290915229887347e-02
9.435491110970587458e-01,-2.760788862342500316e-01,1.077561173080296558e-01,1.479328993371807899e-01
9.297221218085282013e-01,-2.688460562820262356e-01,1.086926936483388478e-01,2.269900275098410414e-01
9.081102615698792846e-01,-2.645795817134655725e-01,1.084087385076640403e-01,3.059100246591960337e-01
8.899255267382604195e-01,-2.614009416146305109e-01,1.434147505625017471e-01,-3.451583895890547038e-01
9.241280429119759221e-01,-2.518830076206230451e-01,1.381928407974125916e-01,-2.518830076206239332e-01
9.343332096358186734e-01,-2.712626439751188445e-01,1.422401722223519127e-01,-1.822244900155106373e-01
9.435491110970587458e-01,-2.760788862342500316e-01,1.479328993371808454e-01,-1.077561173080296142e-01
9.473859535730986270e-01,-2.780787583044001532e-01,1.542119992553210583e-01,-3.675212154353121874e-02
9.473859535730986270e-01,-2.780787583044001532e-01,1.542119992553210583e-01,3.675212154353121874e-02
9.435491110970587458e-01,-2.760788862342500316e-01,1.479328993371807899e-01,1.077561173080296558e-01
9.343332096358186734e-01,-2.712626439751188445e-01,1.422401722223519127e-01,1.822244900155106373e-01
9.241280429119759221e-01,-2.518830076206233226e-01,1.381928407974125916e-01,2.518830076206237667e-01
8.899255267382604195e-01,-2.614009416146305109e-01,1.434147505625017471e-01,3.451583895890547038e-01
9.020175513829564728e-01,-2.546352623868810006e-01,1.761309849159486685e-01,-3.008373253085421251e-01
9.261305784510932559e-01,-2.600169520916616461e-01,1.727506349446478739e-01,-2.117322705895990642e-01
9.343332096358185623e-01,-2.712626439751190111e-01,1.822244900155107761e-01,-1.422401722223518850e-01
9.396819419720958688e-01,-2.740600909332918111e-01,1.911796753647789504e-01,-7.307014586412446944e-02
9.419027597322809919e-01,-2.752198187422935649e-01,1.925441315131994624e-01,4.201621717740813904e-15
9.396819419720957578e-01,-2.740600909332917556e-01,1.911796753647790059e-01,7.307014586412446944e-02
9.343332096358186734e-01,-2.712626439751188445e-01,1.822244900155105818e-01,1.422401722223518850e-01
9.261305784510931449e-01,-2.600169520916615351e-01,1.727506349446479017e-01,2.117322705895991197e-01
9.020216736155256543e-01,-2.546740086618550780e-01,1.761577856799474984e-01,3.007764688008108811e-01
8.817283671383475685e-01,-2.489406201479562875e-01,2.094585274013662235e-01,-3.416295940382586549e-01
9.273624192122369436e-01,-2.273745228674903529e-01,1.913128227129300418e-01,-2.273745228674914631e-01
9.261162654216221757e-01,-2.602712159930103408e-01,2.115822517466010577e-01,-1.726282357925989219e-01
9.297221218085282013e-01,-2.688460562820260691e-01,2.269900275098408471e-01,-1.086926936483386952e-01
9.340302485829089507e-01,-2.711040086936155613e-01,2.296964813638818215e-01,-3.646419684366050684e-02
9.340302485829089507e-01,-2.711040086936155613e-01,2.296964813638818215e-01,3.646419684366050684e-02
9.297221218085280903e-01,-2.688460562820262356e-01,2.269900275098410691e-01,1.086926936483388617e-01
9.261302580650117022e-01,-2.600226606045944466e-01,2.117289031660089527e-01,1.727478874911694551e-01
9.273624192122369436e-01,-2.273745228674907970e-01,1.913128227129303749e-01,2.273745228674907970e-01
8.817283671383475685e-01,-2.489406201479562875e-01,2.094585274013662235e-01,3.416295940382586549e-01
9.046480361741107146e-01,-2.278610551148355645e-01,2.278610551148370356e-01,-2.788738241037188592e-01
9.273624192122369436e-01,-2.273745228674902696e-01,2.273745228674917129e-01,-1.913128227129299030e-01
9.241280429119759221e-01,-2.518830076206232671e-01,2.518830076206237667e-01,-1.381928407974124806e-01
9.238491980994294472e-01,-2.657614354541170676e-01,2.657614354541169566e-01,-7.241807800387672911e-02
9.260254230429166844e-01,-2.669053351641621497e-01,2.669053351641621497e-01,5.824302428712332044e-15
9.238491980994295583e-01,-2.657614354541170121e-01,2.657614354541170121e-01,7.241807800387685401e-02
9.241280429119759221e-01,-2.518830076206233226e-01,2.518830076206237667e-01,1.381928407974125916e-01
9.273624192122369436e-01,-2.273745228674902696e-01,2.273745228674917129e-01,1.913128227129299030e-01
9.046480361741107146e-01,-2.278610551148354813e-01,2.278610551148369245e-01,2.788738241037189702e-01
8.783131130618753168e-01,-2.323512146070076945e-01,2.699586285193261159e-01,-3.189064555354283459e-01
9.046480361741107146e-01,-2.278610551148354813e-01,2.788738241037189702e-01,-2.278610551148369245e-01
9.020188935132854580e-01,-2.546478726048926888e-01,3.008175197732624873e-01,-1.761397073925514145e-01
9.081102615698792846e-01,-2.645795817134656280e-01,3.059100246591960337e-01,-1.084087385076639709e-01
9.125099924116486516e-01,-2.667519128916817084e-01,3.079803704164857936e-01,-3.629079987608131719e-02
9.125099924116488737e-01,-2.667519128916814308e-01,3.079803704164854050e-01,3.629079987608133107e-02
9.081102615698792846e-01,-2.645795817134655725e-01,3.059100246591960337e-01,1.084087385076640403e-01
9.020188935132854580e-01,-2.546478726048926888e-01,3.008175197732624873e-01,1.761397073925514145e-01
9.046480361741107146e-01,-2.278610551148354813e-01,2.788738241037189702e-01,2.278610551148369245e-01
8.783131130618753168e-01,-2.323512146070076945e-01,2.699586285193261159e-01,3.189064555354283459e-01
8.782974231801023990e-01,-2.322192570754539331e-01,3.191754160621442793e-01,-2.698053128833338699e-01
8.817283671383475685e-01,-2.489406201479562875e-01,3.416295940382586549e-01,-2.094585274013662513e-01
8.899255267382604195e-01,-2.614009416146306775e-01,3.451583895890547038e-01,-1.434147505625016361e-01
8.961837306787487911e-01,-2.657273349029873888e-01,3.478515086698972802e-01,-7.240878584917617711e-02
8.984193920157598212e-01,-2.667804652692177814e-01,3.488133876455606908e-01,5.821577567360460237e-15
8.961837306787487911e-01,-2.657273349029873888e-01,3.478515086698972802e-01,7.240878584917630201e-02
8.899255267382604195e-01,-2.614009416146305109e-01,3.451583895890547038e-01,1.434147505625017471e-01
8.817283671383475685e-01,-2.489406201479562875e-01,3.416295940382586549e-01,2.094585274013662513e-01
8.783178179362107763e-01,-2.323909388052632641e-01,3.188254691597721679e-01,2.700047823132636360e-01
8.764294715351441667e-01,-1.994037261947446960e-01,-3.099270360942055769e-01,-3.099270360942075198e-01
8.817283671383475685e-01,-2.094585274013662513e-01,-3.416295940382586549e-01,-2.489406201479562875e-01
8.953799906549302356e-01,-2.157504469841657058e-01,-3.475056787102947520e-01,-1.760290323355984399e-01
9.022098770033059045e-01,-2.267529851237785610e-01,-3.504439778740440770e-01,-1.085791874483853781e-01
9.066159815088135066e-01,-2.293024219087366755e-01,-3.523390156892637903e-01,-3.640164011029126817e-02
9.066159815088136176e-01,-2.293024219087366478e-01,-3.523390156892637903e-01,3.640164011029132368e-02
9.022098770033059045e-01,-2.267529851237785610e-01,-3.504439778740440214e-01,1.085791874483854613e-01
8.953799906549302356e-01,-2.157504469841657058e-01,-3.475056787102947520e-01,1.760290323355984399e-01
8.817283671383475685e-01,-2.094585274013662235e-01,-3.416295940382586549e-01,2.489406201479562875e-01
8.764294715351441667e-01,-1.994037261947446960e-01,-3.099270360942055769e-01,3.099270360942075198e-01
9.038780353694115810e-01,-1.958834067603675844e-01,-2.689183780747284036e-01,-2.689183780747284036e-01
9.059372059328114624e-01,-2.077520224359852008e-01,-3.048868204008927663e-01,-2.077520224359865053e-01
9.136622262486554513e-01,-2.225571914797371265e-01,-3.085222797778537362e-01,-1.431909065816623361e-01
9.195066714923780804e-01,-2.287431217919645987e-01,-3.112691682256595871e-01,-7.277066872016771382e-02
9.217341669556249339e-01,-2.299245141225963462e-01,-3.123152946496667304e-01,5.017321610304592363e-15
9.195066714923780804e-01,-2.287431217919645432e-01,-3.112691682256595871e-01,7.277066872016782484e-02
9.136622262486554513e-01,-2.225571914797371265e-01,-3.085222797778537362e-01,1.431909065816623361e-01
9.059372059328114624e-01,-2.077520224359852008e-01,-3.048868204008927663e-01,2.077520224359865053e-01
9.038780353694115810e-01,-1.958834067603673623e-01,-2.689183780747280705e-01,2.689183780747289587e-01
8.817283671383475685e-01,-2.094585274013662235e-01,-2.489406201479562875e-01,-3.416295940382586549e-01
9.273624192122369436e-01,-1.913128227129301251e-01,-2.273745228674905194e-01,-2.273745228674912688e-01
9.261232081671131322e-01,-2.116549139792472389e-01,-2.601480751604349217e-01,-1.726875203163570072e-01
9.297221218085282013e-01,-2.269900275098410414e-01,-2.688460562820263466e-01,-1.086926936483387646e-01
9.340302485829089507e-01,-2.296964813638817937e-01,-2.711040086936155613e-01,-3.646419684366049296e-02
9.340302485829089507e-01,-2.296964813638817937e-01,-2.711040086936155613e-01,3.646419684366049296e-02
9.297221218085280903e-01,-2.269900275098410691e-01,-2.688460562820262356e-01,1.086926936483388617e-01
9.261317349913936736e-01,-2.117444300193198903e-01,-2.599963387885501631e-01,1.727605557243145351e-01
9.273624192122369436e-01,-1.913128227129300418e-01,-2.273745228674903529e-01,2.273745228674915186e-01
8.817283671383475685e-01,-2.094585274013662235e-01,-2.489406201479562875e-01,3.416295940382586549e-01
9.059372059328114624e-01,-2.077520224359850620e-01,-2.077520224359863665e-01,-3.048868204008925442e-01
9.470032937432623088e-01,-1.854586761153828589e-01,-1.854586761153839969e-01,-1.854586761153844410e-01
9.454689752877929454e-01,-2.096379346542860400e-01,-2.096379346542860400e-01,-1.348787955018184159e-01
9.435962662847967586e-01,-2.284138261174624429e-01,-2.284138261174628870e-01,-7.266590899558036942e-02
9.457607813509177896e-01,-2.297134567874740962e-01,-2.297134567874741240e-01,5.012716000795910819e-15
9.435962662847968696e-01,-2.284138261174620543e-01,-2.284138261174629148e-01,7.266590899558034167e-02
9.454689752877929454e-01,-2.096379346542860400e-01,-2.096379346542860400e-01,1.348787955018184437e-01
9.470032937432624198e-01,-1.854586761153824148e-01,-1.854586761153835250e-01,1.854586761153847740e-01
9.059372059328115734e-01,-2.077520224359849232e-01,-2.077520224359861722e-01,3.048868204008924887e-01
8.953799906549302356e-01,-2.157504469841657058e-01,-1.760290323355984399e-01,-3.475056787102947520e-01
9.261023281770980331e-01,-2.114369849287778547e-01,-1.725097137791832824e-01,-2.605173272567697929e-01
9.462780294501271783e-01,-2.193832773540799475e-01,-1.679715282382206742e-01,-1.679715282382216734e-01
9.483506505776263529e-01,-2.312655877684645644e-01,-1.880858878172086690e-01,-1.084941024531374393e-01
9.524294234329183650e-01,-2.337037172018605335e-01,-1.921461679151922342e-01,-3.661442476372197413e-02
9.524294234329183650e-01,-2.337037172018605335e-01,-1.921461679151922342e-01,3.661442476372201577e-02
9.483506505776263529e-01,-2.312655877684644812e-01,-1.880858878172086690e-01,1.084941024531374670e-01
9.462924489191382182e-01,-2.190479579704013857e-01,-1.681496256725201754e-01,1.681496256725212302e-01
9.261023281770978111e-01,-2.114369849287780490e-01,-1.725097137791833934e-01,2.605173272567699039e-01
8.953799906549302356e-01,-2.157504469841657058e-01,-1.760290323355984399e-01,3.475056787102947520e-01
9.136622262486554513e-01,-2.225571914797371265e-01,-1.431909065816623361e-01,-3.085222797778537362e-01
9.454689752877929454e-01,-2.096379346542856792e-01,-1.348787955018181939e-01,-2.096379346542865951e-01
9.519469916609477611e-01,-2.334157379045742609e-01,-1.402034563877337381e-01,-1.402034563877345985e-01
9.567798372584498390e-01,-2.362958369217534327e-01,-1.528940138146332450e-01,-7.321230093907241110e-02
9.589643216369069245e-01,-2.375942067358732535e-01,-1.547140030928625121e-01,3.376107650359770643e-15
9.567798372584497280e-01,-2.362958369217536825e-01,-1.528940138146334671e-01,7.321230093907260539e-02
9.519469916609477611e-01,-2.334157379045742609e-01,-1.402034563877337103e-01,1.402034563877346263e-01
9.454689752877929454e-01,-2.096379346542860955e-01,-1.348787955018183882e-01,2.096379346542860400e-01
9.136622262486552293e-01,-2.225571914797371542e-01,-1.431909065816623916e-01,3.085222797778539583e-01
9.022098770033059045e-01,-2.267529851237785610e-01,-1.085791874483853781e-01,-3.504439778740440770e-01
9.297221218085282013e-01,-2.269900275098410414e-01,-1.086926936483387646e-01,-2.688460562820263466e-01
9.483506505776263529e-01,-2.312655877684645644e-01,-1.084941024531374393e-01,-1.880858878172086690e-01
9.596720357328051287e-01,-2.380143866887309001e-01,-1.057798080014351882e-01,-1.057798080014358266e-01
9.631060251055481025e-01,-2.400500472929434082e-01,-1.159408755096910520e-01,-3.688458466749105352e-02
9.631060251055481025e-01,-2.400500472929433804e-01,-1.159408755096910104e-01,3.688458466749109516e-02
9.596720357328049067e-01,-2.380143866887311777e-01,-1.057798080014352993e-01,1.057798080014360209e-01
9.483506505776263529e-01,-2.312655877684645644e-01,-1.084941024531374393e-01,1.880858878172086690e-01
9.297221218085282013e-01,-2.269900275098410414e-01,-1.086926936483387923e-01,2.688460562820263466e-01
9.022098770033059045e-01,-2.267529851237785610e-01,-1.085791874483853781e-01,3.504439778740440770e-01
9.195066714923780804e-01,-2.287431217919645987e-01,-7.277066872016771382e-02,-3.112691682256595871e-01
9.435962662847967586e-01,-2.284138261174624429e-01,-7.266590899558036942e-02,-2.284138261174628870e-01
9.567798372584498390e-01,-2.362958369217534327e-01,-7.321230093907241110e-02,-1.528940138146332450e-01
9.652619799045336624e-01,-2.413254470945399577e-01,-7.082139060834655164e-02,-7.082139060834698185e-02
9.670531657716099350e-01,-2.423835238062257147e-01,-7.783573702602115951e-02,1.698500601055576927e-15
9.652619799045336624e-01,-2.413254470945399854e-01,-7.082139060834656552e-02,7.082139060834700961e-02
9.567798372584497280e-01,-2.362958369217536547e-01,-7.321230093907254988e-02,1.528940138146335503e-01
9.435962662847967586e-01,-2.284138261174624429e-01,-7.266590899558036942e-02,2.284138261174628870e-01
9.195066714923780804e-01,-2.287431217919645432e-01,-7.277066872016771382e-02,3.112691682256595871e-01
9.066159815088135066e-01,-2.293024219087366755e-01,-3.640164011029126817e-02,-3.523390156892637903e-01
9.340302485829089507e-01,-2.296964813638817937e-01,-3.646419684366049990e-02,-2.711040086936155613e-01
9.524294234329183650e-01,-2.337037172018605335e-01,-3.661442476372197413e-02,-1.921461679151922342e-01
9.631060251055481025e-01,-2.400500472929433804e-01,-3.688458466749104658e-02,-1.159408755096910243e-01
9.686450866567616336e-01,-2.433227302973422768e-01,-3.550172542540401543e-02,-3.550172542540422360e-02
9.686450866567616336e-01,-2.433227302973422768e-01,-3.550172542540399462e-02,3.550172542540422360e-02
9.631060251055479915e-01,-2.400500472929437135e-01,-3.688458466749108822e-02,1.159408755096912880e-01
9.524294234329183650e-01,-2.337037172018605335e-01,-3.661442476372197413e-02,1.921461679151922342e-01
9.340302485829088397e-01,-2.296964813638819880e-01,-3.646419684366053460e-02,2.711040086936157278e-01
9.066159815088135066e-01,-2.293024219087366755e-01,-3.640164011029126817e-02,3.523390156892637903e-01
9.217341669556249339e-01,-2.299245141225963462e-01,5.017321610304592363e-15,-3.123152946496667304e-01
9.457607813509177896e-01,-2.297134567874740962e-01,5.012716000795910819e-15,-2.297134567874741240e-01
9.589643216369069245e-01,-2.375942067358732535e-01,3.376107650359770643e-15,-1.547140030928625121e-01
9.670531657716099350e-01,-2.423835238062257147e-01,1.698500601055576927e-15,-7.783573702602115951e-02
9.697776776849538205e-01,-2.439902782161162687e-01,0.000000000000000000e+00,0.000000000000000000e+00
9.670531657716099350e-01,-2.423835238062257147e-01,1.698500601055576927e-15,7.783573702602115951e-02
9.589643216369068135e-01,-2.375942067358731702e-01,3.376107650359772221e-15,1.547140030928625676e-01
9.457607813509177896e-01,-2.297134567874740962e-01,5.012716000795910819e-15,2.297134567874741240e-01
9.217341669556249339e-01,-2.299245141225963462e-01,5.017321610304592363e-15,3.123152946496666749e-01
9.066159815088135066e-01,-2.293024219087366755e-01,3.640164011029132368e-02,-3.523390156892637903e-01
9.340302485829089507e-01,-2.296964813638817937e-01,3.646419684366049990e-02,-2.711040086936155613e-01
9.524294234329183650e-01,-2.337037172018605335e-01,3.661442476372201577e-02,-1.921461679151922342e-01
9.631060251055481025e-01,-2.400500472929433804e-01,3.688458466749109516e-02,-1.159408755096910104e-01
9.686450866567616336e-01,-2.433227302973422768e-01,3.550172542540422360e-02,-3.550172542540399462e-02
9.686450866567616336e-01,-2.433227302973422768e-01,3.550172542540401543e-02,3.550172542540422360e-02
9.631060251055479915e-01,-2.400500472929437135e-01,3.688458466749111597e-02,1.159408755096912880e-01
9.524294234329183650e-01,-2.337037172018605335e-01,3.661442476372201577e-02,1.921461679151922342e-01
9.340302485829088397e-01,-2.296964813638819880e-01,3.646419684366053460e-02,2.711040086936157278e-01
9.066159815088135066e-01,-2.293024219087366755e-01,3.640164011029132368e-02,3.523390156892637903e-01
9.195066714923780804e-01,-2.287431217919645432e-01,7.277066872016782484e-02,-3.112691682256595871e-01
9.435962662847968696e-01,-2.284138261174620543e-01,7.266590899558034167e-02,-2.284138261174629148e-01
9.567798372584497280e-01,-2.362958369217536825e-01,7.321230093907260539e-02,-1.528940138146334671e-01
9.652619799045336624e-01,-2.413254470945399299e-01,7.082139060834699573e-02,-7.082139060834655164e-02
9.670531657716099350e-01,-2.423835238062257147e-01,7.783573702602115951e-02,1.698500601055576927e-15
9.652619799045336624e-01,-2.413254470945399577e-01,7.082139060834655164e-02,7.082139060834698185e-02
9.567798372584497280e-01,-2.362958369217536547e-01,7.321230093907254988e-02,1.528940138146335503e-01
9.435962662847967586e-01,-2.284138261174621931e-01,7.266590899558039718e-02,2.284138261174631090e-01
9.195066714923780804e-01,-2.287431217919645154e-01,7.277066872016781096e-02,3.112691682256595316e-01
9.022098770033059045e-01,-2.267529851237785610e-01,1.085791874483854613e-01,-3.504439778740440214e-01
9.297221218085280903e-01,-2.269900275098410691e-01,1.086926936483388617e-01,-2.688460562820262356e-01
9.483506505776263529e-01,-2.312655877684644812e-01,1.084941024531374670e-01,-1.880858878172086690e-01
9.596720357328049067e-01,-2.380143866887311777e-01,1.057798080014360209e-01,-1.057798080014352993e-01
9.631060251055479915e-01,-2.400500472929437135e-01,1.159408755096912880e-01,-3.688458466749108822e-02
9.631060251055479915e-01,-2.400500472929437135e-01,1.159408755096912880e-01,3.688458466749111597e-02
9.596720357328049067e-01,-2.380143866887311777e-01,1.057798080014353409e-01,1.057798080014359793e-01
9.483506505776263529e-01,-2.312655877684644812e-01,1.084941024531374670e-01,1.880858878172086690e-01
9.297221218085282013e-01,-2.269900275098410414e-01,1.086926936483388478e-01,2.688460562820263466e-01
9.022098770033059045e-01,-2.267529851237785610e-01,1.085791874483854613e-01,3.504439778740440214e-01
9.136622262486554513e-01,-2.225571914797371265e-01,1.431909065816623361e-01,-3.085222797778537362e-01
9.454689752877929454e-01,-2.096379346542859012e-01,1.348787955018183604e-01,-2.096379346542862621e-01
9.519469916609477611e-01,-2.334157379045742609e-01,1.402034563877346263e-01,-1.402034563877337103e-01
9.567798372584497280e-01,-2.362958369217536270e-01,1.528940138146335226e-01,-7.321230093907253600e-02
9.589643216369068135e-01,-2.375942067358731702e-01,1.547140030928625676e-01,3.376107650359772221e-15
9.567798372584497280e-01,-2.362958369217536270e-01,1.528940138146335226e-01,7.321230093907253600e-02
9.519469916609477611e-01,-2.334157379045742609e-01,1.402034563877337381e-01,1.402034563877345985e-01
9.454689752877928344e-01,-2.096379346542859845e-01,1.348787955018183882e-01,2.096379346542866229e-01
9.136622262486552293e-01,-2.225571914797371542e-01,1.431909065816623916e-01,3.085222797778539583e-01
8.953799906549302356e-01,-2.157504469841657058e-01,1.760290323355984399e-01,-3.475056787102947520e-01
9.261138869754311775e-01,-2.115574049876706719e-01,1.726079635243726873e-01,-2.603133182803173962e-01
9.462924489191382182e-01,-2.190479579704013857e-01,1.681496256725201754e-01,-1.681496256725212302e-01
9.483506505776263529e-01,-2.312655877684645644e-01,1.880858878172086690e-01,-1.084941024531374393e-01
9.524294234329183650e-01,-2.337037172018605335e-01,1.921461679151922342e-01,-3.661442476372197413e-02
9.524294234329183650e-01,-2.337037172018605335e-01,1.921461679151922342e-01,3.661442476372201577e-02
9.483506505776263529e-01,-2.312655877684644812e-01,1.880858878172086690e-01,1.084941024531374670e-01
9.462924489191382182e-01,-2.190479579704013857e-01,1.681496256725201754e-01,1.681496256725212302e-01
9.261138869754311775e-01,-2.115574049876706719e-01,1.726079635243726595e-01,2.603133182803173962e-01
8.953799906549302356e-01,-2.157504469841657058e-01,1.760290323355984399e-01,3.475056787102947520e-01
9.059372059328114624e-01,-2.077520224359850620e-01,2.077520224359863665e-01,-3.048868204008925442e-01
9.470032937432624198e-01,-1.854586761153824148e-01,1.854586761153847740e-01,-1.854586761153835250e-01
9.454689752877929454e-01,-2.096379346542860955e-01,2.096379346542860400e-01,-1.348787955018183882e-01
9.435962662847967586e-01,-2.284138261174624429e-01,2.284138261174628870e-01,-7.266590899558036942e-02
9.457607813509177896e-01,-2.297134567874740962e-01,2.297134567874741240e-01,5.012716000795910819e-15
9.435962662847969806e-01,-2.284138261174620266e-01,2.284138261174629425e-01,7.266590899558035554e-02
9.454689752877929454e-01,-2.096379346542860400e-01,2.096379346542860400e-01,1.348787955018184437e-01
9.470032937432623088e-01,-1.854586761153827201e-01,1.854586761153838859e-01,1.854586761153846908e-01
9.059372059328115734e-01,-2.077520224359848955e-01,2.077520224359861722e-01,3.048868204008925442e-01
8.817283671383475685e-01,-2.094585274013662235e-01,2.489406201479562875e-01,-3.416295940382586549e-01
9.273624192122369436e-01,-1.913128227129303749e-01,2.273745228674907970e-01,-2.273745228674907970e-01
9.261317349913934516e-01,-2.117444300193200568e-01,2.599963387885503296e-01,-1.727605557243146739e-01
9.297221218085282013e-01,-2.269900275098410136e-01,2.688460562820262911e-01,-1.086926936483387646e-01
9.340302485829088397e-01,-2.296964813638819880e-01,2.711040086936157278e-01,-3.646419684366053460e-02
9.340302485829088397e-01,-2.296964813638819880e-01,2.711040086936157278e-01,3.646419684366053460e-02
9.297221218085282013e-01,-2.269900275098410414e-01,2.688460562820263466e-01,1.086926936483388478e-01
9.261317349913934516e-01,-2.117444300193200568e-01,2.599963387885503296e-01,1.727605557243146739e-01
9.273624192122369436e-01,-1.913128227129302916e-01,2.273745228674908525e-01,2.273745228674908525e-01
8.817283671383475685e-01,-2.094585274013662235e-01,2.489406201479562875e-01,3.416295940382586549e-01
9.038780353694115810e-01,-1.958834067603672235e-01,2.689183780747291252e-01,-2.689183780747279595e-01
9.059372059328115734e-01,-2.077520224359849232e-01,3.048868204008924887e-01,-2.077520224359861722e-01
9.136622262486552293e-01,-2.225571914797371542e-01,3.085222797778539583e-01,-1.431909065816623916e-01
9.195066714923781914e-01,-2.287431217919645710e-01,3.112691682256595871e-01,-7.277066872016771382e-02
9.217341669556249339e-01,-2.299245141225963462e-01,3.123152946496666749e-01,5.017321610304592363e-15
9.195066714923781914e-01,-2.287431217919645432e-01,3.112691682256595871e-01,7.277066872016782484e-02
9.136622262486552293e-01,-2.225571914797371542e-01,3.085222797778539583e-01,1.431909065816623916e-01
9.059372059328115734e-01,-2.077520224359848955e-01,3.048868204008925442e-01,2.077520224359861722e-01
9.038780353694115810e-01,-1.958834067603675289e-01,2.689183780747284591e-01,2.689183780747284036e-01
8.764294715351441667e-01,-1.994037261947452233e-01,3.099270360942064095e-01,-3.099270360942063540e-01
8.817283671383475685e-01,-2.094585274013662513e-01,3.416295940382586549e-01,-2.489406201479562875e-01
8.953799906549302356e-01,-2.157504469841657058e-01,3.475056787102947520e-01,-1.760290323355984399e-01
9.022098770033059045e-01,-2.267529851237785610e-01,3.504439778740440770e-01,-1.085791874483853781e-01
9.066159815088135066e-01,-2.293024219087366755e-01,3.523390156892637903e-01,-3.640164011029126817e-02
9.066159815088136176e-01,-2.293024219087366478e-01,3.523390156892637903e-01,3.640164011029132368e-02
9.022098770033059045e-01,-2.267529851237785610e-01,3.504439778740440214e-01,1.085791874483854613e-01
8.953799906549302356e-01,-2.157504469841657058e-01,3.475056787102947520e-01,1.760290323355984399e-01
8.817283671383475685e-01,-2.094585274013662235e-01,3.416295940382586549e-01,2.489406201479562875e-01
8.764294715351442777e-01,-1.994037261947448347e-01,3.099270360942057989e-01,3.099270360942072977e-01
8.755755041267362371e-01,-1.774385567908353667e-01,-3.389798828940653319e-01,-2.949164867048349459e-01
8.953799906549302356e-01,-1.760290323355984399e-01,-3.475056787102947520e-01,-2.157504469841657058e-01
9.069253766861992139e-01,-1.819032734889683423e-01,-3.524720693603332067e-01,-1.419894381193113342e-01
9.123779023896808615e-01,-1.906834971845634830e-01,-3.548165714526723691e-01,-7.288050325732663148e-02
9.146363948308867675e-01,-1.919778998102303347e-01,-3.557875085429663686e-01,4.189265633960065504e-15
9.123779023896808615e-01,-1.906834971845634830e-01,-3.548165714526723691e-01,7.288050325732663148e-02
9.069253766861992139e-01,-1.819032734889682590e-01,-3.524720693603332067e-01,1.419894381193113897e-01
8.953799906549302356e-01,-1.760290323355984399e-01,-3.475056787102947520e-01,2.157504469841657058e-01
8.755755041267360150e-01,-1.774385567908355055e-01,-3.389798828940654429e-01,2.949164867048351679e-01
8.755755041267361261e-01,-1.774385567908353389e-01,-2.949164867048348904e-01,-3.389798828940652764e-01
9.020152265395580127e-01,-1.761158835755939900e-01,-3.008716135356142019e-01,-2.546134301478491513e-01
9.180518990023354142e-01,-1.742372350150664106e-01,-3.105857089545724370e-01,-1.742372350150674931e-01
9.243932496083911987e-01,-1.881412386450147245e-01,-3.135635423268048338e-01,-1.085260306241052075e-01
9.285675712897091261e-01,-1.920142108177984308e-01,-3.155218423600951172e-01,-3.658927967096790856e-02
9.285675712897091261e-01,-1.920142108177984308e-01,-3.155218423600951172e-01,3.658927967096795020e-02
9.243932496083911987e-01,-1.881412386450147523e-01,-3.135635423268048894e-01,1.085260306241052908e-01
9.180518990023354142e-01,-1.742372350150664106e-01,-3.105857089545724370e-01,1.742372350150674931e-01
9.020222567669408109e-01,-1.761615795559927089e-01,-3.007678536055152785e-01,2.546794935265579429e-01
8.755755041267361261e-01,-1.774385567908353389e-01,-2.949164867048348904e-01,3.389798828940652764e-01
9.020222567669409219e-01,-1.761615795559926256e-01,-2.546794935265577764e-01,-3.007678536055151675e-01
9.261138869754312886e-01,-1.726079635243725763e-01,-2.603133182803171741e-01,-2.115574049876705609e-01
9.343332096358185623e-01,-1.822244900155107761e-01,-2.712626439751190111e-01,-1.422401722223518850e-01
9.396819419720958688e-01,-1.911796753647789504e-01,-2.740600909332918111e-01,-7.307014586412446944e-02
9.419027597322809919e-01,-1.925441315131994624e-01,-2.752198187422935649e-01,4.201621717740813904e-15
9.396819419720957578e-01,-1.911796753647790059e-01,-2.740600909332917556e-01,7.307014586412446944e-02
9.343332096358186734e-01,-1.822244900155105818e-01,-2.712626439751188445e-01,1.422401722223518850e-01
9.261023281770979221e-01,-1.725097137791832547e-01,-2.605173272567696818e-01,2.114369849287778824e-01
9.020175513829564728e-01,-1.761309849159486685e-01,-2.546352623868810006e-01,3.008373253085421251e-01
8.953799906549302356e-01,-1.760290323355984399e-01,-2.157504469841657058e-01,-3.475056787102947520e-01
9.261317349913935626e-01,-1.727605557243145074e-01,-2.117444300193198625e-01,-2.599963387885501076e-01
9.462567957146807984e-01,-1.677123384014494734e-01,-2.198709159020813264e-01,-1.677123384014504726e-01
9.483506505776263529e-01,-1.880858878172086690e-01,-2.312655877684645644e-01,-1.084941024531374393e-01
9.524294234329183650e-01,-1.921461679151922342e-01,-2.337037172018605335e-01,-3.661442476372197413e-02
9.524294234329183650e-01,-1.921461679151922342e-01,-2.337037172018605335e-01,3.661442476372201577e-02
9.483506505776263529e-01,-1.880858878172086690e-01,-2.312655877684644812e-01,1.084941024531374670e-01
9.462567957146741371e-01,-1.677123384013696483e-01,-2.198709159022317894e-01,1.677123384013706475e-01
9.261317349913934516e-01,-1.727605557243146739e-01,-2.117444300193200568e-01,2.599963387885503296e-01
8.953799906549302356e-01,-1.760290323355984399e-01,-2.157504469841657058e-01,3.475056787102947520e-01
9.180518990023354142e-01,-1.742372350150664106e-01,-1.742372350150674931e-01,-3.105857089545724370e-01
9.462780294501271783e-01,-1.679715282382206742e-01,-1.679715282382216734e-01,-2.193832773540799475e-01
9.628923517122381925e-01,-1.670774986817541441e-01,-1.670774986817541441e-01,-1.304167852792433302e-01
9.602449543249533814e-01,-1.905584235955116723e-01,-1.905584235955121164e-01,-7.283269929815405774e-02
9.623974421965627579e-01,-1.920822262125176927e-01,-1.920822262125177204e-01,4.191542203358153131e-15
9.602449543249531594e-01,-1.905584235955120886e-01,-1.905584235955121442e-01,7.283269929815422428e-02
9.628923517122381925e-01,-1.670774986817545604e-01,-1.670774986817538388e-01,1.304167852792432192e-01
9.462821547094570906e-01,-1.680223047218054877e-01,-1.680223047218065147e-01,2.192876966689473739e-01
9.180518990023353032e-01,-1.742372350150665217e-01,-1.742372350150676041e-01,3.105857089545726590e-01
9.069253766861992139e-01,-1.819032734889683423e-01,-1.419894381193113342e-01,-3.524720693603332067e-01
9.343332096358185623e-01,-1.822244900155107761e-01,-1.422401722223518850e-01,-2.712626439751190111e-01
9.628923517122381925e-01,-1.670774986817541718e-01,-1.304167852792433302e-01,-1.670774986817541441e-01
9.639978365124631798e-01,-1.932122023039452852e-01,-1.476714159704856366e-01,-1.075656496536948198e-01
9.677431105543670142e-01,-1.958467870083432094e-01,-1.541667355617692137e-01,-3.674133420678076661e-02
9.677431105543670142e-01,-1.958467870083432094e-01,-1.541667355617692137e-01,3.674133420678080131e-02
9.639978365124632909e-01,-1.932122023039449799e-01,-1.476714159704854146e-01,1.075656496536947365e-01
9.628923517122381925e-01,-1.670774986817541441e-01,-1.304167852792433302e-01,1.670774986817541441e-01
9.343332096358185623e-01,-1.822244900155107483e-01,-1.422401722223518850e-01,2.712626439751190111e-01
9.069253766861992139e-01,-1.819032734889683423e-01,-1.419894381193113342e-01,3.524720693603332067e-01
9.243932496083911987e-01,-1.881412386450147245e-01,-1.085260306241052075e-01,-3.135635423268048338e-01
9.483506505776263529e-01,-1.880858878172086412e-01,-1.084941024531374254e-01,-2.312655877684645367e-01
9.639978365124631798e-01,-1.932122023039453129e-01,-1.075656496536948337e-01,-1.476714159704856644e-01
9.709302929722426478e-01,-1.980781385798241201e-01,-1.130146851652103213e-01,-7.271243458030866857e-02
9.729504360990830492e-01,-1.994874603824006998e-01,-1.164997941834414602e-01,2.542212330786756147e-15
9.709302929722426478e-01,-1.980781385798241201e-01,-1.130146851652103351e-01,7.271243458030868245e-02
9.639978365124631798e-01,-1.932122023039452574e-01,-1.075656496536948475e-01,1.476714159704857754e-01
9.483506505776263529e-01,-1.880858878172086690e-01,-1.084941024531374254e-01,2.312655877684645367e-01
9.243932496083911987e-01,-1.881412386450146690e-01,-1.085260306241051936e-01,3.135635423268048894e-01
9.123779023896808615e-01,-1.906834971845634830e-01,-7.288050325732663148e-02,-3.548165714526723691e-01
9.396819419720958688e-01,-1.911796753647789504e-01,-7.307014586412446944e-02,-2.740600909332918111e-01
9.602449543249533814e-01,-1.905584235955116723e-01,-7.283269929815405774e-02,-1.905584235955121164e-01
9.709302929722426478e-01,-1.980781385798241201e-01,-7.271243458030868245e-02,-1.130146851652103351e-01
9.757628778535116787e-01,-2.014431750974082225e-01,-7.710022820079362460e-02,-3.691894122389385857e-02
9.757628778535116787e-01,-2.014431750974081947e-01,-7.710022820079362460e-02,3.691894122389387939e-02
9.709302929722426478e-01,-1.980781385798240646e-01,-7.271243458030868245e-02,1.130146851652104045e-01
9.602449543249533814e-01,-1.905584235955116723e-01,-7.283269929815405774e-02,1.905584235955121164e-01
9.396819419720958688e-01,-1.911796753647789504e-01,-7.307014586412448331e-02,2.740600909332918667e-01
9.123779023896808615e-01,-1.906834971845634830e-01,-7.288050325732663148e-02,3.548165714526723691e-01
9.285675712897091261e-01,-1.920142108177984308e-01,-3.658927967096790856e-02,-3.155218423600951172e-01
9.524294234329183650e-01,-1.921461679151922342e-01,-3.661442476372197413e-02,-2.337037172018605335e-01
9.677431105543670142e-01,-1.958467870083432094e-01,-3.674133420678076661e-02,-1.541667355617692137e-01
9.757628778535116787e-01,-2.014431750974082225e-01,-3.691894122389385857e-02,-7.710022820079362460e-02
9.783508891039448541e-01,-2.032363939016190724e-01,-3.904492263261027246e-02,8.520228251643126983e-16
9.757628778535116787e-01,-2.014431750974082225e-01,-3.691894122389383776e-02,7.710022820079362460e-02
9.677431105543670142e-01,-1.958467870083431817e-01,-3.674133420678077355e-02,1.541667355617692414e-01
9.524294234329183650e-01,-1.921461679151922342e-01,-3.661442476372197413e-02,2.337037172018605335e-01
9.285675712897091261e-01,-1.920142108177984308e-01,-3.658927967096790856e-02,3.155218423600951172e-01
9.146363948308867675e-01,-1.919778998102303347e-01,4.189265633960065504e-15,-3.557875085429663686e-01
9.419027597322809919e-01,-1.925441315131994624e-01,4.201621717740813904e-15,-2.752198187422935649e-01
9.623974421965627579e-01,-1.920822262125176927e-01,4.191542203358153131e-15,-1.920822262125177204e-01
9.729504360990830492e-01,-1.994874603824006998e-01,2.542212330786756147e-15,-1.164997941834414602e-01
9.783508891039448541e-01,-2.032363939016190724e-01,8.520228251643126983e-16,-3.904492263261027246e-02
9.783508891039448541e-01,-2.032363939016190724e-01,8.520228251643126983e-16,3.904492263261027246e-02
9.729504360990830492e-01,-1.994874603824006443e-01,2.542212330786758119e-15,1.164997941834415573e-01
9.623974421965627579e-01,-1.920822262125176927e-01,4.191542203358153131e-15,1.920822262125177204e-01
9.419027597322808809e-01,-1.925441315131995179e-01,4.201621717740814693e-15,2.752198187422934539e-01
9.146363948308867675e-01,-1.919778998102303347e-01,4.189265633960065504e-15,3.557875085429663686e-01
9.285675712897091261e-01,-1.920142108177984308e-01,3.658927967096795020e-02,-3.155218423600951172e-01
9.524294234329183650e-01,-1.921461679151922342e-01,3.661442476372201577e-02,-2.337037172018605335e-01
9.677431105543670142e-01,-1.958467870083432094e-01,3.674133420678080131e-02,-1.541667355617692137e-01
9.757628778535116787e-01,-2.014431750974081947e-01,3.691894122389387939e-02,-7.710022820079362460e-02
9.783508891039448541e-01,-2.032363939016190724e-01,3.904492263261027246e-02,8.520228251643126983e-16
9.757628778535116787e-01,-2.014431750974081670e-01,3.691894122389392796e-02,7.710022820079376338e-02
9.677431105543670142e-01,-1.958467870083431817e-01,3.674133420678077355e-02,1.541667355617692414e-01
9.524294234329183650e-01,-1.921461679151922342e-01,3.661442476372201577e-02,2.337037172018605335e-01
9.285675712897091261e-01,-1.920142108177984308e-01,3.658927967096795020e-02,3.155218423600951172e-01
9.123779023896808615e-01,-1.906834971845634830e-01,7.288050325732663148e-02,-3.548165714526723691e-01
9.396819419720957578e-01,-1.911796753647790059e-01,7.307014586412446944e-02,-2.740600909332917556e-01
9.602449543249531594e-01,-1.905584235955120886e-01,7.283269929815422428e-02,-1.905584235955121442e-01
9.709302929722426478e-01,-1.980781385798241201e-01,7.271243458030868245e-02,-1.130146851652103351e-01
9.757628778535116787e-01,-2.014431750974082225e-01,7.710022820079362460e-02,-3.691894122389383776e-02
9.757628778535116787e-01,-2.014431750974081670e-01,7.710022820079376338e-02,3.691894122389392796e-02
9.709302929722426478e-01,-1.980781385798240923e-01,7.271243458030872409e-02,1.130146851652103906e-01
9.602449543249531594e-01,-1.905584235955120886e-01,7.283269929815422428e-02,1.905584235955121442e-01
9.396819419720957578e-01,-1.911796753647791447e-01,7.307014586412455270e-02,2.740600909332920332e-01
9.123779023896808615e-01,-1.906834971845634830e-01,7.288050325732663148e-02,3.548165714526723691e-01
9.243932496083911987e-01,-1.881412386450147523e-01,1.085260306241052908e-01,-3.135635423268048894e-01
9.483506505776263529e-01,-1.880858878172086690e-01,1.084941024531374670e-01,-2.312655877684644812e-01
9.639978365124632909e-01,-1.932122023039449799e-01,1.075656496536947365e-01,-1.476714159704854146e-01
9.709302929722426478e-01,-1.980781385798240646e-01,1.130146851652104045e-01,-7.271243458030868245e-02
9.729504360990830492e-01,-1.994874603824006443e-01,1.164997941834415573e-01,2.542212330786758119e-15
9.709302929722426478e-01,-1.980781385798240923e-01,1.130146851652103906e-01,7.271243458030872409e-02
9.639978365124631798e-01,-1.932122023039452297e-01,1.075656496536948753e-01,1.476714159704857476e-01
9.483506505776262419e-01,-1.880858878172088633e-01,1.084941024531375919e-01,2.312655877684647032e-01
9.243932496083911987e-01,-1.881412386450147800e-01,1.085260306241053185e-01,3.135635423268048894e-01
9.069253766861992139e-01,-1.819032734889682590e-01,1.419894381193113897e-01,-3.524720693603332067e-01
9.343332096358186734e-01,-1.822244900155106373e-01,1.422401722223519127e-01,-2.712626439751188445e-01
9.628923517122381925e-01,-1.670774986817545604e-01,1.304167852792432192e-01,-1.670774986817538388e-01
9.639978365124631798e-01,-1.932122023039452574e-01,1.476714159704857754e-01,-1.075656496536948475e-01
9.677431105543670142e-01,-1.958467870083431817e-01,1.541667355617692414e-01,-3.674133420678077355e-02
9.677431105543670142e-01,-1.958467870083431817e-01,1.541667355617692414e-01,3.674133420678077355e-02
9.639978365124631798e-01,-1.932122023039452297e-01,1.476714159704857476e-01,1.075656496536948753e-01
9.628923517122381925e-01,-1.670774986817541163e-01,1.304167852792434412e-01,1.670774986817541163e-01
9.343332096358186734e-01,-1.822244900155105818e-01,1.422401722223518850e-01,2.712626439751188445e-01
9.069253766861992139e-01,-1.819032734889682590e-01,1.419894381193113897e-01,3.524720693603332067e-01
9.180518990023354142e-01,-1.742372350150664106e-01,1.742372350150674931e-01,-3.105857089545724370e-01
9.462821547094572017e-01,-1.680223047218052934e-01,1.680223047218063481e-01,-2.192876966689471241e-01
9.628923517122381925e-01,-1.670774986817541441e-01,1.670774986817541441e-01,-1.304167852792433302e-01
9.602449543249533814e-01,-1.905584235955116723e-01,1.905584235955121164e-01,-7.283269929815405774e-02
9.623974421965627579e-01,-1.920822262125176927e-01,1.920822262125177204e-01,4.191542203358153131e-15
9.602449543249531594e-01,-1.905584235955120886e-01,1.905584235955121442e-01,7.283269929815422428e-02
9.628923517122381925e-01,-1.670774986817545604e-01,1.670774986817538388e-01,1.304167852792432192e-01
9.462924489191382182e-01,-1.681496256725201754e-01,1.681496256725212302e-01,2.190479579704014135e-01
9.180518990023353032e-01,-1.742372350150665217e-01,1.742372350150676041e-01,3.105857089545726590e-01
8.953799906549302356e-01,-1.760290323355984399e-01,2.157504469841657058e-01,-3.475056787102947520e-01
9.261197995117895765e-01,-1.726583932155386913e-01,2.116192142714347357e-01,-2.602085785588393874e-01
9.462780294501271783e-01,-1.679715282382208685e-01,2.193832773540796699e-01,-1.679715282382218955e-01
9.483506505776263529e-01,-1.880858878172086690e-01,2.312655877684645367e-01,-1.084941024531374254e-01
9.524294234329183650e-01,-1.921461679151922342e-01,2.337037172018605335e-01,-3.661442476372197413e-02
9.524294234329183650e-01,-1.921461679151922342e-01,2.337037172018605335e-01,3.661442476372201577e-02
9.483506505776262419e-01,-1.880858878172088633e-01,2.312655877684647032e-01,1.084941024531375919e-01
9.462924489191382182e-01,-1.681496256725201754e-01,2.190479579704014135e-01,1.681496256725212302e-01
9.261253456325746480e-01,-1.727058051848756326e-01,2.116773248764929893e-01,2.601100904723225860e-01
8.953799906549302356e-01,-1.760290323355984399e-01,2.157504469841657058e-01,3.475056787102947520e-01
9.020216736155256543e-01,-1.761577856799474984e-01,2.546740086618550780e-01,-3.007764688008108811e-01
9.261317349913934516e-01,-1.727605557243146739e-01,2.599963387885503296e-01,-2.117444300193200568e-01
9.343332096358185623e-01,-1.822244900155107483e-01,2.712626439751190111e-01,-1.422401722223518850e-01
9.396819419720958688e-01,-1.911796753647789504e-01,2.740600909332918667e-01,-7.307014586412448331e-02
9.419027597322808809e-01,-1.925441315131995179e-01,2.752198187422934539e-01,4.201621717740814693e-15
9.396819419720957578e-01,-1.911796753647791447e-01,2.740600909332920332e-01,7.307014586412455270e-02
9.343332096358186734e-01,-1.822244900155105818e-01,2.712626439751188445e-01,1.422401722223518850e-01
9.261232081671131322e-01,-1.726875203163570349e-01,2.601480751604349217e-01,2.116549139792472944e-01
9.020188935132854580e-01,-1.761397073925514145e-01,2.546478726048926888e-01,3.008175197732624317e-01
8.755755041267360150e-01,-1.774385567908354777e-01,2.949164867048351124e-01,-3.389798828940653874e-01
9.020222567669409219e-01,-1.761615795559926256e-01,3.007678536055151675e-01,-2.546794935265577764e-01
9.180518990023353032e-01,-1.742372350150664939e-01,3.105857089545726035e-01,-1.742372350150676041e-01
9.243932496083911987e-01,-1.881412386450146690e-01,3.135635423268048894e-01,-1.085260306241051936e-01
9.285675712897091261e-01,-1.920142108177984308e-01,3.155218423600951172e-01,-3.658927967096790856e-02
9.285675712897091261e-01,-1.920142108177984308e-01,3.155218423600951172e-01,3.658927967096795020e-02
9.243932496083911987e-01,-1.881412386450147523e-01,3.135635423268048338e-01,1.085260306241052908e-01
9.180518990023353032e-01,-1.742372350150664939e-01,3.105857089545726035e-01,1.742372350150676041e-01
9.020216736155256543e-01,-1.761577856799474984e-01,3.007764688008108811e-01,2.546740086618550780e-01
8.755755041267360150e-01,-1.774385567908354777e-01,2.949164867048351124e-01,3.389798828940653874e-01
8.755755041267362371e-01,-1.774385567908353667e-01,3.389798828940653319e-01,-2.949164867048349459e-01
8.953799906549302356e-01,-1.760290323355984399e-01,3.475056787102947520e-01,-2.157504469841657058e-01
9.069253766861992139e-01,-1.819032734889683423e-01,3.524720693603332067e-01,-1.419894381193113342e-01
9.123779023896808615e-01,-1.906834971845634830e-01,3.548165714526723691e-01,-7.288050325732663148e-02
9.146363948308867675e-01,-1.919778998102303347e-01,3.557875085429663686e-01,4.189265633960065504e-15
9.123779023896808615e-01,-1.906834971845634830e-01,3.548165714526723691e-01,7.288050325732663148e-02
9.069253766861992139e-01,-1.819032734889682590e-01,3.524720693603332067e-01,1.419894381193113897e-01
8.953799906549302356e-01,-1.760290323355984399e-01,3.475056787102947520e-01,2.157504469841657058e-01
8.755755041267360150e-01,-1.774385567908355055e-01,3.389798828940654429e-01,2.949164867048351679e-01
8.692675010082674403e-01,-1.422915308646809096e-01,-3.347589669710337446e-01,-3.347589669710336890e-01
8.899255267382604195e-01,-1.434147505625016361e-01,-3.451583895890547038e-01,-2.614009416146306775e-01
9.069253766861992139e-01,-1.419894381193113342e-01,-3.524720693603332067e-01,-1.819032734889683423e-01
9.163086351989861988e-01,-1.474599915234572622e-01,-3.565063454773913509e-01,-1.074116455233231904e-01
9.201991055097472616e-01,-1.536270717130835406e-01,-3.581784998578231294e-01,-3.661272040593956806e-02
9.201991055097472616e-01,-1.536270717130835406e-01,-3.581784998578231294e-01,3.661272040593960969e-02
9.163086351989861988e-01,-1.474599915234572067e-01,-3.565063454773913509e-01,1.074116455233232181e-01
9.069253766861992139e-01,-1.419894381193113342e-01,-3.524720693603332067e-01,1.819032734889683423e-01
8.899255267382604195e-01,-1.434147505625015806e-01,-3.451583895890547038e-01,2.614009416146306219e-01
8.692675010082674403e-01,-1.422915308646809096e-01,-3.347589669710337446e-01,3.347589669710336890e-01
8.987628196387329460e-01,-1.406097919158186549e-01,-2.936445814691840961e-01,-2.936445814691840406e-01
9.136622262486554513e-01,-1.431909065816623361e-01,-3.085222797778537362e-01,-2.225571914797371265e-01
9.280746912677362292e-01,-1.401234176228323136e-01,-3.152906961768623395e-01,-1.401234176228332018e-01
9.330019490300218710e-01,-1.526295384932895571e-01,-3.176004936774677323e-01,-7.308565865704926001e-02
9.352216780848222610e-01,-1.543655486962759726e-01,-3.186403775667904226e-01,3.368503816636902858e-15
9.330019490300218710e-01,-1.526295384932895294e-01,-3.176004936774677323e-01,7.308565865704928777e-02
9.280746912677363403e-01,-1.401234176228322026e-01,-3.152906961768620620e-01,1.401234176228331185e-01
9.136622262486554513e-01,-1.431909065816623361e-01,-3.085222797778537362e-01,2.225571914797371265e-01
8.987628196387329460e-01,-1.406097919158186826e-01,-2.936445814691840961e-01,2.936445814691840406e-01
8.899255267382604195e-01,-1.434147505625016361e-01,-2.614009416146306775e-01,-3.451583895890547038e-01
9.241280429119760331e-01,-1.381928407974125639e-01,-2.518830076206233226e-01,-2.518830076206233781e-01
9.343332096358185623e-01,-1.422401722223518850e-01,-2.712626439751190111e-01,-1.822244900155107761e-01
9.435491110970587458e-01,-1.479328993371808176e-01,-2.760788862342500871e-01,-1.077561173080296003e-01
9.473859535730986270e-01,-1.542119992553210583e-01,-2.780787583044001532e-01,-3.675212154353121874e-02
9.473859535730986270e-01,-1.542119992553210583e-01,-2.780787583044001532e-01,3.675212154353125343e-02
9.435491110970587458e-01,-1.479328993371809009e-01,-2.760788862342503647e-01,1.077561173080297530e-01
9.343332096358185623e-01,-1.422401722223518850e-01,-2.712626439751190111e-01,1.822244900155107761e-01
9.241280429119759221e-01,-1.381928407974125916e-01,-2.518830076206234891e-01,2.518830076206234891e-01
8.899255267382604195e-01,-1.434147505625016361e-01,-2.614009416146306775e-01,3.451583895890547038e-01
9.136622262486554513e-01,-1.431909065816623361e-01,-2.225571914797371265e-01,-3.085222797778537362e-01
9.454689752877929454e-01,-1.348787955018184159e-01,-2.096379346542860400e-01,-2.096379346542860400e-01
9.519469916609477611e-01,-1.402034563877337381e-01,-2.334157379045742609e-01,-1.402034563877345985e-01
9.567798372584498390e-01,-1.528940138146332450e-01,-2.362958369217534327e-01,-7.321230093907241110e-02
9.589643216369069245e-01,-1.547140030928625121e-01,-2.375942067358732535e-01,3.376107650359770643e-15
9.567798372584497280e-01,-1.528940138146334671e-01,-2.362958369217536825e-01,7.321230093907260539e-02
9.519469916609477611e-01,-1.402034563877337103e-01,-2.334157379045742609e-01,1.402034563877346263e-01
9.454689752877929454e-01,-1.348787955018183882e-01,-2.096379346542860955e-01,2.096379346542860400e-01
9.136622262486552293e-01,-1.431909065816623916e-01,-2.225571914797371542e-01,3.085222797778539583e-01
9.069253766861992139e-01,-1.419894381193113342e-01,-1.819032734889683423e-01,-3.524720693603332067e-01
9.343332096358185623e-01,-1.422401722223518850e-01,-1.822244900155107761e-01,-2.712626439751190111e-01
9.628923517122381925e-01,-1.304167852792433302e-01,-1.670774986817541718e-01,-1.670774986817541441e-01
9.639978365124631798e-01,-1.476714159704856366e-01,-1.932122023039452852e-01,-1.075656496536948198e-01
9.677431105543670142e-01,-1.541667355617692137e-01,-1.958467870083432094e-01,-3.674133420678076661e-02
9.677431105543670142e-01,-1.541667355617692137e-01,-1.958467870083432094e-01,3.674133420678080131e-02
9.639978365124632909e-01,-1.476714159704854146e-01,-1.932122023039449799e-01,1.075656496536947365e-01
9.628923517122381925e-01,-1.304167852792433302e-01,-1.670774986817541718e-01,1.670774986817541441e-01
9.343332096358185623e-01,-1.422401722223518850e-01,-1.822244900155107483e-01,2.712626439751190111e-01
9.069253766861992139e-01,-1.419894381193113342e-01,-1.819032734889683423e-01,3.524720693603332067e-01
9.280746912677362292e-01,-1.401234176228323136e-01,-1.401234176228332018e-01,-3.152906961768623395e-01
9.519469916609477611e-01,-1.402034563877337381e-01,-1.402034563877345985e-01,-2.334157379045742609e-01
9.765161991382533824e-01,-1.243866456130223314e-01,-1.243866456130230946e-01,-1.243866456130235110e-01
9.748866898980840245e-01,-1.491556409032369079e-01,-1.491556409032368524e-01,-7.142220546193069064e-02
9.759673294920255815e-01,-1.540905119794920841e-01,-1.540905119794920841e-01,3.362502074421580492e-15
9.748866898980841356e-01,-1.491556409032369079e-01,-1.491556409032369079e-01,7.142220546193073227e-02
9.765161991382532714e-01,-1.243866456130221093e-01,-1.243866456130228448e-01,1.243866456130238718e-01
9.519469916609478721e-01,-1.402034563877337381e-01,-1.402034563877345985e-01,2.334157379045743441e-01
9.280746912677363403e-01,-1.401234176228321193e-01,-1.401234176228329520e-01,3.152906961768621175e-01
9.163086351989861988e-01,-1.474599915234572622e-01,-1.074116455233231904e-01,-3.565063454773913509e-01
9.435491110970587458e-01,-1.479328993371808176e-01,-1.077561173080296003e-01,-2.760788862342500871e-01
9.639978365124631798e-01,-1.476714159704856366e-01,-1.075656496536948198e-01,-1.932122023039452852e-01
9.766532541188828187e-01,-1.546870095475709195e-01,-1.054048155831280587e-01,-1.054048155831287109e-01
9.800000612224615271e-01,-1.575826080574896093e-01,-1.158031099342858028e-01,-3.684075693194942269e-02
9.800000612224615271e-01,-1.575826080574895816e-01,-1.158031099342858583e-01,3.684075693194951984e-02
9.766532541188828187e-01,-1.546870095475708085e-01,-1.054048155831281419e-01,1.054048155831288358e-01
9.639978365124631798e-01,-1.476714159704856366e-01,-1.075656496536948198e-01,1.932122023039452852e-01
9.435491110970587458e-01,-1.479328993371807899e-01,-1.077561173080296142e-01,2.760788862342500316e-01
9.163086351989861988e-01,-1.474599915234572622e-01,-1.074116455233231904e-01,3.565063454773913509e-01
9.330019490300218710e-01,-1.526295384932895571e-01,-7.308565865704926001e-02,-3.176004936774677323e-01
9.567798372584498390e-01,-1.528940138146332450e-01,-7.321230093907241110e-02,-2.362958369217534327e-01
9.748866898980840245e-01,-1.491556409032369079e-01,-7.142220546193069064e-02,-1.491556409032368524e-01
9.821170301842067074e-01,-1.594016561722099989e-01,-7.084225798106132121e-02,-7.084225798106177918e-02
9.838850898111037857e-01,-1.609136190873240724e-01,-7.795471274795266747e-02,1.701096842100279593e-15
9.821170301842067074e-01,-1.594016561722099989e-01,-7.084225798106133509e-02,7.084225798106179306e-02
9.748866898980840245e-01,-1.491556409032369079e-01,-7.142220546193064901e-02,1.491556409032369079e-01
9.567798372584497280e-01,-1.528940138146335226e-01,-7.321230093907253600e-02,2.362958369217536547e-01
9.330019490300218710e-01,-1.526295384932896959e-01,-7.308565865704931552e-02,3.176004936774680099e-01
9.201991055097472616e-01,-1.536270717130835406e-01,-3.661272040593956806e-02,-3.581784998578231294e-01
9.473859535730986270e-01,-1.542119992553210583e-01,-3.675212154353121874e-02,-2.780787583044001532e-01
9.677431105543670142e-01,-1.541667355617692137e-01,-3.674133420678076661e-02,-1.958467870083432094e-01
9.800000612224615271e-01,-1.575826080574896093e-01,-3.684075693194942269e-02,-1.158031099342858028e-01
9.854635274068056505e-01,-1.622579168293154239e-01,-3.559497560855288262e-02,-3.559497560855310466e-02
9.854635274068056505e-01,-1.622579168293154239e-01,-3.559497560855286874e-02,3.559497560855311160e-02
9.800000612224615271e-01,-1.575826080574895816e-01,-3.684075693194943657e-02,1.158031099342858583e-01
9.677431105543670142e-01,-1.541667355617692137e-01,-3.674133420678076661e-02,1.958467870083432094e-01
9.473859535730985160e-01,-1.542119992553211971e-01,-3.675212154353124649e-02,2.780787583044004307e-01
9.201991055097472616e-01,-1.536270717130835406e-01,-3.661272040593956806e-02,3.581784998578231294e-01
9.352216780848222610e-01,-1.543655486962759726e-01,3.368503816636902858e-15,-3.186403775667904226e-01
9.589643216369069245e-01,-1.547140030928625121e-01,3.376107650359770643e-15,-2.375942067358732535e-01
9.759673294920255815e-01,-1.540905119794920841e-01,3.362502074421580492e-15,-1.540905119794920841e-01
9.838850898111037857e-01,-1.609136190873240724e-01,1.701096842100279593e-15,-7.795471274795266747e-02
9.865905829171005559e-01,-1.632146491565500679e-01,0.000000000000000000e+00,0.000000000000000000e+00
9.838850898111037857e-01,-1.609136190873240446e-01,1.701096842100280973e-15,7.795471274795272298e-02
9.759673294920255815e-01,-1.540905119794920564e-01,3.362502074421580492e-15,1.540905119794920841e-01
9.589643216369068135e-01,-1.547140030928625121e-01,3.376107650359771038e-15,2.375942067358731979e-01
9.352216780848222610e-01,-1.543655486962759726e-01,3.368503816636903647e-15,3.186403775667904226e-01
9.201991055097472616e-01,-1.536270717130835406e-01,3.661272040593960969e-02,-3.581784998578231294e-01
9.473859535730986270e-01,-1.542119992553210583e-01,3.675212154353125343e-02,-2.780787583044001532e-01
9.677431105543670142e-01,-1.541667355617692137e-01,3.674133420678080131e-02,-1.958467870083432094e-01
9.800000612224615271e-01,-1.575826080574895816e-01,3.684075693194951984e-02,-1.158031099342858583e-01
9.854635274068056505e-01,-1.622579168293154239e-01,3.559497560855311160e-02,-3.559497560855286874e-02
9.854635274068056505e-01,-1.622579168293154239e-01,3.559497560855288262e-02,3.559497560855310466e-02
9.800000612224615271e-01,-1.575826080574895538e-01,3.684075693194947126e-02,1.158031099342858722e-01
9.677431105543670142e-01,-1.541667355617692137e-01,3.674133420678080131e-02,1.958467870083432094e-01
9.473859535730985160e-01,-1.542119992553211971e-01,3.675212154353128119e-02,2.780787583044004307e-01
9.201991055097472616e-01,-1.536270717130835406e-01,3.661272040593960969e-02,3.581784998578231294e-01
9.330019490300218710e-01,-1.526295384932895294e-01,7.308565865704928777e-02,-3.176004936774677323e-01
9.567798372584497280e-01,-1.528940138146334671e-01,7.321230093907260539e-02,-2.362958369217536825e-01
9.748866898980841356e-01,-1.491556409032369079e-01,7.142220546193073227e-02,-1.491556409032369079e-01
9.821170301842067074e-01,-1.594016561722099989e-01,7.084225798106179306e-02,-7.084225798106133509e-02
9.838850898111037857e-01,-1.609136190873240446e-01,7.795471274795272298e-02,1.701096842100280973e-15
9.821170301842067074e-01,-1.594016561722099989e-01,7.084225798106133509e-02,7.084225798106176530e-02
9.748866898980841356e-01,-1.491556409032369079e-01,7.142220546193071840e-02,1.491556409032369079e-01
9.567798372584497280e-01,-1.528940138146335226e-01,7.321230093907261927e-02,2.362958369217536547e-01
9.330019490300217599e-01,-1.526295384932896682e-01,7.308565865704934328e-02,3.176004936774680099e-01
9.163086351989861988e-01,-1.474599915234572067e-01,1.074116455233232181e-01,-3.565063454773913509e-01
9.435491110970587458e-01,-1.479328993371809009e-01,1.077561173080297530e-01,-2.760788862342503647e-01
9.639978365124631798e-01,-1.476714159704856366e-01,1.075656496536948753e-01,-1.932122023039452852e-01
9.766532541188828187e-01,-1.546870095475708085e-01,1.054048155831288358e-01,-1.054048155831281419e-01
9.800000612224615271e-01,-1.575826080574895816e-01,1.158031099342858583e-01,-3.684075693194943657e-02
9.800000612224615271e-01,-1.575826080574895538e-01,1.158031099342858722e-01,3.684075693194947126e-02
9.766532541188828187e-01,-1.546870095475708085e-01,1.054048155831281419e-01,1.054048155831288219e-01
9.639978365124631798e-01,-1.476714159704856366e-01,1.075656496536948753e-01,1.932122023039452852e-01
9.435491110970587458e-01,-1.479328993371807344e-01,1.077561173080296281e-01,2.760788862342501426e-01
9.163086351989861988e-01,-1.474599915234572067e-01,1.074116455233232181e-01,3.565063454773913509e-01
9.280746912677363403e-01,-1.401234176228322026e-01,1.401234176228331185e-01,-3.152906961768620620e-01
9.519469916609477611e-01,-1.402034563877337103e-01,1.402034563877346263e-01,-2.334157379045742609e-01
9.765161991382532714e-01,-1.243866456130221093e-01,1.243866456130238718e-01,-1.243866456130228448e-01
9.748866898980840245e-01,-1.491556409032369079e-01,1.491556409032369079e-01,-7.142220546193064901e-02
9.759673294920255815e-01,-1.540905119794920564e-01,1.540905119794920841e-01,3.362502074421580492e-15
9.748866898980841356e-01,-1.491556409032369079e-01,1.491556409032369079e-01,7.142220546193071840e-02
9.765161991382533824e-01,-1.243866456130224007e-01,1.243866456130232195e-01,1.243866456130232473e-01
9.519469916609477611e-01,-1.402034563877337103e-01,1.402034563877346263e-01,2.334157379045742609e-01
9.280746912677362292e-01,-1.401234176228323136e-01,1.401234176228332295e-01,3.152906961768623395e-01
9.069253766861992139e-01,-1.419894381193113342e-01,1.819032734889683423e-01,-3.524720693603332067e-01
9.343332096358185623e-01,-1.422401722223518850e-01,1.822244900155107761e-01,-2.712626439751190111e-01
9.628923517122381925e-01,-1.304167852792433302e-01,1.670774986817541718e-01,-1.670774986817541441e-01
9.639978365124631798e-01,-1.476714159704856366e-01,1.932122023039452852e-01,-1.075656496536948198e-01
9.677431105543670142e-01,-1.541667355617692137e-01,1.958467870083432094e-01,-3.674133420678076661e-02
9.677431105543670142e-01,-1.541667355617692137e-01,1.958467870083432094e-01,3.674133420678080131e-02
9.639978365124632909e-01,-1.476714159704854146e-01,1.932122023039449799e-01,1.075656496536947365e-01
9.628923517122381925e-01,-1.304167852792433302e-01,1.670774986817541718e-01,1.670774986817541441e-01
9.343332096358185623e-01,-1.422401722223518850e-01,1.822244900155107483e-01,2.712626439751190111e-01
9.069253766861992139e-01,-1.419894381193113342e-01,1.819032734889683423e-01,3.524720693603332067e-01
9.136622262486554513e-01,-1.431909065816623361e-01,2.225571914797371265e-01,-3.085222797778537362e-01
9.454689752877929454e-01,-1.348787955018183882e-01,2.096379346542860400e-01,-2.096379346542860955e-01
9.519469916609478721e-01,-1.402034563877337381e-01,2.334157379045743441e-01,-1.402034563877345985e-01
9.567798372584497280e-01,-1.528940138146333283e-01,2.362958369217533494e-01,-7.321230093907243885e-02
9.589643216369068135e-01,-1.547140030928625121e-01,2.375942067358731979e-01,3.376107650359771038e-15
9.567798372584497280e-01,-1.528940138146335226e-01,2.362958369217536547e-01,7.321230093907261927e-02
9.519469916609477611e-01,-1.402034563877337103e-01,2.334157379045742609e-01,1.402034563877346263e-01
9.454689752877929454e-01,-1.348787955018183882e-01,2.096379346542860955e-01,2.096379346542860400e-01
9.136622262486554513e-01,-1.431909065816623361e-01,2.225571914797371265e-01,3.085222797778537362e-01
8.899255267382604195e-01,-1.434147505625015806e-01,2.614009416146306219e-01,-3.451583895890547038e-01
9.241280429119759221e-01,-1.381928407974125916e-01,2.518830076206234891e-01,-2.518830076206234891e-01
9.343332096358185623e-01,-1.422401722223518850e-01,2.712626439751190111e-01,-1.822244900155107483e-01
9.435491110970587458e-01,-1.479328993371807899e-01,2.760788862342500316e-01,-1.077561173080296142e-01
9.473859535730985160e-01,-1.542119992553211971e-01,2.780787583044004307e-01,-3.675212154353124649e-02
9.473859535730985160e-01,-1.542119992553211971e-01,2.780787583044004307e-01,3.675212154353128119e-02
9.435491110970587458e-01,-1.479328993371806789e-01,2.760788862342500316e-01,1.077561173080296142e-01
9.343332096358185623e-01,-1.422401722223518850e-01,2.712626439751190111e-01,1.822244900155107483e-01
9.241280429119760331e-01,-1.381928407974124806e-01,2.518830076206233226e-01,2.518830076206233226e-01
8.899255267382604195e-01,-1.434147505625015806e-01,2.614009416146306219e-01,3.451583895890547038e-01
8.987628196387329460e-01,-1.406097919158186826e-01,2.936445814691840406e-01,-2.936445814691840961e-01
9.136622262486552293e-01,-1.431909065816623916e-01,3.085222797778539583e-01,-2.225571914797371542e-01
9.280746912677363403e-01,-1.401234176228321471e-01,3.152906961768621730e-01,-1.401234176228329797e-01
9.330019490300218710e-01,-1.526295384932896959e-01,3.176004936774680099e-01,-7.308565865704931552e-02
9.352216780848222610e-01,-1.543655486962759726e-01,3.186403775667904226e-01,3.368503816636903647e-15
9.330019490300218710e-01,-1.526295384932896682e-01,3.176004936774680099e-01,7.308565865704934328e-02
9.280746912677362292e-01,-1.401234176228323136e-01,3.152906961768623395e-01,1.401234176228332295e-01
9.136622262486554513e-01,-1.431909065816623361e-01,3.085222797778537362e-01,2.225571914797371265e-01
8.987628196387329460e-01,-1.406097919158186826e-01,2.936445814691840961e-01,2.936445814691840406e-01
8.692675010082674403e-01,-1.422915308646809096e-01,3.347589669710337446e-01,-3.347589669710336890e-01
8.899255267382604195e-01,-1.434147505625016361e-01,3.451583895890547038e-01,-2.614009416146306775e-01
9.069253766861992139e-01,-1.419894381193113342e-01,3.524720693603332067e-01,-1.819032734889683423e-01
9.163086351989861988e-01,-1.474599915234572622e-01,3.565063454773913509e-01,-1.074116455233231904e-01
9.201991055097472616e-01,-1.536270717130835406e-01,3.581784998578231294e-01,-3.661272040593956806e-02
9.201991055097472616e-01,-1.536270717130835406e-01,3.581784998578231294e-01,3.661272040593960969e-02
9.163086351989861988e-01,-1.474599915234572067e-01,3.565063454773913509e-01,1.074116455233232181e-01
9.069253766861992139e-01,-1.419894381193113342e-01,3.524720693603332067e-01,1.819032734889683423e-01
8.899255267382604195e-01,-1.434147505625015806e-01,3.451583895890547038e-01,2.614009416146306219e-01
8.692675010082674403e-01,-1.422915308646809096e-01,3.347589669710337446e-01,3.347589669710336890e-01
8.834005927406293202e-01,-1.078974181957801509e-01,-3.423495891312156036e-01,-3.012611802305062425e-01
9.022098770033059045e-01,-1.085791874483853781e-01,-3.504439778740440770e-01,-2.267529851237785610e-01
9.163086351989861988e-01,-1.074116455233231904e-01,-3.565063454773913509e-01,-1.474599915234572622e-01
9.234848924889015320e-01,-1.124214280545981770e-01,-3.595905171264794919e-01,-7.233073932732779487e-02
9.255558291234278201e-01,-1.157597429509641951e-01,-3.604803588097010292e-01,2.526063226131213208e-15
9.234848924889015320e-01,-1.124214280545981770e-01,-3.595905171264794919e-01,7.233073932732779487e-02
9.163086351989861988e-01,-1.074116455233231487e-01,-3.565063454773913509e-01,1.474599915234572900e-01
9.022098770033059045e-01,-1.085791874483853781e-01,-3.504439778740440770e-01,2.267529851237785610e-01
8.834005927406294312e-01,-1.078974181957801232e-01,-3.423495891312153816e-01,3.012611802305061870e-01
8.834005927406293202e-01,-1.078974181957801509e-01,-3.012611802305062425e-01,-3.423495891312156036e-01
9.081102615698792846e-01,-1.084087385076639709e-01,-3.059100246591960337e-01,-2.645795817134656280e-01
9.243932496083911987e-01,-1.085260306241052353e-01,-3.135635423268048894e-01,-1.881412386450147523e-01
9.359398256515931713e-01,-1.055236807253397829e-01,-3.189767207361978718e-01,-1.055236807253404352e-01
9.394176382699642724e-01,-1.155651758509423782e-01,-3.206049301408132601e-01,-3.676506231774388095e-02
9.394176382699642724e-01,-1.155651758509423782e-01,-3.206049301408132601e-01,3.676506231774392952e-02
9.359398256515931713e-01,-1.055236807253397552e-01,-3.189767207361978163e-01,1.055236807253404491e-01
9.243932496083911987e-01,-1.085260306241052353e-01,-3.135635423268048894e-01,1.881412386450147523e-01
9.081102615698792846e-01,-1.084087385076639709e-01,-3.059100246591960337e-01,2.645795817134656835e-01
8.834005927406293202e-01,-1.078974181957801509e-01,-3.012611802305062425e-01,3.423495891312156036e-01
9.081102615698792846e-01,-1.084087385076639709e-01,-2.645795817134656280e-01,-3.059100246591960337e-01
9.297221218085282013e-01,-1.086926936483387646e-01,-2.688460562820263466e-01,-2.269900275098410414e-01
9.435491110970587458e-01,-1.077561173080296003e-01,-2.760788862342500871e-01,-1.479328993371808176e-01
9.506336393627912162e-01,-1.129066239456562176e-01,-2.797691650824651877e-01,-7.264290915229892898e-02
9.526839438401960569e-01,-1.162965117035273804e-01,-2.808352266270766617e-01,2.537776381086649835e-15
9.506336393627913273e-01,-1.129066239456561066e-01,-2.797691650824648546e-01,7.264290915229887347e-02
9.435491110970587458e-01,-1.077561173080296142e-01,-2.760788862342500316e-01,1.479328993371808454e-01
9.297221218085282013e-01,-1.086926936483386952e-01,-2.688460562820260691e-01,2.269900275098408471e-01
9.081102615698792846e-01,-1.084087385076639709e-01,-2.645795817134656280e-01,3.059100246591960337e-01
9.022098770033059045e-01,-1.085791874483853781e-01,-2.267529851237785610e-01,-3.504439778740440770e-01
9.297221218085282013e-01,-1.086926936483387646e-01,-2.269900275098410414e-01,-2.688460562820263466e-01
9.483506505776263529e-01,-1.084941024531374393e-01,-2.312655877684645644e-01,-1.880858878172086690e-01
9.596720357328051287e-01,-1.057798080014351882e-01,-2.380143866887309001e-01,-1.057798080014358266e-01
9.631060251055481025e-01,-1.159408755096910520e-01,-2.400500472929434082e-01,-3.688458466749105352e-02
9.631060251055481025e-01,-1.159408755096910104e-01,-2.400500472929433804e-01,3.688458466749109516e-02
9.596720357328049067e-01,-1.057798080014352993e-01,-2.380143866887311777e-01,1.057798080014360209e-01
9.483506505776263529e-01,-1.084941024531374393e-01,-2.312655877684645644e-01,1.880858878172086690e-01
9.297221218085282013e-01,-1.086926936483387923e-01,-2.269900275098410414e-01,2.688460562820263466e-01
9.022098770033059045e-01,-1.085791874483853781e-01,-2.267529851237785610e-01,3.504439778740440770e-01
9.243932496083911987e-01,-1.085260306241052075e-01,-1.881412386450147245e-01,-3.135635423268048338e-01
9.483506505776263529e-01,-1.084941024531374254e-01,-1.880858878172086412e-01,-2.312655877684645367e-01
9.639978365124631798e-01,-1.075656496536948337e-01,-1.932122023039453129e-01,-1.476714159704856644e-01
9.709302929722426478e-01,-1.130146851652103213e-01,-1.980781385798241201e-01,-7.271243458030866857e-02
9.729504360990830492e-01,-1.164997941834414602e-01,-1.994874603824006998e-01,2.542212330786756147e-15
9.709302929722426478e-01,-1.130146851652103351e-01,-1.980781385798241201e-01,7.271243458030868245e-02
9.639978365124631798e-01,-1.075656496536948475e-01,-1.932122023039452574e-01,1.476714159704857754e-01
9.483506505776263529e-01,-1.084941024531374254e-01,-1.880858878172086690e-01,2.312655877684645367e-01
9.243932496083911987e-01,-1.085260306241051936e-01,-1.881412386450146690e-01,3.135635423268048894e-01
9.163086351989861988e-01,-1.074116455233231904e-01,-1.474599915234572622e-01,-3.565063454773913509e-01
9.435491110970587458e-01,-1.077561173080296003e-01,-1.479328993371808176e-01,-2.760788862342500871e-01
9.639978365124631798e-01,-1.075656496536948198e-01,-1.476714159704856366e-01,-1.932122023039452852e-01
9.766532541188828187e-01,-1.054048155831280587e-01,-1.546870095475709195e-01,-1.054048155831287109e-01
9.800000612224615271e-01,-1.158031099342858028e-01,-1.575826080574896093e-01,-3.684075693194942269e-02
9.800000612224615271e-01,-1.158031099342858583e-01,-1.575826080574895816e-01,3.684075693194951984e-02
9.766532541188828187e-01,-1.054048155831281419e-01,-1.546870095475708085e-01,1.054048155831288358e-01
9.639978365124631798e-01,-1.075656496536948198e-01,-1.476714159704856366e-01,1.932122023039452852e-01
9.435491110970587458e-01,-1.077561173080296142e-01,-1.479328993371807899e-01,2.760788862342500316e-01
9.163086351989861988e-01,-1.074116455233231904e-01,-1.474599915234572622e-01,3.565063454773913509e-01
9.359398256515931713e-01,-1.055236807253397829e-01,-1.055236807253404352e-01,-3.189767207361978718e-01
9.596720357328051287e-01,-1.057798080014351882e-01,-1.057798080014358266e-01,-2.380143866887309001e-01
9.766532541188828187e-01,-1.054048155831280587e-01,-1.054048155831287109e-01,-1.546870095475709195e-01
9.864235890296096931e-01,-1.056974009277744098e-01,-1.056974009277743959e-01,-6.800457249457797504e-02
9.864959359653289184e-01,-1.158140067606022727e-01,-1.158140067606023005e-01,2.527247349476188352e-15
9.864235890296096931e-01,-1.056974009277742432e-01,-1.056974009277745902e-01,6.800457249457789177e-02
9.766532541188828187e-01,-1.054048155831280587e-01,-1.054048155831286970e-01,1.546870095475709195e-01
9.596720357328049067e-01,-1.057798080014353131e-01,-1.057798080014359793e-01,2.380143866887312054e-01
9.359398256515931713e-01,-1.055236807253397829e-01,-1.055236807253404352e-01,3.189767207361978718e-01
9.234848924889015320e-01,-1.124214280545981770e-01,-7.233073932732779487e-02,-3.595905171264794919e-01
9.506336393627912162e-01,-1.129066239456562176e-01,-7.264290915229892898e-02,-2.797691650824651877e-01
9.709302929722426478e-01,-1.130146851652103213e-01,-7.271243458030866857e-02,-1.980781385798241201e-01
9.864235890296096931e-01,-1.056974009277742432e-01,-6.800457249457789177e-02,-1.056974009277745763e-01
9.892302766652358859e-01,-1.189287057634472317e-01,-7.695221134164210997e-02,-3.684806431664362086e-02
9.892302766652358859e-01,-1.189287057634472317e-01,-7.695221134164210997e-02,3.684806431664366250e-02
9.864235890296096931e-01,-1.056974009277744098e-01,-6.800457249457798892e-02,1.056974009277743959e-01
9.709302929722426478e-01,-1.130146851652103213e-01,-7.271243458030866857e-02,1.980781385798241201e-01
9.506336393627912162e-01,-1.129066239456562176e-01,-7.264290915229892898e-02,2.797691650824651877e-01
9.234848924889015320e-01,-1.124214280545981770e-01,-7.233073932732779487e-02,3.595905171264794919e-01
9.394176382699642724e-01,-1.155651758509423782e-01,-3.676506231774388095e-02,-3.206049301408132601e-01
9.631060251055481025e-01,-1.159408755096910243e-01,-3.688458466749104658e-02,-2.400500472929433804e-01
9.800000612224615271e-01,-1.158031099342858028e-01,-3.684075693194942269e-02,-1.575826080574896093e-01
9.892302766652358859e-01,-1.189287057634472317e-01,-3.684806431664362086e-02,-7.695221134164210997e-02
9.917837737455262870e-01,-1.217994958289493473e-01,-3.911302789220585246e-02,8.535089911438224017e-16
9.892302766652358859e-01,-1.189287057634472317e-01,-3.684806431664361392e-02,7.695221134164212384e-02
9.800000612224615271e-01,-1.158031099342857889e-01,-3.684075693194940881e-02,1.575826080574896648e-01
9.631060251055481025e-01,-1.159408755096910243e-01,-3.688458466749104658e-02,2.400500472929433804e-01
9.394176382699642724e-01,-1.155651758509421145e-01,-3.676506231774379074e-02,3.206049301408133712e-01
9.255558291234278201e-01,-1.157597429509641951e-01,2.526063226131213208e-15,-3.604803588097010292e-01
9.526839438401960569e-01,-1.162965117035273804e-01,2.537776381086649835e-15,-2.808352266270766617e-01
9.729504360990830492e-01,-1.164997941834414602e-01,2.542212330786756147e-15,-1.994874603824006998e-01
9.864959359653289184e-01,-1.158140067606022727e-01,2.527247349476188352e-15,-1.158140067606023005e-01
9.917837737455262870e-01,-1.217994958289493473e-01,8.535089911438224017e-16,-3.911302789220585246e-02
9.917837737455262870e-01,-1.217994958289493196e-01,8.535089911438246697e-16,3.911302789220597043e-02
9.864959359653289184e-01,-1.158140067606022727e-01,2.527247349476188352e-15,1.158140067606023005e-01
9.729504360990830492e-01,-1.164997941834414602e-01,2.542212330786756147e-15,1.994874603824006998e-01
9.526839438401960569e-01,-1.162965117035274637e-01,2.537776381086652202e-15,2.808352266270765507e-01
9.255558291234278201e-01,-1.157597429509641951e-01,2.526063226131213208e-15,3.604803588097010292e-01
9.394176382699642724e-01,-1.155651758509423782e-01,3.676506231774392952e-02,-3.206049301408132601e-01
9.631060251055481025e-01,-1.159408755096910104e-01,3.688458466749109516e-02,-2.400500472929433804e-01
9.800000612224615271e-01,-1.158031099342858583e-01,3.684075693194951984e-02,-1.575826080574895816e-01
9.892302766652358859e-01,-1.189287057634472317e-01,3.684806431664366250e-02,-7.695221134164210997e-02
9.917837737455262870e-01,-1.217994958289493196e-01,3.911302789220597043e-02,8.535089911438246697e-16
9.892302766652358859e-01,-1.189287057634472317e-01,3.684806431664362780e-02,7.695221134164212384e-02
9.800000612224615271e-01,-1.158031099342857473e-01,3.684075693194949208e-02,1.575826080574896371e-01
9.631060251055481025e-01,-1.159408755096910104e-01,3.688458466749109516e-02,2.400500472929433804e-01
9.394176382699642724e-01,-1.155651758509420868e-01,3.676506231774383932e-02,3.206049301408133712e-01
9.234848924889015320e-01,-1.124214280545981770e-01,7.233073932732779487e-02,-3.595905171264794919e-01
9.506336393627913273e-01,-1.129066239456561066e-01,7.264290915229887347e-02,-2.797691650824648546e-01
9.709302929722426478e-01,-1.130146851652103351e-01,7.271243458030868245e-02,-1.980781385798241201e-01
9.864235890296096931e-01,-1.056974009277743959e-01,6.800457249457797504e-02,-1.056974009277743959e-01
9.892302766652358859e-01,-1.189287057634472317e-01,7.695221134164212384e-02,-3.684806431664361392e-02
9.892302766652358859e-01,-1.189287057634472317e-01,7.695221134164212384e-02,3.684806431664362780e-02
9.864235890296096931e-01,-1.056974009277743681e-01,6.800457249457797504e-02,1.056974009277743681e-01
9.709302929722426478e-01,-1.130146851652103351e-01,7.271243458030868245e-02,1.980781385798241201e-01
9.506336393627912162e-01,-1.129066239456562593e-01,7.264290915229895673e-02,2.797691650824651877e-01
9.234848924889015320e-01,-1.124214280545981770e-01,7.233073932732779487e-02,3.595905171264794919e-01
9.359398256515931713e-01,-1.055236807253397552e-01,1.055236807253404491e-01,-3.189767207361978163e-01
9.596720357328049067e-01,-1.057798080014352993e-01,1.057798080014360209e-01,-2.380143866887311777e-01
9.766532541188828187e-01,-1.054048155831281419e-01,1.054048155831288358e-01,-1.546870095475708085e-01
9.864235890296096931e-01,-1.056974009277744098e-01,1.056974009277743959e-01,-6.800457249457798892e-02
9.864959359653289184e-01,-1.158140067606022727e-01,1.158140067606023005e-01,2.527247349476188352e-15
9.864235890296096931e-01,-1.056974009277743681e-01,1.056974009277743681e-01,6.800457249457797504e-02
9.766532541188828187e-01,-1.054048155831280587e-01,1.054048155831287664e-01,1.546870095475708917e-01
9.596720357328051287e-01,-1.057798080014351605e-01,1.057798080014358683e-01,2.380143866887309001e-01
9.359398256515931713e-01,-1.055236807253397691e-01,1.055236807253404768e-01,3.189767207361978718e-01
9.163086351989861988e-01,-1.074116455233231487e-01,1.474599915234572900e-01,-3.565063454773913509e-01
9.435491110970587458e-01,-1.077561173080296142e-01,1.479328993371808454e-01,-2.760788862342500316e-01
9.639978365124631798e-01,-1.075656496536948475e-01,1.476714159704857754e-01,-1.932122023039452574e-01
9.766532541188828187e-01,-1.054048155831280587e-01,1.546870095475709195e-01,-1.054048155831286970e-01
9.800000612224615271e-01,-1.158031099342857889e-01,1.575826080574896648e-01,-3.684075693194940881e-02
9.800000612224615271e-01,-1.158031099342857473e-01,1.575826080574896371e-01,3.684075693194949208e-02
9.766532541188828187e-01,-1.054048155831280587e-01,1.546870095475708917e-01,1.054048155831287664e-01
9.639978365124631798e-01,-1.075656496536948475e-01,1.476714159704857754e-01,1.932122023039452574e-01
9.435491110970586348e-01,-1.077561173080297252e-01,1.479328993371809564e-01,2.760788862342502537e-01
9.163086351989861988e-01,-1.074116455233231487e-01,1.474599915234572900e-01,3.565063454773913509e-01
9.243932496083911987e-01,-1.085260306241052075e-01,1.881412386450147245e-01,-3.135635423268048338e-01
9.483506505776263529e-01,-1.084941024531374254e-01,1.880858878172086412e-01,-2.312655877684645367e-01
9.639978365124631798e-01,-1.075656496536948337e-01,1.932122023039453129e-01,-1.476714159704856644e-01
9.709302929722426478e-01,-1.130146851652103213e-01,1.980781385798241201e-01,-7.271243458030866857e-02
9.729504360990830492e-01,-1.164997941834414602e-01,1.994874603824006998e-01,2.542212330786756147e-15
9.709302929722426478e-01,-1.130146851652103351e-01,1.980781385798241201e-01,7.271243458030868245e-02
9.639978365124631798e-01,-1.075656496536948475e-01,1.932122023039452574e-01,1.476714159704857754e-01
9.483506505776263529e-01,-1.084941024531374254e-01,1.880858878172086690e-01,2.312655877684645367e-01
9.243932496083911987e-01,-1.085260306241051936e-01,1.881412386450146690e-01,3.135635423268048894e-01
9.022098770033059045e-01,-1.085791874483853781e-01,2.267529851237785610e-01,-3.504439778740440770e-01
9.297221218085282013e-01,-1.086926936483386952e-01,2.269900275098408471e-01,-2.688460562820260691e-01
9.483506505776263529e-01,-1.084941024531374254e-01,2.312655877684645367e-01,-1.880858878172086690e-01
9.596720357328049067e-01,-1.057798080014353131e-01,2.380143866887312054e-01,-1.057798080014359793e-01
9.631060251055481025e-01,-1.159408755096910243e-01,2.400500472929433804e-01,-3.688458466749104658e-02
9.631060251055481025e-01,-1.159408755096910104e-01,2.400500472929433804e-01,3.688458466749109516e-02
9.596720357328051287e-01,-1.057798080014351605e-01,2.380143866887309001e-01,1.057798080014358683e-01
9.483506505776263529e-01,-1.084941024531374254e-01,2.312655877684645367e-01,1.880858878172086690e-01
9.297221218085282013e-01,-1.086926936483387646e-01,2.269900275098410414e-01,2.688460562820263466e-01
9.022098770033059045e-01,-1.085791874483853781e-01,2.267529851237785610e-01,3.504439778740440770e-01
9.081102615698792846e-01,-1.084087385076639709e-01,2.645795817134656835e-01,-3.059100246591960337e-01
9.297221218085282013e-01,-1.086926936483387923e-01,2.688460562820263466e-01,-2.269900275098410414e-01
9.435491110970587458e-01,-1.077561173080296142e-01,2.760788862342500316e-01,-1.479328993371807899e-01
9.506336393627912162e-01,-1.129066239456562176e-01,2.797691650824651877e-01,-7.264290915229892898e-02
9.526839438401960569e-01,-1.162965117035274637e-01,2.808352266270765507e-01,2.537776381086652202e-15
9.506336393627912162e-01,-1.129066239456562593e-01,2.797691650824651877e-01,7.264290915229895673e-02
9.435491110970586348e-01,-1.077561173080297252e-01,2.760788862342502537e-01,1.479328993371809564e-01
9.297221218085282013e-01,-1.086926936483387646e-01,2.688460562820263466e-01,2.269900275098410414e-01
9.081102615698792846e-01,-1.084087385076639432e-01,2.645795817134655725e-01,3.059100246591962002e-01
8.834005927406294312e-01,-1.078974181957801232e-01,3.012611802305061870e-01,-3.423495891312153816e-01
9.081102615698792846e-01,-1.084087385076639709e-01,3.059100246591960337e-01,-2.645795817134656280e-01
9.243932496083911987e-01,-1.085260306241051659e-01,3.135635423268048894e-01,-1.881412386450146412e-01
9.359398256515931713e-01,-1.055236807253397829e-01,3.189767207361978718e-01,-1.055236807253404352e-01
9.394176382699642724e-01,-1.155651758509421145e-01,3.206049301408133712e-01,-3.676506231774379074e-02
9.394176382699642724e-01,-1.155651758509420868e-01,3.206049301408133712e-01,3.676506231774383932e-02
9.359398256515931713e-01,-1.055236807253397691e-01,3.189767207361978718e-01,1.055236807253404768e-01
9.243932496083911987e-01,-1.085260306241051659e-01,3.135635423268048894e-01,1.881412386450146412e-01
9.081102615698792846e-01,-1.084087385076639432e-01,3.059100246591962002e-01,2.645795817134655725e-01
8.834005927406294312e-01,-1.078974181957801232e-01,3.012611802305061870e-01,3.423495891312153816e-01
8.834005927406293202e-01,-1.078974181957801509e-01,3.423495891312156036e-01,-3.012611802305062425e-01
9.022098770033059045e-01,-1.085791874483853781e-01,3.504439778740440770e-01,-2.267529851237785610e-01
9.163086351989861988e-01,-1.074116455233231904e-01,3.565063454773913509e-01,-1.474599915234572622e-01
9.234848924889015320e-01,-1.124214280545981770e-01,3.595905171264794919e-01,-7.233073932732779487e-02
9.255558291234278201e-01,-1.157597429509641951e-01,3.604803588097010292e-01,2.526063226131213208e-15
9.234848924889015320e-01,-1.124214280545981770e-01,3.595905171264794919e-01,7.233073932732779487e-02
9.163086351989861988e-01,-1.074116455233231487e-01,3.565063454773913509e-01,1.474599915234572900e-01
9.022098770033059045e-01,-1.085791874483853781e-01,3.504439778740440770e-01,2.267529851237785610e-01
8.834005927406294312e-01,-1.078974181957801232e-01,3.423495891312153816e-01,3.012611802305061870e-01
8.748936050129844100e-01,-7.172538838325059896e-02,-3.386861737424889940e-01,-3.386861737424903818e-01
8.961837306787487911e-01,-7.240878584917617711e-02,-3.478515086698972802e-01,-2.657273349029873888e-01
9.123779023896808615e-01,-7.288050325732663148e-02,-3.548165714526723691e-01,-1.906834971845634830e-01
9.234848924889016430e-01,-7.233073932732780875e-02,-3.595905171264795475e-01,-1.124214280545981909e-01
9.284240614367147426e-01,-7.649260352703204924e-02,-3.617126408225196932e-01,-3.662798411338610838e-02
9.284240614367147426e-01,-7.649260352703207699e-02,-3.617126408225196932e-01,3.662798411338613613e-02
9.234848924889015320e-01,-7.233073932732790590e-02,-3.595905171264796585e-01,1.124214280545985517e-01
9.123779023896808615e-01,-7.288050325732663148e-02,-3.548165714526723691e-01,1.906834971845634830e-01
8.961837306787487911e-01,-7.240878584917617711e-02,-3.478515086698972802e-01,2.657273349029873888e-01
8.748936050129844100e-01,-7.172538838325059896e-02,-3.386861737424889940e-01,3.386861737424903818e-01
9.009639594537830476e-01,-7.210278913840675874e-02,-3.025434940333571743e-01,-3.025434940333577849e-01
9.195066714923780804e-01,-7.277066872016771382e-02,-3.112691682256595871e-01,-2.287431217919645987e-01
9.330019490300218710e-01,-7.308565865704926001e-02,-3.176004936774677323e-01,-1.526295384932895571e-01
9.415953767140692321e-01,-7.055555364647324301e-02,-3.216239640480312301e-01,-7.055555364647370098e-02
9.434013225565458516e-01,-7.751043421411552004e-02,-3.224687228034672781e-01,1.691401972036850959e-15
9.415953767140692321e-01,-7.055555364647325689e-02,-3.216239640480312301e-01,7.055555364647370098e-02
9.330019490300218710e-01,-7.308565865704919062e-02,-3.176004936774677323e-01,1.526295384932895294e-01
9.195066714923780804e-01,-7.277066872016771382e-02,-3.112691682256595871e-01,2.287431217919645987e-01
9.009639594537830476e-01,-7.210278913840668935e-02,-3.025434940333568967e-01,3.025434940333580625e-01
8.961837306787487911e-01,-7.240878584917617711e-02,-2.657273349029873888e-01,-3.478515086698972802e-01
9.238491980994295583e-01,-7.241807800387672911e-02,-2.657614354541170121e-01,-2.657614354541170121e-01
9.396819419720958688e-01,-7.307014586412446944e-02,-2.740600909332918111e-01,-1.911796753647789504e-01
9.506336393627912162e-01,-7.264290915229892898e-02,-2.797691650824651877e-01,-1.129066239456562176e-01
9.555279179847190330e-01,-7.688136646594059820e-02,-2.823125439754511912e-01,-3.681414071015017692e-02
9.555279179847190330e-01,-7.688136646594058432e-02,-2.823125439754511912e-01,3.681414071015021161e-02
9.506336393627913273e-01,-7.264290915229879020e-02,-2.797691650824647436e-01,1.129066239456562037e-01
9.396819419720958688e-01,-7.307014586412446944e-02,-2.740600909332918111e-01,1.911796753647789504e-01
9.238491980994294472e-01,-7.241807800387672911e-02,-2.657614354541170676e-01,2.657614354541169566e-01
8.961837306787487911e-01,-7.240878584917617711e-02,-2.657273349029873888e-01,3.478515086698972802e-01
9.195066714923780804e-01,-7.277066872016771382e-02,-2.287431217919645987e-01,-3.112691682256595871e-01
9.435962662847967586e-01,-7.266590899558036942e-02,-2.284138261174624429e-01,-2.284138261174628870e-01
9.567798372584498390e-01,-7.321230093907241110e-02,-2.362958369217534327e-01,-1.528940138146332450e-01
9.652619799045336624e-01,-7.082139060834655164e-02,-2.413254470945399577e-01,-7.082139060834698185e-02
9.670531657716099350e-01,-7.783573702602115951e-02,-2.423835238062257147e-01,1.698500601055576927e-15
9.652619799045336624e-01,-7.082139060834656552e-02,-2.413254470945399854e-01,7.082139060834700961e-02
9.567798372584497280e-01,-7.321230093907254988e-02,-2.362958369217536547e-01,1.528940138146335503e-01
9.435962662847967586e-01,-7.266590899558036942e-02,-2.284138261174624429e-01,2.284138261174628870e-01
9.195066714923780804e-01,-7.277066872016771382e-02,-2.287431217919645432e-01,3.112691682256595871e-01
9.123779023896808615e-01,-7.288050325732663148e-02,-1.906834971845634830e-01,-3.548165714526723691e-01
9.396819419720958688e-01,-7.307014586412446944e-02,-1.911796753647789504e-01,-2.740600909332918111e-01
9.602449543249533814e-01,-7.283269929815405774e-02,-1.905584235955116723e-01,-1.905584235955121164e-01
9.709302929722426478e-01,-7.271243458030868245e-02,-1.980781385798241201e-01,-1.130146851652103351e-01
9.757628778535116787e-01,-7.710022820079362460e-02,-2.014431750974082225e-01,-3.691894122389385857e-02
9.757628778535116787e-01,-7.710022820079362460e-02,-2.014431750974081947e-01,3.691894122389387939e-02
9.709302929722426478e-01,-7.271243458030868245e-02,-1.980781385798240646e-01,1.130146851652104045e-01
9.602449543249533814e-01,-7.283269929815405774e-02,-1.905584235955116723e-01,1.905584235955121164e-01
9.396819419720958688e-01,-7.307014586412448331e-02,-1.911796753647789504e-01,2.740600909332918667e-01
9.123779023896808615e-01,-7.288050325732663148e-02,-1.906834971845634830e-01,3.548165714526723691e-01
9.330019490300218710e-01,-7.308565865704926001e-02,-1.526295384932895571e-01,-3.176004936774677323e-01
9.567798372584498390e-01,-7.321230093907241110e-02,-1.528940138146332450e-01,-2.362958369217534327e-01
9.748866898980840245e-01,-7.142220546193069064e-02,-1.491556409032369079e-01,-1.491556409032368524e-01
9.821170301842067074e-01,-7.084225798106132121e-02,-1.594016561722099989e-01,-7.084225798106177918e-02
9.838850898111037857e-01,-7.795471274795266747e-02,-1.609136190873240724e-01,1.701096842100279593e-15
9.821170301842067074e-01,-7.084225798106133509e-02,-1.594016561722099989e-01,7.084225798106179306e-02
9.748866898980840245e-01,-7.142220546193064901e-02,-1.491556409032369079e-01,1.491556409032369079e-01
9.567798372584497280e-01,-7.321230093907253600e-02,-1.528940138146335226e-01,2.362958369217536547e-01
9.330019490300218710e-01,-7.308565865704931552e-02,-1.526295384932896959e-01,3.176004936774680099e-01
9.234848924889015320e-01,-7.233073932732779487e-02,-1.124214280545981770e-01,-3.595905171264794919e-01
9.506336393627912162e-01,-7.264290915229892898e-02,-1.129066239456562176e-01,-2.797691650824651877e-01
9.709302929722426478e-01,-7.271243458030866857e-02,-1.130146851652103213e-01,-1.980781385798241201e-01
9.864235890296096931e-01,-6.800457249457797504e-02,-1.056974009277744098e-01,-1.056974009277743959e-01
9.892302766652358859e-01,-7.695221134164210997e-02,-1.189287057634472317e-01,-3.684806431664362086e-02
9.892302766652358859e-01,-7.695221134164210997e-02,-1.189287057634472317e-01,3.684806431664366250e-02
9.864235890296096931e-01,-6.800457249457798892e-02,-1.056974009277744098e-01,1.056974009277743959e-01
9.709302929722426478e-01,-7.271243458030866857e-02,-1.130146851652103213e-01,1.980781385798241201e-01
9.506336393627912162e-01,-7.264290915229892898e-02,-1.129066239456562176e-01,2.797691650824651877e-01
9.234848924889015320e-01,-7.233073932732779487e-02,-1.124214280545981770e-01,3.595905171264794919e-01
9.415953767140692321e-01,-7.055555364647324301e-02,-7.055555364647370098e-02,-3.216239640480312301e-01
9.652619799045336624e-01,-7.082139060834655164e-02,-7.082139060834698185e-02,-2.413254470945399577e-01
9.821170301842067074e-01,-7.084225798106132121e-02,-7.084225798106177918e-02,-1.594016561722099989e-01
9.941394368998175413e-01,-6.241468844354286505e-02,-6.241468844354323975e-02,-6.241468844354351730e-02
9.940027118539468409e-01,-7.732596209229966600e-02,-7.732596209229966600e-02,1.687376494515163384e-15
9.941394368998175413e-01,-6.241468844354272627e-02,-6.241468844354310791e-02,6.241468844354378098e-02
9.821170301842067074e-01,-7.084225798106134897e-02,-7.084225798106177918e-02,1.594016561722100267e-01
9.652619799045336624e-01,-7.082139060834663491e-02,-7.082139060834706512e-02,2.413254470945398744e-01
9.415953767140692321e-01,-7.055555364647307648e-02,-7.055555364647352057e-02,3.216239640480312301e-01
9.284240614367147426e-01,-7.649260352703204924e-02,-3.662798411338610838e-02,-3.617126408225196932e-01
9.555279179847190330e-01,-7.688136646594059820e-02,-3.681414071015017692e-02,-2.823125439754511912e-01
9.757628778535116787e-01,-7.710022820079362460e-02,-3.691894122389385857e-02,-2.014431750974082225e-01
9.892302766652358859e-01,-7.695221134164210997e-02,-3.684806431664362086e-02,-1.189287057634472317e-01
9.955352743961632944e-01,-7.991631537922491701e-02,-3.551689716996755258e-02,-3.551689716996777463e-02
9.955352743961632944e-01,-7.991631537922491701e-02,-3.551689716996756646e-02,3.551689716996780238e-02
9.892302766652357748e-01,-7.695221134164245691e-02,-3.684806431664378740e-02,1.189287057634478978e-01
9.757628778535116787e-01,-7.710022820079362460e-02,-3.691894122389385857e-02,2.014431750974082225e-01
9.555279179847190330e-01,-7.688136646594059820e-02,-3.681414071015017692e-02,2.823125439754511912e-01
9.284240614367147426e-01,-7.649260352703204924e-02,-3.662798411338610838e-02,3.617126408225196932e-01
9.434013225565458516e-01,-7.751043421411552004e-02,1.691401972036850959e-15,-3.224687228034672781e-01
9.670531657716099350e-01,-7.783573702602115951e-02,1.698500601055576927e-15,-2.423835238062257147e-01
9.838850898111037857e-01,-7.795471274795266747e-02,1.701096842100279593e-15,-1.609136190873240724e-01
9.940027118539468409e-01,-7.732596209229966600e-02,1.687376494515163384e-15,-7.732596209229966600e-02
9.966510258822945945e-01,-8.177244406136917332e-02,0.000000000000000000e+00,0.000000000000000000e+00
9.940027118539468409e-01,-7.732596209229965212e-02,1.687376494515163384e-15,7.732596209229967987e-02
9.838850898111037857e-01,-7.795471274795262584e-02,1.701096842100278804e-15,1.609136190873241001e-01
9.670531657716099350e-01,-7.783573702602104849e-02,1.698500601055574166e-15,2.423835238062257424e-01
9.434013225565458516e-01,-7.751043421411552004e-02,1.691401972036851156e-15,3.224687228034672781e-01
9.284240614367147426e-01,-7.649260352703207699e-02,3.662798411338613613e-02,-3.617126408225196932e-01
9.555279179847190330e-01,-7.688136646594058432e-02,3.681414071015021161e-02,-2.823125439754511912e-01
9.757628778535116787e-01,-7.710022820079362460e-02,3.691894122389387939e-02,-2.014431750974081947e-01
9.892302766652358859e-01,-7.695221134164210997e-02,3.684806431664366250e-02,-1.189287057634472317e-01
9.955352743961632944e-01,-7.991631537922491701e-02,3.551689716996779544e-02,-3.551689716996755952e-02
9.955352743961632944e-01,-7.991631537922490314e-02,3.551689716996758034e-02,3.551689716996779544e-02
9.892302766652357748e-01,-7.695221134164247079e-02,3.684806431664383597e-02,1.189287057634478562e-01
9.757628778535116787e-01,-7.710022820079362460e-02,3.691894122389387939e-02,2.014431750974081947e-01
9.555279179847190330e-01,-7.688136646594059820e-02,3.681414071015020467e-02,2.823125439754511912e-01
9.284240614367147426e-01,-7.649260352703207699e-02,3.662798411338613613e-02,3.617126408225196932e-01
9.415953767140692321e-01,-7.055555364647325689e-02,7.055555364647370098e-02,-3.216239640480312301e-01
9.652619799045336624e-01,-7.082139060834655164e-02,7.082139060834699573e-02,-2.413254470945399299e-01
9.821170301842067074e-01,-7.084225798106133509e-02,7.084225798106179306e-02,-1.594016561722099989e-01
9.941394368998175413e-01,-6.241468844354278178e-02,6.241468844354366996e-02,-6.241468844354315648e-02
9.940027118539468409e-01,-7.732596209229965212e-02,7.732596209229967987e-02,1.687376494515163384e-15
9.941394368998176523e-01,-6.241468844354293444e-02,6.241468844354334383e-02,6.241468844354335771e-02
9.821170301842067074e-01,-7.084225798106132121e-02,7.084225798106177918e-02,1.594016561722099989e-01
9.652619799045336624e-01,-7.082139060834662103e-02,7.082139060834706512e-02,2.413254470945398744e-01
9.415953767140692321e-01,-7.055555364647309036e-02,7.055555364647354832e-02,3.216239640480312301e-01
9.234848924889015320e-01,-7.233073932732790590e-02,1.124214280545985517e-01,-3.595905171264796585e-01
9.506336393627913273e-01,-7.264290915229879020e-02,1.129066239456562037e-01,-2.797691650824647436e-01
9.709302929722426478e-01,-7.271243458030868245e-02,1.130146851652104045e-01,-1.980781385798240646e-01
9.864235890296096931e-01,-6.800457249457798892e-02,1.056974009277743959e-01,-1.056974009277744098e-01
9.892302766652357748e-01,-7.695221134164245691e-02,1.189287057634478978e-01,-3.684806431664378740e-02
9.892302766652357748e-01,-7.695221134164247079e-02,1.189287057634478562e-01,3.684806431664383597e-02
9.864235890296096931e-01,-6.800457249457787789e-02,1.056974009277744236e-01,1.056974009277744236e-01
9.709302929722426478e-01,-7.271243458030868245e-02,1.130146851652104045e-01,1.980781385798240646e-01
9.506336393627912162e-01,-7.264290915229895673e-02,1.129066239456563148e-01,2.797691650824651322e-01
9.234848924889015320e-01,-7.233073932732790590e-02,1.124214280545985517e-01,3.595905171264796585e-01
9.330019490300218710e-01,-7.308565865704919062e-02,1.526295384932895294e-01,-3.176004936774677323e-01
9.567798372584497280e-01,-7.321230093907253600e-02,1.528940138146335226e-01,-2.362958369217536270e-01
9.748866898980840245e-01,-7.142220546193064901e-02,1.491556409032369079e-01,-1.491556409032369079e-01
9.821170301842067074e-01,-7.084225798106134897e-02,1.594016561722100267e-01,-7.084225798106177918e-02
9.838850898111037857e-01,-7.795471274795262584e-02,1.609136190873241001e-01,1.701096842100278804e-15
9.821170301842067074e-01,-7.084225798106132121e-02,1.594016561722099989e-01,7.084225798106177918e-02
9.748866898980840245e-01,-7.142220546193064901e-02,1.491556409032369079e-01,1.491556409032369079e-01
9.567798372584497280e-01,-7.321230093907254988e-02,1.528940138146335503e-01,2.362958369217536547e-01
9.330019490300217599e-01,-7.308565865704926001e-02,1.526295384932896682e-01,3.176004936774680099e-01
9.123779023896808615e-01,-7.288050325732663148e-02,1.906834971845634830e-01,-3.548165714526723691e-01
9.396819419720958688e-01,-7.307014586412446944e-02,1.911796753647789504e-01,-2.740600909332918111e-01
9.602449543249533814e-01,-7.283269929815405774e-02,1.905584235955116723e-01,-1.905584235955121164e-01
9.709302929722426478e-01,-7.271243458030868245e-02,1.980781385798241201e-01,-1.130146851652103351e-01
9.757628778535116787e-01,-7.710022820079362460e-02,2.014431750974082225e-01,-3.691894122389385857e-02
9.757628778535116787e-01,-7.710022820079362460e-02,2.014431750974081947e-01,3.691894122389387939e-02
9.709302929722426478e-01,-7.271243458030868245e-02,1.980781385798240646e-01,1.130146851652104045e-01
9.602449543249533814e-01,-7.283269929815405774e-02,1.905584235955116723e-01,1.905584235955121164e-01
9.396819419720958688e-01,-7.307014586412448331e-02,1.911796753647789504e-01,2.740600909332918667e-01
9.123779023896808615e-01,-7.288050325732663148e-02,1.906834971845634830e-01,3.548165714526723691e-01
9.195066714923780804e-01,-7.277066872016771382e-02,2.287431217919645987e-01,-3.112691682256595871e-01
9.435962662847967586e-01,-7.266590899558036942e-02,2.284138261174628870e-01,-2.284138261174624429e-01
9.567798372584497280e-01,-7.321230093907253600e-02,2.362958369217536547e-01,-1.528940138146335226e-01
9.652619799045336624e-01,-7.082139060834663491e-02,2.413254470945398744e-01,-7.082139060834706512e-02
9.670531657716099350e-01,-7.783573702602104849e-02,2.423835238062257424e-01,1.698500601055574166e-15
9.652619799045336624e-01,-7.082139060834662103e-02,2.413254470945398744e-01,7.082139060834706512e-02
9.567798372584497280e-01,-7.321230093907254988e-02,2.362958369217536547e-01,1.528940138146335503e-01
9.435962662847967586e-01,-7.266590899558036942e-02,2.284138261174624429e-01,2.284138261174628870e-01
9.195066714923780804e-01,-7.277066872016771382e-02,2.287431217919645432e-01,3.112691682256595871e-01
8.961837306787487911e-01,-7.240878584917617711e-02,2.657273349029873888e-01,-3.478515086698972802e-01
9.238491980994294472e-01,-7.241807800387672911e-02,2.657614354541169566e-01,-2.657614354541170676e-01
9.396819419720958688e-01,-7.307014586412448331e-02,2.740600909332918667e-01,-1.911796753647789504e-01
9.506336393627912162e-01,-7.264290915229892898e-02,2.797691650824651877e-01,-1.129066239456562176e-01
9.555279179847190330e-01,-7.688136646594059820e-02,2.823125439754511912e-01,-3.681414071015017692e-02
9.555279179847190330e-01,-7.688136646594059820e-02,2.823125439754511912e-01,3.681414071015020467e-02
9.506336393627912162e-01,-7.264290915229895673e-02,2.797691650824651322e-01,1.129066239456563148e-01
9.396819419720958688e-01,-7.307014586412448331e-02,2.740600909332918667e-01,1.911796753647789504e-01
9.238491980994294472e-01,-7.241807800387672911e-02,2.657614354541170676e-01,2.657614354541170121e-01
8.961837306787487911e-01,-7.240878584917617711e-02,2.657273349029873888e-01,3.478515086698972802e-01
9.009639594537830476e-01,-7.210278913840668935e-02,3.025434940333580625e-01,-3.025434940333568967e-01
9.195066714923780804e-01,-7.277066872016771382e-02,3.112691682256595871e-01,-2.287431217919645432e-01
9.330019490300218710e-01,-7.308565865704931552e-02,3.176004936774680099e-01,-1.526295384932896959e-01
9.415953767140692321e-01,-7.055555364647307648e-02,3.216239640480312301e-01,-7.055555364647352057e-02
9.434013225565458516e-01,-7.751043421411552004e-02,3.224687228034672781e-01,1.691401972036851156e-15
9.415953767140692321e-01,-7.055555364647309036e-02,3.216239640480312301e-01,7.055555364647354832e-02
9.330019490300218710e-01,-7.308565865704927389e-02,3.176004936774680099e-01,1.526295384932896959e-01
9.195066714923780804e-01,-7.277066872016771382e-02,3.112691682256595871e-01,2.287431217919645432e-01
9.009639594537830476e-01,-7.210278913840675874e-02,3.025434940333571743e-01,3.025434940333577849e-01
8.748936050129844100e-01,-7.172538838325059896e-02,3.386861737424889940e-01,-3.386861737424903818e-01
8.961837306787487911e-01,-7.240878584917617711e-02,3.478515086698972802e-01,-2.657273349029873888e-01
9.123779023896808615e-01,-7.288050325732663148e-02,3.548165714526723691e-01,-1.906834971845634830e-01
9.234848924889016430e-01,-7.233073932732780875e-02,3.595905171264795475e-01,-1.124214280545981909e-01
9.284240614367147426e-01,-7.649260352703204924e-02,3.617126408225196932e-01,-3.662798411338610838e-02
9.284240614367147426e-01,-7.649260352703207699e-02,3.617126408225196932e-01,3.662798411338613613e-02
9.234848924889015320e-01,-7.233073932732790590e-02,3.595905171264796585e-01,1.124214280545985517e-01
9.123779023896808615e-01,-7.288050325732663148e-02,3.548165714526723691e-01,1.906834971845634830e-01
8.961837306787487911e-01,-7.240878584917617711e-02,3.478515086698972802e-01,2.657273349029873888e-01
8.748936050129844100e-01,-7.172538838325059896e-02,3.386861737424889940e-01,3.386861737424903818e-01
8.878256833011529681e-01,-3.609334091208683815e-02,-3.442545667063932613e-01,-3.032352553949460017e-01
9.066159815088135066e-01,-3.640164011029126817e-02,-3.523390156892637903e-01,-2.293024219087366755e-01
9.201991055097472616e-01,-3.661272040593956806e-02,-3.581784998578231294e-01,-1.536270717130835406e-01
9.284240614367147426e-01,-3.662798411338610838e-02,-3.617126408225196932e-01,-7.649260352703204924e-02
9.310482501422779889e-01,-3.868256841300213300e-02,-3.628399300076764478e-01,8.441156750130434086e-16
9.284240614367147426e-01,-3.662798411338608756e-02,-3.617126408225196932e-01,7.649260352703204924e-02
9.201991055097472616e-01,-3.661272040593960275e-02,-3.581784998578231294e-01,1.536270717130836516e-01
9.066159815088135066e-01,-3.640164011029126817e-02,-3.523390156892637903e-01,2.293024219087366755e-01
8.878256833011528570e-01,-3.609334091208685896e-02,-3.442545667063934278e-01,3.032352553949462237e-01
8.878256833011529681e-01,-3.609334091208683815e-02,-3.032352553949460017e-01,-3.442545667063932613e-01
9.125099924116486516e-01,-3.629079987608133107e-02,-3.079803704164857381e-01,-2.667519128916818194e-01
9.285675712897091261e-01,-3.658927967096790856e-02,-3.155218423600951172e-01,-1.920142108177984308e-01
9.394176382699642724e-01,-3.676506231774387401e-02,-3.206049301408132046e-01,-1.155651758509423643e-01
9.450038318161799733e-01,-3.533993575424047850e-02,-3.232180931422455328e-01,-3.533993575424069361e-02
9.450038318161799733e-01,-3.533993575424046463e-02,-3.232180931422455328e-01,3.533993575424070749e-02
9.394176382699642724e-01,-3.676506231774384625e-02,-3.206049301408132601e-01,1.155651758509423782e-01
9.285675712897091261e-01,-3.658927967096790856e-02,-3.155218423600951172e-01,1.920142108177984308e-01
9.125099924116488737e-01,-3.629079987608130331e-02,-3.079803704164855160e-01,2.667519128916817084e-01
8.878256833011529681e-01,-3.609334091208683815e-02,-3.032352553949460017e-01,3.442545667063932613e-01
9.125099924116486516e-01,-3.629079987608133107e-02,-2.667519128916818194e-01,-3.079803704164857381e-01
9.340302485829089507e-01,-3.646419684366049990e-02,-2.711040086936155613e-01,-2.296964813638817937e-01
9.473859535730986270e-01,-3.675212154353121874e-02,-2.780787583044001532e-01,-1.542119992553210583e-01
9.555279179847190330e-01,-3.681414071015017692e-02,-2.823125439754511912e-01,-7.688136646594059820e-02
9.581343033507038198e-01,-3.889496244688091936e-02,-2.836650113054431932e-01,8.487504534321535974e-16
9.555279179847190330e-01,-3.681414071015016304e-02,-2.823125439754511912e-01,7.688136646594059820e-02
9.473859535730986270e-01,-3.675212154353121874e-02,-2.780787583044001532e-01,1.542119992553210583e-01
9.340302485829089507e-01,-3.646419684366050684e-02,-2.711040086936155613e-01,2.296964813638818215e-01
9.125099924116486516e-01,-3.629079987608131719e-02,-2.667519128916817084e-01,3.079803704164857936e-01
9.066159815088135066e-01,-3.640164011029126817e-02,-2.293024219087366755e-01,-3.523390156892637903e-01
9.340302485829090617e-01,-3.646419684366050684e-02,-2.296964813638818215e-01,-2.711040086936156168e-01
9.524294234329183650e-01,-3.661442476372197413e-02,-2.337037172018605335e-01,-1.921461679151922342e-01
9.631060251055481025e-01,-3.688458466749104658e-02,-2.400500472929433804e-01,-1.159408755096910243e-01
9.686450866567616336e-01,-3.550172542540401543e-02,-2.433227302973422768e-01,-3.550172542540422360e-02
9.686450866567616336e-01,-3.550172542540399462e-02,-2.433227302973422768e-01,3.550172542540422360e-02
9.631060251055479915e-01,-3.688458466749108822e-02,-2.400500472929437135e-01,1.159408755096912880e-01
9.524294234329183650e-01,-3.661442476372197413e-02,-2.337037172018605335e-01,1.921461679151922342e-01
9.340302485829088397e-01,-3.646419684366053460e-02,-2.296964813638819880e-01,2.711040086936157278e-01
9.066159815088135066e-01,-3.640164011029126817e-02,-2.293024219087366755e-01,3.523390156892637903e-01
9.285675712897091261e-01,-3.658927967096790856e-02,-1.920142108177984308e-01,-3.155218423600951172e-01
9.524294234329183650e-01,-3.661442476372197413e-02,-1.921461679151922342e-01,-2.337037172018605335e-01
9.677431105543670142e-01,-3.674133420678076661e-02,-1.958467870083432094e-01,-1.541667355617692137e-01
9.757628778535116787e-01,-3.691894122389385857e-02,-2.014431750974082225e-01,-7.710022820079362460e-02
9.783508891039448541e-01,-3.904492263261027246e-02,-2.032363939016190724e-01,8.520228251643126983e-16
9.757628778535116787e-01,-3.691894122389383776e-02,-2.014431750974082225e-01,7.710022820079362460e-02
9.677431105543670142e-01,-3.674133420678077355e-02,-1.958467870083431817e-01,1.541667355617692414e-01
9.524294234329183650e-01,-3.661442476372197413e-02,-1.921461679151922342e-01,2.337037172018605335e-01
9.285675712897091261e-01,-3.658927967096790856e-02,-1.920142108177984308e-01,3.155218423600951172e-01
9.201991055097472616e-01,-3.661272040593956806e-02,-1.536270717130835406e-01,-3.581784998578231294e-01
9.473859535730986270e-01,-3.675212154353121874e-02,-1.542119992553210583e-01,-2.780787583044001532e-01
9.677431105543670142e-01,-3.674133420678076661e-02,-1.541667355617692137e-01,-1.958467870083432094e-01
9.800000612224615271e-01,-3.684075693194942269e-02,-1.575826080574896093e-01,-1.158031099342858028e-01
9.854635274068056505e-01,-3.559497560855288262e-02,-1.622579168293154239e-01,-3.559497560855310466e-02
9.854635274068056505e-01,-3.559497560855286874e-02,-1.622579168293154239e-01,3.559497560855311160e-02
9.800000612224615271e-01,-3.684075693194943657e-02,-1.575826080574895816e-01,1.158031099342858583e-01
9.677431105543670142e-01,-3.674133420678076661e-02,-1.541667355617692137e-01,1.958467870083432094e-01
9.473859535730985160e-01,-3.675212154353124649e-02,-1.542119992553211971e-01,2.780787583044004307e-01
9.201991055097472616e-01,-3.661272040593956806e-02,-1.536270717130835406e-01,3.581784998578231294e-01
9.394176382699642724e-01,-3.676506231774388095e-02,-1.155651758509423782e-01,-3.206049301408132601e-01
9.631060251055481025e-01,-3.688458466749104658e-02,-1.159408755096910243e-01,-2.400500472929433804e-01
9.800000612224615271e-01,-3.684075693194942269e-02,-1.158031099342858028e-01,-1.575826080574896093e-01
9.892302766652358859e-01,-3.684806431664362086e-02,-1.189287057634472317e-01,-7.695221134164210997e-02
9.917837737455262870e-01,-3.911302789220585246e-02,-1.217994958289493473e-01,8.535089911438224017e-16
9.892302766652358859e-01,-3.684806431664361392e-02,-1.189287057634472317e-01,7.695221134164212384e-02
9.800000612224615271e-01,-3.684075693194940881e-02,-1.158031099342857889e-01,1.575826080574896648e-01
9.631060251055481025e-01,-3.688458466749104658e-02,-1.159408755096910243e-01,2.400500472929433804e-01
9.394176382699642724e-01,-3.676506231774379074e-02,-1.155651758509421145e-01,3.206049301408133712e-01
9.284240614367147426e-01,-3.662798411338610838e-02,-7.649260352703204924e-02,-3.617126408225196932e-01
9.555279179847190330e-01,-3.681414071015017692e-02,-7.688136646594059820e-02,-2.823125439754511912e-01
9.757628778535116787e-01,-3.691894122389385857e-02,-7.710022820079362460e-02,-2.014431750974082225e-01
9.892302766652358859e-01,-3.684806431664362086e-02,-7.695221134164210997e-02,-1.189287057634472317e-01
9.955352743961632944e-01,-3.551689716996755258e-02,-7.991631537922491701e-02,-3.551689716996777463e-02
9.955352743961632944e-01,-3.551689716996756646e-02,-7.991631537922491701e-02,3.551689716996780238e-02
9.892302766652357748e-01,-3.684806431664378740e-02,-7.695221134164245691e-02,1.189287057634478978e-01
9.757628778535116787e-01,-3.691894122389385857e-02,-7.710022820079362460e-02,2.014431750974082225e-01
9.555279179847190330e-01,-3.681414071015017692e-02,-7.688136646594059820e-02,2.823125439754511912e-01
9.284240614367147426e-01,-3.662798411338610838e-02,-7.649260352703204924e-02,3.617126408225196932e-01
9.450038318161799733e-01,-3.533993575424047850e-02,-3.533993575424069361e-02,-3.232180931422455328e-01
9.686450866567616336e-01,-3.550172542540401543e-02,-3.550172542540422360e-02,-2.433227302973422768e-01
9.854635274068056505e-01,-3.559497560855288262e-02,-3.559497560855310466e-02,-1.622579168293154239e-01
9.955352743961632944e-01,-3.551689716996755258e-02,-3.551689716996777463e-02,-7.991631537922491701e-02
9.985013531273444487e-01,-3.869785396415530848e-02,-3.869785396415531542e-02,8.444492302514612328e-16
9.955352743961632944e-01,-3.551689716996755258e-02,-3.551689716996777463e-02,7.991631537922493089e-02
9.854635274068056505e-01,-3.559497560855279935e-02,-3.559497560855301446e-02,1.622579168293154794e-01
9.686450866567616336e-01,-3.550172542540400156e-02,-3.550172542540421666e-02,2.433227302973422768e-01
9.450038318161798623e-01,-3.533993575424051320e-02,-3.533993575424072831e-02,3.232180931422458658e-01
9.310482501422779889e-01,-3.868256841300213300e-02,8.441156750130434086e-16,-3.628399300076764478e-01
9.581343033507038198e-01,-3.889496244688091936e-02,8.487504534321535974e-16,-2.836650113054431932e-01
9.783508891039448541e-01,-3.904492263261027246e-02,8.520228251643126983e-16,-2.032363939016190724e-01
9.917837737455262870e-01,-3.911302789220585246e-02,8.535089911438224017e-16,-1.217994958289493473e-01
9.985013531273444487e-01,-3.869785396415530848e-02,8.444492302514612328e-16,-3.869785396415531542e-02
9.985013531273444487e-01,-3.869785396415530848e-02,8.444492302514612328e-16,3.869785396415532236e-02
9.917837737455262870e-01,-3.911302789220585246e-02,8.535089911438224017e-16,1.217994958289493473e-01
9.783508891039448541e-01,-3.904492263261027246e-02,8.520228251643126983e-16,2.032363939016190724e-01
9.581343033507038198e-01,-3.889496244688091936e-02,8.487504534321535974e-16,2.836650113054431932e-01
9.310482501422779889e-01,-3.868256841300213300e-02,8.441156750130434086e-16,3.628399300076764478e-01
9.450038318161799733e-01,-3.533993575424046463e-02,3.533993575424070749e-02,-3.232180931422455328e-01
9.686450866567616336e-01,-3.550172542540399462e-02,3.550172542540422360e-02,-2.433227302973422768e-01
9.854635274068056505e-01,-3.559497560855286874e-02,3.559497560855311160e-02,-1.622579168293154239e-01
9.955352743961632944e-01,-3.551689716996755952e-02,3.551689716996779544e-02,-7.991631537922491701e-02
9.985013531273444487e-01,-3.869785396415530848e-02,3.869785396415532236e-02,8.444492302514612328e-16
9.955352743961632944e-01,-3.551689716996753871e-02,3.551689716996778157e-02,7.991631537922493089e-02
9.854635274068056505e-01,-3.559497560855277853e-02,3.559497560855302140e-02,1.622579168293154794e-01
9.686450866567616336e-01,-3.550172542540398074e-02,3.550172542540421666e-02,2.433227302973422768e-01
9.450038318161798623e-01,-3.533993575424049932e-02,3.533993575424074218e-02,3.232180931422458658e-01
9.284240614367147426e-01,-3.662798411338608756e-02,7.649260352703204924e-02,-3.617126408225196932e-01
9.555279179847190330e-01,-3.681414071015016304e-02,7.688136646594059820e-02,-2.823125439754511912e-01
9.757628778535116787e-01,-3.691894122389383776e-02,7.710022820079362460e-02,-2.014431750974082225e-01
9.892302766652358859e-01,-3.684806431664361392e-02,7.695221134164212384e-02,-1.189287057634472317e-01
9.955352743961632944e-01,-3.551689716996755258e-02,7.991631537922493089e-02,-3.551689716996777463e-02
9.955352743961632944e-01,-3.551689716996753871e-02,7.991631537922493089e-02,3.551689716996778157e-02
9.892302766652358859e-01,-3.684806431664358617e-02,7.695221134164208221e-02,1.189287057634472733e-01
9.757628778535116787e-01,-3.691894122389383776e-02,7.710022820079362460e-02,2.014431750974082225e-01
9.555279179847190330e-01,-3.681414071015016998e-02,7.688136646594061208e-02,2.823125439754511912e-01
9.284240614367147426e-01,-3.662798411338608756e-02,7.649260352703204924e-02,3.617126408225196932e-01
9.394176382699642724e-01,-3.676506231774384625e-02,1.155651758509423782e-01,-3.206049301408132601e-01
9.631060251055479915e-01,-3.688458466749108822e-02,1.159408755096912880e-01,-2.400500472929437135e-01
9.800000612224615271e-01,-3.684075693194943657e-02,1.158031099342858583e-01,-1.575826080574895816e-01
9.892302766652357748e-01,-3.684806431664378740e-02,1.189287057634478978e-01,-7.695221134164245691e-02
9.917837737455262870e-01,-3.911302789220585246e-02,1.217994958289493473e-01,8.535089911438224017e-16
9.892302766652358859e-01,-3.684806431664358617e-02,1.189287057634472733e-01,7.695221134164208221e-02
9.800000612224615271e-01,-3.684075693194942269e-02,1.158031099342858306e-01,1.575826080574896371e-01
9.631060251055479915e-01,-3.688458466749108822e-02,1.159408755096912880e-01,2.400500472929437135e-01
9.394176382699642724e-01,-3.676506231774384625e-02,1.155651758509423782e-01,3.206049301408132601e-01
9.201991055097472616e-01,-3.661272040593960275e-02,1.536270717130836516e-01,-3.581784998578231294e-01
9.473859535730986270e-01,-3.675212154353121874e-02,1.542119992553210583e-01,-2.780787583044001532e-01
9.677431105543670142e-01,-3.674133420678077355e-02,1.541667355617692414e-01,-1.958467870083431817e-01
9.800000612224615271e-01,-3.684075693194940881e-02,1.575826080574896648e-01,-1.158031099342857889e-01
9.854635274068056505e-01,-3.559497560855279935e-02,1.622579168293154794e-01,-3.559497560855301446e-02
9.854635274068056505e-01,-3.559497560855277853e-02,1.622579168293154794e-01,3.559497560855302140e-02
9.800000612224615271e-01,-3.684075693194942269e-02,1.575826080574896371e-01,1.158031099342858306e-01
9.677431105543670142e-01,-3.674133420678077355e-02,1.541667355617692414e-01,1.958467870083431817e-01
9.473859535730984049e-01,-3.675212154353130894e-02,1.542119992553214747e-01,2.780787583044006528e-01
9.201991055097472616e-01,-3.661272040593960275e-02,1.536270717130836516e-01,3.581784998578231294e-01
9.285675712897091261e-01,-3.658927967096790856e-02,1.920142108177984308e-01,-3.155218423600951172e-01
9.524294234329183650e-01,-3.661442476372197413e-02,1.921461679151922342e-01,-2.337037172018605335e-01
9.677431105543670142e-01,-3.674133420678076661e-02,1.958467870083432094e-01,-1.541667355617692137e-01
9.757628778535116787e-01,-3.691894122389385857e-02,2.014431750974082225e-01,-7.710022820079362460e-02
9.783508891039448541e-01,-3.904492263261027246e-02,2.032363939016190724e-01,8.520228251643126983e-16
9.757628778535116787e-01,-3.691894122389383776e-02,2.014431750974082225e-01,7.710022820079362460e-02
9.677431105543670142e-01,-3.674133420678077355e-02,1.958467870083431817e-01,1.541667355617692414e-01
9.524294234329183650e-01,-3.661442476372197413e-02,1.921461679151922342e-01,2.337037172018605335e-01
9.285675712897091261e-01,-3.658927967096790856e-02,1.920142108177984308e-01,3.155218423600951172e-01
9.066159815088135066e-01,-3.640164011029126817e-02,2.293024219087366755e-01,-3.523390156892637903e-01
9.340302485829089507e-01,-3.646419684366050684e-02,2.296964813638818215e-01,-2.711040086936155613e-01
9.524294234329183650e-01,-3.661442476372197413e-02,2.337037172018605335e-01,-1.921461679151922342e-01
9.631060251055481025e-01,-3.688458466749104658e-02,2.400500472929433804e-01,-1.159408755096910243e-01
9.686450866567615225e-01,-3.550172542540406401e-02,2.433227302973426931e-01,-3.550172542540428605e-02
9.686450866567615225e-01,-3.550172542540404319e-02,2.433227302973426931e-01,3.550172542540428605e-02
9.631060251055479915e-01,-3.688458466749108822e-02,2.400500472929437135e-01,1.159408755096912880e-01
9.524294234329183650e-01,-3.661442476372197413e-02,2.337037172018605335e-01,1.921461679151922342e-01
9.340302485829088397e-01,-3.646419684366053460e-02,2.296964813638819880e-01,2.711040086936157278e-01
9.066159815088135066e-01,-3.640164011029126817e-02,2.293024219087366755e-01,3.523390156892637903e-01
9.125099924116487626e-01,-3.629079987608129637e-02,2.667519128916816529e-01,-3.079803704164854605e-01
9.340302485829088397e-01,-3.646419684366053460e-02,2.711040086936157278e-01,-2.296964813638819880e-01
9.473859535730985160e-01,-3.675212154353124649e-02,2.780787583044004307e-01,-1.542119992553211971e-01
9.555279179847190330e-01,-3.681414071015017692e-02,2.823125439754511912e-01,-7.688136646594059820e-02
9.581343033507038198e-01,-3.889496244688091936e-02,2.836650113054431932e-01,8.487504534321535974e-16
9.555279179847190330e-01,-3.681414071015016998e-02,2.823125439754511912e-01,7.688136646594061208e-02
9.473859535730984049e-01,-3.675212154353130894e-02,2.780787583044006528e-01,1.542119992553214747e-01
9.340302485829088397e-01,-3.646419684366053460e-02,2.711040086936157834e-01,2.296964813638820435e-01
9.125099924116487626e-01,-3.629079987608131025e-02,2.667519128916816529e-01,3.079803704164855160e-01
8.878256833011528570e-01,-3.609334091208685896e-02,3.032352553949462237e-01,-3.442545667063934278e-01
9.125099924116486516e-01,-3.629079987608131719e-02,3.079803704164857936e-01,-2.667519128916817084e-01
9.285675712897091261e-01,-3.658927967096790856e-02,3.155218423600951172e-01,-1.920142108177984308e-01
9.394176382699642724e-01,-3.676506231774379074e-02,3.206049301408133712e-01,-1.155651758509421145e-01
9.450038318161799733e-01,-3.533993575424052014e-02,3.232180931422458658e-01,-3.533993575424072831e-02
9.450038318161798623e-01,-3.533993575424049932e-02,3.232180931422458658e-01,3.533993575424074218e-02
9.394176382699642724e-01,-3.676506231774384625e-02,3.206049301408132601e-01,1.155651758509423782e-01
9.285675712897091261e-01,-3.658927967096790856e-02,3.155218423600951172e-01,1.920142108177984308e-01
9.125099924116487626e-01,-3.629079987608131025e-02,3.079803704164855160e-01,2.667519128916816529e-01
8.878256833011528570e-01,-3.609334091208685896e-02,3.032352553949462237e-01,3.442545667063934278e-01
8.878256833011529681e-01,-3.609334091208683815e-02,3.442545667063932613e-01,-3.032352553949460017e-01
9.066159815088135066e-01,-3.640164011029126817e-02,3.523390156892637903e-01,-2.293024219087366755e-01
9.201991055097472616e-01,-3.661272040593956806e-02,3.581784998578231294e-01,-1.536270717130835406e-01
9.284240614367147426e-01,-3.662798411338610838e-02,3.617126408225196932e-01,-7.649260352703204924e-02
9.310482501422779889e-01,-3.868256841300213300e-02,3.628399300076764478e-01,8.441156750130434086e-16
9.284240614367147426e-01,-3.662798411338608756e-02,3.617126408225196932e-01,7.649260352703204924e-02
9.201991055097472616e-01,-3.661272040593960275e-02,3.581784998578231294e-01,1.536270717130836516e-01
9.066159815088135066e-01,-3.640164011029126817e-02,3.523390156892637903e-01,2.293024219087366755e-01
8.878256833011528570e-01,-3.609334091208685896e-02,3.442545667063934278e-01,3.032352553949462237e-01
8.770956024683747021e-01,7.411371314082340324e-15,-3.396345860852798548e-01,-3.396345860852799103e-01
8.984193920157598212e-01,5.821577567360460237e-15,-3.488133876455606908e-01,-2.667804652692177814e-01
9.146363948308867675e-01,4.189265633960065504e-15,-3.557875085429663686e-01,-1.919778998102303347e-01
9.255558291234278201e-01,2.526063226131213208e-15,-3.604803588097010292e-01,-1.157597429509641951e-01
9.310482501422779889e-01,8.441156750130434086e-16,-3.628399300076764478e-01,-3.868256841300213300e-02
9.310482501422779889e-01,8.441156750130434086e-16,-3.628399300076764478e-01,3.868256841300213300e-02
9.255558291234278201e-01,2.526063226131213208e-15,-3.604803588097010292e-01,1.157597429509641951e-01
9.146363948308867675e-01,4.189265633960065504e-15,-3.557875085429663686e-01,1.919778998102303347e-01
8.984193920157598212e-01,5.821577567360460237e-15,-3.488133876455606908e-01,2.667804652692177814e-01
8.770956024683747021e-01,7.411371314082340324e-15,-3.396345860852798548e-01,3.396345860852799103e-01
9.031525081215230344e-01,6.624493064980299708e-15,-3.035749883256213533e-01,-3.035749883256213533e-01
9.217341669556249339e-01,5.017321610304592363e-15,-3.123152946496667304e-01,-2.299245141225963462e-01
9.352216780848222610e-01,3.368503816636902858e-15,-3.186403775667904226e-01,-1.543655486962759726e-01
9.434013225565458516e-01,1.691401972036850959e-15,-3.224687228034672781e-01,-7.751043421411552004e-02
9.461425128284008945e-01,0.000000000000000000e+00,-3.237504369398738757e-01,0.000000000000000000e+00
9.434013225565458516e-01,1.691401972036850959e-15,-3.224687228034672781e-01,7.751043421411552004e-02
9.352216780848221500e-01,3.368503816636908380e-15,-3.186403775667905891e-01,1.543655486962762224e-01
9.217341669556249339e-01,5.017321610304593152e-15,-3.123152946496667304e-01,2.299245141225963462e-01
9.031525081215229234e-01,6.624493064980301285e-15,-3.035749883256214643e-01,3.035749883256215198e-01
8.984193920157598212e-01,5.821577567360460237e-15,-2.667804652692177814e-01,-3.488133876455606908e-01
9.260254230429166844e-01,5.824302428712332833e-15,-2.669053351641621497e-01,-2.669053351641621497e-01
9.419027597322809919e-01,4.201621717740813904e-15,-2.752198187422935649e-01,-1.925441315131994624e-01
9.526839438401960569e-01,2.537776381086649835e-15,-2.808352266270766617e-01,-1.162965117035273804e-01
9.581343033507038198e-01,8.487504534321535974e-16,-2.836650113054431932e-01,-3.889496244688091936e-02
9.581343033507038198e-01,8.487504534321535974e-16,-2.836650113054431932e-01,3.889496244688091936e-02
9.526839438401962790e-01,2.537776381086649046e-15,-2.808352266270762732e-01,1.162965117035273249e-01
9.419027597322809919e-01,4.201621717740813904e-15,-2.752198187422935649e-01,1.925441315131994624e-01
9.260254230429166844e-01,5.824302428712332044e-15,-2.669053351641621497e-01,2.669053351641621497e-01
8.984193920157598212e-01,5.821577567360460237e-15,-2.667804652692177814e-01,3.488133876455606908e-01
9.217341669556249339e-01,5.017321610304592363e-15,-2.299245141225963462e-01,-3.123152946496667304e-01
9.457607813509177896e-01,5.012716000795910819e-15,-2.297134567874740962e-01,-2.297134567874741240e-01
9.589643216369069245e-01,3.376107650359770643e-15,-2.375942067358732535e-01,-1.547140030928625121e-01
9.670531657716099350e-01,1.698500601055576927e-15,-2.423835238062257147e-01,-7.783573702602115951e-02
9.697776776849538205e-01,0.000000000000000000e+00,-2.439902782161162687e-01,0.000000000000000000e+00
9.670531657716099350e-01,1.698500601055576927e-15,-2.423835238062257147e-01,7.783573702602115951e-02
9.589643216369068135e-01,3.376107650359772221e-15,-2.375942067358731702e-01,1.547140030928625676e-01
9.457607813509177896e-01,5.012716000795910819e-15,-2.297134567874740962e-01,2.297134567874741240e-01
9.217341669556249339e-01,5.017321610304592363e-15,-2.299245141225963462e-01,3.123152946496666749e-01
9.146363948308867675e-01,4.189265633960065504e-15,-1.919778998102303347e-01,-3.557875085429663686e-01
9.419027597322809919e-01,4.201621717740813904e-15,-1.925441315131994624e-01,-2.752198187422935649e-01
9.623974421965627579e-01,4.191542203358153131e-15,-1.920822262125176927e-01,-1.920822262125177204e-01
9.729504360990830492e-01,2.542212330786756147e-15,-1.994874603824006998e-01,-1.164997941834414602e-01
9.783508891039448541e-01,8.520228251643126983e-16,-2.032363939016190724e-01,-3.904492263261027246e-02
9.783508891039448541e-01,8.520228251643126983e-16,-2.032363939016190724e-01,3.904492263261027246e-02
9.729504360990830492e-01,2.542212330786758119e-15,-1.994874603824006443e-01,1.164997941834415573e-01
9.623974421965627579e-01,4.191542203358153131e-15,-1.920822262125176927e-01,1.920822262125177204e-01
9.419027597322808809e-01,4.201621717740814693e-15,-1.925441315131995179e-01,2.752198187422934539e-01
9.146363948308867675e-01,4.189265633960065504e-15,-1.919778998102303347e-01,3.557875085429663686e-01
9.352216780848222610e-01,3.368503816636902858e-15,-1.543655486962759726e-01,-3.186403775667904226e-01
9.589643216369069245e-01,3.376107650359770643e-15,-1.547140030928625121e-01,-2.375942067358732535e-01
9.759673294920255815e-01,3.362502074421580492e-15,-1.540905119794920841e-01,-1.540905119794920841e-01
9.838850898111037857e-01,1.701096842100279593e-15,-1.609136190873240724e-01,-7.795471274795266747e-02
9.865905829171005559e-01,0.000000000000000000e+00,-1.632146491565500679e-01,0.000000000000000000e+00
9.838850898111037857e-01,1.701096842100280973e-15,-1.609136190873240446e-01,7.795471274795272298e-02
9.759673294920255815e-01,3.362502074421580492e-15,-1.540905119794920564e-01,1.540905119794920841e-01
9.589643216369068135e-01,3.376107650359771038e-15,-1.547140030928625121e-01,2.375942067358731979e-01
9.352216780848222610e-01,3.368503816636903647e-15,-1.543655486962759726e-01,3.186403775667904226e-01
9.255558291234278201e-01,2.526063226131213208e-15,-1.157597429509641951e-01,-3.604803588097010292e-01
9.526839438401960569e-01,2.537776381086649835e-15,-1.162965117035273804e-01,-2.808352266270766617e-01
9.729504360990830492e-01,2.542212330786756147e-15,-1.164997941834414602e-01,-1.994874603824006998e-01
9.864959359653289184e-01,2.527247349476188352e-15,-1.158140067606022727e-01,-1.158140067606023005e-01
9.917837737455262870e-01,8.535089911438224017e-16,-1.217994958289493473e-01,-3.911302789220585246e-02
9.917837737455262870e-01,8.535089911438246697e-16,-1.217994958289493196e-01,3.911302789220597043e-02
9.864959359653289184e-01,2.527247349476188352e-15,-1.158140067606022727e-01,1.158140067606023005e-01
9.729504360990830492e-01,2.542212330786756147e-15,-1.164997941834414602e-01,1.994874603824006998e-01
9.526839438401960569e-01,2.537776381086652202e-15,-1.162965117035274637e-01,2.808352266270765507e-01
9.255558291234278201e-01,2.526063226131213208e-15,-1.157597429509641951e-01,3.604803588097010292e-01
9.434013225565458516e-01,1.691401972036850959e-15,-7.751043421411552004e-02,-3.224687228034672781e-01
9.670531657716099350e-01,1.698500601055576927e-15,-7.783573702602115951e-02,-2.423835238062257147e-01
9.838850898111037857e-01,1.701096842100279593e-15,-7.795471274795266747e-02,-1.609136190873240724e-01
9.940027118539468409e-01,1.687376494515163384e-15,-7.732596209229966600e-02,-7.732596209229966600e-02
9.966510258822945945e-01,0.000000000000000000e+00,-8.177244406136917332e-02,0.000000000000000000e+00
9.940027118539468409e-01,1.687376494515163384e-15,-7.732596209229965212e-02,7.732596209229967987e-02
9.838850898111037857e-01,1.701096842100278804e-15,-7.795471274795262584e-02,1.609136190873241001e-01
9.670531657716099350e-01,1.698500601055574166e-15,-7.783573702602104849e-02,2.423835238062257424e-01
9.434013225565458516e-01,1.691401972036851156e-15,-7.751043421411552004e-02,3.224687228034672781e-01
9.310482501422779889e-01,8.441156750130434086e-16,-3.868256841300213300e-02,-3.628399300076764478e-01
9.581343033507038198e-01,8.487504534321535974e-16,-3.889496244688091936e-02,-2.836650113054431932e-01
9.783508891039448541e-01,8.520228251643126983e-16,-3.904492263261027246e-02,-2.032363939016190724e-01
9.917837737455262870e-01,8.535089911438224017e-16,-3.911302789220585246e-02,-1.217994958289493473e-01
9.985013531273444487e-01,8.444492302514612328e-16,-3.869785396415530848e-02,-3.869785396415531542e-02
9.985013531273444487e-01,8.444492302514612328e-16,-3.869785396415530848e-02,3.869785396415532236e-02
9.917837737455262870e-01,8.535089911438224017e-16,-3.911302789220585246e-02,1.217994958289493473e-01
9.783508891039448541e-01,8.520228251643126983e-16,-3.904492263261027246e-02,2.032363939016190724e-01
9.581343033507038198e-01,8.487504534321535974e-16,-3.889496244688091936e-02,2.836650113054431932e-01
9.310482501422779889e-01,8.441156750130434086e-16,-3.868256841300213300e-02,3.628399300076764478e-01
9.461425128284008945e-01,0.000000000000000000e+00,0.000000000000000000e+00,-3.237504369398738757e-01
9.697776776849538205e-01,0.000000000000000000e+00,0.000000000000000000e+00,-2.439902782161162687e-01
9.865905829171005559e-01,0.000000000000000000e+00,0.000000000000000000e+00,-1.632146491565500679e-01
9.966510258822945945e-01,0.000000000000000000e+00,0.000000000000000000e+00,-8.177244406136917332e-02
1.000000000000000000e+00,0.000000000000000000e+00,0.000000000000000000e+00,0.000000000000000000e+00
9.966510258822945945e-01,0.000000000000000000e+00,0.000000000000000000e+00,8.177244406136917332e-02
9.865905829171005559e-01,0.000000000000000000e+00,0.000000000000000000e+00,1.632146491565500679e-01
9.697776776849538205e-01,0.000000000000000000e+00,0.000000000000000000e+00,2.439902782161162687e-01
9.461425128284008945e-01,0.000000000000000000e+00,0.000000000000000000e+00,3.237504369398738757e-01
9.310482501422779889e-01,8.441156750130434086e-16,3.868256841300213300e-02,-3.628399300076764478e-01
9.581343033507038198e-01,8.487504534321535974e-16,3.889496244688091936e-02,-2.836650113054431932e-01
9.783508891039448541e-01,8.520228251643126983e-16,3.904492263261027246e-02,-2.032363939016190724e-01
9.917837737455262870e-01,8.535089911438246697e-16,3.911302789220597043e-02,-1.217994958289493196e-01
9.985013531273444487e-01,8.444492302514612328e-16,3.869785396415532236e-02,-3.869785396415530848e-02
9.985013531273444487e-01,8.444492302514612328e-16,3.869785396415530848e-02,3.869785396415532236e-02
9.917837737455262870e-01,8.535089911438223031e-16,3.911302789220585246e-02,1.217994958289493473e-01
9.783508891039448541e-01,8.520228251643126983e-16,3.904492263261027246e-02,2.032363939016190724e-01
9.581343033507038198e-01,8.487504534321535974e-16,3.889496244688091936e-02,2.836650113054431932e-01
9.310482501422779889e-01,8.441156750130434086e-16,3.868256841300213300e-02,3.628399300076764478e-01
9.434013225565458516e-01,1.691401972036850959e-15,7.751043421411552004e-02,-3.224687228034672781e-01
9.670531657716099350e-01,1.698500601055576927e-15,7.783573702602115951e-02,-2.423835238062257147e-01
9.838850898111037857e-01,1.701096842100280973e-15,7.795471274795272298e-02,-1.609136190873240446e-01
9.940027118539468409e-01,1.687376494515163384e-15,7.732596209229967987e-02,-7.732596209229965212e-02
9.966510258822945945e-01,0.000000000000000000e+00,8.177244406136917332e-02,0.000000000000000000e+00
9.940027118539468409e-01,1.687376494515163384e-15,7.732596209229965212e-02,7.732596209229967987e-02
9.838850898111037857e-01,1.701096842100281368e-15,7.795471274795273686e-02,1.609136190873240446e-01
9.670531657716099350e-01,1.698500601055574166e-15,7.783573702602104849e-02,2.423835238062257424e-01
9.434013225565458516e-01,1.691401972036851156e-15,7.751043421411552004e-02,3.224687228034672781e-01
9.255558291234278201e-01,2.526063226131213208e-15,1.157597429509641951e-01,-3.604803588097010292e-01
9.526839438401962790e-01,2.537776381086649046e-15,1.162965117035273249e-01,-2.808352266270762732e-01
9.729504360990830492e-01,2.542212330786758119e-15,1.164997941834415573e-01,-1.994874603824006443e-01
9.864959359653289184e-01,2.527247349476188352e-15,1.158140067606023005e-01,-1.158140067606022727e-01
9.917837737455262870e-01,8.535089911438224017e-16,1.217994958289493473e-01,-3.911302789220585246e-02
9.917837737455262870e-01,8.535089911438223031e-16,1.217994958289493473e-01,3.911302789220585246e-02
9.864959359653289184e-01,2.527247349476188352e-15,1.158140067606022727e-01,1.158140067606023005e-01
9.729504360990830492e-01,2.542212330786758119e-15,1.164997941834415573e-01,1.994874603824006443e-01
9.526839438401960569e-01,2.537776381086652202e-15,1.162965117035274637e-01,2.808352266270765507e-01
9.255558291234278201e-01,2.526063226131213208e-15,1.157597429509641951e-01,3.604803588097010292e-01
9.352216780848221500e-01,3.368503816636908380e-15,1.543655486962762224e-01,-3.186403775667905891e-01
9.589643216369068135e-01,3.376107650359772221e-15,1.547140030928625676e-01,-2.375942067358731702e-01
9.759673294920255815e-01,3.362502074421580492e-15,1.540905119794920841e-01,-1.540905119794920564e-01
9.838850898111037857e-01,1.701096842100278804e-15,1.609136190873241001e-01,-7.795471274795262584e-02
9.865905829171005559e-01,0.000000000000000000e+00,1.632146491565500679e-01,0.000000000000000000e+00
9.838850898111037857e-01,1.701096842100281368e-15,1.609136190873240446e-01,7.795471274795273686e-02
9.759673294920255815e-01,3.362502074421580492e-15,1.540905119794920564e-01,1.540905119794920841e-01
9.589643216369068135e-01,3.376107650359772221e-15,1.547140030928625676e-01,2.375942067358731702e-01
9.352216780848221500e-01,3.368503816636909169e-15,1.543655486962762224e-01,3.186403775667905891e-01
9.146363948308867675e-01,4.189265633960065504e-15,1.919778998102303347e-01,-3.557875085429663686e-01
9.419027597322809919e-01,4.201621717740813904e-15,1.925441315131994624e-01,-2.752198187422935649e-01
9.623974421965627579e-01,4.191542203358153131e-15,1.920822262125176927e-01,-1.920822262125177204e-01
9.729504360990830492e-01,2.542212330786756147e-15,1.994874603824006998e-01,-1.164997941834414602e-01
9.783508891039448541e-01,8.520228251643126983e-16,2.032363939016190724e-01,-3.904492263261027246e-02
9.783508891039448541e-01,8.520228251643126983e-16,2.032363939016190724e-01,3.904492263261027246e-02
9.729504360990830492e-01,2.542212330786758119e-15,1.994874603824006443e-01,1.164997941834415573e-01
9.623974421965627579e-01,4.191542203358153131e-15,1.920822262125176927e-01,1.920822262125177204e-01
9.419027597322808809e-01,4.201621717740814693e-15,1.925441315131995179e-01,2.752198187422934539e-01
9.146363948308867675e-01,4.189265633960065504e-15,1.919778998102303347e-01,3.557875085429663686e-01
9.217341669556249339e-01,5.017321610304593152e-15,2.299245141225963462e-01,-3.123152946496667304e-01
9.457607813509177896e-01,5.012716000795910819e-15,2.297134567874741240e-01,-2.297134567874740962e-01
9.589643216369068135e-01,3.376107650359771038e-15,2.375942067358731979e-01,-1.547140030928625121e-01
9.670531657716099350e-01,1.698500601055574166e-15,2.423835238062257424e-01,-7.783573702602104849e-02
9.697776776849538205e-01,0.000000000000000000e+00,2.439902782161162687e-01,0.000000000000000000e+00
9.670531657716099350e-01,1.698500601055574166e-15,2.423835238062257424e-01,7.783573702602104849e-02
9.589643216369068135e-01,3.376107650359772221e-15,2.375942067358731702e-01,1.547140030928625676e-01
9.457607813509179007e-01,5.012716000795905297e-15,2.297134567874738464e-01,2.297134567874739020e-01
9.217341669556249339e-01,5.017321610304592363e-15,2.299245141225963462e-01,3.123152946496667304e-01
8.984193920157598212e-01,5.821577567360460237e-15,2.667804652692177814e-01,-3.488133876455606908e-01
9.260254230429166844e-01,5.824302428712332044e-15,2.669053351641621497e-01,-2.669053351641621497e-01
9.419027597322808809e-01,4.201621717740814693e-15,2.752198187422934539e-01,-1.925441315131995179e-01
9.526839438401960569e-01,2.537776381086652202e-15,2.808352266270765507e-01,-1.162965117035274637e-01
9.581343033507038198e-01,8.487504534321535974e-16,2.836650113054431932e-01,-3.889496244688091936e-02
9.581343033507038198e-01,8.487504534321535974e-16,2.836650113054431932e-01,3.889496244688091936e-02
9.526839438401960569e-01,2.537776381086652202e-15,2.808352266270765507e-01,1.162965117035274637e-01
9.419027597322808809e-01,4.201621717740814693e-15,2.752198187422934539e-01,1.925441315131995179e-01
9.260254230429166844e-01,5.824302428712332044e-15,2.669053351641621497e-01,2.669053351641621497e-01
8.984193920157598212e-01,5.821577567360460237e-15,2.667804652692177814e-01,3.488133876455606908e-01
9.031525081215229234e-01,6.624493064980301285e-15,3.035749883256215198e-01,-3.035749883256214643e-01
9.217341669556249339e-01,5.017321610304592363e-15,3.123152946496666749e-01,-2.299245141225963462e-01
9.352216780848222610e-01,3.368503816636903647e-15,3.186403775667904226e-01,-1.543655486962759726e-01
9.434013225565458516e-01,1.691401972036851156e-15,3.224687228034672781e-01,-7.751043421411552004e-02
9.461425128284008945e-01,0.000000000000000000e+00,3.237504369398738757e-01,0.000000000000000000e+00
9.434013225565458516e-01,1.691401972036851156e-15,3.224687228034672781e-01,7.751043421411552004e-02
9.352216780848221500e-01,3.368503816636909169e-15,3.186403775667905891e-01,1.543655486962762224e-01
9.217341669556249339e-01,5.017321610304592363e-15,3.123152946496667304e-01,2.299245141225963462e-01
9.031525081215229234e-01,6.624493064980301285e-15,3.035749883256214643e-01,3.035749883256215198e-01
8.770956024683747021e-01,7.411371314082340324e-15,3.396345860852798548e-01,-3.396345860852799103e-01
8.984193920157598212e-01,5.821577567360460237e-15,3.488133876455606908e-01,-2.667804652692177814e-01
9.146363948308867675e-01,4.189265633960065504e-15,3.557875085429663686e-01,-1.919778998102303347e-01
9.255558291234278201e-01,2.526063226131213208e-15,3.604803588097010292e-01,-1.157597429509641951e-01
9.310482501422779889e-01,8.441156750130434086e-16,3.628399300076764478e-01,-3.868256841300213300e-02
9.310482501422779889e-01,8.441156750130434086e-16,3.628399300076764478e-01,3.868256841300213300e-02
9.255558291234278201e-01,2.526063226131213208e-15,3.604803588097010292e-01,1.157597429509641951e-01
9.146363948308867675e-01,4.189265633960065504e-15,3.557875085429663686e-01,1.919778998102303347e-01
8.984193920157598212e-01,5.821577567360460237e-15,3.488133876455606908e-01,2.667804652692177814e-01
8.770956024683747021e-01,7.411371314082340324e-15,3.396345860852798548e-01,3.396345860852799103e-01
8.878256833011529681e-01,3.609334091208683815e-02,-3.442545667063932613e-01,-3.032352553949460017e-01
9.066159815088135066e-01,3.640164011029132368e-02,-3.523390156892637903e-01,-2.293024219087366755e-01
9.201991055097472616e-01,3.661272040593960969e-02,-3.581784998578231294e-01,-1.536270717130835406e-01
9.284240614367147426e-01,3.662798411338613613e-02,-3.617126408225196932e-01,-7.649260352703207699e-02
9.310482501422779889e-01,3.868256841300213300e-02,-3.628399300076764478e-01,8.441156750130434086e-16
9.284240614367147426e-01,3.662798411338610838e-02,-3.617126408225196932e-01,7.649260352703204924e-02
9.201991055097472616e-01,3.661272040593960275e-02,-3.581784998578231294e-01,1.536270717130836516e-01
9.066159815088135066e-01,3.640164011029132368e-02,-3.523390156892637903e-01,2.293024219087366755e-01
8.878256833011528570e-01,3.609334091208685896e-02,-3.442545667063934278e-01,3.032352553949462237e-01
8.878256833011529681e-01,3.609334091208683815e-02,-3.032352553949460017e-01,-3.442545667063932613e-01
9.125099924116488737e-01,3.629079987608133800e-02,-3.079803704164853495e-01,-2.667519128916814308e-01
9.285675712897091261e-01,3.658927967096795020e-02,-3.155218423600951172e-01,-1.920142108177984308e-01
9.394176382699642724e-01,3.676506231774392952e-02,-3.206049301408132601e-01,-1.155651758509423782e-01
9.450038318161799733e-01,3.533993575424070749e-02,-3.232180931422455328e-01,-3.533993575424046463e-02
9.450038318161799733e-01,3.533993575424047850e-02,-3.232180931422455328e-01,3.533993575424069361e-02
9.394176382699642724e-01,3.676506231774387401e-02,-3.206049301408132046e-01,1.155651758509423643e-01
9.285675712897091261e-01,3.658927967096795020e-02,-3.155218423600951172e-01,1.920142108177984308e-01
9.125099924116488737e-01,3.629079987608134494e-02,-3.079803704164852940e-01,2.667519128916815419e-01
8.878256833011529681e-01,3.609334091208683815e-02,-3.032352553949460017e-01,3.442545667063932613e-01
9.125099924116488737e-01,3.629079987608133800e-02,-2.667519128916814308e-01,-3.079803704164853495e-01
9.340302485829089507e-01,3.646419684366049990e-02,-2.711040086936155613e-01,-2.296964813638817937e-01
9.473859535730986270e-01,3.675212154353125343e-02,-2.780787583044001532e-01,-1.542119992553210583e-01
9.555279179847190330e-01,3.681414071015021161e-02,-2.823125439754511912e-01,-7.688136646594058432e-02
9.581343033507038198e-01,3.889496244688091936e-02,-2.836650113054431932e-01,8.487504534321535974e-16
9.555279179847190330e-01,3.681414071015017692e-02,-2.823125439754511912e-01,7.688136646594059820e-02
9.473859535730986270e-01,3.675212154353121874e-02,-2.780787583044001532e-01,1.542119992553210583e-01
9.340302485829089507e-01,3.646419684366050684e-02,-2.711040086936155613e-01,2.296964813638818215e-01
9.125099924116488737e-01,3.629079987608133107e-02,-2.667519128916814308e-01,3.079803704164854050e-01
9.066159815088135066e-01,3.640164011029132368e-02,-2.293024219087366755e-01,-3.523390156892637903e-01
9.340302485829090617e-01,3.646419684366050684e-02,-2.296964813638818215e-01,-2.711040086936156168e-01
9.524294234329183650e-01,3.661442476372201577e-02,-2.337037172018605335e-01,-1.921461679151922342e-01
9.631060251055481025e-01,3.688458466749109516e-02,-2.400500472929433804e-01,-1.159408755096910104e-01
9.686450866567616336e-01,3.550172542540422360e-02,-2.433227302973422768e-01,-3.550172542540399462e-02
9.686450866567616336e-01,3.550172542540401543e-02,-2.433227302973422768e-01,3.550172542540422360e-02
9.631060251055479915e-01,3.688458466749111597e-02,-2.400500472929437135e-01,1.159408755096912880e-01
9.524294234329183650e-01,3.661442476372201577e-02,-2.337037172018605335e-01,1.921461679151922342e-01
9.340302485829088397e-01,3.646419684366053460e-02,-2.296964813638819880e-01,2.711040086936157278e-01
9.066159815088135066e-01,3.640164011029132368e-02,-2.293024219087366755e-01,3.523390156892637903e-01
9.285675712897091261e-01,3.658927967096795020e-02,-1.920142108177984308e-01,-3.155218423600951172e-01
9.524294234329183650e-01,3.661442476372201577e-02,-1.921461679151922342e-01,-2.337037172018605335e-01
9.677431105543670142e-01,3.674133420678080131e-02,-1.958467870083432094e-01,-1.541667355617692137e-01
9.757628778535116787e-01,3.691894122389387939e-02,-2.014431750974081947e-01,-7.710022820079362460e-02
9.783508891039448541e-01,3.904492263261027246e-02,-2.032363939016190724e-01,8.520228251643126983e-16
9.757628778535116787e-01,3.691894122389392796e-02,-2.014431750974081670e-01,7.710022820079376338e-02
9.677431105543670142e-01,3.674133420678077355e-02,-1.958467870083431817e-01,1.541667355617692414e-01
9.524294234329183650e-01,3.661442476372201577e-02,-1.921461679151922342e-01,2.337037172018605335e-01
9.285675712897091261e-01,3.658927967096795020e-02,-1.920142108177984308e-01,3.155218423600951172e-01
9.201991055097472616e-01,3.661272040593960969e-02,-1.536270717130835406e-01,-3.581784998578231294e-01
9.473859535730986270e-01,3.675212154353125343e-02,-1.542119992553210583e-01,-2.780787583044001532e-01
9.677431105543670142e-01,3.674133420678080131e-02,-1.541667355617692137e-01,-1.958467870083432094e-01
9.800000612224615271e-01,3.684075693194951984e-02,-1.575826080574895816e-01,-1.158031099342858583e-01
9.854635274068056505e-01,3.559497560855311160e-02,-1.622579168293154239e-01,-3.559497560855286874e-02
9.854635274068056505e-01,3.559497560855288262e-02,-1.622579168293154239e-01,3.559497560855310466e-02
9.800000612224615271e-01,3.684075693194947126e-02,-1.575826080574895538e-01,1.158031099342858722e-01
9.677431105543670142e-01,3.674133420678080131e-02,-1.541667355617692137e-01,1.958467870083432094e-01
9.473859535730985160e-01,3.675212154353128119e-02,-1.542119992553211971e-01,2.780787583044004307e-01
9.201991055097472616e-01,3.661272040593960969e-02,-1.536270717130835406e-01,3.581784998578231294e-01
9.394176382699642724e-01,3.676506231774392952e-02,-1.155651758509423782e-01,-3.206049301408132601e-01
9.631060251055481025e-01,3.688458466749109516e-02,-1.159408755096910104e-01,-2.400500472929433804e-01
9.800000612224615271e-01,3.684075693194951984e-02,-1.158031099342858583e-01,-1.575826080574895816e-01
9.892302766652358859e-01,3.684806431664366250e-02,-1.189287057634472317e-01,-7.695221134164210997e-02
9.917837737455262870e-01,3.911302789220597043e-02,-1.217994958289493196e-01,8.535089911438246697e-16
9.892302766652358859e-01,3.684806431664362780e-02,-1.189287057634472317e-01,7.695221134164212384e-02
9.800000612224615271e-01,3.684075693194949208e-02,-1.158031099342857473e-01,1.575826080574896371e-01
9.631060251055481025e-01,3.688458466749109516e-02,-1.159408755096910104e-01,2.400500472929433804e-01
9.394176382699642724e-01,3.676506231774383932e-02,-1.155651758509420868e-01,3.206049301408133712e-01
9.284240614367147426e-01,3.662798411338613613e-02,-7.649260352703207699e-02,-3.617126408225196932e-01
9.555279179847190330e-01,3.681414071015021161e-02,-7.688136646594058432e-02,-2.823125439754511912e-01
9.757628778535116787e-01,3.691894122389387939e-02,-7.710022820079362460e-02,-2.014431750974081947e-01
9.892302766652358859e-01,3.684806431664366250e-02,-7.695221134164210997e-02,-1.189287057634472317e-01
9.955352743961632944e-01,3.551689716996779544e-02,-7.991631537922491701e-02,-3.551689716996755952e-02
9.955352743961632944e-01,3.551689716996758034e-02,-7.991631537922490314e-02,3.551689716996779544e-02
9.892302766652357748e-01,3.684806431664383597e-02,-7.695221134164247079e-02,1.189287057634478562e-01
9.757628778535116787e-01,3.691894122389387939e-02,-7.710022820079362460e-02,2.014431750974081947e-01
9.555279179847190330e-01,3.681414071015020467e-02,-7.688136646594059820e-02,2.823125439754511912e-01
9.284240614367147426e-01,3.662798411338613613e-02,-7.649260352703207699e-02,3.617126408225196932e-01
9.450038318161799733e-01,3.533993575424070749e-02,-3.533993575424046463e-02,-3.232180931422455328e-01
9.686450866567616336e-01,3.550172542540422360e-02,-3.550172542540399462e-02,-2.433227302973422768e-01
9.854635274068056505e-01,3.559497560855311160e-02,-3.559497560855286874e-02,-1.622579168293154239e-01
9.955352743961632944e-01,3.551689716996779544e-02,-3.551689716996755952e-02,-7.991631537922491701e-02
9.985013531273444487e-01,3.869785396415532236e-02,-3.869785396415530848e-02,8.444492302514612328e-16
9.955352743961632944e-01,3.551689716996778157e-02,-3.551689716996753871e-02,7.991631537922493089e-02
9.854635274068056505e-01,3.559497560855302140e-02,-3.559497560855277853e-02,1.622579168293154794e-01
9.686450866567616336e-01,3.550172542540421666e-02,-3.550172542540398074e-02,2.433227302973422768e-01
9.450038318161798623e-01,3.533993575424074218e-02,-3.533993575424049932e-02,3.232180931422458658e-01
9.310482501422779889e-01,3.868256841300213300e-02,8.441156750130434086e-16,-3.628399300076764478e-01
9.581343033507038198e-01,3.889496244688091936e-02,8.487504534321535974e-16,-2.836650113054431932e-01
9.783508891039448541e-01,3.904492263261027246e-02,8.520228251643126983e-16,-2.032363939016190724e-01
9.917837737455262870e-01,3.911302789220597043e-02,8.535089911438246697e-16,-1.217994958289493196e-01
9.985013531273444487e-01,3.869785396415532236e-02,8.444492302514612328e-16,-3.869785396415530848e-02
9.985013531273444487e-01,3.869785396415530848e-02,8.444492302514612328e-16,3.869785396415532236e-02
9.917837737455262870e-01,3.911302789220585246e-02,8.535089911438223031e-16,1.217994958289493473e-01
9.783508891039448541e-01,3.904492263261027246e-02,8.520228251643126983e-16,2.032363939016190724e-01
9.581343033507038198e-01,3.889496244688091936e-02,8.487504534321535974e-16,2.836650113054431932e-01
9.310482501422779889e-01,3.868256841300213300e-02,8.441156750130434086e-16,3.628399300076764478e-01
9.450038318161799733e-01,3.533993575424047850e-02,3.533993575424069361e-02,-3.232180931422455328e-01
9.686450866567616336e-01,3.550172542540401543e-02,3.550172542540422360e-02,-2.433227302973422768e-01
9.854635274068056505e-01,3.559497560855288262e-02,3.559497560855310466e-02,-1.622579168293154239e-01
9.955352743961632944e-01,3.551689716996758034e-02,3.551689716996779544e-02,-7.991631537922490314e-02
9.985013531273444487e-01,3.869785396415530848e-02,3.869785396415532236e-02,8.444492302514612328e-16
9.955352743961632944e-01,3.551689716996757340e-02,3.551689716996780238e-02,7.991631537922490314e-02
9.854635274068055395e-01,3.559497560855293813e-02,3.559497560855317405e-02,1.622579168293160901e-01
9.686450866567616336e-01,3.550172542540400156e-02,3.550172542540421666e-02,2.433227302973422768e-01
9.450038318161798623e-01,3.533993575424051320e-02,3.533993575424072831e-02,3.232180931422458658e-01
9.284240614367148536e-01,3.662798411338610838e-02,7.649260352703204924e-02,-3.617126408225196932e-01
9.555279179847190330e-01,3.681414071015017692e-02,7.688136646594059820e-02,-2.823125439754511912e-01
9.757628778535116787e-01,3.691894122389392796e-02,7.710022820079376338e-02,-2.014431750974081670e-01
9.892302766652358859e-01,3.684806431664362780e-02,7.695221134164212384e-02,-1.189287057634472317e-01
9.955352743961632944e-01,3.551689716996778157e-02,7.991631537922493089e-02,-3.551689716996753871e-02
9.955352743961632944e-01,3.551689716996757340e-02,7.991631537922490314e-02,3.551689716996780238e-02
9.892302766652358859e-01,3.684806431664361392e-02,7.695221134164208221e-02,1.189287057634472733e-01
9.757628778535116787e-01,3.691894122389392796e-02,7.710022820079376338e-02,2.014431750974081670e-01
9.555279179847190330e-01,3.681414071015017692e-02,7.688136646594059820e-02,2.823125439754511912e-01
9.284240614367148536e-01,3.662798411338610838e-02,7.649260352703204924e-02,3.617126408225196932e-01
9.394176382699642724e-01,3.676506231774388095e-02,1.155651758509423782e-01,-3.206049301408132601e-01
9.631060251055479915e-01,3.688458466749111597e-02,1.159408755096912880e-01,-2.400500472929437135e-01
9.800000612224615271e-01,3.684075693194947126e-02,1.158031099342858722e-01,-1.575826080574895538e-01
9.892302766652357748e-01,3.684806431664383597e-02,1.189287057634478562e-01,-7.695221134164247079e-02
9.917837737455262870e-01,3.911302789220585246e-02,1.217994958289493473e-01,8.535089911438223031e-16
9.892302766652358859e-01,3.684806431664361392e-02,1.189287057634472733e-01,7.695221134164208221e-02
9.800000612224615271e-01,3.684075693194945739e-02,1.158031099342858306e-01,1.575826080574895816e-01
9.631060251055479915e-01,3.688458466749111597e-02,1.159408755096912880e-01,2.400500472929437135e-01
9.394176382699642724e-01,3.676506231774388095e-02,1.155651758509424060e-01,3.206049301408132601e-01
9.201991055097472616e-01,3.661272040593960275e-02,1.536270717130836516e-01,-3.581784998578231294e-01
9.473859535730986270e-01,3.675212154353121874e-02,1.542119992553210583e-01,-2.780787583044001532e-01
9.677431105543670142e-01,3.674133420678077355e-02,1.541667355617692414e-01,-1.958467870083431817e-01
9.800000612224615271e-01,3.684075693194949208e-02,1.575826080574896371e-01,-1.158031099342857473e-01
9.854635274068056505e-01,3.559497560855302140e-02,1.622579168293154794e-01,-3.559497560855277853e-02
9.854635274068055395e-01,3.559497560855293813e-02,1.622579168293160901e-01,3.559497560855317405e-02
9.800000612224615271e-01,3.684075693194945739e-02,1.575826080574895816e-01,1.158031099342858306e-01
9.677431105543670142e-01,3.674133420678077355e-02,1.541667355617692414e-01,1.958467870083431817e-01
9.473859535730984049e-01,3.675212154353130894e-02,1.542119992553214747e-01,2.780787583044006528e-01
9.201991055097472616e-01,3.661272040593960275e-02,1.536270717130836516e-01,3.581784998578231294e-01
9.285675712897091261e-01,3.658927967096795020e-02,1.920142108177984308e-01,-3.155218423600951172e-01
9.524294234329183650e-01,3.661442476372201577e-02,1.921461679151922342e-01,-2.337037172018605335e-01
9.677431105543670142e-01,3.674133420678080131e-02,1.958467870083432094e-01,-1.541667355617692137e-01
9.757628778535116787e-01,3.691894122389387939e-02,2.014431750974081947e-01,-7.710022820079362460e-02
9.783508891039448541e-01,3.904492263261027246e-02,2.032363939016190724e-01,8.520228251643126983e-16
9.757628778535116787e-01,3.691894122389392796e-02,2.014431750974081670e-01,7.710022820079376338e-02
9.677431105543670142e-01,3.674133420678077355e-02,1.958467870083431817e-01,1.541667355617692414e-01
9.524294234329183650e-01,3.661442476372201577e-02,1.921461679151922342e-01,2.337037172018605335e-01
9.285675712897091261e-01,3.658927967096795020e-02,1.920142108177984308e-01,3.155218423600951172e-01
9.066159815088135066e-01,3.640164011029132368e-02,2.293024219087366755e-01,-3.523390156892637903e-01
9.340302485829089507e-01,3.646419684366050684e-02,2.296964813638818215e-01,-2.711040086936155613e-01
9.524294234329183650e-01,3.661442476372201577e-02,2.337037172018605335e-01,-1.921461679151922342e-01
9.631060251055481025e-01,3.688458466749109516e-02,2.400500472929433804e-01,-1.159408755096910104e-01
9.686450866567616336e-01,3.550172542540421666e-02,2.433227302973422768e-01,-3.550172542540398074e-02
9.686450866567615225e-01,3.550172542540406401e-02,2.433227302973426931e-01,3.550172542540428605e-02
9.631060251055479915e-01,3.688458466749111597e-02,2.400500472929437135e-01,1.159408755096912880e-01
9.524294234329183650e-01,3.661442476372201577e-02,2.337037172018605335e-01,1.921461679151922342e-01
9.340302485829088397e-01,3.646419684366053460e-02,2.296964813638819880e-01,2.711040086936157278e-01
9.066159815088135066e-01,3.640164011029132368e-02,2.293024219087366755e-01,3.523390156892637903e-01
9.125099924116488737e-01,3.629079987608134494e-02,2.667519128916815419e-01,-3.079803704164852940e-01
9.340302485829088397e-01,3.646419684366053460e-02,2.711040086936157278e-01,-2.296964813638819880e-01
9.473859535730985160e-01,3.675212154353128119e-02,2.780787583044004307e-01,-1.542119992553211971e-01
9.555279179847190330e-01,3.681414071015020467e-02,2.823125439754511912e-01,-7.688136646594059820e-02
9.581343033507038198e-01,3.889496244688091936e-02,2.836650113054431932e-01,8.487504534321535974e-16
9.555279179847190330e-01,3.681414071015017692e-02,2.823125439754511912e-01,7.688136646594059820e-02
9.473859535730984049e-01,3.675212154353130894e-02,2.780787583044006528e-01,1.542119992553214747e-01
9.340302485829088397e-01,3.646419684366053460e-02,2.711040086936157834e-01,2.296964813638820435e-01
9.125099924116488737e-01,3.629079987608133800e-02,2.667519128916814863e-01,3.079803704164852940e-01
8.878256833011528570e-01,3.609334091208685896e-02,3.032352553949462237e-01,-3.442545667063934278e-01
9.125099924116488737e-01,3.629079987608133107e-02,3.079803704164854050e-01,-2.667519128916814308e-01
9.285675712897091261e-01,3.658927967096795020e-02,3.155218423600951172e-01,-1.920142108177984308e-01
9.394176382699642724e-01,3.676506231774383932e-02,3.206049301408133712e-01,-1.155651758509420868e-01
9.450038318161798623e-01,3.533993575424074218e-02,3.232180931422458658e-01,-3.533993575424049932e-02
9.450038318161799733e-01,3.533993575424052014e-02,3.232180931422458658e-01,3.533993575424072831e-02
9.394176382699642724e-01,3.676506231774387401e-02,3.206049301408132046e-01,1.155651758509423782e-01
9.285675712897091261e-01,3.658927967096795020e-02,3.155218423600951172e-01,1.920142108177984308e-01
9.125099924116488737e-01,3.629079987608133800e-02,3.079803704164852940e-01,2.667519128916814863e-01
8.878256833011528570e-01,3.609334091208685896e-02,3.032352553949462237e-01,3.442545667063934278e-01
8.878256833011529681e-01,3.609334091208683815e-02,3.442545667063932613e-01,-3.032352553949460017e-01
9.066159815088135066e-01,3.640164011029132368e-02,3.523390156892637903e-01,-2.293024219087366755e-01
9.201991055097472616e-01,3.661272040593960969e-02,3.581784998578231294e-01,-1.536270717130835406e-01
9.284240614367147426e-01,3.662798411338613613e-02,3.617126408225196932e-01,-7.649260352703207699e-02
9.310482501422779889e-01,3.868256841300213300e-02,3.628399300076764478e-01,8.441156750130434086e-16
9.284240614367147426e-01,3.662798411338610838e-02,3.617126408225196932e-01,7.649260352703204924e-02
9.201991055097472616e-01,3.661272040593960275e-02,3.581784998578231294e-01,1.536270717130836516e-01
9.066159815088135066e-01,3.640164011029132368e-02,3.523390156892637903e-01,2.293024219087366755e-01
8.878256833011528570e-01,3.609334091208685896e-02,3.442545667063934278e-01,3.032352553949462237e-01
8.748936050129844100e-01,7.172538838325059896e-02,-3.386861737424889940e-01,-3.386861737424903818e-01
8.961837306787486801e-01,7.240878584917631589e-02,-3.478515086698973913e-01,-2.657273349029874998e-01
9.123779023896808615e-01,7.288050325732663148e-02,-3.548165714526723691e-01,-1.906834971845634830e-01
9.234848924889016430e-01,7.233073932732780875e-02,-3.595905171264795475e-01,-1.124214280545981909e-01
9.284240614367147426e-01,7.649260352703204924e-02,-3.617126408225196932e-01,-3.662798411338608756e-02
9.284240614367147426e-01,7.649260352703204924e-02,-3.617126408225196932e-01,3.662798411338610838e-02
9.234848924889014210e-01,7.233073932732803080e-02,-3.595905171264796585e-01,1.124214280545985378e-01
9.123779023896808615e-01,7.288050325732663148e-02,-3.548165714526723691e-01,1.906834971845634830e-01
8.961837306787486801e-01,7.240878584917631589e-02,-3.478515086698973913e-01,2.657273349029874998e-01
8.748936050129844100e-01,7.172538838325059896e-02,-3.386861737424889940e-01,3.386861737424903818e-01
9.009639594537829366e-01,7.210278913840685588e-02,-3.025434940333573408e-01,-3.025434940333580069e-01
9.195066714923780804e-01,7.277066872016782484e-02,-3.112691682256595871e-01,-2.287431217919645432e-01
9.330019490300218710e-01,7.308565865704928777e-02,-3.176004936774677323e-01,-1.526295384932895294e-01
9.415953767140692321e-01,7.055555364647370098e-02,-3.216239640480312301e-01,-7.055555364647325689e-02
9.434013225565458516e-01,7.751043421411552004e-02,-3.224687228034672781e-01,1.691401972036850959e-15
9.415953767140692321e-01,7.055555364647324301e-02,-3.216239640480312301e-01,7.055555364647370098e-02
9.330019490300218710e-01,7.308565865704926001e-02,-3.176004936774677323e-01,1.526295384932895571e-01
9.195066714923780804e-01,7.277066872016782484e-02,-3.112691682256595871e-01,2.287431217919645432e-01
9.009639594537830476e-01,7.210278913840674486e-02,-3.025434940333568967e-01,3.025434940333580625e-01
8.961837306787486801e-01,7.240878584917631589e-02,-2.657273349029874998e-01,-3.478515086698973913e-01
9.238491980994295583e-01,7.241807800387685401e-02,-2.657614354541170121e-01,-2.657614354541170676e-01
9.396819419720957578e-01,7.307014586412446944e-02,-2.740600909332917556e-01,-1.911796753647790059e-01
9.506336393627913273e-01,7.264290915229887347e-02,-2.797691650824648546e-01,-1.129066239456561066e-01
9.555279179847190330e-01,7.688136646594059820e-02,-2.823125439754511912e-01,-3.681414071015016304e-02
9.555279179847190330e-01,7.688136646594059820e-02,-2.823125439754511912e-01,3.681414071015017692e-02
9.506336393627913273e-01,7.264290915229887347e-02,-2.797691650824647436e-01,1.129066239456561760e-01
9.396819419720957578e-01,7.307014586412446944e-02,-2.740600909332917556e-01,1.911796753647790059e-01
9.238491980994295583e-01,7.241807800387685401e-02,-2.657614354541170121e-01,2.657614354541170121e-01
8.961837306787486801e-01,7.240878584917631589e-02,-2.657273349029874998e-01,3.478515086698973913e-01
9.195066714923780804e-01,7.277066872016782484e-02,-2.287431217919645432e-01,-3.112691682256595871e-01
9.435962662847968696e-01,7.266590899558034167e-02,-2.284138261174620543e-01,-2.284138261174629148e-01
9.567798372584497280e-01,7.321230093907260539e-02,-2.362958369217536825e-01,-1.528940138146334671e-01
9.652619799045336624e-01,7.082139060834699573e-02,-2.413254470945399299e-01,-7.082139060834655164e-02
9.670531657716099350e-01,7.783573702602115951e-02,-2.423835238062257147e-01,1.698500601055576927e-15
9.652619799045336624e-01,7.082139060834655164e-02,-2.413254470945399577e-01,7.082139060834698185e-02
9.567798372584497280e-01,7.321230093907254988e-02,-2.362958369217536547e-01,1.528940138146335503e-01
9.435962662847967586e-01,7.266590899558039718e-02,-2.284138261174621931e-01,2.284138261174631090e-01
9.195066714923780804e-01,7.277066872016781096e-02,-2.287431217919645154e-01,3.112691682256595316e-01
9.123779023896808615e-01,7.288050325732663148e-02,-1.906834971845634830e-01,-3.548165714526723691e-01
9.396819419720957578e-01,7.307014586412446944e-02,-1.911796753647790059e-01,-2.740600909332917556e-01
9.602449543249532704e-01,7.283269929815423815e-02,-1.905584235955121164e-01,-1.905584235955121719e-01
9.709302929722426478e-01,7.271243458030868245e-02,-1.980781385798241201e-01,-1.130146851652103351e-01
9.757628778535116787e-01,7.710022820079362460e-02,-2.014431750974082225e-01,-3.691894122389383776e-02
9.757628778535116787e-01,7.710022820079376338e-02,-2.014431750974081670e-01,3.691894122389392796e-02
9.709302929722426478e-01,7.271243458030872409e-02,-1.980781385798240923e-01,1.130146851652103906e-01
9.602449543249532704e-01,7.283269929815423815e-02,-1.905584235955121164e-01,1.905584235955121719e-01
9.396819419720957578e-01,7.307014586412455270e-02,-1.911796753647791447e-01,2.740600909332920332e-01
9.123779023896808615e-01,7.288050325732663148e-02,-1.906834971845634830e-01,3.548165714526723691e-01
9.330019490300218710e-01,7.308565865704928777e-02,-1.526295384932895294e-01,-3.176004936774677323e-01
9.567798372584497280e-01,7.321230093907260539e-02,-1.528940138146334671e-01,-2.362958369217536825e-01
9.748866898980841356e-01,7.142220546193073227e-02,-1.491556409032369079e-01,-1.491556409032369079e-01
9.821170301842067074e-01,7.084225798106179306e-02,-1.594016561722099989e-01,-7.084225798106133509e-02
9.838850898111037857e-01,7.795471274795272298e-02,-1.609136190873240446e-01,1.701096842100280973e-15
9.821170301842067074e-01,7.084225798106133509e-02,-1.594016561722099989e-01,7.084225798106176530e-02
9.748866898980841356e-01,7.142220546193071840e-02,-1.491556409032369079e-01,1.491556409032369079e-01
9.567798372584497280e-01,7.321230093907261927e-02,-1.528940138146335226e-01,2.362958369217536547e-01
9.330019490300217599e-01,7.308565865704934328e-02,-1.526295384932896682e-01,3.176004936774680099e-01
9.234848924889015320e-01,7.233073932732779487e-02,-1.124214280545981770e-01,-3.595905171264794919e-01
9.506336393627913273e-01,7.264290915229887347e-02,-1.129066239456561066e-01,-2.797691650824648546e-01
9.709302929722426478e-01,7.271243458030868245e-02,-1.130146851652103351e-01,-1.980781385798241201e-01
9.864235890296096931e-01,6.800457249457789177e-02,-1.056974009277742432e-01,-1.056974009277745902e-01
9.892302766652358859e-01,7.695221134164212384e-02,-1.189287057634472317e-01,-3.684806431664361392e-02
9.892302766652358859e-01,7.695221134164212384e-02,-1.189287057634472317e-01,3.684806431664362780e-02
9.864235890296096931e-01,6.800457249457775299e-02,-1.056974009277740489e-01,1.056974009277748677e-01
9.709302929722426478e-01,7.271243458030868245e-02,-1.130146851652103351e-01,1.980781385798241201e-01
9.506336393627912162e-01,7.264290915229895673e-02,-1.129066239456562593e-01,2.797691650824651877e-01
9.234848924889015320e-01,7.233073932732779487e-02,-1.124214280545981770e-01,3.595905171264794919e-01
9.415953767140692321e-01,7.055555364647370098e-02,-7.055555364647325689e-02,-3.216239640480312301e-01
9.652619799045336624e-01,7.082139060834699573e-02,-7.082139060834655164e-02,-2.413254470945399299e-01
9.821170301842067074e-01,7.084225798106179306e-02,-7.084225798106133509e-02,-1.594016561722099989e-01
9.941394368998175413e-01,6.241468844354378098e-02,-6.241468844354272627e-02,-6.241468844354310791e-02
9.940027118539468409e-01,7.732596209229967987e-02,-7.732596209229965212e-02,1.687376494515163384e-15
9.941394368998176523e-01,6.241468844354334383e-02,-6.241468844354293444e-02,6.241468844354335771e-02
9.821170301842067074e-01,7.084225798106177918e-02,-7.084225798106132121e-02,1.594016561722099989e-01
9.652619799045336624e-01,7.082139060834706512e-02,-7.082139060834662103e-02,2.413254470945398744e-01
9.415953767140692321e-01,7.055555364647354832e-02,-7.055555364647309036e-02,3.216239640480312301e-01
9.284240614367147426e-01,7.649260352703204924e-02,-3.662798411338608756e-02,-3.617126408225196932e-01
9.555279179847190330e-01,7.688136646594059820e-02,-3.681414071015016304e-02,-2.823125439754511912e-01
9.757628778535116787e-01,7.710022820079362460e-02,-3.691894122389383776e-02,-2.014431750974082225e-01
9.892302766652358859e-01,7.695221134164212384e-02,-3.684806431664361392e-02,-1.189287057634472317e-01
9.955352743961632944e-01,7.991631537922493089e-02,-3.551689716996755258e-02,-3.551689716996777463e-02
9.955352743961632944e-01,7.991631537922493089e-02,-3.551689716996753871e-02,3.551689716996778157e-02
9.892302766652358859e-01,7.695221134164208221e-02,-3.684806431664358617e-02,1.189287057634472733e-01
9.757628778535116787e-01,7.710022820079362460e-02,-3.691894122389383776e-02,2.014431750974082225e-01
9.555279179847190330e-01,7.688136646594061208e-02,-3.681414071015016998e-02,2.823125439754511912e-01
9.284240614367147426e-01,7.649260352703204924e-02,-3.662798411338608756e-02,3.617126408225196932e-01
9.434013225565458516e-01,7.751043421411552004e-02,1.691401972036850959e-15,-3.224687228034672781e-01
9.670531657716099350e-01,7.783573702602115951e-02,1.698500601055576927e-15,-2.423835238062257147e-01
9.838850898111037857e-01,7.795471274795272298e-02,1.701096842100280973e-15,-1.609136190873240446e-01
9.940027118539468409e-01,7.732596209229967987e-02,1.687376494515163384e-15,-7.732596209229965212e-02
9.966510258822945945e-01,8.177244406136917332e-02,0.000000000000000000e+00,0.000000000000000000e+00
9.940027118539468409e-01,7.732596209229965212e-02,1.687376494515163384e-15,7.732596209229967987e-02
9.838850898111037857e-01,7.795471274795273686e-02,1.701096842100281368e-15,1.609136190873240446e-01
9.670531657716099350e-01,7.783573702602104849e-02,1.698500601055574166e-15,2.423835238062257424e-01
9.434013225565458516e-01,7.751043421411552004e-02,1.691401972036851156e-15,3.224687228034672781e-01
9.284240614367148536e-01,7.649260352703204924e-02,3.662798411338610838e-02,-3.617126408225196932e-01
9.555279179847190330e-01,7.688136646594059820e-02,3.681414071015017692e-02,-2.823125439754511912e-01
9.757628778535116787e-01,7.710022820079376338e-02,3.691894122389392796e-02,-2.014431750974081670e-01
9.892302766652358859e-01,7.695221134164212384e-02,3.684806431664362780e-02,-1.189287057634472317e-01
9.955352743961632944e-01,7.991631537922493089e-02,3.551689716996778157e-02,-3.551689716996753871e-02
9.955352743961632944e-01,7.991631537922490314e-02,3.551689716996757340e-02,3.551689716996780238e-02
9.892302766652358859e-01,7.695221134164208221e-02,3.684806431664361392e-02,1.189287057634472733e-01
9.757628778535116787e-01,7.710022820079376338e-02,3.691894122389392796e-02,2.014431750974081670e-01
9.555279179847190330e-01,7.688136646594059820e-02,3.681414071015017692e-02,2.823125439754511912e-01
9.284240614367148536e-01,7.649260352703204924e-02,3.662798411338610838e-02,3.617126408225196932e-01
9.415953767140692321e-01,7.055555364647324301e-02,7.055555364647370098e-02,-3.216239640480312301e-01
9.652619799045336624e-01,7.082139060834655164e-02,7.082139060834698185e-02,-2.413254470945399577e-01
9.821170301842067074e-01,7.084225798106133509e-02,7.084225798106176530e-02,-1.594016561722099989e-01
9.941394368998176523e-01,6.241468844354334383e-02,6.241468844354335771e-02,-6.241468844354293444e-02
9.940027118539468409e-01,7.732596209229965212e-02,7.732596209229967987e-02,1.687376494515163384e-15
9.941394368998175413e-01,6.241468844354290668e-02,6.241468844354328832e-02,6.241468844354343404e-02
9.821170301842067074e-01,7.084225798106132121e-02,7.084225798106177918e-02,1.594016561722099989e-01
9.652619799045336624e-01,7.082139060834663491e-02,7.082139060834706512e-02,2.413254470945398744e-01
9.415953767140692321e-01,7.055555364647307648e-02,7.055555364647352057e-02,3.216239640480312301e-01
9.234848924889014210e-01,7.233073932732803080e-02,1.124214280545985378e-01,-3.595905171264796585e-01
9.506336393627913273e-01,7.264290915229887347e-02,1.129066239456561760e-01,-2.797691650824647436e-01
9.709302929722426478e-01,7.271243458030872409e-02,1.130146851652103906e-01,-1.980781385798240923e-01
9.864235890296096931e-01,6.800457249457775299e-02,1.056974009277748677e-01,-1.056974009277740489e-01
9.892302766652358859e-01,7.695221134164208221e-02,1.189287057634472733e-01,-3.684806431664358617e-02
9.892302766652358859e-01,7.695221134164208221e-02,1.189287057634472733e-01,3.684806431664361392e-02
9.864235890296096931e-01,6.800457249457786402e-02,1.056974009277742849e-01,1.056974009277745902e-01
9.709302929722426478e-01,7.271243458030872409e-02,1.130146851652103906e-01,1.980781385798240923e-01
9.506336393627912162e-01,7.264290915229898449e-02,1.129066239456563148e-01,2.797691650824651322e-01
9.234848924889014210e-01,7.233073932732803080e-02,1.124214280545985378e-01,3.595905171264796585e-01
9.330019490300218710e-01,7.308565865704926001e-02,1.526295384932895571e-01,-3.176004936774677323e-01
9.567798372584497280e-01,7.321230093907253600e-02,1.528940138146335226e-01,-2.362958369217536270e-01
9.748866898980841356e-01,7.142220546193071840e-02,1.491556409032369079e-01,-1.491556409032369079e-01
9.821170301842067074e-01,7.084225798106177918e-02,1.594016561722099989e-01,-7.084225798106132121e-02
9.838850898111037857e-01,7.795471274795273686e-02,1.609136190873240446e-01,1.701096842100281368e-15
9.821170301842067074e-01,7.084225798106132121e-02,1.594016561722099989e-01,7.084225798106177918e-02
9.748866898980840245e-01,7.142220546193064901e-02,1.491556409032369079e-01,1.491556409032369079e-01
9.567798372584497280e-01,7.321230093907254988e-02,1.528940138146335503e-01,2.362958369217536547e-01
9.330019490300218710e-01,7.308565865704931552e-02,1.526295384932896959e-01,3.176004936774680099e-01
9.123779023896808615e-01,7.288050325732663148e-02,1.906834971845634830e-01,-3.548165714526723691e-01
9.396819419720957578e-01,7.307014586412446944e-02,1.911796753647790059e-01,-2.740600909332917556e-01
9.602449543249532704e-01,7.283269929815423815e-02,1.905584235955121164e-01,-1.905584235955121719e-01
9.709302929722426478e-01,7.271243458030868245e-02,1.980781385798241201e-01,-1.130146851652103351e-01
9.757628778535116787e-01,7.710022820079362460e-02,2.014431750974082225e-01,-3.691894122389383776e-02
9.757628778535116787e-01,7.710022820079376338e-02,2.014431750974081670e-01,3.691894122389392796e-02
9.709302929722426478e-01,7.271243458030872409e-02,1.980781385798240923e-01,1.130146851652103906e-01
9.602449543249532704e-01,7.283269929815423815e-02,1.905584235955121164e-01,1.905584235955121719e-01
9.396819419720957578e-01,7.307014586412455270e-02,1.911796753647791447e-01,2.740600909332920332e-01
9.123779023896808615e-01,7.288050325732663148e-02,1.906834971845634830e-01,3.548165714526723691e-01
9.195066714923780804e-01,7.277066872016782484e-02,2.287431217919645432e-01,-3.112691682256595871e-01
9.435962662847967586e-01,7.266590899558039718e-02,2.284138261174631090e-01,-2.284138261174621931e-01
9.567798372584497280e-01,7.321230093907261927e-02,2.362958369217536547e-01,-1.528940138146335226e-01
9.652619799045336624e-01,7.082139060834706512e-02,2.413254470945398744e-01,-7.082139060834662103e-02
9.670531657716099350e-01,7.783573702602104849e-02,2.423835238062257424e-01,1.698500601055574166e-15
9.652619799045336624e-01,7.082139060834663491e-02,2.413254470945398744e-01,7.082139060834706512e-02
9.567798372584497280e-01,7.321230093907254988e-02,2.362958369217536547e-01,1.528940138146335503e-01
9.435962662847968696e-01,7.266590899558034167e-02,2.284138261174620543e-01,2.284138261174629148e-01
9.195066714923780804e-01,7.277066872016781096e-02,2.287431217919645154e-01,3.112691682256595316e-01
8.961837306787486801e-01,7.240878584917631589e-02,2.657273349029874998e-01,-3.478515086698973913e-01
9.238491980994295583e-01,7.241807800387685401e-02,2.657614354541170121e-01,-2.657614354541170121e-01
9.396819419720957578e-01,7.307014586412455270e-02,2.740600909332920332e-01,-1.911796753647791447e-01
9.506336393627912162e-01,7.264290915229895673e-02,2.797691650824651877e-01,-1.129066239456562593e-01
9.555279179847190330e-01,7.688136646594061208e-02,2.823125439754511912e-01,-3.681414071015016998e-02
9.555279179847190330e-01,7.688136646594059820e-02,2.823125439754511912e-01,3.681414071015017692e-02
9.506336393627912162e-01,7.264290915229898449e-02,2.797691650824651322e-01,1.129066239456563148e-01
9.396819419720957578e-01,7.307014586412455270e-02,2.740600909332920332e-01,1.911796753647791447e-01
9.238491980994295583e-01,7.241807800387686789e-02,2.657614354541170676e-01,2.657614354541170676e-01
8.961837306787486801e-01,7.240878584917631589e-02,2.657273349029874998e-01,3.478515086698973913e-01
9.009639594537830476e-01,7.210278913840674486e-02,3.025434940333580625e-01,-3.025434940333568967e-01
9.195066714923780804e-01,7.277066872016781096e-02,3.112691682256595871e-01,-2.287431217919645432e-01
9.330019490300217599e-01,7.308565865704934328e-02,3.176004936774680099e-01,-1.526295384932896682e-01
9.415953767140692321e-01,7.055555364647354832e-02,3.216239640480312301e-01,-7.055555364647309036e-02
9.434013225565458516e-01,7.751043421411552004e-02,3.224687228034672781e-01,1.691401972036851156e-15
9.415953767140692321e-01,7.055555364647307648e-02,3.216239640480312301e-01,7.055555364647352057e-02
9.330019490300218710e-01,7.308565865704931552e-02,3.176004936774680099e-01,1.526295384932896959e-01
9.195066714923780804e-01,7.277066872016781096e-02,3.112691682256595871e-01,2.287431217919645432e-01
9.009639594537829366e-01,7.210278913840685588e-02,3.025434940333573408e-01,3.025434940333580069e-01
8.748936050129844100e-01,7.172538838325059896e-02,3.386861737424889940e-01,-3.386861737424903818e-01
8.961837306787486801e-01,7.240878584917631589e-02,3.478515086698973913e-01,-2.657273349029874998e-01
9.123779023896808615e-01,7.288050325732663148e-02,3.548165714526723691e-01,-1.906834971845634830e-01
9.234848924889016430e-01,7.233073932732780875e-02,3.595905171264795475e-01,-1.124214280545981909e-01
9.284240614367147426e-01,7.649260352703204924e-02,3.617126408225196932e-01,-3.662798411338608756e-02
9.284240614367147426e-01,7.649260352703204924e-02,3.617126408225196932e-01,3.662798411338610838e-02
9.234848924889014210e-01,7.233073932732803080e-02,3.595905171264796585e-01,1.124214280545985378e-01
9.123779023896808615e-01,7.288050325732663148e-02,3.548165714526723691e-01,1.906834971845634830e-01
8.961837306787486801e-01,7.240878584917631589e-02,3.478515086698973913e-01,2.657273349029874998e-01
8.748936050129844100e-01,7.172538838325059896e-02,3.386861737424889940e-01,3.386861737424903818e-01
8.834005927406294312e-01,1.078974181957801926e-01,-3.423495891312153816e-01,-3.012611802305061315e-01
9.022098770033059045e-01,1.085791874483854613e-01,-3.504439778740440214e-01,-2.267529851237785610e-01
9.163086351989861988e-01,1.074116455233232181e-01,-3.565063454773913509e-01,-1.474599915234572067e-01
9.234848924889015320e-01,1.124214280545985517e-01,-3.595905171264796585e-01,-7.233073932732790590e-02
9.255558291234278201e-01,1.157597429509641951e-01,-3.604803588097010292e-01,2.526063226131213208e-15
9.234848924889014210e-01,1.124214280545985378e-01,-3.595905171264796585e-01,7.233073932732803080e-02
9.163086351989861988e-01,1.074116455233231904e-01,-3.565063454773913509e-01,1.474599915234572345e-01
9.022098770033059045e-01,1.085791874483854613e-01,-3.504439778740440214e-01,2.267529851237785610e-01
8.834005927406295422e-01,1.078974181957801370e-01,-3.423495891312152706e-01,3.012611802305059649e-01
8.834005927406294312e-01,1.078974181957801926e-01,-3.012611802305061315e-01,-3.423495891312153816e-01
9.081102615698792846e-01,1.084087385076640403e-01,-3.059100246591960337e-01,-2.645795817134655725e-01
9.243932496083911987e-01,1.085260306241052908e-01,-3.135635423268048894e-01,-1.881412386450147523e-01
9.359398256515931713e-01,1.055236807253404491e-01,-3.189767207361978163e-01,-1.055236807253397552e-01
9.394176382699642724e-01,1.155651758509423782e-01,-3.206049301408132601e-01,-3.676506231774384625e-02
9.394176382699642724e-01,1.155651758509423782e-01,-3.206049301408132601e-01,3.676506231774388095e-02
9.359398256515931713e-01,1.055236807253397829e-01,-3.189767207361978163e-01,1.055236807253404352e-01
9.243932496083911987e-01,1.085260306241052908e-01,-3.135635423268048894e-01,1.881412386450147523e-01
9.081102615698792846e-01,1.084087385076639709e-01,-3.059100246591960337e-01,2.645795817134656835e-01
8.834005927406294312e-01,1.078974181957801926e-01,-3.012611802305061315e-01,3.423495891312153816e-01
9.081102615698792846e-01,1.084087385076640403e-01,-2.645795817134655725e-01,-3.059100246591960337e-01
9.297221218085280903e-01,1.086926936483388617e-01,-2.688460562820262356e-01,-2.269900275098410691e-01
9.435491110970587458e-01,1.077561173080297530e-01,-2.760788862342503647e-01,-1.479328993371809009e-01
9.506336393627913273e-01,1.129066239456562037e-01,-2.797691650824647436e-01,-7.264290915229879020e-02
9.526839438401962790e-01,1.162965117035273249e-01,-2.808352266270762732e-01,2.537776381086649046e-15
9.506336393627913273e-01,1.129066239456561760e-01,-2.797691650824647436e-01,7.264290915229887347e-02
9.435491110970587458e-01,1.077561173080296558e-01,-2.760788862342500316e-01,1.479328993371807899e-01
9.297221218085282013e-01,1.086926936483388478e-01,-2.688460562820262356e-01,2.269900275098410414e-01
9.081102615698792846e-01,1.084087385076640403e-01,-2.645795817134655725e-01,3.059100246591960337e-01
9.022098770033059045e-01,1.085791874483854613e-01,-2.267529851237785610e-01,-3.504439778740440214e-01
9.297221218085280903e-01,1.086926936483388617e-01,-2.269900275098410691e-01,-2.688460562820262356e-01
9.483506505776263529e-01,1.084941024531374670e-01,-2.312655877684644812e-01,-1.880858878172086690e-01
9.596720357328049067e-01,1.057798080014360209e-01,-2.380143866887311777e-01,-1.057798080014352993e-01
9.631060251055479915e-01,1.159408755096912880e-01,-2.400500472929437135e-01,-3.688458466749108822e-02
9.631060251055479915e-01,1.159408755096912880e-01,-2.400500472929437135e-01,3.688458466749111597e-02
9.596720357328049067e-01,1.057798080014353409e-01,-2.380143866887311777e-01,1.057798080014359793e-01
9.483506505776263529e-01,1.084941024531374670e-01,-2.312655877684644812e-01,1.880858878172086690e-01
9.297221218085282013e-01,1.086926936483388478e-01,-2.269900275098410414e-01,2.688460562820263466e-01
9.022098770033059045e-01,1.085791874483854613e-01,-2.267529851237785610e-01,3.504439778740440214e-01
9.243932496083911987e-01,1.085260306241052908e-01,-1.881412386450147523e-01,-3.135635423268048894e-01
9.483506505776263529e-01,1.084941024531374670e-01,-1.880858878172086690e-01,-2.312655877684644812e-01
9.639978365124632909e-01,1.075656496536947365e-01,-1.932122023039449799e-01,-1.476714159704854146e-01
9.709302929722426478e-01,1.130146851652104045e-01,-1.980781385798240646e-01,-7.271243458030868245e-02
9.729504360990830492e-01,1.164997941834415573e-01,-1.994874603824006443e-01,2.542212330786758119e-15
9.709302929722426478e-01,1.130146851652103906e-01,-1.980781385798240923e-01,7.271243458030872409e-02
9.639978365124631798e-01,1.075656496536948753e-01,-1.932122023039452297e-01,1.476714159704857476e-01
9.483506505776262419e-01,1.084941024531375919e-01,-1.880858878172088633e-01,2.312655877684647032e-01
9.243932496083911987e-01,1.085260306241053185e-01,-1.881412386450147800e-01,3.135635423268048894e-01
9.163086351989861988e-01,1.074116455233232181e-01,-1.474599915234572067e-01,-3.565063454773913509e-01
9.435491110970587458e-01,1.077561173080297530e-01,-1.479328993371809009e-01,-2.760788862342503647e-01
9.639978365124631798e-01,1.075656496536948753e-01,-1.476714159704856366e-01,-1.932122023039452852e-01
9.766532541188828187e-01,1.054048155831288358e-01,-1.546870095475708085e-01,-1.054048155831281419e-01
9.800000612224615271e-01,1.158031099342858583e-01,-1.575826080574895816e-01,-3.684075693194943657e-02
9.800000612224615271e-01,1.158031099342858722e-01,-1.575826080574895538e-01,3.684075693194947126e-02
9.766532541188828187e-01,1.054048155831281419e-01,-1.546870095475708085e-01,1.054048155831288219e-01
9.639978365124631798e-01,1.075656496536948753e-01,-1.476714159704856366e-01,1.932122023039452852e-01
9.435491110970587458e-01,1.077561173080296281e-01,-1.479328993371807344e-01,2.760788862342501426e-01
9.163086351989861988e-01,1.074116455233232181e-01,-1.474599915234572067e-01,3.565063454773913509e-01
9.359398256515931713e-01,1.055236807253404491e-01,-1.055236807253397552e-01,-3.189767207361978163e-01
9.596720357328049067e-01,1.057798080014360209e-01,-1.057798080014352993e-01,-2.380143866887311777e-01
9.766532541188828187e-01,1.054048155831288358e-01,-1.054048155831281419e-01,-1.546870095475708085e-01
9.864235890296096931e-01,1.056974009277749788e-01,-1.056974009277739796e-01,-6.800457249457771136e-02
9.864959359653289184e-01,1.158140067606023005e-01,-1.158140067606022727e-01,2.527247349476188352e-15
9.864235890296096931e-01,1.056974009277748677e-01,-1.056974009277740489e-01,6.800457249457775299e-02
9.766532541188828187e-01,1.054048155831287664e-01,-1.054048155831280587e-01,1.546870095475708917e-01
9.596720357328051287e-01,1.057798080014358683e-01,-1.057798080014351605e-01,2.380143866887309001e-01
9.359398256515931713e-01,1.055236807253404768e-01,-1.055236807253397691e-01,3.189767207361978718e-01
9.234848924889015320e-01,1.124214280545985517e-01,-7.233073932732790590e-02,-3.595905171264796585e-01
9.506336393627913273e-01,1.129066239456562037e-01,-7.264290915229879020e-02,-2.797691650824647436e-01
9.709302929722426478e-01,1.130146851652104045e-01,-7.271243458030868245e-02,-1.980781385798240646e-01
9.864235890296096931e-01,1.056974009277749788e-01,-6.800457249457771136e-02,-1.056974009277739796e-01
9.892302766652357748e-01,1.189287057634478978e-01,-7.695221134164245691e-02,-3.684806431664378740e-02
9.892302766652357748e-01,1.189287057634478562e-01,-7.695221134164247079e-02,3.684806431664383597e-02
9.864235890296096931e-01,1.056974009277743543e-01,-6.800457249457783626e-02,1.056974009277745208e-01
9.709302929722426478e-01,1.130146851652104045e-01,-7.271243458030868245e-02,1.980781385798240646e-01
9.506336393627912162e-01,1.129066239456563148e-01,-7.264290915229895673e-02,2.797691650824651322e-01
9.234848924889015320e-01,1.124214280545985517e-01,-7.233073932732790590e-02,3.595905171264796585e-01
9.394176382699642724e-01,1.155651758509423782e-01,-3.676506231774384625e-02,-3.206049301408132601e-01
9.631060251055479915e-01,1.159408755096912880e-01,-3.688458466749108822e-02,-2.400500472929437135e-01
9.800000612224615271e-01,1.158031099342858583e-01,-3.684075693194943657e-02,-1.575826080574895816e-01
9.892302766652357748e-01,1.189287057634478978e-01,-3.684806431664378740e-02,-7.695221134164245691e-02
9.917837737455262870e-01,1.217994958289493473e-01,-3.911302789220585246e-02,8.535089911438224017e-16
9.892302766652358859e-01,1.189287057634472733e-01,-3.684806431664358617e-02,7.695221134164208221e-02
9.800000612224615271e-01,1.158031099342858306e-01,-3.684075693194942269e-02,1.575826080574896371e-01
9.631060251055479915e-01,1.159408755096912880e-01,-3.688458466749108822e-02,2.400500472929437135e-01
9.394176382699642724e-01,1.155651758509423782e-01,-3.676506231774384625e-02,3.206049301408132601e-01
9.255558291234278201e-01,1.157597429509641951e-01,2.526063226131213208e-15,-3.604803588097010292e-01
9.526839438401962790e-01,1.162965117035273249e-01,2.537776381086649046e-15,-2.808352266270762732e-01
9.729504360990830492e-01,1.164997941834415573e-01,2.542212330786758119e-15,-1.994874603824006443e-01
9.864959359653289184e-01,1.158140067606023005e-01,2.527247349476188352e-15,-1.158140067606022727e-01
9.917837737455262870e-01,1.217994958289493473e-01,8.535089911438224017e-16,-3.911302789220585246e-02
9.917837737455262870e-01,1.217994958289493473e-01,8.535089911438223031e-16,3.911302789220585246e-02
9.864959359653289184e-01,1.158140067606022727e-01,2.527247349476188352e-15,1.158140067606023005e-01
9.729504360990830492e-01,1.164997941834415573e-01,2.542212330786758119e-15,1.994874603824006443e-01
9.526839438401960569e-01,1.162965117035274637e-01,2.537776381086652202e-15,2.808352266270765507e-01
9.255558291234278201e-01,1.157597429509641951e-01,2.526063226131213208e-15,3.604803588097010292e-01
9.394176382699642724e-01,1.155651758509423782e-01,3.676506231774388095e-02,-3.206049301408132601e-01
9.631060251055479915e-01,1.159408755096912880e-01,3.688458466749111597e-02,-2.400500472929437135e-01
9.800000612224615271e-01,1.158031099342858722e-01,3.684075693194947126e-02,-1.575826080574895538e-01
9.892302766652357748e-01,1.189287057634478562e-01,3.684806431664383597e-02,-7.695221134164247079e-02
9.917837737455262870e-01,1.217994958289493473e-01,3.911302789220585246e-02,8.535089911438223031e-16
9.892302766652358859e-01,1.189287057634472733e-01,3.684806431664361392e-02,7.695221134164208221e-02
9.800000612224615271e-01,1.158031099342858306e-01,3.684075693194945739e-02,1.575826080574895816e-01
9.631060251055479915e-01,1.159408755096912880e-01,3.688458466749111597e-02,2.400500472929437135e-01
9.394176382699642724e-01,1.155651758509424060e-01,3.676506231774388095e-02,3.206049301408132601e-01
9.234848924889014210e-01,1.124214280545985378e-01,7.233073932732803080e-02,-3.595905171264796585e-01
9.506336393627913273e-01,1.129066239456561760e-01,7.264290915229887347e-02,-2.797691650824647436e-01
9.709302929722426478e-01,1.130146851652103906e-01,7.271243458030872409e-02,-1.980781385798240923e-01
9.864235890296096931e-01,1.056974009277748677e-01,6.800457249457775299e-02,-1.056974009277740489e-01
9.892302766652358859e-01,1.189287057634472733e-01,7.695221134164208221e-02,-3.684806431664358617e-02
9.892302766652358859e-01,1.189287057634472733e-01,7.695221134164208221e-02,3.684806431664361392e-02
9.864235890296096931e-01,1.056974009277742849e-01,6.800457249457786402e-02,1.056974009277745902e-01
9.709302929722426478e-01,1.130146851652103906e-01,7.271243458030872409e-02,1.980781385798240923e-01
9.506336393627912162e-01,1.129066239456563148e-01,7.264290915229898449e-02,2.797691650824651322e-01
9.234848924889014210e-01,1.124214280545985378e-01,7.233073932732803080e-02,3.595905171264796585e-01
9.359398256515931713e-01,1.055236807253397829e-01,1.055236807253404352e-01,-3.189767207361978163e-01
9.596720357328049067e-01,1.057798080014353409e-01,1.057798080014359793e-01,-2.380143866887311777e-01
9.766532541188828187e-01,1.054048155831281419e-01,1.054048155831288219e-01,-1.546870095475708085e-01
9.864235890296096931e-01,1.056974009277743543e-01,1.056974009277745208e-01,-6.800457249457783626e-02
9.864959359653289184e-01,1.158140067606022727e-01,1.158140067606023005e-01,2.527247349476188352e-15
9.864235890296096931e-01,1.056974009277744098e-01,1.056974009277743959e-01,6.800457249457796116e-02
9.766532541188828187e-01,1.054048155831280864e-01,1.054048155831287387e-01,1.546870095475708917e-01
9.596720357328049067e-01,1.057798080014353548e-01,1.057798080014360070e-01,2.380143866887311777e-01
9.359398256515931713e-01,1.055236807253397829e-01,1.055236807253404352e-01,3.189767207361978718e-01
9.163086351989861988e-01,1.074116455233231904e-01,1.474599915234572345e-01,-3.565063454773913509e-01
9.435491110970587458e-01,1.077561173080296558e-01,1.479328993371807899e-01,-2.760788862342500316e-01
9.639978365124631798e-01,1.075656496536948753e-01,1.476714159704857476e-01,-1.932122023039452297e-01
9.766532541188828187e-01,1.054048155831287664e-01,1.546870095475708917e-01,-1.054048155831280587e-01
9.800000612224615271e-01,1.158031099342858306e-01,1.575826080574896371e-01,-3.684075693194942269e-02
9.800000612224615271e-01,1.158031099342858306e-01,1.575826080574895816e-01,3.684075693194945739e-02
9.766532541188828187e-01,1.054048155831280864e-01,1.546870095475708917e-01,1.054048155831287387e-01
9.639978365124631798e-01,1.075656496536948753e-01,1.476714159704857476e-01,1.932122023039452297e-01
9.435491110970586348e-01,1.077561173080297668e-01,1.479328993371809564e-01,2.760788862342502537e-01
9.163086351989861988e-01,1.074116455233231904e-01,1.474599915234572345e-01,3.565063454773913509e-01
9.243932496083911987e-01,1.085260306241052908e-01,1.881412386450147523e-01,-3.135635423268048894e-01
9.483506505776263529e-01,1.084941024531374670e-01,1.880858878172086690e-01,-2.312655877684644812e-01
9.639978365124632909e-01,1.075656496536947365e-01,1.932122023039449799e-01,-1.476714159704854146e-01
9.709302929722426478e-01,1.130146851652104045e-01,1.980781385798240646e-01,-7.271243458030868245e-02
9.729504360990830492e-01,1.164997941834415573e-01,1.994874603824006443e-01,2.542212330786758119e-15
9.709302929722426478e-01,1.130146851652103906e-01,1.980781385798240923e-01,7.271243458030872409e-02
9.639978365124631798e-01,1.075656496536948753e-01,1.932122023039452297e-01,1.476714159704857476e-01
9.483506505776262419e-01,1.084941024531375919e-01,1.880858878172088633e-01,2.312655877684647032e-01
9.243932496083911987e-01,1.085260306241053185e-01,1.881412386450147800e-01,3.135635423268048894e-01
9.022098770033059045e-01,1.085791874483854613e-01,2.267529851237785610e-01,-3.504439778740440214e-01
9.297221218085282013e-01,1.086926936483388478e-01,2.269900275098410414e-01,-2.688460562820262356e-01
9.483506505776262419e-01,1.084941024531375919e-01,2.312655877684647032e-01,-1.880858878172088633e-01
9.596720357328051287e-01,1.057798080014358683e-01,2.380143866887309001e-01,-1.057798080014351605e-01
9.631060251055479915e-01,1.159408755096912880e-01,2.400500472929437135e-01,-3.688458466749108822e-02
9.631060251055479915e-01,1.159408755096912880e-01,2.400500472929437135e-01,3.688458466749111597e-02
9.596720357328049067e-01,1.057798080014353548e-01,2.380143866887311777e-01,1.057798080014360070e-01
9.483506505776262419e-01,1.084941024531375919e-01,2.312655877684647032e-01,1.880858878172088633e-01
9.297221218085280903e-01,1.086926936483388617e-01,2.269900275098410691e-01,2.688460562820262356e-01
9.022098770033059045e-01,1.085791874483854613e-01,2.267529851237785610e-01,3.504439778740440214e-01
9.081102615698792846e-01,1.084087385076639709e-01,2.645795817134656835e-01,-3.059100246591960337e-01
9.297221218085282013e-01,1.086926936483388478e-01,2.688460562820263466e-01,-2.269900275098410414e-01
9.435491110970587458e-01,1.077561173080296281e-01,2.760788862342501426e-01,-1.479328993371807344e-01
9.506336393627912162e-01,1.129066239456563148e-01,2.797691650824651322e-01,-7.264290915229895673e-02
9.526839438401960569e-01,1.162965117035274637e-01,2.808352266270765507e-01,2.537776381086652202e-15
9.506336393627912162e-01,1.129066239456563148e-01,2.797691650824651322e-01,7.264290915229898449e-02
9.435491110970586348e-01,1.077561173080297668e-01,2.760788862342502537e-01,1.479328993371809564e-01
9.297221218085280903e-01,1.086926936483388617e-01,2.688460562820262356e-01,2.269900275098410691e-01
9.081102615698792846e-01,1.084087385076639709e-01,2.645795817134656280e-01,3.059100246591960337e-01
8.834005927406295422e-01,1.078974181957801370e-01,3.012611802305059649e-01,-3.423495891312152706e-01
9.081102615698792846e-01,1.084087385076640403e-01,3.059100246591960337e-01,-2.645795817134655725e-01
9.243932496083911987e-01,1.085260306241053185e-01,3.135635423268048894e-01,-1.881412386450147800e-01
9.359398256515931713e-01,1.055236807253404768e-01,3.189767207361978163e-01,-1.055236807253397552e-01
9.394176382699642724e-01,1.155651758509423782e-01,3.206049301408132601e-01,-3.676506231774384625e-02
9.394176382699642724e-01,1.155651758509423782e-01,3.206049301408132046e-01,3.676506231774387401e-02
9.359398256515931713e-01,1.055236807253397829e-01,3.189767207361978718e-01,1.055236807253404352e-01
9.243932496083911987e-01,1.085260306241053185e-01,3.135635423268048894e-01,1.881412386450147800e-01
9.081102615698792846e-01,1.084087385076639709e-01,3.059100246591960337e-01,2.645795817134656280e-01
8.834005927406295422e-01,1.078974181957801370e-01,3.012611802305059649e-01,3.423495891312152706e-01
8.834005927406294312e-01,1.078974181957801926e-01,3.423495891312153816e-01,-3.012611802305061315e-01
9.022098770033059045e-01,1.085791874483854613e-01,3.504439778740440214e-01,-2.267529851237785610e-01
9.163086351989861988e-01,1.074116455233232181e-01,3.565063454773913509e-01,-1.474599915234572067e-01
9.234848924889015320e-01,1.124214280545985517e-01,3.595905171264796585e-01,-7.233073932732790590e-02
9.255558291234278201e-01,1.157597429509641951e-01,3.604803588097010292e-01,2.526063226131213208e-15
9.234848924889014210e-01,1.124214280545985378e-01,3.595905171264796585e-01,7.233073932732803080e-02
9.163086351989861988e-01,1.074116455233231904e-01,3.565063454773913509e-01,1.474599915234572345e-01
9.022098770033059045e-01,1.085791874483854613e-01,3.504439778740440214e-01,2.267529851237785610e-01
8.834005927406295422e-01,1.078974181957801370e-01,3.423495891312152706e-01,3.012611802305059649e-01
8.692675010082674403e-01,1.422915308646809929e-01,-3.347589669710336890e-01,-3.347589669710336890e-01
8.899255267382604195e-01,1.434147505625017471e-01,-3.451583895890547038e-01,-2.614009416146305109e-01
9.069253766861992139e-01,1.419894381193113897e-01,-3.524720693603332067e-01,-1.819032734889682590e-01
9.163086351989861988e-01,1.474599915234572900e-01,-3.565063454773913509e-01,-1.074116455233231487e-01
9.201991055097472616e-01,1.536270717130836516e-01,-3.581784998578231294e-01,-3.661272040593960275e-02
9.201991055097472616e-01,1.536270717130836516e-01,-3.581784998578231294e-01,3.661272040593960275e-02
9.163086351989861988e-01,1.474599915234572345e-01,-3.565063454773913509e-01,1.074116455233231904e-01
9.069253766861992139e-01,1.419894381193113897e-01,-3.524720693603332067e-01,1.819032734889682590e-01
8.899255267382604195e-01,1.434147505625016361e-01,-3.451583895890547038e-01,2.614009416146306775e-01
8.692675010082674403e-01,1.422915308646809929e-01,-3.347589669710336890e-01,3.347589669710336890e-01
8.987628196387330570e-01,1.406097919158186549e-01,-2.936445814691839296e-01,-2.936445814691839296e-01
9.136622262486554513e-01,1.431909065816623361e-01,-3.085222797778537362e-01,-2.225571914797371265e-01
9.280746912677362292e-01,1.401234176228332573e-01,-3.152906961768623395e-01,-1.401234176228323414e-01
9.330019490300218710e-01,1.526295384932895294e-01,-3.176004936774677323e-01,-7.308565865704919062e-02
9.352216780848221500e-01,1.543655486962762224e-01,-3.186403775667905891e-01,3.368503816636908380e-15
9.330019490300218710e-01,1.526295384932895571e-01,-3.176004936774677323e-01,7.308565865704926001e-02
9.280746912677363403e-01,1.401234176228322026e-01,-3.152906961768620620e-01,1.401234176228330630e-01
9.136622262486554513e-01,1.431909065816623361e-01,-3.085222797778537362e-01,2.225571914797371265e-01
8.987628196387329460e-01,1.406097919158187382e-01,-2.936445814691840406e-01,2.936445814691840406e-01
8.899255267382604195e-01,1.434147505625017471e-01,-2.614009416146305109e-01,-3.451583895890547038e-01
9.241280429119760331e-01,1.381928407974126749e-01,-2.518830076206232116e-01,-2.518830076206232671e-01
9.343332096358186734e-01,1.422401722223519127e-01,-2.712626439751188445e-01,-1.822244900155106373e-01
9.435491110970587458e-01,1.479328993371808454e-01,-2.760788862342500316e-01,-1.077561173080296142e-01
9.473859535730986270e-01,1.542119992553210583e-01,-2.780787583044001532e-01,-3.675212154353121874e-02
9.473859535730986270e-01,1.542119992553210583e-01,-2.780787583044001532e-01,3.675212154353121874e-02
9.435491110970587458e-01,1.479328993371807899e-01,-2.760788862342500316e-01,1.077561173080296558e-01
9.343332096358186734e-01,1.422401722223519127e-01,-2.712626439751188445e-01,1.822244900155106373e-01
9.241280429119760331e-01,1.381928407974126749e-01,-2.518830076206234891e-01,2.518830076206235447e-01
8.899255267382604195e-01,1.434147505625017471e-01,-2.614009416146305109e-01,3.451583895890547038e-01
9.136622262486554513e-01,1.431909065816623361e-01,-2.225571914797371265e-01,-3.085222797778537362e-01
9.454689752877929454e-01,1.348787955018184437e-01,-2.096379346542860400e-01,-2.096379346542860400e-01
9.519469916609477611e-01,1.402034563877346263e-01,-2.334157379045742609e-01,-1.402034563877337103e-01
9.567798372584497280e-01,1.528940138146335226e-01,-2.362958369217536270e-01,-7.321230093907253600e-02
9.589643216369068135e-01,1.547140030928625676e-01,-2.375942067358731702e-01,3.376107650359772221e-15
9.567798372584497280e-01,1.528940138146335226e-01,-2.362958369217536270e-01,7.321230093907253600e-02
9.519469916609477611e-01,1.402034563877337381e-01,-2.334157379045742609e-01,1.402034563877345985e-01
9.454689752877929454e-01,1.348787955018184437e-01,-2.096379346542860400e-01,2.096379346542860400e-01
9.136622262486552293e-01,1.431909065816623916e-01,-2.225571914797371542e-01,3.085222797778539583e-01
9.069253766861992139e-01,1.419894381193113897e-01,-1.819032734889682590e-01,-3.524720693603332067e-01
9.343332096358186734e-01,1.422401722223519127e-01,-1.822244900155106373e-01,-2.712626439751188445e-01
9.628923517122381925e-01,1.304167852792432747e-01,-1.670774986817544494e-01,-1.670774986817538943e-01
9.639978365124631798e-01,1.476714159704857754e-01,-1.932122023039452574e-01,-1.075656496536948475e-01
9.677431105543670142e-01,1.541667355617692414e-01,-1.958467870083431817e-01,-3.674133420678077355e-02
9.677431105543670142e-01,1.541667355617692414e-01,-1.958467870083431817e-01,3.674133420678077355e-02
9.639978365124631798e-01,1.476714159704857476e-01,-1.932122023039452297e-01,1.075656496536948753e-01
9.628923517122381925e-01,1.304167852792432192e-01,-1.670774986817545604e-01,1.670774986817538388e-01
9.343332096358186734e-01,1.422401722223518850e-01,-1.822244900155105818e-01,2.712626439751188445e-01
9.069253766861992139e-01,1.419894381193113897e-01,-1.819032734889682590e-01,3.524720693603332067e-01
9.280746912677363403e-01,1.401234176228331185e-01,-1.401234176228322026e-01,-3.152906961768620620e-01
9.519469916609477611e-01,1.402034563877346263e-01,-1.402034563877337103e-01,-2.334157379045742609e-01
9.765161991382533824e-01,1.243866456130241077e-01,-1.243866456130219983e-01,-1.243866456130227616e-01
9.748866898980840245e-01,1.491556409032369079e-01,-1.491556409032369079e-01,-7.142220546193064901e-02
9.759673294920255815e-01,1.540905119794920841e-01,-1.540905119794920564e-01,3.362502074421580492e-15
9.748866898980841356e-01,1.491556409032369079e-01,-1.491556409032369079e-01,7.142220546193071840e-02
9.765161991382533824e-01,1.243866456130232195e-01,-1.243866456130224007e-01,1.243866456130232473e-01
9.519469916609477611e-01,1.402034563877346263e-01,-1.402034563877337103e-01,2.334157379045742609e-01
9.280746912677362292e-01,1.401234176228332295e-01,-1.401234176228323136e-01,3.152906961768623395e-01
9.163086351989861988e-01,1.474599915234572900e-01,-1.074116455233231487e-01,-3.565063454773913509e-01
9.435491110970587458e-01,1.479328993371808454e-01,-1.077561173080296142e-01,-2.760788862342500316e-01
9.639978365124631798e-01,1.476714159704857754e-01,-1.075656496536948475e-01,-1.932122023039452574e-01
9.766532541188828187e-01,1.546870095475709195e-01,-1.054048155831280587e-01,-1.054048155831286970e-01
9.800000612224615271e-01,1.575826080574896648e-01,-1.158031099342857889e-01,-3.684075693194940881e-02
9.800000612224615271e-01,1.575826080574896371e-01,-1.158031099342857473e-01,3.684075693194949208e-02
9.766532541188828187e-01,1.546870095475708917e-01,-1.054048155831280587e-01,1.054048155831287664e-01
9.639978365124631798e-01,1.476714159704857754e-01,-1.075656496536948475e-01,1.932122023039452574e-01
9.435491110970586348e-01,1.479328993371809564e-01,-1.077561173080297252e-01,2.760788862342502537e-01
9.163086351989861988e-01,1.474599915234572900e-01,-1.074116455233231487e-01,3.565063454773913509e-01
9.330019490300218710e-01,1.526295384932895294e-01,-7.308565865704919062e-02,-3.176004936774677323e-01
9.567798372584497280e-01,1.528940138146335226e-01,-7.321230093907253600e-02,-2.362958369217536270e-01
9.748866898980840245e-01,1.491556409032369079e-01,-7.142220546193064901e-02,-1.491556409032369079e-01
9.821170301842067074e-01,1.594016561722100267e-01,-7.084225798106134897e-02,-7.084225798106177918e-02
9.838850898111037857e-01,1.609136190873241001e-01,-7.795471274795262584e-02,1.701096842100278804e-15
9.821170301842067074e-01,1.594016561722099989e-01,-7.084225798106132121e-02,7.084225798106177918e-02
9.748866898980840245e-01,1.491556409032369079e-01,-7.142220546193064901e-02,1.491556409032369079e-01
9.567798372584497280e-01,1.528940138146335503e-01,-7.321230093907254988e-02,2.362958369217536547e-01
9.330019490300217599e-01,1.526295384932896682e-01,-7.308565865704926001e-02,3.176004936774680099e-01
9.201991055097472616e-01,1.536270717130836516e-01,-3.661272040593960275e-02,-3.581784998578231294e-01
9.473859535730986270e-01,1.542119992553210583e-01,-3.675212154353121874e-02,-2.780787583044001532e-01
9.677431105543670142e-01,1.541667355617692414e-01,-3.674133420678077355e-02,-1.958467870083431817e-01
9.800000612224615271e-01,1.575826080574896648e-01,-3.684075693194940881e-02,-1.158031099342857889e-01
9.854635274068056505e-01,1.622579168293154794e-01,-3.559497560855279935e-02,-3.559497560855301446e-02
9.854635274068056505e-01,1.622579168293154794e-01,-3.559497560855277853e-02,3.559497560855302140e-02
9.800000612224615271e-01,1.575826080574896371e-01,-3.684075693194942269e-02,1.158031099342858306e-01
9.677431105543670142e-01,1.541667355617692414e-01,-3.674133420678077355e-02,1.958467870083431817e-01
9.473859535730984049e-01,1.542119992553214747e-01,-3.675212154353130894e-02,2.780787583044006528e-01
9.201991055097472616e-01,1.536270717130836516e-01,-3.661272040593960275e-02,3.581784998578231294e-01
9.352216780848221500e-01,1.543655486962762224e-01,3.368503816636908380e-15,-3.186403775667905891e-01
9.589643216369068135e-01,1.547140030928625676e-01,3.376107650359772221e-15,-2.375942067358731702e-01
9.759673294920255815e-01,1.540905119794920841e-01,3.362502074421580492e-15,-1.540905119794920564e-01
9.838850898111037857e-01,1.609136190873241001e-01,1.701096842100278804e-15,-7.795471274795262584e-02
9.865905829171005559e-01,1.632146491565500679e-01,0.000000000000000000e+00,0.000000000000000000e+00
9.838850898111037857e-01,1.609136190873240446e-01,1.701096842100281368e-15,7.795471274795273686e-02
9.759673294920255815e-01,1.540905119794920564e-01,3.362502074421580492e-15,1.540905119794920841e-01
9.589643216369068135e-01,1.547140030928625676e-01,3.376107650359772221e-15,2.375942067358731702e-01
9.352216780848221500e-01,1.543655486962762224e-01,3.368503816636909169e-15,3.186403775667905891e-01
9.201991055097472616e-01,1.536270717130836516e-01,3.661272040593960275e-02,-3.581784998578231294e-01
9.473859535730986270e-01,1.542119992553210583e-01,3.675212154353121874e-02,-2.780787583044001532e-01
9.677431105543670142e-01,1.541667355617692414e-01,3.674133420678077355e-02,-1.958467870083431817e-01
9.800000612224615271e-01,1.575826080574896371e-01,3.684075693194949208e-02,-1.158031099342857473e-01
9.854635274068056505e-01,1.622579168293154794e-01,3.559497560855302140e-02,-3.559497560855277853e-02
9.854635274068055395e-01,1.622579168293160901e-01,3.559497560855293813e-02,3.559497560855317405e-02
9.800000612224615271e-01,1.575826080574895816e-01,3.684075693194945739e-02,1.158031099342858306e-01
9.677431105543670142e-01,1.541667355617692414e-01,3.674133420678077355e-02,1.958467870083431817e-01
9.473859535730984049e-01,1.542119992553214747e-01,3.675212154353130894e-02,2.780787583044006528e-01
9.201991055097472616e-01,1.536270717130836516e-01,3.661272040593960275e-02,3.581784998578231294e-01
9.330019490300218710e-01,1.526295384932895571e-01,7.308565865704926001e-02,-3.176004936774677323e-01
9.567798372584497280e-01,1.528940138146335226e-01,7.321230093907253600e-02,-2.362958369217536270e-01
9.748866898980841356e-01,1.491556409032369079e-01,7.142220546193071840e-02,-1.491556409032369079e-01
9.821170301842067074e-01,1.594016561722099989e-01,7.084225798106177918e-02,-7.084225798106132121e-02
9.838850898111037857e-01,1.609136190873240446e-01,7.795471274795273686e-02,1.701096842100281368e-15
9.821170301842067074e-01,1.594016561722099989e-01,7.084225798106132121e-02,7.084225798106177918e-02
9.748866898980840245e-01,1.491556409032369079e-01,7.142220546193064901e-02,1.491556409032369079e-01
9.567798372584497280e-01,1.528940138146335503e-01,7.321230093907254988e-02,2.362958369217536547e-01
9.330019490300218710e-01,1.526295384932896959e-01,7.308565865704931552e-02,3.176004936774680099e-01
9.163086351989861988e-01,1.474599915234572345e-01,1.074116455233231904e-01,-3.565063454773913509e-01
9.435491110970587458e-01,1.479328993371807899e-01,1.077561173080296558e-01,-2.760788862342500316e-01
9.639978365124631798e-01,1.476714159704857476e-01,1.075656496536948753e-01,-1.932122023039452297e-01
9.766532541188828187e-01,1.546870095475708917e-01,1.054048155831287664e-01,-1.054048155831280587e-01
9.800000612224615271e-01,1.575826080574896371e-01,1.158031099342858306e-01,-3.684075693194942269e-02
9.800000612224615271e-01,1.575826080574895816e-01,1.158031099342858306e-01,3.684075693194945739e-02
9.766532541188828187e-01,1.546870095475708917e-01,1.054048155831280864e-01,1.054048155831287387e-01
9.639978365124631798e-01,1.476714159704857476e-01,1.075656496536948753e-01,1.932122023039452297e-01
9.435491110970586348e-01,1.479328993371809564e-01,1.077561173080297668e-01,2.760788862342502537e-01
9.163086351989861988e-01,1.474599915234572345e-01,1.074116455233231904e-01,3.565063454773913509e-01
9.280746912677363403e-01,1.401234176228322026e-01,1.401234176228330630e-01,-3.152906961768620620e-01
9.519469916609477611e-01,1.402034563877337381e-01,1.402034563877345985e-01,-2.334157379045742609e-01
9.765161991382533824e-01,1.243866456130232195e-01,1.243866456130232473e-01,-1.243866456130224007e-01
9.748866898980840245e-01,1.491556409032369079e-01,1.491556409032369079e-01,-7.142220546193064901e-02
9.759673294920255815e-01,1.540905119794920564e-01,1.540905119794920841e-01,3.362502074421580492e-15
9.748866898980840245e-01,1.491556409032369079e-01,1.491556409032369079e-01,7.142220546193064901e-02
9.765161991382533824e-01,1.243866456130223591e-01,1.243866456130231224e-01,1.243866456130234138e-01
9.519469916609477611e-01,1.402034563877337381e-01,1.402034563877345985e-01,2.334157379045742609e-01
9.280746912677362292e-01,1.401234176228323136e-01,1.401234176228332018e-01,3.152906961768623395e-01
9.069253766861992139e-01,1.419894381193113897e-01,1.819032734889682590e-01,-3.524720693603332067e-01
9.343332096358186734e-01,1.422401722223519127e-01,1.822244900155106373e-01,-2.712626439751188445e-01
9.628923517122381925e-01,1.304167852792432192e-01,1.670774986817545604e-01,-1.670774986817538388e-01
9.639978365124631798e-01,1.476714159704857754e-01,1.932122023039452574e-01,-1.075656496536948475e-01
9.677431105543670142e-01,1.541667355617692414e-01,1.958467870083431817e-01,-3.674133420678077355e-02
9.677431105543670142e-01,1.541667355617692414e-01,1.958467870083431817e-01,3.674133420678077355e-02
9.639978365124631798e-01,1.476714159704857476e-01,1.932122023039452297e-01,1.075656496536948753e-01
9.628923517122381925e-01,1.304167852792434412e-01,1.670774986817541163e-01,1.670774986817541163e-01
9.343332096358186734e-01,1.422401722223518850e-01,1.822244900155105818e-01,2.712626439751188445e-01
9.069253766861992139e-01,1.419894381193113897e-01,1.819032734889682590e-01,3.524720693603332067e-01
9.136622262486554513e-01,1.431909065816623361e-01,2.225571914797371265e-01,-3.085222797778537362e-01
9.454689752877929454e-01,1.348787955018184437e-01,2.096379346542860400e-01,-2.096379346542860400e-01
9.519469916609477611e-01,1.402034563877346263e-01,2.334157379045742609e-01,-1.402034563877337103e-01
9.567798372584497280e-01,1.528940138146335503e-01,2.362958369217536547e-01,-7.321230093907254988e-02
9.589643216369068135e-01,1.547140030928625676e-01,2.375942067358731702e-01,3.376107650359772221e-15
9.567798372584497280e-01,1.528940138146335503e-01,2.362958369217536547e-01,7.321230093907254988e-02
9.519469916609477611e-01,1.402034563877337381e-01,2.334157379045742609e-01,1.402034563877345985e-01
9.454689752877929454e-01,1.348787955018184437e-01,2.096379346542860400e-01,2.096379346542860400e-01
9.136622262486554513e-01,1.431909065816623639e-01,2.225571914797371265e-01,3.085222797778537362e-01
8.899255267382604195e-01,1.434147505625016361e-01,2.614009416146306775e-01,-3.451583895890547038e-01
9.241280429119760331e-01,1.381928407974126749e-01,2.518830076206235447e-01,-2.518830076206234891e-01
9.343332096358186734e-01,1.422401722223518850e-01,2.712626439751188445e-01,-1.822244900155105818e-01
9.435491110970586348e-01,1.479328993371809564e-01,2.760788862342502537e-01,-1.077561173080297252e-01
9.473859535730984049e-01,1.542119992553214747e-01,2.780787583044006528e-01,-3.675212154353130894e-02
9.473859535730984049e-01,1.542119992553214747e-01,2.780787583044006528e-01,3.675212154353130894e-02
9.435491110970586348e-01,1.479328993371809564e-01,2.760788862342502537e-01,1.077561173080297668e-01
9.343332096358186734e-01,1.422401722223518850e-01,2.712626439751188445e-01,1.822244900155105818e-01
9.241280429119759221e-01,1.381928407974126749e-01,2.518830076206234891e-01,2.518830076206235447e-01
8.899255267382604195e-01,1.434147505625016361e-01,2.614009416146306775e-01,3.451583895890547038e-01
8.987628196387329460e-01,1.406097919158187382e-01,2.936445814691840406e-01,-2.936445814691840406e-01
9.136622262486552293e-01,1.431909065816623916e-01,3.085222797778539583e-01,-2.225571914797371542e-01
9.280746912677362292e-01,1.401234176228332295e-01,3.152906961768623395e-01,-1.401234176228323136e-01
9.330019490300217599e-01,1.526295384932896682e-01,3.176004936774680099e-01,-7.308565865704926001e-02
9.352216780848221500e-01,1.543655486962762224e-01,3.186403775667905891e-01,3.368503816636909169e-15
9.330019490300218710e-01,1.526295384932896959e-01,3.176004936774680099e-01,7.308565865704931552e-02
9.280746912677362292e-01,1.401234176228323136e-01,3.152906961768623395e-01,1.401234176228332018e-01
9.136622262486554513e-01,1.431909065816623639e-01,3.085222797778537362e-01,2.225571914797371265e-01
8.987628196387329460e-01,1.406097919158186826e-01,2.936445814691840961e-01,2.936445814691840406e-01
8.692675010082674403e-01,1.422915308646809929e-01,3.347589669710336890e-01,-3.347589669710336890e-01
8.899255267382604195e-01,1.434147505625017471e-01,3.451583895890547038e-01,-2.614009416146305109e-01
9.069253766861992139e-01,1.419894381193113897e-01,3.524720693603332067e-01,-1.819032734889682590e-01
9.163086351989861988e-01,1.474599915234572900e-01,3.565063454773913509e-01,-1.074116455233231487e-01
9.201991055097472616e-01,1.536270717130836516e-01,3.581784998578231294e-01,-3.661272040593960275e-02
9.201991055097472616e-01,1.536270717130836516e-01,3.581784998578231294e-01,3.661272040593960275e-02
9.163086351989861988e-01,1.474599915234572345e-01,3.565063454773913509e-01,1.074116455233231904e-01
9.069253766861992139e-01,1.419894381193113897e-01,3.524720693603332067e-01,1.819032734889682590e-01
8.899255267382604195e-01,1.434147505625016361e-01,3.451583895890547038e-01,2.614009416146306775e-01
8.692675010082674403e-01,1.422915308646809929e-01,3.347589669710336890e-01,3.347589669710336890e-01
8.755755041267362371e-01,1.774385567908353667e-01,-3.389798828940653319e-01,-2.949164867048349459e-01
8.953799906549302356e-01,1.760290323355984399e-01,-3.475056787102947520e-01,-2.157504469841657058e-01
9.069253766861992139e-01,1.819032734889683423e-01,-3.524720693603332067e-01,-1.419894381193113342e-01
9.123779023896808615e-01,1.906834971845634830e-01,-3.548165714526723691e-01,-7.288050325732663148e-02
9.146363948308867675e-01,1.919778998102303347e-01,-3.557875085429663686e-01,4.189265633960065504e-15
9.123779023896808615e-01,1.906834971845634830e-01,-3.548165714526723691e-01,7.288050325732663148e-02
9.069253766861992139e-01,1.819032734889682590e-01,-3.524720693603332067e-01,1.419894381193113897e-01
8.953799906549302356e-01,1.760290323355984399e-01,-3.475056787102947520e-01,2.157504469841657058e-01
8.755755041267360150e-01,1.774385567908355055e-01,-3.389798828940654429e-01,2.949164867048351679e-01
8.755755041267361261e-01,1.774385567908353389e-01,-2.949164867048348904e-01,-3.389798828940652764e-01
9.020216736155256543e-01,1.761577856799474984e-01,-3.007764688008108811e-01,-2.546740086618550780e-01
9.180518990023354142e-01,1.742372350150664106e-01,-3.105857089545724370e-01,-1.742372350150674931e-01
9.243932496083911987e-01,1.881412386450147245e-01,-3.135635423268048338e-01,-1.085260306241052075e-01
9.285675712897091261e-01,1.920142108177984308e-01,-3.155218423600951172e-01,-3.658927967096790856e-02
9.285675712897091261e-01,1.920142108177984308e-01,-3.155218423600951172e-01,3.658927967096795020e-02
9.243932496083911987e-01,1.881412386450147523e-01,-3.135635423268048894e-01,1.085260306241052908e-01
9.180518990023354142e-01,1.742372350150664106e-01,-3.105857089545724370e-01,1.742372350150674931e-01
9.020222567669408109e-01,1.761615795559927089e-01,-3.007678536055152785e-01,2.546794935265579429e-01
8.755755041267361261e-01,1.774385567908353389e-01,-2.949164867048348904e-01,3.389798828940652764e-01
9.020188935132854580e-01,1.761397073925514145e-01,-2.546478726048926888e-01,-3.008175197732624873e-01
9.261232081671131322e-01,1.726875203163570072e-01,-2.601480751604349217e-01,-2.116549139792472389e-01
9.343332096358185623e-01,1.822244900155107761e-01,-2.712626439751190111e-01,-1.422401722223518850e-01
9.396819419720958688e-01,1.911796753647789504e-01,-2.740600909332918111e-01,-7.307014586412446944e-02
9.419027597322809919e-01,1.925441315131994624e-01,-2.752198187422935649e-01,4.201621717740813904e-15
9.396819419720957578e-01,1.911796753647790059e-01,-2.740600909332917556e-01,7.307014586412446944e-02
9.343332096358186734e-01,1.822244900155105818e-01,-2.712626439751188445e-01,1.422401722223518850e-01
9.261317349913935626e-01,1.727605557243145074e-01,-2.599963387885501076e-01,2.117444300193199180e-01
9.020216736155256543e-01,1.761577856799474984e-01,-2.546740086618550780e-01,3.007764688008108811e-01
8.953799906549302356e-01,1.760290323355984399e-01,-2.157504469841657058e-01,-3.475056787102947520e-01
9.261302580650115912e-01,1.727478874911694273e-01,-2.117289031660088694e-01,-2.600226606045945021e-01
9.462900963879637972e-01,1.681204512851882105e-01,-2.191029009332992605e-01,-1.681204512851892097e-01
9.483506505776263529e-01,1.880858878172086690e-01,-2.312655877684645644e-01,-1.084941024531374393e-01
9.524294234329183650e-01,1.921461679151922342e-01,-2.337037172018605335e-01,-3.661442476372197413e-02
9.524294234329183650e-01,1.921461679151922342e-01,-2.337037172018605335e-01,3.661442476372201577e-02
9.483506505776263529e-01,1.880858878172086690e-01,-2.312655877684644812e-01,1.084941024531374670e-01
9.462672610780746840e-01,1.678396345639158738e-01,-2.196314748634649039e-01,1.678396345639169285e-01
9.261109238732305737e-01,1.725827346286437636e-01,-2.115264831251903177e-01,2.603657107367615686e-01
8.953799906549302356e-01,1.760290323355984399e-01,-2.157504469841657058e-01,3.475056787102947520e-01
9.180518990023354142e-01,1.742372350150664106e-01,-1.742372350150674931e-01,-3.105857089545724370e-01
9.462900963879637972e-01,1.681204512851882105e-01,-1.681204512851892097e-01,-2.191029009332992605e-01
9.628923517122381925e-01,1.670774986817541718e-01,-1.670774986817541441e-01,-1.304167852792433302e-01
9.602449543249533814e-01,1.905584235955116723e-01,-1.905584235955121164e-01,-7.283269929815405774e-02
9.623974421965627579e-01,1.920822262125176927e-01,-1.920822262125177204e-01,4.191542203358153131e-15
9.602449543249531594e-01,1.905584235955120886e-01,-1.905584235955121442e-01,7.283269929815422428e-02
9.628923517122381925e-01,1.670774986817545604e-01,-1.670774986817538388e-01,1.304167852792432192e-01
9.462900963879637972e-01,1.681204512851881550e-01,-1.681204512851891819e-01,2.191029009332992883e-01
9.180518990023353032e-01,1.742372350150665217e-01,-1.742372350150676041e-01,3.105857089545726590e-01
9.069253766861992139e-01,1.819032734889683423e-01,-1.419894381193113342e-01,-3.524720693603332067e-01
9.343332096358185623e-01,1.822244900155107761e-01,-1.422401722223518850e-01,-2.712626439751190111e-01
9.628923517122381925e-01,1.670774986817541718e-01,-1.304167852792433302e-01,-1.670774986817541441e-01
9.639978365124631798e-01,1.932122023039452852e-01,-1.476714159704856366e-01,-1.075656496536948198e-01
9.677431105543670142e-01,1.958467870083432094e-01,-1.541667355617692137e-01,-3.674133420678076661e-02
9.677431105543670142e-01,1.958467870083432094e-01,-1.541667355617692137e-01,3.674133420678080131e-02
9.639978365124632909e-01,1.932122023039449799e-01,-1.476714159704854146e-01,1.075656496536947365e-01
9.628923517122381925e-01,1.670774986817541441e-01,-1.304167852792433302e-01,1.670774986817541441e-01
9.343332096358185623e-01,1.822244900155107483e-01,-1.422401722223518850e-01,2.712626439751190111e-01
9.069253766861992139e-01,1.819032734889683423e-01,-1.419894381193113342e-01,3.524720693603332067e-01
9.243932496083911987e-01,1.881412386450147245e-01,-1.085260306241052075e-01,-3.135635423268048338e-01
9.483506505776263529e-01,1.880858878172086412e-01,-1.084941024531374254e-01,-2.312655877684645367e-01
9.639978365124631798e-01,1.932122023039453129e-01,-1.075656496536948337e-01,-1.476714159704856644e-01
9.709302929722426478e-01,1.980781385798241201e-01,-1.130146851652103213e-01,-7.271243458030866857e-02
9.729504360990830492e-01,1.994874603824006998e-01,-1.164997941834414602e-01,2.542212330786756147e-15
9.709302929722426478e-01,1.980781385798241201e-01,-1.130146851652103351e-01,7.271243458030868245e-02
9.639978365124631798e-01,1.932122023039452574e-01,-1.075656496536948475e-01,1.476714159704857754e-01
9.483506505776263529e-01,1.880858878172086690e-01,-1.084941024531374254e-01,2.312655877684645367e-01
9.243932496083911987e-01,1.881412386450146690e-01,-1.085260306241051936e-01,3.135635423268048894e-01
9.123779023896808615e-01,1.906834971845634830e-01,-7.288050325732663148e-02,-3.548165714526723691e-01
9.396819419720958688e-01,1.911796753647789504e-01,-7.307014586412446944e-02,-2.740600909332918111e-01
9.602449543249533814e-01,1.905584235955116723e-01,-7.283269929815405774e-02,-1.905584235955121164e-01
9.709302929722426478e-01,1.980781385798241201e-01,-7.271243458030868245e-02,-1.130146851652103351e-01
9.757628778535116787e-01,2.014431750974082225e-01,-7.710022820079362460e-02,-3.691894122389385857e-02
9.757628778535116787e-01,2.014431750974081947e-01,-7.710022820079362460e-02,3.691894122389387939e-02
9.709302929722426478e-01,1.980781385798240646e-01,-7.271243458030868245e-02,1.130146851652104045e-01
9.602449543249533814e-01,1.905584235955116723e-01,-7.283269929815405774e-02,1.905584235955121164e-01
9.396819419720958688e-01,1.911796753647789504e-01,-7.307014586412448331e-02,2.740600909332918667e-01
9.123779023896808615e-01,1.906834971845634830e-01,-7.288050325732663148e-02,3.548165714526723691e-01
9.285675712897091261e-01,1.920142108177984308e-01,-3.658927967096790856e-02,-3.155218423600951172e-01
9.524294234329183650e-01,1.921461679151922342e-01,-3.661442476372197413e-02,-2.337037172018605335e-01
9.677431105543670142e-01,1.958467870083432094e-01,-3.674133420678076661e-02,-1.541667355617692137e-01
9.757628778535116787e-01,2.014431750974082225e-01,-3.691894122389385857e-02,-7.710022820079362460e-02
9.783508891039448541e-01,2.032363939016190724e-01,-3.904492263261027246e-02,8.520228251643126983e-16
9.757628778535116787e-01,2.014431750974082225e-01,-3.691894122389383776e-02,7.710022820079362460e-02
9.677431105543670142e-01,1.958467870083431817e-01,-3.674133420678077355e-02,1.541667355617692414e-01
9.524294234329183650e-01,1.921461679151922342e-01,-3.661442476372197413e-02,2.337037172018605335e-01
9.285675712897091261e-01,1.920142108177984308e-01,-3.658927967096790856e-02,3.155218423600951172e-01
9.146363948308867675e-01,1.919778998102303347e-01,4.189265633960065504e-15,-3.557875085429663686e-01
9.419027597322809919e-01,1.925441315131994624e-01,4.201621717740813904e-15,-2.752198187422935649e-01
9.623974421965627579e-01,1.920822262125176927e-01,4.191542203358153131e-15,-1.920822262125177204e-01
9.729504360990830492e-01,1.994874603824006998e-01,2.542212330786756147e-15,-1.164997941834414602e-01
9.783508891039448541e-01,2.032363939016190724e-01,8.520228251643126983e-16,-3.904492263261027246e-02
9.783508891039448541e-01,2.032363939016190724e-01,8.520228251643126983e-16,3.904492263261027246e-02
9.729504360990830492e-01,1.994874603824006443e-01,2.542212330786758119e-15,1.164997941834415573e-01
9.623974421965627579e-01,1.920822262125176927e-01,4.191542203358153131e-15,1.920822262125177204e-01
9.419027597322808809e-01,1.925441315131995179e-01,4.201621717740814693e-15,2.752198187422934539e-01
9.146363948308867675e-01,1.919778998102303347e-01,4.189265633960065504e-15,3.557875085429663686e-01
9.285675712897091261e-01,1.920142108177984308e-01,3.658927967096795020e-02,-3.155218423600951172e-01
9.524294234329183650e-01,1.921461679151922342e-01,3.661442476372201577e-02,-2.337037172018605335e-01
9.677431105543670142e-01,1.958467870083432094e-01,3.674133420678080131e-02,-1.541667355617692137e-01
9.757628778535116787e-01,2.014431750974081947e-01,3.691894122389387939e-02,-7.710022820079362460e-02
9.783508891039448541e-01,2.032363939016190724e-01,3.904492263261027246e-02,8.520228251643126983e-16
9.757628778535116787e-01,2.014431750974081670e-01,3.691894122389392796e-02,7.710022820079376338e-02
9.677431105543670142e-01,1.958467870083431817e-01,3.674133420678077355e-02,1.541667355617692414e-01
9.524294234329183650e-01,1.921461679151922342e-01,3.661442476372201577e-02,2.337037172018605335e-01
9.285675712897091261e-01,1.920142108177984308e-01,3.658927967096795020e-02,3.155218423600951172e-01
9.123779023896808615e-01,1.906834971845634830e-01,7.288050325732663148e-02,-3.548165714526723691e-01
9.396819419720957578e-01,1.911796753647790059e-01,7.307014586412446944e-02,-2.740600909332917556e-01
9.602449543249531594e-01,1.905584235955120886e-01,7.283269929815422428e-02,-1.905584235955121442e-01
9.709302929722426478e-01,1.980781385798241201e-01,7.271243458030868245e-02,-1.130146851652103351e-01
9.757628778535116787e-01,2.014431750974082225e-01,7.710022820079362460e-02,-3.691894122389383776e-02
9.757628778535116787e-01,2.014431750974081670e-01,7.710022820079376338e-02,3.691894122389392796e-02
9.709302929722426478e-01,1.980781385798240923e-01,7.271243458030872409e-02,1.130146851652103906e-01
9.602449543249531594e-01,1.905584235955120886e-01,7.283269929815422428e-02,1.905584235955121442e-01
9.396819419720957578e-01,1.911796753647791447e-01,7.307014586412455270e-02,2.740600909332920332e-01
9.123779023896808615e-01,1.906834971845634830e-01,7.288050325732663148e-02,3.548165714526723691e-01
9.243932496083911987e-01,1.881412386450147523e-01,1.085260306241052908e-01,-3.135635423268048894e-01
9.483506505776263529e-01,1.880858878172086690e-01,1.084941024531374670e-01,-2.312655877684644812e-01
9.639978365124632909e-01,1.932122023039449799e-01,1.075656496536947365e-01,-1.476714159704854146e-01
9.709302929722426478e-01,1.980781385798240646e-01,1.130146851652104045e-01,-7.271243458030868245e-02
9.729504360990830492e-01,1.994874603824006443e-01,1.164997941834415573e-01,2.542212330786758119e-15
9.709302929722426478e-01,1.980781385798240923e-01,1.130146851652103906e-01,7.271243458030872409e-02
9.639978365124631798e-01,1.932122023039452297e-01,1.075656496536948753e-01,1.476714159704857476e-01
9.483506505776262419e-01,1.880858878172088633e-01,1.084941024531375919e-01,2.312655877684647032e-01
9.243932496083911987e-01,1.881412386450147800e-01,1.085260306241053185e-01,3.135635423268048894e-01
9.069253766861992139e-01,1.819032734889682590e-01,1.419894381193113897e-01,-3.524720693603332067e-01
9.343332096358186734e-01,1.822244900155106373e-01,1.422401722223519127e-01,-2.712626439751188445e-01
9.628923517122381925e-01,1.670774986817545604e-01,1.304167852792432192e-01,-1.670774986817538388e-01
9.639978365124631798e-01,1.932122023039452574e-01,1.476714159704857754e-01,-1.075656496536948475e-01
9.677431105543670142e-01,1.958467870083431817e-01,1.541667355617692414e-01,-3.674133420678077355e-02
9.677431105543670142e-01,1.958467870083431817e-01,1.541667355617692414e-01,3.674133420678077355e-02
9.639978365124631798e-01,1.932122023039452297e-01,1.476714159704857476e-01,1.075656496536948753e-01
9.628923517122381925e-01,1.670774986817541163e-01,1.304167852792434412e-01,1.670774986817541163e-01
9.343332096358186734e-01,1.822244900155105818e-01,1.422401722223518850e-01,2.712626439751188445e-01
9.069253766861992139e-01,1.819032734889682590e-01,1.419894381193113897e-01,3.524720693603332067e-01
9.180518990023354142e-01,1.742372350150664106e-01,1.742372350150674931e-01,-3.105857089545724370e-01
9.462900963879637972e-01,1.681204512851882105e-01,1.681204512851892097e-01,-2.191029009332992605e-01
9.628923517122381925e-01,1.670774986817541441e-01,1.670774986817541441e-01,-1.304167852792433302e-01
9.602449543249533814e-01,1.905584235955116723e-01,1.905584235955121164e-01,-7.283269929815405774e-02
9.623974421965627579e-01,1.920822262125176927e-01,1.920822262125177204e-01,4.191542203358153131e-15
9.602449543249531594e-01,1.905584235955120886e-01,1.905584235955121442e-01,7.283269929815422428e-02
9.628923517122381925e-01,1.670774986817545604e-01,1.670774986817538388e-01,1.304167852792432192e-01
9.462924489191382182e-01,1.681496256725201754e-01,1.681496256725212302e-01,2.190479579704014135e-01
9.180518990023353032e-01,1.742372350150665217e-01,1.742372350150676041e-01,3.105857089545726590e-01
8.953799906549302356e-01,1.760290323355984399e-01,2.157504469841657058e-01,-3.475056787102947520e-01
9.261197995117895765e-01,1.726583932155386913e-01,2.116192142714347357e-01,-2.602085785588393874e-01
9.462780294501272893e-01,1.679715282382210073e-01,2.193832773540789760e-01,-1.679715282382220620e-01
9.483506505776263529e-01,1.880858878172086690e-01,2.312655877684645367e-01,-1.084941024531374254e-01
9.524294234329183650e-01,1.921461679151922342e-01,2.337037172018605335e-01,-3.661442476372197413e-02
9.524294234329183650e-01,1.921461679151922342e-01,2.337037172018605335e-01,3.661442476372201577e-02
9.483506505776262419e-01,1.880858878172088633e-01,2.312655877684647032e-01,1.084941024531375919e-01
9.462924489191382182e-01,1.681496256725201754e-01,2.190479579704014135e-01,1.681496256725212302e-01
9.261253456325746480e-01,1.727058051848756326e-01,2.116773248764929893e-01,2.601100904723225860e-01
8.953799906549302356e-01,1.760290323355984399e-01,2.157504469841657058e-01,3.475056787102947520e-01
9.020214863771255365e-01,1.761565676732548269e-01,2.546722477709253418e-01,-3.007792346470806177e-01
9.261297837168209757e-01,1.727438203903113589e-01,2.600311109150749700e-01,-2.117239183131330860e-01
9.343332096358185623e-01,1.822244900155107483e-01,2.712626439751190111e-01,-1.422401722223518850e-01
9.396819419720958688e-01,1.911796753647789504e-01,2.740600909332918667e-01,-7.307014586412448331e-02
9.419027597322808809e-01,1.925441315131995179e-01,2.752198187422934539e-01,4.201621717740814693e-15
9.396819419720957578e-01,1.911796753647791447e-01,2.740600909332920332e-01,7.307014586412455270e-02
9.343332096358186734e-01,1.822244900155105818e-01,2.712626439751188445e-01,1.422401722223518850e-01
9.261290385463567532e-01,1.727374327938107912e-01,2.600443823429911538e-01,2.117160893386630383e-01
9.020106930950677615e-01,1.760864642240471123e-01,2.545708981407523996e-01,3.009384064539444847e-01
8.755755041267360150e-01,1.774385567908354777e-01,2.949164867048351124e-01,-3.389798828940653874e-01
9.020106930950677615e-01,1.760864642240470845e-01,3.009384064539444292e-01,-2.545708981407523996e-01
9.180518990023353032e-01,1.742372350150664939e-01,3.105857089545726035e-01,-1.742372350150676041e-01
9.243932496083911987e-01,1.881412386450146690e-01,3.135635423268048894e-01,-1.085260306241051936e-01
9.285675712897091261e-01,1.920142108177984308e-01,3.155218423600951172e-01,-3.658927967096790856e-02
9.285675712897091261e-01,1.920142108177984308e-01,3.155218423600951172e-01,3.658927967096795020e-02
9.243932496083911987e-01,1.881412386450147523e-01,3.135635423268048338e-01,1.085260306241052908e-01
9.180518990023353032e-01,1.742372350150664939e-01,3.105857089545726035e-01,1.742372350150676041e-01
9.020211922904499691e-01,1.761546547360562653e-01,3.007835785169831744e-01,2.546694822083203080e-01
8.755755041267360150e-01,1.774385567908354777e-01,2.949164867048351124e-01,3.389798828940653874e-01
8.755755041267362371e-01,1.774385567908353667e-01,3.389798828940653319e-01,-2.949164867048349459e-01
8.953799906549302356e-01,1.760290323355984399e-01,3.475056787102947520e-01,-2.157504469841657058e-01
9.069253766861992139e-01,1.819032734889683423e-01,3.524720693603332067e-01,-1.419894381193113342e-01
9.123779023896808615e-01,1.906834971845634830e-01,3.548165714526723691e-01,-7.288050325732663148e-02
9.146363948308867675e-01,1.919778998102303347e-01,3.557875085429663686e-01,4.189265633960065504e-15
9.123779023896808615e-01,1.906834971845634830e-01,3.548165714526723691e-01,7.288050325732663148e-02
9.069253766861992139e-01,1.819032734889682590e-01,3.524720693603332067e-01,1.419894381193113897e-01
8.953799906549302356e-01,1.760290323355984399e-01,3.475056787102947520e-01,2.157504469841657058e-01
8.755755041267360150e-01,1.774385567908355055e-01,3.389798828940654429e-01,2.949164867048351679e-01
8.764294715351441667e-01,1.994037261947453621e-01,-3.099270360942065206e-01,-3.099270360942065206e-01
8.817283671383475685e-01,2.094585274013662513e-01,-3.416295940382586549e-01,-2.489406201479562875e-01
8.953799906549302356e-01,2.157504469841657058e-01,-3.475056787102947520e-01,-1.760290323355984399e-01
9.022098770033059045e-01,2.267529851237785610e-01,-3.504439778740440770e-01,-1.085791874483853781e-01
9.066159815088135066e-01,2.293024219087366755e-01,-3.523390156892637903e-01,-3.640164011029126817e-02
9.066159815088136176e-01,2.293024219087366478e-01,-3.523390156892637903e-01,3.640164011029132368e-02
9.022098770033059045e-01,2.267529851237785610e-01,-3.504439778740440214e-01,1.085791874483854613e-01
8.953799906549302356e-01,2.157504469841657058e-01,-3.475056787102947520e-01,1.760290323355984399e-01
8.817283671383475685e-01,2.094585274013662513e-01,-3.416295940382586549e-01,2.489406201479562875e-01
8.764294715351441667e-01,1.994037261947453621e-01,-3.099270360942065206e-01,3.099270360942065206e-01
9.038780353694115810e-01,1.958834067603675844e-01,-2.689183780747284036e-01,-2.689183780747284036e-01
9.059372059328114624e-01,2.077520224359863665e-01,-3.048868204008925442e-01,-2.077520224359850620e-01
9.136622262486554513e-01,2.225571914797371265e-01,-3.085222797778537362e-01,-1.431909065816623361e-01
9.195066714923780804e-01,2.287431217919645987e-01,-3.112691682256595871e-01,-7.277066872016771382e-02
9.217341669556249339e-01,2.299245141225963462e-01,-3.123152946496667304e-01,5.017321610304593152e-15
9.195066714923780804e-01,2.287431217919645432e-01,-3.112691682256595871e-01,7.277066872016782484e-02
9.136622262486554513e-01,2.225571914797371265e-01,-3.085222797778537362e-01,1.431909065816623361e-01
9.059372059328114624e-01,2.077520224359852008e-01,-3.048868204008924887e-01,2.077520224359863943e-01
9.038780353694114700e-01,1.958834067603676676e-01,-2.689183780747285146e-01,2.689183780747285146e-01
8.817283671383475685e-01,2.094585274013662235e-01,-2.489406201479562875e-01,-3.416295940382586549e-01
9.273624192122369436e-01,1.913128227129299030e-01,-2.273745228674902696e-01,-2.273745228674917129e-01
9.261197995117895765e-01,2.116192142714347357e-01,-2.602085785588393874e-01,-1.726583932155386913e-01
9.297221218085282013e-01,2.269900275098408471e-01,-2.688460562820260691e-01,-1.086926936483386952e-01
9.340302485829089507e-01,2.296964813638818215e-01,-2.711040086936155613e-01,-3.646419684366050684e-02
9.340302485829089507e-01,2.296964813638818215e-01,-2.711040086936155613e-01,3.646419684366050684e-02
9.297221218085280903e-01,2.269900275098410691e-01,-2.688460562820262356e-01,1.086926936483388617e-01
9.261317349913936736e-01,2.117444300193199458e-01,-2.599963387885501631e-01,1.727605557243145351e-01
9.273624192122369436e-01,1.913128227129303749e-01,-2.273745228674907970e-01,2.273745228674907970e-01
8.817283671383475685e-01,2.094585274013662235e-01,-2.489406201479562875e-01,3.416295940382586549e-01
9.059372059328114624e-01,2.077520224359863665e-01,-2.077520224359850620e-01,-3.048868204008925442e-01
9.470032937432624198e-01,1.854586761153847740e-01,-1.854586761153824148e-01,-1.854586761153835250e-01
9.454689752877929454e-01,2.096379346542860400e-01,-2.096379346542860955e-01,-1.348787955018183882e-01
9.435962662847967586e-01,2.284138261174628870e-01,-2.284138261174624429e-01,-7.266590899558036942e-02
9.457607813509177896e-01,2.297134567874741240e-01,-2.297134567874740962e-01,5.012716000795910819e-15
9.435962662847969806e-01,2.284138261174629425e-01,-2.284138261174620266e-01,7.266590899558035554e-02
9.454689752877929454e-01,2.096379346542860400e-01,-2.096379346542860400e-01,1.348787955018184437e-01
9.470032937432623088e-01,1.854586761153838859e-01,-1.854586761153827201e-01,1.854586761153846908e-01
9.059372059328115734e-01,2.077520224359861722e-01,-2.077520224359848955e-01,3.048868204008925442e-01
8.953799906549302356e-01,2.157504469841657058e-01,-1.760290323355984399e-01,-3.475056787102947520e-01
9.261138869754311775e-01,2.115574049876706997e-01,-1.726079635243727151e-01,-2.603133182803172851e-01
9.462924489191382182e-01,2.190479579704014135e-01,-1.681496256725201754e-01,-1.681496256725212302e-01
9.483506505776263529e-01,2.312655877684645367e-01,-1.880858878172086690e-01,-1.084941024531374254e-01
9.524294234329183650e-01,2.337037172018605335e-01,-1.921461679151922342e-01,-3.661442476372197413e-02
9.524294234329183650e-01,2.337037172018605335e-01,-1.921461679151922342e-01,3.661442476372201577e-02
9.483506505776262419e-01,2.312655877684647032e-01,-1.880858878172088633e-01,1.084941024531375919e-01
9.462891974811367124e-01,2.191238702891499524e-01,-1.681093159227202982e-01,1.681093159227212974e-01
9.261290385463567532e-01,2.117160893386630383e-01,-1.727374327938107912e-01,2.600443823429911538e-01
8.953799906549302356e-01,2.157504469841657058e-01,-1.760290323355984399e-01,3.475056787102947520e-01
9.136622262486554513e-01,2.225571914797371265e-01,-1.431909065816623361e-01,-3.085222797778537362e-01
9.454689752877928344e-01,2.096379346542865951e-01,-1.348787955018183049e-01,-2.096379346542859845e-01
9.519469916609478721e-01,2.334157379045743441e-01,-1.402034563877337381e-01,-1.402034563877345985e-01
9.567798372584497280e-01,2.362958369217533494e-01,-1.528940138146333283e-01,-7.321230093907243885e-02
9.589643216369068135e-01,2.375942067358731979e-01,-1.547140030928625121e-01,3.376107650359771038e-15
9.567798372584497280e-01,2.362958369217536547e-01,-1.528940138146335226e-01,7.321230093907261927e-02
9.519469916609477611e-01,2.334157379045742609e-01,-1.402034563877337103e-01,1.402034563877346263e-01
9.454689752877929454e-01,2.096379346542859567e-01,-1.348787955018183049e-01,2.096379346542862621e-01
9.136622262486554513e-01,2.225571914797371265e-01,-1.431909065816623361e-01,3.085222797778537362e-01
9.022098770033059045e-01,2.267529851237785610e-01,-1.085791874483853781e-01,-3.504439778740440770e-01
9.297221218085282013e-01,2.269900275098408471e-01,-1.086926936483386952e-01,-2.688460562820260691e-01
9.483506505776263529e-01,2.312655877684645367e-01,-1.084941024531374254e-01,-1.880858878172086690e-01
9.596720357328049067e-01,2.380143866887312054e-01,-1.057798080014353131e-01,-1.057798080014359793e-01
9.631060251055481025e-01,2.400500472929433804e-01,-1.159408755096910243e-01,-3.688458466749104658e-02
9.631060251055481025e-01,2.400500472929433804e-01,-1.159408755096910104e-01,3.688458466749109516e-02
9.596720357328051287e-01,2.380143866887309001e-01,-1.057798080014351605e-01,1.057798080014358683e-01
9.483506505776263529e-01,2.312655877684645367e-01,-1.084941024531374254e-01,1.880858878172086690e-01
9.297221218085282013e-01,2.269900275098410414e-01,-1.086926936483387646e-01,2.688460562820263466e-01
9.022098770033059045e-01,2.267529851237785610e-01,-1.085791874483853781e-01,3.504439778740440770e-01
9.195066714923780804e-01,2.287431217919645987e-01,-7.277066872016771382e-02,-3.112691682256595871e-01
9.435962662847967586e-01,2.284138261174628870e-01,-7.266590899558036942e-02,-2.284138261174624429e-01
9.567798372584497280e-01,2.362958369217536547e-01,-7.321230093907253600e-02,-1.528940138146335226e-01
9.652619799045336624e-01,2.413254470945398744e-01,-7.082139060834663491e-02,-7.082139060834706512e-02
9.670531657716099350e-01,2.423835238062257424e-01,-7.783573702602104849e-02,1.698500601055574166e-15
9.652619799045336624e-01,2.413254470945398744e-01,-7.082139060834662103e-02,7.082139060834706512e-02
9.567798372584497280e-01,2.362958369217536547e-01,-7.321230093907254988e-02,1.528940138146335503e-01
9.435962662847967586e-01,2.284138261174624429e-01,-7.266590899558036942e-02,2.284138261174628870e-01
9.195066714923780804e-01,2.287431217919645432e-01,-7.277066872016771382e-02,3.112691682256595871e-01
9.066159815088135066e-01,2.293024219087366755e-01,-3.640164011029126817e-02,-3.523390156892637903e-01
9.340302485829089507e-01,2.296964813638818215e-01,-3.646419684366050684e-02,-2.711040086936155613e-01
9.524294234329183650e-01,2.337037172018605335e-01,-3.661442476372197413e-02,-1.921461679151922342e-01
9.631060251055481025e-01,2.400500472929433804e-01,-3.688458466749104658e-02,-1.159408755096910243e-01
9.686450866567615225e-01,2.433227302973426931e-01,-3.550172542540406401e-02,-3.550172542540428605e-02
9.686450866567615225e-01,2.433227302973426931e-01,-3.550172542540404319e-02,3.550172542540428605e-02
9.631060251055479915e-01,2.400500472929437135e-01,-3.688458466749108822e-02,1.159408755096912880e-01
9.524294234329183650e-01,2.337037172018605335e-01,-3.661442476372197413e-02,1.921461679151922342e-01
9.340302485829088397e-01,2.296964813638819880e-01,-3.646419684366053460e-02,2.711040086936157278e-01
9.066159815088135066e-01,2.293024219087366755e-01,-3.640164011029126817e-02,3.523390156892637903e-01
9.217341669556249339e-01,2.299245141225963462e-01,5.017321610304593152e-15,-3.123152946496667304e-01
9.457607813509177896e-01,2.297134567874741240e-01,5.012716000795910819e-15,-2.297134567874740962e-01
9.589643216369068135e-01,2.375942067358731979e-01,3.376107650359771038e-15,-1.547140030928625121e-01
9.670531657716099350e-01,2.423835238062257424e-01,1.698500601055574166e-15,-7.783573702602104849e-02
9.697776776849538205e-01,2.439902782161162687e-01,0.000000000000000000e+00,0.000000000000000000e+00
9.670531657716099350e-01,2.423835238062257424e-01,1.698500601055574166e-15,7.783573702602104849e-02
9.589643216369068135e-01,2.375942067358731702e-01,3.376107650359772221e-15,1.547140030928625676e-01
9.457607813509179007e-01,2.297134567874738464e-01,5.012716000795905297e-15,2.297134567874739020e-01
9.217341669556249339e-01,2.299245141225963462e-01,5.017321610304592363e-15,3.123152946496667304e-01
9.066159815088135066e-01,2.293024219087366755e-01,3.640164011029132368e-02,-3.523390156892637903e-01
9.340302485829089507e-01,2.296964813638818215e-01,3.646419684366050684e-02,-2.711040086936155613e-01
9.524294234329183650e-01,2.337037172018605335e-01,3.661442476372201577e-02,-1.921461679151922342e-01
9.631060251055481025e-01,2.400500472929433804e-01,3.688458466749109516e-02,-1.159408755096910104e-01
9.686450866567616336e-01,2.433227302973422768e-01,3.550172542540421666e-02,-3.550172542540398074e-02
9.686450866567615225e-01,2.433227302973426931e-01,3.550172542540406401e-02,3.550172542540428605e-02
9.631060251055479915e-01,2.400500472929437135e-01,3.688458466749111597e-02,1.159408755096912880e-01
9.524294234329183650e-01,2.337037172018605335e-01,3.661442476372201577e-02,1.921461679151922342e-01
9.340302485829088397e-01,2.296964813638819880e-01,3.646419684366053460e-02,2.711040086936157278e-01
9.066159815088135066e-01,2.293024219087366755e-01,3.640164011029132368e-02,3.523390156892637903e-01
9.195066714923780804e-01,2.287431217919645432e-01,7.277066872016782484e-02,-3.112691682256595871e-01
9.435962662847967586e-01,2.284138261174631090e-01,7.266590899558039718e-02,-2.284138261174621931e-01
9.567798372584497280e-01,2.362958369217536547e-01,7.321230093907261927e-02,-1.528940138146335226e-01
9.652619799045336624e-01,2.413254470945398744e-01,7.082139060834706512e-02,-7.082139060834662103e-02
9.670531657716099350e-01,2.423835238062257424e-01,7.783573702602104849e-02,1.698500601055574166e-15
9.652619799045336624e-01,2.413254470945398744e-01,7.082139060834663491e-02,7.082139060834706512e-02
9.567798372584497280e-01,2.362958369217536547e-01,7.321230093907254988e-02,1.528940138146335503e-01
9.435962662847968696e-01,2.284138261174620543e-01,7.266590899558034167e-02,2.284138261174629148e-01
9.195066714923780804e-01,2.287431217919645154e-01,7.277066872016781096e-02,3.112691682256595316e-01
9.022098770033059045e-01,2.267529851237785610e-01,1.085791874483854613e-01,-3.504439778740440214e-01
9.297221218085282013e-01,2.269900275098410414e-01,1.086926936483388478e-01,-2.688460562820262356e-01
9.483506505776262419e-01,2.312655877684647032e-01,1.084941024531375919e-01,-1.880858878172088633e-01
9.596720357328051287e-01,2.380143866887309001e-01,1.057798080014358683e-01,-1.057798080014351605e-01
9.631060251055479915e-01,2.400500472929437135e-01,1.159408755096912880e-01,-3.688458466749108822e-02
9.631060251055479915e-01,2.400500472929437135e-01,1.159408755096912880e-01,3.688458466749111597e-02
9.596720357328049067e-01,2.380143866887311777e-01,1.057798080014353548e-01,1.057798080014360070e-01
9.483506505776262419e-01,2.312655877684647032e-01,1.084941024531375919e-01,1.880858878172088633e-01
9.297221218085280903e-01,2.269900275098410691e-01,1.086926936483388617e-01,2.688460562820262356e-01
9.022098770033059045e-01,2.267529851237785610e-01,1.085791874483854613e-01,3.504439778740440214e-01
9.136622262486554513e-01,2.225571914797371265e-01,1.431909065816623361e-01,-3.085222797778537362e-01
9.454689752877929454e-01,2.096379346542860400e-01,1.348787955018184437e-01,-2.096379346542860400e-01
9.519469916609477611e-01,2.334157379045742609e-01,1.402034563877346263e-01,-1.402034563877337103e-01
9.567798372584497280e-01,2.362958369217536547e-01,1.528940138146335503e-01,-7.321230093907254988e-02
9.589643216369068135e-01,2.375942067358731702e-01,1.547140030928625676e-01,3.376107650359772221e-15
9.567798372584497280e-01,2.362958369217536547e-01,1.528940138146335503e-01,7.321230093907254988e-02
9.519469916609477611e-01,2.334157379045742609e-01,1.402034563877337381e-01,1.402034563877345985e-01
9.454689752877929454e-01,2.096379346542860400e-01,1.348787955018184437e-01,2.096379346542860400e-01
9.136622262486554513e-01,2.225571914797371265e-01,1.431909065816623639e-01,3.085222797778537362e-01
8.953799906549302356e-01,2.157504469841657058e-01,1.760290323355984399e-01,-3.475056787102947520e-01
9.261023281770979221e-01,2.114369849287778824e-01,1.725097137791832547e-01,-2.605173272567696818e-01
9.462924489191382182e-01,2.190479579704014135e-01,1.681496256725201754e-01,-1.681496256725212302e-01
9.483506505776263529e-01,2.312655877684645367e-01,1.880858878172086690e-01,-1.084941024531374254e-01
9.524294234329183650e-01,2.337037172018605335e-01,1.921461679151922342e-01,-3.661442476372197413e-02
9.524294234329183650e-01,2.337037172018605335e-01,1.921461679151922342e-01,3.661442476372201577e-02
9.483506505776262419e-01,2.312655877684647032e-01,1.880858878172088633e-01,1.084941024531375919e-01
9.462780294501271783e-01,2.193832773540797809e-01,1.679715282382207853e-01,1.679715282382218400e-01
9.261197995117895765e-01,2.116192142714347357e-01,1.726583932155387191e-01,2.602085785588393874e-01
8.953799906549302356e-01,2.157504469841657058e-01,1.760290323355984399e-01,3.475056787102947520e-01
9.059372059328114624e-01,2.077520224359852008e-01,2.077520224359863943e-01,-3.048868204008924887e-01
9.470032937432623088e-01,1.854586761153838859e-01,1.854586761153846908e-01,-1.854586761153827201e-01
9.454689752877929454e-01,2.096379346542859567e-01,2.096379346542862621e-01,-1.348787955018183049e-01
9.435962662847967586e-01,2.284138261174624429e-01,2.284138261174628870e-01,-7.266590899558036942e-02
9.457607813509179007e-01,2.297134567874738464e-01,2.297134567874739020e-01,5.012716000795905297e-15
9.435962662847968696e-01,2.284138261174620543e-01,2.284138261174629148e-01,7.266590899558034167e-02
9.454689752877929454e-01,2.096379346542860400e-01,2.096379346542860400e-01,1.348787955018184437e-01
9.470032937432623088e-01,1.854586761153830254e-01,1.854586761153841079e-01,1.854586761153841357e-01
9.059372059328114624e-01,2.077520224359851730e-01,2.077520224359863665e-01,3.048868204008924887e-01
8.817283671383475685e-01,2.094585274013662235e-01,2.489406201479562875e-01,-3.416295940382586549e-01
9.273624192122369436e-01,1.913128227129303749e-01,2.273745228674907970e-01,-2.273745228674907970e-01
9.261138869754311775e-01,2.115574049876706997e-01,2.603133182803173407e-01,-1.726079635243727151e-01
9.297221218085282013e-01,2.269900275098410414e-01,2.688460562820263466e-01,-1.086926936483387646e-01
9.340302485829088397e-01,2.296964813638819880e-01,2.711040086936157278e-01,-3.646419684366053460e-02
9.340302485829088397e-01,2.296964813638819880e-01,2.711040086936157278e-01,3.646419684366053460e-02
9.297221218085280903e-01,2.269900275098410691e-01,2.688460562820262356e-01,1.086926936483388617e-01
9.261023281770978111e-01,2.114369849287780767e-01,2.605173272567699039e-01,1.725097137791834212e-01
9.273624192122369436e-01,1.913128227129300696e-01,2.273745228674904362e-01,2.273745228674914631e-01
8.817283671383475685e-01,2.094585274013662235e-01,2.489406201479562875e-01,3.416295940382586549e-01
9.038780353694114700e-01,1.958834067603674178e-01,2.689183780747291252e-01,-2.689183780747281260e-01
9.059372059328115734e-01,2.077520224359861722e-01,3.048868204008925442e-01,-2.077520224359848955e-01
9.136622262486554513e-01,2.225571914797371265e-01,3.085222797778537362e-01,-1.431909065816623361e-01
9.195066714923781914e-01,2.287431217919645710e-01,3.112691682256595871e-01,-7.277066872016771382e-02
9.217341669556249339e-01,2.299245141225963462e-01,3.123152946496667304e-01,5.017321610304592363e-15
9.195066714923781914e-01,2.287431217919645432e-01,3.112691682256595871e-01,7.277066872016782484e-02
9.136622262486554513e-01,2.225571914797371265e-01,3.085222797778537362e-01,1.431909065816623639e-01
9.059372059328114624e-01,2.077520224359851730e-01,3.048868204008924887e-01,2.077520224359863665e-01
9.038780353694115810e-01,1.958834067603675566e-01,2.689183780747284036e-01,2.689183780747284036e-01
8.764294715351441667e-01,1.994037261947453621e-01,3.099270360942065206e-01,-3.099270360942065206e-01
8.817283671383475685e-01,2.094585274013662513e-01,3.416295940382586549e-01,-2.489406201479562875e-01
8.953799906549302356e-01,2.157504469841657058e-01,3.475056787102947520e-01,-1.760290323355984399e-01
9.022098770033059045e-01,2.267529851237785610e-01,3.504439778740440770e-01,-1.085791874483853781e-01
9.066159815088135066e-01,2.293024219087366755e-01,3.523390156892637903e-01,-3.640164011029126817e-02
9.066159815088136176e-01,2.293024219087366478e-01,3.523390156892637903e-01,3.640164011029132368e-02
9.022098770033059045e-01,2.267529851237785610e-01,3.504439778740440214e-01,1.085791874483854613e-01
8.953799906549302356e-01,2.157504469841657058e-01,3.475056787102947520e-01,1.760290323355984399e-01
8.817283671383475685e-01,2.094585274013662513e-01,3.416295940382586549e-01,2.489406201479562875e-01
8.764294715351441667e-01,1.994037261947452233e-01,3.099270360942062985e-01,3.099270360942067981e-01
8.783178179362107763e-01,2.323909388052632641e-01,-3.188254691597721679e-01,-2.700047823132636360e-01
8.817283671383475685e-01,2.489406201479562875e-01,-3.416295940382586549e-01,-2.094585274013662235e-01
8.899255267382604195e-01,2.614009416146306219e-01,-3.451583895890547038e-01,-1.434147505625015806e-01
8.961837306787487911e-01,2.657273349029873888e-01,-3.478515086698972802e-01,-7.240878584917617711e-02
8.984193920157598212e-01,2.667804652692177814e-01,-3.488133876455606908e-01,5.821577567360460237e-15
8.961837306787487911e-01,2.657273349029873888e-01,-3.478515086698972802e-01,7.240878584917630201e-02
8.899255267382604195e-01,2.614009416146306775e-01,-3.451583895890547038e-01,1.434147505625016361e-01
8.817283671383475685e-01,2.489406201479562875e-01,-3.416295940382586549e-01,2.094585274013662513e-01
8.783178179362107763e-01,2.323909388052632641e-01,-3.188254691597721679e-01,2.700047823132636360e-01
8.783178179362107763e-01,2.323909388052632641e-01,-2.700047823132636360e-01,-3.188254691597721679e-01
9.046480361741108256e-01,2.278610551148370633e-01,-2.788738241037189147e-01,-2.278610551148355923e-01
9.020106930950677615e-01,2.545708981407523996e-01,-3.009384064539444292e-01,-1.760864642240470845e-01
9.081102615698792846e-01,2.645795817134656835e-01,-3.059100246591960337e-01,-1.084087385076639709e-01
9.125099924116487626e-01,2.667519128916816529e-01,-3.079803704164854605e-01,-3.629079987608129637e-02
9.125099924116488737e-01,2.667519128916815419e-01,-3.079803704164852940e-01,3.629079987608134494e-02
9.081102615698792846e-01,2.645795817134656835e-01,-3.059100246591960337e-01,1.084087385076639709e-01
9.020222567669408109e-01,2.546794935265579429e-01,-3.007678536055152785e-01,1.761615795559927089e-01
9.046480361741108256e-01,2.278610551148355923e-01,-2.788738241037189147e-01,2.278610551148369523e-01
8.782230796083676516e-01,2.316043914106472590e-01,-2.690909275857334970e-01,3.204273724474049345e-01
9.045617075992103961e-01,2.268551279387144293e-01,-2.268551279387129582e-01,-2.807874979428758300e-01
9.273624192122369436e-01,2.273745228674917129e-01,-2.273745228674902696e-01,-1.913128227129299030e-01
9.241280429119759221e-01,2.518830076206234891e-01,-2.518830076206234891e-01,-1.381928407974125916e-01
9.238491980994294472e-01,2.657614354541169566e-01,-2.657614354541170676e-01,-7.241807800387672911e-02
9.260254230429166844e-01,2.669053351641621497e-01,-2.669053351641621497e-01,5.824302428712332044e-15
9.238491980994295583e-01,2.657614354541170121e-01,-2.657614354541170121e-01,7.241807800387685401e-02
9.241280429119759221e-01,2.518830076206234891e-01,-2.518830076206234336e-01,1.381928407974126471e-01
9.273624192122369436e-01,2.273745228674907970e-01,-2.273745228674907970e-01,1.913128227129303749e-01
9.045960741770546765e-01,2.272491165971775307e-01,-2.272491165971760596e-01,2.800386055440679534e-01
8.817283671383475685e-01,2.489406201479562875e-01,-2.094585274013662235e-01,-3.416295940382586549e-01
9.273624192122369436e-01,2.273745228674917129e-01,-1.913128227129299030e-01,-2.273745228674902696e-01
9.261023281770978111e-01,2.605173272567699039e-01,-2.114369849287780490e-01,-1.725097137791833934e-01
9.297221218085282013e-01,2.688460562820262911e-01,-2.269900275098410136e-01,-1.086926936483387646e-01
9.340302485829088397e-01,2.711040086936157278e-01,-2.296964813638819880e-01,-3.646419684366053460e-02
9.340302485829088397e-01,2.711040086936157278e-01,-2.296964813638819880e-01,3.646419684366053460e-02
9.297221218085282013e-01,2.688460562820263466e-01,-2.269900275098410414e-01,1.086926936483388478e-01
9.261197995117895765e-01,2.602085785588394429e-01,-2.116192142714346802e-01,1.726583932155386636e-01
9.273624192122369436e-01,2.273745228674904639e-01,-1.913128227129299586e-01,2.273745228674915186e-01
8.817283671383475685e-01,2.489406201479562875e-01,-2.094585274013662235e-01,3.416295940382586549e-01
9.020222567669408109e-01,2.546794935265579429e-01,-1.761615795559927089e-01,-3.007678536055152785e-01
9.261023281770978111e-01,2.605173272567699039e-01,-1.725097137791833934e-01,-2.114369849287780490e-01
9.343332096358185623e-01,2.712626439751190111e-01,-1.822244900155107483e-01,-1.422401722223518850e-01
9.396819419720958688e-01,2.740600909332918667e-01,-1.911796753647789504e-01,-7.307014586412448331e-02
9.419027597322808809e-01,2.752198187422934539e-01,-1.925441315131995179e-01,4.201621717740814693e-15
9.396819419720957578e-01,2.740600909332920332e-01,-1.911796753647791447e-01,7.307014586412455270e-02
9.343332096358186734e-01,2.712626439751188445e-01,-1.822244900155105818e-01,1.422401722223518850e-01
9.261023281770978111e-01,2.605173272567698484e-01,-1.725097137791834212e-01,2.114369849287780490e-01
9.020222567669408109e-01,2.546794935265579429e-01,-1.761615795559927089e-01,3.007678536055152785e-01
8.899255267382604195e-01,2.614009416146306219e-01,-1.434147505625015806e-01,-3.451583895890547038e-01
9.241280429119759221e-01,2.518830076206234891e-01,-1.381928407974125916e-01,-2.518830076206234891e-01
9.343332096358185623e-01,2.712626439751190111e-01,-1.422401722223518850e-01,-1.822244900155107483e-01
9.435491110970587458e-01,2.760788862342500316e-01,-1.479328993371807899e-01,-1.077561173080296142e-01
9.473859535730985160e-01,2.780787583044004307e-01,-1.542119992553211971e-01,-3.675212154353124649e-02
9.473859535730985160e-01,2.780787583044004307e-01,-1.542119992553211971e-01,3.675212154353128119e-02
9.435491110970587458e-01,2.760788862342500316e-01,-1.479328993371806789e-01,1.077561173080296142e-01
9.343332096358185623e-01,2.712626439751190111e-01,-1.422401722223518850e-01,1.822244900155107483e-01
9.241280429119760331e-01,2.518830076206233226e-01,-1.381928407974124806e-01,2.518830076206233226e-01
8.899255267382604195e-01,2.614009416146306219e-01,-1.434147505625015806e-01,3.451583895890547038e-01
9.081102615698792846e-01,2.645795817134656835e-01,-1.084087385076639709e-01,-3.059100246591960337e-01
9.297221218085282013e-01,2.688460562820263466e-01,-1.086926936483387923e-01,-2.269900275098410414e-01
9.435491110970587458e-01,2.760788862342500316e-01,-1.077561173080296142e-01,-1.479328993371807899e-01
9.506336393627912162e-01,2.797691650824651877e-01,-1.129066239456562176e-01,-7.264290915229892898e-02
9.526839438401960569e-01,2.808352266270765507e-01,-1.162965117035274637e-01,2.537776381086652202e-15
9.506336393627912162e-01,2.797691650824651877e-01,-1.129066239456562593e-01,7.264290915229895673e-02
9.435491110970586348e-01,2.760788862342502537e-01,-1.077561173080297252e-01,1.479328993371809564e-01
9.297221218085282013e-01,2.688460562820263466e-01,-1.086926936483387646e-01,2.269900275098410414e-01
9.081102615698792846e-01,2.645795817134655725e-01,-1.084087385076639432e-01,3.059100246591962002e-01
8.961837306787487911e-01,2.657273349029873888e-01,-7.240878584917617711e-02,-3.478515086698972802e-01
9.238491980994294472e-01,2.657614354541169566e-01,-7.241807800387672911e-02,-2.657614354541170676e-01
9.396819419720958688e-01,2.740600909332918667e-01,-7.307014586412448331e-02,-1.911796753647789504e-01
9.506336393627912162e-01,2.797691650824651877e-01,-7.264290915229892898e-02,-1.129066239456562176e-01
9.555279179847190330e-01,2.823125439754511912e-01,-7.688136646594059820e-02,-3.681414071015017692e-02
9.555279179847190330e-01,2.823125439754511912e-01,-7.688136646594059820e-02,3.681414071015020467e-02
9.506336393627912162e-01,2.797691650824651322e-01,-7.264290915229895673e-02,1.129066239456563148e-01
9.396819419720958688e-01,2.740600909332918667e-01,-7.307014586412448331e-02,1.911796753647789504e-01
9.238491980994294472e-01,2.657614354541170676e-01,-7.241807800387672911e-02,2.657614354541170121e-01
8.961837306787487911e-01,2.657273349029873888e-01,-7.240878584917617711e-02,3.478515086698972802e-01
9.125099924116487626e-01,2.667519128916816529e-01,-3.629079987608129637e-02,-3.079803704164854605e-01
9.340302485829088397e-01,2.711040086936157278e-01,-3.646419684366053460e-02,-2.296964813638819880e-01
9.473859535730985160e-01,2.780787583044004307e-01,-3.675212154353124649e-02,-1.542119992553211971e-01
9.555279179847190330e-01,2.823125439754511912e-01,-3.681414071015017692e-02,-7.688136646594059820e-02
9.581343033507038198e-01,2.836650113054431932e-01,-3.889496244688091936e-02,8.487504534321535974e-16
9.555279179847190330e-01,2.823125439754511912e-01,-3.681414071015016998e-02,7.688136646594061208e-02
9.473859535730984049e-01,2.780787583044006528e-01,-3.675212154353130894e-02,1.542119992553214747e-01
9.340302485829088397e-01,2.711040086936157834e-01,-3.646419684366053460e-02,2.296964813638820435e-01
9.125099924116487626e-01,2.667519128916816529e-01,-3.629079987608131025e-02,3.079803704164855160e-01
8.984193920157598212e-01,2.667804652692177814e-01,5.821577567360460237e-15,-3.488133876455606908e-01
9.260254230429166844e-01,2.669053351641621497e-01,5.824302428712332044e-15,-2.669053351641621497e-01
9.419027597322808809e-01,2.752198187422934539e-01,4.201621717740814693e-15,-1.925441315131995179e-01
9.526839438401960569e-01,2.808352266270765507e-01,2.537776381086652202e-15,-1.162965117035274637e-01
9.581343033507038198e-01,2.836650113054431932e-01,8.487504534321535974e-16,-3.889496244688091936e-02
9.581343033507038198e-01,2.836650113054431932e-01,8.487504534321535974e-16,3.889496244688091936e-02
9.526839438401960569e-01,2.808352266270765507e-01,2.537776381086652202e-15,1.162965117035274637e-01
9.419027597322808809e-01,2.752198187422934539e-01,4.201621717740814693e-15,1.925441315131995179e-01
9.260254230429166844e-01,2.669053351641621497e-01,5.824302428712332044e-15,2.669053351641621497e-01
8.984193920157598212e-01,2.667804652692177814e-01,5.821577567360460237e-15,3.488133876455606908e-01
9.125099924116488737e-01,2.667519128916815419e-01,3.629079987608134494e-02,-3.079803704164852940e-01
9.340302485829088397e-01,2.711040086936157278e-01,3.646419684366053460e-02,-2.296964813638819880e-01
9.473859535730985160e-01,2.780787583044004307e-01,3.675212154353128119e-02,-1.542119992553211971e-01
9.555279179847190330e-01,2.823125439754511912e-01,3.681414071015020467e-02,-7.688136646594059820e-02
9.581343033507038198e-01,2.836650113054431932e-01,3.889496244688091936e-02,8.487504534321535974e-16
9.555279179847190330e-01,2.823125439754511912e-01,3.681414071015017692e-02,7.688136646594059820e-02
9.473859535730984049e-01,2.780787583044006528e-01,3.675212154353130894e-02,1.542119992553214747e-01
9.340302485829088397e-01,2.711040086936157834e-01,3.646419684366053460e-02,2.296964813638820435e-01
9.125099924116488737e-01,2.667519128916814863e-01,3.629079987608133800e-02,3.079803704164852940e-01
8.961837306787486801e-01,2.657273349029874998e-01,7.240878584917631589e-02,-3.478515086698973913e-01
9.238491980994295583e-01,2.657614354541170121e-01,7.241807800387685401e-02,-2.657614354541170121e-01
9.396819419720957578e-01,2.740600909332920332e-01,7.307014586412455270e-02,-1.911796753647791447e-01
9.506336393627912162e-01,2.797691650824651877e-01,7.264290915229895673e-02,-1.129066239456562593e-01
9.555279179847190330e-01,2.823125439754511912e-01,7.688136646594061208e-02,-3.681414071015016998e-02
9.555279179847190330e-01,2.823125439754511912e-01,7.688136646594059820e-02,3.681414071015017692e-02
9.506336393627912162e-01,2.797691650824651322e-01,7.264290915229898449e-02,1.129066239456563148e-01
9.396819419720957578e-01,2.740600909332920332e-01,7.307014586412455270e-02,1.911796753647791447e-01
9.238491980994295583e-01,2.657614354541170676e-01,7.241807800387686789e-02,2.657614354541170676e-01
8.961837306787486801e-01,2.657273349029874998e-01,7.240878584917631589e-02,3.478515086698973913e-01
9.081102615698792846e-01,2.645795817134656835e-01,1.084087385076639709e-01,-3.059100246591960337e-01
9.297221218085282013e-01,2.688460562820263466e-01,1.086926936483388478e-01,-2.269900275098410414e-01
9.435491110970587458e-01,2.760788862342501426e-01,1.077561173080296281e-01,-1.479328993371807344e-01
9.506336393627912162e-01,2.797691650824651322e-01,1.129066239456563148e-01,-7.264290915229895673e-02
9.526839438401960569e-01,2.808352266270765507e-01,1.162965117035274637e-01,2.537776381086652202e-15
9.506336393627912162e-01,2.797691650824651322e-01,1.129066239456563148e-01,7.264290915229898449e-02
9.435491110970586348e-01,2.760788862342502537e-01,1.077561173080297668e-01,1.479328993371809564e-01
9.297221218085280903e-01,2.688460562820262356e-01,1.086926936483388617e-01,2.269900275098410691e-01
9.081102615698792846e-01,2.645795817134656280e-01,1.084087385076639709e-01,3.059100246591960337e-01
8.899255267382604195e-01,2.614009416146306775e-01,1.434147505625016361e-01,-3.451583895890547038e-01
9.241280429119759221e-01,2.518830076206234891e-01,1.381928407974126471e-01,-2.518830076206234336e-01
9.343332096358186734e-01,2.712626439751188445e-01,1.422401722223518850e-01,-1.822244900155105818e-01
9.435491110970586348e-01,2.760788862342502537e-01,1.479328993371809564e-01,-1.077561173080297252e-01
9.473859535730984049e-01,2.780787583044006528e-01,1.542119992553214747e-01,-3.675212154353130894e-02
9.473859535730984049e-01,2.780787583044006528e-01,1.542119992553214747e-01,3.675212154353130894e-02
9.435491110970586348e-01,2.760788862342502537e-01,1.479328993371809564e-01,1.077561173080297668e-01
9.343332096358186734e-01,2.712626439751188445e-01,1.422401722223518850e-01,1.822244900155105818e-01
9.241280429119759221e-01,2.518830076206234891e-01,1.381928407974126749e-01,2.518830076206235447e-01
8.899255267382604195e-01,2.614009416146306775e-01,1.434147505625016361e-01,3.451583895890547038e-01
9.020222567669408109e-01,2.546794935265579429e-01,1.761615795559927089e-01,-3.007678536055152785e-01
9.261138869754311775e-01,2.603133182803173962e-01,1.726079635243726595e-01,-2.115574049876706719e-01
9.343332096358185623e-01,2.712626439751190111e-01,1.822244900155107483e-01,-1.422401722223518850e-01
9.396819419720958688e-01,2.740600909332918667e-01,1.911796753647789504e-01,-7.307014586412448331e-02
9.419027597322808809e-01,2.752198187422934539e-01,1.925441315131995179e-01,4.201621717740814693e-15
9.396819419720957578e-01,2.740600909332920332e-01,1.911796753647791447e-01,7.307014586412455270e-02
9.343332096358186734e-01,2.712626439751188445e-01,1.822244900155105818e-01,1.422401722223518850e-01
9.261138869754310665e-01,2.603133182803175072e-01,1.726079635243728261e-01,2.115574049876708662e-01
9.020222567669408109e-01,2.546794935265579429e-01,1.761615795559927089e-01,3.007678536055152785e-01
8.817283671383475685e-01,2.489406201479562875e-01,2.094585274013662235e-01,-3.416295940382586549e-01
9.273624192122369436e-01,2.273745228674920182e-01,1.913128227129297920e-01,-2.273745228674901031e-01
9.261290385463567532e-01,2.600443823429911538e-01,2.117160893386630383e-01,-1.727374327938107912e-01
9.297221218085282013e-01,2.688460562820263466e-01,2.269900275098410414e-01,-1.086926936483387646e-01
9.340302485829088397e-01,2.711040086936157278e-01,2.296964813638819880e-01,-3.646419684366053460e-02
9.340302485829088397e-01,2.711040086936157278e-01,2.296964813638819880e-01,3.646419684366053460e-02
9.297221218085280903e-01,2.688460562820262356e-01,2.269900275098410691e-01,1.086926936483388617e-01
9.261317349913934516e-01,2.599963387885502741e-01,2.117444300193200568e-01,1.727605557243146461e-01
9.273624192122369436e-01,2.273745228674907970e-01,1.913128227129303749e-01,2.273745228674907970e-01
8.817283671383475685e-01,2.489406201479562875e-01,2.094585274013662235e-01,3.416295940382586549e-01
9.046134372058113327e-01,2.274513485191555773e-01,2.274513485191569651e-01,-2.796538884770284894e-01
9.273624192122369436e-01,2.273745228674904639e-01,2.273745228674915186e-01,-1.913128227129299586e-01
9.241280429119760331e-01,2.518830076206233226e-01,2.518830076206233226e-01,-1.381928407974125084e-01
9.238491980994295583e-01,2.657614354541170676e-01,2.657614354541170121e-01,-7.241807800387672911e-02
9.260254230429166844e-01,2.669053351641621497e-01,2.669053351641621497e-01,5.824302428712332044e-15
9.238491980994295583e-01,2.657614354541170676e-01,2.657614354541170676e-01,7.241807800387686789e-02
9.241280429119759221e-01,2.518830076206234891e-01,2.518830076206235447e-01,1.381928407974126749e-01
9.273624192122369436e-01,2.273745228674907970e-01,2.273745228674907970e-01,1.913128227129303749e-01
9.046424213150722204e-01,2.277939388459237768e-01,2.277939388459251369e-01,2.790016709758599833e-01
8.783092238888879910e-01,2.323184316135880056e-01,2.699205394051491513e-01,-3.189732841031285848e-01
9.045617075994719647e-01,2.268551279416816113e-01,2.807874979372386726e-01,-2.268551279416801403e-01
9.020106930950677615e-01,2.545708981407523996e-01,3.009384064539444292e-01,-1.760864642240470845e-01
9.081102615698792846e-01,2.645795817134655170e-01,3.059100246591961447e-01,-1.084087385076639154e-01
9.125099924116487626e-01,2.667519128916816529e-01,3.079803704164855160e-01,-3.629079987608131025e-02
9.125099924116488737e-01,2.667519128916814863e-01,3.079803704164852940e-01,3.629079987608133800e-02
9.081102615698792846e-01,2.645795817134656280e-01,3.059100246591960337e-01,1.084087385076639709e-01
9.020211922904498580e-01,2.546694822083203080e-01,3.007835785169831744e-01,1.761546547360562653e-01
9.046424213150721094e-01,2.277939388459237491e-01,2.790016709758599833e-01,2.277939388459251646e-01
8.783116007767707289e-01,2.323384613059524539e-01,2.699438110213079334e-01,3.189324540247062689e-01
8.782974231801023990e-01,2.322192570754539331e-01,3.191754160621442793e-01,-2.698053128833338699e-01
8.817283671383475685e-01,2.489406201479562875e-01,3.416295940382586549e-01,-2.094585274013662235e-01
8.899255267382604195e-01,2.614009416146306219e-01,3.451583895890547038e-01,-1.434147505625015806e-01
8.961837306787487911e-01,2.657273349029873888e-01,3.478515086698972802e-01,-7.240878584917617711e-02
8.984193920157598212e-01,2.667804652692177814e-01,3.488133876455606908e-01,5.821577567360460237e-15
8.961837306787487911e-01,2.657273349029873888e-01,3.478515086698972802e-01,7.240878584917630201e-02
8.899255267382604195e-01,2.614009416146306775e-01,3.451583895890547038e-01,1.434147505625016361e-01
8.817283671383475685e-01,2.489406201479562875e-01,3.416295940382586549e-01,2.094585274013662513e-01
8.783178179362107763e-01,2.323909388052632641e-01,3.188254691597721679e-01,2.700047823132636360e-01
8.795702511683465286e-01,2.504915562598402090e-01,-2.860158680057580671e-01,-2.860158680057592329e-01
8.782796341236873694e-01,2.696325825536403653e-01,-3.194783188424458187e-01,-2.320705894735925201e-01
8.755755041267360150e-01,2.949164867048351124e-01,-3.389798828940653874e-01,-1.774385567908354777e-01
8.834005927406294312e-01,3.012611802305061870e-01,-3.423495891312153816e-01,-1.078974181957801232e-01
8.878256833011528570e-01,3.032352553949462237e-01,-3.442545667063934278e-01,-3.609334091208685896e-02
8.878256833011528570e-01,3.032352553949462237e-01,-3.442545667063934278e-01,3.609334091208685896e-02
8.834005927406294312e-01,3.012611802305061315e-01,-3.423495891312153816e-01,1.078974181957801926e-01
8.755755041267360150e-01,2.949164867048351124e-01,-3.389798828940653874e-01,1.774385567908354777e-01
8.783178179362107763e-01,2.700047823132636360e-01,-3.188254691597721679e-01,2.323909388052632641e-01
8.795702511683465286e-01,2.504915562598402090e-01,-2.860158680057580671e-01,2.860158680057592329e-01
9.053808936808663832e-01,2.451431128665036430e-01,-2.451431128665005066e-01,-2.451431128665020609e-01
9.038780353694115810e-01,2.689183780747284036e-01,-2.689183780747284036e-01,-1.958834067603675566e-01
8.987628196387329460e-01,2.936445814691840406e-01,-2.936445814691840961e-01,-1.406097919158186826e-01
9.009639594537830476e-01,3.025434940333580625e-01,-3.025434940333568967e-01,-7.210278913840668935e-02
9.031525081215229234e-01,3.035749883256215198e-01,-3.035749883256214643e-01,6.624493064980301285e-15
9.009639594537830476e-01,3.025434940333580625e-01,-3.025434940333568967e-01,7.210278913840674486e-02
8.987628196387329460e-01,2.936445814691840406e-01,-2.936445814691840406e-01,1.406097919158187382e-01
9.038780353694115810e-01,2.689183780747291252e-01,-2.689183780747279595e-01,1.958834067603672791e-01
9.053808936808663832e-01,2.451431128665022274e-01,-2.451431128665007286e-01,2.451431128665032821e-01
8.783116007767707289e-01,2.699438110213079334e-01,-2.323384613059524817e-01,-3.189324540247062134e-01
9.046134372058082240e-01,2.796538884770963240e-01,-2.274513485191199669e-01,-2.274513485191214379e-01
9.020161612759011183e-01,3.008578303598004045e-01,-2.546222063997025109e-01,-1.761219541012090106e-01
9.081102615698792846e-01,3.059100246591960337e-01,-2.645795817134656280e-01,-1.084087385076639709e-01
9.125099924116486516e-01,3.079803704164857936e-01,-2.667519128916817084e-01,-3.629079987608131719e-02
9.125099924116488737e-01,3.079803704164854050e-01,-2.667519128916814308e-01,3.629079987608133107e-02
9.081102615698792846e-01,3.059100246591960337e-01,-2.645795817134655725e-01,1.084087385076640403e-01
9.020211922904499691e-01,3.007835785169832299e-01,-2.546694822083203080e-01,1.761546547360562653e-01
9.046366093785388474e-01,2.791334851172955211e-01,-2.277247268725698381e-01,2.277247268725713092e-01
8.783051739108347356e-01,2.698809355624687267e-01,-2.322843449055603249e-01,3.190427639254331815e-01
9.038780353694115810e-01,2.689183780747284036e-01,-1.958834067603675566e-01,-2.689183780747284036e-01
9.059372059328115734e-01,3.048868204008924887e-01,-2.077520224359849232e-01,-2.077520224359861722e-01
9.136622262486552293e-01,3.085222797778539583e-01,-2.225571914797371542e-01,-1.431909065816623916e-01
9.195066714923781914e-01,3.112691682256595871e-01,-2.287431217919645710e-01,-7.277066872016771382e-02
9.217341669556249339e-01,3.123152946496666749e-01,-2.299245141225963462e-01,5.017321610304592363e-15
9.195066714923781914e-01,3.112691682256595871e-01,-2.287431217919645432e-01,7.277066872016782484e-02
9.136622262486552293e-01,3.085222797778539583e-01,-2.225571914797371542e-01,1.431909065816623916e-01
9.059372059328115734e-01,3.048868204008925442e-01,-2.077520224359848955e-01,2.077520224359861722e-01
9.038780353694114700e-01,2.689183780747283481e-01,-1.958834067603674456e-01,2.689183780747289032e-01
8.755755041267360150e-01,2.949164867048351124e-01,-1.774385567908354777e-01,-3.389798828940653874e-01
9.020161612759012293e-01,3.008578303598002934e-01,-1.761219541012089274e-01,-2.546222063997023999e-01
9.180518990023353032e-01,3.105857089545726035e-01,-1.742372350150664939e-01,-1.742372350150676041e-01
9.243932496083911987e-01,3.135635423268048894e-01,-1.881412386450146690e-01,-1.085260306241051936e-01
9.285675712897091261e-01,3.155218423600951172e-01,-1.920142108177984308e-01,-3.658927967096790856e-02
9.285675712897091261e-01,3.155218423600951172e-01,-1.920142108177984308e-01,3.658927967096795020e-02
9.243932496083911987e-01,3.135635423268048338e-01,-1.881412386450147523e-01,1.085260306241052908e-01
9.180518990023353032e-01,3.105857089545726035e-01,-1.742372350150664939e-01,1.742372350150676041e-01
9.020188935132854580e-01,3.008175197732624317e-01,-1.761397073925514145e-01,2.546478726048926888e-01
8.755755041267360150e-01,2.949164867048351124e-01,-1.774385567908354777e-01,3.389798828940653874e-01
8.987628196387329460e-01,2.936445814691840406e-01,-1.406097919158186826e-01,-2.936445814691840961e-01
9.136622262486552293e-01,3.085222797778539583e-01,-1.431909065816623916e-01,-2.225571914797371542e-01
9.280746912677363403e-01,3.152906961768621730e-01,-1.401234176228321471e-01,-1.401234176228329797e-01
9.330019490300218710e-01,3.176004936774680099e-01,-1.526295384932896959e-01,-7.308565865704931552e-02
9.352216780848222610e-01,3.186403775667904226e-01,-1.543655486962759726e-01,3.368503816636903647e-15
9.330019490300218710e-01,3.176004936774680099e-01,-1.526295384932896682e-01,7.308565865704934328e-02
9.280746912677362292e-01,3.152906961768623395e-01,-1.401234176228323136e-01,1.401234176228332295e-01
9.136622262486554513e-01,3.085222797778537362e-01,-1.431909065816623361e-01,2.225571914797371265e-01
8.987628196387329460e-01,2.936445814691840961e-01,-1.406097919158186826e-01,2.936445814691840406e-01
8.834005927406294312e-01,3.012611802305061870e-01,-1.078974181957801232e-01,-3.423495891312153816e-01
9.081102615698792846e-01,3.059100246591960337e-01,-1.084087385076639709e-01,-2.645795817134656280e-01
9.243932496083911987e-01,3.135635423268048894e-01,-1.085260306241051659e-01,-1.881412386450146412e-01
9.359398256515931713e-01,3.189767207361978718e-01,-1.055236807253397829e-01,-1.055236807253404352e-01
9.394176382699642724e-01,3.206049301408133712e-01,-1.155651758509421145e-01,-3.676506231774379074e-02
9.394176382699642724e-01,3.206049301408133712e-01,-1.155651758509420868e-01,3.676506231774383932e-02
9.359398256515931713e-01,3.189767207361978718e-01,-1.055236807253397691e-01,1.055236807253404768e-01
9.243932496083911987e-01,3.135635423268048894e-01,-1.085260306241051659e-01,1.881412386450146412e-01
9.081102615698792846e-01,3.059100246591962002e-01,-1.084087385076639432e-01,2.645795817134655725e-01
8.834005927406294312e-01,3.012611802305061870e-01,-1.078974181957801232e-01,3.423495891312153816e-01
9.009639594537830476e-01,3.025434940333580625e-01,-7.210278913840668935e-02,-3.025434940333568967e-01
9.195066714923780804e-01,3.112691682256595871e-01,-7.277066872016771382e-02,-2.287431217919645432e-01
9.330019490300218710e-01,3.176004936774680099e-01,-7.308565865704931552e-02,-1.526295384932896959e-01
9.415953767140692321e-01,3.216239640480312301e-01,-7.055555364647307648e-02,-7.055555364647352057e-02
9.434013225565458516e-01,3.224687228034672781e-01,-7.751043421411552004e-02,1.691401972036851156e-15
9.415953767140692321e-01,3.216239640480312301e-01,-7.055555364647309036e-02,7.055555364647354832e-02
9.330019490300218710e-01,3.176004936774680099e-01,-7.308565865704927389e-02,1.526295384932896959e-01
9.195066714923780804e-01,3.112691682256595871e-01,-7.277066872016771382e-02,2.287431217919645432e-01
9.009639594537830476e-01,3.025434940333571743e-01,-7.210278913840675874e-02,3.025434940333577849e-01
8.878256833011528570e-01,3.032352553949462237e-01,-3.609334091208685896e-02,-3.442545667063934278e-01
9.125099924116486516e-01,3.079803704164857936e-01,-3.629079987608131719e-02,-2.667519128916817084e-01
9.285675712897091261e-01,3.155218423600951172e-01,-3.658927967096790856e-02,-1.920142108177984308e-01
9.394176382699642724e-01,3.206049301408133712e-01,-3.676506231774379074e-02,-1.155651758509421145e-01
9.450038318161799733e-01,3.232180931422458658e-01,-3.533993575424052014e-02,-3.533993575424072831e-02
9.450038318161798623e-01,3.232180931422458658e-01,-3.533993575424049932e-02,3.533993575424074218e-02
9.394176382699642724e-01,3.206049301408132601e-01,-3.676506231774384625e-02,1.155651758509423782e-01
9.285675712897091261e-01,3.155218423600951172e-01,-3.658927967096790856e-02,1.920142108177984308e-01
9.125099924116487626e-01,3.079803704164855160e-01,-3.629079987608131025e-02,2.667519128916816529e-01
8.878256833011528570e-01,3.032352553949462237e-01,-3.609334091208685896e-02,3.442545667063934278e-01
9.031525081215229234e-01,3.035749883256215198e-01,6.624493064980301285e-15,-3.035749883256214643e-01
9.217341669556249339e-01,3.123152946496666749e-01,5.017321610304592363e-15,-2.299245141225963462e-01
9.352216780848222610e-01,3.186403775667904226e-01,3.368503816636903647e-15,-1.543655486962759726e-01
9.434013225565458516e-01,3.224687228034672781e-01,1.691401972036851156e-15,-7.751043421411552004e-02
9.461425128284008945e-01,3.237504369398738757e-01,0.000000000000000000e+00,0.000000000000000000e+00
9.434013225565458516e-01,3.224687228034672781e-01,1.691401972036851156e-15,7.751043421411552004e-02
9.352216780848221500e-01,3.186403775667905891e-01,3.368503816636909169e-15,1.543655486962762224e-01
9.217341669556249339e-01,3.123152946496667304e-01,5.017321610304592363e-15,2.299245141225963462e-01
9.031525081215229234e-01,3.035749883256214643e-01,6.624493064980301285e-15,3.035749883256215198e-01
8.878256833011528570e-01,3.032352553949462237e-01,3.609334091208685896e-02,-3.442545667063934278e-01
9.125099924116488737e-01,3.079803704164854050e-01,3.629079987608133107e-02,-2.667519128916814308e-01
9.285675712897091261e-01,3.155218423600951172e-01,3.658927967096795020e-02,-1.920142108177984308e-01
9.394176382699642724e-01,3.206049301408133712e-01,3.676506231774383932e-02,-1.155651758509420868e-01
9.450038318161798623e-01,3.232180931422458658e-01,3.533993575424074218e-02,-3.533993575424049932e-02
9.450038318161799733e-01,3.232180931422458658e-01,3.533993575424052014e-02,3.533993575424072831e-02
9.394176382699642724e-01,3.206049301408132046e-01,3.676506231774387401e-02,1.155651758509423782e-01
9.285675712897091261e-01,3.155218423600951172e-01,3.658927967096795020e-02,1.920142108177984308e-01
9.125099924116488737e-01,3.079803704164852940e-01,3.629079987608133800e-02,2.667519128916814863e-01
8.878256833011528570e-01,3.032352553949462237e-01,3.609334091208685896e-02,3.442545667063934278e-01
9.009639594537830476e-01,3.025434940333580625e-01,7.210278913840674486e-02,-3.025434940333568967e-01
9.195066714923780804e-01,3.112691682256595871e-01,7.277066872016781096e-02,-2.287431217919645432e-01
9.330019490300217599e-01,3.176004936774680099e-01,7.308565865704934328e-02,-1.526295384932896682e-01
9.415953767140692321e-01,3.216239640480312301e-01,7.055555364647354832e-02,-7.055555364647309036e-02
9.434013225565458516e-01,3.224687228034672781e-01,7.751043421411552004e-02,1.691401972036851156e-15
9.415953767140692321e-01,3.216239640480312301e-01,7.055555364647307648e-02,7.055555364647352057e-02
9.330019490300218710e-01,3.176004936774680099e-01,7.308565865704931552e-02,1.526295384932896959e-01
9.195066714923780804e-01,3.112691682256595871e-01,7.277066872016781096e-02,2.287431217919645432e-01
9.009639594537829366e-01,3.025434940333573408e-01,7.210278913840685588e-02,3.025434940333580069e-01
8.834005927406295422e-01,3.012611802305059649e-01,1.078974181957801370e-01,-3.423495891312152706e-01
9.081102615698792846e-01,3.059100246591960337e-01,1.084087385076640403e-01,-2.645795817134655725e-01
9.243932496083911987e-01,3.135635423268048894e-01,1.085260306241053185e-01,-1.881412386450147800e-01
9.359398256515931713e-01,3.189767207361978163e-01,1.055236807253404768e-01,-1.055236807253397552e-01
9.394176382699642724e-01,3.206049301408132601e-01,1.155651758509423782e-01,-3.676506231774384625e-02
9.394176382699642724e-01,3.206049301408132046e-01,1.155651758509423782e-01,3.676506231774387401e-02
9.359398256515931713e-01,3.189767207361978718e-01,1.055236807253397829e-01,1.055236807253404352e-01
9.243932496083911987e-01,3.135635423268048894e-01,1.085260306241053185e-01,1.881412386450147800e-01
9.081102615698792846e-01,3.059100246591960337e-01,1.084087385076639709e-01,2.645795817134656280e-01
8.834005927406295422e-01,3.012611802305059649e-01,1.078974181957801370e-01,3.423495891312152706e-01
8.987628196387329460e-01,2.936445814691840406e-01,1.406097919158187382e-01,-2.936445814691840406e-01
9.136622262486552293e-01,3.085222797778539583e-01,1.431909065816623916e-01,-2.225571914797371542e-01
9.280746912677362292e-01,3.152906961768623395e-01,1.401234176228332295e-01,-1.401234176228323136e-01
9.330019490300217599e-01,3.176004936774680099e-01,1.526295384932896682e-01,-7.308565865704926001e-02
9.352216780848221500e-01,3.186403775667905891e-01,1.543655486962762224e-01,3.368503816636909169e-15
9.330019490300218710e-01,3.176004936774680099e-01,1.526295384932896959e-01,7.308565865704931552e-02
9.280746912677362292e-01,3.152906961768623395e-01,1.401234176228323136e-01,1.401234176228332018e-01
9.136622262486554513e-01,3.085222797778537362e-01,1.431909065816623639e-01,2.225571914797371265e-01
8.987628196387329460e-01,2.936445814691840961e-01,1.406097919158186826e-01,2.936445814691840406e-01
8.755755041267360150e-01,2.949164867048351124e-01,1.774385567908354777e-01,-3.389798828940653874e-01
9.020188935132854580e-01,3.008175197732624873e-01,1.761397073925514145e-01,-2.546478726048926888e-01
9.180518990023353032e-01,3.105857089545726035e-01,1.742372350150664939e-01,-1.742372350150676041e-01
9.243932496083911987e-01,3.135635423268048894e-01,1.881412386450146690e-01,-1.085260306241051936e-01
9.285675712897091261e-01,3.155218423600951172e-01,1.920142108177984308e-01,-3.658927967096790856e-02
9.285675712897091261e-01,3.155218423600951172e-01,1.920142108177984308e-01,3.658927967096795020e-02
9.243932496083911987e-01,3.135635423268048338e-01,1.881412386450147523e-01,1.085260306241052908e-01
9.180518990023353032e-01,3.105857089545726035e-01,1.742372350150664939e-01,1.742372350150676041e-01
9.020161612759011183e-01,3.008578303598004045e-01,1.761219541012090384e-01,2.546222063997025109e-01
8.755755041267360150e-01,2.949164867048351124e-01,1.774385567908354777e-01,3.389798828940653874e-01
9.038780353694115810e-01,2.689183780747291252e-01,1.958834067603672791e-01,-2.689183780747279595e-01
9.059372059328115734e-01,3.048868204008925442e-01,2.077520224359861722e-01,-2.077520224359848955e-01
9.136622262486554513e-01,3.085222797778537362e-01,2.225571914797371265e-01,-1.431909065816623361e-01
9.195066714923781914e-01,3.112691682256595871e-01,2.287431217919645710e-01,-7.277066872016771382e-02
9.217341669556249339e-01,3.123152946496667304e-01,2.299245141225963462e-01,5.017321610304592363e-15
9.195066714923781914e-01,3.112691682256595871e-01,2.287431217919645432e-01,7.277066872016782484e-02
9.136622262486554513e-01,3.085222797778537362e-01,2.225571914797371265e-01,1.431909065816623639e-01
9.059372059328114624e-01,3.048868204008924887e-01,2.077520224359851730e-01,2.077520224359863665e-01
9.038780353694115810e-01,2.689183780747284036e-01,1.958834067603675566e-01,2.689183780747284036e-01
8.783051739108347356e-01,2.698809355624687267e-01,2.322843449055603249e-01,-3.190427639254331815e-01
9.046366093785387363e-01,2.791334851172954101e-01,2.277247268725713369e-01,-2.277247268725698659e-01
9.020211922904498580e-01,3.007835785169831744e-01,2.546694822083203080e-01,-1.761546547360562653e-01
9.081102615698792846e-01,3.059100246591961447e-01,2.645795817134655170e-01,-1.084087385076639154e-01
9.125099924116487626e-01,3.079803704164855160e-01,2.667519128916816529e-01,-3.629079987608131025e-02
9.125099924116488737e-01,3.079803704164852940e-01,2.667519128916814863e-01,3.629079987608133800e-02
9.081102615698792846e-01,3.059100246591960337e-01,2.645795817134656280e-01,1.084087385076639709e-01
9.020188935132854580e-01,3.008175197732624317e-01,2.546478726048926888e-01,1.761397073925514145e-01
9.046402727577992353e-01,2.790504613542347800e-01,2.277683219004376092e-01,2.277683219004389692e-01
8.783092238888879910e-01,2.699205394051491513e-01,2.323184316135880056e-01,3.189732841031285848e-01
9.053808936808663832e-01,2.451431128665025605e-01,2.451431128665025605e-01,-2.451431128665010617e-01
9.038780353694114700e-01,2.689183780747283481e-01,2.689183780747289032e-01,-1.958834067603674456e-01
8.987628196387329460e-01,2.936445814691840961e-01,2.936445814691840406e-01,-1.406097919158186826e-01
9.009639594537830476e-01,3.025434940333571743e-01,3.025434940333577849e-01,-7.210278913840675874e-02
9.031525081215229234e-01,3.035749883256214643e-01,3.035749883256215198e-01,6.624493064980301285e-15
9.009639594537830476e-01,3.025434940333571743e-01,3.025434940333577849e-01,7.210278913840681425e-02
8.987628196387329460e-01,2.936445814691840961e-01,2.936445814691840406e-01,1.406097919158186826e-01
9.038780353694115810e-01,2.689183780747284036e-01,2.689183780747284036e-01,1.958834067603675566e-01
9.053808936808663832e-01,2.451431128665007841e-01,2.451431128665022829e-01,2.451431128665030879e-01
8.795702511683466396e-01,2.504915562598405976e-01,2.860158680057585112e-01,-2.860158680057585112e-01
8.783178179362108873e-01,2.700047823132635250e-01,3.188254691597720014e-01,-2.323909388052631531e-01
8.755755041267360150e-01,2.949164867048351124e-01,3.389798828940653874e-01,-1.774385567908354777e-01
8.834005927406294312e-01,3.012611802305061870e-01,3.423495891312153816e-01,-1.078974181957801232e-01
8.878256833011528570e-01,3.032352553949462237e-01,3.442545667063934278e-01,-3.609334091208685896e-02
8.878256833011528570e-01,3.032352553949462237e-01,3.442545667063934278e-01,3.609334091208685896e-02
8.834005927406294312e-01,3.012611802305061315e-01,3.423495891312153816e-01,1.078974181957801926e-01
8.755755041267360150e-01,2.949164867048351124e-01,3.389798828940653874e-01,1.774385567908354777e-01
8.783051739108347356e-01,2.698809355624687267e-01,3.190427639254331815e-01,2.322843449055603249e-01
8.795702511683465286e-01,2.504915562598402090e-01,2.860158680057580671e-01,2.860158680057592329e-01
8.795702511683466396e-01,2.860158680057585667e-01,-2.860158680057585112e-01,-2.504915562598405421e-01
8.764294715351441667e-01,3.099270360942064095e-01,-3.099270360942063540e-01,-1.994037261947452233e-01
8.692675010082674403e-01,3.347589669710337446e-01,-3.347589669710336890e-01,-1.422915308646809096e-01
8.748936050129844100e-01,3.386861737424889940e-01,-3.386861737424903818e-01,-7.172538838325059896e-02
8.770956024683747021e-01,3.396345860852798548e-01,-3.396345860852799103e-01,7.411371314082340324e-15
8.748936050129844100e-01,3.386861737424889940e-01,-3.386861737424903818e-01,7.172538838325059896e-02
8.692675010082674403e-01,3.347589669710336890e-01,-3.347589669710336890e-01,1.422915308646809929e-01
8.764294715351441667e-01,3.099270360942065206e-01,-3.099270360942065206e-01,1.994037261947453621e-01
8.795702511683466396e-01,2.860158680057581781e-01,-2.860158680057590663e-01,2.504915562598403755e-01
8.795702511683466396e-01,2.860158680057584002e-01,-2.504915562598404311e-01,-2.860158680057587888e-01
8.783051739108347356e-01,3.190427639254331815e-01,-2.698809355624687267e-01,-2.322843449055603249e-01
8.755755041267361261e-01,3.389798828940653319e-01,-2.949164867048349459e-01,-1.774385567908353667e-01
8.834005927406293202e-01,3.423495891312156036e-01,-3.012611802305062425e-01,-1.078974181957801509e-01
8.878256833011529681e-01,3.442545667063933168e-01,-3.032352553949460017e-01,-3.609334091208683815e-02
8.878256833011529681e-01,3.442545667063933168e-01,-3.032352553949460017e-01,3.609334091208683815e-02
8.834005927406294312e-01,3.423495891312153816e-01,-3.012611802305061315e-01,1.078974181957801926e-01
8.755755041267361261e-01,3.389798828940653319e-01,-2.949164867048349459e-01,1.774385567908353667e-01
8.783051739108347356e-01,3.190427639254331815e-01,-2.698809355624687267e-01,2.322843449055603249e-01
8.795702511683466396e-01,2.860158680057584002e-01,-2.504915562598404311e-01,2.860158680057587888e-01
8.782605825229772289e-01,3.198003613041953686e-01,-2.319124613160173098e-01,-2.694488604215158900e-01
8.817283671383475685e-01,3.416295940382586549e-01,-2.489406201479562875e-01,-2.094585274013662513e-01
8.899255267382604195e-01,3.451583895890547038e-01,-2.614009416146306775e-01,-1.434147505625016361e-01
8.961837306787487911e-01,3.478515086698972802e-01,-2.657273349029873888e-01,-7.240878584917617711e-02
8.984193920157598212e-01,3.488133876455606908e-01,-2.667804652692177814e-01,5.821577567360460237e-15
8.961837306787487911e-01,3.478515086698972802e-01,-2.657273349029873888e-01,7.240878584917630201e-02
8.899255267382604195e-01,3.451583895890547038e-01,-2.614009416146305109e-01,1.434147505625017471e-01
8.817283671383475685e-01,3.416295940382586549e-01,-2.489406201479562875e-01,2.094585274013662513e-01
8.782605825230025420e-01,3.198003613037680437e-01,-2.319124613162272808e-01,2.694488604217598615e-01
8.764294715351441667e-01,3.099270360942064095e-01,-1.994037261947452233e-01,-3.099270360942063540e-01
8.817283671383475685e-01,3.416295940382586549e-01,-2.094585274013662513e-01,-2.489406201479562875e-01
8.953799906549302356e-01,3.475056787102947520e-01,-2.157504469841657058e-01,-1.760290323355984399e-01
9.022098770033059045e-01,3.504439778740440770e-01,-2.267529851237785610e-01,-1.085791874483853781e-01
9.066159815088135066e-01,3.523390156892637903e-01,-2.293024219087366755e-01,-3.640164011029126817e-02
9.066159815088136176e-01,3.523390156892637903e-01,-2.293024219087366478e-01,3.640164011029132368e-02
9.022098770033059045e-01,3.504439778740440214e-01,-2.267529851237785610e-01,1.085791874483854613e-01
8.953799906549302356e-01,3.475056787102947520e-01,-2.157504469841657058e-01,1.760290323355984399e-01
8.817283671383475685e-01,3.416295940382586549e-01,-2.094585274013662235e-01,2.489406201479562875e-01
8.764294715351441667e-01,3.099270360942055769e-01,-1.994037261947446960e-01,3.099270360942075198e-01
8.755755041267362371e-01,3.389798828940653319e-01,-1.774385567908353667e-01,-2.949164867048349459e-01
8.953799906549302356e-01,3.475056787102947520e-01,-1.760290323355984399e-01,-2.157504469841657058e-01
9.069253766861992139e-01,3.524720693603332067e-01,-1.819032734889683423e-01,-1.419894381193113342e-01
9.123779023896808615e-01,3.548165714526723691e-01,-1.906834971845634830e-01,-7.288050325732663148e-02
9.146363948308867675e-01,3.557875085429663686e-01,-1.919778998102303347e-01,4.189265633960065504e-15
9.123779023896808615e-01,3.548165714526723691e-01,-1.906834971845634830e-01,7.288050325732663148e-02
9.069253766861992139e-01,3.524720693603332067e-01,-1.819032734889682590e-01,1.419894381193113897e-01
8.953799906549302356e-01,3.475056787102947520e-01,-1.760290323355984399e-01,2.157504469841657058e-01
8.755755041267360150e-01,3.389798828940654429e-01,-1.774385567908355055e-01,2.949164867048351679e-01
8.692675010082674403e-01,3.347589669710337446e-01,-1.422915308646809096e-01,-3.347589669710336890e-01
8.899255267382604195e-01,3.451583895890547038e-01,-1.434147505625016361e-01,-2.614009416146306775e-01
9.069253766861992139e-01,3.524720693603332067e-01,-1.419894381193113342e-01,-1.819032734889683423e-01
9.163086351989861988e-01,3.565063454773913509e-01,-1.474599915234572622e-01,-1.074116455233231904e-01
9.201991055097472616e-01,3.581784998578231294e-01,-1.536270717130835406e-01,-3.661272040593956806e-02
9.201991055097472616e-01,3.581784998578231294e-01,-1.536270717130835406e-01,3.661272040593960969e-02
9.163086351989861988e-01,3.565063454773913509e-01,-1.474599915234572067e-01,1.074116455233232181e-01
9.069253766861992139e-01,3.524720693603332067e-01,-1.419894381193113342e-01,1.819032734889683423e-01
8.899255267382604195e-01,3.451583895890547038e-01,-1.434147505625015806e-01,2.614009416146306219e-01
8.692675010082674403e-01,3.347589669710337446e-01,-1.422915308646809096e-01,3.347589669710336890e-01
8.834005927406293202e-01,3.423495891312156036e-01,-1.078974181957801509e-01,-3.012611802305062425e-01
9.022098770033059045e-01,3.504439778740440770e-01,-1.085791874483853781e-01,-2.267529851237785610e-01
9.163086351989861988e-01,3.565063454773913509e-01,-1.074116455233231904e-01,-1.474599915234572622e-01
9.234848924889016430e-01,3.595905171264795475e-01,-1.124214280545981909e-01,-7.233073932732780875e-02
9.255558291234278201e-01,3.604803588097010292e-01,-1.157597429509641951e-01,2.526063226131213208e-15
9.234848924889016430e-01,3.595905171264795475e-01,-1.124214280545981909e-01,7.233073932732780875e-02
9.163086351989861988e-01,3.565063454773913509e-01,-1.074116455233231487e-01,1.474599915234572900e-01
9.022098770033059045e-01,3.504439778740440770e-01,-1.085791874483853781e-01,2.267529851237785610e-01
8.834005927406294312e-01,3.423495891312153816e-01,-1.078974181957801232e-01,3.012611802305061870e-01
8.748936050129844100e-01,3.386861737424889940e-01,-7.172538838325059896e-02,-3.386861737424903818e-01
8.961837306787487911e-01,3.478515086698972802e-01,-7.240878584917617711e-02,-2.657273349029873888e-01
9.123779023896808615e-01,3.548165714526723691e-01,-7.288050325732663148e-02,-1.906834971845634830e-01
9.234848924889016430e-01,3.595905171264795475e-01,-7.233073932732780875e-02,-1.124214280545981909e-01
9.284240614367147426e-01,3.617126408225196932e-01,-7.649260352703204924e-02,-3.662798411338610838e-02
9.284240614367147426e-01,3.617126408225196932e-01,-7.649260352703207699e-02,3.662798411338613613e-02
9.234848924889015320e-01,3.595905171264796585e-01,-7.233073932732790590e-02,1.124214280545985517e-01
9.123779023896808615e-01,3.548165714526723691e-01,-7.288050325732663148e-02,1.906834971845634830e-01
8.961837306787487911e-01,3.478515086698972802e-01,-7.240878584917617711e-02,2.657273349029873888e-01
8.748936050129844100e-01,3.386861737424889940e-01,-7.172538838325059896e-02,3.386861737424903818e-01
8.878256833011529681e-01,3.442545667063932613e-01,-3.609334091208683815e-02,-3.032352553949460017e-01
9.066159815088135066e-01,3.523390156892637903e-01,-3.640164011029126817e-02,-2.293024219087366755e-01
9.201991055097472616e-01,3.581784998578231294e-01,-3.661272040593956806e-02,-1.536270717130835406e-01
9.284240614367147426e-01,3.617126408225196932e-01,-3.662798411338610838e-02,-7.649260352703204924e-02
9.310482501422779889e-01,3.628399300076764478e-01,-3.868256841300213300e-02,8.441156750130434086e-16
9.284240614367147426e-01,3.617126408225196932e-01,-3.662798411338608756e-02,7.649260352703204924e-02
9.201991055097472616e-01,3.581784998578231294e-01,-3.661272040593960275e-02,1.536270717130836516e-01
9.066159815088135066e-01,3.523390156892637903e-01,-3.640164011029126817e-02,2.293024219087366755e-01
8.878256833011528570e-01,3.442545667063934278e-01,-3.609334091208685896e-02,3.032352553949462237e-01
8.770956024683747021e-01,3.396345860852798548e-01,7.411371314082340324e-15,-3.396345860852799103e-01
8.984193920157598212e-01,3.488133876455606908e-01,5.821577567360460237e-15,-2.667804652692177814e-01
9.146363948308867675e-01,3.557875085429663686e-01,4.189265633960065504e-15,-1.919778998102303347e-01
9.255558291234278201e-01,3.604803588097010292e-01,2.526063226131213208e-15,-1.157597429509641951e-01
9.310482501422779889e-01,3.628399300076764478e-01,8.441156750130434086e-16,-3.868256841300213300e-02
9.310482501422779889e-01,3.628399300076764478e-01,8.441156750130434086e-16,3.868256841300213300e-02
9.255558291234278201e-01,3.604803588097010292e-01,2.526063226131213208e-15,1.157597429509641951e-01
9.146363948308867675e-01,3.557875085429663686e-01,4.189265633960065504e-15,1.919778998102303347e-01
8.984193920157598212e-01,3.488133876455606908e-01,5.821577567360460237e-15,2.667804652692177814e-01
8.770956024683747021e-01,3.396345860852798548e-01,7.411371314082340324e-15,3.396345860852799103e-01
8.878256833011529681e-01,3.442545667063932613e-01,3.609334091208683815e-02,-3.032352553949460017e-01
9.066159815088135066e-01,3.523390156892637903e-01,3.640164011029132368e-02,-2.293024219087366755e-01
9.201991055097472616e-01,3.581784998578231294e-01,3.661272040593960969e-02,-1.536270717130835406e-01
9.284240614367147426e-01,3.617126408225196932e-01,3.662798411338613613e-02,-7.649260352703207699e-02
9.310482501422779889e-01,3.628399300076764478e-01,3.868256841300213300e-02,8.441156750130434086e-16
9.284240614367147426e-01,3.617126408225196932e-01,3.662798411338610838e-02,7.649260352703204924e-02
9.201991055097472616e-01,3.581784998578231294e-01,3.661272040593960275e-02,1.536270717130836516e-01
9.066159815088135066e-01,3.523390156892637903e-01,3.640164011029132368e-02,2.293024219087366755e-01
8.878256833011528570e-01,3.442545667063934278e-01,3.609334091208685896e-02,3.032352553949462237e-01
8.748936050129844100e-01,3.386861737424889940e-01,7.172538838325059896e-02,-3.386861737424903818e-01
8.961837306787486801e-01,3.478515086698973913e-01,7.240878584917631589e-02,-2.657273349029874998e-01
9.123779023896808615e-01,3.548165714526723691e-01,7.288050325732663148e-02,-1.906834971845634830e-01
9.234848924889016430e-01,3.595905171264795475e-01,7.233073932732780875e-02,-1.124214280545981909e-01
9.284240614367147426e-01,3.617126408225196932e-01,7.649260352703204924e-02,-3.662798411338608756e-02
9.284240614367147426e-01,3.617126408225196932e-01,7.649260352703204924e-02,3.662798411338610838e-02
9.234848924889014210e-01,3.595905171264796585e-01,7.233073932732803080e-02,1.124214280545985378e-01
9.123779023896808615e-01,3.548165714526723691e-01,7.288050325732663148e-02,1.906834971845634830e-01
8.961837306787486801e-01,3.478515086698973913e-01,7.240878584917631589e-02,2.657273349029874998e-01
8.748936050129844100e-01,3.386861737424889940e-01,7.172538838325059896e-02,3.386861737424903818e-01
8.834005927406294312e-01,3.423495891312153816e-01,1.078974181957801926e-01,-3.012611802305061315e-01
9.022098770033059045e-01,3.504439778740440214e-01,1.085791874483854613e-01,-2.267529851237785610e-01
9.163086351989861988e-01,3.565063454773913509e-01,1.074116455233232181e-01,-1.474599915234572067e-01
9.234848924889015320e-01,3.595905171264796585e-01,1.124214280545985517e-01,-7.233073932732790590e-02
9.255558291234278201e-01,3.604803588097010292e-01,1.157597429509641951e-01,2.526063226131213208e-15
9.234848924889014210e-01,3.595905171264796585e-01,1.124214280545985378e-01,7.233073932732803080e-02
9.163086351989861988e-01,3.565063454773913509e-01,1.074116455233231904e-01,1.474599915234572345e-01
9.022098770033059045e-01,3.504439778740440214e-01,1.085791874483854613e-01,2.267529851237785610e-01
8.834005927406295422e-01,3.423495891312152706e-01,1.078974181957801370e-01,3.012611802305059649e-01
8.692675010082674403e-01,3.347589669710336890e-01,1.422915308646809929e-01,-3.347589669710336890e-01
8.899255267382604195e-01,3.451583895890547038e-01,1.434147505625017471e-01,-2.614009416146305109e-01
9.069253766861992139e-01,3.524720693603332067e-01,1.419894381193113897e-01,-1.819032734889682590e-01
9.163086351989861988e-01,3.565063454773913509e-01,1.474599915234572900e-01,-1.074116455233231487e-01
9.201991055097472616e-01,3.581784998578231294e-01,1.536270717130836516e-01,-3.661272040593960275e-02
9.201991055097472616e-01,3.581784998578231294e-01,1.536270717130836516e-01,3.661272040593960275e-02
9.163086351989861988e-01,3.565063454773913509e-01,1.474599915234572345e-01,1.074116455233231904e-01
9.069253766861992139e-01,3.524720693603332067e-01,1.419894381193113897e-01,1.819032734889682590e-01
8.899255267382604195e-01,3.451583895890547038e-01,1.434147505625016361e-01,2.614009416146306775e-01
8.692675010082674403e-01,3.347589669710336890e-01,1.422915308646809929e-01,3.347589669710336890e-01
8.755755041267362371e-01,3.389798828940653319e-01,1.774385567908353667e-01,-2.949164867048349459e-01
8.953799906549302356e-01,3.475056787102947520e-01,1.760290323355984399e-01,-2.157504469841657058e-01
9.069253766861992139e-01,3.524720693603332067e-01,1.819032734889683423e-01,-1.419894381193113342e-01
9.123779023896808615e-01,3.548165714526723691e-01,1.906834971845634830e-01,-7.288050325732663148e-02
9.146363948308867675e-01,3.557875085429663686e-01,1.919778998102303347e-01,4.189265633960065504e-15
9.123779023896808615e-01,3.548165714526723691e-01,1.906834971845634830e-01,7.288050325732663148e-02
9.069253766861992139e-01,3.524720693603332067e-01,1.819032734889682590e-01,1.419894381193113897e-01
8.953799906549302356e-01,3.475056787102947520e-01,1.760290323355984399e-01,2.157504469841657058e-01
8.755755041267360150e-01,3.389798828940654429e-01,1.774385567908355055e-01,2.949164867048351679e-01
8.764294715351440557e-01,3.099270360942061875e-01,1.994037261947451678e-01,-3.099270360942068536e-01
8.817283671383475685e-01,3.416295940382586549e-01,2.094585274013662513e-01,-2.489406201479562875e-01
8.953799906549302356e-01,3.475056787102947520e-01,2.157504469841657058e-01,-1.760290323355984399e-01
9.022098770033059045e-01,3.504439778740440770e-01,2.267529851237785610e-01,-1.085791874483853781e-01
9.066159815088135066e-01,3.523390156892637903e-01,2.293024219087366755e-01,-3.640164011029126817e-02
9.066159815088136176e-01,3.523390156892637903e-01,2.293024219087366478e-01,3.640164011029132368e-02
9.022098770033059045e-01,3.504439778740440214e-01,2.267529851237785610e-01,1.085791874483854613e-01
8.953799906549302356e-01,3.475056787102947520e-01,2.157504469841657058e-01,1.760290323355984399e-01
8.817283671383475685e-01,3.416295940382586549e-01,2.094585274013662513e-01,2.489406201479562875e-01
8.764294715351440557e-01,3.099270360942061875e-01,1.994037261947451678e-01,3.099270360942068536e-01
8.782230796088800195e-01,3.204273724388952971e-01,2.316043914148305516e-01,-2.690909275905938869e-01
8.817283671383475685e-01,3.416295940382586549e-01,2.489406201479562875e-01,-2.094585274013662235e-01
8.899255267382604195e-01,3.451583895890547038e-01,2.614009416146306219e-01,-1.434147505625015806e-01
8.961837306787487911e-01,3.478515086698972802e-01,2.657273349029873888e-01,-7.240878584917617711e-02
8.984193920157598212e-01,3.488133876455606908e-01,2.667804652692177814e-01,5.821577567360460237e-15
8.961837306787487911e-01,3.478515086698972802e-01,2.657273349029873888e-01,7.240878584917630201e-02
8.899255267382604195e-01,3.451583895890547038e-01,2.614009416146306775e-01,1.434147505625016361e-01
8.817283671383475685e-01,3.416295940382586549e-01,2.489406201479562875e-01,2.094585274013662513e-01
8.782796341236868143e-01,3.194783188424560882e-01,2.320705894735873576e-01,2.696325825536343701e-01
8.795702511683466396e-01,2.860158680057581781e-01,2.504915562598403755e-01,-2.860158680057590663e-01
8.782230796096952563e-01,3.204273724253656752e-01,2.690909275983203175e-01,-2.316043914214806210e-01
8.755755041267360150e-01,3.389798828940653874e-01,2.949164867048351124e-01,-1.774385567908354777e-01
8.834005927406294312e-01,3.423495891312153816e-01,3.012611802305061870e-01,-1.078974181957801232e-01
8.878256833011528570e-01,3.442545667063934278e-01,3.032352553949462237e-01,-3.609334091208685896e-02
8.878256833011528570e-01,3.442545667063934278e-01,3.032352553949462237e-01,3.609334091208685896e-02
8.834005927406294312e-01,3.423495891312153816e-01,3.012611802305061315e-01,1.078974181957801926e-01
8.755755041267360150e-01,3.389798828940653874e-01,2.949164867048351124e-01,1.774385567908354777e-01
8.782230796096952563e-01,3.204273724253656752e-01,2.690909275983203175e-01,2.316043914214806210e-01
8.795702511683466396e-01,2.860158680057581781e-01,2.504915562598403755e-01,2.860158680057590663e-01
8.795702511683466396e-01,2.860158680057582892e-01,2.860158680057589553e-01,-2.504915562598404311e-01
8.764294715351441667e-01,3.099270360942055769e-01,3.099270360942075198e-01,-1.994037261947446960e-01
8.692675010082674403e-01,3.347589669710337446e-01,3.347589669710336890e-01,-1.422915308646809096e-01
8.748936050129844100e-01,3.386861737424889940e-01,3.386861737424903818e-01,-7.172538838325059896e-02
8.770956024683747021e-01,3.396345860852798548e-01,3.396345860852799103e-01,7.411371314082340324e-15
8.748936050129844100e-01,3.386861737424889940e-01,3.386861737424903818e-01,7.172538838325059896e-02
8.692675010082674403e-01,3.347589669710336890e-01,3.347589669710336890e-01,1.422915308646809929e-01
8.764294715351441667e-01,3.099270360942062985e-01,3.099270360942067981e-01,1.994037261947452233e-01
8.795702511683465286e-01,2.860158680057580671e-01,2.860158680057592329e-01,2.504915562598402090e-01
