1.758250183038750913e-02,-1.338420260547561018e-02,8.879250149103241618e-01,-4.594571651922524369e-01
1.423681981535637742e-02,3.552684494217120403e-02,-1.377243767631373406e-01,9.897308484104178072e-01
4.910303215051112918e-02,-5.504405837678623924e-03,7.280378809298231335e-01,6.837539306513804593e-01
9.191498295454146594e-03,-5.773634132056398166e-02,9.781955299045007601e-01,-1.992875724295246065e-01
6.032870877698510992e-02,2.747686567463106244e-02,-4.021171707686434504e-01,9.131852220239997653e-01
4.703843064177243294e-02,-5.620035402699137539e-02,5.129450876432299911e-01,8.552872285452876033e-01
4.527552991476011673e-02,6.555747585849885928e-02,-9.939775185685781889e-01,-7.523985865385392213e-02
8.082702871223047814e-02,-2.812845853494763682e-02,-6.352212815719908701e-01,7.675739082902944821e-01
5.953632833737529904e-03,9.091389061128690718e-02,-2.595637615802004472e-01,-9.614186769687474987e-01
9.431950080195815322e-02,1.952371682004768946e-02,-9.342922838672461650e-01,-3.432500321283671330e-01
4.618640172317761000e-02,-9.011505171648773183e-02,-8.194393551930964081e-01,5.641500127720663338e-01
7.803471330169661768e-02,7.170113158048491142e-02,1.276518424962997181e-02,-9.942869713121423869e-01
9.371686764111664125e-02,-5.851649314114291262e-02,-8.038915795781842455e-01,-5.844239018326440327e-01
3.268543999906666636e-02,1.100693225293379179e-01,9.409360612912504029e-01,-3.185211685456844077e-01
1.189746288042348582e-01,-2.279024110125593260e-03,2.833198343891368265e-01,-9.516142680685868438e-01
3.048050747515232070e-02,-1.191958783434107910e-01,-6.128800604961254228e-01,-7.805391166983661755e-01
1.101682176583915623e-01,6.305747432282131359e-02,9.906771500022285570e-01,-4.945202941702267485e-02
9.280470057126047334e-02,-9.207133811278454816e-02,5.315742059544384945e-01,-8.368626050994920629e-01
6.584229042290738743e-02,1.171801990178610448e-01,3.759324965194879575e-01,9.168469620447161628e-01
1.339612602332685976e-01,-3.312626611488994621e-02,9.651009850424459025e-01,2.225693597962232761e-01
3.832042285883970490e-03,-1.414384908782584382e-01,7.387556539929450716e-01,-6.589541353109911181e-01
1.385736306755986358e-01,4.234905703062095961e-02,1.111663747289677040e-01,9.831815414152255128e-01
7.950314854936638143e-02,-1.251075761924008989e-01,8.663726545043437532e-01,4.768917773217494771e-01
1.016087616719193037e-01,1.123604837186949340e-01,-8.892645659625745269e-01,4.315777021271996472e-01
1.382083941391860082e-01,-6.945661264031964544e-02,-1.612434990965518067e-01,9.747177810777334361e-01
3.075984780938977384e-02,1.547778262954457584e-01,-7.022026025482555056e-01,-6.942687960901431365e-01
1.604369340962880364e-01,1.178543286363836588e-02,-9.718489695239589388e-01,1.721356272978348534e-01
5.508807560861962715e-02,-1.543397961503740479e-01,-4.206024544490654660e-01,8.923217505818301643e-01
1.365174551054866015e-01,9.589064449424385128e-02,-4.852448441984905103e-01,-8.583154489631319439e-01
1.310175175344849285e-01,-1.079027518143116926e-01,-9.804456052150510859e-01,-9.958825967197268425e-02
7.028544473989675745e-02,1.576233247578381902e-01,6.472682892495916773e-01,-7.424679154562214833e-01
1.734223334754587675e-01,-2.619948476452877914e-02,-2.321217026326574118e-01,-9.567433283890284246e-01
2.125035582968130485e-02,-1.768804783663588120e-01,-9.146246034665422853e-01,-3.629373960942442467e-01
1.673542692656793951e-01,6.861043877246725264e-02,8.241390061161142366e-01,-5.367308961182907234e-01
1.123327257490978476e-01,-1.451646133731563648e-01,3.784977357966196748e-02,-9.822810129438359628e-01
1.115983862251929137e-01,1.490428426390635885e-01,7.796051907724690366e-01,5.979529895992010680e-01
1.758014031016126022e-01,-6.883602194711946343e-02,9.379432554971341984e-01,-2.908915918644567888e-01
1.980905865539412877e-02,1.903383696084085808e-01,-3.041321290908458042e-01,9.332108841546316036e-01
1.912419059511780151e-01,3.200296327155949250e-02,5.858425186220754810e-01,7.868868324762736677e-01
8.282201706119098061e-02,-1.780863055934279182e-01,9.802361069704681462e-01,-2.372669048521258706e-02
1.514879474612580990e-01,1.288494587647736611e-01,-5.465300226361815561e-01,8.134827306755164633e-01
1.665516777517375979e-01,-1.130835195246476521e-01,3.482182728278540584e-01,9.155417471195872459e-01
6.543057051897009646e-02,1.929319742592245646e-01,-9.480254364782300103e-01,-2.444255828268831476e-01
2.057677555221366084e-01,-1.183636504093200752e-02,-7.467220574976050074e-01,6.323967900745096626e-01
4.387342268885195684e-02,-2.037943915606249823e-01,8.489770732063817160e-02,9.743384155629394305e-01
1.868207784001199856e-01,9.762986483639764235e-02,-8.439824892289757852e-01,-4.932139131501279139e-01
1.454198569999439472e-01,-1.557665607250665885e-01,-8.896457174939211843e-01,4.038815929139705219e-01
1.126167134454593294e-01,1.835870218799338371e-01,1.840591143360823800e-01,-9.590284269404202311e-01
2.091118172645671236e-01,-6.029534915986708293e-02,-6.762218914536587411e-01,-7.038186359203884024e-01
2.466745089562617961e-03,2.198494005419690256e-01,9.646307092293409102e-01,-1.454226635077864593e-01
2.147066154655045411e-01,5.672279546485666651e-02,4.382256892171053075e-01,-8.710004816647308745e-01
1.129439480843702354e-01,-1.937437311014606200e-01,-4.576691202402317638e-01,-8.603755038519707021e-01
1.581919772531580615e-01,1.620025604203104430e-01,9.661954320678852737e-01,1.232755279897541217e-01
2.001535550543298014e-01,-1.103840937323551513e-01,6.583605981879666613e-01,-7.171577434592635303e-01
5.360158867218956652e-02,2.243870003850878536e-01,2.050647099872731083e-01,9.511707567350016213e-01
2.326645118370133380e-01,8.151299383796488385e-03,8.944471350903379081e-01,3.817919640048579866e-01
7.043129568601563806e-02,-2.240875137931362671e-01,8.278643195305106506e-01,-5.093769598227668727e-01
1.989836955571840926e-01,1.286772421697243707e-01,-6.231809378427580204e-02,9.695174631934663223e-01
1.785453984489747126e-01,-1.589038921571679364e-01,7.550565933677285679e-01,6.105412636029777795e-01
1.065281861038347155e-01,2.162341654675013769e-01,-9.340310217056058129e-01,2.635916951301428002e-01
2.387739189693725561e-01,-4.548677686984977514e-02,-3.241439992039481521e-01,9.142475794499380637e-01
1.989240169887242227e-02,-2.442598741190429579e-01,5.588105315942996087e-01,7.922576576021820305e-01
2.320098159555222528e-01,8.489170483789737487e-02,-9.690009288358488737e-01,-1.429568208274349357e-03
1.447454328336363338e-01,-2.026338531040735857e-01,-5.605624195709129065e-01,7.897835494708684845e-01
1.580097057259586546e-01,1.949902924414340100e-01,-3.207770746044074639e-01,-9.132983013004231099e-01
2.317988274105141355e-01,-1.011639627590313756e-01,-9.303418778150712720e-01,-2.655167539601352988e-01
3.606672948245571303e-02,2.522708807501162220e-01,7.537126476562293620e-01,-6.057853072772867442e-01
2.546609162904185930e-01,3.264638516167458343e-02,-5.914877835327515126e-02,-9.646675350965819851e-01
1.000054129719631785e-01,-2.385234760486001360e-01,-8.212170611566194101e-01,-5.086334704040674781e-01
2.047648733482729522e-01,1.610665713072260141e-01,8.890733086691626763e-01,-3.764007944493049096e-01
2.112759801756731448e-01,-1.555960039679958051e-01,2.061479232253745075e-01,-9.426851953329198341e-01
9.438840692846144076e-02,2.468097392476787666e-01,6.501275033021310934e-01,7.123973685381899124e-01
2.648649478046844474e-01,-2.544289044943191802e-02,9.565541247450453088e-01,-1.191781237612013489e-01
4.631337668445956873e-02,-2.638795461760599648e-01,4.549705592682810606e-01,-8.492493429194440946e-01
2.436638315234048446e-01,1.156799181246847413e-01,4.302501438911507936e-01,8.614702011280739313e-01
1.775607818105413849e-01,-2.054328053472212756e-01,9.512479064112077110e-01,1.462769694733050962e-01
1.517356935966109599e-01,2.273396369724280941e-01,-6.684901200262561849e-01,6.916747271494612104e-01
2.612244820054871464e-01,-8.628652125891345115e-02,1.784230419552809144e-01,9.447124559088992957e-01
1.370696794288458337e-02,2.765362097082635917e-01,-8.737867408230247657e-01,-3.997956669498509141e-01
2.719191014543060891e-01,6.080066623222823291e-02,-8.306160562037816497e-01,4.821205745728720515e-01
1.318271907551468447e-01,-2.474568104288224490e-01,-8.614415173590456165e-02,9.560156399723288567e-01
2.046841593674856852e-01,1.941500416019160957e-01,-7.302765746969956950e-01,-6.221786565760862864e-01
2.431179017873101034e-01,-1.464926349020176377e-01,-9.292089215295435967e-01,2.366524326938190259e-01
7.693525953963045727e-02,2.749980628833041951e-01,3.433356911994581706e-01,-8.947500401780321688e-01
2.872605787986387549e-01,-9.439906096341038524e-04,-5.318164830190699188e-01,-7.966502978969050019e-01
7.602062131591520722e-02,-2.787776154657009009e-01,-9.569892628621863295e-01,-2.598955591173815818e-02
2.499223907804006550e-01,1.483625789631897451e-01,5.736593864091023010e-01,-7.657951763590132854e-01
2.107580296332611791e-01,-2.025593041435159725e-01,-2.936404295061734171e-01,-9.101242109786059631e-01
1.399247562515022192e-01,2.585475659099456536e-01,9.120747134418577540e-01,2.858215104745495672e-01
2.880842978123881459e-01,-6.640618272377399323e-02,7.597240757111042297e-01,-5.791519533204635417e-01
1.276561972566416306e-02,-2.970116920308352726e-01,-3.394786972253741736e-02,-9.541848017503222756e-01
2.844500499302475838e-01,9.188926947516601329e-02,7.981056900260468101e-01,5.231365393451770096e-01
1.652040665154869137e-01,-2.510769755607761278e-01,8.875529154614899552e-01,-3.491672822671237908e-01
1.990948076208576834e-01,2.273100334970141190e-01,-2.274870359481006576e-01,9.257111075954245205e-01
2.735660622146594556e-01,-1.320862061472170002e-01,6.239514571973301393e-01,7.199995991744221335e-01
5.476729755530127669e-02,3.004367851453764726e-01,-9.476333041075521990e-01,9.343126990576224034e-02
3.057622497736985356e-01,2.734461305863299801e-02,-4.708213068964296477e-01,8.270967390350043580e-01
1.083253203952583704e-01,-2.889298681536137114e-01,4.030202109208434469e-01,8.616030790563128372e-01
2.509350680321033589e-01,1.822717692944347823e-01,-9.356245705010513003e-01,-1.685682556851177960e-01
2.437329038403912018e-01,-1.943250893104918609e-01,-6.776494307506586434e-01,6.660505087854137196e-01
1.230288722649325872e-01,2.881118321749714939e-01,-1.522268248499321630e-01,-9.373806390928437482e-01
3.120096168918942703e-01,-4.208435240054636539e-02,-8.526707936331513471e-01,-4.169309582353077914e-01
4.271790415220549225e-02,-3.134849867455266614e-01,-8.323956974504614914e-01,4.549942270138819800e-01
2.922101722362067111e-01,1.252494869917095965e-01,1.093022749039828101e-01,-9.417955159963410372e-01
1.994875976704691967e-01,-2.495104799916528504e-01,-7.052962716833101053e-01,-6.328557401964703955e-01
1.882836090949902286e-01,2.599550466833928097e-01,9.234872394228095249e-01,-2.101046759908937744e-01
3.021246154518607008e-01,-1.128034706383863467e-01,3.616879357350809010e-01,-8.747444946346882855e-01
2.842176134185009015e-02,3.227579158320162955e-01,5.048929198410857522e-01,8.000641666418656373e-01
3.201533948282263564e-01,5.881186130332731465e-02,9.442194277299660321e-01,4.992635623891848728e-02
1.425840155661868280e-01,-2.942845430107082216e-01,5.858095235635170095e-01,-7.415481160061598853e-01
2.468172187872533785e-01,2.167750372162927375e-01,2.668398313431158408e-01,9.060277855335219233e-01
2.759064456868456916e-01,-1.810037347085734494e-01,8.932489182099520031e-01,3.053189338490990279e-01
1.014603346497083003e-01,3.155456888356569234e-01,-7.647536840671125269e-01,5.525292041655165409e-01
3.326382535377340743e-01,-1.384326671584902406e-02,9.323036095184677671e-03,9.429068019947507429e-01
7.555380493320210111e-02,-3.257422736000282759e-01,7.746781234021442586e-01,5.367097901772729385e-01
2.951476715643795434e-01,1.602523657239578736e-01,-8.850908335740934607e-01,3.222130468697946837e-01
2.340590155708470455e-01,-2.428701473627543073e-01,-2.480539651463039286e-01,9.081297809923405406e-01
1.725193806221959336e-01,2.915187079069435638e-01,-5.977260266439881065e-01,-7.266206048017015418e-01
3.283180709255219543e-01,-8.904998907211592041e-02,-9.378830300614212634e-01,6.821118436742781843e-02
1.587586833702922225e-03,-3.416089845394079672e-01,-4.857627210397198469e-01,8.045715382102994750e-01
3.302281579675677148e-01,9.287165840743426271e-02,-3.760116803906706773e-01,-8.607783889943939615e-01
1.781789998125181962e-01,-2.947958408387245655e-01,-9.193475849341709027e-01,-1.901254173584044083e-01
2.376854799445030919e-01,2.512658330803280160e-01,6.858317556507412815e-01,-6.403170282688271930e-01
3.067251278210980647e-01,-1.628654804221296715e-01,-1.265060538033966342e-01,-9.291882207610534516e-01
7.562356669438893841e-02,3.403867027520600663e-01,8.311271631638348367e-01,4.331808022076190645e-01
3.496305197372749363e-01,1.780711706714516521e-02,8.332054277042501012e-01,-4.280305146764395996e-01
1.106937115237346253e-01,-3.335896558334808804e-01,1.317671053150122618e-01,-9.268777015911551231e-01
2.932272967475060277e-01,1.962892538886172877e-01,6.801471603272423172e-01,6.425637101088021996e-01
2.683231412867190246e-01,-2.312811559553165364e-01,9.168769643051103424e-01,-1.839792137080860646e-01
1.520783352448149273e-01,3.214607654118394886e-01,-3.791819367821167019e-01,8.542576982785481388e-01
3.516986107798110717e-01,-6.123310726682882482e-02,4.780725465196678514e-01,8.024993669867908075e-01
3.475127300304371725e-02,-3.566655545110403724e-01,9.307103957642066661e-01,7.321332164595295566e-02
3.358077182370396985e-01,1.289484688642443255e-01,-5.970020273141054545e-01,7.170732515809303820e-01
2.145092702975297527e-01,-2.904425359798756268e-01,2.404067395591066858e-01,9.010180385677968307e-01
2.236771217444503690e-01,2.851599576695829086e-01,-8.738900218007842335e-01,-3.239885392217212168e-01
3.356625348865737712e-01,-1.401958680686405390e-01,-7.687994885451350235e-01,5.259497387229493670e-01
4.593176680066433232e-02,3.622030563766260869e-01,1.469789012214418010e-02,-9.308507886745100990e-01
3.626792620464617811e-01,5.235548329863778938e-02,-7.509645245761653598e-01,-5.493404582570756700e-01
1.475645630650374851e-01,-3.368658575418775891e-01,-8.816940592854867198e-01,2.955700924834591681e-01
2.864445295628074706e-01,2.327659773969167345e-01,2.678266157436245409e-01,-8.899654123331518507e-01
3.017067080297455850e-01,-2.148955410888132855e-01,-5.714837321096325473e-01,-7.322563162472862652e-01
1.272578051313183467e-01,3.492693012320999824e-01,9.273187610948490089e-01,-4.354677452480597982e-02
3.718516743433687988e-01,-2.977395737944889959e-02,4.997801226239861339e-01,-7.817030592110750797e-01
7.055456631813417090e-02,-3.676394591466753958e-01,-3.492569726399895047e-01,-8.590010758505193245e-01
3.367503246642927217e-01,1.664707184116578920e-01,9.024397114983410129e-01,2.109248346231215043e-01
2.509871057144947848e-01,-2.812388958075697221e-01,6.930309513080639139e-01,-6.145065148385655540e-01
2.049609495709711626e-01,3.178952899949381572e-01,1.012905965018250504e-01,9.201487971031122592e-01
3.622219822889481411e-01,-1.133057999250917935e-01,8.091842019119690477e-01,4.485286597599865699e-01
1.281543223662227199e-02,3.805986021343070735e-01,-8.330481145931405429e-01,4.012621431468632593e-01
3.715167496144365922e-01,8.928268872476907703e-02,-1.535135902221035908e-01,9.112834267488464368e-01
1.855957538980550214e-01,-3.354502532194790221e-01,6.548610464889965677e-01,6.512943678102369738e-01
2.748340325304426957e-01,2.691012324629070696e-01,-9.093897693643631097e-01,1.583067548319739282e-01
3.336591526233374516e-01,-1.939003639003196999e-01,-3.957993573303800749e-01,8.333169189971233459e-01
9.838351118123953021e-02,3.744636544147521007e-01,-4.513882213335431715e-01,-8.039566716504940036e-01
3.884006007690882223e-01,4.886672918389125056e-03,-9.164817741751021263e-01,-9.582406459161044165e-02
1.084733627220839658e-01,-3.742846488032380292e-01,-6.072266716154562927e-01,6.924018345793249152e-01
3.329577763104907828e-01,2.048686175195536530e-01,-2.143725815408551727e-01,-8.951046670828554097e-01
2.870378482185054203e-01,-2.672412158333557497e-01,-8.540240930428508737e-01,-3.418102613327109185e-01
1.817433544107213972e-01,3.489333881667658899e-01,7.718601577206503084e-01,-4.994464342384004052e-01
3.859396601092182078e-01,-8.253664340631482188e-02,3.808729048407848844e-02,-9.180346614118561899e-01
2.327383402133837223e-02,-3.952171680227810624e-01,-7.269954613849951564e-01,-5.610163258547989917e-01
3.759196919066964404e-01,1.280594744123776940e-01,8.773702679953643280e-01,-2.692704385701157888e-01
2.242184454668753602e-01,-3.292681201732379215e-01,2.867832711729378925e-01,-8.712427613044192443e-01
2.584746708884006483e-01,3.047274409355563152e-01,5.452573354359219193e-01,7.369032971858102687e-01
3.636548328555752607e-01,-1.685220869523743337e-01,9.159566109868018113e-01,-1.946678041106462281e-02
6.581295649109798751e-02,3.965977162161941072e-01,-5.128593463102782968e-01,7.585210591356010834e-01
4.010106442061502352e-01,4.228616184248042142e-02,3.227885699406382591e-01,8.562767559998798461e-01
1.479733374410372726e-01,-3.764015278350513749e-01,8.849242954843292708e-01,2.309432235671001754e-01
3.243796778188218766e-01,2.435746412666091598e-01,-6.992414842646806905e-01,5.886514804477488427e-01
3.221015934705992456e-01,-2.485516188514990399e-01,7.661020022937593821e-02,9.102766246975778630e-01
1.542713389401308144e-01,3.777621741673182765e-01,-7.868707318903437331e-01,-4.629584701075840081e-01
4.063880215132399942e-01,-4.826224943529294070e-02,-8.319272862304887273e-01,3.747219257998850583e-01
6.186244927268765709e-02,-4.057463106671262976e-01,-1.745169690564345177e-01,8.950345223852292920e-01
3.757130000193634745e-01,1.681467673386847494e-01,-6.294700581706299536e-01,-6.590400990202824882e-01
2.628669709344607641e-01,-3.182940650432261043e-01,-9.010379898426907896e-01,1.331179349683698776e-01
2.374923030733584461e-01,3.390930915411166091e-01,4.115223012373864231e-01,-8.119499226148654270e-01
3.911960624952091070e-01,-1.390284932603546020e-01,-4.248729551221652190e-01,-8.044374995956855567e-01
2.993632214212353995e-02,4.152633626586904603e-01,9.015537852276362951e-01,1.177324449407264051e-01
4.093924810256697744e-01,8.194023876976810894e-02,6.164737862005978952e-01,-6.675654759478649725e-01
1.885111728997142522e-01,-3.738402151213457425e-01,-1.887687581419646432e-01,-8.882980283663476362e-01
3.110161606151540248e-01,2.820256709702306241e-01,8.336777242151089951e-01,3.587644365004936664e-01
3.556360396077632435e-01,-2.253199970755048742e-01,7.739349889961649742e-01,-4.730523639698951399e-01
1.228335129548684540e-01,4.038992254822559302e-01,-6.081774843028370237e-02,9.044769456574727196e-01
4.231792175961691105e-01,-1.088891843546472248e-02,7.028018961111163199e-01,5.717257000280989709e-01
1.024559068038038423e-01,-4.119205850780102707e-01,8.721277902063947485e-01,-2.433461244805654178e-01
3.707726003680033577e-01,2.089976616289017652e-01,-3.049025755360465495e-01,8.519871335187436667e-01
3.009815665977517707e-01,-3.025541320464210093e-01,5.190798363765112278e-01,7.405587196281834261e-01
2.120609962430775874e-01,3.716659826004977685e-01,-9.038133267105106228e-01,-4.000213804264969586e-03
4.158165835582628422e-01,-1.057288990197770978e-01,-5.249867181846554764e-01,7.350557220236471068e-01
8.824347157064467081e-03,-4.300938556260152090e-01,2.966390201976036312e-01,8.526116923583711982e-01
4.133052452590653680e-01,1.233447627236106958e-01,-8.668252474305012667e-01,-2.501576186468250085e-01
2.295371568157703879e-01,-3.665029500439695442e-01,-7.044584059531556752e-01,5.627847150837866907e-01
2.929194480457625871e-01,3.196661980982127838e-01,-5.249450267603877202e-02,-8.995865972427531387e-01
3.871200317436272464e-01,-1.977445948004978304e-01,-7.642160318781123785e-01,-4.764546283440555530e-01
8.775963321899794833e-02,4.268953654319369573e-01,8.298471053838212264e-01,-3.484427864601206126e-01
4.359684334438454489e-01,2.914607676033398667e-02,1.947527561613966729e-01,-8.781534007322067126e-01
1.445411599083814003e-01,-4.135243455255563361e-01,-6.040066395351743056e-01,-6.657938480846951057e-01
3.610274615423952338e-01,2.500605241981517790e-01,8.918345985728194369e-01,-1.084433263896770333e-01
3.380119534207585708e-01,-2.821268785399274059e-01,4.263332907099246505e-01,-7.901849587169113009e-01
1.824030493476965498e-01,4.019369929959940579e-01,3.985599128189282747e-01,8.039438893005956821e-01
4.370852224615438542e-01,-6.897310748213926479e-02,8.859472452358807537e-01,1.389125531006978609e-01
5.001718890701902648e-02,-4.407670865251165360e-01,6.247342304966179150e-01,-6.425961387184011553e-01
4.125590925091968675e-01,1.659786174119665392e-01,1.636266528779813101e-01,8.806091143168736091e-01
2.704987064908981886e-01,-3.543457612795035128e-01,8.128780153760447602e-01,3.748317800938214539e-01
2.701944829784717617e-01,3.559522055248376948e-01,-7.750238809901902615e-01,4.468007974980611197e-01
4.160574968276525287e-01,-1.660715300209761047e-01,-8.286203291159145723e-02,8.901967702433875029e-01
4.941904120718608462e-02,4.463383409658668866e-01,-6.784151766457587884e-01,-5.814573860969554087e-01
4.444570153016647041e-01,7.137702921203553652e-02,-8.659755846252645828e-01,2.178292176980199946e-01
1.875899505662684263e-01,-4.103940687882135507e-01,-3.221635111429435039e-01,8.322243632807504454e-01
3.464609207128924173e-01,2.907828642970127775e-01,-4.929844715845579928e-01,-7.432203354500562797e-01
3.734214531163179696e-01,-2.571435875196921295e-01,-8.909062645051381013e-01,-2.682576402454989184e-02
1.487880601742193054e-01,4.294241282224286471e-01,5.361490288460698528e-01,-7.113376484605719030e-01
4.546095516516211466e-01,-2.914938759411548480e-02,-2.708409441374347582e-01,-8.480127662533996080e-01
9.316349069618334866e-02,-4.470085656352707493e-01,-8.481670242601875298e-01,-2.685453503742308290e-01
4.070172781283480923e-01,2.093074092214390058e-01,7.086773233942929018e-01,-5.369392843298959050e-01
3.108445221118095736e-01,-3.373794626575256084e-01,-2.897304704247982698e-02,-8.880942201112865808e-01
2.429987516068065068e-01,3.903554636066127737e-01,7.412498253765023026e-01,4.890019582060024517e-01
4.419815559263154947e-01,-1.305934453598388556e-01,8.268123401151367124e-01,-3.224577654256933212e-01
8.218229991644589866e-03,4.618564354275085937e-01,-2.141967187176928855e-01,8.606630347822390448e-01
4.483953031457633132e-01,1.153131426456630859e-01,5.785035469371950789e-01,6.715490878789759366e-01
2.310628224549634846e-01,-4.024201825569214686e-01,8.817931789844789536e-01,-8.431345234567622082e-02
3.271113580631254125e-01,3.306157182834744690e-01,-4.402152388167215880e-01,7.680507468673778426e-01
4.066914172603325328e-01,-2.277877243768462734e-01,3.724824181928030886e-01,8.024784681767117567e-01
1.115311922889358903e-01,4.536766600747810241e-01,-8.696835422528133019e-01,-1.593386882856741571e-01
4.680394249554649111e-01,1.331833087731769220e-02,-6.319993627810746029e-01,6.175261323979056582e-01
1.377613670206216112e-01,-4.485940809981888711e-01,1.389776453249394750e-01,8.720495228769610252e-01
3.965977311450913922e-01,2.527877487153320502e-01,-7.916525587547118548e-01,-3.899933588756577252e-01
3.500291579136168840e-01,-3.156700134005198111e-01,-7.751273017475941440e-01,4.207252040649504532e-01
2.115413913007886670e-01,4.223680516049084788e-01,1.041930771008186263e-01,-8.752138432601845874e-01
4.644586574208243723e-01,-9.164741838614609559e-02,-6.538670291269167434e-01,-5.902006561083610325e-01
3.540229802929985292e-02,-4.731219013576148380e-01,-8.589232080029810534e-01,1.927518262011229666e-01
4.475851007960773287e-01,1.604425015242698649e-01,3.385453707750509800e-01,-8.119807960640346156e-01
2.744136304648718827e-01,-3.895483803907914822e-01,-4.670047164231822534e-01,-7.448864434183932737e-01
3.030722487920986530e-01,3.690183677841799015e-01,8.772533638865094296e-01,4.898154550239784688e-02
4.373258052680421004e-01,-1.942937114181993996e-01,5.463335012450373229e-01,-6.873978463505241443e-01
7.099075249806471866e-02,4.742792234641514670e-01,2.454270465032917792e-01,8.424874456599760197e-01
4.770702855571664069e-01,5.797390696169896218e-02,8.289746097571981664e-01,2.860840176030480797e-01
1.832899885187120048e-01,-4.453519662680410773e-01,7.118943650731035522e-01,-5.111485295167763621e-01
3.812741061133304576e-01,2.958719524684298996e-01,6.075302071952913552e-03,8.758155824457192207e-01
3.875178524742822761e-01,-2.893382670227366282e-01,7.180022694033946218e-01,5.005856793612610822e-01
1.760816455106256062e-01,4.515069604826379979e-01,-8.228283304091180694e-01,2.968000293567089054e-01
4.830926108465090629e-01,-4.961222727819587092e-02,-2.328248491643467033e-01,8.425869366787021031e-01
8.097176136156608584e-02,-4.798541237834739737e-01,5.529938472811638528e-01,6.762997845772071859e-01
4.418817294704299736e-01,2.062365290394062300e-01,-8.709278952422099263e-01,6.075880626686430697e-02
3.170944029421051691e-01,-3.717804067898008991e-01,-4.531514163145934360e-01,7.455764633101543692e-01
2.744916135658758138e-01,4.054632509019798770e-01,-3.466739622860403602e-01,-8.000444175937340141e-01
4.648557835646028868e-01,-1.569450755409007581e-01,-8.527846122950573093e-01,-1.789853311943993830e-01
2.756516374237765257e-02,4.908557634355085741e-01,6.382610038980620626e-01,-5.923881093953845545e-01
4.814461668187943189e-01,1.043329751588137899e-01,-1.148531293495490407e-01,-8.626314261772614067e-01
2.292142412053733425e-01,-4.371649292642822981e-01,-7.700294232445455966e-01,-4.042305574640200905e-01
3.610762982842021795e-01,3.380130368305012678e-01,7.742462521763909811e-01,-3.948592594087321217e-01
4.227914925783911593e-01,-2.585591277702959379e-01,1.247839514622052642e-01,-8.595484260397886489e-01
1.369267156820936082e-01,4.773186627217870792e-01,6.291895522949502162e-01,5.979452115644710020e-01
4.975284255693722124e-01,-4.905048466807132405e-03,8.509807812576131170e-01,-1.681461155667371421e-01
1.279933203392710217e-01,-4.818224426057058363e-01,3.540277238945969684e-01,-7.912832706837742425e-01
4.311956218564698684e-01,2.521548223647769871e-01,4.411742900393424427e-01,7.455558510656878912e-01
3.585604405262917682e-01,-3.491742999414354509e-01,8.628731193171053082e-01,7.043932644459692527e-02
2.415708853589987049e-01,4.394409529127542569e-01,-5.555277525021864449e-01,6.632677230574917093e-01
4.888442426020674358e-01,-1.160720152526483750e-01,2.204301318671913201e-01,8.360437492829024819e-01
1.831059611056462533e-02,-5.030732459792269795e-01,8.092734943072626974e-01,3.027514536079272678e-01
4.809623218744828455e-01,1.518873799468092312e-01,-7.141061412869459391e-01,4.854460708732418195e-01
2.749897143447911918e-01,-4.239714032273522171e-01,-1.616931224575334641e-02,8.627673264510539175e-01
3.360904120412581686e-01,3.786698973828488413e-01,-6.945039442752921621e-01,-5.111913684091917709e-01
4.553516069472760552e-01,-2.235601324040881188e-01,-8.179009502053511405e-01,2.715028856258874801e-01
9.442905387827306429e-02,4.993835550292522463e-01,2.506133312845554295e-01,-8.239491349182046509e-01
5.074558759461855750e-01,4.202234783647400274e-02,-5.275109190799935899e-01,-6.800403565240672465e-01
1.759487057330971216e-01,-4.788485764840990089e-01,-8.592534591031675273e-01,3.780987660970531322e-02
4.154934232949286099e-01,2.976502712054219790e-01,4.651254119339341964e-01,-7.227917282476937766e-01
3.982755534057156321e-01,-3.218440846269681188e-01,-3.211682161221202092e-01,-7.966454328639153148e-01
2.045632109557905531e-01,4.704651809363332160e-01,8.352729139026492389e-01,1.978271102517991376e-01
5.088901454136028901e-01,-7.204842920509922644e-02,6.435113947155556291e-01,-5.672150638172795967e-01
6.616902699042624680e-02,-5.106450612873293382e-01,-9.128453691792401403e-02,-8.523675349106629717e-01
4.754674302062057989e-01,2.001099799188106876e-01,7.480371390342193116e-01,4.175250380222725322e-01
3.200679289134567562e-01,-4.057663916973045515e-01,7.723822239971872561e-01,-3.692368566423981369e-01
3.064581777476772517e-01,4.173125825344510820e-01,-1.446078303099622153e-01,8.432213049745868050e-01
4.847253012180577358e-01,-1.846194765160576179e-01,6.044152138477533187e-01,6.046811395432923897e-01
4.898313749041791759e-02,5.173201943589625929e-01,-8.421589513255361981e-01,1.440443315520368583e-01
5.126127277989810382e-01,9.068784399514563666e-02,-3.685903758712162359e-01,7.701591011376257567e-01
2.243031805482687546e-01,-4.708086017119172961e-01,4.155271642188191894e-01,7.452278306305168964e-01
3.947985751001863997e-01,3.421743763768154145e-01,-8.477845491924472787e-01,-9.117093506463057329e-02
4.357173509512958787e-01,-2.899589131756175608e-01,-5.637197487834396670e-01,6.389790791422953475e-01
1.637712075650554211e-01,4.980776398541531536e-01,-1.958831257868190456e-01,-8.286902058561964601e-01
5.246326340188499637e-01,-2.528844741069314825e-02,-7.890896538086737966e-01,-3.185256849959002823e-01
1.155145522478821379e-01,-5.133340598177481562e-01,-7.153096981184844383e-01,4.598658141541321354e-01
4.648653395527696519e-01,2.484597499243856589e-01,3.773139241056545218e-02,-8.489666134641338235e-01
3.639017272922205337e-01,-3.826017859651708597e-01,-6.707858445470628039e-01,-5.208049126163114551e-01
2.723758176785839313e-01,4.534275798778927280e-01,8.120365641295798076e-01,-2.465998018381744261e-01
5.104700565423834213e-01,-1.420635073606727750e-01,2.675384989651653500e-01,-8.047741501946158449e-01
1.021767428640674635e-03,5.307892587848040966e-01,5.020884566495170676e-01,6.827656262944892251e-01
5.127875715907809218e-01,1.405836056303498560e-01,8.467850929939586546e-01,-1.549717823388465504e-02
2.725107656181233184e-01,-4.576344489570515761e-01,4.761210850985987952e-01,-6.997265938025601928e-01
3.691913627414132870e-01,3.851826922735991365e-01,2.959990483689033947e-01,7.922856774009634506e-01
4.703825063371858684e-01,-2.537416579553845031e-01,8.171714007848374095e-01,2.158387603961501033e-01
1.195441982508736178e-01,5.218527363294704902e-01,-6.477431463437469672e-01,5.420403330147151033e-01
5.357548299174479389e-01,2.375749292594606099e-02,6.830336836964494285e-02,8.412710583512074125e-01
1.658283202576349147e-01,-5.109551711750563996e-01,7.257046824111538230e-01,4.298586921030286834e-01
4.491163102896867931e-01,2.963871135555284919e-01,-7.695371513409446917e-01,3.438921218290176829e-01
4.059507507440023311e-01,-3.545861414668949885e-01,-1.636379508198552157e-01,8.262537608395369437e-01
2.340923673556511708e-01,4.865230413822421163e-01,-5.795768491242569986e-01,-6.103988611630908334e-01
5.321783226770419040e-01,-9.626370875179450504e-02,-8.324688480683065661e-01,1.204788290357551306e-01
4.898806749757085577e-02,-5.394971737579850046e-01,-3.822133191081634185e-01,7.486360580724932268e-01
5.078222166149302108e-01,1.911810400178292901e-01,-3.900975766332706596e-01,-7.439020681210999353e-01
3.200196626867686245e-01,-4.393148890532244111e-01,-8.320071617219543247e-01,-1.111482190292655409e-01
3.388084187934797820e-01,4.261403220826000537e-01,5.708977521159785962e-01,-6.145641039622496971e-01
5.017919253052537387e-01,-2.134669645365452340e-01,-1.718191021688007247e-01,-8.204358078971852875e-01
7.227495366275400734e-02,5.414020454551744521e-01,7.684495276262681696e-01,3.333848822921720023e-01
5.419872731836991031e-01,7.460698329847144372e-02,7.155024640062684904e-01,-4.344419613146944248e-01
2.165733054581734374e-01,-5.033775641731768058e-01,5.858151152335424466e-02,-8.344310862843253851e-01
4.282377373329701586e-01,3.433394407491485167e-01,6.468793713037573889e-01,5.294124552101656667e-01
4.456869355320473014e-01,-3.218839064725863564e-01,8.052419780676738359e-01,-2.221244313614779420e-01
1.919074642196907654e-01,5.161338793634536737e-01,-2.835767864368550772e-01,7.850869696690593313e-01
5.494818434606770774e-01,-4.763320750333856213e-02,4.767604779532774728e-01,6.844707648335044414e-01
1.005497152703315189e-01,-5.431993519961665351e-01,8.335384886928293158e-01,6.148708618408907541e-03
4.976136084186041364e-01,2.419360255658841163e-01,-4.861225098420134949e-01,6.764115327778655873e-01
3.662778106375144116e-01,-4.158959866175546138e-01,2.712005487672047299e-01,7.869697301029862091e-01
3.038416773642559909e-01,4.645273983808439477e-01,-7.985034922402799440e-01,-2.329950731884201931e-01
5.294957535705460128e-01,-1.694587802409765476e-01,-6.509491819236152832e-01,5.168976023381961493e-01
2.239597157299115862e-02,5.563784810785745716e-01,-4.594123022453585475e-02,-8.293556593015183331e-01
5.431109519555219478e-01,1.267503456246442395e-01,-7.030614607665967020e-01,-4.412135833524837292e-01
2.671996519927291036e-01,-4.905263139985097109e-01,-7.657133549464955058e-01,3.188594350283245338e-01
4.023043319489679193e-01,3.887666469041482498e-01,1.818475632417348165e-01,-8.086675352040808562e-01
4.825999619469601432e-01,-2.847141030556664121e-01,-5.547076625020698204e-01,-6.150890711201831840e-01
1.461686210990686963e-01,5.418266701224635495e-01,8.219220354127526607e-01,-9.748210837357626501e-02
5.620556587262752757e-01,3.377165049675937090e-03,3.948766747216807538e-01,-7.267423498123306569e-01
1.531417273596944462e-01,-5.417030021988885613e-01,-3.649200492144422103e-01,-7.415786043511025660e-01
4.821152389512765035e-01,2.922943552670040357e-01,8.155609171827196135e-01,1.303429960300173385e-01
4.107385119091909176e-01,-3.874810073856826964e-01,5.770502577986797998e-01,-5.900553734392028904e-01
2.645367831952099569e-01,4.998444849017847358e-01,1.482713178800833531e-01,8.112899589814379642e-01
5.530781620408141697e-01,-1.220873782319654988e-01,7.473799954233935061e-01,3.473073008028024766e-01
2.962467023879563482e-02,-5.664801167413050509e-01,7.146821876652807992e-01,-4.092090259072597158e-01
5.389598808042072031e-01,1.796556515490532469e-01,-7.869017048988764806e-02,8.191788271301159163e-01
3.171502025388813761e-01,-4.723835494378974542e-01,6.228163260253716249e-01,5.370003308064698055e-01
3.714477527824255887e-01,4.321268311536395901e-01,-7.975243825353920402e-01,1.981106458813905735e-01
5.162025934798324389e-01,-2.433484666783312933e-01,-2.987046685538293223e-01,7.649130193911899411e-01
9.726800726906989492e-02,5.632043066347275362e-01,-4.515613367124216015e-01,-6.851512263263425107e-01
5.696217323943700839e-01,5.628321893812168741e-02,-8.195297608622215124e-01,-2.709709045469846020e-02
2.062230179817653164e-01,-5.348694682859477245e-01,-4.951139084203619589e-01,6.528774283421915348e-01
4.613380257982127031e-01,3.416973363996384516e-01,-2.468070583043182886e-01,-7.807025247949239688e-01
4.528660673263535941e-01,-3.542297719198128636e-01,-7.792930409605319797e-01,-2.492708367629208333e-01
2.211909648347633872e-01,5.316178381370083583e-01,6.531226685370246088e-01,-4.918209136393815184e-01
5.721618533990030508e-01,-7.176590252353617916e-02,-2.422988180753546730e-02,-8.166354030885465409e-01
8.328784830788213411e-02,-5.714536097306965878e-01,-6.801372978244751843e-01,-4.515718795031654076e-01
5.294231928314258040e-01,2.327740087341775566e-01,7.609134776745120066e-01,-2.941734577477715940e-01
3.658661543185027232e-01,-4.489890598602481186e-01,1.992098708019485465e-01,-7.904847934179828339e-01
3.358556820361307538e-01,4.728918926076502993e-01,5.298412319633879486e-01,6.187426667537315739e-01
5.460358462282324243e-01,-1.981090567940249625e-01,8.105304557131014498e-01,-7.508686044516844904e-02
4.563876500795563396e-02,5.799103459833672147e-01,-4.065606231339009558e-01,7.045066028554837212e-01
5.719521619635598020e-01,1.105721175306407511e-01,3.400294125274027635e-01,7.382577665465290817e-01
2.592382642416408700e-01,-5.226160671113941891e-01,7.984661858987202043e-01,1.487269939397366236e-01
4.353506434590702634e-01,3.895874882356638591e-01,-5.821659207598819386e-01,5.654858503586087659e-01
4.921413587746589213e-01,-3.163574548409322507e-01,1.252732558592754009e-01,8.012624133930260628e-01
1.741503872264832664e-01,5.594044702885971887e-01,-7.259083526555195620e-01,-3.602712100556328401e-01
5.864122378852293371e-01,-1.894646427271639774e-02,-7.128468658307095529e-01,3.842018540107978719e-01
1.380682718934581887e-01,-5.710971861656771731e-01,-9.802773876183112911e-02,8.032283104343634905e-01
5.144467165211307202e-01,2.855450614362424200e-01,-5.986289062808913819e-01,-5.435549892282690587e-01
4.127927838583465014e-01,-4.204403481404662690e-01,-7.888912875578378836e-01,1.745925762033908035e-01
2.957703491104849980e-01,5.105530646632746583e-01,3.128985893538400731e-01,-7.442781345239003477e-01
5.716739315164525159e-01,-1.493653566745730132e-01,-4.265257395102484139e-01,-6.848026721510626080e-01
8.249105616543043681e-03,-5.916330015360258265e-01,-8.047753944973410345e-01,-4.731710221103278824e-02
5.688719300250622002e-01,1.657074107563108745e-01,5.030795727893507818e-01,-6.291555647787631100e-01
3.116234935085701596e-01,-5.049173987332127300e-01,-2.228532073111978429e-01,-7.734892803013576623e-01
4.042792960540348979e-01,4.354142792009169094e-01,7.595642977244745353e-01,2.646407638145074070e-01
5.280673205472592446e-01,-2.741328349906996809e-01,6.542569374664016779e-01,-4.668446781608255880e-01
1.238070047107269755e-01,5.827969580690671725e-01,3.201292253271238297e-03,8.031246995192646843e-01
5.955412304697679238e-01,3.588417562874657990e-02,6.569624191039464822e-01,4.609157717361065387e-01
1.934196590032128960e-01,-5.652631504539110674e-01,7.551404097614127231e-01,-2.698691679228397144e-01
4.940340144646921394e-01,3.374026508519166745e-01,-2.156979574477357886e-01,7.717280835261050020e-01
4.573851819175814293e-01,-3.868921220601693189e-01,5.050115173727069973e-01,6.213506647384519077e-01
2.514865101515051937e-01,5.446263090062918311e-01,-7.983063660865618028e-01,5.332602193740244856e-02
5.927289177953601884e-01,-9.753088618043614932e-02,-4.172453215768033297e-01,6.819578417118392633e-01
6.389325650279968627e-02,-5.981087342812069219e-01,3.154608372041093900e-01,7.339400887950476848e-01
5.602611638614013456e-01,2.211343415633762466e-01,-7.807437011367854840e-01,-1.662717786794676855e-01
3.628118027399315770e-01,-4.818061093869617784e-01,-5.862334688459822640e-01,5.408888876237029075e-01
3.683069271018791224e-01,4.786398449761272156e-01,-1.028586782510696046e-01,-7.903632067337414968e-01
5.601742418619786168e-01,-2.278760079612538736e-01,-7.040622844454659246e-01,-3.722548097357936125e-01
7.059494079995728977e-02,6.014279450469943722e-01,7.099946589466893387e-01,-3.594556516695407988e-01
5.993106260996527990e-01,9.220929830576805875e-02,1.165643827162087948e-01,-7.865983494973717294e-01
2.487801605851910070e-01,-5.538598879222133009e-01,-5.743497035467477474e-01,-5.490629055816492743e-01
4.682468671277242867e-01,3.877805792907521587e-01,7.793504474697935391e-01,-1.516046627865803298e-01
4.991139402288021776e-01,-3.485552229120656986e-01,3.261348767561150219e-01,-7.232085269224041157e-01
2.033488978711416595e-01,5.746575127713827724e-01,4.016887687759733705e-01,6.834208818797116169e-01
6.088550612224824521e-01,-4.305935640214707261e-02,7.892921851281381462e-01,6.677763656830758288e-02
1.207638544406590825e-01,-5.991254023246179727e-01,5.100037716952139366e-01,-6.052776194496672924e-01
5.460568746960473563e-01,2.762853748340388660e-01,1.993739629181074391e-01,7.653354193818088236e-01
4.122391532641961343e-01,-4.533730933414759079e-01,7.393418723601845599e-01,2.790794054116794154e-01
3.276718681521862964e-01,5.187446294388562418e-01,-6.543453906151439625e-01,4.420036945894397218e-01
5.880248450801865978e-01,-1.779555782166508671e-01,-1.711229020273307908e-02,7.888382364426926863e-01
1.498642613813942585e-02,6.149742887158829996e-01,-6.335674376115840722e-01,-4.692273790480385176e-01
5.975350143888484844e-01,1.494872497215688212e-01,-7.483972018623985534e-01,2.459819037948365317e-01
3.035779808822993142e-01,-5.368533349746710259e-01,-2.312847011731547775e-01,7.524202902987429109e-01
4.372051908433321477e-01,4.361184212454748965e-01,-4.802528731067329248e-01,-6.229041030710331661e-01
5.374707323276497473e-01,-3.056949961009829964e-01,-7.852622651685240429e-01,3.223284276011945809e-02
1.517491616672566046e-01,6.002274345473429529e-01,4.269108060417435846e-01,-6.591254679002994665e-01
6.197527579582021717e-01,1.355960003843065947e-02,-2.912498737209861521e-01,-7.286262192012511463e-01
1.783087521182765700e-01,-5.945249323350729753e-01,-7.624145059051512519e-01,-1.829486674873697927e-01
5.262541537570447625e-01,3.305858956511252278e-01,5.892416005499513387e-01,-5.162982349682513350e-01
4.593501837656081555e-01,-4.197671258263349081e-01,-8.106169143053522375e-02,-7.786025757293772998e-01
2.826659340306986179e-01,5.552328912164270491e-01,6.818698374685553398e-01,3.832361295606221407e-01
6.112190865672034734e-01,-1.247853535714570500e-01,7.061237924705160429e-01,-3.350060200310671643e-01
4.251266926980046268e-02,-6.231608072572895063e-01,1.342699793403032138e-01,-7.693080357684785042e-01
5.900842000130058773e-01,2.071567477660599121e-01,5.500117034931016891e-01,5.535104739484307812e-01
3.572371398636034479e-01,-5.142678967737265294e-01,7.689097736596256505e-01,-1.291817178268787336e-01
4.010863852093045634e-01,4.818673239074562353e-01,-3.383896407377434690e-01,7.017307494982538696e-01
5.719737318419877425e-01,-2.586291144336806402e-01,3.770859127165120950e-01,6.810016488091310549e-01
9.712232346653501547e-02,6.209563475273136568e-01,-7.730971703186871880e-01,-8.544725855894327871e-02
6.251720751591456349e-01,7.180508471694514727e-02,-5.158706405926228866e-01,5.812756561430704183e-01
2.359589188235810819e-01,-5.842054817250577070e-01,1.764046876238294648e-01,7.562464743285347568e-01
5.009068080053966643e-01,3.834600219629742957e-01,-7.186506901811541281e-01,-2.925610479065027802e-01
5.036039839584307565e-01,-3.811939251761453096e-01,-6.533813903808398660e-01,4.173331732009817330e-01
2.336319782801433154e-01,5.876380199365138779e-01,3.667825429371226326e-02,-7.737909032238399210e-01
6.293986299555955899e-01,-6.882057003555940022e-02,-6.099833397276170910e-01,-4.764886347067918138e-01
1.013676691419294618e-01,-6.257635850724555526e-01,-7.406869634539881009e-01,2.225474183613697365e-01
5.768851001692850700e-01,2.646424237583119288e-01,2.459426701315722275e-01,-7.325845833475835844e-01
4.091833220452310571e-01,-4.861867981650970227e-01,-4.556000658199751419e-01,-6.233939254394723628e-01
3.601241109985638400e-01,5.244957396657232707e-01,7.714108083431235885e-01,-1.184096792532491303e-02
6.021728131697755559e-01,-2.077248705119313643e-01,4.355368746202597507e-01,-6.360392378588102247e-01
3.994277981637604086e-02,6.365083311242206721e-01,2.674325020984645307e-01,7.223168110817821397e-01
6.249158219172136208e-01,1.311299327672113546e-01,7.434998923710141039e-01,1.987286247481484802e-01
2.931340796280204608e-01,-5.681230655506195326e-01,5.911788640831093788e-01,-4.917480497281149221e-01
4.701274241320556602e-01,4.343364753609328943e-01,5.991682521089992247e-02,7.659908650281976872e-01
5.444797716605004334e-01,-3.379146482508996185e-01,6.593593893696257924e-01,3.931929099057029919e-01
1.809609279927128223e-01,6.155276080648341974e-01,-7.012324408922727681e-01,3.108889996289113666e-01
6.422509447940903948e-01,-1.055367997895681476e-02,-1.511140123344683894e-01,7.513766692053848173e-01
1.610202450227702919e-01,-6.226128005773789997e-01,5.256482891390670265e-01,5.568838814108124646e-01
5.579230957537597568e-01,3.213605459208412340e-01,-7.575772327789621619e-01,1.073590011362355323e-01
4.588497549349947469e-01,-4.527518593513397693e-01,-3.496386517037672337e-01,6.798716566270224249e-01
3.146065055515292475e-01,5.634950336202224630e-01,-3.527531035029939921e-01,-6.775406568752949665e-01
6.276544815081004369e-01,-1.533959601580097420e-01,-7.562075506289271942e-01,-1.032941025509131888e-01
1.928011448984897833e-02,-6.465951657994810642e-01,-5.206640509268648520e-01,5.571821199773258071e-01
6.188421259576379896e-01,1.909660097772140352e-01,-1.539812111485303614e-01,-7.462279764678029226e-01
3.492485095150855146e-01,-5.462926274914309266e-01,-6.975159428819209806e-01,-3.050595895485747611e-01
4.340868552346867082e-01,4.826544528567619508e-01,6.513581295848622776e-01,-3.928687672413140874e-01
5.814824167483332307e-01,-2.902438289826638207e-01,5.546352424782144408e-02,-7.579977019938854976e-01
1.250883226275842641e-01,6.385082264875038272e-01,5.862414712247129289e-01,4.826811511404648369e-01
6.495129871903457808e-01,4.949025885034167432e-02,7.320127435481710299e-01,-1.996019464661593912e-01
2.208938436392541838e-01,-6.135950444652211733e-01,2.596439980514809731e-01,-7.122443580161533783e-01
5.332428183660683496e-01,3.767248703112289210e-01,4.310882982858162404e-01,6.228108443428382879e-01
5.056830597926684767e-01,-4.141626936225962230e-01,7.567647089979256947e-01,7.815463216277690126e-03
2.648738483646345121e-01,5.983849101560871908e-01,-4.431029484179611067e-01,6.127292394306882439e-01
6.480464817069657713e-01,-9.609878405694516346e-02,2.440451934569582704e-01,7.150123948579883981e-01
8.000684155592338587e-02,-6.509797896665036054e-01,7.240213322686160913e-01,2.135821368232331263e-01
6.068664867574067312e-01,2.507297569111459068e-01,-5.920335139115191492e-01,4.672729123922969574e-01
4.037169270902142282e-01,-5.187885398029092876e-01,3.945912909027467219e-02,7.525384182096200858e-01
3.930131303847900770e-01,5.278694422820362497e-01,-6.365596150719551316e-01,-4.021024592183494728e-01
6.141477567406314897e-01,-2.385467755817508584e-01,-6.953185908165334661e-01,2.871411256070963147e-01
6.649038652727407017e-02,6.562298547379978864e-01,1.670654470315023343e-01,-7.328236777412179270e-01
6.509744230570387868e-01,1.107585517039449269e-01,-5.012932473465642191e-01,-5.591689582896536281e-01
2.803993367629721845e-01,-5.986551016176888673e-01,-7.453607272930338201e-01,8.617231260213308042e-02
5.029483608394581529e-01,4.301525631434761077e-01,3.598571949273876580e-01,-6.576583596435098267e-01
5.491490173748417858e-01,-3.706753302638922665e-01,-3.287267653201551010e-01,-6.730333349932585696e-01
2.113156951732442779e-01,6.287186041652088608e-01,7.386405977075181095e-01,1.202857479848737643e-01
6.630220383854061872e-01,-3.632829978489318656e-02,5.243674544178095198e-01,-5.330298340593954132e-01
1.416728506053719638e-01,-6.494792796166387605e-01,-1.321399182559230001e-01,-7.352853260832272753e-01
5.889632808439494438e-01,3.098279321938730568e-01,6.759630325858679845e-01,3.165483925520974906e-01
4.559604312303399687e-01,-4.857445227712221536e-01,6.482684771945832480e-01,-3.686466129314307505e-01
3.471897930874051630e-01,5.694589241779646205e-01,-7.343443712304452420e-02,7.414736439647883204e-01
6.420476505558717628e-01,-1.832364474270477273e-01,5.623735232928949168e-01,4.877860586867319159e-01
5.679669664644822723e-03,6.683899199587771678e-01,-7.223773898657427361e-01,1.771822870965286678e-01
6.464803589303734777e-01,1.726761470709126389e-01,-2.723602345933850977e-01,6.914231673600734762e-01
3.389408403367810130e-01,-5.777971750552236552e-01,4.067532404613408703e-01,6.211451783795786108e-01
4.672029046834968447e-01,4.810701374075337378e-01,-7.413366226890673039e-01,-2.670169676195680714e-02
5.887381918845201456e-01,-3.226002714917425296e-01,-4.495879052465699410e-01,5.892258664603932106e-01
1.543675042295190036e-01,6.540877845426785742e-01,-2.211249858525610734e-01,-7.067132264092024219e-01
6.723036831592069662e-01,2.538653896388277584e-02,-7.040003962063610121e-01,-2.274790614348645712e-01
2.036939760050716919e-01,-6.419673242379594358e-01,-5.917933398601559203e-01,4.429078478048927292e-01
5.651667003436229297e-01,3.676634936632973694e-01,-1.972428910754851425e-02,-7.382554494680021451e-01
5.054124232816599172e-01,-4.473529799191688361e-01,-6.134994491432879116e-01,-4.099414832032521327e-01
2.969536803285427462e-01,6.069279038644818103e-01,6.883798784868806475e-01,-2.637994961033614527e-01
6.647947192846295206e-01,-1.247698379467997165e-01,1.820925796058407709e-01,-7.136685233373338821e-01
5.679970436232976982e-02,-6.747369023066338567e-01,-4.769807792105902888e-01,-5.603509993866863104e-01
6.359335500097219596e-01,2.346511798862997711e-01,7.322679543959768056e-01,-6.565810471473941534e-02
3.959216476389295636e-01,-5.510855357209761829e-01,3.690198958634510751e-01,-6.351181761742673570e-01
4.262277635505425377e-01,5.289193462416579283e-01,3.050438742742277998e-01,6.674746838028907669e-01
6.239713574081585667e-01,-2.702999979360341531e-01,7.204135465343263212e-01,1.363890692828204354e-01
9.450678362493082629e-02,6.741271201330433227e-01,-5.269636968422052314e-01,5.088519980902075357e-01
6.756666286516851416e-01,8.848771483356267231e-02,1.109178559301327166e-01,7.234236383239508461e-01
2.654720927069608161e-01,-6.283761606265683142e-01,6.540175073493899038e-01,3.270001052453818113e-01
5.355711113349456154e-01,4.236415683729010673e-01,-6.441047944105916523e-01,3.447033798315437547e-01
5.515244572242821164e-01,-4.038637509525470626e-01,-9.055659437286665836e-02,7.242336273369167632e-01
2.426921594937921645e-01,6.398142187152766613e-01,-5.384115183811353234e-01,-4.917838123856055899e-01
6.820467256001099265e-01,-6.364389482242779894e-02,-7.117833815572581768e-01,1.553259041142677210e-01
1.203771399854466767e-01,-6.750734685342953956e-01,-2.840621651297113304e-01,6.701446430374718988e-01
6.192960600363108803e-01,2.960807259405820457e-01,-3.826310692004424308e-01,-6.183866578707258865e-01
4.507502198171229324e-01,-5.186445874438635473e-01,-7.251390102291671580e-01,-4.478221850091510664e-02
3.803008475892712958e-01,5.731629755775244917e-01,4.549698799920269821e-01,-5.655597908709922850e-01
6.544046727445337330e-01,-2.141859426762636742e-01,-1.987095774093288747e-01,-6.974191064889218028e-01
3.224879339302411108e-02,6.885184613172649071e-01,6.834586591780456022e-01,2.403884459464475654e-01
6.729416531707337334e-01,1.523934059526196039e-01,5.904454625495733078e-01,-4.186883530797346209e-01
3.264009560854551628e-01,-6.086979522854506497e-01,-7.487698158562148751e-04,-7.231518914403548548e-01
5.003308241733329664e-01,4.771754500516905417e-01,5.902080431021405893e-01,4.166858794194278071e-01
5.937719605862796790e-01,-3.555822901545093173e-01,6.804133958452108777e-01,-2.409018565814473878e-01
1.848398458635459318e-01,6.676935675376396429e-01,-1.961628548260574423e-01,6.939305913681073079e-01
6.935105466814414088e-01,-3.910135655235355036e-04,4.527455149983790617e-01,5.604145495959688139e-01
1.844609741730906249e-01,-6.692590998687387716e-01,7.183062381889874226e-01,-4.585361958216139372e-02
5.965903528378420084e-01,3.563567133516908902e-01,-3.771005097187863364e-01,6.122785716647541898e-01
5.028461762125253642e-01,-4.806583420876432422e-01,2.817420326574516798e-01,6.608590683981324654e-01
3.297545592238153578e-01,6.132904792356614898e-01,-7.015434679619169112e-01,-1.515700541332844764e-01
6.796345526520203295e-01,-1.547149591716597827e-01,-5.284347942674293419e-01,4.846821891276176797e-01
3.185815932691150182e-02,-6.969945939060798734e-01,9.035286416585354419e-02,7.106475594041162802e-01
6.640174644941133630e-01,2.165035232895968220e-01,-6.317049859043971649e-01,-3.363864474581657604e-01
3.858721710277053241e-01,-5.829855906249873376e-01,-6.388587141739574538e-01,3.210763337183197286e-01
4.596592736423336101e-01,5.276925676040949975e-01,1.067946818083058275e-01,-7.062922923177504808e-01
6.316597697962342828e-01,-3.028672835929433482e-01,-5.143877955460680607e-01,-4.946539593930856515e-01
1.238748285840604035e-01,6.901842113474269125e-01,7.002326291587995799e-01,-1.340710494900193839e-01
6.989456992101781285e-01,6.442585510177734065e-02,2.947195928916460095e-01,-6.484324022716496660e-01
2.484441337622693147e-01,-6.572121850278764832e-01,-3.587585183666803790e-01,-6.145241913459097427e-01
5.678998007842021023e-01,4.148719350826995389e-01,7.081839745454970858e-01,6.202057680272422824e-02
5.516462265519900265e-01,-4.373693055999134383e-01,4.592260238621320156e-01,-5.417619313478722054e-01
2.749731365137719208e-01,6.488234008154903920e-01,1.768374405868552435e-01,6.871291642454789850e-01
6.993021861831864028e-01,-9.238531349417063165e-02,6.624175887612395730e-01,2.522783073309023405e-01
9.723778957856511751e-02,-6.993425258969132585e-01,5.879760871533422639e-01,-3.946504335305427991e-01
6.488425160778547029e-01,2.802054747497964016e-01,-1.743001287570584631e-02,7.072372133175351960e-01
4.432812335420997507e-01,-5.513529080719484776e-01,5.667147161699470637e-01,4.223104891266807326e-01
4.138276125121025939e-01,5.746403665533192928e-01,-6.714154575104251954e-01,2.184867036367806603e-01
6.647274251238912690e-01,-2.461277240340095374e-01,-2.092426450052309594e-01,6.736290590979688853e-01
6.031443796873699192e-02,7.069512977019813960e-01,-4.286225344281410776e-01,-5.593431453324488878e-01
6.981673790926643530e-01,1.302184396346386386e-01,-7.034823285178873897e-01,2.679705605194370593e-02
3.117099928181377155e-01,-6.389115542290000338e-01,-3.840716667781861049e-01,5.891670909243200693e-01
5.333686009570656195e-01,4.710261051821889033e-01,-2.588595607258773468e-01,-6.531799687458318404e-01
5.966099872824174311e-01,-3.890767814003731062e-01,-6.820471165433841243e-01,-1.657935827010667551e-01
2.163894656938034067e-01,6.793205284596883775e-01,5.287616626706418410e-01,-4.605543646951772430e-01
7.130976558875319338e-01,-2.773223607477666094e-02,-7.048373583244674223e-02,-6.969610457070768428e-01
1.632912220626298316e-01,-6.954062719355448285e-01,-6.090510687157235648e-01,-3.446779503336919181e-01
6.274262541370535518e-01,3.428801020321032844e-01,6.325208751083063463e-01,-2.978034146920116587e-01
4.980335870896208106e-01,-5.139742964202053122e-01,1.221122504719764218e-01,-6.876638474099604492e-01
3.631627277820339006e-01,6.174920460215762574e-01,4.903349948463151531e-01,4.963748574203413200e-01
6.925541723404862182e-01,-1.858194678277390322e-01,6.877262335820492067e-01,-1.134569142584474777e-01
5.289408382527353326e-03,-7.177107641027566931e-01,3.043010744075392848e-01,-6.263099371432783169e-01
6.910489830237539488e-01,1.963786758073174654e-01,3.351729415624154496e-01,6.095455831965297389e-01
3.736383749744719429e-01,-6.143974352944809869e-01,6.904830645865325245e-01,7.837916667833685902e-02
4.932010955137520192e-01,5.242319006260824921e-01,-4.623322124106732378e-01,5.178634174349953101e-01
6.372256250929870802e-01,-3.361346032095652303e-01,1.555479624765557789e-01,6.758415958043660909e-01
1.544813897574812966e-01,7.043827308137226018e-01,-6.408984113840958674e-01,-2.631153644988112883e-01
7.207636152309799815e-01,3.867692734910254532e-02,-5.843702050755921196e-01,3.708306482343530219e-01
2.294026471591639194e-01,-6.850891049537777278e-01,-3.477348059985291978e-02,6.905202015849875030e-01
5.998397794160275076e-01,4.039077342415364202e-01,-5.430488974604521513e-01,-4.267887957959855538e-01
5.495506353478477601e-01,-4.710837297538273405e-01,-6.613813187574838492e-01,1.965934127803156406e-01
3.080446945195186581e-01,6.557520948715120923e-01,2.212969806330103151e-01,-6.527827376797835646e-01
7.147636207366561134e-01,-1.224413031677860642e-01,-4.046473932170418508e-01,-5.571190006745890821e-01
7.235523885408194633e-02,-7.222327797603544930e-01,-6.878021578311254158e-01,8.527774202433948195e-03
6.775240837982098308e-01,2.622844774732131512e-01,3.899045624523756470e-01,-5.658112767777092600e-01
4.336116439512966436e-01,-5.837718184186814208e-01,-2.364356100182945231e-01,-6.444296769743591557e-01
4.476604984372668516e-01,5.739209304328408701e-01,6.619407470498522850e-01,1.790231581250968929e-01
6.730152719735028599e-01,-2.789483149983736920e-01,5.279237891193927501e-01,-4.365028684119073854e-01
8.976754497567521196e-02,7.236574252497104398e-01,5.135041263874782352e-02,6.823670961233625487e-01
7.220984855710278483e-01,1.062479217962787464e-01,5.860812314554462166e-01,3.518436391149735720e-01
2.949451929658500338e-01,-6.683552493968589747e-01,6.250805981505157538e-01,-2.749233339783901386e-01
5.662159129894550613e-01,4.626743008072935481e-01,-1.364714487126734710e-01,6.683618592770417255e-01
5.972756531663959700e-01,-4.229731970050290002e-01,4.662860400859752952e-01,4.969233316830074521e-01
2.489036877004210113e-01,6.889615722223781935e-01,-6.742641933850515024e-01,9.352381391285273515e-02
7.310280101204710279e-01,-5.653056402782991735e-02,-3.127735963891419280e-01,6.038004812450900038e-01
1.402773947848548197e-01,-7.203446892025886505e-01,3.119123902555895889e-01,6.034371898176684734e-01
6.575878363534338744e-01,3.273056961465987125e-01,-6.720470374160993909e-01,-9.381896530149967661e-02
4.910208242602472350e-01,-5.471982217558709616e-01,-4.642626891434349923e-01,4.938955473774858107e-01
3.970670365892323694e-01,6.195495740489578296e-01,-1.348816174438610682e-01,-6.635533460285827356e-01
7.035401580069541305e-01,-2.179718211639981307e-01,-6.189219505203512606e-01,-2.728647108258666076e-01
2.280276196854897144e-02,7.368426326540868931e-01,5.796112299125162348e-01,-3.472661672396265553e-01
7.169591384000054690e-01,1.743650986141483950e-01,5.124163353575030000e-02,-6.730086932890153584e-01
3.592869584283991391e-01,-6.452309956544787228e-01,-5.192400568611768019e-01,-4.300925564350094876e-01
5.267486611019985832e-01,5.185774453032563347e-01,6.503048314382130490e-01,-1.752623960184196139e-01
6.406795380949313889e-01,-3.699905549016965223e-01,2.322892202654301685e-01,-6.314098802667554855e-01
1.862163778018685600e-01,7.167030796559700212e-01,3.808561570326610690e-01,5.537226236125024625e-01
7.410720428815643634e-01,1.134167136470376480e-02,6.712705446385682784e-01,8.913453350977477985e-03
2.084316819515342478e-01,-7.119334257561268364e-01,3.945685775643952842e-01,-5.422385718932301035e-01
6.312977968470849799e-01,3.908102134617474910e-01,2.145103034165998790e-01,6.345989272588776764e-01
5.452716934455935638e-01,-5.049008556904757139e-01,6.412398909050874840e-01,1.912205756764461251e-01
3.417955186504667009e-01,6.606046318944929219e-01,-5.258988289514359149e-01,4.125624382533005230e-01
7.284054104694499543e-01,-1.537035352515752629e-01,3.299422637224033034e-02,6.668674248125315840e-01
4.582692763792437646e-02,-7.436905767543841028e-01,5.628206956539293371e-01,3.578506438357028085e-01
7.052630332882519060e-01,2.423971898084921195e-01,-6.165254903503173400e-01,2.524756938762636183e-01
4.217971507325666836e-01,-6.158052207345180440e-01,-1.498326927183149804e-01,6.483989959452274299e-01
4.816920797723665548e-01,5.710325814124550536e-01,-4.422741188709893301e-01,-4.962742538424597116e-01
6.792663460245816909e-01,-3.125368176845940704e-01,-6.598450460525076000e-01,7.431341702521890302e-02
1.205018409887810560e-01,7.386053750605355850e-01,3.201021784780621049e-01,-5.809268470156968567e-01
7.446762410933286391e-01,8.057575442470804594e-02,-2.890157108908355532e-01,-5.961834974303339418e-01
2.761812543453687208e-01,-6.969473678106682391e-01,-6.528855666804203040e-01,-1.082992062315625281e-01
5.987741425769212977e-01,4.521701089537795148e-01,4.649896272508772799e-01,-4.698897373843041181e-01
5.957907871155930790e-01,-4.571631893954084536e-01,-1.148801803934432764e-01,-6.502597176534694601e-01
2.822723510867534147e-01,6.966087324043221951e-01,5.965084285594544067e-01,2.814894108266425832e-01
7.472644706740987353e-01,-8.668206053249517817e-02,5.736805495873070759e-01,-3.239948429762508630e-01
1.155096339213232681e-01,-7.440107900570810395e-01,6.679273084966906582e-02,-6.547092483352008330e-01
6.869897869808488933e-01,3.097032875737807944e-01,4.953176208435758343e-01,4.321913473588518406e-01
4.818522687996941722e-01,-5.802293057943448407e-01,6.381780204482359053e-01,-1.545352968314069320e-01
4.313585456372648896e-01,6.194788324516857791e-01,-2.421806432232006534e-01,6.095279462813799620e-01
7.125785561956424763e-01,-2.510629054642154467e-01,3.572854442027880162e-01,5.491323429837441372e-01
5.231701957873065301e-02,7.543475811669305697e-01,-6.538908282916539028e-01,-2.548413086716339732e-02
7.416797929167253667e-01,1.505489655527508241e-01,-3.980308096424081676e-01,5.184761984174481864e-01
3.428826754879884531e-01,-6.753976159272394586e-01,1.931249087310298318e-01,6.236764392516614963e-01
5.601992862064097967e-01,5.107678445084703478e-01,-6.199590807309522944e-01,-2.023455138352037164e-01
6.420312584908841602e-01,-4.043259290110040594e-01,-5.226621082098037441e-01,3.887682174402679047e-01
2.189720256887390526e-01,7.271254418707753242e-01,-1.545819753653874737e-02,-6.504620572169611536e-01
7.598230833497057191e-01,-1.748144041393949813e-02,-5.392942693871486393e-01,-3.626637178657131644e-01
1.856132520577633838e-01,-7.376726929408063960e-01,-6.068409550717817069e-01,2.305011366513577686e-01
6.621821543788575237e-01,3.756389731805990229e-01,1.621542585809479520e-01,-6.277867095392057895e-01
5.388422738952290958e-01,-5.387164468562465336e-01,-4.183326584365632539e-01,-4.944000208691315956e-01
3.761164452212471532e-01,6.633847966181714018e-01,6.444654241167316888e-01,-5.586902870143010263e-02
7.402020130696309597e-01,-1.860658783809271410e-01,3.262493810440568187e-01,-5.577112246659285955e-01
1.774822701371748038e-02,-7.636629454071146572e-01,-2.665226656001284389e-01,-5.877665990607174873e-01
7.319828572178237458e-01,2.206212886129328976e-01,6.330068814988025760e-01,1.217769753490407364e-01
4.078921004737968148e-01,-6.473586742456410859e-01,4.644825860901746761e-01,-4.458774590276834426e-01
5.158168834889376164e-01,5.660024063179942555e-01,9.558699157200531427e-02,6.359538865296865406e-01
6.834785352096067745e-01,-3.467844224554073596e-01,5.736772211323150072e-01,2.889499994876360001e-01
1.524131084212495268e-01,7.517640258960071042e-01,-5.665569703330766149e-01,3.010552991013533131e-01
7.658428171323343747e-01,5.329397899209458583e-02,-8.138289366902955180e-02,6.356267425683530536e-01
2.554913545584239221e-01,-7.246076172632343049e-01,4.713108679606309304e-01,4.330519997554527767e-01
6.309464076232877972e-01,4.395625375953551850e-01,-6.249905572677023624e-01,1.344552326099918982e-01
5.921766881336606447e-01,-4.915403607854081369e-01,-2.509299430584380763e-01,5.871533082821632776e-01
3.163873004304112446e-01,7.022540814237797635e-01,-3.339724788335247663e-01,-5.433237199237584969e-01
7.617704953044897032e-01,-1.180846888193069072e-01,-6.356644143763791055e-01,-4.113965295836937569e-02
8.907643650682436909e-02,-7.663421117289886952e-01,-4.002554893318864271e-01,4.945510079958306826e-01
7.155483002773489476e-01,2.901414072830643121e-01,-1.723220547873449970e-01,-6.116483492856555904e-01
4.705715204459099410e-01,-6.129685252076362278e-01,-5.981115069049729449e-01,-2.123550248001268015e-01
4.659302394619171950e-01,6.172953451994924734e-01,5.181860032971297159e-01,-3.651557677717101047e-01
7.196557177061335686e-01,-2.849855114262300759e-01,1.212592415972864194e-03,-6.331488260035178506e-01
8.315376426221150752e-02,7.701838142541199694e-01,5.155261481545186930e-01,3.662446372562543351e-01
7.651440789541870124e-01,1.250150278620493494e-01,5.960095804379524909e-01,-2.090415300273512078e-01
3.244892778014317747e-01,-7.048102509483706868e-01,1.733917731074123003e-01,-6.065348396989802549e-01
5.934521051418277793e-01,5.008412349764475024e-01,3.944952949457628533e-01,4.912699039384110233e-01
6.412905619675837166e-01,-4.390333943805422856e-01,6.281195000184905952e-01,-3.823594443088126210e-02
2.526423535542491328e-01,7.356305526149453655e-01,-3.311746898978115139e-01,5.341749301690303930e-01
7.769698653150439727e-01,-4.769548869990106188e-02,2.444740825833391362e-01,5.781655400445746551e-01
1.610281750436660386e-01,-7.622358693948393382e-01,6.124173139504078822e-01,1.342067055842131873e-01
6.924028437082345722e-01,3.584528675778032580e-01,-4.627078306752833159e-01,4.218901600911941219e-01
5.302950102202137472e-01,-5.724280923273624699e-01,7.704728759377488245e-02,6.206262939357647390e-01
4.109001238295090230e-01,6.640966567352181160e-01,-5.504465484032411426e-01,-2.952038551593767490e-01
7.501286655824538352e-01,-2.194238565459264712e-01,-5.582160193442216034e-01,2.784870409866350704e-01
1.178685732845546549e-02,7.820981244347275929e-01,9.496560773353061868e-02,-6.157638566023513338e-01
7.576085896910104145e-01,1.970334833889871295e-01,-4.472487966505201973e-01,-4.326378914804638320e-01
3.919503461240854691e-01,-6.783394853782357403e-01,-6.107290984506535958e-01,1.150670980587064351e-01
5.499312482648125444e-01,5.588575095065871912e-01,2.584925918266919309e-01,-5.643008827041823272e-01
6.856502526206925685e-01,-3.815840501530173290e-01,-3.109551563337387137e-01,-5.362688080612746377e-01
1.853986403363775959e-01,7.631032452502234387e-01,6.165902022482828704e-01,5.583281957255754879e-02
7.855417565866976704e-01,2.449346665307642126e-02,4.012032465887743204e-01,-4.704892917767918292e-01
2.329479341269719006e-01,-7.512573485404159257e-01,-1.521460020527642121e-01,-5.984974939875357114e-01
6.626376081617900704e-01,4.249003489050369176e-01,5.757085838616262663e-01,2.212028937831529707e-01
5.864549193978535468e-01,-5.260000915057497783e-01,5.124391594451426224e-01,-3.417610848489858744e-01
3.511420119392595351e-01,7.058904438376035761e-01,-1.697053322825111538e-02,6.149227347821423217e-01
7.745107210189753344e-01,-1.506377667673910181e-01,4.915396621704825053e-01,3.685514438491971911e-01
6.106533011366149788e-02,-7.872777030426491018e-01,5.840103672700309723e-01,-1.881401995085673629e-01
7.431812933382654363e-01,2.686880793449220595e-01,-1.834975722307508328e-01,5.846511115489479993e-01
4.572221750839275400e-01,-6.453186529626447898e-01,3.707958328074665855e-01,4.868492262729985920e-01
5.006768288191153493e-01,6.130151358927725669e-01,-6.107982836353527123e-01,2.146189549194607929e-02
7.247589568562282647e-01,-3.196339479884325874e-01,-3.348337392861784889e-01,5.103380847885404803e-01
1.152145847238837395e-01,7.843108874782390716e-01,-2.229120442181734274e-01,-5.673554897879062864e-01
7.872867600289084056e-01,9.784727248719886361e-02,-5.911207248322839503e-01,-1.455395390392432431e-01
3.041702389210610979e-01,-7.333836373309025047e-01,-4.596274704135907552e-01,3.979591620897849347e-01
6.264080430330396521e-01,4.888359846344350612e-01,-5.930861864278464540e-02,-6.042638757237477343e-01
6.384679474391349308e-01,-4.740072772045363370e-01,-5.268330816559438912e-01,-3.002044059018812994e-01
2.871227733019661721e-01,7.422003060504541727e-01,5.486290601916117282e-01,-2.563305933033916961e-01
7.924670213899931426e-01,-7.920456905553004134e-02,1.074910943360402049e-01,-5.951204255345641236e-01
1.347567122818765228e-01,-7.855536485466664276e-01,-4.231599548026669377e-01,-4.309080486616662098e-01
7.218716771818843858e-01,3.393106989657314609e-01,5.953764444130970057e-01,-9.641794795585711952e-02
5.196629943527217854e-01,-6.059351479740743285e-01,2.648200337896536305e-01,-5.409836582131171134e-01
4.460407769007182499e-01,6.627452143107513960e-01,2.882721237722595808e-01,5.279352127920915461e-01
7.581619434362442123e-01,-2.536742473625915317e-01,5.966638549454897911e-01,6.951322141569611646e-02
4.268515363894921644e-02,7.989459909210505639e-01,-4.008301776352011792e-01,4.463165355965798553e-01
7.820670751564474665e-01,1.717101371679600197e-01,1.326429841999373360e-01,5.842024969927253064e-01
3.740259113089973719e-01,-7.086568008701207289e-01,5.527593948411005931e-01,2.288388246449893082e-01
5.839332381405882844e-01,5.496256722940140449e-01,-5.053854944814348826e-01,3.186206140816309484e-01
6.857810439106605260e-01,-4.168300955578959632e-01,-3.176489200100579557e-02,5.957751445689594139e-01
2.193568349855573307e-01,7.725944021251507365e-01,-4.673569504922119311e-01,-3.695374806113991273e-01
8.037183568349836049e-01,-5.735558950432565091e-03,-5.708177423206366452e-01,1.678422214520865485e-01
2.086232972095081184e-01,-7.768197835479174751e-01,-1.924198837841170628e-01,5.621404914027335886e-01
6.937544858676853998e-01,4.082326935565836479e-01,-3.472681887848198534e-01,-4.810983125184609133e-01
5.786479301709032130e-01,-5.604394295184178532e-01,-5.924887217951119167e-01,5.597615170276822386e-03
3.864313237726947903e-01,7.075119615648083338e-01,3.371773192442976685e-01,-4.862192012222769089e-01
7.854514331289631501e-01,-1.842415600391454911e-01,-2.018801237821461758e-01,-5.553066804673839618e-01
3.156338545393902462e-02,-8.067584653715671461e-01,-5.691177648503040754e-01,-1.557225127648344254e-01
7.698085967352290560e-01,2.454114007998356717e-01,4.551983557341867659e-01,-3.741155245200242785e-01
4.418484292536690172e-01,-6.771842875584647148e-01,-4.242137952768619547e-02,-5.868490715754504095e-01
5.354946191705627356e-01,6.066553132458116782e-01,5.028514342983868568e-01,3.039001131524225463e-01
7.278770763859817583e-01,-3.549037621972974121e-01,5.377621563456307374e-01,-2.346276719666661181e-01
1.484018523598250039e-01,7.966901351630838457e-01,-1.189055056968234686e-01,5.736926001483571014e-01
8.080445325620929653e-01,6.912942316053832803e-02,3.990722157575534168e-01,4.278159918240045934e-01
2.819893128304242214e-01,-7.610344497454929469e-01,5.789104553665498365e-01,-7.855748479485613611e-02
6.589698178936691519e-01,4.747912676694723833e-01,-2.698586504163578148e-01,5.172120842028558041e-01
6.335751872622396030e-01,-5.091434113642423487e-01,2.659628780035783735e-01,5.182848794572861850e-01
3.223098004545949524e-01,7.468182417971050979e-01,-5.758768549638222378e-01,-8.212645229752031650e-02
8.062710771152785671e-01,-1.119133881953746912e-01,-3.990866434782318617e-01,4.220570989182372834e-01
1.068790574002686650e-01,-8.075587197468863110e-01,1.138616433388983940e-01,5.687365887879602955e-01
7.505024126801435047e-01,3.182717546551747101e-01,-5.292699703177787818e-01,-2.352073920390633788e-01
5.069803227377300825e-01,-6.391387142919345843e-01,-4.969829120299854019e-01,2.957712653389368285e-01
4.814340345243462993e-01,6.593369219538751658e-01,4.554105070749699113e-02,-5.756927187749183439e-01
7.642802103096120181e-01,-2.887147881198596222e-01,-4.429985336538196372e-01,-3.691501461879239665e-01
7.485392452519069872e-02,8.141584128615125815e-01,5.564002796127638373e-01,-1.481947961192906782e-01
8.052872000824237153e-01,1.447277414092078551e-01,2.001017734507535006e-01,-5.390043473960701714e-01
3.541735053647397935e-01,-7.382217040616272374e-01,-3.239463128756721044e-01,-4.739711279437358038e-01
6.177225988194645634e-01,5.383358706771516067e-01,5.731725272463529253e-01,9.302433016625326692e-03
6.838720706913207215e-01,-4.524182491659297645e-01,3.381500906296527331e-01,-4.618346402741543844e-01
2.541868980406238321e-01,7.802107821701039780e-01,1.814236857305319972e-01,5.419830278762880482e-01
8.203199881258776971e-01,-3.730312763241225293e-02,5.464049095932834721e-01,1.646975061206326640e-01
1.825900722154424616e-01,-8.012202158447823130e-01,4.493706449607917097e-01,-3.503898610084518195e-01
7.242056943964284565e-01,3.896096039034288583e-01,2.643949359909604155e-02,5.683585329070228731e-01
5.687795458116920999e-01,-5.947570277148858109e-01,4.785134925014570828e-01,3.062331525881186733e-01
4.221512469950500224e-01,7.071145458202117151e-01,-5.255745900438288931e-01,2.134214001693858775e-01
7.945609475006272238e-01,-2.187969822847325718e-01,-1.291498823456111444e-01,5.514717482701310125e-01
6.576036924119642302e-04,-8.247274391017821449e-01,3.750124780873291819e-01,4.233082328856839771e-01
7.953521263579813594e-01,2.203799874032073558e-01,-5.613026333557564751e-01,6.153868732669970365e-02
4.244955515691641867e-01,-7.084718999000532147e-01,-2.735484134110764409e-01,4.929932649339976991e-01
5.702814313285917702e-01,5.982345341350772117e-01,-2.440678850830892699e-01,-5.072725093291257092e-01
7.290007892620565810e-01,-3.906915413792554359e-01,-5.542152639851085638e-01,-9.361308624287748015e-02
1.826184210343065328e-01,8.072850215685516417e-01,3.959157003646803785e-01,-3.977337859105568585e-01
8.273562825688278721e-01,3.894531992280906435e-02,-9.585359103526105984e-02,-5.520660583984899894e-01
2.580109643967581912e-01,-7.876814463988947024e-01,-5.052423347920778074e-01,-2.402466740328572936e-01
6.910419663731520723e-01,4.587475143923149812e-01,4.871816143935895904e-01,-2.732504224092907053e-01
6.266257641362451558e-01,-5.443390445950637702e-01,5.823951393820435418e-02,-5.546560332911215641e-01
3.581008494094179428e-01,7.494699379576564846e-01,4.184827430122343150e-01,3.673292631290847599e-01
8.183407728411307147e-01,-1.457269647518288913e-01,5.407190176952328953e-01,-1.292477278434808197e-01
7.747570712659195002e-02,-8.281859972586076424e-01,2.064797656054920549e-01,-5.152393377310209299e-01
7.782108749465630471e-01,2.953962218189408739e-01,3.008640734785377191e-01,4.654134887816435140e-01
4.922825249456716512e-01,-6.719416432124997174e-01,5.528246311444132699e-01,2.317910589395986987e-02
5.169768281543960509e-01,6.538800944373670543e-01,-3.376888965459022285e-01,4.371978847153895065e-01
7.684639837386281203e-01,-3.244439658038927310e-01,1.615902704486328889e-01,5.273403106593860246e-01
1.082005699609510929e-01,8.276895434944948615e-01,-5.229731777034456464e-01,-1.723998597817302247e-01
8.272000962434973292e-01,1.161632774363255821e-01,-4.420859135735528689e-01,3.268120847977277754e-01
3.324489224406056986e-01,-7.669473141735879684e-01,1.142130574948212705e-02,5.487614099269162438e-01
6.512007475936202328e-01,5.250186830804312033e-01,-4.538275191091801219e-01,-3.071376753985202157e-01
6.799264977852789160e-01,-4.882453802745553850e-01,-5.120169005124439732e-01,1.927565818321910485e-01
2.897886289176258567e-01,7.859279272299990460e-01,1.381587816913787681e-01,-5.284429910515928697e-01
8.352963620613581552e-01,-7.011922901073916470e-02,-3.510062549246393826e-01,-4.173222858340769892e-01
1.549215632302193835e-01,-8.243861901416745797e-01,-5.425162362682229844e-01,4.541863202873602096e-02
7.539018785970521552e-01,3.690823772517939361e-01,2.758211038677279570e-01,-4.683298783028775336e-01
5.568753551256533374e-01,-6.288531188629642443e-01,-2.226287251108896581e-01,-4.948434545444648780e-01
4.581988397489665243e-01,7.046962409454878840e-01,5.316580652177376187e-01,1.039073286103147781e-01
8.018099253984961594e-01,-2.542053791375350480e-01,3.912510155391033528e-01,-3.733672610039883155e-01
3.156479419765251954e-02,8.411300479219964155e-01,7.867414149091057907e-02,5.341481870330256898e-01
8.197360409530191072e-01,1.936633145762775843e-01,4.806732245122483649e-01,2.438864387107198550e-01
4.052102501938502077e-01,-7.390898943212775851e-01,4.759218527700777024e-01,-2.510959404408928952e-01
6.049365632051042496e-01,5.877733710773200837e-01,-6.979459730489488700e-02,5.326377126500221326e-01
7.281230600609408521e-01,-4.268947799604625448e-01,3.938249437271120201e-01,3.640049037421571043e-01
2.177674099738328151e-01,8.160614323709267648e-01,-5.237252060145685117e-01,1.110540514119044697e-01
8.451633073599910118e-01,7.379203366309875639e-03,-2.114820086477965100e-01,4.908359107362595952e-01
2.323006994831302574e-01,-8.132456063635685739e-01,2.780550870321918944e-01,4.553606673017775996e-01
7.225308883471189825e-01,4.407467630446346152e-01,-5.314111006824721040e-01,-3.596732296743201940e-02
6.176352192911120920e-01,-5.794927886878489254e-01,-3.357205048095210365e-01,4.123185496681424089e-01
3.943940943228683715e-01,7.501433310463037074e-01,-1.424300933996958396e-01,-5.113237230406525446e-01
8.286373331661527342e-01,-1.805504121659279870e-01,-4.988063959744306608e-01,-1.787565329855092533e-01
4.662773972693071145e-02,-8.473728209223834185e-01,-4.332746148805637909e-01,3.034110484970827804e-01
8.049150743726811719e-01,2.707455065141822770e-01,2.569232600079276920e-03,-5.280170383556261893e-01
4.756069000070529129e-01,-7.042485679188004166e-01,-4.287969301307571479e-01,-3.065374756215600849e-01
5.525673307899481301e-01,6.463852382238258754e-01,4.970282373581774715e-01,-1.726800510152322610e-01
7.706962345931793745e-01,-3.607608733411858948e-01,1.458584424765796417e-01,-5.045832151472204874e-01
1.426324111384320581e-01,8.394960699984469477e-01,3.270770999298940884e-01,4.097839851085569585e-01
8.477393218448963097e-01,8.609448848768114226e-02,5.225037213302500261e-01,-3.025958436661786710e-02
3.089093492754269032e-01,-7.947488881277107176e-01,2.765979146733280047e-01,-4.432186958470574201e-01
6.842707899308695385e-01,5.097066114907515821e-01,2.016882671812314232e-01,4.809308673098788289e-01
6.739498047567107353e-01,-5.242094685508755791e-01,5.081749040723043676e-01,1.129352054104665465e-01
3.260622735434839381e-01,7.897239153790736044e-01,-3.850140470340594478e-01,3.489752352767386268e-01
8.485997608237381140e-01,-1.040935981696010648e-01,6.238328552681721845e-02,5.149284362286468131e-01
1.256920152101271004e-01,-8.462476653216937095e-01,4.555523270636625544e-01,2.460456940425535810e-01
7.827557608645644427e-01,3.467038723223852537e-01,-4.631308684617921334e-01,2.293461192778857294e-01
5.429630166204442165e-01,-6.626295204202928835e-01,-8.013266188541816326e-02,5.095998800521418515e-01
4.944721315056411770e-01,7.002575186417265840e-01,-3.690364537548805890e-01,-3.590944368129669884e-01
8.071716350840958398e-01,-2.903683785567349185e-01,-5.053572259111767107e-01,9.367086243523119193e-02
6.501615564062472596e-02,8.559143098206234423e-01,2.150257872181015883e-01,-4.657762387469284726e-01
8.428868884210352075e-01,1.653319753644326706e-01,-2.555524599916329520e-01,-4.437341224677507912e-01
3.840409579987194566e-01,-7.689486808815175767e-01,-5.088862788229820966e-01,-4.759436915957687003e-02
6.393607841960563531e-01,5.752946039919057952e-01,3.321585292542224011e-01,-3.872010042518897466e-01
7.252393826244785124e-01,-4.634117975844652682e-01,-1.239967025311316112e-01,-4.938645173642323694e-01
2.537520526277102229e-01,8.229879188282316349e-01,4.738788008465349977e-01,1.836835957788557072e-01
8.614095095146544478e-01,-2.548407674848100421e-02,4.228525990790628075e-01,-2.802140221367970252e-01
2.049253153909638414e-01,-8.376502604678840447e-01,1.546096093171265770e-02,-5.060717488035347822e-01
7.533449064975037412e-01,4.208329337210520160e-01,4.034185868386553353e-01,3.043427961084380629e-01
6.066214301831585054e-01,-6.145046046959611319e-01,4.805327140345222459e-01,-1.532411236992737014e-01
4.310883821777376501e-01,7.488289778056007595e-01,-1.521642779123093536e-01,4.798583137525341824e-01
8.371246946611498041e-01,-2.162887868995451712e-01,3.032457858384424720e-01,4.006037938178138025e-01
1.441701990706614235e-02,-8.650591342717556254e-01,5.012032037725562272e-01,-1.613047668624466302e-02
8.305353237380254106e-01,2.443824764040448683e-01,-2.757861540116956500e-01,4.176485107185674006e-01
4.569927792430905633e-01,-7.359659509581105707e-01,1.812908792291268445e-01,4.654517545979713899e-01
5.881049341629630556e-01,6.368653155598732463e-01,-4.837229392822643415e-01,-1.206120817419498170e-01
7.709626338060514561e-01,-3.975651185967353229e-01,-3.771101439326557947e-01,3.245713066386055612e-01
1.780565387715778713e-01,8.495374257504407778e-01,-4.704700982236423301e-02,-4.943365352841871396e-01
8.668410249081397456e-01,5.460008045970096008e-02,-4.298598081355327061e-01,-2.466293050302071910e-01
2.836136000747411234e-01,-8.215439243294571092e-01,-4.487186402923091233e-01,2.080396310903796231e-01
7.168375572954983621e-01,4.924343333893597685e-01,8.916968639310830780e-02,-4.854905877342574061e-01
6.659500369009442311e-01,-5.602095742680868184e-01,-3.441230032765414948e-01,-3.524984253382323351e-01
3.629084301732455331e-01,7.915795933190740152e-01,4.855362863063129031e-01,-7.716043953914590581e-02
8.601852349264302866e-01,-1.391355647006256857e-01,2.170140727734454489e-01,-4.400313039640267876e-01
9.497681019966043581e-02,-8.667371641820245109e-01,-2.333883895852414680e-01,-4.304369330770857482e-01
8.106822330981724445e-01,3.225287362219999010e-01,4.851887617397619978e-01,5.797755368620196442e-02
5.270724997875750883e-01,-6.959896631543291967e-01,3.268991333232025287e-01,-3.618424040691459176e-01
5.308700873307795609e-01,6.938015163772780491e-01,1.063478600922609513e-01,4.748752877375246872e-01
8.106221706424027174e-01,-3.271877942604205503e-01,4.481516409088438513e-01,1.870827370462350703e-01
9.960824679765475920e-02,8.690310212644296595e-01,-4.107162270084311340e-01,2.572459176001806180e-01
8.647337429544469378e-01,1.354578718494886536e-01,-2.717329328741001360e-02,4.828543578367253120e-01
3.610380516286493813e-01,-7.979607565702643290e-01,3.776803510244649553e-01,3.004458498632273100e-01
6.734563556225903191e-01,5.608234511158920466e-01,-4.624342596196540645e-01,1.344921904053256456e-01
7.203480064293046325e-01,-5.001416983049168374e-01,-1.569773700180761289e-01,4.542192604373002651e-01
2.904755984295212534e-01,8.280359037910202114e-01,-2.795290978476374644e-01,-3.896715953293053980e-01
8.760415683970493861e-01,-5.955891361028990000e-02,-4.785334268815603087e-01,3.108955932542667704e-03
1.759530872474689422e-01,-8.608212168261680786e-01,-2.732746004394097650e-01,3.915971610018144089e-01
7.833943377671327424e-01,3.990520395943310539e-01,-1.614826765294717359e-01,-4.483013790196033188e-01
5.936048313662508624e-01,-6.492758161433744846e-01,-4.582423397765147954e-01,-1.268391768585132862e-01
4.680831877192475621e-01,7.455202700963855511e-01,3.674230158747538999e-01,-3.001632616685465105e-01
8.437696998140417071e-01,-2.528469891569248285e-01,-3.273912565449275253e-02,-4.722808945970388694e-01
1.907365548325590243e-02,8.811876442713584279e-01,4.035627434438467942e-01,2.455232032905971251e-01
8.549943530805543812e-01,2.163716419736292362e-01,4.325718166974283907e-01,-1.872153630156628279e-01
4.364817297540538599e-01,-7.670021468945892318e-01,9.680784376012281645e-02,-4.602386855062443050e-01
6.234902555872852137e-01,6.253359556571985722e-01,3.190824781367235241e-01,3.440947774903411194e-01
7.692517563522712765e-01,-4.347567757941744326e-01,4.641602437363375189e-01,-6.159179640685739227e-02
2.143797133338966876e-01,8.577759729444957015e-01,-2.173306140562520916e-01,4.135566744038021714e-01
8.844440920832443709e-01,2.175986509713912637e-02,2.115935312587043371e-01,4.153472448198877731e-01
2.566222924555000562e-01,-8.472522677838543181e-01,4.602355844759132286e-01,6.702089623479050295e-02
7.488076618834165199e-01,4.732388976560263916e-01,-3.198148702353186268e-01,3.362298024065778490e-01
6.559380071156030168e-01,-5.961458395990121284e-01,8.954675193833136482e-02,4.542431595162385594e-01
4.002279979604758120e-01,7.914787700239024337e-01,-4.215682267937690408e-01,-1.888362687831903475e-01
8.700107752324256483e-01,-1.751539529370486903e-01,-3.967353181042464483e-01,2.345281030467828987e-01
6.285260774447773424e-02,-8.857899121404120280e-01,-3.761307049741443448e-02,4.582696129766368753e-01
8.375984529155333647e-01,2.966135750829776430e-01,-3.515574824349472771e-01,-2.947143622119589024e-01
5.092362736119151467e-01,-7.288386387862891835e-01,-4.426091401415363502e-01,1.164895073093274724e-01
5.672926043606087987e-01,6.853342303487823806e-01,1.601794282666605396e-01,-4.275963569888848181e-01
8.121406358692523364e-01,-3.645655720441610681e-01,-2.559380077133344145e-01,-3.768491308968738296e-01
1.352521532142855198e-01,8.804339193266575991e-01,4.543864052888020311e-01,8.715700701637687023e-03
8.852083344271545196e-01,1.041143525682365623e-01,2.689267659252083664e-01,-3.650271234018208633e-01
3.362540168479073999e-01,-8.260407934258738871e-01,-1.423118084871505262e-01,-4.293450744041633627e-01
7.071270720492675022e-01,5.443877503443939059e-01,4.316496481303535027e-01,1.314985266797389640e-01
7.134501210558912287e-01,-5.369843629150984343e-01,3.558066528033428932e-01,-2.757505114607793906e-01
3.278412573907226180e-01,8.311798564104342368e-01,1.954387530265744646e-02,4.486403829217274208e-01
8.890090930852391216e-01,-9.475884476797205580e-02,3.766098093689613791e-01,2.425873971109681060e-01
1.454539022818891192e-01,-8.826868816635776716e-01,4.145447884944408745e-01,-1.669121013650577134e-01
8.125915741429237116e-01,3.754523470187999812e-01,-1.029305274325591629e-01,4.337462106721569621e-01
5.786085889152257078e-01,-6.837091447271503863e-01,2.939015076132858173e-01,3.337301455856779286e-01
5.052786022483518602e-01,7.402136113041638543e-01,-4.410944460480198948e-01,4.704288910760533182e-02
8.485422631300943985e-01,-2.901297062212997990e-01,-2.158327290191357772e-01,3.862861819094132732e-01
5.376045992218375646e-02,8.957039657157689350e-01,-1.901959682680074704e-01,-3.983085643123872588e-01
8.782174226743187928e-01,1.867792875596136215e-01,-4.339135409297915635e-01,-7.461028915484839430e-02
4.141177093784469410e-01,-7.972674764651749291e-01,-3.107455641297123816e-01,3.103357667490276306e-01
6.586251686976444253e-01,6.118156224778829033e-01,-7.366369129795333204e-02,-4.318196288201358035e-01
7.655552500333676624e-01,-4.722363713188004741e-01,-3.940464756616752218e-01,-1.887997451497560597e-01
2.515083075424230374e-01,8.641771606488718449e-01,3.807426317031898377e-01,-2.120765301812747861e-01
9.004902851642381245e-01,-1.234514377514783594e-02,4.666994465083076221e-02,-4.321883385935909594e-01
2.279979751799060539e-01,-8.717962159036152237e-01,-3.250071458492165277e-01,-2.869819443744607290e-01
7.800895648151580097e-01,4.521598745095559702e-01,4.208947204380403262e-01,-9.929427504838272966e-02
6.439274573444815353e-01,-6.319195149921159604e-01,1.616252934557001197e-01,-3.998905109718894901e-01
4.379221602623010190e-01,7.894083783449473701e-01,2.324748130879464580e-01,3.619586371807203551e-01
8.780374635218182178e-01,-2.120570239397220613e-01,4.286162843750737084e-01,1.923829562372962251e-02
2.939743963730448439e-02,-9.033439664893827548e-01,2.625707811602001618e-01,-3.378787558147482439e-01
8.634239429347041472e-01,2.690170784859000075e-01,1.238287715298517500e-01,4.084058540121674463e-01
4.894894516532374840e-01,-7.610832628367365515e-01,4.038276440023613190e-01,1.344454450306970528e-01
6.036405343550989011e-01,6.748646709033527813e-01,-3.420730918259786146e-01,2.513200769907083520e-01
8.117092991444598837e-01,-4.024037710216068486e-01,7.559774116883031039e-03,4.232517791637759319e-01
1.718582216030560272e-01,8.900798253063794130e-01,-3.489230869059149476e-01,-2.376453990172066044e-01
9.042451709814427474e-01,7.137630563948707541e-02,-3.944460654418512902e-01,1.471679150067799757e-01
3.097435696775452385e-01,-8.531057318957666613e-01,-1.073948602906873301e-01,4.058766749064840473e-01
7.402783193537064710e-01,5.260180996361739636e-01,-2.685501063720531767e-01,-3.212068011695253245e-01
7.045500059154516936e-01,-5.738404681743324298e-01,-4.161576462751306327e-01,3.360386431265399709e-02
3.657521796643641299e-01,8.323974407221389482e-01,2.123403189787657075e-01,-3.581220918709094314e-01
9.002647595683587189e-01,-1.309964939581414745e-01,-1.692194756667452504e-01,-3.791148246970459379e-01
1.134993512353844880e-01,-9.031783758035545340e-01,-4.060657148928635274e-01,-8.060616563605839391e-02
8.408511706595197532e-01,3.500844934448187895e-01,2.994842799869796846e-01,-2.841114610336591406e-01
5.616587363689464762e-01,-7.177087641309937149e-01,-5.877860022806381118e-02,-4.074047985790416049e-01
5.425753499632474108e-01,7.329085607101745170e-01,3.654672267575432842e-01,1.867906245402868870e-01
8.514155138682601986e-01,-3.280413906726506457e-01,3.625175420634229040e-01,-1.898986583583318621e-01
8.955847928545968006e-02,9.085567525136093447e-01,-5.420934357188993830e-02,4.044320132228714226e-01
9.001324339557736920e-01,1.556735609885465388e-01,2.979596864609762585e-01,2.770331550448009161e-01
3.899471814684839499e-01,-8.266743097585561584e-01,3.970718725054616649e-01,-8.297414847412669381e-02
6.934128534883439166e-01,5.963257464399408514e-01,-1.611313299450616021e-01,3.709594496169840716e-01
7.598679748348521334e-01,-5.099048975744208123e-01,2.091284655817700344e-01,3.447650520766489812e-01
2.893482835167660028e-01,8.687096621287812015e-01,-4.010217454211438270e-01,-2.833113921781686001e-02
9.149243669502705734e-01,-4.763267272205889968e-02,-2.539835589486120759e-01,3.100594830573593086e-01
1.978052160022228390e-01,-8.951006243838254273e-01,1.060867043229570261e-01,3.852448311345572640e-01
8.105936549761033616e-01,4.292394672702893876e-01,-3.746091775479020725e-01,-1.354967540086639832e-01
6.299351862921320766e-01,-6.674330058673281219e-01,-3.259730780441734699e-01,2.268400232331305166e-01
4.758923963598087892e-01,7.853586097044576997e-01,3.094486122233215761e-03,-3.958897642092294999e-01
8.842296048268579733e-01,-2.497524518352896294e-01,-3.203848338033598586e-01,-2.304675183595152332e-01
5.309233067385058479e-03,9.193403373040019977e-01,3.720165387958744851e-01,-1.280189482550830038e-01
8.880806920754473754e-01,2.398001055312415919e-01,1.100199027410907471e-01,-3.764362027632848773e-01
4.678699009348181170e-01,-7.926321495809033335e-01,-2.429728677727962527e-01,-3.062616802283029127e-01
6.398157274513291970e-01,6.624049865119724378e-01,3.890993149179328703e-01,-2.138204574860230744e-02
8.093137238096091979e-01,-4.406045735162353316e-01,2.066183399575728663e-01,-3.289190901166680892e-01
2.093360355610172086e-01,8.979287724901104939e-01,1.486804695942277876e-01,3.574863098235230296e-01
9.217816554307641796e-01,3.732021518319476178e-02,3.764695686080568038e-01,8.483186407278572871e-02
2.815637407351176402e-01,-8.790748780128161410e-01,2.857546909491760490e-01,-2.574751936605561009e-01
7.728171462089445942e-01,5.057479631945767107e-01,4.498477699842796246e-02,3.807217173847609049e-01
6.936551507510534398e-01,-6.106115279672775786e-01,3.356550159071401973e-01,1.825699976622047749e-01
4.041114638696130523e-01,8.316696420569639203e-01,-3.417594343538384316e-01,1.679881551781089444e-01
9.097644343364633679e-01,-1.681835463606793646e-01,-6.006121804885124205e-02,3.747474067108247930e-01
8.016278414165750599e-02,-9.222296469907362848e-01,2.703040600767640522e-01,2.645791400621317346e-01
8.680899388683227524e-01,3.230015700977191817e-01,-3.708360166098860766e-01,6.760541794051956599e-02
5.427842783759626588e-01,-7.511803684188542718e-01,-1.584565247630409512e-01,3.405947900511982485e-01
5.798748268381236359e-01,7.236079507920405440e-01,-1.858665411278850876e-01,-3.249466843024501062e-01
8.523659188274259613e-01,-3.664862673709314844e-01,-3.713167367221567594e-01,-3.583346592235458344e-02
1.263816867626372520e-01,9.196978174928061023e-01,2.428646744923110556e-01,-2.814255561134129668e-01
9.206700381684090884e-01,1.231245287056164373e-01,-8.914153707007987926e-02,-3.595286047295591092e-01
3.640191960108928870e-01,-8.551371563588984204e-01,-3.437499677489642136e-01,-1.344114147778605328e-01
7.277578619571012375e-01,5.788908257259127721e-01,3.071638029438439332e-01,-2.022481258530605952e-01
7.521881173048818869e-01,-5.476638498525689958e-01,1.227048168706586402e-02,-3.662332303726238969e-01
3.278051986072391677e-01,8.713454943454224111e-01,2.908149237986875080e-01,2.207429757567918871e-01
9.276942176374661786e-01,-8.401916336175660471e-02,3.468928171763520640e-01,-1.094969960384943319e-01
1.661106561623605926e-01,-9.170930125452434467e-01,1.105670350665776680e-01,-3.451414014669729191e-01
8.402323361950567726e-01,4.045225920294157618e-01,2.170736425132451242e-01,2.885309818304299112e-01
6.139811485995058105e-01,-7.025899358192028155e-01,3.595609418913052746e-01,-1.051001028721523442e-02
5.140405165558895595e-01,7.793230258300818392e-01,-1.983471797065970987e-01,2.984566384794262173e-01
8.885548439726117520e-01,-2.881473286407627010e-01,1.285823482360066439e-01,3.330285062455079492e-01
4.118649452033601444e-02,9.337231007740605104e-01,-3.447991224255076981e-01,-8.705405748498884488e-02
9.114932579539548607e-01,2.090257387368483488e-01,-2.691723291587634348e-01,2.302922892005860034e-01
4.444183203002762816e-01,-8.233957965835635440e-01,3.239492764564461807e-02,3.513720071559962577e-01
6.757210931933087528e-01,6.479705610316256470e-01,-3.043444462364680025e-01,-1.758113030923144082e-01
8.049428775367778455e-01,-4.790703185888391946e-01,-3.180415956836525893e-01,1.463151979973237871e-01
2.475944195070138298e-01,9.039441200533276932e-01,6.400091069338557925e-02,-3.427621838540787502e-01
9.377581958676175500e-01,2.024187024729146023e-03,-2.418619151124297983e-01,-2.492153341352570661e-01
2.517739286081263073e-01,-9.038700031659586687e-01,-3.417463143199484521e-01,5.327628833478369186e-02
8.046523462696958395e-01,4.836137486596855384e-01,1.532696820066319909e-01,-3.084813581524593618e-01
6.807763512061054678e-01,-6.471999524014981908e-01,-1.626205172648418906e-01,-3.020436203837373879e-01
4.428221892171919083e-01,8.289808743191205975e-01,3.390784675135076198e-01,4.153325918695935370e-02
9.174672859502063238e-01,-2.062307517349495911e-01,2.287903324365220814e-01,-2.517491609391890317e-01
4.551933620225661475e-02,-9.397775780905319731e-01,-7.305163026551704519e-02,-3.307711490827914269e-01
8.942270442850717149e-01,2.942591749107992261e-01,3.108796013539831815e-01,1.308564278588885132e-01
5.220172668901813529e-01,-7.840312521312561289e-01,2.851512558373751616e-01,-1.774309162586042432e-01
6.170791579943444294e-01,7.123179813250476444e-01,-1.977351469876451398e-02,3.338044552825167322e-01
8.513733878054495774e-01,-4.053683643140787440e-01,2.599295515660245970e-01,2.080299785432026261e-01
1.641429452476537987e-01,9.290822419330948545e-01,-3.185408182703253210e-01,9.162438728674571209e-02
9.397637424492373270e-01,8.920420185060579099e-02,-1.087049073011022021e-01,3.115605268301149255e-01
3.363854422207102624e-01,-8.825727607466578029e-01,1.906868642832453831e-01,2.674858426904556663e-01
7.615661963464027684e-01,5.595385016533467315e-01,-3.270049679230953577e-01,1.159613562945957738e-03
7.425172834162812041e-01,-5.854152821528542106e-01,-1.870687316195379091e-01,2.663875389357717727e-01
3.667842350910516802e-01,8.720601218601112814e-01,-1.089042156368335984e-01,-3.051562559845792943e-01
9.387509425944281505e-01,-1.214197740406097875e-01,-3.105544740430311035e-01,-8.694725356131921545e-02
1.329830367095845844e-01,-9.377036675824069745e-01,-2.491729126430893559e-01,2.023368561457832004e-01
8.689201208431869272e-01,3.780569300302024649e-01,-2.115152226264326724e-02,-3.187528734866132973e-01
5.960885295717583965e-01,-7.372952232064025058e-01,-2.711164925163010442e-01,-1.660423627742586006e-01
5.522687165887842919e-01,7.712986506064800629e-01,2.907246173203850703e-01,-1.248072639469179346e-01
8.909842681831539046e-01,-3.271481928730919919e-01,6.571391804731525899e-02,-3.079005922775576165e-01
7.815197503633970755e-02,9.464395054877620117e-01,2.123375187167313161e-01,2.303417230881583400e-01
9.335888695442746688e-01,1.767593106827566596e-01,3.091287682093099565e-01,-4.009206175036041098e-02
4.191782927136656900e-01,-8.532866767198796776e-01,1.450874931152218161e-01,-2.741186341559808670e-01
7.112606756457100499e-01,6.315800879777704324e-01,1.392563782956337259e-01,2.753588655808695274e-01
7.985892233957738728e-01,-5.177035551608031305e-01,3.036466184836327242e-01,4.513327301952708287e-02
2.865414662555194059e-01,9.080926546152309209e-01,-2.111248094263375452e-01,2.206536507622130494e-01
9.521183107038095894e-01,-3.443205152941026387e-02,5.787581701804415252e-02,2.982206331803584076e-01
2.204359268982589715e-01,-9.274154454086396271e-01,2.754049130909167475e-01,1.243411741756711569e-01
8.356945488111983122e-01,4.596548594731135196e-01,-2.591773601369372071e-01,1.521812315709409058e-01
6.659277828339784655e-01,-6.835091215922590724e-01,-2.533127884678282316e-02,2.978486109787765179e-01
4.817874674298857629e-01,8.243190704924256984e-01,-2.272581871076961302e-01,-1.916575660977759832e-01
9.233358857811517773e-01,-2.450479509784480869e-01,-2.861234705658861621e-01,7.440230736564885927e-02
9.645928342579700512e-03,-9.557620911170362499e-01,-1.039405253006079055e-01,2.749948153151868246e-01
9.191841065529749999e-01,2.639154400758115804e-01,-1.635183631172479057e-01,-2.423034536969208286e-01
4.993928537550988978e-01,-8.161703997134044375e-01,-2.905706376925252798e-01,-6.431233237819077540e-03
6.540912702777994525e-01,6.990482933219813733e-01,1.720778702899494472e-01,-2.321320751349872369e-01
8.484213637610066305e-01,-4.445915634196331845e-01,-8.957608581855147634e-02,-2.729389237529662449e-01
2.027540328836608119e-01,9.366684757156138463e-01,2.729160991374094958e-01,8.402244689140939138e-02
9.573500130582556222e-01,5.398653764928575821e-02,2.248651099717393909e-01,-1.732111098267011817e-01
3.071002767158169666e-01,-9.089002015023809333e-01,-1.144637456117660740e-02,-2.818844164891086135e-01
7.947453975063074605e-01,5.382996116407120502e-01,2.352640470319085075e-01,1.525257664270793234e-01
7.308605726316373952e-01,-6.230618786465395020e-01,2.587748864630242673e-01,-1.033067126862960983e-01
4.061902498494356362e-01,8.708325468637774236e-01,-6.472343463544204256e-02,2.692044450951574519e-01
9.480489721324621977e-01,-1.597484043381404428e-01,1.812094026556976545e-01,2.069945558201114755e-01
9.849320081067029775e-02,-9.568657471892643152e-01,2.718689032117660997e-01,-2.818387333975545458e-02
8.965737282431840427e-01,3.498929565940377961e-01,-1.331432355729701977e-01,2.366502642533081513e-01
5.762837986916894417e-01,-7.714551685713670892e-01,1.155085677084277118e-01,2.437451066912884046e-01
5.904796480532633618e-01,7.612860444569401475e-01,-2.639030027171348491e-01,-4.617952908897969555e-02
8.914924971801653220e-01,-3.666610781382076412e-01,-1.888279864185700152e-01,1.874693916219614676e-01
1.161218745230946370e-01,9.574400720187361546e-01,-4.366623955769556586e-02,-2.606098199855292341e-01
9.542975293764870415e-01,1.430684073299657855e-01,-2.362937999210481532e-01,-1.140740828096884346e-01
3.921963150763667638e-01,-8.822193359309913330e-01,-2.279687922769842168e-01,1.261004500300185738e-01
7.463397399676586774e-01,6.132556247561108398e-01,2.852644897338137489e-02,-2.570618076629997972e-01
7.902487947433280979e-01,-5.564071114361472947e-01,-1.919528454242446780e-01,-1.705053485481790587e-01
3.260845845051278391e-01,9.103446806007701175e-01,2.481991111714680620e-01,-5.778068417467237261e-02
9.648087282562948230e-01,-7.196717397863490462e-02,9.546398925440102712e-02,-2.342039079640551580e-01
1.876139286614719459e-01,-9.496382113848452766e-01,-1.350048914927716170e-01,-2.115702259842460742e-01
8.658563159505827667e-01,4.339137257318379515e-01,2.487370283394782222e-01,1.189997827080385533e-02
6.491270562201487682e-01,-7.194434714645507878e-01,1.521702369894227802e-01,-1.946262449531997452e-01
5.209105111909125840e-01,8.176757582201041874e-01,7.041590354604101987e-02,2.347343057113609743e-01
9.273362988188108558e-01,-2.845441224889899701e-01,2.303950004552897668e-01,7.746079663421381878e-02
2.737875386228083574e-02,9.701262469838390912e-01,-1.946783990944550014e-01,1.421470705854331606e-01
9.428853012336328998e-01,2.320310377246145306e-01,3.563288105493652401e-03,2.389899772540205469e-01
4.749493227432137754e-01,-8.475085823021278886e-01,1.954594460902701891e-01,1.339699544080118210e-01
6.908149773365093171e-01,6.838120252215209582e-01,-2.203177497040657296e-01,8.146085204155821546e-02
8.434968992644661379e-01,-4.840596679968608984e-01,-6.021512659735453465e-02,2.248852091153719646e-01
2.421256882482874240e-01,9.424184287461133680e-01,-1.474531512508888420e-01,-1.774266734067414530e-01
9.733683754434889757e-01,1.754741965370218773e-02,-2.278857817789651796e-01,1.772467807859578678e-02
2.762207305686701364e-01,-9.340409930801272242e-01,-1.160558098365934154e-01,1.944237131966480570e-01
8.272046413221808558e-01,5.152082225906746693e-01,-9.080281125276007392e-02,-2.050556466391394717e-01
7.172266353250144055e-01,-6.605070380626982818e-01,-2.176943286439720071e-01,-4.388149412053232029e-02
4.459278408472832078e-01,8.676453866685860383e-01,1.599524814879657308e-01,-1.508477623826153524e-01
9.555461537019555029e-01,-1.989177390164058590e-01,-3.044139575223395178e-02,-2.154915373620409080e-01
6.271407540953702342e-02,-9.745153800713085568e-01,-1.914887950694285079e-01,-9.858377205635018847e-02
9.231121865232629897e-01,3.200839496792062810e-01,1.890567941444251387e-01,-9.832438577399024715e-02
5.545967445119476258e-01,-8.049775507594914004e-01,2.862017374168428913e-02,-2.088407991868346802e-01
6.285765021001099573e-01,7.492893631685896283e-01,1.522501399556220048e-01,1.423970720678396362e-01
8.900577618788461098e-01,-4.065915785763638546e-01,2.018736342488413327e-01,-4.156325955895475571e-02
1.550110051043063486e-01,9.666786860413095761e-01,-8.171566587629273959e-02,1.866184776499746623e-01
9.735521146122027014e-01,1.080228512126416573e-01,1.038987900101603357e-01,1.724308127465175866e-01
3.635218084366776958e-01,-9.101104952372143231e-01,1.983371213432992275e-01,1.460025846529449528e-02
7.808648682597700841e-01,5.930226292205483807e-01,-1.249052966237258616e-01,1.515680890733239472e-01
7.799212556129625495e-01,-5.950841779051935232e-01,5.092746142847705965e-02,1.870936928986410008e-01
3.661305631969682950e-01,9.106741002922346118e-01,-1.797635887760274664e-01,-6.562123056117807884e-02
9.757794809113801149e-01,-1.104982958344500193e-01,-1.552854727630492149e-01,1.073822759991438780e-01
1.533745112666429211e-01,-9.704680780652801264e-01,-2.004700714636661798e-03,1.861825714857454905e-01
8.950522448758363447e-01,4.064358162031564414e-01,-1.486881950626299798e-01,-1.076254008076964058e-01
6.303952553673193293e-01,-7.549085893407043724e-01,-1.712020153236763764e-01,5.834992458531272630e-02
5.600947164176858228e-01,8.090461219182700781e-01,5.048161532692350961e-02,-1.708504836515967185e-01
9.294381652201274546e-01,-3.246274453619767408e-01,-1.086014858550194556e-01,-1.377223148951614573e-01
6.547429985882113890e-02,9.828163408328115525e-01,1.723509617147533368e-01,-8.961152046452189324e-03
9.652574622851184394e-01,1.986691665883091040e-01,9.070869141939993940e-02,-1.434591476727088422e-01
4.487281035337920554e-01,-8.779584602069544497e-01,-6.361041419844873368e-02,-1.542262832836925890e-01
7.271550749489253951e-01,6.666258532535495052e-01,1.597609237014281924e-01,3.649542448124750565e-02
8.365907204832593314e-01,-5.236764842450929436e-01,1.198287926319533403e-01,-1.073311078223285892e-01
2.821676723024756916e-01,9.462975541326326123e-01,1.805438084858285858e-02,1.567685653508837929e-01
9.877615108349726558e-01,-2.003538028119757758e-02,1.356613510463407501e-01,7.430867434076252054e-02
2.438064979111883579e-01,-9.579191890897069683e-01,1.361503444129268381e-01,-6.642516440507630071e-02
8.588548414688305099e-01,4.903016469843335945e-01,-2.388967223676853255e-02,1.462940183685572937e-01
7.016277152879552004e-01,-6.976549687272384226e-01,1.032511716287833892e-01,1.016626249281589039e-01
4.859014277889422972e-01,8.624849397077419821e-01,-1.392704568325627279e-01,2.496539812719365467e-02
9.612038368177356906e-01,-2.388393086090811468e-01,-5.857837238848173644e-02,1.249461605585236446e-01
2.572063498499910922e-02,-9.905917638896299948e-01,6.639160054569549774e-02,1.168698490928297834e-01
9.484569367470955248e-01,2.886859805849880667e-01,-1.300859958550794893e-01,-1.294130721342516728e-02
5.310604930139983804e-01,-8.377717299537680296e-01,-8.321633247944165701e-02,9.585574191810854183e-02
6.664631041469351036e-01,7.353164026871913395e-01,-2.925543751458307279e-02,-1.195024607521967680e-01
8.866619725352093973e-01,-4.468449285937701188e-01,-1.106971205056148377e-01,-4.366123866503775902e-02
1.947328502413623041e-01,9.741126851072596793e-01,9.608444099478663514e-02,-6.285995504865848904e-02
9.912884764064131549e-01,7.169466712282178411e-02,4.025488379052195691e-03,-1.104120767548102955e-01
3.332071109497882766e-01,-9.368791557412811111e-01,-8.422162784663995982e-02,-6.432096200199496905e-02
8.147440628573588972e-01,5.709099804598656291e-01,9.665464185642737294e-02,-3.019580198646423796e-02
7.676099479441743645e-01,-6.336384016670250086e-01,2.965556430525027182e-02,-9.164000903392124919e-02
4.065856502227236380e-01,9.090584842478316441e-01,5.455912833188836936e-02,7.296631253986006482e-02
9.849839938447763066e-01,-1.499410321412849856e-01,8.555211810707763487e-02,-2.248074151944520413e-03
1.177866041504814221e-01,-9.898376935804666932e-01,4.429369074642674348e-02,-6.622480811644464171e-02
9.231990737352585574e-01,3.772696336897004010e-01,2.619533100312338575e-02,6.844631753160138055e-02
6.097569610616543345e-01,-7.898113174593387464e-01,6.422616345580514641e-02,1.641740472024127290e-02
5.992437561209071895e-01,7.984290525776893688e-01,-4.453545954618046837e-02,3.787560683356139962e-02
9.296147731117361257e-01,-3.652053769626284474e-01,4.391002462709382714e-03,4.921509267869442206e-02
1.045586299038527150e-01,9.937819927743857251e-01,-3.308437825851608810e-02,-1.924234043060843100e-02
9.862301844022189901e-01,1.638955219765478033e-01,-2.010176986679295882e-02,9.176061149670631037e-03
