1.243270627449188925e-02,-9.464060423106459424e-03,8.880334505234670495e-01,-4.595132752449977431e-01
1.006695183396950737e-02,2.512127297277225862e-02,-1.377748776669050212e-01,9.900937638470759250e-01
3.472108701044748086e-02,-3.892202694225373356e-03,7.284831913151699201e-01,6.841721543926394533e-01
6.499370773980221033e-03,-4.082575846867186192e-02,9.790338978220051169e-01,-1.994583729514801396e-01
4.265883907643456402e-02,1.942907804428350635e-02,-4.025606553145417710e-01,9.141923502019292380e-01
3.326119328317037049e-02,-3.973965143757029334e-02,5.136371092940290595e-01,8.564411089392390819e-01
3.201463422454127461e-02,4.635613573701793250e-02,-9.955636863659319546e-01,-7.535992479080848294e-02
5.715334010557795996e-02,-1.988982377438609436e-02,-6.363919096579974122e-01,7.689884446120417438e-01
4.209854149430689030e-03,6.428582855529298146e-02,-2.601063485783236540e-01,-9.634284077212232900e-01
6.669395861519462898e-02,1.380535255742158102e-02,-9.364769589802091065e-01,-3.440526608299663280e-01
3.265871785706493668e-02,-6.372096415570491224e-02,-8.215589900033155590e-01,5.656092934347279888e-01
5.517887494357776035e-02,5.070035635930980611e-02,1.280137975317915087e-02,-9.971062582801368812e-01
6.626783262059569857e-02,-4.137740911135824595e-02,-8.063713546691276823e-01,-5.862266820472060713e-01
2.311209626940606207e-02,7.783076436110407392e-02,9.440734918749504878e-01,-3.195832365191231816e-01
8.412776681662678668e-02,-1.611513402757443680e-03,2.843353836804670687e-01,-9.550252936243529556e-01
2.155297352968745667e-02,-8.428421386611249788e-02,-6.152304472837639704e-01,-7.835324737112175919e-01
7.790069377748420898e-02,4.458836769816353074e-02,9.947250026761768060e-01,-4.965408770564617991e-02
6.562283309992533731e-02,-6.510426753246938147e-02,5.338798239631417086e-01,-8.404923626601761288e-01
4.655753004689188596e-02,8.285891334631877159e-02,3.776577151785650566e-01,9.210545298955463700e-01
9.472491552723998065e-02,-2.342380740522882754e-02,9.697734645215576599e-01,2.236469162203120475e-01
2.709663086142153916e-03,-1.000121160208081866e-01,7.425189860196573788e-01,-6.623109464408237779e-01
9.798635394435596668e-02,2.994530540320791343e-02,1.117608145962429023e-01,9.884389072905741536e-01
5.621721546493838734e-02,-8.846441550345932048e-02,8.712251125729594259e-01,4.795627957809427411e-01
7.184824440618188535e-02,7.945085997488984808e-02,-8.944711423242055481e-01,4.341045567305540920e-01
9.772809271272152321e-02,-4.911324179621729541e-02,-1.622286003940217047e-01,9.806727234858716447e-01
2.175049697428568102e-02,1.094444505508232329e-01,-7.066716478119895450e-01,-6.986873480346466048e-01
1.134460440522644942e-01,8.333559497097480298e-03,-9.782823121577964853e-01,1.732751124489483874e-01
3.895315182537218562e-02,-1.091347164648788920e-01,-4.234943111212573497e-01,8.984569183176963625e-01
9.653241825541962473e-02,6.780492497422829778e-02,-4.887055018861627964e-01,-8.644367627543345645e-01
9.264337510286167754e-02,-7.629876751658884459e-02,-9.876896196482775059e-01,-1.003240667239971851e-01
4.969931459429334508e-02,1.114565218094367843e-01,6.522170816864752974e-01,-7.481445717449118904e-01
1.226281080096916914e-01,-1.852583334059193856e-02,-2.339562249587169573e-01,-9.643047368068178304e-01
1.502627070979473296e-02,-1.250733857123727255e-01,-9.220891756516296223e-01,-3.658994554807346034e-01
1.183373386582813186e-01,4.851490651619603384e-02,8.310781563462017463e-01,-5.412501050061777619e-01
7.943123212635580521e-02,-1.026468825044822564e-01,3.817826654781684981e-02,-9.908060944697524297e-01
7.891197566930931162e-02,1.053892047174013746e-01,7.865735383759527855e-01,6.032976747441792797e-01
1.243103642752600158e-01,-4.867441790871417789e-02,9.465706478334688923e-01,-2.935672717370365059e-01
1.400711970415126177e-02,1.345895518700971905e-01,-3.070087817737591762e-01,9.420377174183591773e-01
1.352284485451179241e-01,2.262951234738373729e-02,5.915365462804612617e-01,7.945348867668327042e-01
5.856400989551607122e-02,-1.259260343215726496e-01,9.900195156448428069e-01,-2.396349864587568601e-02
1.071181549178870374e-01,9.111032604478788710e-02,-5.521278081768211665e-01,8.218147557770300038e-01
1.177698207562502958e-01,-7.996212349631971750e-02,3.518761744661560442e-01,9.251591679100755750e-01
4.626640011086834842e-02,1.364235073064060944e-01,-9.582331108290210731e-01,-2.470573864225416583e-01
1.454997752792385191e-01,-8.369573985042412165e-03,-7.549587337882470717e-01,6.393724078358767882e-01
3.102319469715094855e-02,-1.441043962403044387e-01,8.585654693081581912e-02,9.853426499061718191e-01
1.321022392732741080e-01,6.903473947214282258e-02,-8.537373576866930103e-01,-4.989145490112946724e-01
1.028273670038383908e-01,-1.101435913708007225e-01,-9.001637275241340941e-01,4.086565618277241407e-01
7.963204175222653169e-02,1.298156281091442654e-01,1.862839697014129492e-01,-9.706208957452353570e-01
1.478643840140175525e-01,-4.263525026495261494e-02,-6.845754107833921243e-01,-7.125130639684791323e-01
1.744252180288344322e-03,1.554570019630236999e-01,9.768035749826741165e-01,-1.472577808676584776e-01
1.518205037612707364e-01,4.010907332105768941e-02,4.438725119656893314e-01,-8.822238888152309499e-01
7.986343158443956480e-02,-1.369975060742258111e-01,-4.636886496730423524e-01,-8.716916609612544997e-01
1.118586198450161329e-01,1.145531090427849008e-01,9.791617631602620442e-01,1.249298840945865519e-01
1.415299360575116017e-01,-7.805334121327980879e-02,6.673721570195716435e-01,-7.269741103781098834e-01
3.790204683247726941e-02,1.586655695824040480e-01,2.079266438278399853e-01,9.644455312051015694e-01
1.645186540614098913e-01,5.763839069764223680e-03,9.071707359260409165e-01,3.872229932537652464e-01
4.980244678733649483e-02,-1.584538005823606654e-01,8.398637482659240261e-01,-5.167600930061381215e-01
1.407027204740443349e-01,9.098855052259563481e-02,-6.323817446624768746e-02,9.838316733136702741e-01
1.262506619929241458e-01,-1.123620197012693139e-01,7.664085466379882972e-01,6.197204906369053745e-01
7.532680278152405207e-02,1.529006447262842017e-01,-9.483267134905003504e-01,2.676260639498821425e-01
1.688386572737305691e-01,-3.216400837899018039e-02,-3.291930800579234706e-01,9.284885031151315360e-01
1.406605213535949174e-02,-1.727178133613477828e-01,5.676668064724341711e-01,8.048137051233584804e-01
1.640557141639926442e-01,6.002750015736408457e-02,-9.846219131158721050e-01,-1.452613864727438043e-03
1.023504771024461996e-01,-1.432837716278491935e-01,-5.697519867219701384e-01,8.027308479505245176e-01
1.117297344121162134e-01,1.378789580508859858e-01,-3.261233820170012510e-01,-9.285200046723781631e-01
1.639065227330647190e-01,-7.153372407861444127e-02,-9.461023299351617455e-01,-2.700147392574308580e-01
2.550302899226521494e-02,1.783824504743100614e-01,7.666876228080927724e-01,-6.162137501775466486e-01
1.800724608121347381e-01,2.308448032904798428e-02,-6.018326120957870340e-02,-9.815390928002714066e-01
7.071450566783628322e-02,-1.686615673861521780e-01,-8.358057853882820964e-01,-5.176692220776476505e-01
1.447906304933683497e-01,1.138912647938061240e-01,9.051126513733956935e-01,-3.831912596195561349e-01
1.493946782840530618e-01,-1.100229895312987982e-01,2.099238890711314365e-01,-9.599521512410144064e-01
6.674268260451039769e-02,1.745208402849172391e-01,6.622156778064870464e-01,7.256433605375957052e-01
1.872878006913133442e-01,-1.799084036977975296e-02,9.746050819620208916e-01,-1.214271122476461434e-01
3.274850271322830159e-02,-1.865910165175206914e-01,4.636826067882074964e-01,-8.655112756556626596e-01
1.722963476000960170e-01,8.179805455306918271e-02,4.386085640509171935e-01,8.782058838428450365e-01
1.255544328910188356e-01,-1.452629297391962448e-01,9.699928978671708002e-01,1.491594573342518160e-01
1.072933378902077989e-01,1.607533989356918491e-01,-6.818498927532025133e-01,7.054978441692407731e-01
1.847136026380232499e-01,-6.101378430717490503e-02,1.820387530871025172e-01,9.638568853826241511e-01
9.692289981920310452e-03,1.955406291283383613e-01,-8.917388307978197926e-01,-4.080095336169700104e-01
1.922758405724926400e-01,4.299256339346852612e-02,-8.479144813998982233e-01,4.921612264871561004e-01
9.321590052773684465e-02,-1.749783887050142817e-01,-8.796243017285479415e-02,9.761946374842906948e-01
1.447335570902170965e-01,1.372848109843651521e-01,-7.458966694678849096e-01,-6.354866140224487703e-01
1.719103169816520449e-01,-1.035859355331017889e-01,-9.493464592774478739e-01,2.417810934138007462e-01
5.440144373281972229e-02,1.944529950779490257e-01,3.508735018616576107e-01,-9.143939530182477737e-01
2.031239032360900310e-01,-6.675021614486977744e-04,-5.436430701147053624e-01,-8.143662853355715381e-01
5.375469684249824937e-02,-1.971255423388128813e-01,-9.785426552214169238e-01,-2.657489486750920504e-02
1.767218172911756147e-01,1.049081856591960876e-01,5.867426044201883295e-01,-7.832603577567388564e-01
1.490284319431943449e-01,-1.432310575523084994e-01,-3.004210676982304595e-01,-9.311404688381099692e-01
9.894174400131197644e-02,1.828207371141983839e-01,9.333964731730154396e-01,2.925032192013899413e-01
2.037063605365045382e-01,-4.695626211669354233e-02,7.777016613308653792e-01,-5.928566049966990104e-01
9.026656274065883792e-03,-2.100189815266940707e-01,-3.476091928572486167e-02,-9.770374738797951153e-01
2.011365592145300529e-01,6.497552556416789915e-02,8.174494672569245779e-01,5.358158583938799069e-01
1.168169157126942581e-01,-1.775382320188338692e-01,9.093199881726855560e-01,-3.577305459205671334e-01
1.407812885677396098e-01,1.607324661174799885e-01,-2.331316851466428697e-01,9.486808317372532606e-01
1.934404176944866383e-01,-9.339905206790134751e-02,6.396137866098203784e-01,7.380729136431217752e-01
3.872632748861495888e-02,2.124408880941815181e-01,-9.716948138048814299e-01,9.580359831288640104e-02
2.162065602458371483e-01,1.933556132268161518e-02,-4.829124802585644249e-01,8.483374303810493622e-01
7.659756862569261360e-02,-2.043042690587553722e-01,4.134872225199734408e-01,8.839801439725430976e-01
1.774378882430079074e-01,1.288856040869647834e-01,-9.601963012698777611e-01,-1.729952597692957783e-01
1.723451891038293438e-01,-1.374085884061302942e-01,-6.956436534993301057e-01,6.837367351335630339e-01
8.699454986026738945e-02,2.037258302710028557e-01,-1.563134953080486111e-01,-9.625454927220742363e-01
2.206241158996751772e-01,-2.975813096427069177e-02,-8.758110215304518720e-01,-4.282458495896794282e-01
3.020611970410147853e-02,-2.216673599279368467e-01,-8.552297044546526283e-01,4.674754800985903569e-01
2.066237943199107641e-01,8.856476159197411435e-02,1.123327214392894763e-01,-9.679071496373208294e-01
1.410590330754024901e-01,-1.764305523792081276e-01,-7.250584127366646037e-01,-6.505881243112178192e-01
1.331366167773446740e-01,1.838159763134925573e-01,9.496352660793397904e-01,-2.160536728302060450e-01
2.136343643493886779e-01,-7.976409902978058575e-02,3.720357598949423084e-01,-8.997707709380166063e-01
2.009722017808786634e-02,2.282243109664556791e-01,5.194872245187592830e-01,8.231906153417908323e-01
2.263826365029329990e-01,4.158626594178544550e-02,9.717927434940530906e-01,5.138431732836103161e-02
1.008221242956589547e-01,-2.080905959612560086e-01,6.030904864910116014e-01,-7.634232562799190269e-01
1.745261291180706109e-01,1.532830988076068213e-01,2.747908322382822677e-01,9.330246086748154033e-01
1.950953187182464799e-01,-1.279889682325231481e-01,9.201313230480737682e-01,3.145075340445778189e-01
7.174329065226517366e-02,2.231244963498732470e-01,-7.879974848493419559e-01,5.693226881533099970e-01
2.352107647585818806e-01,-9.788667768550873144e-03,9.609189537915195645e-03,9.718475917557364285e-01
5.342460781271283349e-02,-2.303345705817036737e-01,7.986877630361729485e-01,5.533440648017056152e-01
2.087009200145927279e-01,1.133155345045972900e-01,-9.127884385784086341e-01,3.322962263140989969e-01
1.655047171079936374e-01,-1.717351281479796432e-01,-2.558911200216901771e-01,9.368217381492836004e-01
1.219896239240577940e-01,2.061348552037401971e-01,-6.167911981842898461e-01,-7.497970198442963641e-01
2.321559343375224072e-01,-6.296785113748111506e-02,-9.680813290398329052e-01,7.040747289507527651e-02
1.122593415833816020e-03,-2.415540294820658351e-01,-5.015505613159699783e-01,8.307210272219160974e-01
2.335065698376095622e-01,6.567017943993740114e-02,-3.883465515966962323e-01,-8.890157845831280214e-01
1.259915790324682150e-01,-2.084521381226523140e-01,-9.497857362039513474e-01,-1.964201706254177782e-01
1.680690146583372901e-01,1.776717744515870778e-01,7.087474155312453172e-01,-6.617119069903308892e-01
2.168874178426089816e-01,-1.151632856276927769e-01,-1.307715917462270450e-01,-9.605186392866918998e-01
5.347393682711556323e-02,2.406897457417113417e-01,8.594052253337375324e-01,4.479192371891029811e-01
2.472261114160041462e-01,1.259153323156105356e-02,8.618093986432905362e-01,-4.427248169406025613e-01
7.827227405314024500e-02,-2.358835077735408903e-01,1.363311108145891515e-01,-9.589818820494265816e-01
2.073430099591615505e-01,1.387974624986891559e-01,7.039144818206074516e-01,6.650177011991678100e-01
1.897331127531151074e-01,-1.635404737366678019e-01,9.491991200111437044e-01,-1.904649310111194149e-01
1.075356221231697634e-01,2.273070871081296629e-01,-3.926660665639823411e-01,8.846360484934865376e-01
2.486884726162926218e-01,-4.329834538149792550e-02,4.952211849148523415e-01,8.312853149710571765e-01
2.457286079531721679e-02,-2.522006322104169418e-01,9.643837113823867657e-01,7.586219641780421463e-02
2.374519147401921992e-01,9.118033675752952594e-02,-6.187870447301152543e-01,7.432397511228596709e-01
1.516809596547613326e-01,-2.053738867363878451e-01,2.492541306081274277e-01,9.341770878692040592e-01
1.581636095817898491e-01,2.016385397910309685e-01,-9.063230802177916212e-01,-3.360128660327377226e-01
2.373492546085624044e-01,-9.913344900567030993e-02,-7.975723576708722007e-01,5.456337827740564972e-01
3.247866377662888410e-02,2.561162373304057271e-01,1.525256796448563358e-02,-9.659797971725334609e-01
2.564529655887859416e-01,3.702091727276581729e-02,-7.795403050702054415e-01,-5.702440187288693174e-01
1.043439032061179578e-01,-2.382001322180831437e-01,-9.155213264559168840e-01,3.069099993147803018e-01
2.025468692876516430e-01,1.645904010468744738e-01,2.781864031646465452e-01,-9.243901182505774861e-01
2.133388591773029141e-01,-1.519540943506522412e-01,-5.937694798619334025e-01,-7.608115989911622412e-01
8.998485696727143157e-02,2.469706913615048738e-01,9.637737563903768789e-01,-4.525869660277937606e-02
2.629388405237677584e-01,-2.105336716576756279e-02,5.195858312785963662e-01,-8.126810480191658526e-01
4.988961228722865737e-02,-2.599603545943688920e-01,-3.632084098232821190e-01,-8.933147774769220062e-01
2.381184381368928182e-01,1.177125738578795322e-01,9.387754393206273473e-01,2.194174876881130609e-01
1.774746844411040914e-01,-1.988659303589494221e-01,7.211557704631781363e-01,-6.394446284492975030e-01
1.449292773200676898e-01,2.247859152626848211e-01,1.054335265739966693e-01,9.577841971703073831e-01
2.561296199713487542e-01,-8.011929947479862202e-02,8.425397008295200107e-01,4.670175244582403518e-01
9.061879038352291943e-03,2.691238524792892717e-01,-8.676541766595278204e-01,4.179311714867376404e-01
2.627020129767527745e-01,6.313239463985191591e-02,-1.599400489704318196e-01,9.494320059173989579e-01
1.312360161407443437e-01,-2.371991488022381356e-01,6.824857651597164843e-01,6.787686293792285497e-01
1.943370081031202401e-01,1.902833063001791447e-01,-9.480446067668800714e-01,1.650357967388642044e-01
2.359326494249190942e-01,-1.371082621884552877e-01,-4.127511438812303535e-01,8.690072511778804687e-01
6.956764791319700048e-02,2.647857893445670907e-01,-4.708668773547599051e-01,-8.386496359834526571e-01
2.746406986207513001e-01,3.455399558033607228e-03,-9.563276144089941644e-01,-9.999020348915273193e-02
7.670225035889362275e-02,-2.646592132627950122e-01,-6.338242832322519282e-01,7.227302703015295871e-01
2.354367014779416289e-01,1.448639887003894955e-01,-2.238322555706774020e-01,-9.346031808961186016e-01
2.029664089325002030e-01,-1.889680759283036138e-01,-8.919883502102212702e-01,-3.570048826196188241e-01
1.285119583394111475e-01,2.467331649551179895e-01,8.064241740224536992e-01,-5.218117222017951695e-01
2.729005507920594931e-01,-5.836222024898115451e-02,3.980531601635192707e-02,-9.594449840620558057e-01
1.645708586069853652e-02,-2.794607395502516356e-01,-7.600269825957073344e-01,-5.865064749015687084e-01
2.658153633287827500e-01,9.055172275217743261e-02,9.175225952852048561e-01,-2.815934396716339716e-01
1.585463832567336750e-01,-2.328277206030435476e-01,3.000022029709975557e-01,-9.114016540952448731e-01
1.827691925501492010e-01,2.154748398991550018e-01,5.705702883784655732e-01,7.711131963886460605e-01
2.571427983234377823e-01,-1.191631104637328881e-01,9.587817867586111431e-01,-2.037694174710968920e-02
4.653678782479060000e-02,2.804369345395688606e-01,-5.370078315168566041e-01,7.942367669747877335e-01
2.835573458461547736e-01,2.990083178916973575e-02,3.380945708898918656e-01,8.968797204808346413e-01
1.046329503393626931e-01,-2.661560727811418392e-01,9.271801092615672424e-01,2.419709396078552621e-01
2.293710698647964674e-01,1.722332805647000253e-01,-7.328639284641355056e-01,6.169562964514704317e-01
2.277602209740532402e-01,-1.757525351647890588e-01,8.031953134624972290e-02,9.543506174406337639e-01
1.090863099072947873e-01,2.671181950294843621e-01,-8.252330333198485413e-01,-4.855290800690745256e-01
2.873597258049966352e-01,-3.412656385101226625e-02,-8.727652811902638641e-01,3.931164325920246116e-01
4.374335738152624470e-02,-2.869059677141485576e-01,-1.831423877108344644e-01,9.392711803300335394e-01
2.656692100936333678e-01,1.188977194197806675e-01,-6.607933177424228921e-01,-6.918348027903491460e-01
1.858750176977242707e-01,-2.250678918034971776e-01,-9.461789055488769584e-01,1.397869828321983976e-01
1.679324179827824670e-01,2.397750244822342280e-01,4.322782329639285881e-01,-8.529022042008002069e-01
2.766173885638387731e-01,-9.830799036254496415e-02,-4.464462216710756715e-01,-8.452834616450394245e-01
2.116817639048054756e-02,2.936355397142885182e-01,9.476370199812744755e-01,1.237503797408707751e-01
2.894841995000361212e-01,5.794049848614787196e-02,6.481948036583404793e-01,-7.019154460370033988e-01
1.332975286868176568e-01,-2.643449511925412554e-01,-1.985463214103435070e-01,-9.343087679559797243e-01
2.199216362295798033e-01,1.994222644117360776e-01,8.771441298945595877e-01,3.774697468228626063e-01
2.514726552409770055e-01,-1.593252978690225530e-01,8.145514586884657904e-01,-4.978783729722478513e-01
8.685640996735309594e-02,2.855998812544975340e-01,-6.403035453826101675e-02,9.522545802319382080e-01
2.992328944194687090e-01,-7.699628065504315541e-03,7.401679259049963600e-01,6.021227716060038038e-01
7.244726647358663840e-02,-2.912718390189912299e-01,9.187968041247592810e-01,-2.563679818252052045e-01
2.621758199983849624e-01,1.477836637899279382e-01,-3.213236579335524978e-01,8.978724491692577914e-01
2.128261067534207296e-01,-2.139380784460344354e-01,5.472153529341987621e-01,7.806989844928071687e-01
1.499497684686551535e-01,2.628075366331733553e-01,-9.531156648261144282e-01,-4.218422462717011726e-03
2.940267259638703057e-01,-7.476162146427209332e-02,-5.538066706850688359e-01,7.754077352462508399e-01
6.239755714304516185e-03,-3.041222818598232625e-01,3.130267068840121847e-01,8.997138344509052477e-01
2.922509416226543033e-01,8.721791814571082380e-02,-9.150148945392920785e-01,-2.640646978417379165e-01
1.623072801187112058e-01,-2.591567213009652870e-01,-7.438677210040101073e-01,5.942684193807543647e-01
2.071253280545792830e-01,2.260381363913684938e-01,-5.544956971188180067e-02,-9.502269226841382199e-01
2.737351995790703874e-01,-1.398265439264181065e-01,-8.075041198722624491e-01,-5.034428214944801638e-01
6.205543176359764462e-02,3.018606077540318400e-01,8.771445829715319720e-01,-3.683024265989802704e-01
3.082762356714191521e-01,2.060938852221580464e-02,2.059213926374945658e-01,-9.285135409240055093e-01
1.022060343317856140e-01,-2.924058689068498307e-01,-6.388583445319045984e-01,-7.042107284023400027e-01
2.552849662511931794e-01,1.768194923675758534e-01,9.436097825843284825e-01,-1.147389704335733673e-01
2.390105443859298351e-01,-1.994938289705761592e-01,4.512351031129990808e-01,-8.363390781217874270e-01
1.289784331028606679e-01,2.842123733571972344e-01,4.219811145073087411e-01,8.511873058405944326e-01
3.090659247589884195e-01,-4.877135202012927717e-02,9.383249968659701512e-01,1.471251495546467558e-01
3.536749345204171641e-02,-3.116693958057476510e-01,6.618918100417806594e-01,-6.808160984617029898e-01
2.917233319534212610e-01,1.173646059039691186e-01,1.734172478583902444e-01,9.333003294868279509e-01
1.912714696619037258e-01,-2.505602906854465517e-01,8.618077937183588055e-01,3.973941271726278979e-01
1.910563511532705760e-01,2.516962183049203938e-01,-8.219533671819146958e-01,4.738556178344968672e-01
2.941970773703335706e-01,-1.174303050398574910e-01,-8.790933453483146254e-02,9.444205376984572409e-01
3.494453915733870125e-02,3.156088676005178728e-01,-7.199834903942714526e-01,-6.170848364971237565e-01
3.142785694657402318e-01,5.047118137678062444e-02,-9.193491231391764940e-01,2.312549035333679448e-01
1.326461261278576720e-01,-2.901924289988843664e-01,-3.421363874232585811e-01,8.838190152830849300e-01
2.449848664522209507e-01,2.056145351972653301e-01,-5.237264582702845228e-01,-7.895667641388307567e-01
2.640488417390829401e-01,-1.818279744738107995e-01,-9.467861802815793482e-01,-2.850834444187716130e-02
1.052090463087825833e-01,3.036487130712008931e-01,5.699730315077616849e-01,-7.562137653989461361e-01
3.214574967650373760e-01,-2.061172963523408286e-02,-2.880263716815746333e-01,-9.018209598312446618e-01
6.587653603028108262e-02,-3.160827880091718889e-01,-9.022953811360230336e-01,-2.856833882212946873e-01
2.878046774246459938e-01,1.480026884130672404e-01,7.541636031324941980e-01,-5.714026002611588551e-01
2.198002694799522927e-01,-2.385633058782099802e-01,-3.084332238351326222e-02,-9.454226991612517672e-01
1.718260650810383705e-01,2.760229953894544619e-01,7.893721542359850574e-01,5.207482227447735035e-01
3.125281553548789892e-01,-9.234351079245692318e-02,8.807945783902683123e-01,-3.435109005596612697e-01
5.811166156442553778e-03,3.265818174254381812e-01,-2.282607554582445353e-01,9.171736882361113397e-01
3.170633595065668886e-01,8.153870512468003318e-02,6.167021838506167031e-01,7.158915295342445084e-01
1.633860886380079369e-01,-2.845540399723275882e-01,9.403455842370813667e-01,-8.991199353157590390e-02
2.313026594895768173e-01,2.337806163651059976e-01,-4.696100604677661550e-01,8.193363742886441425e-01
2.875742589951488792e-01,-1.610702445779202407e-01,3.974934124349402409e-01,8.563623117266584428e-01
7.886446238132734099e-02,3.207978428049418351e-01,-9.284051043388068525e-01,-1.700973334965870665e-01
3.309538512486614459e-01,9.417482077437521262e-03,-6.749091131326868664e-01,6.594532192547475358e-01
9.741199680581034970e-02,-3.172039166739667460e-01,1.484657442276143546e-01,9.315849402582357941e-01
2.804369450958933419e-01,1.787479313174922535e-01,-8.459970797230997874e-01,-4.167652072510218408e-01
2.475079911737353422e-01,-2.232124070927558601e-01,-8.286296854523769184e-01,4.497653388291441567e-01
1.495823522904246028e-01,2.986593134463804144e-01,1.114242717358139845e-01,-9.359553226747222565e-01
3.284218662430645197e-01,-6.480451101908457634e-02,-6.994942405133733887e-01,-6.313851919499053889e-01
2.503320500610507413e-02,-3.345477047778422919e-01,-9.191853286964308811e-01,2.062753096815863885e-01
3.164904599309706357e-01,1.134499808183441899e-01,3.624265020715018437e-01,-8.692582592194425528e-01
1.940397389517302951e-01,-2.754523013745653892e-01,-5.001254277743154564e-01,-7.977149653031201382e-01
2.143044423103493967e-01,2.609353902425850524e-01,9.398046586851579454e-01,5.247410445804556040e-02
3.092360424929000984e-01,-1.373864008857109131e-01,5.854981771156382298e-01,-7.366749157323497776e-01
5.019804249291740655e-02,3.353660550873914237e-01,2.631149844953141193e-01,9.032055527724741628e-01
3.373396340200751076e-01,4.099374274449534006e-02,8.890375798336451751e-01,3.068121021383204416e-01
1.296055938051857148e-01,-3.149113953628944196e-01,7.637486552906410653e-01,-5.483805199555665810e-01
2.696015059235753464e-01,2.092130639533306691e-01,6.520172379370139763e-03,9.399480885810361785e-01
2.740165013154131080e-01,-2.045930506685410544e-01,7.708566116052598671e-01,5.374353216615535000e-01
1.245085255830491594e-01,3.192636335101998180e-01,-8.837183866375190044e-01,3.187635055864777578e-01
3.415980610706804699e-01,-3.508114233818051403e-02,-2.501446059311516201e-01,9.052666757638595518e-01
5.725568154338225163e-02,-3.393081049076234201e-01,5.943462907374020832e-01,7.268729487067815409e-01
3.124575673909804618e-01,1.458312482121404685e-01,-9.363952297233193445e-01,6.532602373030256537e-02
2.242196025966620987e-01,-2.628884467533613711e-01,-4.873919562288243079e-01,8.019129100958780620e-01
1.940948813312681209e-01,2.867058142347325145e-01,-3.730049151729262213e-01,-8.608102499284253639e-01
3.287026768323167980e-01,-1.109769271888059045e-01,-9.178913810210399538e-01,-1.926501609713527907e-01
1.949151420675278648e-02,3.470874389097478585e-01,6.872411342786536315e-01,-6.378479552216104187e-01
3.404338493338393556e-01,7.377455423616485763e-02,-1.237122937698884734e-01,-9.291702630547282737e-01
1.620789443008484321e-01,-3.091222859797113642e-01,-8.297300753553085162e-01,-4.355706948084019925e-01
2.553194990424959565e-01,2.390113104723057547e-01,8.345808291321398231e-01,-4.256294004414052923e-01
2.989587314301622722e-01,-1.828289125840552309e-01,1.345575599110556408e-01,-9.268719052251949142e-01
9.682180918441075923e-02,3.375152631974701611e-01,6.787209336324228071e-01,6.450169599507692419e-01
3.518057235531694693e-01,-3.468393032928000341e-03,9.183117980420857362e-01,-1.814501162901571985e-01
9.050494475848060161e-02,-3.406999164943607106e-01,3.821806137460934116e-01,-8.542074691500065597e-01
3.049013482326601854e-01,1.783003848030231264e-01,4.764341066324805363e-01,8.051426474000183964e-01
2.535405189613766930e-01,-2.469035153046545694e-01,9.321829519799375019e-01,7.609732855343702418e-02
1.708164111745860414e-01,3.107316777356868287e-01,-6.003739569273829346e-01,7.168114744954611206e-01
3.456650788879236935e-01,-8.207530909113604223e-02,2.383138135944042890e-01,9.038726808157726555e-01
1.294754667734827024e-02,-3.557265036654394530e-01,8.752579132886839641e-01,3.274364073381862972e-01
3.400917192926737331e-01,1.074005963370464195e-01,-7.726205846547830047e-01,5.252239203832032022e-01
1.944470917697534995e-01,-2.997930542512368679e-01,-1.750080945034660981e-02,9.338137795050909240e-01
2.376518094461545494e-01,2.677600522706264918e-01,-7.519772332439724760e-01,-5.534947267659742209e-01
3.219822090966104056e-01,-1.580808856258931749e-01,-8.859197464172332559e-01,2.940817803486391879e-01
6.677142433835674129e-02,3.531174981742296604e-01,2.715575234328327370e-01,-8.928079977475709139e-01
3.588254910345072268e-01,2.971428711655060839e-02,-5.718122202944986299e-01,-7.371513500271676955e-01
1.244145229648693507e-01,-3.385970755934316068e-01,-9.317682034397829494e-01,4.100075528084087817e-02
2.937982171502567241e-01,2.104705251913688846e-01,5.045701944436729036e-01,-7.840878040781366076e-01
2.816233445940064528e-01,-2.275781347245061925e-01,-3.485373489242393763e-01,-8.645335162848593047e-01
1.446480336481337781e-01,3.326691197522373411e-01,9.067983334150850894e-01,2.147672825190659607e-01
3.598396727009668949e-01,-5.094593286476456484e-02,6.988829088383383681e-01,-6.160215918364086995e-01
4.678856768944608668e-02,-3.610805856156906746e-01,-9.917713827224772238e-02,-9.260645419565136649e-01
3.362062441321496675e-01,1.414991237836948912e-01,8.130252030853118983e-01,4.537988304558391861e-01
2.263222029750391606e-01,-2.869201671467609405e-01,8.398078423241198687e-01,-4.014696328440127138e-01
2.166986556354548732e-01,2.950845569845811367e-01,-1.572919838456418584e-01,9.171837485983397320e-01
3.427525475039804870e-01,-1.305456837836149186e-01,6.576845038414762534e-01,6.579738665264688313e-01
3.463630868326752349e-02,3.658006174759652618e-01,-9.167355035571727040e-01,1.568000347346171774e-01
3.624719359491933024e-01,6.412598946015521384e-02,-4.013858451136855243e-01,8.386843008351667628e-01
1.586063000073913709e-01,-3.329119549114532006e-01,4.526743450446920058e-01,8.118494991150509987e-01
2.791647496561282527e-01,2.419538218843241828e-01,-9.239334286615086267e-01,-9.936000214768991867e-02
3.080986935383000502e-01,-2.050319137719605056e-01,-6.145928120746616541e-01,6.966439440066637401e-01
1.158037314323603073e-01,3.521940766982627480e-01,-2.136439602126684323e-01,-9.038280181481694875e-01
3.709712931464890784e-01,-1.788163264978051559e-02,-8.609732028655314728e-01,-3.475423583140168637e-01
8.168112322020519567e-02,-3.629819947111505019e-01,-7.807777260149999510e-01,5.019545877704932879e-01
3.287094339363503814e-01,1.756875740234468963e-01,4.120087860030045152e-02,-9.270309983908646689e-01
2.573173790538268446e-01,-2.705403173500563474e-01,-7.327540109877903607e-01,-5.689176236559253530e-01
1.925987877117574243e-01,3.206217165086629461e-01,8.874030122160638800e-01,-2.694871347297612130e-01
3.609568385737996210e-01,-1.004540694138767176e-01,2.924845481420443871e-01,-8.798135766872117181e-01
7.224986775873629748e-04,3.753246842677162576e-01,5.491216110405863216e-01,7.467237211065356206e-01
3.625955691800233915e-01,9.940762086487570093e-02,9.264745469140670542e-01,-1.695559038707269983e-02
1.926942103149128505e-01,-3.235964221621001613e-01,5.211347393499600189e-01,-7.658804608538132275e-01
2.610577161499558763e-01,2.723652937023531839e-01,3.241123498482626486e-01,8.675351291451185443e-01
3.326106599825482402e-01,-1.794224470097698365e-01,8.951409241521621762e-01,2.364327817435921408e-01
8.453051323470174572e-02,3.690056086393239676e-01,-7.098300891293300996e-01,5.939955367607129277e-01
3.788358732880728885e-01,1.679908435192789193e-02,7.488026290351228187e-02,9.222765952264542211e-01
1.172583297669481800e-01,-3.612998664202156096e-01,7.959012058503864839e-01,4.714383959234767496e-01
3.175731885473191962e-01,2.095773378514215191e-01,-8.443123959341477525e-01,3.773078152476289082e-01
2.870505286788539445e-01,-2.507302651460139309e-01,-1.796107319661901236e-01,9.069047982492812743e-01
1.655283003811933440e-01,3.440237417648867035e-01,-6.364060456996151194e-01,-6.702502457082575305e-01
3.763069007654188947e-01,-6.806872124056069506e-02,-9.144640066075931939e-01,1.323455561935787950e-01
3.463979472475665206e-02,-3.814821099952482863e-01,-4.200298387796082000e-01,8.227067636222376024e-01
3.590845330056010032e-01,1.351854098309038243e-01,-4.288679815167233400e-01,-8.178358377784452626e-01
2.262880735988457015e-01,-3.106425371257507950e-01,-9.150689636170866725e-01,-1.222444833100902045e-01
2.395737304519612587e-01,3.013267114816259307e-01,6.281477803646139391e-01,-6.761930246963576696e-01
3.548204731279984703e-01,-1.509439381830993965e-01,-1.891263426569685657e-01,-9.030778404369131929e-01
5.110610984487685970e-02,3.828290576896212771e-01,8.462006552427084882e-01,3.671165062916822985e-01
3.832428761849994703e-01,5.275510381422065381e-02,7.882190421884790466e-01,-4.785943359531919516e-01
1.531404529134599568e-01,-3.559416891240198000e-01,6.456163077630203140e-02,-9.196115002850412390e-01
3.028098080281267368e-01,2.427776468025197587e-01,7.132071716405632422e-01,5.836957809471199354e-01
3.151482544009622799e-01,-2.276062930215822233e-01,8.881731501404310780e-01,-2.450008336610783044e-01
1.356990693100580680e-01,3.649617660980175038e-01,-3.129111918288293714e-01,8.662997506078722321e-01
3.885423376499296255e-01,-3.368176403527662482e-02,5.262961682856669432e-01,7.555876745109233461e-01
7.109938551402797402e-02,-3.840999453326278124e-01,9.205248503868088683e-01,6.790375199001454608e-03
3.518659569235022544e-01,1.710746042909585818e-01,-5.370761222696935899e-01,7.473105559355823768e-01
2.589975236999486619e-01,-2.940828724055425392e-01,2.997514476811859452e-01,8.698187262229029049e-01
2.148485104713605542e-01,3.284704734420396677e-01,-8.829345599651489129e-01,-2.576311868624387436e-01
3.744100379592141814e-01,-1.198254526399954445e-01,-7.200789469083102023e-01,5.717913033567570968e-01
1.583634337052319818e-02,3.934189968769312706e-01,-5.084138132719193820e-02,-9.178158078120811636e-01
3.840374370644307755e-01,8.962602890892457097e-02,-7.783771323373445128e-01,-4.884787218797684849e-01
1.889386858547443260e-01,-3.468544829787879036e-01,-8.480967855524752519e-01,3.531656593732733218e-01
2.844721212218390138e-01,2.748995323250793543e-01,2.014974086046976975e-01,-8.960494705654322711e-01
3.412497056930653416e-01,-2.013232729701072699e-01,-6.149067979504000414e-01,-6.818410430293748714e-01
1.033568231758385525e-01,3.831293126713204988e-01,9.115054509934079618e-01,-1.081069363376095244e-01
3.974333676896211753e-01,2.388016307812058578e-03,4.381007659997711023e-01,-8.062932062565167923e-01
1.082875538986613762e-01,-3.830418662439453170e-01,-4.050368262506232053e-01,-8.231026082790787735e-01
3.409069547758203367e-01,2.066833207118483895e-01,9.056029276460570987e-01,1.447335156896642216e-01
2.904359870654604214e-01,-2.739904479034109275e-01,6.410325007802538666e-01,-6.554795990863591104e-01
1.870557532706084991e-01,3.534434248127488742e-01,1.647816806346784901e-01,9.016290192491648314e-01
3.910853189052518886e-01,-8.632881304510969800e-02,8.309578488068830593e-01,3.861459087977463511e-01
2.094780521626769462e-02,-4.005619319551239066e-01,7.949441239699551742e-01,-4.551649897461803596e-01
3.811021865041482881e-01,1.270357294888230515e-01,-8.756501543880122751e-02,9.115675591782556042e-01
2.242590588699300280e-01,-3.340256111285080376e-01,6.933571612803505202e-01,5.978215557557741144e-01
2.626532248489574783e-01,3.055598126413928139e-01,-8.882357333268341426e-01,2.206439811468719481e-01
3.650103543156721919e-01,-1.720733509795966676e-01,-3.328234482413482409e-01,8.522832600877120468e-01
6.877886753246170715e-02,3.982455844148835022e-01,-5.033576475473622303e-01,-7.637414487446556599e-01
4.027833896872880515e-01,3.979824577815296166e-02,-9.139302440363300528e-01,-3.021836628102700026e-02
1.458216944516615987e-01,-3.782098280746367114e-01,-5.523854480512132570e-01,7.283980204230792177e-01
3.262152464611305924e-01,2.416165036815652589e-01,-2.754760495235811235e-01,-8.713885610127559689e-01
3.202246671757482122e-01,-2.504782738226637440e-01,-8.701950794002552003e-01,-2.783474818685873209e-01
1.564056311718563796e-01,3.759105783464110062e-01,7.296263753825229514e-01,-5.494304942130183722e-01
4.045795264746983588e-01,-5.074615633236519846e-02,-2.707992109424455299e-02,-9.126921234723840426e-01
5.889340232893996996e-02,-4.040787225741064304e-01,-7.604723221208251616e-01,-5.049096953051703807e-01
3.743587297685343485e-01,1.645960800599135798e-01,8.511639288880923360e-01,-3.290647930648103459e-01
2.587064387252571707e-01,-3.174832089057541551e-01,2.229360458916837262e-01,-8.846326413077809647e-01
2.374858302677810007e-01,3.343850640310101485e-01,5.932081272197627930e-01,6.927418185553848584e-01
3.861056496389180248e-01,-1.400842574735259027e-01,9.078685560062711435e-01,-8.410418027713055522e-02
3.227148022210474254e-02,4.100585381250758665e-01,-4.555873349560710106e-01,7.894623025215483647e-01
4.044312522387397135e-01,7.818629411607201651e-02,3.812026446453092854e-01,8.276513815251094197e-01
1.833091345882943146e-01,-3.695453650115105848e-01,8.955491766745595772e-01,1.668102410900439148e-01
3.078393921838354363e-01,2.754799547968722062e-01,-6.532412175137595201e-01,6.345247157251963088e-01
3.479964920919229598e-01,-2.236985015969401858e-01,1.406304798137352485e-01,8.994890160654318567e-01
1.231429197541094034e-01,3.955586943671355327e-01,-8.152627198493762606e-01,-4.046181388034864046e-01
4.146560699794245020e-01,-1.339717336674641282e-02,-8.009531896213005764e-01,4.316883683983910869e-01
9.762901132257228998e-02,-4.038266930543065181e-01,-1.101933490107170482e-01,9.029119580328983652e-01
3.637687618112450116e-01,2.019108492758963369e-01,-6.732246294930005481e-01,-6.112878987179544144e-01
2.918885766911096247e-01,-2.972962212545565142e-01,-8.875969369319846036e-01,1.964375044994171593e-01
2.091412195299364729e-01,3.610155341789753614e-01,3.522078030769745238e-01,-8.377812350647937389e-01
4.042345136028575592e-01,-1.056172565789379320e-01,-4.803278380226446154e-01,-7.711839087698161288e-01
5.832998520181621564e-03,-4.183477073598749207e-01,-9.067023888566280165e-01,-5.330994200600949751e-02
4.022531993474006140e-01,1.171728338386520685e-01,5.670544010526930023e-01,-7.091630255955054807e-01
2.203510854369520322e-01,-3.570305165833266847e-01,-2.513074238104481828e-01,-8.722494987747232420e-01
2.858686317331319282e-01,3.078843894484210586e-01,8.569387402820500821e-01,2.985671172932700679e-01
3.733999832819772657e-01,-1.938411865678165980e-01,7.384698907543971735e-01,-5.269347846974885563e-01
8.754477258934988126e-02,4.120996811055294140e-01,3.615009330281170226e-03,9.069160365395144696e-01
4.211112425413535143e-01,2.537394392437575252e-02,7.422063906730482774e-01,5.207217664156997827e-01
1.367683524959615038e-01,-3.997014068408321630e-01,8.535173627609979885e-01,-3.050267440578137701e-01
3.493348017647967541e-01,2.385797024077073447e-01,-2.439111152641159352e-01,8.726696337822321681e-01
3.234201637481644576e-01,-2.735740430963991554e-01,5.713315117173116686e-01,7.029487494432375971e-01
1.778278167050688918e-01,3.851089563109490466e-01,-9.035626091049517861e-01,6.035702778013753156e-02
4.191226371784628757e-01,-6.896475099331973724e-02,-4.724787985890312458e-01,7.722330367245794358e-01
4.517935494522114237e-02,-4.229267418971443537e-01,3.573871409280682809e-01,8.314843524530459717e-01
3.961644682018644614e-01,1.563655924726856106e-01,-8.849220406768575353e-01,-1.884582116791577167e-01
2.565466860119216541e-01,-3.406883671646281919e-01,-6.647687835314637361e-01,6.133495730960428771e-01
2.604323257117181489e-01,3.384494801286974108e-01,-1.166930166303616068e-01,-8.966658758950885044e-01
3.961030050666383140e-01,-1.611326704991223324e-01,-7.991335485829466068e-01,-4.225212934329195535e-01
4.991816135711268226e-02,4.252737783378199854e-01,8.062470839036401937e-01,-4.081862691491184858e-01
4.237766077522200359e-01,6.520182012046182862e-02,1.324293277368353283e-01,-8.936579784963427642e-01
1.759141385744668051e-01,-3.916380825770181540e-01,-6.528304135503706362e-01,-6.240883585428045333e-01
3.311005350153701787e-01,2.742022772289385846e-01,8.862635327107910577e-01,-1.724021387976049924e-01
3.529268517205231270e-01,-2.464657617391103062e-01,3.710512435367401829e-01,-8.228111814352299103e-01
1.437893846314949597e-01,4.063442241404398581e-01,4.572285461352794123e-01,7.779145460614673713e-01
4.305255425501678945e-01,-3.044756290548657554e-02,8.988534672003303250e-01,7.604700932281791004e-02
8.539294039721519181e-02,-4.236456347648558385e-01,5.810752506644167870e-01,-6.896259674202278589e-01
3.861205190111078878e-01,1.953632620878159587e-01,2.272666844808275410e-01,8.724070120936052719e-01
2.914971007437135442e-01,-3.205831887092791543e-01,8.431822069465956249e-01,3.182760205602495618e-01
2.316989999744752393e-01,3.668078451803180040e-01,-7.466076332966061768e-01,5.043259065606688907e-01
4.157963554623690383e-01,-1.258335961069668718e-01,-1.953454126985173372e-02,9.004985833261351935e-01
1.059700354802970909e-02,4.348524898063744759e-01,-7.235992142646345826e-01,-5.359059551270198840e-01
4.225210606707559546e-01,1.057034479790481402e-01,-8.551612396577047415e-01,2.810729239220629005e-01
2.146620489007939336e-01,-3.796126336632030251e-01,-2.644075385800007671e-01,8.601762067547935597e-01
3.091507552152787941e-01,3.083822930630465975e-01,-5.492985249528288261e-01,-7.124586320339213463e-01
3.800491995181807803e-01,-2.161590047178002516e-01,-8.985974582182754133e-01,3.688493877797207471e-02
1.073028612542908378e-01,4.244248892226307746e-01,4.887649619807473145e-01,-7.546246890441358213e-01
4.382313778113097191e-01,9.588085137351688714e-03,-3.336119419320048851e-01,-8.346043375907872264e-01
1.260833277677445297e-01,-4.203926112386033864e-01,-8.737363123179748836e-01,-2.096614018172786309e-01
3.721178807491944407e-01,2.337595285795390498e-01,6.756106636685428324e-01,-5.919755035154337097e-01
3.248096298799483250e-01,-2.968201811909882415e-01,-9.298932336320978043e-02,-8.931682205024160659e-01
1.998749987635362879e-01,3.926089425169482228e-01,7.825889449915101048e-01,4.398440022349686673e-01
4.321971609023169680e-01,-8.823656970313824288e-02,8.108272766529982523e-01,-3.846804509076103273e-01
3.006099672701685599e-02,-4.406412325813124364e-01,1.542560401819767502e-01,-8.838193903125096673e-01
4.172525393002354255e-01,1.464819411139321181e-01,6.321955225512030374e-01,6.362170860965709052e-01
2.526048040892411306e-01,-3.636423171552454758e-01,8.842428831901785191e-01,-1.485584115845363373e-01
2.836109028230990314e-01,3.407316523671768960e-01,-3.893412674445440036e-01,8.073909674622797850e-01
4.044465044460454628e-01,-1.828784006283271923e-01,4.340815791761209463e-01,7.839334782014129033e-01
6.867585352778025898e-02,4.390824441573938364e-01,-8.903961729986249463e-01,-9.841183609913420338e-02
4.420634137534978358e-01,5.077386232702644359e-02,-5.944408563620451336e-01,6.698074509980899149e-01
1.668481515816002680e-01,-4.130956577341419189e-01,2.033747753625583798e-01,8.718671760200799037e-01
3.541946006831239724e-01,2.711471818439615822e-01,-8.289425372581689100e-01,-3.374606059216234133e-01
3.561017920895676592e-01,-2.695448094391697524e-01,-7.540383679636767367e-01,4.816256315995599557e-01
1.652027561439175507e-01,4.155228287801445708e-01,4.235024612108812675e-02,-8.934513331897173671e-01
4.450520393111240258e-01,-4.866349175726775861e-02,-7.046709147692468145e-01,-5.504538570609465165e-01
7.167776624333266344e-02,-4.424816744243383337e-01,-8.561003238558316797e-01,2.572246121951399789e-01
4.079193662951822175e-01,1.871304524291462490e-01,2.844106988296307148e-01,-8.471685421250255699e-01
2.893363017666218395e-01,-3.437859819059154720e-01,-5.271308194930992563e-01,-7.212688834724078069e-01
2.546462009558614348e-01,3.708744942210869255e-01,8.929835036861211162e-01,-1.370707917316138849e-02
4.258004796385282398e-01,-1.468836645600841706e-01,5.044361892828869154e-01,-7.366568207562865789e-01
2.824381046760065725e-02,4.500793572196688519e-01,3.098985810416918230e-01,8.370147721774963134e-01
4.418822153484267545e-01,9.272286467623122586e-02,8.620072353301740931e-01,2.304042195000559068e-01
2.072770955018506112e-01,-4.017236721993324711e-01,6.857629372519152833e-01,-5.704239570412744653e-01
3.324302896255407203e-01,3.071222670443794489e-01,6.953917348582143443e-02,8.890052412533397952e-01
3.850053387600428922e-01,-2.389417392404780682e-01,7.656478345349894132e-01,4.565754350015794327e-01
1.279586993134577688e-01,4.352437456701797602e-01,-8.146958609070591439e-01,3.611926180667398012e-01
4.541399982873682850e-01,-7.462578679593064208e-03,-1.756569793550865899e-01,8.734104404452964765e-01
1.138585071639202917e-01,-4.402537333418122256e-01,6.113411215432895673e-01,6.476688380146082835e-01
3.945112043880749653e-01,2.272362212264377179e-01,-8.815429354462696043e-01,1.249266278251922879e-01
3.244557732603202682e-01,-3.201439099421503620e-01,-4.070658919303913326e-01,7.915388100099167712e-01
2.224603934808895289e-01,3.984511594378008503e-01,-4.109087290550103577e-01,-7.892414480128346899e-01
4.438187401165042401e-01,-1.084673236343501324e-01,-8.813437016713127070e-01,-1.203870638785916880e-01
1.363309969782522391e-02,-4.572118264192530646e-01,-6.071446722937047236e-01,6.497282749583628281e-01
4.375874637485453467e-01,1.350333604896045703e-01,-1.796524547938146976e-01,-8.706366628000203889e-01
2.469559893974113962e-01,-3.862872214114073111e-01,-8.142371694256466119e-01,-3.561077839653479238e-01
3.069457589603901138e-01,3.412882365848991517e-01,7.607614845345425092e-01,-4.588557554109995995e-01
4.111701600234884402e-01,-2.052333796711901803e-01,6.481396209455578261e-02,-8.857863792656813784e-01
8.845080117721547397e-02,4.514934967927098364e-01,6.854418443969583219e-01,5.643576490796380352e-01
4.592750377110247362e-01,3.499489763575415469e-02,8.563399871241041961e-01,-2.335029407251419109e-01
1.561955347596775678e-01,-4.338772168438190246e-01,3.039064504282493195e-01,-8.336632323745014617e-01
3.770596128856734119e-01,2.663847104386926623e-01,5.048501107751752759e-01,7.293775428578077591e-01
3.575719207105582109e-01,-2.928572491750242590e-01,8.867316898494587152e-01,9.157693035002769516e-03
1.872940943376104062e-01,4.231220277310723255e-01,-5.194834101797102255e-01,7.183492593599988263e-01
4.582380617390793831e-01,-6.795210187044758987e-02,2.862684823173692328e-01,8.387197068489031793e-01
5.657338020551109375e-02,-4.603122236885771046e-01,8.497504926405350378e-01,2.506715173931174934e-01
4.291194080610184480e-01,1.772927113571259039e-01,-6.952223002502020410e-01,5.487164854091938215e-01
2.854709768252854385e-01,-3.668388944965041976e-01,4.636206731671354414e-02,8.841866915924038173e-01
2.779022495904377998e-01,3.732600622187887129e-01,-7.483294437211930328e-01,-4.727053091355435943e-01
4.342680434418066948e-01,-1.686780426440415426e-01,-8.178555505823703609e-01,3.377444044786055422e-01
4.701580319715015222e-02,4.640245803023013149e-01,1.966160544461231507e-01,-8.624458419280824906e-01
4.603084289226325732e-01,7.831812298426030217e-02,-5.902885156449477755e-01,-6.584389798399576943e-01
1.982722724653080137e-01,-4.233130819457894822e-01,-8.781722144947691211e-01,1.015268551386930285e-01
3.556381965362394593e-01,3.041637943435265279e-01,4.242136616647826375e-01,-7.752732606197362264e-01
3.883069940676798781e-01,-2.621070396481613440e-01,-3.877317561833292237e-01,-7.938398222387129666e-01
1.494227610281504415e-01,4.445711884633599120e-01,8.717097397395771052e-01,1.419557202727627088e-01
4.688273794184480425e-01,-2.568798712687576230e-02,6.191807513882997549e-01,-6.294094158298083608e-01
1.001778333730871801e-01,-4.592512028570790994e-01,-1.561202804907015351e-01,-8.687227362021237020e-01
4.164599297546337509e-01,2.190814318552934958e-01,7.990839086352882203e-01,3.742049706847178081e-01
3.224127128757158789e-01,-3.434732459757545153e-01,7.667769972949016744e-01,-4.360380812433867770e-01
2.455002570508585114e-01,4.026682668934348230e-01,-8.690790050629523811e-02,8.775163288820260199e-01
4.539962475529477626e-01,-1.295677345361977706e-01,6.659325703677408947e-01,5.776100943529413057e-01
4.016132934769878204e-03,4.726230448795850636e-01,-8.558862040050481124e-01,2.099288782393438357e-01
4.571306457035803072e-01,1.221004745430079308e-01,-3.228811290817554247e-01,8.196772678059888184e-01
2.396673666232047861e-01,-4.085643006319792936e-01,4.824781609922282333e-01,7.367832719263905927e-01
3.303623420917528031e-01,3.401679563872113121e-01,-8.798534963010831156e-01,-3.169084129145030571e-02
4.163007678250509880e-01,-2.281128395844324308e-01,-5.338981258871638991e-01,6.997220836154696144e-01
1.091543090355359402e-01,4.625099079414135006e-01,-2.627429448272297074e-01,-8.397238038894190293e-01
4.753904933785672582e-01,1.795099385221802027e-02,-8.369821942623150157e-01,-2.704486034588464149e-01
1.440333917200360969e-01,-4.539394482688441923e-01,-7.039860669499404811e-01,5.268747260168720192e-01
3.996332063138013369e-01,2.599773495640548826e-01,-2.347721798257849588e-02,-8.787228791608868717e-01
3.573805517983875135e-01,-3.163263256848537486e-01,-7.306532855677793092e-01,-4.882238965515814377e-01
2.099779610586149092e-01,4.291628365139121826e-01,8.203096777104311732e-01,-3.143573576037446693e-01
4.700808541031687993e-01,-8.822559849972869128e-02,2.171176021640783826e-01,-8.509407624538390946e-01
4.016345612399451620e-02,-4.771110391378258764e-01,-5.690591341887247800e-01,-6.685234886833664181e-01
4.496729255959088234e-01,1.659234405110269761e-01,8.741398163046252279e-01,-7.837890931823561502e-02
2.799588818640380006e-01,-3.896763193221237098e-01,4.407736566370620834e-01,-7.586131914485756411e-01
3.013885419365650020e-01,3.740024564282317665e-01,3.645723735067835647e-01,7.977305897673915291e-01
4.412143780894838274e-01,-1.911309614952795555e-01,8.615084541567524790e-01,1.631012309623777468e-01
6.682638756931834345e-02,4.766798580278332476e-01,-6.305437489913932048e-01,6.088720123990581934e-01
4.777684549410593506e-01,6.257026321051360751e-02,1.327985946902012215e-01,8.661332454497446820e-01
1.877171169688757746e-01,-4.443290443150136881e-01,7.835009135174357819e-01,3.917400960998804749e-01
3.787059646325554030e-01,2.995598257889827698e-01,-7.720855442557027493e-01,4.131944039751449527e-01
3.899866836935198533e-01,-2.855747969739810266e-01,-1.086146397416546810e-01,8.686542936685403005e-01
1.716092717188675842e-01,4.524169727531449636e-01,-6.461638595515500905e-01,-5.902045469449086479e-01
4.822798647579181752e-01,-4.500302961006210495e-02,-8.547455466866896723e-01,1.865232151617382539e-01
8.511949198355163448e-02,-4.773490273997236244e-01,-3.413215612184052894e-01,8.052280235886171145e-01
4.379084436137866132e-01,2.093606890912212692e-01,-4.600367630803169905e-01,-7.434853552623510442e-01
3.187285370540145490e-01,-3.667371048072552986e-01,-8.723609288093507885e-01,-5.387416367691403446e-02
2.689133082213653880e-01,4.052874267559271049e-01,5.476724146725139297e-01,-6.807956085212197861e-01
4.627339817378233189e-01,-1.514523325012192001e-01,-2.393431271954153949e-01,-8.400323330618406636e-01
2.280334049329128115e-02,4.868560729695656786e-01,8.237188649695416087e-01,2.897212511506365162e-01
4.758416062999115681e-01,1.077584107572116950e-01,7.120521711574654411e-01,-5.049203859767792402e-01
2.308003294337979128e-01,-4.304144497554077686e-01,-9.035377102546366182e-04,-8.726246575673908268e-01
3.537873186096178735e-01,3.374139965472930380e-01,7.126391449715370197e-01,5.031220301072462098e-01
4.198601798089897641e-01,-2.514346486380960588e-01,8.220621892356955174e-01,-2.910529228577092842e-01
1.307015084435895758e-01,4.721306493605030852e-01,-2.371463976586325739e-01,8.389108127223857680e-01
4.903860103828368566e-01,-2.764883437176223163e-04,5.476745149014512482e-01,6.779189554087273750e-01
1.304336057020689943e-01,-4.732376478879900539e-01,8.694554004438949102e-01,-5.550234016639698370e-02
4.218530840821131389e-01,2.519822485323313099e-01,-4.567354994690343561e-01,7.415777810855526120e-01
3.555659410936023446e-01,-3.398767731240558976e-01,3.414522307085685049e-01,8.009163594091099903e-01
2.331716849543408188e-01,4.336618567046837680e-01,-8.507544813703684650e-01,-1.838074313057976583e-01
4.805742009089292166e-01,-1.093999967812804563e-01,-6.412289260159381721e-01,5.881373500853748215e-01
2.252712049618058043e-02,-4.928496038013528979e-01,1.097075095746255224e-01,8.628766187688327038e-01
4.695312519700850507e-01,1.530911094688535423e-01,-7.675066824646818997e-01,-4.087016124228752267e-01
2.728528288048656658e-01,-4.122330644649731535e-01,-7.766883859128780321e-01,3.903464942369129775e-01
3.250281894277770034e-01,3.731349929345962324e-01,1.299171374955484792e-01,-8.592138793746076919e-01
4.466509066256507676e-01,-2.141595100281194208e-01,-6.261566630900322616e-01,-6.021349559218064362e-01
8.759273131011027780e-02,4.880339361116548536e-01,8.529251794734203918e-01,-1.633065486905946329e-01
4.942292435926898819e-01,4.555595902620868110e-02,3.592150729660714137e-01,-7.903332466301667969e-01
1.756765317293183248e-01,-4.647191927116394727e-01,-4.375477248164540423e-01,-7.494837000448673070e-01
4.015658001689987877e-01,2.933587586209620013e-01,8.642665099279317475e-01,7.568980573361457076e-02
3.900727876108826542e-01,-3.092668018725502344e-01,5.607989368988092194e-01,-6.615903702429209998e-01
1.944353694730224236e-01,4.587874265091506087e-01,2.160900323948053703e-01,8.396511670179539477e-01
4.944813179487086985e-01,-6.532628165377310503e-02,8.099774317684954594e-01,3.084757091745027324e-01
6.875750039859399032e-02,-4.945098424338360554e-01,7.194191669271128298e-01,-4.828752262571553433e-01
4.588009430407926081e-01,1.981351913211769622e-01,-2.134037553110575483e-02,8.659034178227913436e-01
3.134471662103563983e-01,-3.898653801245978712e-01,6.943070640023903950e-01,5.173911095596642751e-01
2.926203110495467219e-01,4.063320999333754346e-01,-8.231176433817187776e-01,2.678524281740333191e-01
4.700332699457765995e-01,-1.740385827024593657e-01,-2.566876650200712318e-01,8.263720345592193706e-01
4.264874809114929666e-02,4.998900565737007251e-01,-5.261562881502236388e-01,-6.866225863347190650e-01
4.936788881596619882e-01,9.207834170118407713e-02,-8.641291823703084463e-01,3.291641765171739176e-02
2.204122496853152258e-01,-4.517786925737625192e-01,-4.720893622551946556e-01,7.241865002680480945e-01
3.771485546087227636e-01,3.330657530902137453e-01,-3.183928986038826459e-01,-8.034003572277136351e-01
4.218669677310172839e-01,-2.751188305304397841e-01,-8.394629161323569067e-01,-2.040585775299816607e-01
1.530104585694221919e-01,4.803521522730747062e-01,6.512321516139947253e-01,-5.672268453442651515e-01
5.042361881263049961e-01,-1.960965218594077838e-02,-8.686689300758400345e-02,-8.589618565595383837e-01
1.154643304287239491e-01,-4.917264905652800611e-01,-7.511200398223477626e-01,-4.250785017526464427e-01
4.436573589947847562e-01,2.424528452808355772e-01,7.805874035523201471e-01,-3.675160826963187466e-01
3.521629266897318700e-01,-3.634347103543118518e-01,1.507987426143879151e-01,-8.492091754102282231e-01
2.567948274888803284e-01,4.366328130706121913e-01,6.059321010236234928e-01,6.133958689737789571e-01
4.897097516009947804e-01,-1.313942057774697969e-01,8.504328528621396543e-01,-1.402992681654555707e-01
3.740176535750059338e-03,-5.074981482276378353e-01,3.765494986754031603e-01,-7.750110422905616137e-01
4.886454220281638006e-01,1.388606933437888102e-01,4.150328530613207056e-01,7.547788353251436710e-01
2.642022286559710942e-01,-4.344445928403505297e-01,8.555832693051997895e-01,9.712027290955310699e-02
3.487458391264081636e-01,3.706879318470152063e-01,-5.732709395801108831e-01,6.421271110208141009e-01
4.505865606490878084e-01,-2.376830573209330055e-01,1.930044928024895190e-01,8.385867762987047058e-01
1.092348382646370769e-01,4.980738055090817573e-01,-7.957752111866320810e-01,-3.266987107961570325e-01
5.096568399623575552e-01,2.734871760400985410e-02,-7.260862288132999831e-01,4.607610459366984212e-01
1.622121674283897308e-01,-4.844311518298386465e-01,-4.323625102698712419e-02,8.585710794524419320e-01
4.241507756505158433e-01,2.856058978558842498e-01,-6.756773271482037213e-01,-5.310231070328853553e-01
3.885909808598386750e-01,-3.331064998155822687e-01,-8.234812055914559892e-01,2.447770688047441745e-01
2.178204924032901002e-01,4.636867530609303789e-01,2.757270873340975093e-01,-8.133408888253773616e-01
5.054142031683390712e-01,-8.657907576725941412e-02,-5.045261612668392459e-01,-6.946322044595596434e-01
5.116288004809370349e-02,-5.106956961637569847e-01,-8.581719253768919087e-01,1.064011841655049771e-02
4.790818740709167911e-01,1.854631326212792808e-01,4.868259729220559273e-01,-7.064590975162636788e-01
3.066097338394086491e-01,-4.127890114694515167e-01,-2.954158537461998857e-01,-8.051864234327376080e-01
3.165437741143413142e-01,4.058233817739546612e-01,8.276493000730591465e-01,2.238393574945555242e-01
4.758936626545724469e-01,-1.972462451359111579e-01,6.605499053596578518e-01,-5.461620301287404278e-01
6.347523978276835288e-02,5.117030726500674254e-01,6.429635459422616828e-02,8.543985242033682592e-01
5.106007358318100930e-01,7.512862598912668777e-02,7.343601219679916081e-01,4.408602832963710583e-01
2.085577460245273684e-01,-4.725985290901451585e-01,7.837850971007697121e-01,-3.447248445321819399e-01
4.003751116905758245e-01,3.271601355815818013e-01,-1.712432065234747169e-01,8.386547441257090618e-01
4.223376645915830063e-01,-2.990872158624094945e-01,5.855114469450451997e-01,6.239824355471230710e-01
1.760014854353063596e-01,4.871693996953889716e-01,-8.472768972349361549e-01,1.175215407358990161e-01
5.169148631934931126e-01,-3.997314516837884024e-02,-3.933131889670348214e-01,7.592798609600952542e-01
9.919109709955327425e-02,-5.093606145268663177e-01,3.925139381547714246e-01,7.593719108442400501e-01
4.649848183113027278e-01,2.314400772662435768e-01,-8.463247337079782273e-01,-1.181484426013298256e-01
3.472041545382288374e-01,-3.869275732567965531e-01,-5.850822604463162824e-01,6.224267640743197383e-01
2.807687941578932422e-01,4.380877050912552195e-01,-1.701071555309569550e-01,-8.368462239337445263e-01
4.974780165637723850e-01,-1.541293528526444800e-01,-7.811298963971802234e-01,-3.443774826836541458e-01
1.612398761774368541e-02,5.210264222170530868e-01,7.320531516524479976e-01,-4.385996665875591116e-01
5.069666685963083452e-01,1.232947436323254264e-01,6.476615792839471308e-02,-8.506400812988971216e-01
2.540542446966101986e-01,-4.562472124590296052e-01,-6.567704465257436786e-01,-5.440105719978015619e-01
3.724675502461577414e-01,3.666896281443284833e-01,8.231586440483349421e-01,-2.218478923801320002e-01
4.530288459543910240e-01,-2.616228303459632309e-01,2.942508162855679843e-01,-7.998342431343365977e-01
1.316748635116973265e-01,5.067856077220187494e-01,4.828059029821288872e-01,7.019462502005485716e-01
5.240170668693220346e-01,8.019772731971314822e-03,8.515949322058066207e-01,1.130788735297824643e-02
1.473834557220475849e-01,-5.034129531055268059e-01,5.009366210955020771e-01,-6.884155847091357749e-01
4.463949530987011971e-01,2.763445520957638069e-01,2.725424632703291605e-01,8.062790088359867990e-01
3.855653120244516008e-01,-3.570188188856258660e-01,8.153296100561151505e-01,2.431349010132921040e-01
2.416859290169180996e-01,4.671180148958389844e-01,-6.691792789428531174e-01,5.249645364293888949e-01
5.150604051959186691e-01,-1.086848120687343988e-01,4.201523208459660708e-02,8.491967445167682982e-01
3.240453129372154045e-02,-5.258686499275595505e-01,7.172463633038245190e-01,4.560370201008226432e-01
4.986962733583167329e-01,1.714006966541474497e-01,-7.862845825283764079e-01,3.219943841174513488e-01
2.982556255681622637e-01,-4.354400474714564817e-01,-1.912346942234012803e-01,8.275656098463023413e-01
3.406077360508917296e-01,4.037810105952061579e-01,-5.649161127021616879e-01,-6.338904094829631575e-01
4.803138395057895971e-01,-2.209969031552401764e-01,-8.434662161771352418e-01,9.499329735737231661e-02
8.520766890863015752e-02,5.222728693261381450e-01,4.094950182990925169e-01,-7.431584845194367794e-01
5.265656198656011311e-01,5.697566235293301945e-02,-3.700127385029406968e-01,-7.632646953846053961e-01
1.952896377842167908e-01,-4.928162099090383497e-01,-8.365049167746484438e-01,-1.387575757817874900e-01
4.233972566153016981e-01,3.197325502910775552e-01,5.962273315115268479e-01,-6.025104385267063822e-01
4.212877057379065815e-01,-3.232631913303632976e-01,-1.474184680743811648e-01,-8.344371596445131489e-01
1.995966935949133325e-01,4.925767585168613905e-01,7.660595441957350760e-01,3.614997532801685898e-01
5.283957745534312300e-01,-6.129347280975012968e-02,7.373203498669222977e-01,-4.164129168230970013e-01
8.167764543814334810e-02,-5.260950749253228143e-01,8.591251746207789752e-02,-8.421233720294956093e-01
4.857751369800600294e-01,2.189932947991878320e-01,6.376071470850667167e-01,5.563466357506280380e-01
3.407210067983867940e-01,-4.102840767703441749e-01,8.221563247851852996e-01,-1.990857842507014197e-01
3.050165527428768120e-01,4.380376832281120403e-01,-3.122454812925842260e-01,7.858693593959256152e-01
5.038691292140582423e-01,-1.775282829581438793e-01,4.610173279874800745e-01,7.085637816529182231e-01
3.699371931558981252e-02,5.334042900148060484e-01,-8.444100363430865341e-01,-3.290924867065929404e-02
5.244468110404507666e-01,1.064541944429700515e-01,-5.144131634708091205e-01,6.700762226216915307e-01
2.424546649889430250e-01,-4.775782342193783947e-01,2.497939699918037271e-01,8.066831708798281042e-01
3.961207140924159487e-01,3.611674064639754933e-01,-8.025202463326751579e-01,-2.619307897157994725e-01
4.539846566126373717e-01,-2.859016062132316294e-01,-6.771179773766583532e-01,5.036560809107175629e-01
1.548366042546622523e-01,5.141553307200900091e-01,-2.004257815206673260e-02,-8.433671898621728502e-01
5.372760547386482566e-01,-1.236124506160518610e-02,-6.997984821819477341e-01,-4.705993252872789911e-01
1.312483892081324210e-01,-5.216133634745862002e-01,-7.880895888064550769e-01,2.993462199358339348e-01
4.682334917420074571e-01,2.656168652139532793e-01,2.107577948380978117e-01,-8.159572476790571960e-01
3.810190258612954350e-01,-3.809300527087742805e-01,-5.441676331740670225e-01,-6.431161511583535217e-01
2.659544889317224658e-01,4.690838882247675978e-01,8.390102794315958956e-01,-7.273421913456808163e-02
5.234018628894695491e-01,-1.315684443505850398e-01,4.250843920391982333e-01,-7.266660127043684803e-01
1.254989167543789537e-02,-5.399912472382629725e-01,-3.475509653680457500e-01,-7.664595746657090203e-01
5.175900420510275435e-01,1.560028092523192966e-01,8.261383085139949456e-01,1.589313281912516918e-01
2.884232702374462942e-01,-4.577517084190260155e-01,6.067011821391748994e-01,-5.823994043746333338e-01
3.647376161655390692e-01,4.002241396753573044e-01,1.249586642700158678e-01,8.313678136654397699e-01
4.832923070421613621e-01,-2.452136167280789814e-01,7.505825618564095913e-01,3.780537606770617010e-01
1.077723425063860374e-01,5.315774405631660260e-01,-7.418888563031219574e-01,3.942226170176512667e-01
5.415326493172827327e-01,3.768453394172349008e-02,-1.066581147192116885e-01,8.330344003638406880e-01
1.806596693427980904e-01,-5.123749598662593607e-01,6.182083518286742851e-01,5.680250153860074702e-01
4.461464833957182741e-01,3.108176510892423638e-01,-8.204812063893771601e-01,1.765114531321758107e-01
4.187321518399028109e-01,-3.475715223382442320e-01,-3.296981981575372589e-01,7.714638812068089768e-01
2.237196056156492974e-01,4.965686230906845577e-01,-4.391822816517568784e-01,-7.144844743646687757e-01
5.386530829376398044e-01,-8.349848421843521218e-02,-8.366295930082827681e-01,-5.414594608828167399e-02
6.298655229790846299e-02,-5.418857039123867736e-01,-5.272480286739538169e-01,6.514615064487154772e-01
5.059690553926213807e-01,2.051609565928627088e-01,-2.271914777895253368e-01,-8.064045692422704414e-01
3.327443131405670163e-01,-4.334342008282368042e-01,-7.892380205138068705e-01,-2.802130664341829225e-01
3.294624318833935250e-01,4.364937245854518255e-01,6.843643197045968796e-01,-4.822584496825995104e-01
5.088734381096787773e-01,-2.015151876694035726e-01,1.602852450065793541e-03,-8.369210739305249502e-01
5.879859059099733914e-02,5.446021978192084889e-01,6.820364667861353869e-01,4.845383677779138698e-01
5.410385668132406956e-01,8.839897395148024750e-02,7.892044544250472748e-01,-2.768017697571016345e-01
2.294485687557178411e-01,-4.983761078953852230e-01,2.297975316995089501e-01,-8.038455721093530348e-01
4.196340078552183717e-01,3.541482335496910494e-01,5.232876511454320756e-01,6.516566291258737431e-01
4.534609050782102413e-01,-3.104434903338293417e-01,8.339191155004593847e-01,-5.076372403529354205e-02
1.786451214131388188e-01,5.201693522020353067e-01,-4.400712530301323921e-01,7.098218493970788190e-01
5.494006605418662037e-01,-3.372580349170639646e-02,3.251502678935241919e-01,7.689595487824892883e-01
1.138641145354706147e-01,-5.389821521127144965e-01,8.152398645668079702e-01,1.786537610745787263e-01
4.896027460989419433e-01,2.534644534000282112e-01,-6.164994415990286969e-01,5.621150775269115885e-01
3.749751977561027183e-01,-4.047677858263571959e-01,1.027477506225754761e-01,8.276469901878463764e-01
2.905502639502379192e-01,4.695872493407876602e-01,-7.347176938802852941e-01,-3.940282599944265884e-01
5.304210661957691197e-01,-1.551560969177288030e-01,-7.457603205927700873e-01,3.720505642441211402e-01
8.334566745829212475e-03,5.530268873410761898e-01,1.269861100020781564e-01,-8.233871050371994738e-01
5.357101712556902040e-01,1.393237122251597682e-01,-5.985951670692217785e-01,-5.790400172581948723e-01
2.771507476327553232e-01,-4.796584500575434284e-01,-8.181408343104991099e-01,1.541454170863362505e-01
3.888601148344317249e-01,3.951719346891332529e-01,3.465965772196086814e-01,-7.566358211085778551e-01
4.848279431503610404e-01,-2.698206694558262231e-01,-4.173226249185638115e-01,-7.197086206278758835e-01
1.310966358046183888e-01,5.395954794618941230e-01,8.282664698537243186e-01,7.500030360638278160e-02
5.554619029876461944e-01,1.731949636515690838e-02,5.394342216061145390e-01,-6.325921513386056905e-01
1.647190638845790200e-01,-5.312191655691538283e-01,-2.047559372958918933e-01,-8.054494610260043430e-01
4.685555462004360461e-01,3.004499180392816160e-01,7.755001433812698242e-01,2.979682440976386681e-01
4.146862503664324184e-01,-3.719382316084601792e-01,6.909172392199208756e-01,-4.607934832153364191e-01
2.482948978017379960e-01,4.991399196123512128e-01,-2.290261531056065822e-02,8.298701432073193329e-01
5.476617829341997590e-01,-1.065169863840197267e-01,6.639805609928590702e-01,4.978458775048841267e-01
4.317970901876512502e-02,-5.566894024984261335e-01,7.896341234762310757e-01,-2.543823360945572376e-01
5.255085321704763279e-01,1.899911629287835413e-01,-2.483393719423946655e-01,7.912469254084069092e-01
3.233049005107080376e-01,-4.563091955360544238e-01,5.022979023054133796e-01,6.595094212477796702e-01
3.540319808409726487e-01,4.334671595597723859e-01,-8.282033039063348978e-01,2.910095399864253557e-02
5.124819731187273408e-01,-2.260153321200488730e-01,-4.544460876364101454e-01,6.926456888676636447e-01
8.146901414985020795e-02,5.545915470943021397e-01,-3.028322183886811847e-01,-7.707682291913633410e-01
5.566958067548272160e-01,6.918846989630621225e-02,-8.038249952483523808e-01,-1.979093514440043999e-01
2.150808385762146002e-01,-5.185805431679367805e-01,-6.256183411101666758e-01,5.416790049388688910e-01
4.429373750184569802e-01,3.456592396230119268e-01,-8.080549299249843720e-02,-8.232840604416189478e-01
4.514650152044684117e-01,-3.351737600430992337e-01,-7.184840086680346349e-01,-4.094125302348616824e-01
2.030264600349080684e-01,5.248148694070070563e-01,7.489370070511489619e-01,-3.499185174355127215e-01
5.603588046915689569e-01,-5.600608788012347017e-02,1.468800497101577784e-01,-8.131959045163359434e-01
9.528738506491940541e-02,-5.554703118731817435e-01,-5.787888677574712926e-01,-5.893865399167380614e-01
5.104403580818168695e-01,2.399288961678159859e-01,8.151433347831239518e-01,-1.320079898477658775e-01
3.674572272385160931e-01,-4.284608520917420060e-01,3.629287309927781147e-01,-7.414035477356254455e-01
3.153984580322138354e-01,4.686316352380640038e-01,3.954602194113852609e-01,7.242371282861014281e-01
5.361014514413399157e-01,-1.793747805224820968e-01,8.193340373890281025e-01,9.545500013511463988e-02
3.018296159409062512e-02,5.649401279820807087e-01,-5.509653272617692776e-01,6.134890779633582758e-01
5.530049321858532263e-01,1.214174023899367572e-01,1.825081319211932507e-01,8.038246955385460746e-01
2.644762582260702932e-01,-5.010960294292273742e-01,7.613242125579527952e-01,3.151833141173772113e-01
4.129031524494291561e-01,3.886440399933124845e-01,-6.967762831814161562e-01,4.392830614431783021e-01
4.849204265584176055e-01,-2.947433871716248488e-01,-4.383858835303593160e-02,8.222266681373289199e-01
1.551087055179061203e-01,5.463067408494605148e-01,-6.456512502402632636e-01,-5.105141500861510861e-01
5.683147002821263838e-01,-4.055652627746064200e-03,-7.893841413060165291e-01,2.321090919795322782e-01
1.475189481703397532e-01,-5.492945367065985574e-01,-2.663692356051950427e-01,7.781780658680275131e-01
4.905585014356272366e-01,2.886641059159101297e-01,-4.812202003988486632e-01,-6.666727153207125944e-01
4.091658753434055384e-01,-3.962905210567934655e-01,-8.218739671256787283e-01,7.764762462481440870e-03
2.732482095025668412e-01,5.002865057930719894e-01,4.681999312586685447e-01,-6.751575019907415376e-01
5.553980346581818273e-01,-1.302784564800681943e-01,-2.806182979011574985e-01,-7.718898352472697288e-01
2.231868389168511699e-02,-5.704643816438875747e-01,-7.919095543908822865e-01,-2.166830018470168318e-01
5.443368789671808594e-01,1.735320656860535327e-01,6.340547153640019307e-01,-5.211128498700399181e-01
3.124340205818938454e-01,-4.788416018455713408e-01,-5.915140369581787377e-02,-8.182889554221139949e-01
3.786518765044127321e-01,4.289700858389626226e-01,7.019008851341772548e-01,4.241963806102765910e-01
5.146868165827662711e-01,-2.509548569183268629e-01,7.514217921034029857e-01,-3.278481828180694890e-01
1.049359561442771149e-01,5.633449970782437033e-01,-1.663238767354840997e-01,8.024756864869362349e-01
5.713737684753699142e-01,4.888188389633102426e-02,5.588108828974254205e-01,5.990600765202100941e-01
1.993965553245276578e-01,-5.381326201316108948e-01,8.114974083694749263e-01,-1.101192675449020747e-01
4.659620268298777512e-01,3.357281250172410858e-01,-3.786832812726121378e-01,7.257857728762722171e-01
4.480053113046663094e-01,-3.600187587721076499e-01,3.736169127754864761e-01,7.280715190577877749e-01
2.279074455443270697e-01,5.280802430885477294e-01,-8.098461591475127896e-01,-1.154930804811326178e-01
5.701197461027952551e-01,-7.913471569851195098e-02,-5.618355140105617540e-01,5.941733981519939922e-01
7.557490625455623445e-02,-5.710302469393500058e-01,1.604686642403224117e-01,8.015377086712307531e-01
5.306853453029941603e-01,2.250521159768151258e-01,-7.467282000606815240e-01,-3.318457542430441332e-01
3.584892241359933229e-01,-4.519393189946782630e-01,-7.019416120333837883e-01,4.177490890725849559e-01
3.404252705061637241e-01,4.662216086002505810e-01,6.439298336598978101e-02,-8.140034340027242354e-01
5.404277194366072790e-01,-2.041521845083899833e-01,-6.270692474274190964e-01,-5.225360509628118599e-01
5.292971763018835402e-02,5.756969346944523780e-01,7.884606497450404872e-01,-2.100030670695753332e-01
5.694240399810098774e-01,1.023379673762639525e-01,2.838735041983248553e-01,-7.646561558891444843e-01
2.504384873600175587e-01,-5.220015729610653077e-01,-4.600764225590560086e-01,-6.731453091868506711e-01
4.367958385174205982e-01,3.806609447117781375e-01,8.149427622079480349e-01,1.322629766336431804e-02
4.835705786499188696e-01,-3.199080119177740711e-01,4.813243733018102155e-01,-6.573775224637815606e-01
1.797372792932986629e-01,5.516923348273409244e-01,2.585298821067733011e-01,7.723291902957299948e-01
5.800538263466762379e-01,-2.637729450834598241e-02,7.795098280065564378e-01,2.349600496173529784e-01
1.291106782408807663e-01,-5.665482478475948325e-01,6.418060035209574021e-01,-5.004383772948042264e-01
5.120907574816271346e-01,2.754955929355193955e-01,3.780472902733095220e-02,8.126721582767372221e-01
4.021878738436520107e-01,-4.205567274555510604e-01,6.849879992922726091e-01,4.383701563183443062e-01
2.985060094365569738e-01,5.000054904251174381e-01,-7.532181612487155453e-01,3.058611996316366599e-01
5.618394340437018464e-01,-1.547128298766873022e-01,-1.853019403564836742e-01,7.912417971297536212e-01
4.649960302378124892e-04,-5.831703648194855871e-01,5.386827810908926262e-01,6.080567167059183209e-01
5.623988819788684479e-01,1.558321835306138436e-01,-8.072123231368352192e-01,8.849911582063157978e-02
3.001636830980798365e-01,-5.009652846994446795e-01,-3.938493656942004262e-01,7.098015384720408605e-01
4.032498672772176218e-01,4.230156958268881384e-01,-3.518145242874969325e-01,-7.312139263754228180e-01
5.154814015775455172e-01,-2.762606382614961609e-01,-7.998171816117942701e-01,-1.350979658380031534e-01
1.291307238829382253e-01,5.708367131014511209e-01,5.720395363325987415e-01,-5.746664006163798577e-01
5.850292378617115707e-01,2.753849981289783685e-02,-1.386579427718598045e-01,-7.985965168852638962e-01
1.824413025454285908e-01,-5.569748921634863903e-01,-7.317304397582891085e-01,-3.479435358734817574e-01
4.886404605069420981e-01,3.243834782792792693e-01,7.064139981225906473e-01,-3.962134811329072748e-01
4.430913270869410447e-01,-3.849058296977760918e-01,8.454835704654956041e-02,-8.052137315307837939e-01
2.532155389660620814e-01,5.299552754253199494e-01,6.082554788773208987e-01,5.339050189787704070e-01
5.786543097974036209e-01,-1.030445249777511979e-01,7.868703819205569161e-01,-1.880851341313209135e-01
5.478359788643609452e-02,-5.856159347453050446e-01,3.008390287338902902e-01,-7.506987499426448496e-01
5.502781868678310317e-01,2.088766715850586819e-01,4.388884948536388997e-01,6.789266103269979702e-01
3.480963116487201803e-01,-4.751344924771901956e-01,8.074218720949956074e-01,3.385398554989540315e-02
3.655578209042859572e-01,4.623630488595623644e-01,-4.938115615844488326e-01,6.393262330536172433e-01
5.433860939992126715e-01,-2.294165283349888784e-01,2.365882275481000219e-01,7.720917173242104470e-01
7.650935674763799377e-02,5.852648889221553352e-01,-7.666425227925005581e-01,-2.527262755855638199e-01
5.849187974519417521e-01,8.213984120008009648e-02,-6.488702496758917970e-01,4.796774394950693021e-01
2.350768874559128752e-01,-5.423136466649536302e-01,1.678443724465301587e-02,8.064446963626088483e-01
4.604684645371981966e-01,3.712442710558037651e-01,-6.677653108370079638e-01,-4.519247437547032620e-01
4.807806372923908445e-01,-3.452416192751427415e-01,-7.543302055595885180e-01,2.839791261790713395e-01
2.049115046184052658e-01,5.557349668682197708e-01,2.037990055944013390e-01,-7.795100302072662801e-01
5.906437219140400208e-01,-4.958178232506615934e-02,-5.184262562315036238e-01,-6.163731479183590656e-01
1.095460879121086251e-01,-5.829290653657206445e-01,-8.022979074763375573e-01,6.716715740665298029e-02
5.330891307052528783e-01,2.609806517711950047e-01,4.084166437222074841e-01,-6.934702035817310595e-01
3.937703398850163627e-01,-4.446663047183120887e-01,-3.300748307628526557e-01,-7.336670927415746002e-01
3.239955067183024062e-01,4.982954906492236269e-01,7.892619239184398561e-01,1.542534637457551316e-01
5.669652354719565412e-01,-1.797503474022483783e-01,5.815727369959546866e-01,-5.549895368005006713e-01
2.231968002391788650e-02,5.947687607454094083e-01,1.170961691785517428e-01,7.950097108140931068e-01
5.796409133408932934e-01,1.369406430039494527e-01,7.163496147635912692e-01,3.634651307939382181e-01
2.865269157183690241e-01,-5.226154761810242189e-01,7.101948239116800954e-01,-3.746981487998810034e-01
4.277547460300136772e-01,4.156185364896499701e-01,-1.042876215267509593e-01,7.958713472485946516e-01
5.148607533073910059e-01,-3.018601937631820720e-01,5.892310703877207123e-01,5.446150693974056711e-01
1.539848123139281599e-01,5.770425726942893796e-01,-7.846206566576897634e-01,1.663759959280659007e-01
5.976207058443000486e-01,5.217884740072312351e-03,-3.172531371836207481e-01,7.363237824300874479e-01
1.642613998788997332e-01,-5.750514830298451008e-01,4.176783780745456642e-01,6.840166349322337469e-01
5.109064907669880196e-01,3.116550249348815638e-01,-7.993239966559860799e-01,-5.410038350049971301e-02
4.367340518603856636e-01,-4.097632805298809799e-01,-5.056542061678900302e-01,6.210243519055601569e-01
2.788787385556270593e-01,5.304314362447065667e-01,-2.148144582554979976e-01,-7.711834341772371149e-01
5.859350774261230521e-01,-1.276684207885538103e-01,-7.533247545002530465e-01,-2.699679122268673348e-01
3.297079095231408158e-02,-5.991830678673912836e-01,-6.552461027805585037e-01,4.588519618742954442e-01
5.691609073681970221e-01,1.914459836319648556e-01,3.890792958667258113e-03,-7.996181329892119161e-01
3.363048641740993827e-01,-4.979789380162986667e-01,-6.502530497538785426e-01,-4.648515751406894769e-01
3.907241066637224813e-01,4.570633852069492797e-01,7.547626177226827160e-01,-2.622234262292437723e-01
5.449645337157753566e-01,-2.550964599263336741e-01,2.218002620084826015e-01,-7.672966159823516596e-01
1.008563451329729660e-01,5.936133638753584574e-01,4.980631133890074391e-01,6.240066561794423983e-01
5.994422231550113889e-01,6.087799663242648984e-02,7.967645425781333390e-01,-4.614276016081055726e-02
2.184318956445780724e-01,-5.619723281355730737e-01,4.223753020552670212e-01,-6.768114313372093349e-01
4.838525157279933153e-01,3.604170014007274103e-01,3.084195528027518507e-01,7.354343665983733569e-01
4.765544771228198973e-01,-3.706720699745203462e-01,7.781956673599268459e-01,1.729437775036679892e-01
2.305608447117004911e-01,5.584191358297341257e-01,-5.904310486664147151e-01,5.351644068841628910e-01
6.000506453917475724e-01,-7.360528914383251964e-02,9.580332593050504275e-02,7.907864484901430124e-01
8.887767629608353537e-02,-5.983874627122535150e-01,7.006047447811507567e-01,3.783995173294207870e-01
5.534919065201691080e-01,2.451566591827935571e-01,-7.132860796851535623e-01,3.532249855295981344e-01
3.839328309858202060e-01,-4.685498273035789141e-01,-1.235940543598506997e-01,7.859905536022010475e-01
3.496445972954052017e-01,4.951568400084301325e-01,-5.700173334107603296e-01,-5.546607963307720324e-01
5.707565367493975250e-01,-2.053214495196097056e-01,-7.817193724776879682e-01,1.448961725446524795e-01
4.597336454016574120e-02,6.052228125887664234e-01,3.331036413503825622e-01,-7.215495554666468969e-01
5.960110345757428929e-01,1.169073609271575609e-01,-3.964680538123601106e-01,-6.884160064461311013e-01
2.715579656542725928e-01,-5.437288266357716005e-01,-7.906623434545431151e-01,-7.394790746174115248e-02
4.520963461297802799e-01,4.067947156627060301e-01,5.168455825982236629e-01,-6.024928189395312161e-01
5.128216854373139899e-01,-3.276816245538231587e-01,-1.932295527838651106e-01,-7.696109483407493901e-01
1.794297971530595670e-01,5.819403382380464729e-01,7.395740361965835730e-01,2.866716512124882765e-01
6.091085055563900674e-01,-1.801996348112934465e-02,6.609328160235805605e-01,-4.379839290181090639e-01
1.449040801497424868e-01,-5.923081794395186339e-01,2.420258345466243938e-02,-7.922045588603490174e-01
5.326952919567305988e-01,2.975738211807847922e-01,6.324717029832297444e-01,4.771426325539286362e-01
4.289461268955931383e-01,-4.345203730508728768e-01,7.545206876185412970e-01,-2.406154558224465334e-01
3.048255183286163184e-01,5.295020481553309732e-01,-2.392913319035604447e-01,7.546182099915295094e-01
5.919365482936169709e-01,-1.529392679112804854e-01,4.776152549115076362e-01,6.309551262972792340e-01
1.019437254078791807e-02,-6.116891799709225364e-01,7.906231545724128340e-01,-2.544502562322571715e-02
5.872771594301222642e-01,1.728045062684615552e-01,-4.357160594166259449e-01,6.598451759249643889e-01
3.231426931560762439e-01,-5.204065146448860757e-01,2.868703414064493473e-01,7.365196987157555109e-01
4.158529869958992875e-01,4.503317833348968735e-01,-7.666341447066200576e-01,-1.911535149950141788e-01
5.451529064057000218e-01,-2.811209913229855140e-01,-5.986109949314836198e-01,5.152127459818315325e-01
1.259049859999881449e-01,6.007136746198997734e-01,-7.479916445451853524e-02,-7.859364482080634096e-01
6.129491669232426387e-01,3.860808714638565980e-02,-6.845151734453353010e-01,-3.927361858781320825e-01
2.005450998495789672e-01,-5.809192799359670367e-01,-7.156903607487337116e-01,3.318158535337744630e-01
5.068806977728472773e-01,3.482036564286933866e-01,1.424513079214374811e-01,-7.755860988610302487e-01
4.708977870240892427e-01,-3.961279888505930269e-01,-5.506357513880567600e-01,-5.640373745757548685e-01
2.566150119252665895e-01,5.597312982848067220e-01,7.781750012008996631e-01,-1.236659891844959225e-01
6.082428126930223833e-01,-9.838370130403206737e-02,3.483788431147415432e-01,-7.063947266189311014e-01
6.715874654764755758e-02,-6.128757262995075950e-01,-3.752795108462675944e-01,-6.921259535763604198e-01
5.732389044111712018e-01,2.280622565101033949e-01,7.814506182651004274e-01,9.337931697165199885e-02
3.726965387767395277e-01,-4.921390104521671804e-01,5.273795345347715990e-01,-5.837527823735725319e-01
3.753818386806889729e-01,4.905917570278828799e-01,1.718543317107993351e-01,7.673814512986579794e-01
5.731964338414017313e-01,-2.313567080430123379e-01,7.254082664379506440e-01,3.028246503481634710e-01
7.043366677272487608e-02,6.144977281975489980e-01,-6.659302456516097424e-01,4.170953710500594491e-01
6.114590935639143687e-01,9.578317974987178574e-02,-4.413286712881533264e-02,7.842165832306725592e-01
2.552924545729968742e-01,-5.642434620915819377e-01,6.144420011791652536e-01,4.887904513305702525e-01
4.762055558939127242e-01,3.965620653324894995e-01,-7.536102974473530836e-01,2.191764505057786638e-01
5.093629601603721913e-01,-3.536535864255631600e-01,-2.562582779215385465e-01,7.414918816964132242e-01
2.053972654187349312e-01,5.855098026365620489e-01,-4.571046667936977670e-01,-6.372170414940443450e-01
6.194549336148522656e-01,-4.211451169393973931e-02,-7.838852063510911572e-01,5.092778112908809100e-03
1.244176211633935270e-01,-6.086925198070387566e-01,-4.484301707185662789e-01,6.425916696194540201e-01
5.539434485782842588e-01,2.821724032434741458e-01,-2.654487649984407227e-01,-7.369276380933224013e-01
4.197420016041729096e-01,-4.591073324554101331e-01,-7.545935293715240189e-01,-2.088676968935766765e-01
3.309847961956956519e-01,5.271624384971806965e-01,6.061096907336998019e-01,-4.951564105650848036e-01
5.966352764982464363e-01,-1.787898206354629760e-01,-5.410319382153552792e-02,-7.804699810327808684e-01
1.348711113422622516e-02,6.230937587620767326e-01,6.681005556753808472e-01,4.064651438084788126e-01
6.045723049394653437e-01,1.529978552960210569e-01,7.174108641129907094e-01,-3.104925706480784475e-01
3.086391909731255878e-01,-5.423524192538045074e-01,1.608434182028159742e-01,-7.646731968271374136e-01
4.408741877295030975e-01,4.421792947649753058e-01,5.311079662817385083e-01,5.727405608362967637e-01
5.439431333563529147e-01,-3.074194643308602592e-01,7.739965811603651824e-01,-1.027055644893027364e-01
1.515893490472264848e-01,6.065392072079415220e-01,-3.630675400404552722e-01,6.908782966224750188e-01
6.253964150924413712e-01,1.538654816789154778e-02,3.541347318973182001e-01,6.951483077653392018e-01
1.814593631989214195e-01,-5.990978239256440352e-01,7.717030153573877227e-01,1.123777244978527573e-01
5.294869755222073593e-01,3.346304336538228341e-01,-5.372504757477502002e-01,5.648255854100593387e-01
4.638182128694327555e-01,-4.215387657566093682e-01,1.507094456252463521e-01,7.645027124702246102e-01
2.830039313785681077e-01,5.596600054490893372e-01,-7.108457173909391580e-01,-3.184145398563969498e-01
6.151905188722133211e-01,-1.238525478734165269e-01,-6.702388492287461030e-01,3.962083503152428188e-01
4.444350515137832081e-02,-6.263480535811214445e-01,-6.366389772274223813e-02,7.756673247931411552e-01
5.922715459679347427e-01,2.097374703331586487e-01,-5.961849055921655260e-01,-4.997881228271242593e-01
3.600844222971533171e-01,-5.153667438765576758e-01,-7.520379164008810235e-01,1.979275130456137899e-01
4.011364474603635877e-01,4.846044816588873649e-01,2.726876099734072967e-01,-7.279351030428405922e-01
5.742701509003029781e-01,-2.577867881795791183e-01,-4.365534053419241056e-01,-6.427914824493007329e-01
9.563771470790319307e-02,6.225607947425292332e-01,7.765626890830211737e-01,1.489544558403920610e-02
6.259368160362901445e-01,7.361996471984710855e-02,4.605094305660673570e-01,-6.250714099082731456e-01
2.377674955143709024e-01,-5.840990465681514809e-01,-2.441762969113467352e-01,-7.366633273766666212e-01
5.000143478066253477e-01,3.849402698634101783e-01,7.420904244416789419e-01,2.260717642187297094e-01
5.044854186369839288e-01,-3.797052844084041201e-01,6.129248421890671761e-01,-4.750173651589036372e-01
2.318187762537043117e-01,5.877329128534789504e-01,3.373467000422075007e-02,7.743978629649661549e-01
6.286243582570752997e-01,-6.700462171283644297e-02,6.513808450857511145e-01,4.195769196826401037e-01
1.028514406535692427e-01,-6.241538796887234897e-01,7.184513846633838741e-01,-2.892768976262475311e-01
5.745890124115125008e-01,2.654849005893983316e-01,-1.787548129534426988e-01,7.532675163718263178e-01
4.091380568747354785e-01,-4.834553725958226078e-01,5.114557653453759567e-01,5.807666943101814638e-01
3.572859260382699742e-01,5.234100640797576531e-01,-7.691937100369091729e-01,8.203479941253793983e-02
6.000099883826695013e-01,-2.051526826927419778e-01,-3.771590302986251864e-01,6.750195971149287599e-01
3.801438577068374375e-02,6.333583480933030474e-01,-3.330556807806435149e-01,-6.974855001179179892e-01
6.209934949291833206e-01,1.320729008185949627e-01,-7.614342075691693523e-01,-1.309266041280807147e-01
2.928254405109397829e-01,-5.637532390280113326e-01,-5.464533914656830582e-01,5.457327531224903661e-01
4.657183230462382806e-01,4.326189754899797957e-01,-1.298153636640461683e-01,-7.609830727301176712e-01
5.413293086715571523e-01,-3.339215404824522060e-01,-6.959050229255401288e-01,-3.334294279784006387e-01
1.778432297879990187e-01,6.110655304413538103e-01,6.738596833185679369e-01,-3.753449484444934536e-01
6.367427870322407424e-01,-8.729334878129931669e-03,8.277825904191285500e-02,-7.665704023147449364e-01
1.612189143465137253e-01,-6.164530160782177859e-01,-5.777215951167655739e-01,-5.101292965128939594e-01
5.516066212136609970e-01,3.197253134461653934e-01,7.498105948816683464e-01,-1.768896016678163097e-01
4.553254716804941982e-01,-4.468345742150393041e-01,2.885662914876424012e-01,-7.139657369524597952e-01
3.096577291533350595e-01,5.581960174531879204e-01,4.159835841882801311e-01,6.476781257390681334e-01
6.208662445921134809e-01,-1.499469596260155080e-01,7.686681134377042479e-01,3.450140590064124102e-02
2.078712891706020055e-02,-6.387606444485959267e-01,4.719461760745256029e-01,-6.073051467455491403e-01
6.105329250879558689e-01,1.902238004523735260e-01,2.230743033692179633e-01,7.357324977879787786e-01
3.461213105832889325e-01,-5.381671361994398994e-01,7.291418516021943574e-01,2.427515852000222407e-01
4.268383152415615167e-01,4.772013851789885241e-01,-6.190547457806716558e-01,4.548176693483093058e-01
5.739651497772273459e-01,-2.845424352644169153e-01,1.371258576044565372e-02,7.677314467746925164e-01
1.215221138981813220e-01,6.293814802714784440e-01,-6.343762814816924500e-01,-4.320625667868724373e-01
6.393978922561672773e-01,5.047066973372491688e-02,-7.188163108097197496e-01,2.681905259119053975e-01
2.190217785479200985e-01,-6.032368480926093568e-01,-1.961703191262721968e-01,7.413851708247856109e-01
5.234558195803864500e-01,3.719509652795995880e-01,-4.917010681695906937e-01,-5.881126966287019142e-01
4.981920868678380576e-01,-4.057664863653336895e-01,-7.637765373225346988e-01,6.167336670394117648e-02
2.586258464744323748e-01,5.885938749769517031e-01,3.906431168856594471e-01,-6.588382784150121907e-01
6.365833163540631778e-01,-9.262850918946441414e-02,-3.120642900158191457e-01,-6.991405577721283571e-01
8.025616091881411507e-02,-6.386435541517454517e-01,-7.506593361882993864e-01,-1.490097995715104484e-01
5.945715647419933525e-01,2.475471193030887584e-01,5.549838390487468187e-01,-5.264959795855186364e-01
3.971527011991494160e-01,-5.074967340340420519e-01,-1.091923626356795379e-01,-7.568314375189750809e-01
3.836587092636764562e-01,5.182446132678368844e-01,6.806051667177538400e-01,3.478579058496421572e-01
6.020416834636758141e-01,-2.319602918544967085e-01,6.767944005841367572e-01,-3.545272538366538995e-01
6.332740801550348908e-02,6.424466407952009739e-01,-1.014588734772002565e-01,7.569399250387957023e-01
6.364897480160797150e-01,1.100778306264588446e-01,5.590734535494422675e-01,5.198081813624133574e-01
2.757342963209462039e-01,-5.845470102629836129e-01,7.469359582748946735e-01,-1.560835188639878579e-01
4.903169308635219048e-01,4.216659791038118721e-01,-3.038817449255957759e-01,6.996020257803541309e-01
5.373077978122128284e-01,-3.605572108351048910e-01,3.954173616937098901e-01,6.518772416614848630e-01
2.046001333993929805e-01,6.142704929735357533e-01,-7.602145005329145055e-01,-5.370716948873350410e-02
6.469492241433454360e-01,-3.368138588780733578e-02,-4.827332889728502274e-01,5.893138699729157937e-01
1.398694095892415445e-01,-6.329317213461156388e-01,2.021640320198233587e-01,7.341414635698544355e-01
5.731762702203913040e-01,3.035181380597227196e-01,-7.157652399818654754e-01,-2.588934614058504557e-01
4.454314419351776411e-01,-4.719464044365084820e-01,-6.244982869025235139e-01,4.345794651508667616e-01
3.365067405811370538e-01,5.553323985852610667e-01,5.944338819740103454e-03,-7.604826135165722034e-01
6.252447496989723685e-01,-1.766016523106998526e-01,-6.171073784841422105e-01,-4.439136659255150663e-01
3.754194704847829168e-03,6.500717867259878657e-01,7.185106196082703400e-01,-2.472550659443392418e-01
6.279678796073910885e-01,1.695642807503906502e-01,2.130751695924371081e-01,-7.290427072388517837e-01
3.308339796640881181e-01,-5.604755679551266523e-01,-4.718659140588848389e-01,-5.947760711178394777e-01
4.524180395906387542e-01,4.683910578543992731e-01,7.577557564224202125e-01,-4.164070104700202252e-02
5.722712222131112192e-01,-3.115544817551367252e-01,4.035101110864513507e-01,-6.423542973904663445e-01
1.480229302919035261e-01,6.349315240502697577e-01,2.911824489368478042e-01,7.001170997098556947e-01
6.517980593284550261e-01,2.638937723137816868e-02,7.393940006662017561e-01,1.666115314251355450e-01
1.990956304100526264e-01,-6.215998074135993257e-01,5.628379479597820367e-01,-5.071371152966640539e-01
5.464642447015802817e-01,3.576178143461695713e-01,8.886051679181791729e-02,7.520572695483310754e-01
4.904882609010468020e-01,-4.317675520963412672e-01,6.649654703917952103e-01,3.616890516197837080e-01
2.857499564574259021e-01,5.880792436054679273e-01,-6.790452462874434492e-01,3.337773496201102419e-01
6.433006008016568522e-01,-1.189237261156384784e-01,-1.196890097850187712e-01,7.467904828743345824e-01
5.668364826535945977e-02,-6.521148371984255565e-01,5.402620570943881262e-01,5.288195465271117168e-01
6.138322824536065481e-01,2.283966005499991903e-01,-7.434222002710337840e-01,1.355299008306843633e-01
3.838064439610899270e-01,-5.311647324031809614e-01,-3.186218565293189031e-01,6.848625797682409422e-01
4.100334222966122155e-01,5.116680889255534881e-01,-3.748769288030617819e-01,-6.553896914250210148e-01
6.027137212551753054e-01,-2.591449248697318408e-01,-7.512153726228549822e-01,-7.249511749149152584e-02
8.936534772765492018e-02,6.503245633916309165e-01,4.928641969598363537e-01,-5.711187969504554207e-01
6.510120272241596284e-01,8.706218917813911273e-02,-1.814666010813354990e-01,-7.318971159370608603e-01
2.574004419813774036e-01,-6.046732821059580543e-01,-7.019784149510258642e-01,-2.744841330894109976e-01
5.146025192516895386e-01,4.093376284374727891e-01,6.292549377403223732e-01,-4.143249647974679428e-01
5.318773184742242588e-01,-3.872568220414827622e-01,2.521766503840920312e-02,-7.526637637385039659e-01
2.317932788433818558e-01,6.161343078079927205e-01,5.995949113253922214e-01,4.551223274436171917e-01
6.559788721590011917e-01,-5.941052016271841651e-02,7.175398713547542773e-01,-2.264920360436604996e-01
1.174579713997521285e-01,-6.484826881495411310e-01,2.294550090627701378e-01,-7.162570955606680778e-01
5.941339826957396930e-01,2.860406679671591568e-01,4.519724497839865962e-01,6.007549013626620749e-01
4.341502336954158325e-01,-4.968061080111795258e-01,7.511425964034291747e-01,-2.195598991881632378e-02
3.634815350613052054e-01,5.510645962992697378e-01,-4.157508351522327117e-01,6.255879054499223768e-01
6.283031556291884812e-01,-2.037509300626719755e-01,2.704319923632547140e-01,7.004193319943707863e-01
2.912324956863217990e-02,6.602419363078684267e-01,-7.276542481891512537e-01,-1.837164036423560576e-01
6.445230637050605171e-01,1.478035173033530603e-01,-5.700124190039971284e-01,4.876781549405423966e-01
3.142512079678604908e-01,-5.822287513647369517e-01,6.883968830030724739e-02,7.466705811063648612e-01
4.778069671877756552e-01,4.581843777147141528e-01,-6.490055817442608177e-01,-3.749124337625969750e-01
5.691805671740682859e-01,-3.387538709393679293e-01,-6.806150541752424843e-01,3.131173021489419006e-01
1.750756930173562875e-01,6.391850171034145767e-01,1.374522900822625071e-01,-7.361371363924942290e-01
6.630951794112550646e-01,1.431316371575801129e-03,-5.213091621749149640e-01,-5.371587212430682934e-01
1.780310522447838273e-01,-6.391326085497555098e-01,-7.392780757430912342e-01,1.152492075920361903e-01
5.689751305449678442e-01,3.419665611523102777e-01,3.327749802415975733e-01,-6.697663655336869581e-01
4.813815744092717619e-01,-4.576394751267101046e-01,-3.543844973995707859e-01,-6.582169236869055418e-01
3.131225728553488352e-01,5.861779977050032286e-01,7.416847435440976355e-01,9.084795302551419705e-02
6.487473394122081904e-01,-1.458271630409821995e-01,5.023328742683372816e-01,-5.527413604519846313e-01
3.218703130372595894e-02,-6.645230982748854265e-01,-1.610029891528970691e-01,-7.290069165370327564e-01
6.323140069343774483e-01,2.080726580057845609e-01,6.877995869038259213e-01,2.895107837023114250e-01
3.691219493145150299e-01,-5.543938150441909407e-01,6.333247544591033007e-01,-3.940764389865456518e-01
4.363408571466859120e-01,5.036848749560537408e-01,-4.408924352737272206e-02,7.442878083981921966e-01
6.020118958389977237e-01,-2.866387192849839671e-01,5.818599048603716462e-01,4.656811924384312018e-01
1.160665896685482007e-01,6.569603535508919956e-01,-7.159102036359628052e-01,2.059228519492540543e-01
6.645133149991038213e-01,6.307689603889692076e-02,-2.452958991703927394e-01,7.030457177347633202e-01
2.378604272866997604e-01,-6.240731840144940756e-01,4.320429177736819226e-01,6.060478490404891394e-01
5.385086217589871715e-01,3.956534688540417344e-01,-7.439488133999917485e-01,2.638165223101653512e-03
5.250390062518660583e-01,-4.139511158205192443e-01,-4.273566241425795220e-01,6.085596367049478372e-01
2.593556198652034461e-01,6.166396257696517003e-01,-2.498346898995671972e-01,-7.000520424209811798e-01
6.637971573537835290e-01,-8.585674559425350572e-02,-7.154565631315840113e-01,-2.003094091572877877e-01
9.403320704012685383e-02,-6.630566220910162345e-01,-5.765045228062882776e-01,4.681412255493996311e-01
6.144193097576519103e-01,2.673266188989242842e-01,-4.914951848219330927e-02,-7.406819259695545110e-01
4.214982414477081996e-01,-5.213464520656964085e-01,-6.327454630911357736e-01,-3.875181135283670142e-01
3.905129545371209820e-01,5.453905061638757434e-01,6.815072417354768319e-01,-2.925691500946439594e-01
6.300210179628416007e-01,-2.313287056334879244e-01,1.547326959819013970e-01,-7.249954066538438768e-01
5.526179151131758310e-02,6.692337923132392064e-01,5.022366935982555125e-01,5.448215939447446088e-01
6.601470204950397047e-01,1.249877072216369900e-01,7.345128931770783520e-01,-9.526171388148538255e-02
2.964038133040325373e-01,-6.033647954047602902e-01,3.463299407552825060e-01,-6.543326946297598479e-01
5.029372469404069790e-01,4.465945630714777126e-01,3.339622892259533349e-01,6.603609704169082217e-01
5.646878552456504607e-01,-3.660716944985877852e-01,7.316371089386501936e-01,1.087487078033292642e-01
2.026154138804140692e-01,6.421184740241231426e-01,-5.111338414047189582e-01,5.342031968697451561e-01
6.732493139905438850e-01,-2.434713712661063303e-02,1.407940257659917038e-01,7.254788904121231008e-01
1.558717387269010213e-01,-6.557817504255915031e-01,6.732473400595310187e-01,3.039610435199981975e-01
5.909252824650305103e-01,3.250250681387881202e-01,-6.367083736727786603e-01,3.738562056726694172e-01
4.708820510224288047e-01,-4.833139348807468649e-01,-6.254122133445737253e-02,7.353681595017521611e-01
3.406751853103651140e-01,5.828816046065858902e-01,-5.639236218440059067e-01,-4.755834331127806736e-01
6.528970661487398797e-01,-1.732750678527293087e-01,-7.136283248343447960e-01,1.855688170709910989e-01
6.820701341877620158e-03,-6.758258558298911867e-01,-2.605843226434981230e-01,6.894263567760006151e-01
6.499613149025066372e-01,1.866163973374382612e-01,-4.120996447988126143e-01,-6.106541509984948490e-01
3.531240733663322251e-01,-5.771196242410833177e-01,-7.361866816863564811e-01,-1.629410422917904749e-02
4.625123727283547703e-01,4.943017885848556281e-01,4.383193268764170591e-01,-5.912902963533265277e-01
5.999244996189462276e-01,-3.143737093523515935e-01,-2.294122359216906326e-01,-6.990205945710116220e-01
1.433687515649568478e-01,6.623246309021776357e-01,7.028178564217592017e-01,2.163759345900637121e-01
6.769486862025223539e-01,3.817424686459280903e-02,5.823120974903699398e-01,-4.485485751190899650e-01
2.171526881700193978e-01,-6.426894959041530297e-01,-2.980941989426325392e-02,-7.341023909241595202e-01
5.619698598935083389e-01,3.806353057012324959e-01,6.162053797819728729e-01,3.994966464849920573e-01
5.167964670097141555e-01,-4.405712794897978513e-01,6.817258048044605445e-01,-2.721548942031186136e-01
2.872198801203939555e-01,6.157715991653289755e-01,-1.715145738099670136e-01,7.133812648898101294e-01
6.703718570918002495e-01,-1.129591799912295774e-01,4.830667331401264364e-01,5.518046105355824960e-01
6.964521019399332047e-02,-6.766062585226614301e-01,7.291365066577903953e-01,-7.558750084421407556e-02
6.339733630744602833e-01,2.474116822970544027e-01,-3.592760356268165922e-01,6.385812122191496520e-01
4.074941819428368750e-01,-5.455011810782247617e-01,3.136325254460947676e-01,6.618244420594519006e-01
4.175321632911084824e-01,5.383105244581859461e-01,-7.210874362728181275e-01,-1.261807478361681722e-01
6.303803901330240489e-01,-2.592685347486972103e-01,-5.192621640086599877e-01,5.155261347924501303e-01
8.211056491937361590e-02,6.770123675041848088e-01,-1.208603827422446569e-01,-7.213216184604466230e-01
6.747902542916826008e-01,1.011646409965779730e-01,-6.583406213254643369e-01,-3.178229923051534844e-01
2.773246739468747113e-01,-6.238232749306967806e-01,-6.394070081662838190e-01,3.536866194568884514e-01
5.277418912001359264e-01,4.336372108658387292e-01,8.055604808365506020e-02,-7.259187204791895942e-01
5.587902815875034346e-01,-3.934392415969187873e-01,-5.458075515318795423e-01,-4.848227522154612834e-01
2.305766209439737147e-01,6.437108968699063460e-01,7.107015070716334870e-01,-1.654511135384371390e-01
6.822227942979950388e-01,-5.088847674312477892e-02,2.753071865108900895e-01,-6.754171858418009933e-01
1.326630812015759664e-01,-6.714956189440881573e-01,-3.921650312248651793e-01,-6.145736155330787653e-01
6.122528725418588946e-01,3.068233379149023499e-01,7.278689844253760644e-01,3.482241930957135495e-02
4.590021433049284449e-01,-5.087233573529742481e-01,4.486313059438957196e-01,-5.738009493300569863e-01
3.683393548544451890e-01,5.781840734492875722e-01,2.091862403385628955e-01,6.973309212475933272e-01
6.557257853352157495e-01,-2.012030785587403947e-01,6.897554548481907855e-01,2.319017639694995747e-01
1.935970251645615509e-02,6.859828478493280590e-01,-5.874335455113858240e-01,4.289225617555255110e-01
6.667205903834223513e-01,1.640707202208265547e-01,1.083856932554348729e-02,7.269435869033961106e-01
3.358398868316845864e-01,-5.992790656596318488e-01,5.994058889309540339e-01,4.108390830847192254e-01
4.884799550198768991e-01,4.835281200910440114e-01,-6.812753115009032578e-01,2.518964877967678762e-01
5.964423773797301598e-01,-3.422818737394891508e-01,-1.877826388201490615e-01,7.013111220654791866e-01
1.712087160598240176e-01,6.663904616815479187e-01,-4.638215086063728343e-01,-5.581047717759708426e-01
6.882753788686244434e-01,1.240789942945891636e-02,-7.231593074067779181e-01,5.624644865188584142e-02
1.953175516894088970e-01,-6.604667201131749765e-01,-3.716030363821413718e-01,6.225318859115355208e-01
5.849220113078998917e-01,3.643072279169342065e-01,-2.934174169145218336e-01,-6.626105219706442950e-01
5.071558174859287504e-01,-4.670490056355750541e-01,-7.100511546741890001e-01,-1.431277781244825464e-01
3.153186001829894614e-01,6.135179365785812244e-01,5.267134507866513271e-01,-4.967321840141001310e-01
6.756731650193757988e-01,-1.406560821567964525e-01,-1.012225664530698871e-01,-7.165442293854956679e-01
4.434554799792813501e-02,-6.890864336190080097e-01,-6.430987292599481542e-01,-3.310851609469078194e-01
6.527388868865403593e-01,2.263335313671403504e-01,6.414224418349578904e-01,-3.335900616557394005e-01
3.921591188683813956e-01,-5.692050848449745626e-01,9.811648112286699974e-02,-7.159538763126198635e-01
4.444707071295078693e-01,5.298275897674594725e-01,5.275333986656399743e-01,4.933933815093985431e-01
6.293658790722534979e-01,-2.875036623846898842e-01,7.071375785814837389e-01,-1.455907941214550638e-01
1.096093328677975598e-01,6.835450541283115689e-01,-2.894518242533371533e-01,6.610367573451684242e-01
6.884053020807914258e-01,7.638369061556438133e-02,3.722615409074676029e-01,6.178066178313387224e-01
2.570487358547719481e-01,-6.435453028112813056e-01,7.190090041038373903e-01,5.292865615720845907e-02
5.521548435368234253e-01,4.193303225189253802e-01,-4.582854367036383048e-01,5.561129092912298066e-01
5.514876086354525420e-01,-4.207880575735842288e-01,1.891782202058962248e-01,6.949895172768648655e-01
2.588934040362260713e-01,6.439438317675971746e-01,-6.762870903434364811e-01,-2.468730813794984269e-01
6.899802878951262208e-01,-7.813409429409684526e-02,-5.918678296013732965e-01,4.092856434178455682e-01
1.084521569778157252e-01,-6.862245589250353106e-01,-7.744098198167368406e-03,7.192176397434209001e-01
6.328975118679461831e-01,2.873935217543411857e-01,-5.823678284211193379e-01,-4.215369681831828697e-01
4.457567598980567980e-01,-5.338009826987828443e-01,-6.801608954605136148e-01,2.318158281079018834e-01
3.960467720857018814e-01,5.720819991010870353e-01,2.035219783246008107e-01,-6.888018183511428472e-01
6.572120293207348585e-01,-2.295462679747191925e-01,-4.445233834517280935e-01,-5.637196297270727907e-01
4.629732142361384084e-02,6.949560992638301737e-01,7.165922148707842831e-01,-3.725823011877833768e-02
6.825400971727253463e-01,1.404803149072732515e-01,3.833011885484693404e-01,-6.062049948097844032e-01
3.172986849177235058e-01,-6.208103808124371126e-01,-2.733391552506642674e-01,-6.627229600910573559e-01
5.141762844705972668e-01,4.713756613498531478e-01,6.985441446080833394e-01,1.595738462554597836e-01
5.915589715314522046e-01,-3.702951931576354272e-01,5.334838504493687461e-01,-4.778435250526217315e-01
1.995226745167041627e-01,6.691334175474286106e-01,8.190091106331424953e-02,7.111563911278581118e-01
6.984528625064786445e-01,-1.416715326048604597e-02,6.275413031833669830e-01,3.437365319891405591e-01
1.723972279703451238e-01,-6.773511544340504731e-01,6.427570237993071034e-01,-3.135889311370174681e-01
6.073020824575073862e-01,3.466956194095550114e-01,-1.152055895654671980e-01,7.054884834339063548e-01
4.961257153485374438e-01,-4.933165593155190431e-01,5.091230729095267415e-01,5.012900792018140095e-01
3.435841945777866058e-01,6.098689495386149240e-01,-7.029449154920879295e-01,1.260087751262641553e-01
6.796737511163485346e-01,-1.688848947313878190e-01,-3.030059968155778272e-01,6.463039921498227036e-01
1.818723541431682342e-02,-7.004541536339007335e-01,3.524116918136510068e-01,6.203540945283106955e-01
6.706603316372916623e-01,2.041318145051330690e-01,-7.096205126643088112e-01,-7.059497064978266512e-02
3.755164758304693762e-01,-5.923940713366944166e-01,-4.672751051989834647e-01,5.382477279898902900e-01
4.712605803529339998e-01,5.199472146578110188e-01,-1.694095922965304091e-01,-6.920034316482276404e-01
6.269646933998869187e-01,-3.159670791474734619e-01,-6.624308892783130620e-01,-2.612764724481392853e-01
1.376969189254517167e-01,6.888016852791793987e-01,5.956144677691067590e-01,-3.896603683454654687e-01
7.009468037790556050e-01,5.069578529745949469e-02,2.591989429690256044e-02,-7.109371805614315143e-01
2.356130076921735816e-01,-6.624736041769874184e-01,-5.651123062425701393e-01,-4.315823394303845428e-01
5.761110517779172158e-01,4.036943186302502928e-01,6.783882483410444975e-01,-2.119347485377736373e-01
5.427821994975784436e-01,-4.480500106389587178e-01,2.187180536456923008e-01,-6.758706125320438352e-01
2.874994704056295647e-01,6.428014187068059604e-01,4.251948470356485266e-01,5.686472831899678226e-01
6.964888614078499351e-01,-1.060243206052126769e-01,7.094466673567736414e-01,-1.864230541985846881e-02
8.328770652774093730e-02,-6.999209454047998769e-01,3.943612105143302626e-01,-5.896211188268888348e-01
6.528003254233408770e-01,2.667699163177519317e-01,2.534199048060373771e-01,6.621660658196696359e-01
4.311632820423972889e-01,-5.584809384333793147e-01,6.865827274189968410e-01,1.755033447968772087e-01
4.237293235367912136e-01,5.645745973740347035e-01,-5.395700475916896943e-01,4.588824992488836907e-01
6.573369099585023578e-01,-2.582391985760638664e-01,6.291557286896326540e-02,7.051683017660181907e-01
7.393411623658879828e-02,7.027099861118487611e-01,-6.116883124908640834e-01,-3.557665389508675169e-01
6.973700512016682840e-01,1.158916349957257730e-01,-6.434136616485962579e-01,2.937056360183539772e-01
2.975319858591774502e-01,-6.416532225553723823e-01,-1.318067571220328804e-01,6.945378594086670798e-01
5.395348093203684581e-01,4.578587242879987307e-01,-4.905986788115855313e-01,-5.085081262608560637e-01
5.852703592369680186e-01,-3.983457163364888531e-01,-6.981324329996405620e-01,1.067258303739187647e-01
2.282461809798483066e-01,6.705316288163551963e-01,3.159578923841094844e-01,-6.312381688912606093e-01
7.074429037358362926e-01,-4.149462108283898804e-02,-3.326380474637530282e-01,-6.222175373247702534e-01
1.484357906670512872e-01,-6.932909655577860208e-01,-6.997177613431443399e-01,-8.780380165994272623e-02
6.290483846998334849e-01,3.278291595199095410e-01,4.755942049011387396e-01,-5.202271851215136689e-01
4.837173796844319029e-01,-5.193068514531915536e-01,-1.499016667260801849e-01,-6.883802589686481843e-01
3.719490172862742750e-01,6.048175916462541490e-01,6.482053618081331514e-01,2.750989245674858030e-01
6.823488167499377477e-01,-1.975822971699636998e-01,5.986735272899785798e-01,-3.700693662641848514e-01
8.775301443768986076e-03,7.106686620427068446e-01,-4.367038090457412564e-02,7.021153357580571797e-01
6.876839284993970791e-01,1.808481375592132234e-01,5.476606902306603297e-01,4.409677244437247290e-01
3.575920388572897957e-01,-6.150052433686128417e-01,6.759636115617960739e-01,-1.922750119472974861e-01
4.978342991655290706e-01,5.086775082990857566e-01,-2.333567007670918902e-01,6.625351713925065056e-01
6.231666846257282177e-01,-3.445915862257495910e-01,4.058585056025473259e-01,5.728863720713446295e-01
1.663112590419559556e-01,6.927545918222985932e-01,-7.017346122071526082e-01,4.179180270724129750e-04
7.123715709057447665e-01,2.415337637436160839e-02,-4.047742911269702204e-01,5.728011283313423352e-01
2.130565450073887701e-01,-6.805525920195399925e-01,2.336817956416177289e-01,6.609447000398060990e-01
5.995465452105169790e-01,3.867520436289039187e-01,-6.741836547609241226e-01,-1.909010123812938942e-01
5.326790428058436611e-01,-4.751573652280370319e-01,-5.449692574300298853e-01,4.398715995391856981e-01
3.163282090280626901e-01,6.402704348930210454e-01,-4.428652584978437501e-02,-6.985906798713795718e-01
7.017180393678175143e-01,-1.344984762024689084e-01,-5.955600462179480026e-01,-3.671650643428314709e-01
5.722010004245779019e-02,-7.125392538493098282e-01,-6.433958137600078731e-01,2.739625863345159784e-01
6.719040287256102806e-01,2.449889498677322863e-01,1.479036836037853353e-01,-6.831177724239293481e-01
4.152415704848959610e-01,-5.826983171129269667e-01,-4.719825063821005418e-01,-5.150433215218603866e-01
4.513191648932859401e-01,5.556637321933355356e-01,6.927095759108202744e-01,-8.776258637056946754e-02
6.560841641724155515e-01,-2.872159860578499257e-01,3.282961248115188746e-01,-6.158589134767310513e-01
1.022109168901243620e-01,7.092112963309877838e-01,3.129632093026513129e-01,6.233989856007023933e-01
7.111626922918031779e-01,9.035286778666325180e-02,6.893154702248861510e-01,1.045378729630754150e-01
2.765735192859753999e-01,-6.617487327564520738e-01,4.832371321931701602e-01,-5.020732787101107597e-01
5.644898236973746597e-01,4.429941501499843892e-01,1.306756417605670351e-01,6.841281301959918348e-01
5.775752819813430028e-01,-4.263656330183897558e-01,6.336293913127580835e-01,2.883278257290194935e-01
2.573142148804574147e-01,6.705658322979585195e-01,-6.010456176155807295e-01,3.505353404724053101e-01
7.152096290520177924e-01,-6.951696473721502567e-02,-6.097737258019020334e-02,6.927657166446797854e-01
1.234791472301857984e-01,-7.082362623618660979e-01,5.300345982778333909e-01,4.496861366591768383e-01
6.501006129392286059e-01,3.077388136570348709e-01,-6.728937672310590923e-01,1.728583051131568349e-01
4.699446027255051450e-01,-5.449535172784623072e-01,-2.474241295760799264e-01,6.488135591050169237e-01
4.003454344186707647e-01,5.983594906200834229e-01,-3.865370740939467198e-01,-5.764360705888301739e-01
6.836761448267887342e-01,-2.266842674730203677e-01,-6.934684955063105116e-01,-1.739590800200372170e-02
3.648627168792874242e-02,7.196915042942459984e-01,4.145320859057429197e-01,-5.557661741952579781e-01
7.037577641742566170e-01,1.565260361392042110e-01,-2.141469176256845797e-01,-6.590642662490650006e-01
3.384139494161252371e-01,-6.369769781676417608e-01,-6.613640979447015233e-01,-2.057519333439938591e-01
5.241249803748668779e-01,4.960291907459130067e-01,5.496792193078835487e-01,-4.208334619966378476e-01
6.179643817422224572e-01,-3.733098676340510513e-01,-2.603355856697136747e-02,-6.914347542995941120e-01
1.953894621850758295e-01,6.953786549010738671e-01,5.791771029282156702e-01,3.779224362467503706e-01
7.226386533251836219e-01,-3.189607399851602035e-03,6.427074806304498011e-01,-2.543821877936030540e-01
1.894204247083115522e-01,-6.977284434708985739e-01,1.634803849536959341e-01,-6.712444305991607241e-01
6.223985150057567139e-01,3.685287612841483540e-01,4.532970223711374480e-01,5.208919754944019154e-01
5.211857696418294994e-01,-5.020428608673305204e-01,6.866863085221331930e-01,-6.913951882422780804e-02
3.453127623069675023e-01,6.363403319474035813e-01,-3.400097305663344893e-01,6.001861888157778990e-01
7.056398591011290300e-01,-1.634949307248965422e-01,2.934098101231599198e-01,6.239010179495553254e-01
3.030129455831448437e-02,-7.240361288796922645e-01,6.784288175207400240e-01,1.207801936677144333e-01
6.901530055463995783e-01,2.220891590336445676e-01,-4.901987804693207496e-01,4.838082161367152634e-01
3.980139635908215290e-01,-6.063892575414938646e-01,1.117525999465413949e-01,6.792557026114600660e-01
4.787487999256522242e-01,5.453539352519131134e-01,-6.187222239806231538e-01,-3.009509618317768864e-01
6.534401938178644453e-01,-3.164103703709341686e-01,-6.027318821167737539e-01,3.310810609276397809e-01
1.310674804609054112e-01,7.144292870471018464e-01,7.782293732917093532e-02,-6.829024086942877547e-01
7.238723548465745283e-01,6.391389335563124607e-02,-5.122558891073826226e-01,-4.577310697339704859e-01
2.544592054003477766e-01,-6.810396213965996814e-01,-6.691860282161442575e-01,1.537062344711556394e-01
5.889765495230059322e-01,4.268013103154373322e-01,2.609069215337492254e-01,-6.347242266691749402e-01
5.684751680326729506e-01,-4.542873528453375553e-01,-3.672533689006111657e-01,-5.792960792255992253e-01
2.866612512777617638e-01,6.692194138627988176e-01,6.846612513069457728e-01,3.478036923046315398e-02
7.217195845246131558e-01,-9.817545232195180882e-02,4.236267117520607361e-01,-5.385376783152098223e-01
9.757500006545477556e-02,-7.221391685383271586e-01,-1.948373158042544795e-01,-6.565307007255588578e-01
6.703999260483963774e-01,2.864578150082568442e-01,6.481416372325288222e-01,2.200415357620853218e-01
4.548237534706763285e-01,-5.701909988362193760e-01,5.536981888585736922e-01,-4.017908582580435595e-01
4.287059029381384279e-01,5.904929736338913049e-01,8.176272561554448828e-03,6.837122533946566882e-01
6.836361451014691948e-01,-2.561261515070317740e-01,5.625603809866143168e-01,3.880294233292050921e-01
6.488857460801641941e-02,7.274865899178759587e-01,-6.413531951438671275e-01,2.349868367669831482e-01
7.188318554183096287e-01,1.312109389908873713e-01,-1.785211916525268339e-01,6.589344711395525023e-01
3.180126887743742192e-01,-6.582490090410262340e-01,4.345648623663316834e-01,5.260509027380630975e-01
5.500664244014046300e-01,4.820155994584136572e-01,-6.800731038044164345e-01,5.087695064395562905e-02
6.113530195013381352e-01,-4.020545686490784032e-01,-3.510881640476047338e-01,5.842402848492066481e-01
2.248678785990277651e-01,6.966513540138804528e-01,-2.740005086687055114e-01,-6.237267425518089325e-01
7.317094037504063841e-01,-3.127781303456018958e-02,-6.670734285807895514e-01,-1.365140569922022318e-01
1.647477107849081579e-01,-7.139491761786215251e-01,-4.964745327359580962e-01,4.654544058977335697e-01
6.446053970511655962e-01,3.490521418320037261e-01,-9.315350571883738995e-02,-6.737721489845737155e-01
5.083126630442107441e-01,-5.286397955734156717e-01,-6.035034585857841360e-01,-3.129565123144056327e-01
3.743861040901078074e-01,6.310032671779369773e-01,6.037339885623776992e-01,-3.117293584659018291e-01
7.082289215909572944e-01,-1.929511699811891079e-01,9.418939575582785384e-02,-6.725399604128754483e-01
2.584782679780800972e-03,-7.343704511508468702e-01,-4.943466537013253559e-01,-4.650964903644210224e-01
7.074933860763681359e-01,1.981111570134175548e-01,6.648482272900004819e-01,-1.348403233248270661e-01
3.795052673464817117e-01,-6.294910286741784988e-01,2.737920256272162733e-01,-6.202860014363904551e-01
5.059511641571889928e-01,5.336524185862792091e-01,3.480303016966200258e-01,5.814666153150667149e-01
6.493940999935901015e-01,-3.457557931814235208e-01,6.753262903602106348e-01,5.171688238202747784e-02
1.604425568718974571e-01,7.183357382306744254e-01,-4.320507399938006143e-01,5.211373247003225906e-01
7.354555370726018060e-01,3.662623532730361481e-02,1.757749871964309485e-01,6.533504616598159176e-01
2.312271257870566754e-01,-6.994702464545985432e-01,6.345342511107365802e-01,2.337555877243081004e-01
6.129312213836385359e-01,4.093020992838435901e-01,-5.570249287068982369e-01,3.827666889556549101e-01
5.579741481610080989e-01,-4.820435891690683095e-01,-9.265917572539269717e-03,6.754353935770162076e-01
3.162213376205411652e-01,6.664784458318780969e-01,-5.457310693021334425e-01,-3.974772281192345824e-01
7.269417922450298608e-01,-1.274102235402792271e-01,-6.393380116888499609e-01,2.157989166672255321e-01
7.077279950035454681e-02,-7.349538941157347516e-01,-1.930107453257432493e-01,6.462049493495086727e-01
6.898890283939224100e-01,2.640216380842483335e-01,-4.158088238168284878e-01,-5.305174126841321058e-01
4.383737737532562573e-01,-5.949546307159303549e-01,-6.728809318472110945e-01,3.299505162033875699e-02
4.569630544787252613e-01,5.812190862458610496e-01,3.615212911082182901e-01,-5.680418089370244950e-01
6.822118946737840695e-01,-2.858427389153095910e-01,-2.547579855830752749e-01,-6.228797862803493457e-01
9.392386222899402892e-02,7.340202517499017087e-01,6.552653646466383153e-01,1.517230372076312228e-01
7.328582228129637555e-01,1.049501232987573862e-01,5.020602525497405155e-01,-4.470344502213345894e-01
2.964210544024599714e-01,-6.787625084533867037e-01,-7.489920466415272982e-02,-6.676871458742315024e-01
5.755932017465896777e-01,4.666526885469639563e-01,5.879930365177221674e-01,3.243330439250195485e-01
6.033305606133662069e-01,-4.307583794947712486e-01,6.040541182157875832e-01,-2.925031203107882338e-01
2.546821747151799542e-01,6.965528106377480988e-01,-1.100593183589033686e-01,6.616933718251782892e-01
7.395475397261610517e-01,-6.005452405924412151e-02,4.763292074844682755e-01,4.717768293613180952e-01
1.390834120873677693e-01,-7.291647242613533697e-01,6.598887052881660109e-01,-1.162820106813950011e-01
6.661069564808151933e-01,3.283522413550201691e-01,-2.860667523938301704e-01,6.055180767738045366e-01
4.940726605193060395e-01,-5.548821129324449375e-01,3.288908744899480818e-01,5.829484021354182088e-01
4.034811230751409461e-01,6.242541290988975478e-01,-6.654774883291441068e-01,-6.818708200336770497e-02
7.094624382374423721e-01,-2.228038697042388772e-01,-4.397971875953095022e-01,5.035870512217883732e-01
2.587446622339207788e-02,7.435034020585613579e-01,-1.569818791946442915e-01,-6.495305171656818866e-01
7.238731249936156686e-01,1.730975939664598229e-01,-6.205603055737612950e-01,-2.468801916339180003e-01
3.597427378302490708e-01,-6.519421154929297968e-01,-5.596586975615849280e-01,3.637839783012307704e-01
5.328597124203561242e-01,5.205690804343794387e-01,2.627378223419444755e-02,-6.666168672799317463e-01
6.439377119242608583e-01,-3.751854808448050194e-01,-5.287106386257365287e-01,-4.062574783668183032e-01
1.902739613338088331e-01,7.209050025928106509e-01,6.366674940256694670e-01,-1.968407958886427278e-01
7.458709683682654967e-01,8.543004178037506488e-03,2.069339933278364907e-01,-6.330733275303855878e-01
2.069174865570989619e-01,-7.169866940061668803e-01,-3.970518601358687949e-01,-5.342892987302352292e-01
6.362911736360180592e-01,3.905209203460152656e-01,6.651212475137761038e-01,-1.551383997333641643e-02
5.460790649176527900e-01,-5.095674469426612063e-01,3.712993805742663689e-01,-5.516116766894679779e-01
3.459281761325543325e-01,6.623317192559967648e-01,2.357049408798495005e-01,6.213642824220159122e-01
7.308478033489461678e-01,-1.571603606671234388e-01,6.430211113495292174e-01,1.663909845328658266e-01
4.312368934493034101e-02,-7.466368054765865070e-01,5.069522731326477905e-01,-4.285711386580309812e-01
7.085122518741656661e-01,2.404679647462398817e-01,5.701042465088797251e-02,6.610108609970984928e-01
4.206161672162896936e-01,-6.191807282621757391e-01,5.722112321296125570e-01,3.350695024166041036e-01
4.850497834242726847e-01,5.705416051657112853e-01,-6.036949534152756813e-01,2.734252870455258777e-01
6.793891736888134636e-01,-3.157683447551881128e-01,-1.254155207536851446e-01,6.503780825635823160e-01
1.235326086426452724e-01,7.392613020623648445e-01,-4.582260833960798974e-01,-4.777669707822934653e-01
7.457909633485293455e-01,7.779266265318732221e-02,-6.543162981859780292e-01,9.805265194373083415e-02
2.736741290133456461e-01,-6.984601719022972555e-01,-2.977187658140184601e-01,5.904400019114369735e-01
6.006407421762418597e-01,4.499590211485635649e-01,-3.098581760728978951e-01,-5.837426563527605694e-01
5.938977120601073301e-01,-4.593541234546285046e-01,-6.551291734590245497e-01,-8.417281602688213293e-02
2.847674138755037498e-01,6.950658273643277596e-01,4.468595063306754489e-01,-4.859090421333041032e-01
7.461192028342918947e-01,-8.946172805686733454e-02,-1.384798897814147611e-01,-6.450783320660578024e-01
1.124744328539176996e-01,-7.433270133858916884e-01,-6.062385434563939413e-01,-2.594017763101673091e-01
6.868443732784442757e-01,3.064614739583774172e-01,5.615992375278947568e-01,-3.448658699887354739e-01
4.784813499088484412e-01,-5.807044921166069074e-01,4.282827274820814184e-02,-6.572698301903147078e-01
4.325307107960967290e-01,6.160905573397658097e-01,5.115208334988378125e-01,4.143622162693580413e-01
7.093202734342107796e-01,-2.529889751950002985e-01,6.333477017758721850e-01,-1.781348275330264797e-01
5.502007159118651319e-02,7.513985259814532913e-01,-2.202761810811110776e-01,6.195574637782370608e-01
7.392420789519510427e-01,1.470931102458492290e-01,3.783170760244106146e-01,5.373648254336529373e-01
3.387560566444410282e-01,-6.736823062183749933e-01,6.568059772425290932e-01,1.546813979229466575e-03
5.594085095595358048e-01,5.061165046779038112e-01,-3.804130935350706344e-01,5.349711033243549352e-01
6.370656105062983965e-01,-4.046325321019522137e-01,2.168640931352969758e-01,6.191848568752350568e-01
2.204986527393733575e-01,7.221140515978907715e-01,-6.303575669577941021e-01,-1.805020177284732130e-01
7.550796745523188358e-01,-2.028116621312259574e-02,-5.111473844487284257e-01,4.100874428048533193e-01
1.815725744274774844e-01,-7.335368580315363429e-01,3.950777906800860551e-02,6.537539395813332099e-01
6.589949291005937626e-01,3.704846643853205168e-01,-5.561786434764832698e-01,-3.451552019246689196e-01
5.327994757274893134e-01,-5.367925139562889081e-01,-6.026596634807267483e-01,2.545188512434733430e-01
3.757152110509410781e-01,6.567707711294304973e-01,1.402410565468703574e-01,-6.386099595477803259e-01
7.334117474499322054e-01,-1.873639655254893677e-01,-4.400600259741015985e-01,-4.830622389140688533e-01
1.468044572723617609e-02,-7.571464935124838647e-01,-6.481403229982023451e-01,8.017352168132535484e-02
7.262156379449056232e-01,2.158366432728088258e-01,3.087360728001644627e-01,-5.750716720348268973e-01
4.015749815905558240e-01,-6.428066776143078753e-01,-2.909553800627681097e-01,-5.838510736373875298e-01
5.128993385172964103e-01,5.584670450648987483e-01,6.442961136702407554e-01,9.965613897008225586e-02
6.751564962410947501e-01,-3.458368961063130187e-01,4.532315696798924765e-01,-4.681257214899656183e-01
1.536541853887829490e-01,7.431810853940710171e-01,1.202908698069199839e-01,6.400018533302029855e-01
7.575863214353408814e-01,4.978936833369575904e-02,5.915880738545953310e-01,2.713070866159046912e-01
2.498092427514248259e-01,-7.172863020516700994e-01,5.628467594421342479e-01,-3.260356246033375704e-01
6.251454259637649891e-01,4.319557552823932167e-01,-5.891051492092678338e-02,6.474078877390598841e-01
5.830579356809956204e-01,-4.877748486898602076e-01,4.941836649740287690e-01,4.217838852989014287e-01
3.150581421382901981e-01,6.921759225062432686e-01,-6.293851753963249918e-01,1.597033511431029951e-01
7.513930148868961378e-01,-1.194401902802430804e-01,-2.330228418682460390e-01,6.056756007077108706e-01
8.496951659099905019e-02,-7.563900345557785787e-01,3.596277242082419057e-01,5.397427135736069248e-01
7.067603283994381425e-01,2.834145772110503447e-01,-6.479475049197828129e-01,-1.816718176350172811e-02
4.615569589173397769e-01,-6.060424401805347694e-01,-3.888534701339550481e-01,5.181415956471564499e-01
4.614678534804214083e-01,6.065129570579448348e-01,-1.982581806446533923e-01,-6.163466126559568048e-01
7.077849828818031375e-01,-2.834417861431262065e-01,-6.172920303751699977e-01,-1.940405140951242946e-01
8.479431334874634740e-02,7.580217897915038083e-01,5.146428180077206038e-01,-3.916065123284752647e-01
7.535520830568912531e-01,1.201442830334435441e-01,-2.241177245023760062e-02,-6.459274896074936878e-01
3.165772997334875272e-01,-6.946527802927543460e-01,-5.399161835205817939e-01,-3.545798117456341880e-01
5.855323236248154428e-01,4.903099541264937522e-01,6.009518887509607277e-01,-2.358068580038605866e-01
6.287751465868857137e-01,-4.340300098030555609e-01,1.545192075813593968e-01,-6.264052842317254788e-01
2.510528173221346915e-01,7.219425174760237818e-01,4.218539866236216684e-01,4.876583828303962531e-01
7.630450406367893512e-01,-4.979018813582297004e-02,6.413705623756690288e-01,-6.266581877641141940e-02
1.552367062617584226e-01,-7.490705194799756050e-01,3.191070099859050768e-01,-5.594333186831612625e-01
6.809822887692905669e-01,3.492226821922346236e-01,2.722057447578457579e-01,5.832758122413670421e-01
5.181476500088050274e-01,-5.636529547650337424e-01,6.329935030304543186e-01,1.146193024592029736e-01
4.055157200341678037e-01,6.497899065699392906e-01,-4.589076571662510373e-01,4.502597476115121622e-01
7.346103783346313865e-01,-2.179582417988588650e-01,1.024366276060843794e-01,6.343094940166766893e-01
1.450259020026611889e-02,7.664438395945806226e-01,-5.766283616767874376e-01,-2.825831702967182002e-01
7.429470191642759680e-01,1.901696409522747322e-01,-5.634019259953937375e-01,3.073166187495899315e-01
3.812767846165773244e-01,-6.657710269961018001e-01,-7.450179988658878205e-02,6.370450807742406019e-01
5.404454173541813899e-01,5.450046596001402177e-01,-4.767214042251159412e-01,-4.285153143455127656e-01
6.695051364764411650e-01,-3.759820229833628069e-01,-6.247869194596002984e-01,1.415686967418397502e-01
1.842269422480196095e-01,7.457535278997645678e-01,2.451597837672915836e-01,-5.914463541169011629e-01
7.682027579974094467e-01,2.099272445809624923e-02,-3.410072037917991628e-01,-5.414221228275571951e-01
2.248659289791393734e-01,-7.351868926397890913e-01,-6.385586567308961792e-01,-3.432766798128590591e-02
6.490446766103588061e-01,4.126666234852957027e-01,3.966119135386199646e-01,-5.011449447657176925e-01
5.708174531652492334e-01,-5.159539231238953194e-01,-1.799099648202109880e-01,-6.128551125130559107e-01
3.454884785075265641e-01,6.878713601346945206e-01,6.038421888867473442e-01,2.069910965366912325e-01
7.553401308929502678e-01,-1.499295327399538524e-01,5.174362291130991665e-01,-3.731516724821373754e-01
5.661918383534525478e-02,-7.683099162426705320e-01,-5.742808809133609360e-03,-6.375430658175036402e-01
7.257990899165590593e-01,2.592485712618196048e-01,5.234450719026632060e-01,3.633333401654956774e-01
4.433203385568580956e-01,-6.308323860557832896e-01,5.985757225346283183e-01,-2.173124076465671184e-01
4.902257271461020749e-01,5.955245079499881244e-01,-1.682334711784680414e-01,6.137807393933468747e-01
7.048418475607032274e-01,-3.140970459940913839e-01,4.036311202379163632e-01,4.915515582321804966e-01
1.151382091114411810e-01,7.633416393906532482e-01,-6.340172477534058437e-01,4.555067426719947715e-02
7.667570259409994815e-01,9.229956687392143477e-02,-3.288202274618424736e-01,5.435455005212923574e-01
2.932408999607845068e-01,-7.147961966289336777e-01,2.536326150742327923e-01,5.820194742838130653e-01
6.111667209727881245e-01,4.731673578665060997e-01,-6.212369475518190187e-01,-1.290447427115827272e-01
6.190664540394497095e-01,-4.633110360308957953e-01,-4.638824358063012299e-01,4.323340087541262533e-01
2.818719569694117522e-01,7.203727311255154753e-01,-8.493893628122731188e-02,-6.280101155462495255e-01
7.697328708760065030e-01,-7.992659518571544608e-02,-5.613792173684731823e-01,-2.932173616649610959e-01
1.279561725339126710e-01,-7.635394241854650543e-01,-5.632658323588000115e-01,2.887323461653512058e-01
7.021944220168199191e-01,3.267667506241481168e-01,8.958357189161723910e-02,-6.261958703330288145e-01
5.021385605059500712e-01,-5.900836067270571750e-01,-4.591565772055412609e-01,-4.345496988077334199e-01
4.352629091317747334e-01,6.413862159877965485e-01,6.195603840402549300e-01,-1.237531914856819654e-01
7.344231157765751528e-01,-2.488795821035291733e-01,2.566730733225817129e-01,-5.768887016194202966e-01
4.436958515516526563e-02,7.744920790674095779e-01,3.224790604690662699e-01,5.424026317542977038e-01
7.586560998359271890e-01,1.635109906298035931e-01,6.286526848765262576e-01,5.000879845122294803e-02
3.597506339101794182e-01,-6.880135787368037992e-01,4.036801707126688177e-01,-4.840032196673805243e-01
5.676222631813550024e-01,5.301664368062887212e-01,1.618422361515041985e-01,6.087163594174882508e-01
6.624291498804890654e-01,-4.061371529589637985e-01,5.900261056440848639e-01,2.193386172872330842e-01
2.151882928786365834e-01,7.469551830484733035e-01,-5.195256762166441389e-01,3.547464233458014204e-01
7.776010173333697262e-01,-8.543182492988184856e-03,-1.047879693262015154e-02,6.286126523462958193e-01
1.988858740532435110e-01,-7.521097117289985423e-01,5.067868273726210404e-01,3.714061149558435249e-01
6.722770545198015757e-01,3.921179064913764001e-01,-5.955356906985388443e-01,1.990586608997817197e-01
5.571852455642926083e-01,-5.438251318213043195e-01,-1.813675439800933320e-01,6.007533954258010844e-01
3.759922090191146204e-01,6.821431755005150643e-01,-3.854147833968855630e-01,-4.947383061924069958e-01
7.579342886026627646e-01,-1.808683182190170269e-01,-6.260910408730187005e-01,2.884916226756325044e-02
2.747566426872698198e-02,-7.790449945272687193e-01,-3.378646690353265258e-01,5.274290945640458528e-01
7.439065987439912320e-01,2.340027119931446242e-01,-2.352594268732221550e-01,-5.800850844421731045e-01
4.237949407471340302e-01,-6.550117757125692997e-01,-6.090424502440247023e-01,-1.429150645514833673e-01
5.187377953741955094e-01,5.831311679419300953e-01,4.681509382815859377e-01,-4.143716201805702770e-01
7.004789032907174917e-01,-3.448890352992303177e-01,-6.781954403809513365e-02,-6.211130080922995234e-01
1.459915963880233369e-01,7.673290530529105480e-01,5.458607868658083007e-01,3.031972616750366334e-01
7.788129230875956432e-01,6.360922855022589639e-02,5.624399839859371975e-01,-2.703064211018648688e-01
2.687836037747298734e-01,-7.340567816707841420e-01,1.041374125602312628e-01,-6.148751214110554919e-01
6.362481627496936465e-01,4.547092928703341808e-01,4.415119605125297775e-01,4.398805782247977025e-01
6.079424576767388233e-01,-4.924088900791359635e-01,6.137134439547441422e-01,-1.062791693334455001e-01
3.128909816428219193e-01,7.173897558033508481e-01,-2.675490155096563183e-01,5.620219712562968262e-01
7.751114458480320435e-01,-1.106316224701296425e-01,3.040669888757108752e-01,5.426842147152045603e-01
9.977917512814044043e-02,-7.768973592668132477e-01,6.182432500158806521e-01,6.519120481170226356e-02
7.225739568485212150e-01,3.031510329180348018e-01,-4.100503095433422063e-01,4.667387618019412932e-01
4.847898689980629228e-01,-6.160200776288391467e-01,1.440778231041107971e-01,6.039367746416677285e-01
4.648900107699866502e-01,6.315595872609977013e-01,-5.758622068760531620e-01,-2.310681378226818461e-01
7.328320833413721758e-01,-2.800636592822143833e-01,-5.209095969776875723e-01,3.364144410567762589e-01
7.486329174649800078e-02,7.812568620011467457e-01,2.623280397094591987e-02,-6.191486438011650772e-01
7.732945353697651125e-01,1.359067315928799979e-01,-4.899632610067982119e-01,-3.787887600478453964e-01
3.370280410384380865e-01,-7.094754815557710037e-01,-5.918367285787875520e-01,1.810688469344151064e-01
5.943647634823808756e-01,5.139670889809321297e-01,1.939053018798254924e-01,-5.873406960852395331e-01
6.539253897413960237e-01,-4.362356089621334254e-01,-3.672285343746636843e-01,-4.972155283838553541e-01
2.464748047875348902e-01,7.467652735163483602e-01,6.176030134629652002e-01,-1.258231443195311286e-02
7.857441914608728206e-01,-3.876273933172459663e-02,3.462295485135890583e-01,-5.111052879408276572e-01
1.719128614553843692e-01,-7.680043839010438633e-01,-2.171097140381546553e-01,-5.774760656904066591e-01
6.947823511560125009e-01,3.703384011915633045e-01,5.964263953355113390e-01,1.562130214549619922e-01
5.421730474250826548e-01,-5.713227763452102259e-01,4.717085373625709566e-01,-3.963959228527255685e-01
4.065028841521872716e-01,6.749851958013253217e-01,5.110018803229097323e-02,6.136278688326212150e-01
7.591518544511249855e-01,-2.121941387230525111e-01,5.300935418236574215e-01,3.125107138833009279e-01
2.407176391220593268e-03,7.885558809474579878e-01,-5.609262711835115711e-01,2.520625843340532635e-01
7.610305535364393359e-01,2.077184385388567145e-01,-1.181450211416456147e-01,6.030980856000457413e-01
4.030067902655645740e-01,-6.785191680231644762e-01,4.238105786656059526e-01,4.445018099357125330e-01
5.469379092466198911e-01,5.693416716295551794e-01,-6.072543755609109972e-01,8.916898416561747087e-02
6.946869658086805011e-01,-3.757516685399135969e-01,-2.777741294345256184e-01,5.468658301099927899e-01
1.772932193154526659e-01,7.699575913709552077e-01,-2.857948374154845039e-01,-5.422672152930295697e-01
7.896779880847223376e-01,3.412527669433891575e-02,-6.073444022673488707e-01,-7.985560506011357695e-02
2.432444222613774631e-01,-7.523804168528901437e-01,-4.157146917938384645e-01,4.493741808356973566e-01
6.607141022818769915e-01,4.349589600420407098e-01,-1.266396044064055926e-01,-5.985231730858791011e-01
5.954088760488599474e-01,-5.212571087738118170e-01,-5.613692688040801126e-01,-2.421649043882542207e-01
3.440443054120119193e-01,7.129814165099720435e-01,5.215867805488961784e-01,-3.181795813399057038e-01
7.791515763466544398e-01,-1.418452914323335146e-01,4.149902656075206420e-02,-6.091638245739071644e-01
7.075575984747294045e-02,-7.891002276792262737e-01,-4.729964703354379019e-01,-3.854721678347441394e-01
7.420650697720699851e-01,2.784120334130205654e-01,5.874841548206166664e-01,-1.633662747010706517e-01
4.661219065306362874e-01,-6.413988444230662722e-01,2.058307754744759799e-01,-5.735604436261063643e-01
4.943303842584040875e-01,6.203127129310977983e-01,3.490961352547472529e-01,4.989804582598392213e-01
7.298221420644782631e-01,-3.114455214438257569e-01,6.085646248167281280e-01,3.228861513755886762e-03
1.059251311987241123e-01,7.867063109607886906e-01,-3.539043214169645957e-01,4.945955702969829226e-01
7.868160100143574143e-01,1.074048451425105716e-01,1.992071187248253272e-01,5.741962116509942149e-01
3.131429300474064537e-01,-7.300993226858418783e-01,5.834055315534095731e-01,1.689214910184123619e-01
6.206085498758030505e-01,4.964240371860058065e-01,-4.745509160230976797e-01,3.784304840081449961e-01
6.439935187745813305e-01,-4.662107097668747313e-01,3.480261226317472867e-02,6.055647777526853570e-01
2.780222931722943769e-01,7.451657291329351063e-01,-5.140982701840984825e-01,-3.211457756513665940e-01
7.925977816853599922e-01,-6.960888659105632370e-02,-5.587269399779131174e-01,2.340247121949249887e-01
1.439927105857350675e-01,-7.828224710451104906e-01,-1.315881901031702439e-01,5.908803824382495851e-01
7.165016832543730230e-01,3.473593830870992383e-01,-4.060757030159039549e-01,-4.484075381783176883e-01
5.257953356354672092e-01,-5.983817756240462638e-01,-6.001918307522293716e-01,7.244502690514549592e-02
4.369539190943866891e-01,6.663940562557983949e-01,2.873351191213612266e-01,-5.314402729324464447e-01
7.589718657374070476e-01,-2.438437079239065830e-01,-2.676866159493563879e-01,-5.411523156806978818e-01
3.297391433888186008e-02,7.968055277783734347e-01,5.959705605572488407e-01,9.398277940175364664e-02
7.771204943961391720e-01,1.804393154622914996e-01,4.206659412388802366e-01,-4.319323517712085891e-01
3.809844512422342899e-01,-7.012943308887171767e-01,-1.095505252570108390e-01,-5.924827354370024723e-01
5.747604089845897990e-01,5.541675235331524618e-01,5.465664042283346902e-01,2.526143184657365648e-01
6.874596513029727074e-01,-4.066185939617064649e-01,5.215563355122466715e-01,-3.000658857018517200e-01
2.089808194959445753e-01,7.712034436241862467e-01,-5.625731024808100500e-02,5.986713461229384858e-01
7.993127015182033279e-01,3.901386506325077528e-03,4.559088345447564472e-01,3.914474664102986501e-01
2.166645768558440877e-01,-7.697147250838314303e-01,5.824836416842943398e-01,-1.459743480725381182e-01
6.845030829404097350e-01,4.139421548599205858e-01,-2.171281203210652377e-01,5.594307832438620842e-01
5.814742191625053014e-01,-5.497895886831204448e-01,3.310415564863813942e-01,5.000306275660261202e-01
3.752659456503557034e-01,7.071383249832696727e-01,-5.989876969484833058e-01,-1.856335851487932523e-02
7.818266538818987588e-01,-1.735064988835684496e-01,-3.608786514093585418e-01,4.779217269406809132e-01
4.093774397267434251e-02,-8.001061206136519388e-01,1.815754052929280660e-01,5.702496550351512372e-01
7.606135749055182860e-01,2.525885469383904458e-01,-5.699969543245787529e-01,-1.810234451271550138e-01
4.461576483046944541e-01,-6.661573526459230177e-01,-4.766740325720607019e-01,3.604990999246601158e-01
5.235176183650593895e-01,6.076510924341173014e-01,-1.894859015652698708e-02,-5.969341706219203347e-01
7.253809198945284642e-01,-3.429596903106364447e-01,-4.978960671387859804e-01,-3.290906838589167105e-01
1.374952803759949826e-01,7.908110755732538077e-01,5.558445586877581723e-01,-2.162168291373531837e-01
7.991763126452076094e-01,7.805518516927266448e-02,1.444487753481303594e-01,-5.782379792744726243e-01
2.881315906633408752e-01,-7.498292194472105932e-01,-3.883308525637927944e-01,-4.515921578947955650e-01
6.462900988951653103e-01,4.775573904726818086e-01,5.925348077082890352e-01,-5.612974727451612578e-02
6.326360158995258942e-01,-4.959958727265529888e-01,2.962188386064734669e-01,-5.157656107958653591e-01
3.097659182100530040e-01,7.421412207528179650e-01,2.497665068085502815e-01,5.393405014011597443e-01
7.981297571570614702e-01,-1.010232033515574418e-01,5.841364900585915843e-01,1.075535406531503702e-01
1.151732105254760774e-01,-7.965175514087899922e-01,4.248969062114262840e-01,-4.144364136595122816e-01
7.373775866942247070e-01,3.232145634342629692e-01,9.283361808446652375e-02,5.858229766562143004e-01
5.080693130670547175e-01,-6.249377678973891959e-01,5.314730487349696997e-01,2.624019013714583015e-01
4.672786964248574204e-01,6.563692114522785559e-01,-5.208176527650812959e-01,2.820975907257474158e-01
7.573760688940175401e-01,-2.757529571766082488e-01,-7.048750261203130807e-02,5.876847019027455765e-01
6.416765011220282311e-02,8.037592904931661897e-01,-4.387230109203341666e-01,-3.967059809405403259e-01
7.921278850518659320e-01,1.522109698683308532e-01,-5.768411812414321327e-01,1.289165854302280201e-01
3.577589883693230166e-01,-7.232783372367506125e-01,-2.277815811620677311e-01,5.449701867151159895e-01
6.021402268613063047e-01,5.376229862277230875e-01,-3.130889842779397969e-01,-5.003638274284103460e-01
6.787933923471822784e-01,-4.374232959969145962e-01,-5.888843869351552129e-01,-3.340014145189226791e-02
2.409912305415992106e-01,7.710454704017434269e-01,3.671423705820437422e-01,-4.611058328609575763e-01
8.076798772400188842e-01,-2.700718009248526119e-02,-1.642384785281718051e-01,-5.656408315315923918e-01
1.890874399586445764e-01,-7.860091559103405956e-01,-5.562180867228764258e-01,-1.925019139576088778e-01
7.075548360819562399e-01,3.916872327661909958e-01,4.780740799888836823e-01,-3.426258012289536414e-01
5.661497811629523369e-01,-5.779406897893081263e-01,-3.559952610329290053e-03,-5.877468086790537116e-01
4.064896249771188796e-01,6.998539002255838026e-01,4.815083265608254282e-01,3.363338142048662993e-01
7.831126976052543709e-01,-2.055531098631721287e-01,5.522819795026407963e-01,-1.986631243881076259e-01
1.037863918223309867e-02,-8.098753874663219277e-01,1.567086601508624333e-01,-5.651871694038370642e-01
7.781670119728790747e-01,2.257216030915102367e-01,3.705997969962408489e-01,4.540502723722836809e-01
4.249226833498933598e-01,-6.902341161154860183e-01,5.842926178633954803e-01,-4.024568095262195250e-02
5.523856355472637203e-01,5.935830293784060130e-01,-3.044122503898473164e-01,4.998624597702742145e-01
7.194988368058568007e-01,-3.745402624685617576e-01,2.320588796856796199e-01,5.368330205790505794e-01
1.695127627530096937e-01,7.935443836918273375e-01,-5.718572774010006743e-01,-1.205486982862737227e-01
8.103334103201140781e-01,4.790940402440524437e-02,-4.284006156280523170e-01,3.969097701676110868e-01
2.620326263748006812e-01,-7.686109099148438206e-01,7.651202861357274398e-02,5.785517101802014617e-01
6.713468332497283253e-01,4.573899199376407210e-01,-5.161089464640038482e-01,-2.715132519874784989e-01
6.198581781620959852e-01,-5.255247183440255876e-01,-5.193703625051507844e-01,2.642991409866257690e-01
3.416402854002072442e-01,7.376791899373771333e-01,8.416941761342666695e-02,-5.762176995403878177e-01
8.023106102005775897e-01,-1.329459961208943053e-01,-4.214619327491293532e-01,-4.012391881638286972e-01
8.550404903877319163e-02,-8.090452966138392821e-01,-5.705630467698065145e-01,1.122166444238808791e-01
7.573541096709954790e-01,2.979400412657784991e-01,2.377754491039353602e-01,-5.301974350922699086e-01
4.890148870929142966e-01,-6.509272133476248223e-01,-2.952628313154900264e-01,-4.999780630873323362e-01
4.974106708122166265e-01,6.449129419442136690e-01,5.782671559617784673e-01,4.771811197937548404e-02
7.543489537093485131e-01,-3.078571347437169536e-01,3.726854325398344936e-01,-4.441702477627204604e-01
9.593009518367709432e-02,8.093849871742437863e-01,1.472204068678978905e-01,5.603744383683562091e-01
8.060061932011666208e-01,1.230810237053778095e-01,5.420866589396290403e-01,2.033399427674516813e-01
3.333639229931430470e-01,-7.444136605219048297e-01,4.787474384594572752e-01,-3.248348611887402759e-01
6.290129909948757314e-01,5.197250634082221099e-01,-1.134137756194351053e-02,5.780137444559579896e-01
6.686874491933579856e-01,-4.680991998671653054e-01,4.649567329682821604e-01,3.428636330123998599e-01
2.732604759600361644e-01,7.694652423294339183e-01,-5.480422941961365924e-01,1.813879734084796469e-01
8.147447257679907295e-01,-5.854365856556666831e-02,-1.683497117475076799e-01,5.517445481647563765e-01
1.605584707076433415e-01,-8.012150690414047149e-01,3.529065623134326479e-01,4.557766436546691335e-01
7.298103787013000554e-01,3.682250694410485470e-01,-5.754748484293928934e-01,2.481548307342277063e-02
5.494496280073071226e-01,-6.056453402426471566e-01,-3.119023760926374345e-01,4.837517296225068431e-01
4.376488755603732406e-01,6.911243844965542227e-01,-2.145883110729928100e-01,-5.336313368101994747e-01
7.829883974909591648e-01,-2.379220539789025646e-01,-5.591483032510536910e-01,-1.329490150263162862e-01
2.086642986108300929e-02,8.183707031228895090e-01,4.311702273581834999e-01,-3.793760923080054526e-01
7.946747328619385708e-01,1.978544056264775197e-01,-6.060904817031950720e-02,-5.706770070757082314e-01
4.024451791022543579e-01,-7.135688165428436536e-01,-5.004941353404671611e-01,-2.799339964434440775e-01
5.808687974398307752e-01,5.781196238978614232e-01,5.172142842777610605e-01,-2.466952062040188853e-01
7.121691254944416682e-01,-4.061210131444595861e-01,9.728279241564183333e-02,-5.642844297646489871e-01
2.019155429989942518e-01,7.948820889732145512e-01,4.041488089099393721e-01,4.050386628232881536e-01
8.202475193342529947e-01,1.702087397886256279e-02,5.636557484861951517e-01,-9.589835281936377742e-02
2.348868975860905761e-01,-7.863918423517511913e-01,2.470940104950423433e-01,-5.151316002755761403e-01
6.957172232059251060e-01,4.359470276990509707e-01,2.775877513635952587e-01,4.988715011582670056e-01
6.056681178003120447e-01,-5.547311762964358683e-01,5.671487344717492940e-01,6.149606582614152578e-02
3.735795485998217869e-01,7.317698743409387641e-01,-3.774978570224635233e-01,4.271376122731967429e-01
8.051134082200201991e-01,-1.653163914418142033e-01,1.305454515194607312e-01,5.544553865845115448e-01
5.503673707911682644e-02,-8.203635463602001465e-01,5.276206860008300081e-01,2.135205401805965186e-01
7.763769048357057612e-01,2.715742504596661000e-01,-4.786906199039775434e-01,3.071508074886760142e-01
4.686546430724134460e-01,-6.762874970392908081e-01,-2.573334366488531574e-02,5.677462830339137234e-01
5.272834753524334728e-01,6.320303560710195390e-01,-4.482632541045098451e-01,-3.486686401795200396e-01
7.498777833852171559e-01,-3.400909078618148396e-01,-5.431287829157597224e-01,1.644159649895519382e-01
1.282016623855902482e-01,8.136529546659135859e-01,1.793537292549267081e-01,-5.379269866137509348e-01
8.187109687319461537e-01,9.309902149323782961e-02,-3.352754395006392052e-01,-4.567661344086852981e-01
3.078351842316495168e-01,-7.646442693985657790e-01,-5.660913196551825566e-01,9.861969177294181016e-03
6.553151296550152605e-01,5.004934779497436370e-01,3.186762379130441691e-01,-4.674546125182517109e-01
6.571439163688936880e-01,-4.985797780238910848e-01,-1.973796090379451862e-01,-5.297370744633869144e-01
3.057238700376221363e-01,7.664470747639520187e-01,5.460252117659789572e-01,1.447351546477834983e-01
8.204749145946506061e-01,-9.064986980630905522e-02,4.331989675309158572e-01,-3.618593237090188541e-01
1.311251460991033069e-01,-8.152858159476888966e-01,-4.514815332603195480e-02,-5.622071492130362724e-01
7.512121104470402821e-01,3.435890161118425046e-01,4.846489316509859924e-01,2.876497282713090242e-01
5.313905801831576570e-01,-6.328391418185249639e-01,5.143493688005502662e-01,-2.293107033905644743e-01
4.686771454199131770e-01,6.809488547138041747e-01,-1.098072353306859122e-01,5.518992314671504751e-01
7.814351536256161079e-01,-2.705494248803901880e-01,3.868071254439083839e-01,4.080960145368006109e-01
5.274081099338654571e-02,8.255571323238385384e-01,-5.561259825594841999e-01,7.998574652554170383e-02
8.100879864490133642e-01,1.690322671444224045e-01,-2.557214859986955968e-01,4.997920252201099034e-01
3.787558410039091328e-01,-7.361024027133871162e-01,2.600886584552873360e-01,4.970424080175944725e-01
6.089020112630486592e-01,5.612747600817394877e-01,-5.555420826760180120e-01,-7.471264117264476978e-02
7.033878475819659304e-01,-4.376355021579135807e-01,-3.815696644808996840e-01,4.100308455140096453e-01
2.346406248298842645e-01,7.948027147062606268e-01,-1.142381025327545152e-01,-5.478887458277600375e-01
8.288811735326706565e-01,-1.455539549798316040e-02,-5.128384433683249588e-01,-2.230266164128251738e-01
2.067374600444725208e-01,-8.031212630975227418e-01,-4.779002029863541612e-01,2.895984381183736578e-01
7.193408877336452401e-01,4.132567109068783773e-01,3.959370423912626086e-02,-5.569559378529190807e-01
5.900767544567555589e-01,-5.835495925581491994e-01,-4.314501342054402055e-01,-3.537373016365500389e-01
4.055175153933197052e-01,7.244063287163005072e-01,5.375448547284250589e-01,-1.477719350214931060e-01
8.065138419997786023e-01,-1.980724319226586094e-01,1.897023813108710266e-01,-5.237516022887042100e-01
2.382452903013698026e-02,-8.304323805653848201e-01,-3.177309967681771763e-01,-4.570136396407666890e-01
7.943933200855437526e-01,2.441579020397800504e-01,5.561520358017891796e-01,4.591834984555021211e-03
4.470138128588808657e-01,-7.009570318417281953e-01,3.247207891600634166e-01,-4.509925716819131458e-01
5.568310291949902791e-01,6.177293869896817169e-01,1.804578443236587448e-01,5.251519549588081759e-01
7.439526203206896504e-01,-3.723884673200554829e-01,5.325038762918030688e-01,1.558876193262442866e-01
1.609215599075925762e-01,8.165361012728752366e-01,-4.344800590655807371e-01,3.443836888549884345e-01
8.301999195577202117e-01,6.231635372319845739e-02,3.015305426050607709e-02,5.531505752900949258e-01
2.812110552867666535e-01,-7.839157212414502585e-01,4.685939137985656311e-01,2.946459372296562629e-01
6.809839757408311378e-01,4.799506450242683742e-01,-5.107756299867144412e-01,2.121708248951184594e-01
6.441677245673743668e-01,-5.287986580454715480e-01,-1.217221632011070975e-01,5.390766521197547512e-01
3.383161213960760305e-01,7.619780583314165190e-01,-3.694606494356251214e-01,-4.104028132744780843e-01
8.248406251994814253e-01,-1.232663118841829941e-01,-5.479805720857459095e-01,6.450311613851411607e-02
1.008368877122433060e-01,-8.281768192551083319e-01,-2.636419579679845082e-01,4.841983024792709256e-01
7.717039096973984380e-01,3.178148500035039015e-01,-2.427907514882498563e-01,-4.944890776010841260e-01
5.119921905110148552e-01,-6.594584757441008804e-01,-5.434603454864306293e-01,-8.734625640958801340e-02
4.995079063904870886e-01,6.693292292126442611e-01,3.848907986713474005e-01,-3.928731442503196059e-01
7.784371114604557995e-01,-3.033705825819339452e-01,-9.832312312931161535e-02,-5.406796802017792558e-01
8.518641382663957873e-02,8.314021908946094275e-01,4.977584399711957874e-01,2.318409094884712196e-01
8.243600014064601522e-01,1.393025393025591752e-01,4.763727567426805920e-01,-2.722028421203183668e-01
3.538878672407276826e-01,-7.577771889182262077e-01,5.289997157671396527e-02,-5.456543799715923848e-01
6.364208367808448230e-01,5.430650885355909896e-01,4.145398880434505440e-01,3.580579692534764935e-01
6.931539052629787090e-01,-4.690171817147870681e-01,5.312939782835485181e-01,-1.314810081899296379e-01
2.676241518663988739e-01,7.932874937327517584e-01,-1.993771314473224421e-01,5.092357264379995252e-01
8.361992896514287565e-01,-4.676284434725989925e-02,3.002980960164259305e-01,4.565140062516258035e-01
1.776294986926617026e-01,-8.187503026376196091e-01,5.456671285568125418e-01,1.852263311635354501e-02
7.421586951023199097e-01,3.893495208794046092e-01,-3.300228317020799662e-01,4.343873299606477723e-01
5.730978025466988424e-01,-6.119148372863212337e-01,1.638483889650401426e-01,5.198777222179855606e-01
4.373877544994243527e-01,7.155844414455581060e-01,-5.186003605089329893e-01,-1.663866745115270274e-01
8.064902702367756637e-01,-2.311511753991586648e-01,-4.350066372725138741e-01,3.269737048355105813e-01
8.077661051650569107e-03,8.392141887009149093e-01,-1.564775352691611179e-02,-5.435158182468665666e-01
8.113524877271266478e-01,2.157339218435588568e-01,-4.523499050044544334e-01,-3.009079245674015635e-01
4.241202384448895524e-01,-7.248753609872874426e-01,-5.064930651782039162e-01,1.953010734773050761e-01
5.859876461257067515e-01,6.020207849095025043e-01,1.330067261485446128e-01,-5.258314025657331303e-01
7.365663475267302251e-01,-4.046836342331280312e-01,-3.521334355985270004e-01,-4.119505011631591773e-01
1.940278885453284863e-01,8.180099558328379761e-01,5.392263983708466268e-01,-4.947506366852991166e-02
8.404329848267724223e-01,3.078617612114334726e-02,2.708392838154902171e-01,-4.683702506749466421e-01
2.535321150921660549e-01,-8.021752542255917717e-01,-2.257195452732090324e-01,-4.912097464491677612e-01
7.059578711075168433e-01,4.581216403383960856e-01,5.309168006929436689e-01,9.937503517971336964e-02
6.297666377835277052e-01,-5.586897317025174559e-01,3.874510348504909274e-01,-3.756879838619857082e-01
3.709714389142165780e-01,7.560480852002177121e-01,8.282560390960312657e-02,5.328333733091513702e-01
8.278146065791938124e-01,-1.563322551783049019e-01,4.823993880777082688e-01,2.399458970419220682e-01
6.974498419881552946e-02,-8.398456496905292168e-01,4.741047505042244037e-01,-2.549894261029803100e-01
7.912312283794036283e-01,2.909407200998512244e-01,-6.562933750136075439e-02,5.338533793881354850e-01
4.912767170653590254e-01,-6.854406085828904649e-01,3.975552958271366677e-01,3.616187856497472541e-01
5.300747634235580819e-01,6.562702698252139699e-01,-5.243796005366777591e-01,1.155686491484361339e-01
7.739811929144876368e-01,-3.363202582950761133e-01,-2.083591487087595728e-01,4.943968669240947356e-01
1.181438025690723786e-01,8.358759036421136157e-01,-2.830019143123945202e-01,-4.552619379220275708e-01
8.374460667378489376e-01,1.087145387255371021e-01,-5.346467912759548247e-01,-3.190678538062972219e-02
3.278768987336532215e-01,-7.785369523354699339e-01,-3.345689176617079319e-01,4.176608581848115787e-01
6.633615935229223437e-01,5.235100040722520109e-01,-1.475769638926899274e-01,-5.139160550160072338e-01
6.814690483403011978e-01,-5.001995057266293010e-01,-5.043308740131242640e-01,-1.762122587737816604e-01
3.008015111632418859e-01,7.903204043341599538e-01,4.347716498396035911e-01,-3.096541972438758283e-01
8.421692294804004053e-01,-7.954345222196930465e-02,-1.656617299968224290e-03,-5.333114322271007568e-01
1.476102571642637085e-01,-8.332320595757822801e-01,-4.359379546640604342e-01,-3.064207019088554529e-01
7.641128626317397199e-01,3.642585174511752122e-01,5.015015611068711632e-01,-1.787273057827795664e-01
5.547477537974265793e-01,-6.397624131517182233e-01,1.436397171052372912e-01,-5.121783049338651805e-01
4.691237048679429145e-01,7.053029465456494007e-01,3.348498360461582557e-01,4.127302877483804977e-01
8.050237601548267952e-01,-2.644887969483469270e-01,5.298703204348848006e-01,-3.492657150698540158e-02
4.061334700421519867e-02,8.466737361109740734e-01,-2.772969924424218413e-01,4.523278883811914231e-01
8.272054117274301177e-01,1.863473837590771121e-01,2.089009092879818008e-01,4.872024932958105570e-01
4.000043307909138535e-01,-7.479832599888270872e-01,5.179247988832564875e-01,1.107767160857297817e-01
6.146881437918397806e-01,5.849181045298073034e-01,-3.892398705277722581e-01,3.584991214306152973e-01
7.277146855877876241e-01,-4.369099687062170667e-01,6.777102894309061654e-02,5.243549401512249686e-01
2.274577419779609810e-01,8.180527129954935361e-01,-4.667801692395956437e-01,-2.473236906963309778e-01
8.493724052734671348e-01,-1.436674968504277191e-03,-4.710924471689417747e-01,2.379839476632359119e-01
2.248411754278626384e-01,-8.193718776948700766e-01,-7.775858378624830869e-02,5.215647366555344888e-01
7.301762704378425006e-01,4.350341635601537860e-01,-3.805193990328250564e-01,-3.644075707016769528e-01
6.139512457049399741e-01,-5.881872648420334304e-01,-5.168050509290246231e-01,1.000607251085475075e-01
4.036236397199982062e-01,7.486498709905593518e-01,2.166292004065140941e-01,-4.792526657789546451e-01
8.293722251195976281e-01,-1.897858406867264369e-01,-2.658679713348240936e-01,-4.532518821729317193e-01
3.790250978673281174e-02,-8.502521003366394492e-01,-5.231012020042500321e-01,-4.472022011024485294e-02
8.097411852723012116e-01,2.630070883052560426e-01,3.383452319848847534e-01,-4.008353631705847131e-01
4.692690912958730753e-01,-7.107237978493091690e-01,-1.316696973703280760e-01,-5.072684633597935866e-01
5.603115649211249938e-01,6.417795792487012152e-01,4.897117210298522205e-01,1.853438754342321415e-01
7.680571232030589668e-01,-3.693326615289272974e-01,4.337677378196002631e-01,-2.924503209980569562e-01
1.515522921418961666e-01,8.389508587346087287e-01,-1.179553825177054663e-02,5.225459067415522130e-01
8.493036098009008050e-01,7.731946879123867411e-02,4.193793179421007600e-01,3.111688702415753571e-01
3.007609645006880661e-01,-7.983270290786953494e-01,4.958007824312761769e-01,-1.624757859360414503e-01
6.896614679346413368e-01,5.026316186047548040e-01,-1.535994628657435801e-01,4.981322320753346355e-01
6.683378766038311491e-01,-5.311160403543487840e-01,3.176345138209158425e-01,4.127330250958244351e-01
3.341074391759581430e-01,7.858882019487780646e-01,-5.199190800842637961e-01,2.088308620230541410e-02
8.467608586548236449e-01,-1.128378321980083587e-01,-2.829981600617662019e-01,4.360914047268703020e-01
1.167289630512541032e-01,-8.465216822739858316e-01,1.923611157087654344e-01,4.824651197633658684e-01
7.851470552938123459e-01,3.380192186673048327e-01,-5.044976931839215695e-01,-1.215285437545507580e-01
5.350458549809680164e-01,-6.670285638131886463e-01,-3.902463949314115554e-01,3.413306012768804187e-01
5.006587862119026289e-01,6.935634310672849079e-01,-5.318535624590413347e-02,-5.152493229068780822e-01
8.020981240655832289e-01,-2.980206934853223411e-01,-4.509197953219150623e-01,-2.539559091886667286e-01
7.372456167798306648e-02,8.527782271085427857e-01,4.673317761001993809e-01,-2.212125571074869679e-01
8.419050528132064892e-01,1.560454386471835098e-01,8.926397388287646284e-02,-5.088002025271188833e-01
3.746990239645734411e-01,-7.702228376028563694e-01,-3.634554972430618647e-01,-3.664116856744590311e-01
6.428679532700278809e-01,5.664376876880680145e-01,5.085734277066863429e-01,-8.498358227135349718e-02
7.173962050982092276e-01,-4.690008801011871786e-01,2.241675230847278433e-01,-4.638208500801338507e-01
2.611473097673444599e-01,8.166452745692456272e-01,2.489221640037482808e-01,4.504778955650222128e-01
8.569827905053829520e-01,-3.429577091431378760e-02,5.110404326518387386e-01,5.693832689868478375e-02
1.951832136843333620e-01,-8.354564605476793027e-01,3.413374515968424228e-01,-3.839332751434463287e-01
7.535798443702204086e-01,4.107184970073231578e-01,1.161531965707387343e-01,4.999361652265210676e-01
5.967349513236379632e-01,-6.172260078316332832e-01,4.747592405734047394e-01,1.937604619502233394e-01
4.362062589692483061e-01,7.397789722349865649e-01,-4.319870932875546354e-01,2.753875870622521926e-01
8.294915106549298756e-01,-2.235641812241003779e-01,-2.468334217027915584e-02,5.112275650278502725e-01
5.364238948579342151e-03,-8.593582579841206881e-01,4.026954330524232240e-01,3.151364745213117158e-01
8.271826575127655401e-01,2.340566661838940632e-01,-4.893900388182848560e-01,1.465732514152486010e-01
4.459968813701474799e-01,-7.352473970937283276e-01,-1.628636925330511631e-01,4.837080364532925225e-01
5.901525138078095312e-01,6.258675936820208285e-01,-3.005124608659185959e-01,-4.119490581240716209e-01
7.606574533101179147e-01,-4.023415891363527619e-01,-5.093791891419886531e-01,7.370620330080056640e-03
1.853500473523621850e-01,8.406022583966076267e-01,2.879252607354632620e-01,-4.196811258031690750e-01
8.598922715862749033e-01,4.517033751474552189e-02,-1.761268986993076158e-01,-4.769950077616785800e-01
2.725804225085169397e-01,-8.170944086457074818e-01,-4.906487563391768170e-01,-1.316071370702181498e-01
7.152586201982037428e-01,4.804547292484088183e-01,3.904591322858161906e-01,-3.242067633310684593e-01
6.537678375177768952e-01,-5.617005754869133227e-01,-3.909511584908930554e-02,-5.055211667593616509e-01
3.674761298602405302e-01,7.799804466189775853e-01,4.348373633073233102e-01,2.598235253916296728e-01
8.499466018957018143e-01,-1.465853277137567634e-01,4.628181808760882254e-01,-2.047018492235683773e-01
8.503674916410507156e-02,-8.585764479163174867e-01,1.001211217208380216e-01,-4.955713827092532719e-01
8.052064829177848493e-01,3.106695458878629967e-01,3.463871460392167201e-01,3.676178697830212450e-01
5.140140808701312292e-01,-6.936503822475947878e-01,4.996874621152362916e-01,-7.036413916075663633e-02
5.319265106484992733e-01,6.803703378633669807e-01,-2.309536666537230498e-01,4.481191744214936268e-01
7.976999517536762507e-01,-3.316815906817600079e-01,2.321908097706247009e-01,4.469334818885933869e-01
1.073519514003208608e-01,8.574973646639056923e-01,-4.984743409318450613e-01,-6.853582681753141170e-02
8.554064111670884873e-01,1.248772391560691863e-01,-3.435305756663646348e-01,3.669772342493959894e-01
3.482397246401549018e-01,-7.915376355913527062e-01,1.010546352013550336e-01,4.919199389426301972e-01
6.704632286907787897e-01,5.465986412337087152e-01,-4.594897358581364610e-01,-2.014402318704484607e-01
7.056123345089889698e-01,-5.008897386289468123e-01,-4.294212881261846304e-01,2.584918962541155052e-01
2.950319828736104877e-01,8.137712867917284987e-01,3.698074126859349220e-02,-4.993644427171656242e-01
8.632311830277099585e-01,-6.773318258859742369e-02,-3.859078954742793388e-01,-3.183068281322483095e-01
1.646053013791236308e-01,-8.503818174107957706e-01,-4.822681253774689925e-01,1.310469939369149905e-01
7.761105816090172471e-01,3.852074596753196079e-01,1.714093780853238602e-01,-4.689204657822075850e-01
5.781339538006792234e-01,-6.457413062425185757e-01,-2.835090213069441090e-01,-4.103680442146765417e-01
4.686526611370924744e-01,7.294337993156894129e-01,4.982567944251807268e-01,5.584123399710383580e-03
8.281531985698445952e-01,-2.576034652785859080e-01,2.920599856047080833e-01,-4.031174756613482568e-01
2.781344252008916690e-02,8.671285713723090316e-01,1.602255274520972828e-01,4.707889479137092326e-01
8.435063700710784262e-01,2.041343473659270602e-01,4.763910818888840160e-01,1.409883292040114422e-01
4.214902508405654058e-01,-7.589519601538409210e-01,3.898658525583858503e-01,-3.071522548084629212e-01
6.195322790635147125e-01,6.085475707151966063e-01,2.552752951372549636e-02,4.951746708101353311e-01
7.517775779990472085e-01,-4.352805360832098791e-01,4.185520021435767402e-01,2.649066809776669529e-01
2.194741848883060287e-01,8.408079657642485438e-01,-4.575464357073016908e-01,1.884789273275506161e-01
8.691739790476846750e-01,1.232187166849733548e-02,-1.103048321493767803e-01,4.818896239072780197e-01
2.433778961362887960e-01,-8.347878265147821164e-01,3.293381559628485999e-01,3.680120424687084446e-01
7.400922904186241214e-01,4.570067817198283922e-01,-4.901493549258519877e-01,5.623000080714173066e-02
6.377692191911004116e-01,-5.918872368765644154e-01,-2.369663052351882182e-01,4.321653526813361568e-01
4.008413446569199512e-01,7.725895260671299392e-01,-2.157007004658010596e-01,-4.426113966489823581e-01
8.517014945384809854e-01,-1.807241124640479313e-01,-4.854124406321933538e-01,-7.948661431019296564e-02
5.258657090976880111e-02,-8.693558387880948590e-01,-3.449087198901094609e-01,3.499900756718196115e-01
8.242379957210062003e-01,2.822497644548503382e-01,-8.640186093553640923e-02,-4.832199450580203504e-01
4.916771024499203557e-01,-7.195659186630857240e-01,-4.439193900624565647e-01,-2.083604827014386429e-01
5.628605952153474812e-01,6.657309636623677251e-01,4.260610667370637317e-01,-2.417895816322020719e-01
7.918186385762061574e-01,-3.654056519518047996e-01,4.866084460338621770e-02,-4.869641417265598848e-01
1.414348735867352602e-01,8.608034065095840903e-01,3.690384280720857557e-01,3.206622997501950567e-01
8.676666065076226175e-01,9.289386054280676652e-02,4.744331296848393054e-01,-1.159249588416944726e-01
3.206642570968950001e-01,-8.118727269994333584e-01,1.792125402082266061e-01,-4.537840618698664175e-01
6.974109566448362107e-01,5.254228101507721904e-01,2.666499210756139160e-01,4.079787343911062680e-01
6.923673633435083463e-01,-5.325099879830972327e-01,4.865575146960366415e-01,1.795360041373644105e-02
3.290464613926799009e-01,8.094171734155112263e-01,-2.953830230120702560e-01,3.864209302577317207e-01
8.680871188236630731e-01,-1.016895754609662833e-01,1.446848961731271588e-01,4.638429315990181823e-01
1.331565286224853650e-01,-8.641027923576045655e-01,4.617374651848735745e-01,1.496469724707041316e-01
7.977118897584382085e-01,3.585363566823056014e-01,-3.884533414414608754e-01,2.901920457179414381e-01
5.581672265604334937e-01,-6.736692115339945053e-01,1.251065734294542174e-02,4.842134075775343383e-01
5.008961525562455330e-01,7.176156248155068917e-01,-4.020828093251745949e-01,-2.691844605845131189e-01
8.253407678073367837e-01,-2.918390633040681692e-01,-4.515104224520467557e-01,1.725714824128664615e-01
6.157262986580086528e-02,8.735299161313304639e-01,1.197889059752663132e-01,-4.677658761391736975e-01
8.586649829471834083e-01,1.732871358044598409e-01,-3.123325925069694864e-01,-3.675790626285388996e-01
3.957819126643970509e-01,-7.817793443374618789e-01,-4.799605780292060531e-01,4.260959883489211925e-02
6.483861074326741081e-01,5.898355724804199562e-01,2.421830062701875175e-01,-4.159769760442689757e-01
7.414157493075771432e-01,-4.680828076352344103e-01,-1.994791690972372578e-01,-4.375034090967472866e-01
2.538608779032812679e-01,8.395485477595535651e-01,4.718637443809069465e-01,8.976356367608258335e-02
8.771130142802351370e-01,-2.116957262771233111e-02,3.454548655217252184e-01,-3.329948126658533458e-01
2.131982063713463438e-01,-8.513578546504642075e-01,-7.222352747186930322e-02,-4.738355096492032348e-01
7.641029039404682033e-01,4.323178290502758814e-01,4.280641645910753246e-01,2.144973609813062287e-01
6.203551386155604641e-01,-6.216105986614682832e-01,4.218960932265652941e-01,-2.253074613614945432e-01
4.341365241218107518e-01,7.637106743056774061e-01,-5.969573278915171061e-02,4.740336526680001827e-01
8.520032301933604391e-01,-2.151912930745102925e-01,3.521088456942218503e-01,3.221840528469444020e-01
1.943312001015590554e-02,-8.788216155578280064e-01,4.658821964865587639e-01,-1.012358675167030209e-01
8.421901779422638068e-01,2.528024199895604895e-01,-1.862480104777844425e-01,4.383130379284503886e-01
4.680622504421471097e-01,-7.447142877211587741e-01,2.499613051888182891e-01,4.047687059090691597e-01
5.933950749552496795e-01,6.496554524467977876e-01,-4.742862419536833518e-01,-2.970923793119182449e-02
7.844464091787223259e-01,-3.991265892566023821e-01,-2.978737892759011907e-01,3.696119621135334210e-01
1.759114972465238846e-01,8.626712175049578990e-01,-1.295336351494795202e-01,-4.561518968391576334e-01
8.786449553326936002e-01,6.014821770766760889e-02,-4.467002585727791186e-01,-1.575566988928501222e-01
2.920128037724209480e-01,-8.311748127247177154e-01,-3.862071187155998175e-01,2.733514488317092539e-01
7.236490651072050584e-01,5.029347459606147153e-01,-7.357815247676994499e-05,-4.726401024683109520e-01
6.776684407236547303e-01,-5.637952587794354820e-01,-3.854487740831953335e-01,-2.726346147919627705e-01
3.631248643203133231e-01,8.035721644863976776e-01,4.447028575598631628e-01,-1.570078910535776251e-01
8.715226843228934817e-01,-1.361043077408581048e-01,1.285459003322587668e-01,-4.532105246270975996e-01
1.008879246355738474e-01,-8.765763399657366950e-01,-2.953947769956811187e-01,-3.663024332415386053e-01
8.183286946229293424e-01,3.307429242353226440e-01,4.691216314514881636e-01,-2.953236409930831696e-02
5.368564906681960736e-01,-7.009465914407667642e-01,2.465799467815692758e-01,-3.995714131669061975e-01
5.328700949434562739e-01,7.043285872303862716e-01,1.835541726843075150e-01,4.316000102122095616e-01
8.210404746739348170e-01,-3.262056361747904809e-01,4.578365711172480146e-01,9.933829081779636805e-02
9.585399494670358844e-02,8.785316562468067358e-01,-3.451505508911080766e-01,3.160146165046240352e-01
8.726131758785385939e-01,1.415640699760035148e-01,5.854925754254677178e-02,4.637648583239317723e-01
3.689070786950564562e-01,-8.036728122586203060e-01,4.119396746528961595e-01,2.198255730616119896e-01
6.766499350713705008e-01,5.697504440480150034e-01,-4.169146405337558758e-01,2.090729044702091810e-01
7.295730854408813970e-01,-5.006816327520637877e-01,-7.005622284203258388e-02,4.605791368115879636e-01
2.884454629644624957e-01,8.368073138544004363e-01,-3.351410122825364546e-01,-3.228517248850263921e-01
8.836760803655251406e-01,-5.524610271161219111e-02,-4.566112382261435232e-01,8.700936875180753649e-02
1.820882998825184840e-01,-8.667569896867829415e-01,-1.924891380592378964e-01,4.225211279974194212e-01
7.872321755136303389e-01,4.064204857177806662e-01,-2.334697843160401520e-01,-4.007240327662189294e-01
6.015415251652436179e-01,-6.508057960151190091e-01,-4.614468968533668725e-01,-4.082120477641713180e-02
4.672949009156338596e-01,7.533419857231162808e-01,2.995100965084172007e-01,-3.527109726313014115e-01
8.508322044046353616e-01,-2.499230142922994058e-01,-1.148012483043570481e-01,-4.477094149811475798e-01
1.436726531348289648e-02,8.869378873756673665e-01,4.312911930960884321e-01,1.646896243931371406e-01
8.590134393272497171e-01,2.223722704839107001e-01,3.831110905231603914e-01,-2.566561448575794824e-01
4.431994741677719452e-01,-7.690357748326215326e-01,1.175338735020364962e-02,-4.604563616791456093e-01
6.234644163498057612e-01,6.321567840896719082e-01,3.686686829127671650e-01,2.752332176797808172e-01
7.755783367414227358e-01,-4.327777754834557511e-01,4.371149546663580798e-01,-1.418173368528252709e-01
2.107189062190811535e-01,8.630783181072468890e-01,-1.365468321132476681e-01,4.382331822384477604e-01
8.883030451337725619e-01,2.669497857400886937e-02,2.785492880614593436e-01,3.641639359484326044e-01
2.623278415224792326e-01,-8.493923161220361395e-01,4.576317428409812926e-01,-1.702894064015652437e-02
7.491165316240856464e-01,4.791616704438077523e-01,-2.501315619688951886e-01,3.829656868859150909e-01
6.615255692019038625e-01,-5.946794825089370962e-01,1.679543951553603698e-01,4.248900510991014401e-01
3.972008410621995500e-01,7.962283207312342848e-01,-4.433383077517877857e-01,-1.081808578482399696e-01
8.735125695981567073e-01,-1.709155314154491845e-01,-3.439754890099291362e-01,2.990727918674317420e-01
6.785237452455132601e-02,-8.877616034985856830e-01,4.540984525146502665e-02,4.530047864860127227e-01
8.379075377499153321e-01,3.018672701815720560e-01,-3.955610350884888327e-01,-2.243180262366876176e-01
5.142261834828110167e-01,-7.275112398414902426e-01,-4.111032046558051323e-01,1.931139126182451482e-01
5.645080196616164558e-01,6.895796900016126774e-01,7.971157611410135957e-02,-4.466056554818868540e-01
8.152413823210583610e-01,-3.606372456170466312e-01,-3.181567876997448141e-01,-3.226430288501201948e-01
1.305968848444059305e-01,8.821057018826808926e-01,4.466145753862836298e-01,-7.327622689201214456e-02
8.853077303362621997e-01,1.090161432167554290e-01,1.979074250862825901e-01,-4.064213998065523969e-01
3.409034046833973042e-01,-8.245771321109188756e-01,-2.172024927047798704e-01,-3.958288759525131484e-01
7.042604988464550297e-01,5.483137871142239606e-01,4.480421244102417710e-01,5.125812500430999841e-02
7.162535750309558802e-01,-5.330102784003090122e-01,3.002677391781281013e-01,-3.357382078105731749e-01
3.231625491378803949e-01,8.325703506069064286e-01,1.005182843951867577e-01,4.385073005404224178e-01
8.888323637089420304e-01,-8.984838534205867588e-02,4.155211563045305145e-01,1.710159803595732719e-01
1.500971730718699271e-01,-8.809397385808142023e-01,3.791471160184448075e-01,-2.401322136655053840e-01
8.094232120913399386e-01,3.793498772277877906e-01,-2.293839846150341061e-02,4.476623328481203479e-01
5.813470993608248483e-01,-6.794086376693744267e-01,3.517610015415735258e-01,2.769542397571647663e-01
5.002496139530869801e-01,7.414844245598065653e-01,-4.287360034966053446e-01,1.270299617443020057e-01
8.481715541769899724e-01,-2.848545665071731126e-01,-1.437608079012954732e-01,4.228424301516663930e-01
4.875669346342600269e-02,8.936711786040285599e-01,-2.618209631731129305e-01,-3.611431746802138409e-01
8.746601042627275557e-01,1.910062142604649627e-01,-4.454884917908372710e-01,5.131452710989498067e-03
4.171212958428842654e-01,-7.924719412568201893e-01,-2.528101060828049640e-01,3.661763197387303825e-01
6.530036308192463945e-01,6.132507582644161070e-01,-1.527093756152159698e-01,-4.173602906652846833e-01
7.652123576804971128e-01,-4.662923581596151723e-01,-4.283751106174074619e-01,-1.162594038283525505e-01
2.457932048797759339e-01,8.620049288199740367e-01,3.419070889737254038e-01,-2.821927455384227734e-01
8.966048053905469883e-01,-7.409526002347801253e-03,-3.283750898047107375e-02,-4.415502461543390766e-01
2.316540736530108002e-01,-8.664754754376868817e-01,-3.789426666893578877e-01,-2.279453793946221163e-01
7.737534905166846277e-01,4.541334347284361472e-01,4.044460210080701446e-01,-1.774592219799796533e-01
6.439515938496657155e-01,-6.250970057946807490e-01,8.862913253245360834e-02,-4.321168302572173658e-01
4.312076844862567926e-01,7.873805534587458022e-01,3.011779603334593380e-01,3.215332534659164909e-01
8.740341176502133269e-01,-2.060602959291600589e-01,4.358844847515334631e-01,-6.006855731487312222e-02
3.410453241812443081e-02,-8.976199900255904529e-01,2.024720691934796535e-01,-3.900260190955351924e-01
8.563966719676014971e-01,2.719518102859703745e-01,2.011871601267788412e-01,3.900649685951326773e-01
4.903034226489567660e-01,-7.533019858355070042e-01,4.340729109574066324e-01,6.098671861941199618e-02
5.957437424705972484e-01,6.733787958364346737e-01,-3.001199744455915197e-01,3.187136513608688770e-01
8.079353858226343554e-01,-3.950674663404100673e-01,8.671655150347490348e-02,4.285351199964189117e-01
1.657394233054754196e-01,8.842265634085918480e-01,-3.993999117396057619e-01,-1.765036504647854165e-01
8.967076086206475782e-01,7.569622029427675036e-02,-3.742944616269340274e-01,2.238061725475945785e-01
3.118109309227067860e-01,-8.444386761228520610e-01,-3.344774497537341545e-02,4.342562768470507040e-01
7.311554470742355205e-01,5.255499289683853714e-01,-3.347437250447820589e-01,-2.777690100031740550e-01
7.014640767035453806e-01,-5.650021645705816109e-01,-4.195528384510983644e-01,1.126770556618628683e-01
3.579461289873983043e-01,8.268265518643780343e-01,1.501545578065087705e-01,-4.070454896506431886e-01
8.925535927074463860e-01,-1.249157456849615544e-01,-2.452348992594134136e-01,-3.572169996097965261e-01
1.172757922861670660e-01,-8.938627015200107939e-01,-4.326873346305302181e-01,-6.126159100741829754e-03
8.306206140051995979e-01,3.511435852534194324e-01,2.545850980656969575e-01,-3.492191374593888176e-01
5.597933469110395466e-01,-7.073557180649185927e-01,-1.378496690789298706e-01,-4.089948234511404102e-01
5.329338234259816121e-01,7.281418297444288701e-01,4.129515267127683020e-01,1.235396786890505111e-01
8.440071932561490353e-01,-3.199204953685798047e-01,3.389198504650140498e-01,-2.653979452365305969e-01
8.367581576782878727e-02,8.989904920134519362e-01,2.086621018515488410e-02,4.293938220299739483e-01
8.890844983335879359e-01,1.587532139766384132e-01,3.620980493406174006e-01,2.306754745063284984e-01
3.898627603327320390e-01,-8.149657277951894985e-01,3.969244511611744186e-01,-1.621384306554141119e-01
6.819483880562248190e-01,5.929559736207375975e-01,-9.677384804377853200e-02,4.171144108153057584e-01
7.533492817404310316e-01,-4.996033742642025377e-01,2.842261597672875451e-01,3.194946294211224447e-01
2.810696261547984687e-01,8.594340104849248485e-01,-4.244106251629054527e-01,4.742012361679158461e-02
9.035165751707439075e-01,-4.210739562985948287e-02,-2.061493834716722484e-01,3.733459485775216247e-01
2.000383578779293403e-01,-8.823764338435731158e-01,1.854522012863801805e-01,3.834109615191459430e-01
7.975013388639716760e-01,4.278824737999591954e-01,-4.195380957807465228e-01,-6.997134637596436058e-02
6.249621866236211298e-01,-6.549827046690791521e-01,-2.990368616247816025e-01,3.016568866520392134e-01
4.650784452687266590e-01,7.770266399045944183e-01,-7.342938795935567697e-02,-4.177795658106251420e-01
8.730673696403805639e-01,-2.414746543516054222e-01,-3.829357398172413274e-01,-1.811175820996461239e-01
2.992688202248996055e-04,9.061152422916046723e-01,3.685291056341137295e-01,-2.077050226294979429e-01
8.737461547185636501e-01,2.410412002947296128e-01,4.324540357096439552e-02,-4.202340204516817335e-01
4.651179654622599191e-01,-7.782588018000490271e-01,-3.176341843133809184e-01,-2.776455304530817680e-01
6.265114785248940832e-01,6.557386162958158682e-01,4.095491596597484185e-01,-9.879129616010677573e-02
7.991172327461401048e-01,-4.294294996890077876e-01,1.556918418186160336e-01,-3.908478009610992232e-01
2.012186148216703052e-01,8.848714014896449376e-01,2.288164508234823147e-01,3.523587712936133709e-01
9.067740298586903780e-01,4.165895040481703421e-02,4.192209954596026744e-01,1.670771052118855127e-02
2.816720185867252479e-01,-8.632055169948114060e-01,2.554226135719812607e-01,-3.321090150102198324e-01
7.572734494253771098e-01,5.014858868107765488e-01,1.234070493508947763e-01,3.997743467201289036e-01
6.852143139290400864e-01,-5.965909797438736506e-01,3.970700064807742846e-01,1.299844484096381314e-01
3.927296912652842309e-01,8.195676445380665198e-01,-3.349845883279123360e-01,2.487118638259524506e-01
8.948140925997356554e-01,-1.603862690815886782e-01,9.532059328727571917e-03,4.165250583337737900e-01
8.367701028064339352e-02,-9.054846518994638105e-01,3.450394024878197241e-01,2.324726088291873549e-01
8.507705743009668087e-01,3.218415884074076194e-01,-3.885161952380038475e-01,1.471821589486486115e-01
5.369044880529494357e-01,-7.345845288893582126e-01,-1.041077030337588388e-01,4.015977176155695050e-01
5.652808265078292926e-01,7.133209150218613459e-01,-2.673227411674561349e-01,-3.164955156549888460e-01
8.383278430585774377e-01,-3.550547132876187839e-01,-4.121792977457214291e-01,3.536671648377825994e-02
1.190639257304055704e-01,9.028673682854334581e-01,2.089020520991362873e-01,-3.563905575401370984e-01
9.022430321161658551e-01,1.256642167557153467e-01,-1.700268272003774561e-01,-3.758415805325071024e-01
3.614613804817377041e-01,-8.364615568244821997e-01,-4.044337396677523122e-01,-7.817342638874665017e-02
7.102351289646784416e-01,5.712938022239753000e-01,2.969844119042838182e-01,-2.845869150380366253e-01
7.399927974236906181e-01,-5.326438659048471358e-01,-6.069200797368771300e-02,-4.062236478137650209e-01
3.164826415842341700e-01,8.553513003151776983e-01,3.661349710941613211e-01,1.848190292336741869e-01
9.090071671694834876e-01,-7.733925691077393749e-02,3.618228402876204064e-01,-1.918563046167602593e-01
1.675296303106784401e-01,-8.970493268728132463e-01,5.229246815112308794e-02,-4.055882467474418718e-01
8.203028410340854615e-01,4.004437564957256668e-01,3.004487917525560658e-01,2.765475915813211949e-01
6.045758259758652331e-01,-6.842720986717202303e-01,3.987046535191511309e-01,-8.540705408321778991e-02
4.987460473095446933e-01,7.651672339548430957e-01,-1.603326842805425367e-01,3.742524745761822147e-01
8.705951059569969619e-01,-2.770937717790230570e-01,2.125912228530954240e-01,3.465374079242031780e-01
3.530111119251303636e-02,9.132135071677235372e-01,-4.050786744612143164e-01,-2.657422382207203990e-02
8.899079389609475532e-01,2.091822639452936561e-01,-2.552843687863843303e-01,3.148595427779462552e-01
4.387021636447903106e-01,-8.023229102041021799e-01,1.094147674174314050e-01,3.896752084056533394e-01
6.567459573807773454e-01,6.366746966379347450e-01,-3.807302674619462701e-01,-1.355527261376724413e-01
7.887845391629841885e-01,-4.636562885397313427e-01,-3.300674257716862958e-01,2.321579016950582885e-01
2.369704511505678901e-01,8.840200731072209717e-01,1.126161057824691739e-03,-4.029295811755099210e-01
9.154705427289131503e-01,6.960676736450501119e-03,-3.277772646372957288e-01,-2.332965905492239145e-01
2.505312819100475319e-01,-8.808275220833579056e-01,-3.791942658516740394e-01,1.326222525453776557e-01
7.825543057954109649e-01,4.761513274223463932e-01,1.105889358208003437e-01,-3.855629120507091390e-01
6.675168651324360214e-01,-6.277107965765486020e-01,-2.504886289441088376e-01,-3.124993398308235637e-01
4.274463350733914146e-01,8.107882098657615000e-01,3.991724786208414311e-01,-2.394664249313353116e-02
8.955908363548751305e-01,-1.961969054602422657e-01,2.106881618767073028e-01,-3.391671071463362996e-01
4.935547913225432626e-02,-9.157666131742441262e-01,-1.549411845734515458e-01,-3.673265253122562357e-01
8.698209760231637722e-01,2.914861987215015549e-01,3.887522956547327380e-01,8.555067649162842458e-02
5.127074422215546212e-01,-7.610335697691865686e-01,2.939234780007598524e-01,-2.675219121024235425e-01
5.972241734631299481e-01,6.970312643678771014e-01,4.854194786703282249e-02,3.938456327322601425e-01
8.311250591567536095e-01,-3.901906126070729952e-01,3.490013695768814372e-01,1.875645646396490174e-01
1.548590610943673396e-01,9.052759416730188358e-01,-3.541420950325578909e-01,1.762881650904301045e-01
9.140942820048916229e-01,9.179207063228121688e-02,-6.054640839146931131e-02,3.903075605287366634e-01
3.319570780554669254e-01,-8.569054324742472195e-01,2.832027008968722726e-01,2.744336137023246081e-01
7.378011779420859950e-01,5.482883593076459672e-01,-3.869938357487386904e-01,7.256078808473798158e-02
7.251494727145877395e-01,-5.653469966284029313e-01,-1.640323724387920123e-01,3.572595644865249054e-01
3.519660732728333019e-01,8.497453435529391808e-01,-1.965850540348755837e-01,-3.397161328301984695e-01
9.130479280329345526e-01,-1.130443629278580497e-01,-3.902450020094933580e-01,-3.568321078056975459e-02
1.341788256006891666e-01,-9.104503670631474144e-01,-2.541265168840263211e-01,2.974825798116466080e-01
8.421022315413706494e-01,3.718547310550773810e-01,-9.590788423850588051e-02,-3.786681507149675663e-01
5.828137717523442785e-01,-7.129014644961858549e-01,-3.639284490931362637e-01,-1.401987636024817074e-01
5.321434039887229517e-01,7.518058721946079270e-01,3.241284666355910837e-01,-2.157592761423261229e-01
8.666028829933452027e-01,-3.128520358134537216e-01,1.106631295127521487e-02,-3.885879354697781007e-01
7.084158825950372107e-02,9.188834005181892861e-01,3.103199299266157229e-01,2.331014944511088927e-01
9.048359614528640460e-01,1.764239169916348715e-01,3.689256296456546735e-01,-1.184920426254745252e-01
4.110909136258686369e-01,-8.254368889317029723e-01,1.161710344680699086e-01,-3.690020242161531905e-01
6.863825377799780414e-01,6.162053959157750560e-01,2.337441007598235476e-01,3.074631965536386291e-01
7.769378010126670731e-01,-4.976806332705758229e-01,3.853665328259522349e-01,-1.320136366835958537e-02
2.729300200777304286e-01,8.816551733900106491e-01,-2.114599221877701274e-01,3.216800595053138090e-01
9.227630947437703846e-01,-2.834065725948333933e-02,1.402265312774498007e-01,3.578290067209399239e-01
2.184355162709363252e-01,-8.972564451462299306e-01,3.724815009509482855e-01,9.205611508383729213e-02
8.069390538828349335e-01,4.495785222780058210e-01,-2.898082802957468451e-01,2.504788939152794991e-01
6.483871490505191959e-01,-6.582961875714758992e-01,3.701965035581469138e-02,3.806176294689109785e-01
4.620288852741888941e-01,8.004857000891960617e-01,-3.315353029101149596e-01,-1.893047702761298523e-01
8.948634914763899939e-01,-2.322835761470988247e-01,-3.454463679881065730e-01,1.610294343243671988e-01
1.436755970265195595e-02,-9.246719324188394928e-01,-6.796008945538756230e-02,3.743752353805146482e-01
8.877214872233657461e-01,2.601219939700135653e-01,-2.659093416778400831e-01,-2.712551038846232054e-01
4.872317880881373298e-01,-7.866424578875949036e-01,-3.743845026141985333e-01,6.029156099587396761e-02
6.286977839739303908e-01,6.792853226378950948e-01,1.667401245326087245e-01,-3.398650875654193326e-01
8.223932532369269133e-01,-4.252611802238523975e-01,-1.808239827446558312e-01,-3.318507991392523060e-01
1.909981084943718210e-01,9.061929916836546361e-01,3.746986317710173098e-01,4.398772242259882392e-02
9.245990679006590440e-01,5.719143740309792778e-02,2.518980395978220321e-01,-2.799876439626828861e-01
3.013921204300352708e-01,-8.762450387121670792e-01,-8.292370520769049014e-02,-3.667166221888885635e-01
7.645848543101940731e-01,5.239664683302353021e-01,3.466559688290897778e-01,1.438707054968632604e-01
7.088287510648128009e-01,-5.976461681370488499e-01,3.171200130260625749e-01,-1.995388601584912047e-01
3.874532074675364202e-01,8.426075206750283098e-01,-2.024199522733701601e-02,3.734740148313085428e-01
9.156127948210653900e-01,-1.491606955097680154e-01,2.926726780703565178e-01,2.318339931634822160e-01
1.000387933884102076e-01,-9.225379256119452531e-01,3.576693754892766308e-01,-1.048266829681778617e-01
8.628453160127210753e-01,3.421552663045061005e-01,-1.208013874960628259e-01,3.519016327811311240e-01
5.597000353606981227e-01,-7.408079489936871820e-01,2.171084824386871615e-01,3.013359586544067104e-01
5.652035350382230705e-01,7.369489752386499948e-01,-3.707304717539997574e-01,3.176348226631490763e-03
8.610790655444313657e-01,-3.486831688741643398e-01,-2.111619422557916015e-01,3.039301313916764613e-01
1.068599048081795150e-01,9.230960683316697946e-01,-1.259154590773048643e-01,-3.473037669538750483e-01
9.184862282124878208e-01,1.428170874195301143e-01,-3.556028670691686600e-01,-9.763671981988726600e-02
3.823216023534086183e-01,-8.475447749227896788e-01,-2.845844134788766966e-01,2.334732500306701541e-01
7.153573219805240413e-01,5.943518623373302834e-01,-2.616924246871699805e-02,-3.665036648842866507e-01
7.635804007914268610e-01,-5.314353085298377799e-01,-3.137326028397802169e-01,-1.899824683763654820e-01
3.090316162201628969e-01,8.777620731447411950e-01,3.356860945016542086e-01,-1.461097159097452802e-01
9.286200979283051327e-01,-6.418560468380073158e-02,7.448045210207482336e-02,-3.577675001026093815e-01
1.854336223412365037e-01,-9.124460154334653739e-01,-2.485797720102224939e-01,-2.669545608757149524e-01
8.303700752838685251e-01,4.218022981185173825e-01,3.608356159900664162e-01,-4.864172702597407277e-02
6.278434053343636689e-01,-6.882823405065321420e-01,1.683972842197399289e-01,-3.220596727198488662e-01
4.964100089375588776e-01,7.886604504801878468e-01,1.653341830061642870e-01,3.228876039811442444e-01
8.926144625943699396e-01,-2.685812829337966279e-01,3.584103090198041408e-01,5.143506598934721730e-02
2.122877214712455898e-02,9.321663504214928730e-01,-2.485385547439578346e-01,2.623810610177202962e-01
9.044236535091624285e-01,2.277957458956126335e-01,7.050235663884732440e-02,3.537744632295677927e-01
4.605097190161484000e-01,-8.113520363052453277e-01,3.288979408835447371e-01,1.465087586377152862e-01
6.596360634146489765e-01,6.600983814688726747e-01,-3.089841233707544266e-01,1.835189421553165001e-01
8.121297104565596836e-01,-4.601991134484555435e-01,-2.860131513999326219e-02,3.575528969918476130e-01
2.274169105244849831e-01,9.055979906572775295e-01,-2.748366983606232439e-01,-2.294310732207644199e-01
9.337205275798546866e-01,2.191870208287630822e-02,-3.453741920283154299e-01,9.166359340429737490e-02
2.698110530769565196e-01,-8.944298351533807034e-01,-1.244194413169826818e-01,3.342410331592605144e-01
7.905255826366803795e-01,4.983576214145189476e-01,-2.005997067443001103e-01,-2.940556784506988541e-01
6.910429426137447706e-01,-6.294751371887031821e-01,-3.552235405620721154e-01,-6.077775542574144138e-03
4.228769096003994754e-01,8.339320700463651592e-01,2.097288635449677530e-01,-2.859129687005055875e-01
9.166783474740730631e-01,-1.856250700934616860e-01,-1.120421791872065198e-01,-3.356943411914801723e-01
6.516421116763154719e-02,-9.332726108741755677e-01,-3.380895761894401330e-01,-1.022315892816146321e-01
8.824795700559353584e-01,3.113875885594858395e-01,2.781860917450214021e-01,-2.165180742677862147e-01
5.352613452739747313e-01,-7.679296812732887556e-01,-1.603959189774027683e-02,-3.514570078498278072e-01
5.978596838057056440e-01,7.206058443107034028e-01,2.955829638823569416e-01,1.895302801336009590e-01
8.540148547287031988e-01,-3.845203421507267794e-01,3.247996856812127575e-01,-1.315594867593568029e-01
1.432939792658172451e-01,9.258252439748916318e-01,-8.004669730261454452e-02,3.404511409526242982e-01
9.308168969825931782e-01,1.084146319308267187e-01,2.312217510149078004e-01,2.614625665991213710e-01
3.524340487582505732e-01,-8.685921658931002876e-01,3.462943485769790497e-01,-3.765786463204955775e-02
7.436072694136670602e-01,5.711380039011151322e-01,-1.689348179534672645e-01,3.038266556081426484e-01
7.487186094961993943e-01,-5.648531806311068992e-01,1.501418482136523957e-01,3.127598975891707767e-01
3.452088536694188359e-01,8.723289519861449071e-01,-3.413401553795435417e-01,-5.796503429196882273e-02
9.330124907457665318e-01,-1.005133149755833982e-01,-2.439752583209720826e-01,2.446647480782937478e-01
1.515765263749567215e-01,-9.263520239504537956e-01,5.868756579108034416e-02,3.397826569978485423e-01
8.527911998605972599e-01,3.928599830923518721e-01,-3.106309367917781117e-01,-1.480426432919324242e-01
6.059066703997715297e-01,-7.176051733997342863e-01,-2.996491869278207210e-01,1.677208593124182023e-01
5.305223325889738550e-01,7.753156866717931806e-01,3.608518770248247964e-02,-3.407777866197804206e-01
8.888289297468022765e-01,-3.050242191534208169e-01,-2.568075479732688238e-01,-2.258168343568681957e-01
5.737402246457508348e-02,9.382180681596546945e-01,3.319748089325996188e-01,-7.904305383247760275e-02
9.198809879217445529e-01,1.945563444997756020e-01,1.269541240261139181e-01,-3.159896315826867808e-01
4.325759939860878700e-01,-8.351044807698903005e-01,-1.842336585485300215e-01,-2.855459239471361821e-01
6.899740188919681882e-01,6.394885603973428090e-01,3.387917936463997748e-01,1.450361792296259687e-02
8.003346021387588438e-01,-4.949369368863014151e-01,2.070820255295832968e-01,-2.676172412748570317e-01
2.640503750481434375e-01,9.034731471172426920e-01,9.864289286795348277e-02,3.229291742188082903e-01
9.414241875863162967e-01,-1.396812093463383093e-02,3.199034741841326190e-01,1.057693614896204892e-01
2.372606279958416331e-01,-9.114111503750756960e-01,2.705322447662750207e-01,-1.996231798081581632e-01
8.155640017615030102e-01,4.714939351738929862e-01,6.685775396584796824e-03,3.354163510211546351e-01
6.718072106422476875e-01,-6.607681324444171223e-01,2.770676328370944574e-01,1.878671703865499865e-01
4.581697405358634567e-01,8.237161059687370113e-01,-3.127093060015719295e-01,1.174102021334401391e-01
9.162238571566855283e-01,-2.223732429990747661e-01,-8.458772601912198374e-02,3.223800567372521741e-01
2.961149375202942052e-02,-9.426173435242816145e-01,2.138383776594293129e-01,2.546936421762099889e-01
9.009542358227763392e-01,2.795962143484727602e-01,-3.306918447733130928e-01,2.739207322243058379e-02
5.095271078661077757e-01,-7.942058837131590332e-01,-1.682697547389566117e-01,2.851393172908488483e-01
6.300454346884056811e-01,7.027886530481962657e-01,-1.352729831455240506e-01,-3.013836083895585216e-01
8.454043113455944614e-01,-4.202962910058584134e-01,-3.234337466828579033e-01,-6.350739824373935472e-02
1.800805487348723366e-01,9.270473014319967620e-01,2.381185435349520152e-01,-2.268344244152398215e-01
9.417883565121349942e-01,7.327124888502919986e-02,-4.752774140895736632e-02,-3.246646414711082951e-01
3.214704409084735426e-01,-8.885263199518130817e-01,-2.918197236626673963e-01,-1.483879484878893318e-01
7.710703094341460062e-01,5.465904543477962951e-01,2.890249840965551376e-01,-1.521644232170781819e-01
7.323615838185836280e-01,-5.978673253086639328e-01,4.262491813532431201e-02,-3.230855741579262697e-01
3.813947802713415491e-01,8.653468269756208198e-01,2.385728782552933025e-01,2.208978777308306662e-01
9.359137961295957986e-01,-1.372616364440168435e-01,3.173868316884198015e-01,-6.700901764528946480e-02
1.169170968090140206e-01,-9.389324066985608175e-01,1.283201418359832813e-01,-2.971031291053548573e-01
8.741478082003373284e-01,3.627913484960001433e-01,1.680231741068734519e-01,2.757104637804871361e-01
5.826007485558548638e-01,-7.462014487771768678e-01,3.213630901175966170e-01,2.203474381674324495e-02
5.642985600718845030e-01,7.604575272333081726e-01,-2.031246332395130472e-01,2.490218218275525308e-01
8.834948822385673139e-01,-3.415458826179288976e-01,8.575627943636396355e-02,3.089159491872057184e-01
9.400727905365369175e-02,9.427978095063270780e-01,-3.009906418717744336e-01,-1.081644829905696326e-01
9.340490579712877883e-01,1.604547184658335068e-01,-2.615208188757226493e-01,1.827936047009619258e-01
4.034678840706557024e-01,-8.578434047939915708e-01,-1.828822054779027364e-03,3.183001960176775613e-01
7.196473747885441252e-01,6.174767832355778641e-01,-2.581559708996671310e-01,-1.848934093304849813e-01
7.870109937509363052e-01,-5.294071201260553972e-01,-2.993146672502011718e-01,1.036943915739967359e-01
3.008325865158985035e-01,8.998034447951144266e-01,8.801841944523952632e-02,-3.034901538161689505e-01
9.476780304864313997e-01,-5.040948480552459587e-02,-1.964260267543860849e-01,-2.465401597883906948e-01
2.037897281547433881e-01,-9.271422725631789374e-01,-3.139369460247199428e-01,1.790382768214994827e-02
8.396420722833004557e-01,4.434101020238542801e-01,1.662999625246460722e-01,-2.659567527612362037e-01
6.511395532336645697e-01,-6.914599710682199918e-01,-1.207530316496943229e-01,-2.886504737089616301e-01
4.932640738583247142e-01,8.119596320419441016e-01,3.046162628512831816e-01,6.797824491348643250e-02
9.142313303640040578e-01,-2.593400209297890835e-01,2.308555213998911282e-01,-2.088768928440492001e-01
6.561300556794129844e-03,9.505374282267917696e-01,3.707751378977385687e-02,3.083193228556542209e-01
9.182204160771374468e-01,2.468278790455583349e-01,2.724123542400924136e-01,1.474407504130741953e-01
4.825293636668088193e-01,-8.195769816340040537e-01,2.769953263131427756e-01,-1.368669922796420801e-01
6.616948305178951273e-01,6.835124345181250449e-01,-4.813865395894509347e-02,3.043901659384234404e-01
8.352443746130362445e-01,-4.559434315814605010e-01,2.201089658287208040e-01,2.145564378824625640e-01
2.171552764194429608e-01,9.267413044092700503e-01,-3.014989884796688280e-01,5.561025598517350954e-02
9.513633024959636808e-01,3.744338778707968773e-02,-1.284124749711354208e-01,2.775177393371233703e-01
2.894752689934845802e-01,-9.072962528943618876e-01,1.519764588065248556e-01,2.644252901929554089e-01
7.976854529687427142e-01,5.207385344364788837e-01,-3.028395233343516568e-01,-2.859230633619258902e-02
7.145213585365080000e-01,-6.304111456582466300e-01,-1.977345088909157056e-01,2.300914592475530873e-01
4.175219933381438819e-01,8.568095766878093267e-01,-7.342414999471919002e-02,-2.935330110439930973e-01
9.373001754870368130e-01,-1.743672214235520990e-01,-2.812746366387687824e-01,-1.093116275092848033e-01
8.151005727677372581e-02,-9.501473247279798029e-01,-2.510201592562411599e-01,1.660272613818929155e-01
8.943869319376384075e-01,3.316385462430115338e-01,9.429403002320764504e-03,-2.999982949685211508e-01
5.579521784099773507e-01,-7.740088870501170559e-01,-2.388001482341700066e-01,-1.804829592464020638e-01
5.976715907672920380e-01,7.440949814806538942e-01,2.844835695114997787e-01,-9.044571191049166625e-02
8.766031480007751009e-01,-3.780791901706987423e-01,9.023403739859407746e-02,-2.836914968231319945e-01
1.310663141004611565e-01,9.458788800280505393e-01,1.789711004466310318e-01,2.368630634563394788e-01
9.468855696366015318e-01,1.255437518913979089e-01,2.959065499682225209e-01,-9.262724270097043647e-03
3.732251145029109041e-01,-8.795139628108749053e-01,1.628961942715351496e-01,-2.462174506749070790e-01
7.485926876300534882e-01,5.940867496854422836e-01,1.066062007418316498e-01,2.744176376226432068e-01
7.721648481247320728e-01,-5.635421960204129999e-01,2.847834207282632923e-01,7.127442671329581314e-02
3.376969191458572550e-01,8.945766772191171556e-01,-2.220400639548986976e-01,1.907657447601756595e-01
9.524525583432409404e-01,-8.734441012689483919e-02,2.740000782263011733e-02,2.906102505011132764e-01
1.694492881066713141e-01,-9.415785372899821981e-01,2.523324784898659523e-01,1.450693529804326087e-01
8.627031823241015918e-01,4.141433370016571192e-01,-2.634066489182297910e-01,1.218419177896854083e-01
6.290607801763401508e-01,-7.214861748286894860e-01,-5.252597291389785039e-02,2.845720586151220810e-01
5.280922139496970757e-01,7.986655498021105748e-01,-2.013752012688718729e-01,-2.066397382860357956e-01
9.106855486816460843e-01,-2.964593725072785513e-01,-2.841610112513595077e-01,4.490202177636026110e-02
4.329456689788179630e-02,9.570006216571255164e-01,1.270978613656902900e-01,-2.571410590731627588e-01
9.342311655756557753e-01,2.131314615258662615e-01,-1.360944815804045194e-01,-2.515261446815438284e-01
4.543027390475950500e-01,-8.439847114544509754e-01,-2.830854814171008260e-01,-3.407988168770915982e-02
6.927424896734668547e-01,6.627950634442042466e-01,1.907527577178144695e-01,-2.107698562367227579e-01
8.235348762054817140e-01,-4.913939784411506806e-01,-6.169234069308535823e-02,-2.766158359978840298e-01
2.544528612928391720e-01,9.248890511866205699e-01,2.606457270920887193e-01,1.090769880572268064e-01
9.595068100051985516e-01,9.891555225550175117e-04,2.388554067836760608e-01,-1.493110772019431709e-01
2.564952541924083729e-01,-9.248528329965648442e-01,1.602497203988173524e-02,-2.803580249361893872e-01
8.233929028231704583e-01,4.936142086239342919e-01,2.189265872132366009e-01,1.744714590876258742e-01
6.952128341135526135e-01,-6.624184900112632945e-01,2.680368329168647534e-01,-7.769887756523066735e-02
4.535227565881215783e-01,8.467139606335255531e-01,-9.110140466684325811e-02,2.628556870085334007e-01
9.371504785546792560e-01,-2.117656338260192339e-01,1.614446789993836673e-01,2.254770775440066433e-01
4.541189618604669215e-02,-9.599592408325406945e-01,2.764301081147230166e-01,-1.552724277697975844e-03
9.134573517645416807e-01,2.994460421049350840e-01,-1.578894134750206124e-01,2.258288455612214307e-01
5.319901946247774793e-01,-8.009662787521654170e-01,9.285419952765788798e-02,2.584909103915995487e-01
6.305746379940235791e-01,7.262399424733578801e-01,-2.637867468576136076e-01,-7.326475317147573829e-02
8.681474183608245410e-01,-4.145565936858748302e-01,-2.114767688493582320e-01,1.724542457060280753e-01
1.684876893968819123e-01,9.474372217443749467e-01,-1.857034694168969297e-02,-2.713480266916737937e-01
9.583504481684045340e-01,8.987819741415734032e-02,-2.314667094160688388e-01,-1.411009941747299046e-01
3.418898024569700933e-01,-9.000629511878233124e-01,-2.480494552802245400e-01,1.070958197605485357e-01
7.767474600300801058e-01,5.693449022445176144e-01,5.565922272793290271e-02,-2.634612239976166781e-01
7.558050238833405876e-01,-5.972748793459365935e-01,-1.823048872004199294e-01,-1.969426629195466794e-01
3.745761517232951143e-01,8.877834777890198925e-01,2.651637237369867117e-01,-3.494857277393435130e-02
9.557208522694499164e-01,-1.247105876113026313e-01,1.242009465321173289e-01,-2.358369071106685977e-01
1.342922108552388194e-01,-9.546774122595611534e-01,-1.203664641170013733e-01,-2.367879957704161487e-01
8.846922513462778248e-01,3.837333202014836520e-01,2.619078237271662557e-01,3.837513837759575636e-02
6.055944850950081282e-01,-7.507830855163907247e-01,1.819651072649260681e-01,-1.909680021968705732e-01
5.625865146607285094e-01,7.838396625885257762e-01,5.061196094722916067e-02,2.579345387575617821e-01
9.055741041043805506e-01,-3.336645416440720546e-01,2.389428112606230559e-01,1.072839623236870182e-01
8.052725374564743965e-02,9.619771967303508697e-01,-2.247858511493124600e-01,1.326143110606060049e-01
9.489415795752166316e-01,1.785579049728485412e-01,-2.150056415891507186e-02,2.591614918653009081e-01
4.248843934362104280e-01,-8.673722270970771753e-01,1.984213862954863905e-01,1.666362065566105999e-01
7.231237227219097230e-01,6.406572336373068666e-01,-2.497229372835251260e-01,6.548927560668671433e-02
8.102785495512421221e-01,-5.265800630123924631e-01,-9.044426151660882318e-02,2.407944038671067100e-01
2.919071498057702052e-01,9.214751151101540083e-01,-1.437932035511072792e-01,-2.121257710357462578e-01
9.661864022613384506e-01,-3.603178055954328607e-02,-2.552632425947641837e-01,-5.120923257243614746e-03
2.225792735723743643e-01,-9.411488731072221725e-01,-1.510494143461327543e-01,2.046493099198976040e-01
8.481341624629902265e-01,4.652520371671705068e-01,-7.951378379388633622e-02,-2.405962230829467863e-01
6.744537594930178903e-01,-6.938237695414697370e-01,-2.414082129704011315e-01,-7.377518441479789801e-02
4.893291181011161228e-01,8.350596339803427748e-01,1.988935668753776531e-01,-1.538628315435202343e-01
9.354462889896076883e-01,-2.493914589366913181e-01,-1.068136205329039967e-02,-2.502599630977486722e-01
8.680773020433692200e-03,-9.683329927275884375e-01,-2.096425657820473465e-01,-1.352991278143357290e-01
9.313096929192912210e-01,2.662605448608102443e-01,2.306262354235046330e-01,-9.262352648966795665e-02
5.047466850183552900e-01,-8.270135954674392442e-01,5.736879743400777332e-02,-2.408072215610980726e-01
6.629413473498432241e-01,7.069071751998097231e-01,1.627888837614252515e-01,1.851777388043961414e-01
8.581242681551194407e-01,-4.509101972990195439e-01,2.442041967618377440e-01,-2.582720772568415993e-02
2.062068640041321566e-01,9.474514637239109804e-01,-1.194802890520081373e-01,2.133984855922098356e-01
9.684059155229640670e-01,5.351458591010412047e-02,1.047615604637115033e-01,2.198890341154104144e-01
3.095063905937755488e-01,-9.194389069191130082e-01,2.390207496397341869e-01,4.131551605219895701e-02
8.040502535134907980e-01,5.432803884274595152e-01,-1.710691013508456038e-01,1.705431673741698573e-01
7.379432690562695019e-01,-6.305381856236355054e-01,4.024117930602762183e-02,2.371539070162246854e-01
4.114025838488942766e-01,8.794173452505094080e-01,-2.159209258068905679e-01,-1.036879967676840458e-01
9.574586279316661397e-01,-1.624444833603518323e-01,-2.084645754472405910e-01,1.158761684238901052e-01
9.837328114096391407e-02,-9.663985788392700504e-01,-2.570374887498400387e-02,2.360843105095545291e-01
9.055558318409162588e-01,3.522221348721659151e-01,-1.771036941090526895e-01,-1.566604119039877174e-01
5.807670128623139139e-01,-7.792879794376306180e-01,-2.291722241843740793e-01,5.385177376268103500e-02
5.966794983783478834e-01,7.674906745947882580e-01,8.801713283695188073e-02,-2.172202222449889086e-01
8.988874298187682355e-01,-3.708881625757406431e-01,-1.259210346646132128e-01,-1.964363825873233771e-01
1.181969656065862684e-01,9.654400028983652904e-01,2.320394425847177311e-01,1.061956731573794610e-02
9.623088792999514585e-01,1.431601339251657168e-01,1.420460064720929783e-01,-1.824547311535935912e-01
3.943139621172966347e-01,-8.896842044536698024e-01,-6.659166767721341751e-02,-2.203271781260032480e-01
7.527746483441427605e-01,6.171224306694355066e-01,2.173131133953644378e-01,7.256200880222020422e-02
7.954810343486027335e-01,-5.614338526190572054e-01,1.838912146074018206e-01,-1.348553829671418625e-01
3.294512494317186069e-01,9.164868806332578943e-01,3.853593879423028532e-03,2.269335182145036656e-01
9.713721156061606576e-01,-7.355829251560735971e-02,1.865868149166114154e-01,1.273214480135778093e-01
1.877782810947711545e-01,-9.561392198702515222e-01,2.106914199123908482e-01,-7.839792695155024804e-02
8.718521430424149843e-01,4.356891237423173857e-01,-5.741603835624555646e-02,2.162226321745115976e-01
6.522647100783965923e-01,-7.245620754023393006e-01,1.426440728593985630e-01,1.709187390343217816e-01
5.248730290992961178e-01,8.218491575095331347e-01,-2.208195312504281915e-01,1.763519898785288753e-02
9.321719655883831113e-01,-2.871784152684362379e-01,-1.125831936690933205e-01,1.894967252441778771e-01
2.862357852041791384e-02,9.752358625623268606e-01,-8.921217213212057073e-02,-2.003419363699694422e-01
9.478965179760189264e-01,2.321309314458954443e-01,-2.139779657268780499e-01,-4.267144312519798033e-02
4.762561431179043736e-01,-8.520920991990585946e-01,-1.576112138331638157e-01,1.492576493819887939e-01
6.947059147809516721e-01,6.861142999481654181e-01,-3.064782882282420656e-02,-2.137558653310988599e-01
8.465331711297217065e-01,-4.870718756529239246e-01,-1.911874169847795901e-01,-9.792828861819251329e-02
2.441583041393449727e-01,9.459029684089163004e-01,1.893597620826392713e-01,-9.898069195053277314e-02
9.770165642742857370e-01,1.651113287059548934e-02,2.841900084911003210e-02,-2.106142825540051056e-01
2.761215765034975567e-01,-9.375922037934312225e-01,-1.546723401125186248e-01,-1.440631860647173246e-01
8.304408000188916450e-01,5.159250183301670178e-01,2.058060451267441082e-01,-4.281734361550898482e-02
7.185942098551582058e-01,-6.632655499026319790e-01,8.345409624627488088e-02,-1.916679047068587660e-01
4.481081534340664030e-01,8.694746644962757509e-01,1.076544954818670491e-01,1.778296944482126163e-01
9.576442868805973285e-01,-2.004814465978138893e-01,2.061725257314258042e-01,1.474784758954885214e-02
6.174907526866150326e-02,-9.767040102193014217e-01,1.303712163180184846e-01,-1.588699911272120069e-01
9.252422086750313746e-01,3.196542013037678709e-01,5.407297849462345402e-02,1.970384730749809576e-01
5.546074222917896090e-01,-8.069391808022811086e-01,1.909530947242054910e-01,6.925807707588055306e-02
6.303039752412642471e-01,7.496301851046686116e-01,-1.658400187325827502e-01,1.151892901348758186e-01
8.906188263822766293e-01,-4.080623763206504551e-01,-1.745349232761115709e-03,2.006991701055480248e-01
1.562400683180237837e-01,9.673645223890420253e-01,-1.618379304952727582e-01,-1.166336406359986255e-01
9.742924941870084732e-01,1.069929677402119694e-01,-1.875261544472063835e-01,6.434735443856648418e-02
3.626334946817211802e-01,-9.108669437189617080e-01,-5.543763291072219962e-02,1.890635560658267544e-01
7.816323083718826892e-01,5.922168997793311185e-01,-1.215453679235560247e-01,-1.534822519424555443e-01
7.791508762505520158e-01,-5.958876699202603211e-01,-1.942459399518188801e-01,1.050293707656898071e-02
3.670176438904377281e-01,9.099145748080486040e-01,1.029503854301035554e-01,-1.635687432390220131e-01
9.750365605337514285e-01,-1.115278944816595480e-01,-7.357638107369190994e-02,-1.773464138997427886e-01
1.521452248914054450e-01,-9.697808398899948612e-01,-1.860252181318692022e-01,-4.209003853633870584e-02
8.944912685025451227e-01,4.049650586133421992e-01,1.408509169993817922e-01,-1.266873752803856223e-01
6.286690609447687095e-01,-7.545692951517593006e-01,-2.191318293255259050e-02,-1.868694812931327442e-01
5.600864633130722137e-01,8.070880027843647664e-01,1.640599345381179019e-01,8.942285644256992017e-02
9.273146790452215793e-01,-3.250594682550528858e-01,1.665806069511378551e-01,-8.169901782023157588e-02
6.643995033547960005e-02,9.806376426205650754e-01,-2.931249218498286832e-02,1.818689766752573655e-01
9.631724167592906616e-01,1.971081681946927067e-01,1.305839305831334451e-01,1.280433625708860823e-01
4.465556161714800409e-01,-8.761444500142141489e-01,1.786309793376563426e-01,-3.240304917549890334e-02
7.258032041891416819e-01,6.638817708476225654e-01,-7.615393124107232292e-02,1.633134467260122236e-01
8.333765105608316182e-01,-5.229733929851997365e-01,8.865684453530038589e-02,1.553138300089324797e-01
2.822755951482494030e-01,9.427758735556939218e-01,-1.766301799781531401e-01,-1.720232966447373876e-02
9.841494278505638071e-01,-2.107235834945572067e-02,-1.151596497092182703e-01,1.332070360523427421e-01
2.417842381089898574e-01,-9.544751458665936550e-01,4.189122672067048525e-02,1.695957052782805230e-01
8.558601118489567172e-01,4.873132176238311186e-01,-1.613349776150868331e-01,-6.324809778119364068e-02
6.977753346288424474e-01,-6.953909452664788216e-01,-1.436346324617596149e-01,9.439336831883492207e-02
4.846245552125386102e-01,8.579547226456936126e-01,5.857468760905208856e-03,-1.703479510728409529e-01
9.562589636003716587e-01,-2.387558196336649896e-01,-1.345312022793796469e-01,-1.023025353462202608e-01
2.447786760044744908e-02,-9.855580460443388313e-01,-1.598324661152125681e-01,5.029666639579042503e-02
9.437014959294762750e-01,2.860762065525000453e-01,5.081180246114706117e-02,-1.581330179173513761e-01
5.271474441935801725e-01,-8.336761737660352001e-01,-9.885295287745368698e-02,-1.316347335713789757e-01
6.633931623372003594e-01,7.302726778671436714e-01,1.630642748005792231e-01,-4.622813944037667405e-03
8.807644832125335332e-01,-4.451189484130716467e-01,8.957759681397221840e-02,-1.345321560967244756e-01
1.945917968241830109e-01,9.677289222627046827e-01,5.753735451028774150e-02,1.494129126312631339e-01
9.848541407595916564e-01,7.011303055557134567e-02,1.537174747038129730e-01,3.895410563320146624e-02
3.298873892512922956e-01,-9.308684693811292155e-01,1.194087445393765823e-01,-1.019791883304132923e-01
8.096347816882705217e-01,5.659696090830199644e-01,1.413661144171267717e-02,1.548227311861731792e-01
7.612995217206414145e-01,-6.298741125041754652e-01,1.331849199313876742e-01,7.709356476301928995e-02
4.045383098058443760e-01,9.017512941628810230e-01,-1.384106270099389191e-01,6.352840078040343508e-02
9.771549786536669613e-01,-1.498768480031245631e-01,-2.778780194848306032e-02,1.480976576042709603e-01
1.157349608887890818e-01,-9.820329026835458164e-01,1.037123978801140489e-01,1.070538901719919611e-01
9.159975785179635954e-01,3.731218574731680060e-01,-1.456666703613079261e-01,2.257735083773228929e-02
6.036929552658812925e-01,-7.837822282926213413e-01,-6.496297158282547668e-02,1.304609010321829132e-01
5.949015367656401709e-01,7.907845524723403630e-01,-6.817904180743444842e-02,-1.268998478455356793e-01
9.208644441491781185e-01,-3.629669456394412630e-01,-1.412792366332527583e-01,-1.743126992864752617e-02
1.047057625854627971e-01,9.845106970756573039e-01,9.466971018785649838e-02,-1.039857518987445661e-01
9.770940931979961164e-01,1.612452283405181042e-01,-2.983052690295898840e-02,-1.356364591092374394e-01
4.156846487385332800e-01,-8.991148117332525835e-01,-1.263233430180314698e-01,-5.330329383582942809e-02
7.561688643384890662e-01,6.402328496180430539e-01,1.149535630401185143e-01,-7.138785064267939851e-02
8.186595850752818038e-01,-5.585465228066213150e-01,8.011518767191841764e-03,-1.332594506668961509e-01
3.204915553341111112e-01,9.380571297018761578e-01,1.027190150035559996e-01,8.235768532261721064e-02
9.897740469556701726e-01,-5.917459630614157334e-02,1.247650933459591299e-01,-3.576834644450462009e-02
2.065453551901562379e-01,-9.700420580440686225e-01,4.223890330336039362e-02,-1.207199110450689894e-01
8.802505898978043586e-01,4.574819759942105324e-01,7.303480470424433824e-02,1.026404302739076096e-01
6.755069729707934290e-01,-7.268490008886548948e-01,1.240191518360819617e-01,-3.306854379183965281e-04
5.208833601088956877e-01,8.448597203303437331e-01,-7.022064559081452051e-02,9.980801099014659228e-02
9.532865681641581324e-01,-2.772010499309153220e-01,4.024059504666309406e-02,1.130707362021246970e-01
1.338046609313387099e-02,9.929274633638303094e-01,-1.135699062863307629e-01,-3.190441993069378923e-02
9.608857310231909699e-01,2.515370301586388746e-01,-9.001936055743800513e-02,7.296745233204993131e-02
4.984214347998470185e-01,-8.594397129566808680e-01,7.431816020786582468e-03,1.135086835252404058e-01
6.958808026262756075e-01,7.094355056389625158e-01,-9.510571799109167335e-02,-5.836158223008474505e-02
8.693234953402153575e-01,-4.819893876678932321e-01,-1.005429774296972417e-01,4.305810393609303677e-02
2.331863651966061823e-01,9.665141021792672538e-01,2.245068557230662024e-02,-1.047405179113289758e-01
9.939578979622208932e-01,3.257865794539825666e-02,-7.097495661578054338e-02,-7.712900659536638115e-02
2.961223225240970924e-01,-9.496386277042097035e-01,-1.016205395375373438e-01,1.308865230265543120e-02
8.367212968218777913e-01,5.384122080894109263e-01,4.688078616856727193e-02,-8.838527882638076705e-02
7.419413080138671512e-01,-6.633261724729939690e-01,-4.396011114707797790e-02,-8.711482653909467799e-02
4.419448346527027338e-01,8.919930268778984983e-01,9.399801811917456174e-02,1.405616287140025282e-02
9.777052954686284991e-01,-1.885402698035673064e-01,6.396473055022254550e-02,-6.673406267145309823e-02
7.860416296902375533e-02,-9.928568602467020554e-01,-1.702295061607452670e-02,-8.812978938657851924e-02
9.363188291257584783e-01,3.402038959941064422e-01,7.925816767104036653e-02,3.586784398913949595e-02
5.773652680302903129e-01,-8.121387006831476407e-01,7.259710685843688560e-02,-4.254101786258407403e-02
6.292506277302173379e-01,7.729500958186935611e-01,-6.951325904153642099e-03,8.089175448198812624e-02
9.128141473569336695e-01,-4.008326543085458660e-01,5.967779262427621439e-02,5.041901122090639009e-02
1.433571689813056549e-01,9.868300196724182349e-01,-7.253958414235378571e-02,1.879476276664258927e-02
9.896204489648695590e-01,1.245970058451250223e-01,-2.537478804906364085e-02,6.695575596216578329e-02
3.836852218887868982e-01,-9.209489554959886526e-01,3.804894460746469087e-02,5.648849165323928390e-02
7.857394448662455844e-01,6.151935745407978162e-01,-6.440647241870831041e-02,-1.482206321051504410e-03
8.023906096104309604e-01,-5.937231680118276733e-01,-3.608049910343434641e-02,4.858299043335099349e-02
3.587383514695773323e-01,9.317365330713882621e-01,-1.752021793072702782e-02,-5.354316098868119184e-02
9.938625320379804728e-01,-9.773290406027151933e-02,-4.951473425558829827e-02,-1.529176139620515816e-02
1.704579270947629566e-01,-9.842493736170506713e-01,-3.716040148732300402e-02,2.857219253576741974e-02
9.035561299264261992e-01,4.264707911421123376e-01,-1.640950608709469509e-03,-4.130728332993802848e-02
6.518122700200621455e-01,-7.575751193949638029e-01,-2.929980216738263879e-02,-1.903220213092115393e-02
5.568161352088574212e-01,8.301947781671910054e-01,2.514325659208989025e-02,-1.001191904403587150e-02
9.487138244107115037e-01,-3.157498040331961353e-01,3.665918550804251816e-03,-1.518886652054290964e-02
