8.791250915193752832e-03,-6.692101302737804222e-03,8.880876633650378604e-01,-4.595413277022287746e-01
7.118409907678188708e-03,1.776342247108560202e-02,-1.378001211784614655e-01,9.902751716900214385e-01
2.455151607525556459e-02,-2.752202918839311962e-03,7.287057444597977440e-01,6.843811704224423975e-01
4.595749147727074164e-03,-2.886817066028199430e-02,9.794528126787165334e-01,-1.995437183883549404e-01
3.016435438849255496e-02,1.373843283731553122e-02,-4.027822144750445310e-01,9.146954984529438448e-01
2.351921532088621994e-02,-2.810017701349569116e-02,5.139827707202150320e-01,8.570174665462023667e-01
2.263776495738006184e-02,3.277873792924943658e-02,-9.963558233411955456e-01,-7.541988618122216770e-02
4.041351435611524601e-02,-1.406422926747382014e-02,-6.369764169388439923e-01,7.696947379164367220e-01
2.976816416868764952e-03,4.545694530564345359e-02,-2.603772180765648869e-01,-9.644317026074002985e-01
4.715975040097908355e-02,9.761858410023846466e-03,-9.375673875537122726e-01,-3.444532738387128257e-01
2.309320086158880500e-02,-4.505752585824386591e-02,-8.226167592890769598e-01,5.663375237208259083e-01
3.901735665084831578e-02,3.585056579024246265e-02,1.281943918095316062e-02,-9.985129166874036066e-01
4.685843382055832063e-02,-2.925824657057145631e-02,-8.076083868980262759e-01,-5.871259963580798269e-01
1.634271999953333318e-02,5.503466126466895897e-02,9.456383036723382540e-01,-3.201129491135943361e-01
5.948731440211742216e-02,-1.139512055062796413e-03,2.848418005488900229e-01,-9.567262459019122423e-01
1.524025373757616035e-02,-5.959793917170539551e-02,-6.164022798632424749e-01,-7.850248720211970843e-01
5.508410882919578117e-02,3.152873716141065680e-02,9.967427645362725297e-01,-4.975480913528829846e-02
4.640235028563023667e-02,-4.603566905639227408e-02,5.350289071015947862e-01,-8.423013757724566730e-01
3.292114521145368677e-02,5.859009950893051544e-02,3.785173757981974418e-01,9.231511223284875056e-01
6.698063011663428490e-02,-1.656313305744496964e-02,9.721012823107824108e-01,2.241837521816256729e-01
1.916021142941985462e-03,-7.071924543912923300e-02,7.443935173993782017e-01,-6.639829880661716199e-01
6.928681533779931789e-02,2.117452851531047980e-02,1.120568520155418163e-01,9.910571317935545910e-01
3.975157427468318377e-02,-6.255378809620043556e-02,8.736412346782844729e-01,4.808927416870655280e-01
5.080438083595965187e-02,5.618024185934746700e-02,-8.970630984149613463e-01,4.353624843445394466e-01
6.910419706959300412e-02,-3.472830632015982272e-02,-1.627189146296610378e-01,9.836366755612792057e-01
1.537992390469488692e-02,7.738891314772287922e-02,-7.088956053039102700e-01,-7.008861782367395987e-01
8.021846704814401818e-02,5.892716431819182941e-03,-9.814831703288732223e-01,1.738420541718372625e-01
2.754403780430981011e-02,-7.716989807518701006e-02,-4.249328593834718060e-01,9.015088451194955832e-01
6.825872755274328685e-02,4.794532224712191870e-02,-4.904266733672841272e-01,-8.674812218356079407e-01
6.550875876724245039e-02,-5.395137590715583936e-02,-9.912917757898955795e-01,-1.006899538872445127e-01
3.514272236994837872e-02,7.881166237891909510e-02,6.546774498418187482e-01,-7.509668085915068847e-01
8.671116673772939765e-02,-1.309974238226439130e-02,-2.348681127332076790e-01,-9.680632933510294746e-01
1.062517791484065242e-02,-8.844023918317940602e-02,-9.257988923884539201e-01,-3.673715292994436665e-01
8.367713463283969755e-02,3.430521938623362632e-02,8.345260943988954683e-01,-5.434956180410527304e-01
5.616636287454893073e-02,-7.258230668657819629e-02,3.834145765197755074e-02,-9.950412459102495610e-01
5.579919311259645687e-02,7.452142131953179427e-02,7.900346639041927466e-01,6.059523394148167430e-01
8.790070155080630110e-02,-3.441801097355973171e-02,9.508549898609820472e-01,-2.948960078467861012e-01
9.904529327697064386e-03,9.516918480420429038e-02,-3.084370473154061099e-01,9.464202630997785581e-01
9.562095297558900753e-02,1.600148163577974625e-02,5.943631045626873721e-01,7.983314386093686155e-01
4.141100853059549031e-02,-8.904315279671395911e-02,9.948751425843166407e-01,-2.408102947001622765e-02
7.574397373062904948e-02,6.442472938238683056e-02,-5.549055253120646070e-01,8.259492494491665893e-01
8.327583887586881284e-02,-5.654175976232383299e-02,3.536909391966355232e-01,9.299305799857868760e-01
3.271528525948504823e-02,9.646598712961228228e-02,-9.632963863363783741e-01,-2.483628303687466787e-01
1.028838777610683319e-01,-5.918182520466005493e-03,-7.590435554090435577e-01,6.428318316671152166e-01
2.193671134442598189e-02,-1.018971957803125050e-01,8.633197334808637158e-02,9.907989364978776470e-01
9.341038920005999280e-02,4.881493241819882117e-02,-8.585732308907700894e-01,-5.017405791445260776e-01
7.270992849997198748e-02,-7.788328036253330811e-02,-9.053769122291436267e-01,4.110232447683728196e-01
5.630835672272966469e-02,9.179351093996691857e-02,1.873864916862575947e-01,-9.763655171328082805e-01
1.045559086322835757e-01,-3.014767457993354494e-02,-6.887141760798113355e-01,-7.168207330666481747e-01
1.233372544781308981e-03,1.099247002709845128e-01,9.828334719342074477e-01,-1.481668164882121996e-01
1.073533077327522706e-01,2.836139773242833326e-02,4.466691538187891330e-01,-8.877823863224066914e-01
5.647197404218512462e-02,-9.687186555073032390e-02,-4.666692982644993770e-01,-8.772950039010936063e-01
7.909598862657903073e-02,8.100128021015522151e-02,9.855809612498843686e-01,1.257489006284107647e-01
1.000767775271649007e-01,-5.519204686617757566e-02,6.718326096016961069e-01,-7.318329189359241704e-01
2.680079433609477979e-02,1.121935001925439129e-01,2.093429391672476103e-01,9.710148658791574183e-01
1.163322559185066690e-01,4.075649691898244192e-03,9.134660789789816882e-01,3.899101407597202473e-01
3.521564784300781903e-02,-1.120437568965681335e-01,8.457996262124224396e-01,-5.204123816613384079e-01
9.949184777859203244e-02,6.433862108486217146e-02,-6.369323086704327397e-02,9.909112404268192176e-01
8.927269922448735628e-02,-7.945194607858396818e-02,7.720219303527526833e-01,6.242594913110329768e-01
5.326409305191735777e-02,1.081170827337506885e-01,-9.553943471286249212e-01,2.696206117624699861e-01
1.193869594846862919e-01,-2.274338843492489104e-02,-3.316887996708195452e-01,9.355276758922907998e-01
9.946200849436211133e-03,-1.221299370595214789e-01,5.720435295024025590e-01,8.110188357349871202e-01
1.160049079777611403e-01,4.244585241894869437e-02,-9.923401975328678404e-01,-1.464000658791931187e-03
7.237271641681818080e-02,-1.013169265520368068e-01,-5.742916301347685826e-01,8.091268095111237013e-01
7.900485286297932730e-02,9.749514622071700498e-02,-3.287639345357540877e-01,-9.360380361054086995e-01
1.158994137052570678e-01,-5.058198137951568779e-02,-9.538849109063818332e-01,-2.722358642934910034e-01
1.803336474122785651e-02,1.261354403750581110e-01,7.730934541387636250e-01,-6.213623416375467778e-01
1.273304581452092965e-01,1.632319258083729172e-02,-6.069389099726705400e-02,-9.898670412778233230e-01
5.000270648598158230e-02,-1.192617380243000541e-01,-8.430054777790162435e-01,-5.221284627580387028e-01
1.023824366741364761e-01,8.053328565361300706e-02,9.130266663248675085e-01,-3.865417611878426141e-01
1.056379900878365724e-01,-7.779800198399790256e-02,2.117866277153862276e-01,-9.684701906917138059e-01
4.719420346423072038e-02,1.234048696238393833e-01,6.681777612463066784e-01,7.321764983174300356e-01
1.324324739023422515e-01,-1.272144522471596075e-02,9.835063303791777845e-01,-1.225361285155670693e-01
2.315668834222978437e-02,-1.319397730880299824e-01,4.679778144916861282e-01,-8.735287225993687565e-01
1.218319157617024223e-01,5.783995906234237067e-02,4.427286025648594636e-01,8.864552486778262130e-01
8.878039090527069244e-02,-1.027164026736106378e-01,9.792308426225526663e-01,1.505800108554439243e-01
7.586784679830547995e-02,1.136698184862140470e-01,-6.884325632078798218e-01,7.123088151234187038e-01
1.306122410027436009e-01,-4.314326062945673251e-02,1.838199403981315427e-01,9.732878973225380648e-01
6.853483971442292551e-03,1.382681048541318236e-01,-9.005806900605475285e-01,-4.120550711101224062e-01
1.359595507271530446e-01,3.040033311611411646e-02,-8.564326799227862663e-01,4.971055069829487527e-01
6.591359537757340847e-02,-1.237284052144112106e-01,-8.885761781480673582e-02,9.861293036127553036e-01
1.023420796837428426e-01,9.707502080095804786e-02,-7.535853133583061414e-01,-6.420371597915214279e-01
1.215589508936550517e-01,-7.324631745100881886e-02,-9.592567120895697519e-01,2.443050526464982941e-01
3.846762976981523557e-02,1.374990314416521253e-01,3.545823219469479981e-01,-9.240593242726415912e-01
1.436302893993193497e-01,-4.719953048170518720e-04,-5.494609137329309334e-01,-8.230812969976128990e-01
3.801031065795760361e-02,-1.393888077328504504e-01,-9.891432492389138353e-01,-2.686278182884395058e-02
1.249611953902003414e-01,7.418128948159488645e-02,5.931760109402979264e-01,-7.918485057019781781e-01
1.053790148166306034e-01,-1.012796520717580001e-01,-3.037546311665587084e-01,-9.414726864638017778e-01
6.996237812575112347e-02,1.292737829549728545e-01,9.438767518843295123e-01,2.957874776588557131e-01
1.440421489061940730e-01,-3.320309136188699661e-02,7.865363789727950472e-01,-5.995914764361346405e-01
6.382809862832081529e-03,-1.485058460154176363e-01,-3.516039440953176720e-02,-9.882656627154796647e-01
1.422250249651237641e-01,4.594463473758299971e-02,8.269516920908792645e-01,5.420443079311243473e-01
8.260203325774345684e-02,-1.255384877803880639e-01,9.200104197580939447e-01,-3.619362094679611785e-01
9.954740381042884168e-02,1.136550167485070595e-01,-2.359033661623842204e-01,9.599596102939728093e-01
1.367830311073297000e-01,-6.604310307360848620e-02,6.473028530469284725e-01,7.469455986715541895e-01
2.738364877765063835e-02,1.502183925726882363e-01,-9.835048435244517773e-01,9.696800027041724279e-02
1.528811248868492678e-01,1.367230652931649901e-02,-4.888459306063480669e-01,8.587607849786303982e-01
5.416266019762919215e-02,-1.444649340768068835e-01,4.186225980230671717e-01,8.949588870372301441e-01
1.254675340160517072e-01,9.113588464721740501e-02,-9.722493183314105947e-01,-1.751668103312027658e-01
1.218664519201955870e-01,-9.716254465524591655e-02,-7.044684261785606472e-01,6.924104594313995609e-01
6.151443613246628667e-02,1.440559160874857192e-01,-1.583172767615178833e-01,-9.748843557398574333e-01
1.560048084459471351e-01,-2.104217620027318270e-02,-8.871548213214121015e-01,-4.337926342950897962e-01
2.135895207610274266e-02,-1.567424933727633030e-01,-8.664210711342197335e-01,4.735927717270728143e-01
1.461050861181033278e-01,6.262474349585478439e-02,1.138176911088192578e-01,-9.807022884153770992e-01
9.974379883523459833e-02,-1.247552399958264252e-01,-7.347401835990245988e-01,-6.592754866460390772e-01
9.414180454749511429e-02,1.299775233416964049e-01,9.624429163249043073e-01,-2.189675703808976193e-01
1.510623077259303504e-01,-5.640173531919317335e-02,3.771032067388963571e-01,-9.120264222623932771e-01
1.421088067092504507e-02,1.613789579160081478e-01,5.266327319911640048e-01,8.345135399788446984e-01
1.600766974141131782e-01,2.940593065166365733e-02,9.852900794234128456e-01,5.209799974379877852e-02
7.129200778309341402e-02,-1.471422715053541108e-01,6.115478749820738580e-01,-7.741290578239585773e-01
1.234086093936266892e-01,1.083875186081463687e-01,2.786812774976109019e-01,9.462342239159391433e-01
1.379532228434228736e-01,-9.050186735428673857e-02,9.332821987693076249e-01,3.190025983794280706e-01
5.073016732485415708e-02,1.577728444178284894e-01,-7.993659709708833550e-01,5.775363401044795175e-01
1.663191267688670372e-01,-6.921633357924512030e-03,9.749117106041453248e-03,9.859994897453815410e-01
3.777690246660105056e-02,-1.628711368000141380e-01,8.104258860603201775e-01,5.614764301739166852e-01
1.475738357821897717e-01,8.012618286197893680e-02,-9.263267288409484657e-01,3.372247755538256286e-01
1.170295077854235227e-01,-1.214350736813771536e-01,-2.597210294653298224e-01,9.508431016950006365e-01
8.625969031109796681e-02,1.457593539534717819e-01,-6.261061186193703776e-01,-7.611206243361738899e-01
1.641590354627609494e-01,-4.452499453605795326e-02,-9.828325902282125659e-01,7.148031563166551416e-02
7.937934168514611125e-04,-1.708044922697039836e-01,-5.092609721533651879e-01,8.434918242365537777e-01
1.651140789837838574e-01,4.643582920371713135e-02,-3.943693374369516280e-01,-9.028033453510458939e-01
8.908949990625909809e-02,-1.473979204193622827e-01,-9.646447149508343699e-01,-1.994930775238169252e-01
1.188427399722515321e-01,1.256329165401639802e-01,7.199317676029031166e-01,-6.721540176430246261e-01
1.533625639105490324e-01,-8.143274021106483573e-02,-1.328530127144615380e-01,-9.758066969565187820e-01
3.781178334719446921e-02,1.701933513760300332e-01,8.732009112008624063e-01,4.551095042574739291e-01
1.748152598686374681e-01,8.903558533572582603e-03,8.757611072701012578e-01,-4.498920254411564179e-01
5.534685576186731265e-02,-1.667948279167404402e-01,1.385567488156420057e-01,-9.746374907087963502e-01
1.466136483737529861e-01,9.814462694430862999e-02,7.155021430607708677e-01,6.759650535256569448e-01
1.341615706433595123e-01,-1.156405779776582682e-01,9.649542840509166552e-01,-1.936263395803445864e-01
7.603916762240746363e-02,1.607303827059197443e-01,-3.992373844660919713e-01,8.994405482894207715e-01
1.758493053899055636e-01,-3.061655363341441588e-02,5.035765613239019389e-01,8.453107684885450279e-01
1.737563650152186209e-02,-1.783327772555202140e-01,9.807869257783347061e-01,7.715253744876689190e-02
1.679038591185198215e-01,6.447423443212214889e-02,-6.293968539643081117e-01,7.559834438711812155e-01
1.072546351487648764e-01,-1.452212679899378134e-01,2.535620875152673759e-01,9.503228369019656174e-01
1.118385608722251984e-01,1.425799788347914820e-01,-9.221119256910793593e-01,-3.418664687210336006e-01
1.678312674432868856e-01,-7.009793403432026948e-02,-8.115763499433555905e-01,5.552141690601204438e-01
2.296588340033216616e-02,1.811015281883130434e-01,1.552247587357017886e-02,-9.830736785359754926e-01
1.813396310232308906e-01,2.617774164931889469e-02,-7.934423559764568479e-01,-5.804135523960735066e-01
7.378228153251875643e-02,-1.684329287709388223e-01,-9.319746464919218543e-01,3.124256419274150653e-01
1.432222647814037075e-01,1.163829886984583534e-01,2.832242297335864079e-01,-9.411303939966643162e-01
1.508533540148727925e-01,-1.074477705444066428e-01,-6.046043870088020356e-01,-7.746946349350889438e-01
6.362890256565918723e-02,1.746346506160500189e-01,9.814936260215771924e-01,-4.609081949278517887e-02
1.859258371716843994e-01,-1.488697868972444979e-02,5.292107978992698358e-01,-8.277353999463343825e-01
3.527728315906708545e-02,-1.838197295733376979e-01,-3.699869010934180302e-01,-9.099865456872366920e-01
1.683751623321463331e-01,8.323535920582893211e-02,9.564257795369439652e-01,2.235428547832591928e-01
1.254935528572473646e-01,-1.406194479037848333e-01,7.348146148335851224e-01,-6.515558463320469951e-01
1.024804747854855813e-01,1.589476449974690786e-01,1.074451037455719654e-01,9.760578610505645791e-01
1.811109911444740705e-01,-5.665289996254589677e-02,8.587317304600373680e-01,4.759927235931340483e-01
6.407716118311135994e-03,1.902993010671535368e-01,-8.844495886134446927e-01,4.260211759866033288e-01
1.857583748072182961e-01,4.464134436238453851e-02,-1.630583260847363880e-01,9.679426423383483691e-01
9.279787694902751072e-02,-1.677251266097395110e-01,6.958870126422346258e-01,6.920968874177707564e-01
1.374170162652213478e-01,1.345506162314535348e-01,-9.667926294285491551e-01,1.682994563126458953e-01
1.668295763116687258e-01,-9.695018195015984996e-02,-4.209711326579594903e-01,8.863136353211400476e-01
4.919175559061976510e-02,1.872318272073760503e-01,-4.803100676702539151e-01,-8.554686744452401070e-01
1.942003003845441111e-01,2.443336459194562528e-03,-9.756404757513011949e-01,-1.020094873689437465e-01
5.423668136104198290e-02,-1.871423244016190146e-01,-6.467130102771431188e-01,7.374268880036689566e-01
1.664788881552453914e-01,1.024343087597768265e-01,-2.284152273657346910e-01,-9.537392075902928479e-01
1.435189241092527102e-01,-1.336206079166778748e-01,-9.103769821438240095e-01,-3.643646551810474921e-01
9.087167720536071247e-02,1.744666940833829727e-01,8.231621171636978040e-01,-5.326423188257564112e-01
1.929698300546091316e-01,-4.126832170315741788e-02,4.063710037063639202e-02,-9.794938470383399709e-01
1.163691701066918611e-02,-1.976085840113905312e-01,-7.760156705718721515e-01,-5.988448118789938546e-01
1.879598459533482202e-01,6.402973720618884701e-02,9.369537212195797604e-01,-2.875569741030148951e-01
1.121092227334376940e-01,-1.646340600866189885e-01,3.063978791846511118e-01,-9.308316110170775648e-01
1.292373354442003242e-01,1.523637204677781576e-01,5.828146360954633565e-01,7.876611630424675825e-01
1.818274164277876304e-01,-8.426104347618716683e-02,9.794924784421975561e-01,-2.081710504996666863e-02
3.290647824554899376e-02,1.982988581080970536e-01,-5.486836630671192427e-01,8.115053693265055212e-01
2.005053221030750898e-01,2.114308092124020724e-02,3.454933832299381669e-01,9.165069056378304380e-01
7.398666872051863630e-02,-1.882007639175256875e-01,9.476016716670667694e-01,2.473004592924984979e-01
1.621898389094109383e-01,1.217873206333045799e-01,-7.491094578280875771e-01,6.306324800388960483e-01
1.610507967352996228e-01,-1.242758094257495199e-01,8.211138340041077011e-02,9.756412684888697839e-01
7.713566947006540719e-02,1.888810870836591382e-01,-8.437603715336450261e-01,-4.964297119098586841e-01
2.031940107566199694e-01,-2.413112471764646688e-02,-8.924838089787778816e-01,4.019981760197829379e-01
3.093122463634383201e-02,-2.028731553335631765e-01,-1.873062065717955582e-01,9.606259038601779876e-01
1.878565000096817650e-01,8.407338366934238860e-02,-6.759108196299937754e-01,-7.076624657770187454e-01
1.314334854672303543e-01,-1.591470325216130244e-01,-9.679602535169652411e-01,1.430049249112506082e-01
1.187461515366792092e-01,1.695465457705582768e-01,4.422910849585007242e-01,-8.726579607605332578e-01
1.955980312476045535e-01,-6.951424663017730099e-02,-4.568509924137718059e-01,-8.649834393894786366e-01
1.496816107106176824e-02,2.076316813293452024e-01,9.698578600131805283e-01,1.266521631601844888e-01
2.046962405128348872e-01,4.097011938488405447e-02,6.634868428976279375e-01,-7.184748483692650067e-01
9.425558644985711221e-02,-1.869201075606728435e-01,-2.032588020065536349e-01,-9.564845096599111640e-01
1.555080803075769846e-01,1.410128354851152843e-01,8.980887834654680546e-01,3.864830581034770507e-01
1.778180198038815940e-01,-1.126599985377524232e-01,8.341183577173050256e-01,-5.098382507045602363e-01
6.141675647743422006e-02,2.019496127411279374e-01,-6.557766533949242749e-02,9.752660692068199078e-01
2.115896087980845275e-01,-5.444459217732360370e-03,7.581606592398909550e-01,6.167597669218006784e-01
5.122795340190191421e-02,-2.059602925390051076e-01,9.412639957417165970e-01,-2.626369071700275781e-01
1.853863001840016511e-01,1.044988308144508687e-01,-3.292272003304719807e-01,9.199572623905196700e-01
1.504907832988758853e-01,-1.512770660232105047e-01,5.607539794455469462e-01,8.000142173570937709e-01
1.060304981215387937e-01,1.858329913002488842e-01,-9.768341420300731270e-01,-4.323398763821950999e-03
2.079082917791314211e-01,-5.286444950988854891e-02,-5.676682267026866846e-01,7.948158758981397343e-01
4.412173578532233541e-03,-2.150469278130076045e-01,3.209068785209765462e-01,9.223633377798703403e-01
2.066526226295326840e-01,6.167238136180534791e-02,-9.381819551940085988e-01,-2.707504937868948081e-01
1.147685784078851939e-01,-1.832514750219847721e-01,-7.628092531350936234e-01,6.094006183488663853e-01
1.464597240228812935e-01,1.598330990491063919e-01,-5.686955043120121844e-02,-9.745608159172279850e-01
1.935600158718135955e-01,-9.887229740024890134e-02,-8.283002376712514936e-01,-5.164082738843834841e-01
4.387981660949896723e-02,2.134476827159684509e-01,8.998615560170912797e-01,-3.778410094735605296e-01
2.179842167219227245e-01,1.457303838016699334e-02,2.112844336490920794e-01,-9.526958569816930122e-01
7.227057995419071401e-02,-2.067621727627781958e-01,-6.555897850529565085e-01,-7.226537213089810896e-01
1.805137307711976169e-01,1.250302620990758895e-01,9.684599408739085202e-01,-1.177606448904116171e-01
1.690059767103792854e-01,-1.410634392699637030e-01,4.631842398423350327e-01,-8.584861361135532887e-01
9.120152467384827488e-02,2.009684964979970290e-01,4.332171389131895256e-01,8.738517356304617012e-01
2.185426112307719548e-01,-3.448655374106963933e-02,9.634466456139444412e-01,1.510641113657994195e-01
2.500859445350951671e-02,-2.203835432625582957e-01,6.797092929506528547e-01,-6.991430047844459095e-01
2.062795462545984337e-01,8.298930870598326959e-02,1.781108419387821551e-01,9.585604057237906428e-01
1.352493532454490943e-01,-1.771728806397517564e-01,8.852591010713809494e-01,4.082079210191672525e-01
1.350972414892358808e-01,1.779761027624188474e-01,-8.444406424847058501e-01,4.868195184126426489e-01
2.080287484138262644e-01,-8.303576501048805236e-02,-9.032728490558397660e-02,9.703968688964765832e-01
2.470952060359304231e-02,2.231691704829334433e-01,-7.398924000885729324e-01,-6.341484031586542836e-01
2.222285076508323520e-01,3.568851460601776826e-02,-9.449060052415927391e-01,2.376835323931283384e-01
9.379497528313421317e-02,-2.051970343941067754e-01,-3.516977359076716159e-01,9.085182344041959901e-01
1.732304603564462087e-01,1.453914321485063887e-01,-5.384396530965669392e-01,-8.117482855145115028e-01
1.867107265581589848e-01,-1.285717937598460647e-01,-9.735240729899931056e-01,-2.931343969026229887e-02
7.439403008710965270e-02,2.147120641112143236e-01,5.861535587223963839e-01,-7.776813379589163633e-01
2.273047758258106010e-01,-1.457469379705774414e-02,-2.962454685990156822e-01,-9.275552487706862914e-01
4.658174534809167433e-02,-2.235042828176353746e-01,-9.281765897219724781e-01,-2.938778570334779072e-01
2.035086390641740461e-01,1.046537046107195029e-01,7.759074275247208607e-01,-5.878771128811446367e-01
1.554222610559048146e-01,-1.686897313287628319e-01,-3.173715607954060575e-02,-9.728208716081717666e-01
1.214993758034032534e-01,1.951777318033063868e-01,8.123650318756908684e-01,5.359166070137292293e-01
2.209907779631577474e-01,-6.529672267991942780e-02,9.065811111528860877e-01,-3.535676780523052121e-01
4.109114995822294933e-03,2.309282177137542968e-01,-2.349773213925964166e-01,9.441614967094668076e-01
2.241976515728816566e-01,5.765657132283154296e-02,6.349403109267217626e-01,7.370630464029368500e-01
1.155314112274817423e-01,-2.012100912784607343e-01,9.682949558060757189e-01,-9.258439797293015194e-02
1.635556790315627063e-01,1.653078591417372345e-01,-4.836379690383881269e-01,8.438110964350511445e-01
2.033457086301662664e-01,-1.138938621884231367e-01,4.094263590224512805e-01,8.820707270254006804e-01
5.576559614446794516e-02,2.268383300373905120e-01,-9.564148288325656777e-01,-1.752291228696706282e-01
2.340197124777324555e-01,6.659165438658846102e-03,-6.953717489274947594e-01,6.794472462826067760e-01
6.888068351031079173e-02,-2.242970404990944078e-01,1.529892900289322732e-01,9.599690443961946817e-01
1.982988655725456961e-01,1.263938743576660251e-01,-8.719000524478582870e-01,-4.295258397103974279e-01
1.750145789568084420e-01,-1.578350067002599055e-01,-8.541250297597564600e-01,4.636037546767662332e-01
1.057706956503943474e-01,2.111840258024542671e-01,1.148692902385846926e-01,-9.648932134425984852e-01
2.322293287104121862e-01,-4.582370919307304780e-02,-7.212262078415075939e-01,-6.510011395420582936e-01
1.770114901464992646e-02,-2.365609506788074190e-01,-9.478807752629454519e-01,2.127148838807891018e-01
2.237925503980386366e-01,8.022125076213491857e-02,3.737953585440410009e-01,-8.965257805793607204e-01
1.372068152324359414e-01,-1.947741901953957411e-01,-5.158890022852924417e-01,-8.228583365370891745e-01
1.515361243960493542e-01,1.845091838920899785e-01,9.695681835252181191e-01,5.413595439362900441e-02
2.186629026340210780e-01,-9.714685570909971368e-02,6.041291466377635144e-01,-7.601164368833420726e-01
3.549537624903236627e-02,2.371396117320757613e-01,2.715272086205904323e-01,9.320825380786889047e-01
2.385351427785832312e-01,2.898695348084948456e-02,9.175959218107107018e-01,3.166677540638645483e-01
9.164499425935601629e-02,-2.226759831340205664e-01,7.883978812604554021e-01,-5.660789541985509210e-01
1.906370530566652288e-01,1.479359762342149498e-01,6.731591502186849707e-03,9.704262705704889136e-01
1.937589262371411103e-01,-1.446691335113682864e-01,7.959687456484088042e-01,5.549433090536353141e-01
8.804082275531280311e-02,2.257534802413189989e-01,-9.126412491553846928e-01,3.291961877476697329e-01
2.415463054232545592e-01,-2.480611363909793893e-02,-2.583694653407718755e-01,9.350322232105285902e-01
4.048588068078304292e-02,-2.399270618917369868e-01,6.139789673959126226e-01,7.508832972126552319e-01
2.209408647352149313e-01,1.031182645197030873e-01,-9.674690382732509253e-01,6.749383523797490569e-02
1.585472014710525845e-01,-1.858902033949004495e-01,-5.036400256541166964e-01,8.286460895621367007e-01
1.372458067829379069e-01,2.027316254509899385e-01,-3.854965396098794517e-01,-8.896380693918783944e-01
2.324278917823014712e-01,-7.847253777045039291e-02,-9.487708277268290802e-01,-1.991312441382511733e-01
1.378258187118882629e-02,2.454278817177542871e-01,7.104660515594215520e-01,-6.594036585385808502e-01
2.407230834093971594e-01,5.216648757940689496e-02,-1.279119884296177068e-01,-9.607130570068679321e-01
1.146071206026866712e-01,-2.185824646321411491e-01,-8.580240909161730434e-01,-4.504237709868062489e-01
1.805381491421010898e-01,1.690065184152506339e-01,8.631680665013859999e-01,-4.402086578087247570e-01
2.113957462891955796e-01,-1.292795638851479689e-01,1.391872412348380272e-01,-9.587625069275159673e-01
6.846335784104680411e-02,2.386593313608935396e-01,7.021776215942384658e-01,6.673088339889997611e-01
2.487642127846860785e-01,-2.452524233403565769e-03,9.501898192466723403e-01,-1.877489253297501270e-01
6.399666016963551085e-02,-2.409112213028529181e-01,3.955062801549634743e-01,-8.839915120042067809e-01
2.155978109282349620e-01,1.260774111823885213e-01,4.931194681293528115e-01,8.333398229199924234e-01
1.792802202631458841e-01,-1.745871499707177255e-01,9.649728358472220435e-01,7.877408053713078062e-02
1.207854426794993524e-01,2.197204764563771284e-01,-6.215849019521784147e-01,7.421361052580590645e-01
2.444221213010337179e-01,-5.803600762632418752e-02,2.467701138861208010e-01,9.359455963516956079e-01
9.155298055282314398e-03,-2.515366229896135453e-01,9.064506759154348225e-01,3.391057061521547400e-01
2.404811609372413950e-01,7.594368997340460170e-02,-8.002749910103290620e-01,5.440232586488538136e-01
1.374948571723955959e-01,-2.119857016136761085e-01,-1.812992465168229012e-02,9.673823093248213878e-01
1.680452060206290843e-01,1.893349486914244206e-01,-7.791256475491744604e-01,-5.734773851413668133e-01
2.276758034736380276e-01,-1.117800662020440594e-01,-9.180412373442459195e-01,3.047445353865200768e-01
4.721452693913653215e-02,2.496917775146261231e-01,2.814457530159037435e-01,-9.253178333939160449e-01
2.537279379730927875e-01,2.101117391823700137e-02,-5.927224797853346550e-01,-7.641077973817722579e-01
8.797435286654857467e-02,-2.394242882420495322e-01,-9.659863994496618034e-01,4.250646439988312736e-02
2.077467116474643050e-01,1.488251356027109895e-01,5.231785519954278429e-01,-8.130046651431143134e-01
1.991377767028578161e-01,-1.609220423134840594e-01,-3.614455890852356634e-01,-8.965519105541669420e-01
1.022816054778952904e-01,2.352325904681666358e-01,9.405234743890512616e-01,2.227547882440413518e-01
2.544450727068013896e-01,-3.602421460254960628e-02,7.249844983412583321e-01,-6.390285111811319085e-01
3.308451349521311646e-02,-2.553225306436646136e-01,-1.028966656099647436e-01,-9.607955539649687404e-01
2.377337151031028994e-01,1.000549899594053438e-01,8.436439951725009934e-01,4.708890411730571879e-01
1.600339644567283781e-01,-2.028831958486522757e-01,8.715667892194034483e-01,-4.166519782651704751e-01
1.532290888738386259e-01,2.086562912672255410e-01,-1.632649379985460225e-01,9.520125831404914196e-01
2.423626506090288957e-01,-9.230973825802882282e-02,6.827623924356851504e-01,6.830627886863693821e-01
2.449156874520896227e-02,2.586600971794813519e-01,-9.518351357112591060e-01,1.628035368566333185e-01
2.563063638994904636e-01,4.534392199757281139e-02,-4.168170610639624907e-01,8.709273874258983694e-01
1.121515902741343773e-01,-2.354043008559586481e-01,4.701485742726382866e-01,8.431886823522393160e-01
1.973992875500931721e-01,1.710871881884076795e-01,-9.597448358665943147e-01,-1.032111686781225918e-01
2.178586754756479116e-01,-1.449794565878087527e-01,-6.385111662269724597e-01,7.237555148604890576e-01
8.188560378252771055e-02,2.490388199270765768e-01,-2.219921465255493831e-01,-9.391453034240649922e-01
2.623163170094249819e-01,-1.264422370534657412e-02,-8.947519450690516463e-01,-3.611775605331108974e-01
5.775727612394106203e-02,-2.566670299088740226e-01,-8.115336123972640703e-01,5.217272551457776686e-01
2.324326697763848260e-01,1.242298749621928294e-01,4.283035850346114670e-02,-9.636947403498501430e-01
1.819508636461102669e-01,-1.913008929825854298e-01,-7.618502715794516211e-01,-5.915082545973604500e-01
1.361879088392919657e-01,2.267137899389463640e-01,9.227808344311929645e-01,-2.802306952208684088e-01
2.552350282711917662e-01,-7.103175368033640136e-02,3.041913742013684363e-01,-9.150285122191456066e-01
5.108837143203373175e-04,2.653946293924020483e-01,5.711877155693795283e-01,7.767303414120846350e-01
2.563937857953905164e-01,7.029180281517494189e-02,9.638517169466708223e-01,-1.763963722571680950e-02
1.362553828090616315e-01,-2.288172244785257603e-01,5.422420870776193391e-01,-7.969006634701765179e-01
1.845956813707066713e-01,1.925913461367995960e-01,3.372914239475941489e-01,9.028108900228798417e-01
2.351912531685929342e-01,-1.268708289776922515e-01,9.316820069141905636e-01,2.460843456619015990e-01
5.977209912543680892e-02,2.609263681647352451e-01,-7.389198477050001879e-01,6.183382450003553910e-01
2.678774149587240250e-01,1.187874646297303223e-02,7.796092350292530004e-02,9.602201207765181934e-01
8.291416012881745734e-02,-2.554775855875281998e-01,8.287728586135117981e-01,4.909093542988237080e-01
2.245581551448433966e-01,1.481935567777642460e-01,-8.793187244936410130e-01,3.929515052043652812e-01
2.029753753720011655e-01,-1.772930707334474942e-01,-1.870864321159746713e-01,9.446516982362413994e-01
1.170461836778255854e-01,2.432615206911210581e-01,-6.629964709439484238e-01,-6.982547550524594859e-01
2.660891613385209520e-01,-4.813185437589725252e-02,-9.528192050799206836e-01,1.378965019257857305e-01
2.449403374878542441e-02,-2.697485868789924468e-01,-4.377146188397139648e-01,8.573457031101887615e-01
2.539111083074651054e-01,9.559052000891464507e-02,-4.469939135019263543e-01,-8.524013390737561480e-01
1.600098313433843400e-01,-2.196574445266122333e-01,-9.538914265704260265e-01,-1.274307939743671014e-01
1.694042093967398632e-01,2.130701610412999991e-01,6.548987168104303258e-01,-7.049900644920834569e-01
2.508959626526269249e-01,-1.067334822682726309e-01,-1.972112022557421795e-01,-9.416830259659270119e-01
3.613747683137700367e-02,2.707010227275872261e-01,8.825111813145862794e-01,3.828694998524087012e-01
2.709936365918496071e-01,3.730349164923572880e-02,8.221690821864223730e-01,-4.992082719008529845e-01
1.082866527290867048e-01,-2.516887820865883474e-01,6.735287303866763220e-02,-9.593697662038017659e-01
2.141188686664850793e-01,1.716697203745742584e-01,7.441574053989690185e-01,6.090257574005999430e-01
2.228434677660236507e-01,-1.609419532362931782e-01,9.268602889995853911e-01,-2.556726055683421484e-01
9.595373210984536883e-02,2.580669396817267813e-01,-3.265918309674643583e-01,9.041748237386502129e-01
2.747409217303384832e-01,-2.381660375166927759e-02,5.493916712684530079e-01,7.887451976737204218e-01
5.027485763516575945e-02,-2.715996759980832675e-01,9.610701297009091038e-01,7.089462897693524050e-03
2.488068042093020682e-01,1.209680127829420582e-01,-5.608195738210525194e-01,7.803482041253591017e-01
1.831389053187572336e-01,-2.079479933087773347e-01,3.130519553598629656e-01,9.084141383107522394e-01
1.519208386821279955e-01,2.322636991904219739e-01,-9.222560610867870379e-01,-2.691047948312786930e-01
2.647478767852730064e-01,-8.472939012048827379e-02,-7.522653228398604730e-01,5.973494590607247856e-01
1.119798578649557931e-02,2.781892405392872858e-01,-5.312222478034506895e-02,-9.589908137187167503e-01
2.715554759777609739e-01,6.337517281232211974e-02,-8.134240784553474768e-01,-5.104727999870010136e-01
1.335998259963645241e-01,-2.452631569992548277e-01,-8.864218891278310419e-01,3.691250530478081826e-01
2.011521659744839596e-01,1.943833234520741249e-01,2.106360377122926952e-01,-9.366885230984554056e-01
2.412999809734800716e-01,-1.423570515278332060e-01,-6.428959945661243403e-01,-7.128769383514478308e-01
7.308431054953436201e-02,2.709133350612318303e-01,9.531449861576795080e-01,-1.130454943815856345e-01
2.810278293631376378e-01,1.688582524837968545e-03,4.581862368456228740e-01,-8.432590824756925896e-01
7.657086367984720920e-02,-2.708515010994442251e-01,-4.236731343493834734e-01,-8.609747048654037282e-01
2.410576194756382518e-01,1.461471776335020178e-01,9.474202810916099171e-01,1.514167676936569173e-01
2.053692559545954588e-01,-1.937405036928413482e-01,6.707387722296346277e-01,-6.858553676726474313e-01
1.322683915976049784e-01,2.499222424508923679e-01,1.724450972229578660e-01,9.435606147758948126e-01
2.765390810204071403e-01,-6.104368911598275632e-02,8.697401858952523712e-01,4.041680513429926624e-01
1.481233511939781741e-02,-2.832400583706525254e-01,8.321772201091084398e-01,-4.764837231154664954e-01
2.694799404021036016e-01,8.982782577452662343e-02,-9.168084002305197655e-02,9.544140333262957077e-01
1.585751012694406881e-01,-2.361917747189487271e-01,7.260620783832798519e-01,6.260201603353139355e-01
1.857238763912128221e-01,2.160634155768198228e-01,-9.302803376234279886e-01,2.310881555137365984e-01
2.581012967399162750e-01,-1.216742333391656605e-01,-3.486329474403784268e-01,8.927677018808053422e-01
4.863400363453494746e-02,2.816021533173637681e-01,-5.273514592848561611e-01,-8.001471110537315967e-01
2.848108661971850419e-01,2.814160946906084371e-02,-9.576472325324256740e-01,-3.166383324056658288e-02
1.031115089908826582e-01,-2.674347341429738623e-01,-5.789003659287719206e-01,7.633616744473316063e-01
2.306690128991063515e-01,1.708486681998192258e-01,-2.887450757627949005e-01,-9.133612758844321666e-01
2.264330336631767693e-01,-1.771148859599064040e-01,-9.122556617932651157e-01,-2.918013124775691303e-01
1.105954824173816936e-01,2.658089190685041792e-01,7.650146151560083263e-01,-5.760788977303408220e-01
2.860809266995015254e-01,-3.588295126176808958e-02,-2.839788026424151096e-02,-9.571121551751381462e-01
4.164392415394106012e-02,-2.857268048653482384e-01,-7.976113446546323482e-01,-5.295678610345696535e-01
2.647115964157129020e-01,1.163870043670887783e-01,8.928747899380743425e-01,-3.451904480580824663e-01
1.829330771592513616e-01,-2.244945299301240593e-01,2.338983422862672690e-01,-9.281321354140454893e-01
1.679278410180653769e-01,2.364459463038251497e-01,6.224772748905192943e-01,7.269220019592013138e-01
2.730179231141162122e-01,-9.905452839701248124e-02,9.528159122611902232e-01,-8.826806559779146188e-02
2.281938250397782045e-02,2.899551729916836629e-01,-4.782195724947380100e-01,8.286804655115566076e-01
2.859760809817799010e-01,5.528605876532037555e-02,4.002039276856257377e-01,8.689061796750546796e-01
1.296191321208204350e-01,-2.613080335556970946e-01,9.403394954759144442e-01,1.751531485175263081e-01
2.176753217295351317e-01,1.947937441178319296e-01,-6.860229972392964948e-01,6.663672402071639800e-01
2.460706793873294607e-01,-1.581787274204661253e-01,1.477115549378935633e-01,9.447804017205954086e-01
8.707519361324163321e-02,2.797022351442985943e-01,-8.564510992092769781e-01,-4.250600957226179366e-01
2.932061189426146686e-01,-9.473232136358198871e-03,-8.415543303224515270e-01,4.535710956432633112e-01
6.903413594672909437e-02,-2.855485930828385865e-01,-1.157978517327400009e-01,9.488346255257459338e-01
2.572233582605653601e-01,1.427725307181212100e-01,-7.075795495323855544e-01,-6.424821628037982180e-01
2.063963919291732507e-01,-2.102201740702331345e-01,-9.330422026276360414e-01,2.064951716827040096e-01
1.478851745552424712e-01,2.552765323316372736e-01,3.703008793031036805e-01,-8.808184409825036143e-01
2.858369657582263135e-01,-7.468267833728652050e-02,-5.050842946844414927e-01,-8.109313052445443759e-01
4.124552808271521841e-03,-2.958165007680129133e-01,-9.535890703774339006e-01,-5.606666384048084734e-02
2.844359650125311001e-01,8.285370537815543723e-02,5.964742344400845164e-01,-7.459557178288904744e-01
1.558117467542851076e-01,-2.524586993666064205e-01,-2.643886455370624278e-01,-9.176524117543514159e-01
2.021396480270174489e-01,2.177071396004584547e-01,9.016912141667141611e-01,3.141593836845510967e-01
2.640336602736296223e-01,-1.370664174953498404e-01,7.771618873920410620e-01,-5.545434376338254090e-01
6.190350235536348777e-02,2.913984790345335862e-01,3.805036483609934139e-03,9.545891286359060590e-01
2.977706152348839619e-01,1.794208781437328995e-02,7.813486286392364866e-01,5.481834206824248712e-01
9.670982950160643410e-02,-2.826315752269554782e-01,8.986764231771168232e-01,-3.211655149421924205e-01
2.470170072323460420e-01,1.687013254259583095e-01,-2.568582173116419343e-01,9.189920114652713190e-01
2.286925909587907146e-01,-1.934460610300846595e-01,6.017567848244346207e-01,7.403830712747687670e-01
1.257432550757525969e-01,2.723131545031459155e-01,-9.518358870055571019e-01,6.358163174883352253e-02
2.963644588976800942e-01,-4.876544309021807466e-02,-4.978026652051357748e-01,8.136230979865084478e-01
3.194662825139984313e-02,-2.990543671406034609e-01,3.766040133168386261e-01,8.761936518779113170e-01
2.801305819307006728e-01,1.105671707816881233e-01,-9.326575811524601134e-01,-1.986242536331914721e-01
1.814059013699657885e-01,-2.409030546934808892e-01,-7.007435075255826762e-01,6.465416876337083396e-01
1.841534635509395890e-01,2.393199224880636355e-01,-1.230281933121926546e-01,-9.453451963239871692e-01
2.800871209309893639e-01,-1.139380039806269507e-01,-8.426563905393912313e-01,-4.455328758022521485e-01
3.529747039997864488e-02,3.007139725234971861e-01,8.502972025052606408e-01,-4.304879356314503247e-01
2.996553130498263995e-01,4.610464915288402937e-02,1.396877324901504014e-01,-9.426390571577544231e-01
1.243900802925955035e-01,-2.769299439611066505e-01,-6.887252952392581840e-01,-6.584029023023035831e-01
2.341234335638621433e-01,1.938902896453760794e-01,9.351475894926070120e-01,-1.819114050950808581e-01
2.495569701144010610e-01,-1.742776114560328216e-01,3.915821230302511391e-01,-8.683386860756702186e-01
1.016744489355708297e-01,2.873287563856913862e-01,4.826074819365042678e-01,8.210934846693199729e-01
3.044275306112412260e-01,-2.152967820107353630e-02,9.489021322006329084e-01,8.028134943803974521e-02
6.038192722032954124e-02,-2.995627011623089864e-01,6.135313739576815362e-01,-7.281452218528250420e-01
2.730284373480236781e-01,1.381426874170194330e-01,2.400004797235343046e-01,9.212881417043059518e-01
2.061195766320980671e-01,-2.266865466707379539e-01,8.905734944710995693e-01,3.361648117115090262e-01
1.638359340760931482e-01,2.593723147194281209e-01,-7.887017763613167753e-01,5.327600745429442730e-01
2.940124225400932989e-01,-8.897778910832543353e-02,-2.063933661589038848e-02,9.514271733672294840e-01
7.493213069069712060e-03,3.074871443579414443e-01,-7.646501718601393938e-01,-5.663087695654723808e-01
2.987675071944242977e-01,7.474362486078442447e-02,-9.038262735955508997e-01,2.970680634903060668e-01
1.517889904411496571e-01,-2.684266674873355130e-01,-2.795008286007827358e-01,9.092780176458550301e-01
2.186025954216661016e-01,2.180592106227374760e-01,-5.807511456806560002e-01,-7.532537372812070364e-01
2.687353661638248181e-01,-1.528474980504914704e-01,-9.502092797514225531e-01,3.900346121542073302e-02
7.587458083362830230e-02,3.001137172736714764e-01,5.169239440502407801e-01,-7.981005204578203172e-01
3.098763789791010859e-01,6.779800019215329737e-03,-3.528911265932028196e-01,-8.828354981729495954e-01
8.915437605913827113e-02,-2.972624661675364321e-01,-9.243834571146449797e-01,-2.218146696011727981e-01
2.631270768785223813e-01,1.652929478255626139e-01,7.148928740620086320e-01,-6.263948925620810293e-01
2.296750918828041055e-01,-2.098835629131674818e-01,-9.841251180887383709e-02,-9.452582820091915972e-01
1.413329670153493089e-01,2.776164456082135246e-01,8.283688475610911928e-01,4.655740048078390037e-01
3.056095432836016812e-01,-6.239267678572851805e-02,8.584031125877307211e-01,-4.072518351550986626e-01
2.125633463490023134e-02,-3.115804036286447531e-01,1.633345499975823456e-01,-9.358352660001584278e-01
2.950421000065029387e-01,1.035783738830299561e-01,6.695149969276200652e-01,6.737739595565480633e-01
1.786185699318017517e-01,-2.571339483868633202e-01,9.365986839057969249e-01,-1.573545181061830334e-01
2.005431926046522539e-01,2.409336619537280899e-01,-4.124635248402898080e-01,8.553404229392083113e-01
2.859868659209938713e-01,-1.293145572168403201e-01,4.599384016207278547e-01,8.306298360443538087e-01
4.856116173326750080e-02,3.104781737636567729e-01,-9.435933445921050877e-01,-1.042915012308521239e-01
3.125860375795727619e-01,3.590254235847256670e-02,-6.300624085405672758e-01,7.099453062782788981e-01
1.179794594117905410e-01,-2.921027408625288535e-01,2.155983348099567154e-01,9.242695461631709186e-01
2.504534040026982766e-01,1.917300109814871201e-01,-8.789136407321778144e-01,-3.578037275482304769e-01
2.518019919792153782e-01,-1.905969625880726548e-01,-7.996293953413592392e-01,5.107459102073282908e-01
1.168159891400716577e-01,2.938190099682569389e-01,4.491845779585490472e-02,-9.476321787548912523e-01
3.146993149777977949e-01,-3.441028501777970011e-02,-7.475304741680849352e-01,-5.839336123460766581e-01
5.068383457096473782e-02,-3.128817925362278318e-01,-9.083243131413719640e-01,2.729158752596759219e-01
2.884425500846425350e-01,1.323212118791559644e-01,3.018116464244126607e-01,-8.990004017074104681e-01
2.045916610226155008e-01,-2.430933990825484836e-01,-5.594771141893263300e-01,-7.655280597475728754e-01
1.800620554992819200e-01,2.622478698328616353e-01,9.479409207165894191e-01,-1.455066213217410045e-02
3.010864065848877780e-01,-1.038624352559656822e-01,5.355722351003352477e-01,-7.821265570878739304e-01
1.997138990818801696e-02,3.182541655621102805e-01,3.290830050430414433e-01,8.888305831143197278e-01
3.124579109586068659e-01,6.556496638360569118e-02,9.155264418161281892e-01,2.447092629999929325e-01
1.465670398140102026e-01,-2.840615327753097108e-01,7.284641271148935004e-01,-6.059432019127174440e-01
2.350637120660278578e-01,2.171682376804664749e-01,7.388187871162991971e-02,9.445234119970452591e-01
2.722398858302502167e-01,-1.689573241254498093e-01,8.136015656433036591e-01,4.851714743987584066e-01
9.048046399635641113e-02,3.077638040324170987e-01,-8.658698231193728834e-01,3.838804188464501888e-01
3.211254723970451974e-01,-5.276839989478407378e-03,-1.867226264605311437e-01,9.284316058305970287e-01
8.051012251138513209e-02,-3.113064002886894444e-01,6.499645285685186069e-01,6.885873633136200267e-01
2.789615478768798784e-01,1.606802729604206170e-01,-9.373981484621803917e-01,1.328420714501849786e-01
2.294248774674973457e-01,-2.263759296756698569e-01,-4.329322893675331407e-01,8.418359679209999058e-01
1.573032527757645960e-01,2.817475168101111760e-01,-4.370944971112183941e-01,-8.395370295779639447e-01
3.138272407540501630e-01,-7.669798007900485715e-02,-9.376700650545676252e-01,-1.280809584327931572e-01
9.640057244924489163e-03,-3.232975828997405321e-01,-6.460583972661902985e-01,6.913713108810209951e-01
3.094210629788189948e-01,9.548300488860701762e-02,-1.911998955982489590e-01,-9.265981877198544714e-01
1.746242547575427295e-01,-2.731463137457154078e-01,-8.667231431225349558e-01,-3.790625992013639811e-01
2.170434276173433819e-01,2.413272264283810031e-01,8.099403360980711453e-01,-4.885181391451536848e-01
2.907412083741666153e-01,-1.451219144913319103e-01,6.901574648293989922e-02,-9.432104783264987358e-01
6.254416131379211818e-02,3.192541132437518581e-01,7.300042820310017611e-01,6.010480740164647617e-01
3.247564935951728904e-01,2.474512942517083716e-02,9.121709992995316041e-01,-2.487266903136732266e-01
1.104469218196270919e-01,-3.067975222326105866e-01,3.237764553758784580e-01,-8.881697837444886279e-01
2.666214091830341748e-01,1.883624351556144605e-01,5.379515694419709781e-01,7.772005700734014866e-01
2.528415298963342939e-01,-2.070813468112981393e-01,9.450360957564306608e-01,9.759829913605697418e-03
1.324369241823172560e-01,2.991924550780435954e-01,-5.537367684464943318e-01,7.657153042795563636e-01
3.240232408534828301e-01,-4.804939202847257479e-02,3.051973750341127056e-01,8.941782582823109005e-01
4.000342077796169987e-02,-3.254898948332518582e-01,9.060962447909367556e-01,2.672931908284663094e-01
3.034332433787033656e-01,1.253648784555729534e-01,-7.414507598961395107e-01,5.852031140654818664e-01
2.018584635451071141e-01,-2.593942699014546438e-01,4.945351852535607995e-02,9.431448048645353355e-01
1.965065651923950385e-01,2.639347211410181249e-01,-7.983679369437549633e-01,-5.043136623894622916e-01
3.070738783703156893e-01,-1.192733877908754153e-01,-8.726955832706174698e-01,3.603913305387030364e-01
3.324519326363703509e-02,3.281149273689989432e-01,2.098365494927502961e-01,-9.204368387127259687e-01
3.254872115285193934e-01,5.537927585197246344e-02,-6.300899440840505017e-01,-7.028355947884670218e-01
1.401996683814860922e-01,-2.993275508088444337e-01,-9.375491190175425649e-01,1.083915113924050072e-01
2.514741804197291319e-01,2.150762815717380816e-01,4.529759880435828001e-01,-8.278379575396624945e-01
2.745745086874208929e-01,-1.853376651319461332e-01,-4.140932612474957919e-01,-8.478122198057262970e-01
1.056578475866221251e-01,3.143593020826043749e-01,9.311400749857144943e-01,1.516337996394536980e-01
3.315110191927030381e-01,-1.816414989244658981e-02,6.615108394488803389e-01,-6.724387831647856695e-01
7.083642530268598192e-02,-3.247396398083193803e-01,-1.668227621531366001e-01,-9.282761082862673874e-01
2.944816404219747219e-01,1.549139660969365284e-01,8.540138341083431950e-01,3.999282407058387112e-01
2.279802156151699843e-01,-2.428722613856110768e-01,8.196306705515518098e-01,-4.660940353927665591e-01
1.735948965437025815e-01,2.847294620889823102e-01,-9.291483454125598618e-02,9.381688434576535007e-01
3.210238252779358814e-01,-9.161822371352386363e-02,7.120865765933572789e-01,6.176427058769923262e-01
2.839834832322411361e-03,3.341949599793885839e-01,-9.153672730738381391e-01,2.245181940241492424e-01
3.232401794651867388e-01,8.633807353545631946e-02,-3.453813639757969400e-01,8.767971469249419281e-01
1.694704201683905065e-01,-2.888985875276118276e-01,5.161914997738368260e-01,7.882662737766579220e-01
2.336014523417484223e-01,2.405350687037668689e-01,-9.415005408176055912e-01,-3.391126402327241524e-02
2.943690959422600728e-01,-1.613001357458712648e-01,-5.714071849099723321e-01,7.488811191342459317e-01
7.718375211475950182e-02,3.270438922713392871e-01,-2.812519384832383729e-01,-8.988783610905985988e-01
3.361518415796034276e-01,1.269326948194138618e-02,-8.961029580014133744e-01,-2.895519106716740731e-01
1.018469880025358459e-01,-3.209836621189797179e-01,-7.538467318613579771e-01,5.641912659280094999e-01
2.825833501718115204e-01,1.838317468316487124e-01,-2.514449951586195803e-02,-9.411271397673094397e-01
2.527062116408300141e-01,-2.236764899595844458e-01,-7.826816393125159976e-01,-5.229893401595990809e-01
1.484768401642713731e-01,3.034639519322409051e-01,8.788791284728980635e-01,-3.368022199262040717e-01
3.323973596423147603e-01,-6.238491897339985826e-02,2.326611827969242430e-01,-9.118601269970281198e-01
2.839985218116488491e-02,-3.373684511533169283e-01,-6.099074646512047115e-01,-7.165115917591560191e-01
3.179667750048610353e-01,1.173255899431498994e-01,9.370552006984389504e-01,-8.402015699526191317e-02
1.979608238194648095e-01,-2.755427678604881470e-01,4.725825671840572229e-01,-8.133593378736277968e-01
2.131138817752712689e-01,2.644596731208289642e-01,3.909522230022987599e-01,8.554530460621792010e-01
3.119856787040792834e-01,-1.351499989680170766e-01,9.240115723627344568e-01,1.749343539795638336e-01
4.725339181246541315e-02,3.370635600665216614e-01,-6.764116795217095524e-01,6.531634659441082347e-01
3.378333143258425708e-01,4.424385741678133616e-02,1.424844368535373440e-01,9.293058259082584982e-01
1.327360463534804080e-01,-3.141880803132841571e-01,8.407978783656807620e-01,4.203878208550648199e-01
2.677855556674728077e-01,2.118207841864505336e-01,-8.286969520769228437e-01,4.434909392320413035e-01
2.757622286121411137e-01,-2.019318754762735590e-01,-1.165995778599056287e-01,9.325144767671930124e-01
1.213460797468960684e-01,3.199071093576382752e-01,-6.937925615939486423e-01,-6.337084911766662776e-01
3.410233628000549633e-01,-3.182194741121389947e-02,-9.179145566121877930e-01,2.003080039512920019e-01
6.018856999272333835e-02,-3.375367342671476978e-01,-3.666128140146832082e-01,8.648938279712344857e-01
3.096480300181554401e-01,1.480403629702910229e-01,-4.942139896030732782e-01,-7.987206526177430543e-01
2.253751099085614662e-01,-2.593222937219317736e-01,-9.373404360698419646e-01,-5.788708595963812376e-02
1.901504237946356479e-01,2.865814877887622458e-01,5.885735424225704282e-01,-7.316386077481468186e-01
3.272023363722668665e-01,-1.070929713381318371e-01,-2.572643596117117903e-01,-9.029312132361334564e-01
1.612439669651205554e-02,3.442592306586324535e-01,8.855570469243293497e-01,3.114711906102411443e-01
3.364708265853668667e-01,7.619670297630980194e-02,7.656464716515062330e-01,-5.429244199334740673e-01
1.632004780427275814e-01,-3.043489761427253248e-01,-9.717213963938493198e-04,-9.384755513304690044e-01
2.501654120866664277e-01,2.385877250258452431e-01,7.665566250104528523e-01,5.411876797517513049e-01
2.968859802931398395e-01,-1.777911450772546587e-01,8.844196796960539508e-01,-3.131307292550977728e-01
9.241992293177296591e-02,3.338467837688198214e-01,-2.551816766089308741e-01,9.027110250437595518e-01
3.467552733407206489e-01,-1.955067827617677247e-04,5.894334659087793193e-01,7.296087523147346543e-01
9.223048708654531247e-02,-3.346295499343693858e-01,9.359204635710094422e-01,-5.974518751771457775e-02
2.982951764189210042e-01,1.781783566758454451e-01,-4.917403557750351095e-01,7.984133537458788510e-01
2.514230881062626821e-01,-2.403291710438216211e-01,3.676889341560470870e-01,8.624576325893870132e-01
1.648772796119076789e-01,3.066452396178307449e-01,-9.162931641334175481e-01,-1.979672120576280725e-01
3.398172763260101092e-01,-7.735747958582987749e-02,-6.907533115686814718e-01,6.335612848173411971e-01
1.592907966345575091e-02,-3.484972969530399367e-01,1.182023115430203136e-01,9.296903312304516387e-01
3.320087322470566815e-01,1.082517616447984110e-01,-8.270877624736540090e-01,-4.404288716453821362e-01
1.929360855138526898e-01,-2.914927953124937243e-01,-8.371362164426566776e-01,4.207262439016297151e-01
2.298296368211668050e-01,2.638462838020474988e-01,1.400540677427372094e-01,-9.262550052071043538e-01
3.158298848981171414e-01,-1.514336417964716741e-01,-6.751376511458196950e-01,-6.492368504196334156e-01
6.193741429203019483e-02,3.450921056737134007e-01,9.198147504798600549e-01,-1.761136568020002513e-01
3.494728496050890643e-01,3.221292755088867032e-02,3.874575896171363887e-01,-8.524715074039593832e-01
1.242220668811346573e-01,-3.286060925139382416e-01,-4.720362062254920277e-01,-8.085596663665240991e-01
2.839499003921010511e-01,2.074359675413497694e-01,9.325623997207815874e-01,8.167094994254173179e-02
2.758231132759950133e-01,-2.186846527999567191e-01,6.052263220846728631e-01,-7.140026133484105308e-01
1.374865682568859881e-01,3.244117004077452515e-01,2.332522517660382544e-01,9.063376187898044556e-01
3.496510930915932014e-01,-4.619265674708531583e-02,8.744693413787039127e-01,3.330371188789560954e-01
4.861889478928255875e-02,-3.496712629484566293e-01,7.768448796774515275e-01,-5.214194509762997143e-01
3.244212580389274070e-01,1.401027373748982285e-01,-2.304809682575310187e-02,9.351956242119671137e-01
2.216406167710498754e-01,-2.756764540359742388e-01,7.500071092487305968e-01,5.588982606556067712e-01
2.069138062560512970e-01,2.873201832766596464e-01,-8.893169423650068017e-01,2.893944800528429617e-01
3.323637125619456345e-01,-1.230638620170047687e-01,-2.773834779070157297e-01,8.929994706726920306e-01
3.015721898436849596e-02,3.534756488509906980e-01,-5.686844650860707340e-01,-7.421209382454249104e-01
3.490836895463322320e-01,6.510921981731933317e-02,-9.341494379741884790e-01,3.558362994423042158e-02
1.558549964090688578e-01,-3.194557771145000169e-01,-5.104380729538967598e-01,7.830135377128626395e-01
2.666843004785328097e-01,2.355130525910944517e-01,-3.443209559879798487e-01,-8.688245882829420674e-01
2.983049936412087155e-01,-1.945383907001865531e-01,-9.079938583215133585e-01,-2.207172366692542187e-01
1.081947328469017033e-01,3.396602642298441888e-01,7.045285835142380826e-01,-6.136483355301481923e-01
3.565488279437659114e-01,-1.386611803738832874e-02,-9.399365480040396126e-02,-9.294330836159010456e-01
8.164561103131491582e-02,-3.477031359677724143e-01,-8.128962843943903227e-01,-4.600392964250928363e-01
3.137131270685268314e-01,1.714400510160516700e-01,8.449459823875962172e-01,-3.978173822994163222e-01
2.490167935448104053e-01,-2.569871482101026561e-01,1.632626420938215195e-01,-9.193984728527913042e-01
1.815813638910169503e-01,3.087460230107881287e-01,6.561374573905119911e-01,6.642196463306502263e-01
3.462770861702431646e-01,-9.290973391386952995e-02,9.210702305809155277e-01,-1.519525954866163819e-01
2.644704191263676663e-03,-3.588553820513783466e-01,4.079028260336703959e-01,-8.395421995505915058e-01
3.455244915118769744e-01,9.818933790365873271e-02,4.496753865874009159e-01,8.177797542033988787e-01
1.868191874872359715e-01,-3.071987176472404935e-01,9.271734815189961454e-01,1.052467302601076543e-01
2.466005477568760096e-01,2.621159503130412460e-01,-6.213564338882481275e-01,6.959882042845116912e-01
3.186128125464935401e-01,-1.680673016047826152e-01,2.092331643110511841e-01,9.090988619313549179e-01
7.724069487874063444e-02,3.521913654068612454e-01,-8.628510261055292174e-01,-3.542361132580011951e-01
3.603818076154899908e-01,1.933846367455127266e-02,-7.874373303434596405e-01,4.996933332996000843e-01
1.147013235795819458e-01,-3.425445524768888084e-01,-4.689842884136731505e-02,9.312933873434897647e-01
2.999198897080136983e-01,2.019538671207681824e-01,-7.330475585640435776e-01,-5.761110762655020645e-01
2.747753176739238801e-01,-2.355418648769136702e-01,-8.935711049171420894e-01,2.656110599065067412e-01
1.540223472597593291e-01,3.278760474357560462e-01,2.992523403684156924e-01,-8.827357763490306652e-01
3.573818103683280567e-01,-6.122065158389303208e-02,-5.476771080530071778e-01,-7.540424780821003425e-01
3.617761942704098010e-02,-3.611163898801773020e-01,-9.317471095200922093e-01,1.155234666435684364e-02
3.387620418991049154e-01,1.311422387366065756e-01,5.286648351807317070e-01,-7.671736988654067613e-01
2.168058219756483218e-01,-2.918859092093407104e-01,-3.208658459925778361e-01,-8.745530060767999769e-01
2.238302492186334258e-01,2.869604652164204350e-01,8.991230558520222349e-01,2.431695732874929738e-01
3.365076359867514300e-01,-1.394741574991868460e-01,7.177308009601446326e-01,-5.934408712463350444e-01
4.488377248783760598e-02,3.618287126248552199e-01,6.987559933249133659e-02,9.285380069256320423e-01
3.610492427855138686e-01,5.312396089813936628e-02,7.982365427447550843e-01,4.792073777493423559e-01
1.474725964829250169e-01,-3.341776246984294874e-01,8.521242518340803596e-01,-3.747818136912579590e-01
2.831079564947275307e-01,2.313371504036467741e-01,-1.862098963905898241e-01,9.119533333996350244e-01
2.986378265831980405e-01,-2.114865985025145279e-01,6.368077780350919204e-01,6.786491884777504646e-01
1.244518438502105057e-01,3.444807861111890968e-01,-9.216838447328311590e-01,1.278421562748626450e-01
3.655140050602355140e-01,-2.826528201391495868e-02,-4.279360181429331389e-01,8.261182423318537138e-01
7.013869739242740986e-02,-3.601723446012943253e-01,4.271488240311261397e-01,8.263778357635968019e-01
3.287939181767169372e-01,1.636528480732993562e-01,-9.211811559508490399e-01,-1.285985326843101795e-01
2.455104121301236175e-01,-2.735991108779354808e-01,-6.369552221060047481e-01,6.776106618806926329e-01
1.985335182946162125e-01,3.097747870244789703e-01,-1.852245695962437266e-01,-9.112167043329409966e-01
3.517700790034770653e-01,-1.089859105819990653e-01,-8.507136311064059653e-01,-3.750549301932370461e-01
1.140138098427448572e-02,3.684213163270434466e-01,7.974196739146038881e-01,-4.777631273355311126e-01
3.584795692000027900e-01,8.718254930707421135e-02,7.056295285418960617e-02,-9.267753078535257982e-01
1.796434792141995695e-01,-3.226154978272393614e-01,-7.156926790318859366e-01,-5.928165400169448374e-01
2.633743305509993471e-01,2.592887226516282229e-01,8.971828370021903698e-01,-2.417980092995004049e-01
3.203397690474656945e-01,-1.849952774508482611e-01,3.207743340750999761e-01,-8.719306201104398690e-01
9.310818890093428002e-02,3.583515398279850106e-01,5.264281563107541251e-01,7.653681697756709035e-01
3.705360214407821262e-01,5.670835682351881533e-03,9.287189137668289129e-01,1.233197669724696820e-02
1.042158409757671378e-01,-3.559667128780634737e-01,5.464101630929579789e-01,-7.509079114520149645e-01
3.156488984235424899e-01,1.954051067308737455e-01,2.973411446339829789e-01,8.796424619669361844e-01
2.726358467227968374e-01,-2.524504278452379125e-01,8.896905421029274175e-01,2.653096603124343589e-01
1.708977593252333504e-01,3.303023159472464609e-01,-7.303537306699197096e-01,5.729552897338766604e-01
3.642027052347249771e-01,-7.685176762578763143e-02,4.586512949651897625e-02,9.270094849615982957e-01
2.291346381896218823e-02,-3.718452883771920514e-01,7.831219258714803289e-01,4.979217849289622744e-01
3.526315166441259530e-01,1.211985949042460597e-01,-8.586695097398563403e-01,3.516370104320858392e-01
2.108985753662833695e-01,-3.079026103672590775e-01,-2.088806944369588636e-01,9.039284423719800010e-01
2.408460398861832774e-01,2.855162907062275268e-01,-6.171645837815283864e-01,-6.925182375492164866e-01
3.396331730122908454e-01,-1.562684088422970352e-01,-9.216589088964760590e-01,1.037995560648367621e-01
6.025092049439053493e-02,3.693026875302678480e-01,4.475450286669047650e-01,-8.122122868302593668e-01
3.723381205466642641e-01,4.028787721235401603e-02,-4.044738550398540022e-01,-8.343513118145732266e-01
1.380906271726843604e-01,-3.484736839053341195e-01,-9.145933151365340796e-01,-1.517107056870559134e-01
2.993870712884606489e-01,2.260850544768897574e-01,6.520144703429359145e-01,-6.588854681588605100e-01
2.978953935577965395e-01,-2.285815946977042268e-01,-1.612438500237480810e-01,-9.126933821892317944e-01
1.411361755433767351e-01,3.483043662021611531e-01,8.380690217451252089e-01,3.954806736474855700e-01
3.736322353370493121e-01,-4.334103026624758215e-02,8.067882380181453650e-01,-4.556459665223389632e-01
5.775481696066163406e-02,-3.720053950285405198e-01,9.402556321463642619e-02,-9.216482846778756288e-01
3.434948934904244466e-01,1.548516437868903972e-01,6.979574043320028176e-01,6.090054911908704405e-01
2.409261343998470861e-01,-2.901146528971724203e-01,9.001532873265587487e-01,-2.179728085167728646e-01
2.156792728186324448e-01,3.097394162258428896e-01,-3.419358549574097461e-01,8.605950362435547119e-01
3.562892780978212937e-01,-1.255314527321077511e-01,5.049544739256024428e-01,7.760932830208094879e-01
2.615850978936532650e-02,3.771737905834652849e-01,-9.250707305678990133e-01,-3.605284328695283758e-02
3.708398964583627389e-01,7.527448277637542595e-02,-5.636639880423199855e-01,7.342305033310231321e-01
1.714413377439942265e-01,-3.376988079636197293e-01,2.737643621441894770e-01,8.840930136768897496e-01
2.800996431032048983e-01,2.553839222542351739e-01,-8.797064781905398201e-01,-2.871232390753093444e-01
3.210156292454420801e-01,-2.021629645055020297e-01,-7.423916037044242522e-01,5.522081204687895317e-01
1.094860128443695263e-01,3.635627209353876621e-01,-2.197906897330339018e-02,-9.248523565762087895e-01
3.799115416748528595e-01,-8.740720206969749065e-03,-7.675661007361695987e-01,-5.161715812723250973e-01
9.280662602888169188e-02,-3.688363464704031980e-01,-8.645807235888821607e-01,3.284004447104555968e-01
3.310910771894288174e-01,1.878194865902995392e-01,2.312601788885370047e-01,-8.953330490509897599e-01
2.694211369476145479e-01,-2.693582234281232668e-01,-5.972240056579253276e-01,-7.058200092823965210e-01
1.880582226106236043e-01,3.316923983090857564e-01,9.209992030652619510e-01,-7.984187977278871251e-02
3.701010065348154798e-01,-9.303293919046357052e-02,4.667180960892635122e-01,-7.978372866508014472e-01
8.874113506858738454e-03,-3.818314727035572731e-01,-3.816678459774832111e-01,-8.416980645750637979e-01
3.659914286089118729e-01,1.103106443064664488e-01,9.074182614313685002e-01,1.745678514457132124e-01
2.039460502368984074e-01,-3.236793371228205429e-01,6.665264062459193006e-01,-6.398282934423890067e-01
2.579084417444688082e-01,2.830012031589971278e-01,1.373082852027746881e-01,9.135316029028079932e-01
3.417392676048033873e-01,-1.733922112277036798e-01,8.249293886275047560e-01,4.155008036588511144e-01
7.620655421062476342e-02,3.758820129480035521e-01,-8.155398287904974675e-01,4.333590440891547657e-01
3.829214085661671874e-01,2.664698949604729292e-02,-1.172703818626531641e-01,9.159196418629134140e-01
1.277456772792119888e-01,-3.623038086316172079e-01,6.798568836727236775e-01,6.246692003855423003e-01
3.154732038116438986e-01,2.197812687976775925e-01,-9.024840811451220191e-01,1.941528646251322876e-01
2.960883440668303224e-01,-2.457701803927040685e-01,-3.627236339705954826e-01,8.487404057170045979e-01
1.581936502152056223e-01,3.511270407118898818e-01,-4.832730144195515054e-01,-7.862135612200669144e-01
3.808852476522448516e-01,-5.904234440965345360e-02,-9.208088781031463776e-01,-5.959395685742913118e-02
4.453821825341219148e-02,-3.831710558644944031e-01,-5.804166583073763208e-01,7.171560442621943698e-01
3.577741501386744183e-01,1.450707036415321283e-01,-2.501529653776188855e-01,-8.879051989656799870e-01
2.352857602229549705e-01,-3.064842626038181139e-01,-8.691813919952264822e-01,-3.085963635912459258e-01
2.329651197309585975e-01,3.086476725997462367e-01,7.538391181947093900e-01,-5.312160116816161404e-01
3.598278588530667843e-01,-1.424927557131150380e-01,1.765931420351714255e-03,-9.220719104542327571e-01
4.157688213110574682e-02,3.850919071270599292e-01,7.515830016196849428e-01,5.339462310138023415e-01
3.825720394770934507e-01,6.250751393102466080e-02,8.698573425220901267e-01,-3.050895753265051580e-01
1.622446389007158873e-01,-3.524051254741853434e-01,2.533337815454426711e-01,-8.861767881271692682e-01
2.967260525709138896e-01,2.504206174882237512e-01,5.770023222611698754e-01,7.185481780421665299e-01
3.206452809837918583e-01,-2.195166971902711428e-01,9.197089668171467558e-01,-5.598606785296177807e-02
1.263211767771245386e-01,3.678152763074726272e-01,-4.854438422730381619e-01,7.830064870814862354e-01
3.884849326575220418e-01,-2.384774434995053441e-02,3.587481798411848444e-01,8.484164576716655137e-01
8.051408752183300543e-02,-3.811179346974196136e-01,8.996646997383219713e-01,1.971548366316564771e-01
3.462014218541172861e-01,1.792264337889016290e-01,-6.804837058694043206e-01,6.204549838495474479e-01
2.651475051101068736e-01,-2.862140461636812350e-01,1.134350392260676799e-01,9.137345414223326800e-01
2.054500619147545115e-01,3.320483283676090580e-01,-8.113072372576408675e-01,-4.351031446230583244e-01
3.750643327912268621e-01,-1.097119282729632217e-01,-8.236717316563028080e-01,4.109195998401724004e-01
5.893428664227732747e-03,3.910490622173637965e-01,1.402817695714251578e-01,-9.095971215672407073e-01
3.788042948455052628e-01,9.851674169449357865e-02,-6.614064695822646778e-01,-6.397993746536683179e-01
1.959751730620427346e-01,-3.391697426891178702e-01,-9.041773174008763680e-01,1.703554985471700256e-01
2.749656241324062167e-01,2.794287547532935401e-01,3.831247459978041059e-01,-8.363784463785626233e-01
3.428251263103462843e-01,-1.907920250765086645e-01,-4.614008076262009483e-01,-7.957252230885920596e-01
9.269932016818878406e-02,3.815516226251116638e-01,9.159401065962973210e-01,8.293923342341370797e-02
3.927708782933488352e-01,1.224673332653821063e-02,5.966589449786248167e-01,-6.996993340460561095e-01
1.164739670634859503e-01,-3.756286742702079628e-01,-2.265243647305051899e-01,-8.910800335805652006e-01
3.313188040808950352e-01,2.124501744525184588e-01,8.581261689347176036e-01,3.297154100537682542e-01
2.932274596989267734e-01,-2.630000457528748892e-01,7.646914417662159513e-01,-5.099957173369262797e-01
1.755710059696297676e-01,3.529452219188017881e-01,-2.535340574892658641e-02,9.186738795701282490e-01
3.872553605094876672e-01,-7.531888338369550906e-02,7.351868186530902127e-01,5.512356059265839381e-01
3.053266505683074894e-02,-3.936388515213245509e-01,8.744992961104516294e-01,-2.817218345102570631e-01
3.715906466691327181e-01,1.343440396724610297e-01,-2.750872333966531413e-01,8.764696710866127782e-01
2.286110875419637700e-01,-3.226593264813223949e-01,5.565159469206041321e-01,7.306968800470980963e-01
2.503384144095576747e-01,3.065075679463862834e-01,-9.177928945334601352e-01,3.224890395646115571e-02
3.623794784281140768e-01,-1.598169739942162659e-01,-5.037112797723288793e-01,7.677334140622138481e-01
5.760729236194187669e-02,3.921554437391195913e-01,-3.357322430338682828e-01,-8.545053357352121459e-01
3.936433800144542028e-01,4.892363624359943181e-02,-8.913417295380589023e-01,-2.194568029740749660e-01
1.520851194605305490e-01,-3.666918186654512524e-01,-6.938794976944896442e-01,6.007815486861616261e-01
3.132040215165198260e-01,2.444179923172175306e-01,-8.964114805145816101e-02,-9.133058362419002041e-01
3.192339737195674654e-01,-2.370036386022681685e-01,-7.972153774884072064e-01,-4.542758932724875742e-01
1.435613866509830860e-01,3.711001530252270864e-01,8.311817117530519994e-01,-3.883449069252311592e-01
3.962335106949965158e-01,-3.960228452776501373e-02,1.630443369869308823e-01,-9.026888767670687708e-01
6.737835614093826142e-02,-3.927768242733332138e-01,-6.426217055824255953e-01,-6.543881622950054044e-01
3.609358385909421929e-01,1.696553494828657305e-01,9.052355655192947381e-01,-1.465979322209648439e-01
2.598314971763608372e-01,-3.029675739870371087e-01,4.031266184734837998e-01,-8.235212029241470999e-01
2.230203884503591250e-01,3.313726071553756980e-01,4.393549465219061534e-01,8.046249638988546282e-01
3.790809717181221061e-01,-1.268371236812957659e-01,9.104715917243666468e-01,1.060728127297391327e-01
2.134257681947460822e-02,3.994729954605252820e-01,-6.123820475123918916e-01,6.818753905201674348e-01
3.910335375782237888e-01,8.585506858398002372e-02,2.028959011348260844e-01,8.936190088567873557e-01
1.870129556544986860e-01,-3.543284004350603644e-01,8.465520424923267395e-01,3.504670860645400787e-01
2.919666190702941422e-01,2.748128361470070224e-01,-7.749442135986571722e-01,4.885640840744015501e-01
3.428905219553302630e-01,-2.084150477789479816e-01,-4.876708481406926560e-02,9.146644353265505067e-01
1.096784174927786654e-01,3.862972010625753683e-01,-7.183919861875776025e-01,-5.680299916104496472e-01
4.018591784174918580e-01,-2.867779475216282979e-03,-8.785069927690623004e-01,2.583146147982317564e-01
1.043116486047540592e-01,-3.884098917739587375e-01,-2.965065744255888647e-01,8.662220773334645685e-01
3.468772429338426999e-01,2.041163467782918239e-01,-5.357814147923736225e-01,-7.422607162416602344e-01
2.893239650854516065e-01,-2.802197147592089266e-01,-9.152561302887564088e-01,8.647002737994515312e-03
1.932156618863473674e-01,3.537559807824041114e-01,5.215098188333057161e-01,-7.520318629705476932e-01
3.927257165644815751e-01,-9.212078001957274553e-02,-3.126374121666611883e-01,-8.599640236377525948e-01
1.578169272696951231e-02,-4.033792326857835731e-01,-8.824588366429595432e-01,-2.414591775916882233e-01
3.849042983676145280e-01,1.227057003999178358e-01,7.067073662991171235e-01,-5.808241477470316161e-01
2.209242146268345086e-01,-3.385921437792323574e-01,-6.594350702125591213e-02,-9.122495850611485046e-01
2.677473095852813678e-01,3.033276566229058391e-01,7.826669127670082826e-01,4.730076263626838973e-01
3.639385381929908236e-01,-1.774518810986486783e-01,8.380680139899645553e-01,-3.656522586275336439e-01
7.420092617991250195e-02,3.983450675815419229e-01,-1.855429554469048281e-01,8.952034636726603489e-01
4.040222662810464826e-01,3.456471158026916402e-02,6.235183137423297994e-01,6.684281573141734878e-01
1.409946564152120829e-01,-3.805172248727464179e-01,9.056618618552999544e-01,-1.228972758782372471e-01
3.294849089468345760e-01,2.373956338347361916e-01,-4.227170397213949049e-01,8.101810366465513891e-01
3.167875936311198570e-01,-2.545717056821212299e-01,4.171525740419865236e-01,8.129099563651838167e-01
1.611549002272974762e-01,3.734091208985525490e-01,-9.044109277244810619e-01,-1.289790695230959849e-01
4.031355385576392836e-01,-5.595669409768734559e-02,-6.275775989500481655e-01,6.636994374214827408e-01
5.343952870013433248e-02,-4.037793598734431555e-01,1.792848331362492664e-01,8.955240889667945847e-01
3.752512063400716968e-01,1.591358773275873273e-01,-8.344705845077503570e-01,-3.708384395916817788e-01
2.534901613688650412e-01,-3.195693571459672921e-01,-7.845935461314578196e-01,4.669380381071602804e-01
2.407170172621731496e-01,3.296684609769375829e-01,7.199090783138901994e-02,-9.100501813785395466e-01
3.821401051548060090e-01,-1.443573940599298111e-01,-7.012131710072675439e-01,-5.843200934577148509e-01
3.742696226259534936e-02,4.070792064307562907e-01,8.818813178188866786e-01,-2.348852559645321081e-01
4.026436000412118577e-01,7.236387070460392756e-02,3.175781631499342006e-01,-8.554447450611956105e-01
1.770867526823699245e-01,-3.691108520308136742e-01,-5.148153698941372314e-01,-7.532347548130415849e-01
3.088612994097322817e-01,2.691679353385758033e-01,9.121042624161420642e-01,1.480320218079433404e-02
3.419360353456603607e-01,-2.262091245829648822e-01,5.388292740796005731e-01,-7.359158872332833834e-01
1.270934490203119160e-01,3.901053910850519890e-01,2.894810409011058794e-01,8.647923253714224767e-01
4.101599940629387930e-01,-1.865156381620612300e-02,8.730258846817742224e-01,2.631476830851936510e-01
9.129503610772124467e-02,-4.006101079223912120e-01,7.189613556771156100e-01,-5.605990785360106532e-01
3.621028471982142283e-01,1.948048019517144291e-01,4.235885851101937188e-02,9.105703401128018015e-01
2.843897729058461055e-01,-2.973785138574429610e-01,7.676752291878868872e-01,4.912873080528596947e-01
2.110756234975250112e-01,3.535572729101058576e-01,-8.443293627503871690e-01,3.428589551623601461e-01
3.972804737503136674e-01,-1.093984911423662998e-01,-2.077627675857109668e-01,8.871498338598874378e-01
3.288018462059821151e-04,-4.123637195508910724e-01,6.041121821360070365e-01,6.819124035258281591e-01
3.976760631789906797e-01,1.101899937016036779e-01,-9.054597058013660327e-01,9.927051542428742825e-02
2.122477757845820934e-01,-3.542359499500266073e-01,-4.418841670016333545e-01,7.963706149719316230e-01
2.851407156642958851e-01,2.991172670675386058e-01,-3.948108698921429238e-01,-8.205778511680104081e-01
3.645003946310282905e-01,-1.953457706896277180e-01,-8.977661202034240562e-01,-1.516426246224694685e-01
9.130921051715325254e-02,4.036425107842757654e-01,6.422376707993654454e-01,-6.451868921240619947e-01
4.136781412844139361e-01,1.947265996140453218e-02,-1.557083240658924950e-01,-8.967977078216085030e-01
1.290054821983791233e-01,-3.938407231994474067e-01,-8.218936952369289006e-01,-3.908168676532352004e-01
3.455209831865760362e-01,2.293737571961574906e-01,7.936360264086699257e-01,-4.451345720945037998e-01
3.133128820681225779e-01,-2.721695222975318851e-01,9.500903392323852004e-02,-9.048381471486891536e-01
1.790504247047089437e-01,3.747349689788281868e-01,6.836652603993393917e-01,6.000970422861652276e-01
4.091703864205653574e-01,-7.286348237591444565e-02,8.846236311941118036e-01,-2.114510320273803312e-01
3.873785356329597501e-02,-4.140929986293038212e-01,3.382886859061003393e-01,-8.441487618751944977e-01
3.891054374732815235e-01,1.476981109094704370e-01,4.936345520901970207e-01,7.636145333512259770e-01
2.461412624728358256e-01,-3.359708216062498587e-01,9.083433177527663327e-01,3.808547008239609316e-02
2.584884140771980254e-01,3.269400472186835271e-01,-5.556598708801215869e-01,7.193997867708793459e-01
3.842319918693140601e-01,-1.622219829019463655e-01,2.662804468407249936e-01,8.689905225707608150e-01
5.410028498047554646e-02,4.138447717472474308e-01,-8.630531063218848109e-01,-2.845083473830695153e-01
4.136000481217486646e-01,5.808163871816279106e-02,-7.306359722061321893e-01,5.401227634120785437e-01
1.662244612203028216e-01,-3.834736570867939287e-01,1.890377972570475573e-02,9.082731031603776817e-01
3.256003737968100609e-01,2.625093415402155461e-01,-7.522539843599846954e-01,-5.091042969785541938e-01
3.399632488926394580e-01,-2.441226901372776925e-01,-8.499649612332097481e-01,3.199822905073471668e-01
1.448943144588129284e-01,3.929639636149995230e-01,2.296891977056761958e-01,-8.785373261249761478e-01
4.176481810306790776e-01,-3.505961450536958235e-02,-5.844193522011471575e-01,-6.948343983175354621e-01
7.746078161510967786e-02,-4.121930950708372343e-01,-9.046330555557019482e-01,7.573449995513462096e-02
3.769509392985261331e-01,1.845411886258969958e-01,4.606165342609433999e-01,-7.821029007924323873e-01
2.784376775628266687e-01,-3.144265594314821222e-01,-3.723470373622417839e-01,-8.276267771194099065e-01
2.290994198744832622e-01,3.523481204727439420e-01,8.905455786570508625e-01,1.740483557718328633e-01
4.009049626992481352e-01,-1.271026895687675518e-01,6.563547775747952118e-01,-6.263533532617521216e-01
1.578239709882626324e-02,4.205650239609982632e-01,1.321834293123465287e-01,8.974427656278298748e-01
4.098680204765095536e-01,9.683165728813879214e-02,8.088335931923309463e-01,4.103901247119416951e-01
2.026051250969251039e-01,-3.695449471606387926e-01,8.020687170650414588e-01,-4.231707319961275360e-01
3.024682816025521248e-01,2.938866855386600418e-01,-1.178058534160508070e-01,8.990357810390062765e-01
3.640615300304703705e-01,-2.134473899802312447e-01,6.657633500836143137e-01,6.153523996442550326e-01
1.088837049869164075e-01,4.080307161854633824e-01,-8.867357647988578506e-01,1.880291383378777104e-01
4.225816536799955059e-01,3.689601683154937820e-03,-3.586251658604295289e-01,8.323455551777034778e-01
1.161503497415651287e-01,-4.066228031817842870e-01,4.722557840347059721e-01,7.733960606527972015e-01
3.612654441735594357e-01,2.203733815223172798e-01,-9.039797555702616672e-01,-6.118376485334921233e-02
3.088176096455559905e-01,-2.897463943439244072e-01,-5.719922513881973147e-01,7.024980962887809044e-01
1.971970471614342135e-01,3.750716655231519092e-01,-2.430528984819592675e-01,-8.725593726801738059e-01
4.143186665830763671e-01,-9.027520608296399351e-02,-8.525510942352952926e-01,-3.055275133366888163e-01
2.331386986346535573e-02,-4.236864104611917092e-01,-7.417261872576124127e-01,5.194117366779318345e-01
4.024575371863405859e-01,1.353727532570911385e-01,4.405329351384186000e-03,-9.053633201708615186e-01
2.378034500035264565e-01,-3.521242839594002083e-01,-7.364170960987729275e-01,-5.264483530090590113e-01
2.762836653949740096e-01,3.231926191119128822e-01,8.549744904391628486e-01,-2.970395392633677911e-01
3.853481172965897428e-01,-1.803804366705929751e-01,2.513079619106813323e-01,-8.693756580689383506e-01
7.131620556921602905e-02,4.197480349992234738e-01,5.644560060171668336e-01,7.071880960597739518e-01
4.238696609224481548e-01,4.304724424384057113e-02,9.031863235582308080e-01,-5.230592939492516302e-02
1.544546746377134516e-01,-3.973744440638553588e-01,4.789030595836701321e-01,-7.673911416017907827e-01
3.421353949654347137e-01,2.548533057453757356e-01,3.497782901600530181e-01,8.340553409667789131e-01
3.369749023783554231e-01,-2.621047342754378451e-01,8.827581087037348340e-01,1.961814082814811178e-01
1.630311367717419690e-01,3.948619576895368022e-01,-6.699218809959941456e-01,6.072145882431425612e-01
4.242998804118690570e-01,-5.204679908480053241e-02,1.087270837117397526e-01,8.974626251020375589e-01
6.284600760506353634e-02,-4.231238326608467992e-01,7.953028047657275668e-01,4.295463307889696991e-01
3.913778804322822213e-01,1.733519361611926268e-01,-8.098891569516386557e-01,4.010636039204556469e-01
2.714815083102221083e-01,-3.313147602101464417e-01,-1.403659989428965027e-01,8.926509433441847108e-01
2.472360657528205607e-01,3.501287593208632365e-01,-6.475227320203374992e-01,-6.300781627738087920e-01
4.035858175420478644e-01,-1.451841892783674315e-01,-8.882200195165865786e-01,1.646366787579686131e-01
3.250807782031236298e-02,4.279571549103117212e-01,3.785749717518899216e-01,-8.200468823186609635e-01
4.214434442105176037e-01,8.266598768221633531e-02,-4.506959580878811544e-01,-7.825758181644426603e-01
1.920204789993597283e-01,-3.844743404407587883e-01,-8.990204611956246206e-01,-8.408226649601154012e-02
3.196803920980281766e-01,2.876473019959528976e-01,5.878174802596310977e-01,-6.852255734163154033e-01
3.626196913122392562e-01,-2.317058987922326341e-01,-2.198156022312378888e-01,-8.755001067693928274e-01
1.268760263138551114e-01,4.114939594141158175e-01,8.415307918182692859e-01,3.261918480499118034e-01
4.307047547573272239e-01,-1.274203837424050210e-02,7.522274394565321431e-01,-4.984826316093362575e-01
1.024626576954819207e-01,-4.188251302339420223e-01,2.755225784493672836e-02,-9.018468756668984732e-01
3.766724532487518706e-01,2.104164668605260080e-01,7.201787309469165344e-01,5.433096436924241823e-01
3.033107150915791972e-01,-3.072523023479805104e-01,8.593581077978158511e-01,-2.740479435694738175e-01
2.155441910888688251e-01,3.744144889028003798e-01,-2.726050779974258931e-01,8.596749174179256769e-01
4.185623473305749020e-01,-1.081443934497725856e-01,5.442384535035074133e-01,7.189679111689274427e-01
7.208509953533072043e-03,-4.325295671358778682e-01,9.011243715953491940e-01,-2.900134228595598745e-02
4.152676618690127053e-01,1.221912382020224341e-01,-4.967330523309755885e-01,7.522488584467591499e-01
2.284963896215452817e-01,-3.679829754790552854e-01,3.271218392619854587e-01,8.398626268416494733e-01
2.940524670814815833e-01,3.184326577799366786e-01,-8.744129040396989572e-01,-2.180272054385880565e-01
3.854813169030257280e-01,-1.987825592983676615e-01,-6.829323938361959723e-01,5.877865206745244153e-01
8.902826938578893567e-02,4.247687128752203889e-01,-8.535608905068428620e-02,-8.968611073485525109e-01
4.334205124540698728e-01,2.730004022985048004e-02,-7.813141536476780891e-01,-4.482739792775312648e-01
1.418068000373705895e-01,-4.107719621647286101e-01,-8.170953614053195757e-01,3.788303009691942891e-01
3.584187786477491811e-01,2.462171666946798843e-01,1.626743563290466987e-01,-8.856918988736603993e-01
3.329750184504721711e-01,-2.801047871340434647e-01,-6.289588820964382432e-01,-6.442667692380997790e-01
1.814542150866227666e-01,3.957897966595370076e-01,8.890791618753458581e-01,-1.412906529340589579e-01
4.300926174632151433e-01,-6.956778235031284285e-02,3.981258263465073943e-01,-8.072648205257123566e-01
4.748840509983021790e-02,-4.333685820910122555e-01,-4.289720232077198769e-01,-7.911507610705911242e-01
4.053411165490862778e-01,1.612643681109999783e-01,8.934727393273282914e-01,1.067653824580803434e-01
2.635362498937875997e-01,-3.479948315771646539e-01,6.031270500362574394e-01,-6.675971867092176382e-01
2.654350436653898360e-01,3.469007581886390801e-01,1.965856895059928389e-01,8.778144269969327951e-01
4.053110853212013587e-01,-1.635938971302102751e-01,8.300034836674627936e-01,3.464883519505032594e-01
4.980412339882737266e-02,4.345155106322147742e-01,-7.621356365807856470e-01,4.773521674467401943e-01
4.323668714772234689e-01,6.772893592474432678e-02,-5.052099570943453105e-02,8.977300867632916903e-01
1.805190258143246906e-01,-3.989803782851321645e-01,7.035532925405185711e-01,5.596787503719392598e-01
3.367281778112951596e-01,2.804117255579460233e-01,-8.631164454423534416e-01,2.510247000684531771e-01
3.601740032146523163e-01,-2.500708491524584187e-01,-2.935668751001596077e-01,8.494455530853212144e-01
1.452377992147606267e-01,4.140179518955101057e-01,-5.237831195591445832e-01,-7.301687208121085959e-01
4.380207841985246375e-01,-2.977945680514494653e-02,-8.984525055798077142e-01,5.837103722372799335e-03
8.797654362373447112e-02,-4.304106084130840393e-01,-5.140962199757591611e-01,7.366898346958072885e-01
3.916971688835663712e-01,1.995260197971655269e-01,-3.043948798012790502e-01,-8.450481953493924614e-01
2.968024156831253757e-01,-3.246379080716871868e-01,-8.655195381227001050e-01,-2.395714586827235593e-01
2.340415938596237810e-01,3.727601350481927756e-01,6.953801834282467009e-01,-5.680852176899149342e-01
4.218848499070208535e-01,-1.264234945784624142e-01,-6.208710170579415794e-02,-8.956424874017949733e-01
9.536827741627951216e-03,4.405938221356792139e-01,7.668807500470115057e-01,4.665619444616471156e-01
4.274971765402771906e-01,1.081858209868146181e-01,8.236858221558540638e-01,-3.564879501006096296e-01
2.182408648770269299e-01,-3.835010734472946159e-01,1.847160752668991768e-01,-8.781673092870704300e-01
3.117451277936426624e-01,3.126679778285993416e-01,6.100874477031552612e-01,6.579111012078683318e-01
3.846258781761356382e-01,-2.173783878970872163e-01,8.893164203697200287e-01,-1.180079436872264048e-01
1.071898566669483438e-01,4.288879864722478508e-01,-4.172658146116304811e-01,7.940117566157269824e-01
4.422220460416221299e-01,1.087993254856956145e-02,4.071009718346468853e-01,7.991183190202725273e-01
1.283111462277500003e-01,-4.236261338919271036e-01,8.873443070525579568e-01,1.292177587598379029e-01
3.744038309417082044e-01,2.366194488280131680e-01,-6.179128861942910778e-01,6.496281035235014212e-01
3.279690035578015084e-01,-2.980729197995060642e-01,1.733802039151272623e-01,8.795045037280075917e-01
2.001139989802379060e-01,3.957393850119512169e-01,-8.179807858247876151e-01,-3.664043675830883084e-01
4.350053876162127686e-01,-8.757697646852433127e-02,-7.714471571064164257e-01,4.560371363495828723e-01
3.142630387223886712e-02,-4.428949560702060140e-01,-7.329574526366411380e-02,8.930196968929319246e-01
4.187992264577666823e-01,1.483067875414888215e-01,-6.865554098220404411e-01,-5.755466739818675403e-01
2.546181368059575734e-01,-3.644193193931445918e-01,-8.662506081316495576e-01,2.279869469378619506e-01
2.836463021803043438e-01,3.426671151743911348e-01,3.141800030708455371e-01,-8.386983659861890761e-01
4.060703179346262237e-01,-1.822827860220805618e-01,-5.031065311415765517e-01,-7.407858672620516449e-01
6.762607660714275992e-02,4.402169596633287996e-01,8.951764700092041949e-01,1.717060655190566845e-02
4.426041672135773153e-01,5.205717628411828807e-02,5.309826746184187485e-01,-7.207281046397251423e-01
1.681270084239536999e-01,-4.130203967129369436e-01,-2.816145780007944244e-01,-8.496120823028203706e-01
3.535635360246337511e-01,2.721938751721969529e-01,8.560879555901470539e-01,2.608001775420836776e-01
3.567250605279456144e-01,-2.684921814575492172e-01,7.072595748161915052e-01,-5.481268772084799679e-01
1.639206286953613090e-01,4.155899282052171184e-01,3.893662041725750450e-02,8.938114894388986542e-01
4.445045465426196163e-01,-4.737942238398603484e-02,7.520159797241534605e-01,4.843994887249796766e-01
7.272695114094454572e-02,-4.413434408317887803e-01,8.296595068780625581e-01,-3.340536790088534103e-01
4.062957870714618558e-01,1.877261735093999906e-01,-2.064765797669508851e-01,8.700862251496928046e-01
2.893042944576127984e-01,-3.418545723635751377e-01,5.909242352187421554e-01,6.710044893990239068e-01
2.526393011241759301e-01,3.701068056520819272e-01,-8.889354814458202414e-01,9.480530451503109413e-02
4.242711315650471993e-01,-1.450648531106498995e-01,-4.359833915939631543e-01,7.803003765004378200e-01
2.688022996109187823e-02,4.478519828578844675e-01,-3.850998267692214982e-01,-8.064763964988781453e-01
4.391087113371594519e-01,9.338964377980682463e-02,-8.806432865715938529e-01,-1.514242909142443638e-01
2.070588546892234427e-01,-3.986337382325874090e-01,-6.321673518565902317e-01,6.313336777680452760e-01
3.293125843488222682e-01,3.059078112389415072e-01,-1.502160885425484482e-01,-8.805729723058034475e-01
3.827776250166838312e-01,-2.361181856594002371e-01,-8.054746357948220359e-01,-3.859275881285228471e-01
1.257541537712114910e-01,4.320885803244358669e-01,7.801588513919235357e-01,-4.345543903325963520e-01
4.502451425821191178e-01,-6.172571887573918836e-03,9.586093254375967210e-02,-8.877228692274075073e-01
1.139989875899530269e-01,-4.358981079518076118e-01,-6.691999251119675751e-01,-5.909048405137979909e-01
3.900447824075790604e-01,2.260799372547780128e-01,8.687621708205842674e-01,-2.049517510015617106e-01
3.219637286722407121e-01,-3.159597574960579247e-01,3.344314416021255121e-01,-8.274444996073296865e-01
2.189610801311505095e-01,3.947041891724736851e-01,4.822253043039675391e-01,7.508151598938622717e-01
4.390187317609090534e-01,-1.060285119698610168e-01,8.913024421082171855e-01,4.000580588399882398e-02
1.469871981865224220e-02,-4.516719832446913774e-01,5.473829391819878820e-01,-7.043779419317360846e-01
4.317119714673520736e-01,1.345085392429500037e-01,2.587980581577009054e-01,8.535547971022735547e-01
2.447447258266187142e-01,-3.805416314183682203e-01,8.461284634182717479e-01,2.816996793234497476e-01
3.018202671775495061e-01,3.374323354516764462e-01,-7.185653535585095897e-01,5.279278151204331859e-01
4.058546495722299419e-01,-2.012018855108034243e-01,1.592097421664950135e-02,8.913732816657076174e-01
8.592911080152801362e-02,4.450399126531897065e-01,-7.367334928397329952e-01,-5.017762694574816607e-01
4.521225854907213182e-01,3.568815281974353076e-02,-8.350158583870517237e-01,3.115446030340362493e-01
1.548717848387726193e-01,-4.265528659478833307e-01,-2.279415783720185606e-01,8.614580777157835323e-01
3.701391596768532355e-01,2.630090498180869818e-01,-5.714851973957455478e-01,-6.835407166694942305e-01
3.522750029577258468e-01,-2.869202340871662149e-01,-8.879404851508763130e-01,7.169934722524723414e-02
1.828760898321820649e-01,4.161987203610694741e-01,4.542673900063843306e-01,-7.661436544893441836e-01
4.501323797841793040e-01,-6.549824697907072335e-02,-3.629856280655638368e-01,-8.132233728382063376e-01
5.674967561769225094e-02,-4.515891879017773225e-01,-8.733781976350574183e-01,-1.733701346346560035e-01
4.204255853297598211e-01,1.750422467224093670e-01,6.458832521657982273e-01,-6.127294375450161867e-01
2.808293681844732381e-01,-3.588543820654968575e-01,-1.271101733322606286e-01,-8.810229294819418300e-01
2.712876749816237054e-01,3.664542803550872585e-01,7.924972823470295413e-01,4.050460656333703113e-01
4.257077569341300438e-01,-1.640206953363252951e-01,7.882680425091509457e-01,-4.129208281817369763e-01
4.477923964272984003e-02,4.542783762568046724e-01,-1.182012184609202154e-01,8.818471797975281357e-01
4.500662169778868460e-01,7.783678049427326939e-02,6.515018820522232579e-01,6.057451061460679131e-01
1.949735907342420027e-01,-4.133371548792781347e-01,8.706531758849536118e-01,-1.819360949178147058e-01
3.467064267441719583e-01,2.981628732199704257e-01,-3.543085090759253708e-01,8.156954303438845866e-01
3.799339874174260667e-01,-2.549524487872104062e-01,4.611561311908673466e-01,7.602528768295268025e-01
1.446741417583830014e-01,4.343548310643906007e-01,-8.868370256594231282e-01,-6.265272026853789533e-02
4.574621834751352867e-01,-2.381633636102944984e-02,-5.632879532847444581e-01,6.876538478746291316e-01
9.890260800111140560e-02,-4.475503121919126581e-01,2.359623896868206228e-01,8.568773207646384060e-01
4.052968274880516808e-01,2.146197336351446938e-01,-8.356517218302660366e-01,-3.022565985460229365e-01
3.149675931460660383e-01,-3.337165029336640609e-01,-7.292927681744029167e-01,5.075044524198940588e-01
2.379461981799043946e-01,3.926793048522288498e-01,6.943689496618981466e-03,-8.883334708816699177e-01
4.421148024134289867e-01,-1.248762259176448147e-01,-7.210471926328761993e-01,-5.186823456449505265e-01
2.654616533692529239e-03,4.596701686520009988e-01,8.397547934760238864e-01,-2.889778121180595072e-01
4.440403460377236877e-01,1.199000527656207959e-01,2.490970741411653311e-01,-8.522926704435576095e-01
2.339349504674090585e-01,-3.963160747904516668e-01,-5.517864206729555798e-01,-6.955140212629994378e-01
3.199078637256646540e-01,3.312024932559862744e-01,8.863360204528354380e-01,-4.870652969911767882e-02
4.046568619048045989e-01,-2.203022867581176658e-01,4.721070275055105347e-01,-7.515548424050044751e-01
1.046680177805086043e-01,4.489643862450552469e-01,3.407754199379848248e-01,8.193581018721851628e-01
4.608908277153820898e-01,1.866010759159738089e-02,8.655579496993766053e-01,1.950407163253652099e-01
1.407818703675588201e-01,-4.395374390064080705e-01,6.590538383134095790e-01,-5.938310726897526592e-01
3.864085731044722416e-01,2.528739815972882998e-01,1.040791625925395480e-01,8.808579295076679472e-01
3.468275753755267754e-01,-3.053057639836388448e-01,7.790612751050208784e-01,4.237482189570112578e-01
2.020557319348065262e-01,4.158348210284819602e-01,-7.957725267144086789e-01,3.911533823694559042e-01
4.548822171682316839e-01,-8.409177318033968229e-02,-1.403015097503289565e-01,8.754006103203711975e-01
4.008139207082875299e-02,-4.611148234953681424e-01,6.334765134216093774e-01,6.200597620437093838e-01
4.340449694341613207e-01,1.615007850488595631e-01,-8.719261299996654557e-01,1.589568644673973463e-01
2.713921391879813294e-01,-3.755901842094271359e-01,-3.737988711423493871e-01,8.034629576061397271e-01
2.899374134190618180e-01,3.618039753960202720e-01,-4.399157670143249432e-01,-7.690957662214102930e-01
4.261829594137130361e-01,-1.832431336854657700e-01,-8.817872445280361404e-01,-8.509579572548496562e-02
6.319084338131862599e-02,4.598489087464030511e-01,5.786890787885740073e-01,-6.705705395618953846e-01
4.603350190842045442e-01,6.156226435280821863e-02,-2.131245742433533208e-01,-8.595811035999392224e-01
1.820095980054464435e-01,-4.275685781794492102e-01,-8.246687349609083117e-01,-3.224578961127718690e-01
3.638789309785505632e-01,2.894454128629563305e-01,7.394375322408263118e-01,-4.868733022831472357e-01
3.760940586524409435e-01,-2.738319249262844979e-01,2.964141670986391100e-02,-8.846980967273141427e-01
1.639025993036195838e-01,4.356727471727112055e-01,7.049712239367924571e-01,5.351081841399558670e-01
4.638471088187330893e-01,-4.200958168087830236e-02,8.438767014033643488e-01,-2.663703578029604779e-01
8.305532808118029631e-02,-4.585465062726217234e-01,2.699293743820538327e-01,-8.426001702517114111e-01
4.201161680975283863e-01,2.022612960147078809e-01,5.318441124132364806e-01,7.069190997058126813e-01
3.069905742997529052e-01,-3.512949679096014077e-01,8.841271202325183820e-01,-2.584314380747940176e-02
2.570202582779447242e-01,3.896615129150408641e-01,-4.894919136675170424e-01,7.365474585127642637e-01
4.442774219863058760e-01,-1.440736643203813505e-01,3.184862376954400442e-01,8.248799112362378283e-01
2.059324726016801069e-02,4.668615503870303107e-01,-8.571918338090245282e-01,-2.164217433360654252e-01
4.557466289769774304e-01,1.045128693684241744e-01,-6.716728112227007275e-01,5.746544222197322860e-01
2.222091601501381131e-01,-4.116978982917817165e-01,8.113962262262446046e-02,8.800819798905997748e-01
3.378605465966543764e-01,3.239852805158128235e-01,-7.651794539356884250e-01,-4.420228414201936573e-01
4.024714387683889227e-01,-2.395351592944195973e-01,-8.026705735620625060e-01,3.692690059767399502e-01
1.237972097535069149e-01,4.519720600266638466e-01,1.621469697172793212e-01,-8.683915407372435613e-01
4.688790979338087750e-01,1.012093512364573011e-03,-6.151392288420090004e-01,-6.338415388148355145e-01
1.258869643040631536e-01,-4.519350015829793343e-01,-8.725840006761396150e-01,1.360308359399547140e-01
4.023261731348479198e-01,2.418068743298427692e-01,3.928905490095001007e-01,-7.907591937097624424e-01
3.403881756030527339e-01,-3.235999762007490954e-01,-4.185210170086768877e-01,-7.773410471823308798e-01
2.214110946085959541e-01,4.144904371595602988e-01,8.761605358856654480e-01,1.073197094854597688e-01
4.587336429751032174e-01,-1.031153758674748094e-01,5.935781050104751433e-01,-6.531429378893056636e-01
2.275966810112830738e-02,-4.698887890452659866e-01,-1.903015329208541384e-01,-8.616680625423419615e-01
4.471135221425358575e-01,1.471295874553996130e-01,8.131908412842612233e-01,3.422908682157552729e-01
2.610086334450906764e-01,-3.920156260656280645e-01,7.489958261320346367e-01,-4.660509571112272931e-01
3.085395789971722702e-01,3.561589906625238777e-01,-5.215645837720232075e-02,8.804736256197838173e-01
4.256866939027247887e-01,-2.026841821570393720e-01,6.885199615388967187e-01,5.510446656124856624e-01
8.207147262382689934e-02,4.645411209665474273e-01,-8.473824420254200129e-01,2.437392402949016268e-01
4.698818712246186635e-01,4.460210092530289550e-02,-2.904251001360705353e-01,8.323910985218747616e-01
1.681927211103551312e-01,-4.412863803733289014e-01,5.116745880855393391e-01,7.177511093477974002e-01
3.807830981732014397e-01,2.797692508266734213e-01,-8.813192559542150084e-01,3.125303474686959727e-03
3.712586417081406576e-01,-2.927076410764271608e-01,-5.064120566524277223e-01,7.211352762759276613e-01
1.833921175455258123e-01,4.360300609300555852e-01,-2.961350947187488813e-01,-8.297886013096453794e-01
4.693754712972141308e-01,-6.070988702030490070e-02,-8.482895142096332775e-01,-2.374992139870876207e-01
6.649151835479229222e-02,-4.688518337912034872e-01,-6.837343248855061173e-01,5.552154617001052728e-01
4.344600604215934636e-01,1.890284650151012324e-01,-5.830796946844955114e-02,-8.786995368207305424e-01
2.980442647858791982e-01,-3.686476116032012529e-01,-7.508649381456380389e-01,-4.598591081527549917e-01
2.761343582943922015e-01,3.856493253032400870e-01,8.089609256625467371e-01,-3.472846596290939947e-01
4.454921340915769523e-01,-1.635740964365459960e-01,1.837230287584457056e-01,-8.608287414702899820e-01
3.907598751816984683e-02,4.732197527438809503e-01,5.965056023771887483e-01,6.470836106293584855e-01
4.667944347721373344e-01,8.837965534137832979e-02,8.726302124598600551e-01,-1.131746636388181321e-01
2.095891463568328450e-01,-4.266433383599398388e-01,4.115719274514559323e-01,-7.775965535522862959e-01
3.556303378228549694e-01,3.157900439888851607e-01,3.969887233783229719e-01,7.849864103587713693e-01
3.992946116978869364e-01,-2.588517775804015653e-01,8.699647431395635122e-01,1.293093809691054086e-01
1.432707331277597029e-01,4.540463273076154604e-01,-6.079472536051649945e-01,6.353861554373350096e-01
4.760591553519047947e-01,-1.721602576470513193e-02,1.675100935446549033e-01,8.631405781349645867e-01
1.102179634491294857e-01,-4.637077227043198135e-01,8.012297038106755975e-01,3.617431549718073680e-01
4.178472744055991561e-01,2.298274297365567598e-01,-7.579642984031479402e-01,4.450540755444485908e-01
3.329638914169892328e-01,-3.417545607961295362e-01,-7.447328181973483785e-02,8.756669443815373599e-01
2.408937337149428815e-01,4.121595352462128492e-01,-6.717079983942082499e-01,-5.664830901763497906e-01
4.616679428905758886e-01,-1.225239754892240435e-01,-8.502733435810367890e-01,2.211013955926650898e-01
4.822964171289850256e-03,-4.778810455585181249e-01,-3.105711953988536944e-01,8.216763218573522876e-01
4.595920532764874999e-01,1.319577200379057902e-01,-4.912942583897039195e-01,-7.280056705553953345e-01
2.496964268775494489e-01,-4.080851998567022187e-01,-8.779183320184359429e-01,-1.943106709543794899e-02
3.270456351388996707e-01,3.495241466609906311e-01,5.228578695480547989e-01,-7.053323129484210252e-01
4.242106818805033153e-01,-2.222957817098165922e-01,-2.737389694774894910e-01,-8.340844438076412404e-01
1.013770164418304059e-01,4.683342378578069232e-01,8.388610197009541691e-01,2.582594273473389768e-01
4.786750065291278111e-01,2.699326882464287911e-02,6.952329893525981408e-01,-5.355302905329912821e-01
1.535501383579084833e-01,-4.544501007511904667e-01,-3.560045682784662713e-02,-8.767155002685583787e-01
3.973726987531537302e-01,2.691498058203560251e-01,7.361311154919699673e-01,4.772465831381593748e-01
3.654302863158186421e-01,-3.115309393232696955e-01,8.146427980854299422e-01,-3.252172984560346425e-01
2.030951249247178181e-01,4.354162734318887118e-01,-2.050153946617613299e-01,8.527213654026631895e-01
4.740244860662310988e-01,-7.987420216907022141e-02,5.775913600415035765e-01,6.597795989896219071e-01
4.924660040533514194e-02,-4.784328735946321021e-01,8.720686427941922725e-01,-9.040486749946269329e-02
4.482868641215919658e-01,1.749464782970188703e-01,-4.298317625236210970e-01,7.639877440858180435e-01
2.881418993458447209e-01,-3.857275842856835446e-01,3.753357522532548285e-01,7.920300181451352950e-01
2.952398240266316809e-01,3.806430222284700737e-01,-8.632081085718541491e-01,-1.510499825663744189e-01
4.457462485900826610e-01,-1.833305390691038206e-01,-6.217891831070954112e-01,6.173154842408467013e-01
5.806093726154731849e-02,4.787200360093680773e-01,-1.447669780590441768e-01,-8.640014911741485948e-01
4.771487646882435207e-01,7.153420366498289273e-02,-7.887973000652533928e-01,-3.808027487719417570e-01
1.960981575381833819e-01,-4.411096679654956665e-01,-7.663400668189833675e-01,4.238993694562143144e-01
3.731698699838293387e-01,3.066278123780554199e-01,9.657658193769728949e-02,-8.702853535672833152e-01
3.951243973716640490e-01,-2.782035557180736474e-01,-6.545501337029930866e-01,-5.814151826852252958e-01
1.630422922525639473e-01,4.551723403003851143e-01,8.525512001268213957e-01,-1.984736827007969329e-01
4.824043641281474115e-01,-3.598358698931745231e-02,3.303549360833448190e-01,-8.104670426012825502e-01
9.380696433073598683e-02,-4.748191056924226938e-01,-4.707196163427987967e-01,-7.376788685482242869e-01
4.329281579752914388e-01,2.169568628659190035e-01,8.739306798019311762e-01,4.181024501763426493e-02
3.245635281100743841e-01,-3.597217357322753939e-01,5.388201764008837547e-01,-6.891528180061520237e-01
2.604552555954562365e-01,4.088378791100520382e-01,2.513147926095314344e-01,8.377681800194659578e-01
4.636681494094054279e-01,-1.422720612444949850e-01,8.289167347338665115e-01,2.786889927690807123e-01
1.368937693114041614e-02,4.850631234919194901e-01,-7.061638733687288783e-01,5.156151191890845364e-01
4.714426506168164499e-01,1.160155188623072653e-01,1.303316410069105258e-02,8.741352087612216382e-01
2.374746613716068877e-01,-4.237542911510639443e-01,7.209916310157166164e-01,4.941752259500640232e-01
3.454074886682547141e-01,3.419060126107605346e-01,-8.197158774073169951e-01,3.030838590866438143e-01
4.217484496322330134e-01,-2.420298339984304214e-01,-2.260100626693867243e-01,8.440789395901783232e-01
1.210628441241437120e-01,4.712092143730566840e-01,-5.584123672179266418e-01,-6.719235761606906498e-01
4.866841877217444878e-01,8.773709826851093865e-03,-8.709036175519487832e-01,6.773782084204450771e-02
1.381103652843350682e-01,-4.670204965400636121e-01,-4.476591889755272557e-01,7.499457535970672772e-01
4.136023206610904279e-01,2.576041112953373347e-01,-3.535789806499861632e-01,-7.984705045460457340e-01
3.586133176625072028e-01,-3.302535190313491409e-01,-8.558992656962316481e-01,-1.725269501937349015e-01
2.229639204236416039e-01,4.338226933342930192e-01,6.350969931375004540e-01,-5.989463834478057080e-01
4.777730768509777515e-01,-9.945886950820292949e-02,-1.220887900314650554e-01,-8.642540990132201451e-01
3.135703770476851171e-02,-4.872576900356542784e-01,-7.759059118508309094e-01,-3.994580023512241951e-01
4.615560932616314949e-01,1.600419748396031405e-01,7.741207190278505124e-01,-4.026035909356793230e-01
2.772983722559738129e-01,-4.024887753797457002e-01,1.184512922234231130e-01,-8.643365604948695102e-01
3.142882510500549786e-01,3.746446815842948141e-01,6.370613608619882795e-01,5.958330976952955771e-01
4.450288809394230549e-01,-2.032957892881819273e-01,8.542182686296919680e-01,-1.758728709232647569e-01
7.750550255215318818e-02,4.833393430206548436e-01,-3.497639387080581641e-01,7.987747891251487653e-01
4.867760573061013507e-01,5.401142560632082867e-02,4.499672243346348188e-01,7.467672548807188226e-01
1.817609042183388202e-01,-4.550552476186071060e-01,8.693630513900476586e-01,6.399672015256172020e-02
3.904324341298850420e-01,2.965113146102741903e-01,-5.542902179180471123e-01,6.726112614340201690e-01
3.899606278064812748e-01,-2.975420889525967616e-01,2.288794340621964352e-01,8.408410186984628387e-01
1.830652815984841475e-01,4.553370501461173059e-01,-8.184673902624154396e-01,-2.987748391590748787e-01
4.878897404556900574e-01,-5.524914791722500967e-02,-7.165225066597270542e-01,4.954862563811044396e-01
7.668725563332146056e-02,-4.852340390326400632e-01,-9.378015401813767984e-03,8.709644338402248165e-01
4.475261224379181724e-01,2.032179081015782207e-01,-7.054603757082350546e-01,-5.106353981737811187e-01
3.151976276836597202e-01,-3.774542946703522417e-01,-8.241803204062976285e-01,2.809012466908479833e-01
2.800473582088429114e-01,4.045230609591350390e-01,2.466933253023502193e-01,-8.349113567102611766e-01
4.647190826100637828e-01,-1.623137226809883982e-01,-5.389846160031834810e-01,-6.835100682502057712e-01
3.273714992941056945e-02,4.914081704164057762e-01,8.691399062395674946e-01,-4.518973826407876593e-02
4.826287311425592197e-01,9.933458329415455201e-02,4.650437273681840566e-01,-7.354838407966595160e-01
2.243640517668960555e-01,-4.389792301034772803e-01,-3.317352834602780853e-01,-8.043069746807055553e-01
3.635775374744626975e-01,3.333129266267747526e-01,8.480472313370237547e-01,1.937259936330394949e-01
4.182953602416297212e-01,-2.618382421225465273e-01,6.478642282636161154e-01,-5.802944668863294631e-01
1.410838361512378458e-01,4.731487770663163062e-01,9.949200226947152448e-02,8.639021515321695377e-01
4.938807554174863834e-01,-1.001769014059879052e-02,7.625681148053323755e-01,4.176976365682973924e-01
1.219032489555941789e-01,-4.789595945448534842e-01,7.813043128788776936e-01,-3.811835192717084042e-01
4.294274207344151995e-01,2.451508234921667695e-01,-1.400825955674016299e-01,8.578286719861955012e-01
3.508138576439776557e-01,-3.488274843636192668e-01,6.192568552966535300e-01,6.097294240936709242e-01
2.429507138944711486e-01,4.312424698538709911e-01,-8.552772657162661663e-01,1.533156272576526036e-01
4.806019184088677898e-01,-1.194196543045405595e-01,-3.687861688071573107e-01,7.866114058949558174e-01
1.286031749249955461e-02,-4.952958819448149974e-01,4.290537011598082318e-01,7.552678485700090594e-01
4.742284683735477624e-01,1.443429902924940333e-01,-8.642226130067014456e-01,-8.597520634095266734e-02
2.655302465069991347e-01,-4.188858649768839593e-01,-5.692596568459925566e-01,6.557223218711429880e-01
3.332315520734674963e-01,3.676582013435956142e-01,-2.064496903146869622e-01,-8.433046336031065904e-01
4.433309862676046986e-01,-2.234224642968850594e-01,-8.075240543543998895e-01,-3.185042239932341368e-01
9.736642512068115207e-02,4.870563425536298396e-01,7.263048818665437389e-01,-4.751600961931946032e-01
4.956442382032065774e-01,3.584733356141089206e-02,3.161738607473680435e-02,-8.672093742057341847e-01
1.666035554748941383e-01,-4.684395778706405555e-01,-6.895514750195416154e-01,-5.266178695086926043e-01
4.073720314286794486e-01,2.854549902299328146e-01,8.280367524057425932e-01,-2.586863220733773838e-01
3.838049739720871267e-01,-3.168192008335124488e-01,2.670517819425822226e-01,-8.252288662539571940e-01
2.032928251113617912e-01,4.545292421239157665e-01,5.193242124880517174e-01,6.945340579382446311e-01
4.924919969223881533e-01,-7.497051607064249279e-02,8.667827168784258962e-01,-2.277666367918283058e-02
5.889330207524070410e-02,-4.949188467902332911e-01,4.819752908786111290e-01,-7.206155237329947560e-01
4.615995368676292787e-01,1.886348168448502005e-01,3.098215204673006040e-01,8.095390039354682932e-01
3.048784805308271673e-01,-3.949056587296693732e-01,8.396613974388943413e-01,2.146331066342358207e-01
2.996218780604535947e-01,3.992145262888446844e-01,-6.600848815180155871e-01,5.613754905398412598e-01
4.648073865558680628e-01,-1.826026884813142237e-01,7.699294456527157327e-02,8.629498467753899948e-01
5.227931495192635752e-02,4.968909963871928626e-01,-7.487967677644616904e-01,-4.355107478845900992e-01
4.931150922011094950e-01,8.194776098827390165e-02,-7.878893763836345432e-01,3.596559479479068400e-01
2.103868848209243525e-01,-4.537173448391047526e-01,-1.614559348526198035e-01,8.507701868238958243e-01
3.815087223566235308e-01,3.237550087694657797e-01,-6.011519621813241621e-01,-6.230971893918667570e-01
4.138486398439468195e-01,-2.816729572781441759e-01,-8.557313640827899359e-01,1.308185038995158533e-01
1.613944223507827180e-01,4.741374617361057697e-01,3.874099490617523567e-01,-7.739890433206858544e-01
5.002376745339118802e-01,-2.934112795044173036e-02,-4.079957090358324878e-01,-7.631781368696618495e-01
1.049599541514587980e-01,-4.902307430812796740e-01,-8.585169381472219641e-01,-1.077306524477557731e-01
4.448043785156963748e-01,2.318102217672144416e-01,5.837205830134578610e-01,-6.385008746305119720e-01
3.420398393526497549e-01,-3.672053961791868493e-01,-1.840422716801058678e-01,-8.451611606950039102e-01
2.630076723787969639e-01,4.276706204339824624e-01,7.960981225704065745e-01,3.378647420601534335e-01
4.824934754584978558e-01,-1.397117821712969277e-01,7.355074561241462527e-01,-4.546531051783184729e-01
6.205075157845151013e-03,5.025186301071687955e-01,-5.366946146951628166e-02,8.628766495525719282e-01
4.862659691549286456e-01,1.278789444330772629e-01,6.732792772159288397e-01,5.421138235500885250e-01
2.528557555743130014e-01,-4.348743780512290824e-01,8.312862652700482302e-01,-2.364558888268067371e-01
3.520220088471979758e-01,3.596893155553598231e-01,-2.870723481520355280e-01,8.150420654720691438e-01
4.406453885083910227e-01,-2.436630473600564506e-01,4.994473639780582230e-01,7.049909868593137174e-01
1.175998190562395906e-01,4.898514695756661652e-01,-8.638376905674706174e-01,5.144585104862627175e-04
5.037227685119655129e-01,1.707901622286204027e-02,-4.984441917968429614e-01,7.053545685337921922e-01
1.506537277509015227e-01,-4.812233527710987335e-01,2.878545234093407568e-01,8.141666367613459299e-01
4.239434277553235653e-01,2.734749926877534931e-01,-8.307515226117272444e-01,-2.352345767862304426e-01
3.766609633639713128e-01,-3.359869950834780683e-01,-6.717533975698398718e-01,5.422053399459256795e-01
2.236778216843388067e-01,4.527395663061150599e-01,-5.460779157946465956e-02,-8.614018262613063470e-01
4.961895841179124744e-01,-9.510478458202324681e-02,-7.346050019316300306e-01,-4.528868155505633153e-01
4.046072076019455871e-02,-5.038413382584497890e-01,-7.938749073241593290e-01,3.380376716559228556e-01
4.751078950184398630e-01,1.732333477672446664e-01,1.825570233320005231e-01,-8.431699879292783306e-01
2.936201303204216684e-01,-4.120299314165399296e-01,-5.827621840665694330e-01,-6.359298636716644859e-01
3.191308419754921855e-01,3.929135930933333465e-01,8.555841885714163819e-01,-1.083979258523480038e-01
4.639215615154231864e-01,-2.030923714066865948e-01,4.056239671392921076e-01,-7.609201474002922350e-01
7.227403244430155582e-02,5.014881169297434882e-01,3.868099406193928336e-01,7.704960756879438710e-01
5.028679622464161669e-01,6.388912551160115527e-02,8.522540004206606845e-01,1.292482531970183535e-01
1.955670109837415738e-01,-4.679270163736916066e-01,5.976655180487596697e-01,-6.209619795913496887e-01
3.991545822472122862e-01,3.132441675970256134e-01,1.616737897019949743e-01,8.464131949945576938e-01
4.084073985347399516e-01,-3.014860303721982882e-01,7.842013081170865485e-01,3.568443339328092323e-01
1.819486262376638630e-01,4.741616472498876300e-01,-7.441271522880965605e-01,4.339818094288148687e-01
5.057295786725969355e-01,-4.915591717319084397e-02,-7.551897555174617860e-02,8.579732941030944193e-01
8.731294234159649170e-02,-5.007986637982904110e-01,6.566583415941483759e-01,5.571148632484355101e-01
4.596905518628596199e-01,2.176042019711926789e-01,-8.339304150502570012e-01,2.142266805666514784e-01
3.323010153692227409e-01,-3.853403274990609972e-01,-3.067422647437672567e-01,8.043618900764534230e-01
2.830869714945163929e-01,4.231040534047894042e-01,-4.793703661706740782e-01,-7.148767576302182958e-01
4.834320381424984658e-01,-1.602899827184778303e-01,-8.603108957316487615e-01,-2.158120995005315471e-02
2.579969013074915121e-02,5.088987430488086661e-01,5.144411477015501388e-01,-6.897149779901925459e-01
4.976318873603000070e-01,1.106806215862818910e-01,-2.658510830855897455e-01,-8.181903851242197101e-01
2.392947984802634154e-01,-4.504107407220548365e-01,-8.213277234183387066e-01,-2.555169951430807385e-01
3.706123278123346076e-01,3.507456044429105857e-01,6.828646755500283883e-01,-5.228000175243441294e-01
4.369668048616778266e-01,-2.639699388878899988e-01,-3.235255086719638490e-02,-8.592631699688317859e-01
1.381612136834595994e-01,4.917069623729293792e-01,7.200062098713621017e-01,4.698157084795868133e-01
5.109826921137520239e-01,-2.255393021757859905e-03,7.992603725090748901e-01,-3.163454733343832870e-01
1.339404668064829440e-01,-4.933685138050070140e-01,2.033718547730935799e-01,-8.350373342693437895e-01
4.401022105610077895e-01,2.605891861662996689e-01,5.641031684076919239e-01,6.482213631969430123e-01
3.685339919716675849e-01,-3.549979113655838958e-01,8.548398119124674954e-01,-8.607017867390086285e-02
2.441729958575151460e-01,4.499605638625076565e-01,-4.234172832457850366e-01,7.474174491616172311e-01
4.989627294459283435e-01,-1.156083742051991770e-01,3.655131060333015602e-01,7.772200896498935307e-01
2.142625086091520109e-02,-5.119708565548873880e-01,8.454421661058422188e-01,1.505134598059640616e-01
4.880118702781360840e-01,1.570407503807076943e-01,-6.110874197514994943e-01,6.031208689880949159e-01
2.814383726620054982e-01,-4.287819560462661217e-01,1.393607446572993347e-01,8.470637870969712768e-01
3.385265229123503583e-01,3.856234657633971219e-01,-7.718456317856301485e-01,-3.754312941550577709e-01
4.620519921484638748e-01,-2.237359185270346162e-01,-7.521613598069307738e-01,4.131627816319964897e-01
9.267870422694154953e-02,5.051777935492761662e-01,9.715089377485687516e-02,-8.525067498420446643e-01
5.118550508254876563e-01,4.519394740380067860e-02,-6.397034265665159092e-01,-5.716130160358127155e-01
1.799298296739264280e-01,-4.815677345462545667e-01,-8.359712192886790127e-01,1.920153482367993325e-01
4.164693121275718779e-01,3.017941007433496692e-01,3.260491065750226181e-01,-7.931996047112791492e-01
4.019726462520651356e-01,-3.212296678042240172e-01,-4.591095902897795455e-01,-7.241877355295730512e-01
2.027001146819261967e-01,4.732095856440716730e-01,8.562088220614465506e-01,4.349488000501209456e-02
5.103328123324915033e-01,-6.942052808290870292e-02,5.299572873237402559e-01,-6.737109799832289303e-01
6.899594422056090637e-02,-5.106295030338663388e-01,-2.438279365292357614e-01,-8.216112266031879718e-01
4.740443338157810937e-01,2.025562635162199976e-01,8.114004654129833849e-01,2.754672655962844829e-01
3.216089603238337924e-01,-4.031859218486215091e-01,6.934140715239316410e-01,-5.031756298501586233e-01
3.031408511022595786e-01,4.175415858995338292e-01,1.024305105808734871e-02,8.565393910045944192e-01
4.834037540654794740e-01,-1.811085385698352757e-01,7.050140343268254117e-01,4.862876918190650044e-01
4.588315112685762559e-02,5.144107009532071784e-01,-8.040457066755103410e-01,2.945961112509450919e-01
5.082908794991947143e-01,9.278014472631083975e-02,-2.238867133677721610e-01,8.263818524991198844e-01
2.248689287357270583e-01,-4.654523380022346779e-01,5.451906950214979730e-01,6.599660536720627357e-01
3.889556987972705437e-01,3.408364990147429996e-01,-8.535027501405725303e-01,6.385139634322398172e-02
4.322918657882678928e-01,-2.842955118987956498e-01,-4.407793373707691864e-01,7.334939539181530854e-01
1.590056018284058681e-01,4.926068965460049798e-01,-3.441219199019021624e-01,-7.833490718099619388e-01
5.173966812498776990e-01,-2.211675369742249417e-02,-8.380901864290154490e-01,-1.715119903939025525e-01
1.164942234809686755e-01,-5.048383038984524118e-01,-6.239796861346385004e-01,5.849929350888076751e-01
4.558048474443260889e-01,2.468171364770984089e-01,-1.171195131717837623e-01,-8.471164393528817227e-01
3.594313310015539997e-01,-3.738047842550324962e-01,-7.590434116791924257e-01,-3.936142791476344160e-01
2.647309529841279097e-01,4.461866891723860751e-01,7.596079352415623376e-01,-3.922126281184104557e-01
5.007934730894015862e-01,-1.364370807315770096e-01,1.185504239480497102e-01,-8.464848594595402176e-01
1.827717360766540310e-03,-5.192783259117880190e-01,-6.224294776235027582e-01,-5.856007386204643561e-01
5.002733709392320760e-01,1.400857425529004330e-01,8.374111539781817770e-01,-1.698384475183105646e-01
2.683507480367108289e-01,-4.451173750716070354e-01,3.449807910801830912e-01,-7.815667931937686497e-01
3.577614991247763943e-01,3.773492439789599695e-01,4.386814702008714484e-01,7.329207498187658709e-01
4.591909717680024428e-01,-2.444862659931179572e-01,8.515383741484395808e-01,6.521130684269370315e-02
1.134500199550270011e-01,5.079400716715545272e-01,-5.449841560807774377e-01,6.573570157710517670e-01
5.200455975252310514e-01,2.589865936927067055e-02,2.218017542496539263e-01,8.244306021426401898e-01
1.635022686383026114e-01,-4.946001545062722604e-01,8.009805539372867322e-01,2.950726139898743328e-01
4.334078230413237476e-01,2.894202899574953025e-01,-7.033974006172195592e-01,4.833483748730709739e-01
3.945473038914362185e-01,-3.408562907289504618e-01,-1.170506980391874952e-02,8.532364299556046694e-01
2.236022521873653468e-01,4.712714285623920696e-01,-6.896423568770937429e-01,-5.022934332026522952e-01
5.140254708243628956e-01,-9.009263305782530540e-02,-8.082313110407647327e-01,2.728063061328068195e-01
5.004392645025659836e-02,-5.196908823886958739e-01,-2.440881834079038082e-01,8.172135283438041187e-01
4.878252102435411963e-01,1.866914906693524501e-01,-5.260406634625395261e-01,-6.711587531623135483e-01
3.099770681152648755e-01,-4.206964538775724849e-01,-8.515779576852939847e-01,4.175754928206082406e-02
3.231216745736243401e-01,4.109839572394970997e-01,4.576999562393860854e-01,-7.191629303370440374e-01
4.823966569299553697e-01,-2.021213390399512200e-01,-3.226530884191402548e-01,-7.888823830084498168e-01
6.641419989735269924e-02,5.190306975406121515e-01,8.302071895688838410e-01,1.922298401670129164e-01
5.182090189993684426e-01,7.421094387091561884e-02,6.363361591163203546e-01,-5.665937177895542520e-01
2.096013376544459683e-01,-4.799575725425810901e-01,-9.496633595378439763e-02,-8.465751017175103810e-01
4.070058561598901004e-01,3.299732805304921857e-01,7.458072527393351248e-01,4.113823148227272464e-01
4.266191307067925265e-01,-3.045921711936809828e-01,7.664652024293595600e-01,-3.711479759171817938e-01
1.800874927884408283e-01,4.925372158565007874e-01,-1.397030268964189192e-01,8.399158590081975406e-01
5.229390803501960949e-01,-4.246496120322218459e-02,6.048516151773277727e-01,5.990709214524418957e-01
9.834682383754077273e-02,-5.155973211272220080e-01,8.382531501856833600e-01,-1.477124263265559845e-01
4.710087459231168672e-01,2.321800964799367040e-01,-3.635255865142452136e-01,7.694753485407925808e-01
3.493621286520803282e-01,-3.923609048136514899e-01,4.181024894988685792e-01,7.410730947162692539e-01
2.853042382071961369e-01,4.414143278695329409e-01,-8.463068648222946688e-01,-8.671547363163237265e-02
5.016657010748376555e-01,-1.575461271424712928e-01,-5.595137212843601660e-01,6.406677281415283920e-01
1.829601052614281478e-02,5.257362974308766868e-01,-1.997891275507447384e-01,-8.266504134608608778e-01
5.118555954016830167e-01,1.223984825007593535e-01,-7.900791246798037903e-01,-3.143205969749598983e-01
2.543765294023834223e-01,-4.609926908061540152e-01,-7.128109387902001881e-01,4.633345290969943520e-01
3.767887160735474139e-01,3.680979268511949676e-01,3.347637574697732293e-02,-8.493606489320936204e-01
4.553327227633944263e-01,-2.652961977080972034e-01,-6.739052864404231347e-01,-5.178240086845639079e-01
1.345440083423631861e-01,5.097568159246820274e-01,8.118180515079915782e-01,-2.509927283473928905e-01
5.274104196233775355e-01,6.040816185995328581e-03,2.639631587013536729e-01,-8.075426977323886257e-01
1.463127578906009696e-01,-5.069861533522848074e-01,-5.066690803470481619e-01,-6.817947346582960977e-01
4.499258036871752187e-01,2.761399909718789680e-01,8.490708221433910241e-01,-1.980443251512413461e-02
3.861362098672811993e-01,-3.603185972050719776e-01,4.741693599500209078e-01,-7.044378993368313191e-01
2.446081591468235450e-01,4.683392500808599146e-01,3.011232964516694643e-01,7.938198508771243667e-01
5.167874377633321359e-01,-1.111291567614465237e-01,8.218026723948147483e-01,2.126532913741068231e-01
3.049305316558230741e-02,-5.279519482359554816e-01,6.481511278767116968e-01,-5.479388921172200222e-01
5.009938178539736775e-01,1.700365285301938534e-01,7.291730565825607635e-02,8.454441672712873501e-01
2.974205441153332519e-01,-4.378268917342094113e-01,7.321500360811403763e-01,4.287248038997569788e-01
3.429819910723693743e-01,4.034338379617321002e-01,-7.727319522952359465e-01,3.499854598258237415e-01
4.804006917800851539e-01,-2.232819378604451177e-01,-1.605944269137574987e-01,8.328083702789866871e-01
8.735074526887838531e-02,5.227366797570948131e-01,-5.869851223089036507e-01,-6.120168928432460076e-01
5.273538475313930274e-01,5.500771928862623061e-02,-8.385005903371638425e-01,1.256536124300757507e-01
1.935168324606588164e-01,-4.938859239408361357e-01,-3.816721199238180540e-01,7.569374627803533429e-01
4.247171418497412976e-01,3.181690751102104198e-01,-3.973891685940652008e-01,-7.486425300145708173e-01
4.199490995288774342e-01,-3.248124156607703483e-01,-8.405220081950883770e-01,-1.079926024188506695e-01
2.013609694123248417e-01,4.914857599003543687e-01,5.735383770208766219e-01,-6.236579494376374155e-01
5.275859478976289152e-01,-6.325899456567771195e-02,-1.778065559376474924e-01,-8.282730201166111916e-01
7.953143418111620344e-02,-5.256115718043075091e-01,-7.787076340074524650e-01,-3.331991105945745768e-01
4.856723139650122034e-01,2.167009864083931647e-01,7.216514242586111738e-01,-4.431504347318391268e-01
3.383374071918399117e-01,-4.106200842411426577e-01,5.505564417862564980e-02,-8.449188253060625486e-01
3.058453986753574827e-01,4.356418109199479138e-01,6.578171476273658724e-01,5.328709083585783102e-01
5.015651753784265976e-01,-1.788902199258199655e-01,8.148072565213781981e-01,-2.291719851609376746e-01
3.890506572349730630e-02,5.313189930950618090e-01,-2.834988517452088352e-01,7.973800376838187098e-01
5.227230869653656242e-01,1.040105357206604075e-01,4.870920466157395712e-01,6.918697282987530395e-01
2.395367048212984629e-01,-4.763653270924051442e-01,8.459871587352286726e-01,1.992346002809087472e-03
3.955615505630074025e-01,3.578784125281788686e-01,-4.901781683010169033e-01,6.893326228197531602e-01
4.504734132497514310e-01,-2.861184073379737791e-01,2.795491946842872388e-01,7.981617684961279657e-01
1.559160925945086429e-01,5.106117426749611221e-01,-8.128864919452667426e-01,-2.327689230232801443e-01
5.339219582120761087e-01,-1.434095015967048158e-02,-6.594193318642936896e-01,5.290442556640688743e-01
1.283911986551684314e-01,-5.186888865643730639e-01,5.098835489297379869e-02,8.437284674157961017e-01
4.659797831345779406e-01,2.619722185124823133e-01,-7.180849081445839222e-01,-4.456315329198378139e-01
3.767461222995450165e-01,-3.795696267086662856e-01,-7.784074423140630028e-01,3.287417094963441255e-01
2.656707735290553818e-01,4.644070659507383292e-01,1.812106219814986208e-01,-8.251713929048791751e-01
5.186004200237227524e-01,-1.324863305730760443e-01,-5.688454324111406057e-01,-6.244324227548425643e-01
1.038064272456977639e-02,-5.353834199142936123e-01,-8.381573041728432871e-01,1.036782011765823019e-01
5.135120021945573932e-01,1.526195540867449352e-01,3.994093848222142196e-01,-7.439656165633197205e-01
2.839563926375450187e-01,-4.545329607330720334e-01,-3.765580517988390552e-01,-7.556272813450841674e-01
3.626746003316748679e-01,3.948958346346031489e-01,8.341919124182538559e-01,1.290281648264301195e-01
4.774077368542277711e-01,-2.445436144212813911e-01,5.870509486985645564e-01,-6.063426894666211764e-01
1.086499164461033617e-01,5.255083851317262633e-01,1.558704346240650795e-01,8.293012362360284717e-01
5.356944252211011115e-01,3.520639997975102270e-02,7.668778490777979906e-01,3.516963985901905287e-01
1.766418095526088583e-01,-5.071980082329581307e-01,7.299160585622327391e-01,-4.228124868253954061e-01
4.420445699267310791e-01,3.054388437327371086e-01,-7.642787701433156888e-02,8.399181451502176765e-01
4.122842201446618726e-01,-3.449089032008422762e-01,6.413924689641999910e-01,5.474260416426202092e-01
2.227797487740201532e-01,4.894422885782188093e-01,-8.172007145810782358e-01,2.073606080615966740e-01
5.313150961627287616e-01,-8.445696849337144818e-02,-3.026828026260247051e-01,7.867365569597963848e-01
6.008252137563827727e-02,-5.348485226563179928e-01,4.673257447600455694e-01,7.013799232384463345e-01
4.997550208848740017e-01,2.004043694330520653e-01,-8.423332044512934491e-01,-2.361737689320067904e-02
3.263700555542917159e-01,-4.285367191384987229e-01,-5.057174068041698778e-01,6.738610922458468933e-01
3.263070484956060446e-01,4.288694248131779685e-01,-2.579473868199839148e-01,-8.019088927024327074e-01
5.004795610177275034e-01,-2.004236090534317338e-01,-8.034688566542671495e-01,-2.525636203497741983e-01
5.995863397495552333e-02,5.360023478487359050e-01,6.701359634563777146e-01,-5.099257159576211507e-01
5.328417879067762764e-01,8.495483725374379513e-02,-2.919524437320236004e-02,-8.414332667499478946e-01
2.238539554112752572e-01,-4.911936915150955651e-01,-7.036252696661111639e-01,-4.620926789614745456e-01
4.140338766390231351e-01,3.467014934461088438e-01,7.834913956172128158e-01,-3.074333365646807481e-01
4.446111699931522554e-01,-3.069055631702042874e-01,2.015378937703853901e-01,-8.170142961950523919e-01
1.775211495644689885e-01,5.104904497341840042e-01,5.504481167552438547e-01,6.363117262380959538e-01
5.395543225850383262e-01,-3.520697966739440299e-02,8.372275643722840721e-01,-8.180224335403674107e-02
1.097689276867535590e-01,-5.296728439112206033e-01,4.167267485716289466e-01,-7.305725685805746217e-01
4.815271942567011521e-01,2.469377267222837291e-01,3.556256944225839600e-01,7.620260400924333544e-01
3.663857169770998179e-01,-3.985628265501896528e-01,8.273250721581656419e-01,1.498078925356938762e-01
2.867429155139056274e-01,4.594708492821772405e-01,-6.000446972566387815e-01,5.887371233043563468e-01
5.194479800504330225e-01,-1.541197507914703058e-01,1.339970421463237693e-01,8.297383269040525811e-01
1.025487987537774398e-02,5.419576363759824877e-01,-7.546018377394971832e-01,-3.698010604266482870e-01
5.253428753133914109e-01,1.344702426931644601e-01,-7.376025072854358600e-01,4.023371203775991112e-01
2.696033999113845447e-01,-4.707712079064756416e-01,-9.757831160011799787e-02,8.343661963836803697e-01
3.821526194723355307e-01,3.853764905815251773e-01,-6.246459709813280137e-01,-5.614817422448339368e-01
4.734116220417165510e-01,-2.658594380557722237e-01,-8.190006714128610366e-01,1.855750401799307336e-01
1.302681201408371348e-01,5.273273766717146982e-01,3.215028876646398026e-01,-7.756235864843190608e-01
5.432013795061766404e-01,1.484409781990055251e-02,-4.473864260149282845e-01,-7.103219691661586399e-01
1.590042232389620447e-01,-5.198556372250611179e-01,-8.381156118935711996e-01,-4.505546068752049743e-02
4.589438921242144365e-01,2.917993678358083431e-01,5.207785123784083314e-01,-6.580375170591962197e-01
4.036288919527822316e-01,-3.648345178207090811e-01,-2.363344168469841133e-01,-8.050624420509853163e-01
2.442972459744947866e-01,4.863985033352561937e-01,7.935603173325379567e-01,2.720245840316305452e-01
5.341061286567396760e-01,-1.060161893005518718e-01,6.802966702738298954e-01,-4.905992777734595189e-01
4.003580883522037809e-02,-5.432771518280606893e-01,-7.553551224925320051e-03,-8.385642576310967655e-01
5.132174582590236511e-01,1.833164227521565381e-01,6.887847644888371867e-01,4.780988160365566286e-01
3.134748176314703927e-01,-4.460658579721343830e-01,7.879839997547398722e-01,-2.860769218112886314e-01
3.466419359771149011e-01,4.210994179342186228e-01,-2.215628173935742795e-01,8.083468107106761558e-01
4.983984500742281165e-01,-2.221001511730849309e-01,5.318088719718553348e-01,6.476494665361215430e-01
8.141500843637479445e-02,5.397640495751871992e-01,-8.357160818553284187e-01,6.004163318796367638e-02
5.421790925653102722e-01,6.526564963713107903e-02,-4.336139594694186639e-01,7.167713447925728731e-01
2.073526288835167153e-01,-5.054372378026718016e-01,3.346086498870929349e-01,7.678379629571833176e-01
4.321601328354049976e-01,3.345798473835283615e-01,-8.199303607972079355e-01,-1.703177875486312776e-01
4.377460876564049919e-01,-3.276103753760112314e-01,-6.125133230364876447e-01,5.708565790023790720e-01
1.993135721993937459e-01,5.093804431607255045e-01,-1.122025280901387950e-01,-8.295880042241942087e-01
5.442833326986133979e-01,-5.651663745297146046e-02,-7.418919582251134459e-01,-3.875020590376347385e-01
9.047867729340551557e-02,-5.399039045448141838e-01,-7.447089004198977902e-01,3.817407974632613943e-01
4.965264375194616830e-01,2.310589852326286331e-01,1.184924314453877914e-01,-8.282709616288983501e-01
3.550655812290088864e-01,-4.172521197837180673e-01,-6.075925541910772720e-01,-5.750307727887812304e-01
3.077773546460620402e-01,4.535285426845506174e-01,8.202098268023091387e-01,-1.638316237923133356e-01
5.193155654257691767e-01,-1.759844402042795852e-01,3.399473277763433998e-01,-7.640527695455486823e-01
3.137403454165132999e-02,5.476486010838329532e-01,4.272903975258550702e-01,7.186929774734804877e-01
5.364508727825224588e-01,1.156197302728641518e-01,8.333414428167318366e-01,6.629161897727128827e-02
2.543821127740469867e-01,-4.864990670732185496e-01,5.353533387177483727e-01,-6.418763129772431242e-01
4.013695514479913018e-01,3.748842826232360315e-01,2.147267563792950584e-01,8.076240944321354531e-01
4.684081439361335586e-01,-2.871823349490813526e-01,7.831717579094595871e-01,2.911393391496704397e-01
1.521611011264407953e-01,5.281770751760144211e-01,-6.898975571468206613e-01,4.710810304027847617e-01
5.498469524139838471e-01,-6.040942273706139884e-03,-1.392134253580370150e-02,8.351275544247721561e-01
1.406335502252621106e-01,-5.318218773598343274e-01,6.735772682077127982e-01,4.936409211829332899e-01
4.753716640870699894e-01,2.772692307047247562e-01,-7.918859051050048947e-01,2.646890023849256535e-01
3.939894655156029879e-01,-3.845424384905123949e-01,-2.412722709285128886e-01,7.991790195841594890e-01
2.658666406707257401e-01,4.823480651365393834e-01,-5.129435074745222201e-01,-6.584407578341689993e-01
5.359404751647446341e-01,-1.278932143144733136e-01,-8.336280007634185862e-01,3.841209647605518807e-02
1.942822852202177181e-02,-5.508679984796684970e-01,-4.500611535309327338e-01,7.025752274809483611e-01
5.260214005412962024e-01,1.654649044663952240e-01,-3.135234568747967132e-01,-7.730626711669484896e-01
2.996682764348495565e-01,-4.631632683633996606e-01,-8.120170223665690301e-01,-1.905441322225143175e-01
3.668030127668532314e-01,4.123360031729701447e-01,6.244509693147950458e-01,-5.527165252046595256e-01
4.953133825949821434e-01,-2.438733756169723377e-01,-9.050290094200773294e-02,-8.288544230494164777e-01
1.032316478022207856e-01,5.425835768151651139e-01,7.287608486525125606e-01,4.047887282691673971e-01
5.507038991909560810e-01,4.497851685390968912e-02,7.512338323821139419e-01,-3.610399943524013056e-01
1.900587089008695663e-01,-5.190565280953843841e-01,1.391559767338720055e-01,-8.216408107876226330e-01
4.498953903977904734e-01,3.215280244571531165e-01,5.902472869484284290e-01,5.880663291139186510e-01
4.298802343944377324e-01,-3.481856652914983030e-01,8.208313310903057047e-01,-1.421465879401153098e-01
2.212473348917549654e-01,5.072711610823108508e-01,-3.580046965630963585e-01,7.520360517796107480e-01
5.480865595344528440e-01,-7.822837046229869085e-02,4.070540095019878346e-01,7.264905220722811530e-01
7.055453135430821143e-02,-5.493493910234851230e-01,8.280181613749117986e-01,8.731110536930966615e-02
5.109369447963850730e-01,2.143601511000487181e-01,-5.494341613328974638e-01,6.253920901505836127e-01
3.427982038190683367e-01,-4.355919742384156135e-01,1.931407920770859266e-01,8.095959843485736052e-01
3.287268791213446839e-01,4.465800668756285119e-01,-7.723143859439292047e-01,-3.098957438826027144e-01
5.181905356017495468e-01,-1.980349126423725514e-01,-6.989351877292363513e-01,4.513871348868919720e-01
5.293634125589562894e-02,5.524320249695335860e-01,3.521426136287635761e-02,-8.311296874490570197e-01
5.468018098144614703e-01,9.610057151822545829e-02,-6.580168766716739670e-01,-5.087103802290210419e-01
2.383148132682975096e-01,-5.016749240936768661e-01,-7.951982229429329641e-01,2.432860590763503139e-01
4.202793547567299504e-01,3.634296139251267932e-01,2.606534446771278657e-01,-7.895213495944536364e-01
4.623950774761971805e-01,-3.084651572921676688e-01,-4.938679328173041783e-01,-6.686811676705594065e-01
1.742840058568964623e-01,5.280427888580369045e-01,8.309688931239787024e-01,-1.692917888763654718e-02
5.556050460599241125e-01,-2.740939583882896075e-02,4.660588609619724654e-01,-6.879977441324417464e-01
1.215607501082857089e-01,-5.430611078374245615e-01,-2.923866265167022749e-01,-7.777002493388326387e-01
4.912853119511496058e-01,2.618687948163386237e-01,8.035946632165967829e-01,2.104734990736467082e-01
3.833742384108516088e-01,-4.039862094000233883e-01,6.358522254942876595e-01,-5.343325586855639520e-01
2.874409459559011393e-01,4.772866091516466680e-01,6.891401607706608423e-02,8.275421763877838233e-01
5.368014242327333596e-01,-1.500439144191093865e-01,7.152214163328868279e-01,4.216507800375560722e-01
1.702130749744243301e-03,5.575932107624794742e-01,-7.571763616744491276e-01,3.402511886591195744e-01
5.381298650957682117e-01,1.468791164683067030e-01,-1.595549546296547716e-01,8.144844933395779529e-01
2.849688342610053882e-01,-4.797855048742340478e-01,5.726253932200952024e-01,6.005820442304543594e-01
3.867435045162774254e-01,4.025853568213430544e-01,-8.208687813387661736e-01,1.205360361506430805e-01
4.912178643252252952e-01,-2.656965528667328269e-01,-3.756639281144344977e-01,7.395856709510623128e-01
1.253652376363503795e-01,5.444422340844632391e-01,-3.866936423679017687e-01,-7.337126398596015564e-01
5.583866603284568519e-01,2.413021456043429325e-02,-8.221536270799264523e-01,-1.080994162418150439e-01
1.719997804668240149e-01,-5.320132947886400121e-01,-5.630136822656750528e-01,6.085996412003095157e-01
4.671954221490973724e-01,3.075624301835755969e-01,-1.715928131590081784e-01,-8.109806998533798383e-01
4.210176538328094242e-01,-3.685844363556561865e-01,-7.609997229129175089e-01,-3.282819979285535039e-01
2.432760613854492715e-01,5.041539944741916246e-01,7.074065857633765608e-01,-4.315338112258443326e-01
5.509433632069073994e-01,-1.002997674511851289e-01,5.631024734697152173e-02,-8.265775966182624668e-01
5.003187759615495417e-02,-5.579781220278295928e-01,-6.421178943380191351e-01,-5.232989932470808458e-01
5.247192429174993844e-01,1.968670367902825014e-01,7.979225231604710755e-01,-2.218845036741583787e-01
3.295979609674150046e-01,-4.535374723367656125e-01,2.796938501808767796e-01,-7.793845619997211704e-01
3.495443668556693084e-01,4.386273257698034556e-01,4.745981450105025146e-01,6.783667189950359777e-01
5.160621857138844026e-01,-2.202252401831094886e-01,8.277447532044690526e-01,4.391765587163667245e-03
7.490037856869254107e-02,5.562853672826263418e-01,-4.815980123195285345e-01,6.730526561624872173e-01
5.563629362272946022e-01,7.594669433256023838e-02,2.712146296266516599e-01,7.817512439957983172e-01
2.214254893171458127e-01,-5.162581820108641528e-01,7.946732434318313221e-01,2.300927603403320754e-01
4.388365140795300601e-01,3.510248030382275286e-01,-6.467121299485850683e-01,5.157203918208630444e-01
4.553721841656926950e-01,-3.296607543379505567e-01,4.745156388906026507e-02,8.256562904877443598e-01
1.965914488231637058e-01,5.269117401777165810e-01,-7.012868269048180281e-01,-4.380783111753787651e-01
5.604512661831327902e-01,-4.922091573938126852e-02,-7.625360102021576658e-01,3.193908465070266489e-01
1.018182220966052098e-01,-5.535390777412073637e-01,-1.796756493468687765e-01,8.068111303733240813e-01
5.066431989607429465e-01,2.456201752896636503e-01,-5.547422402553481291e-01,-6.125719919437858652e-01
3.717934473440956400e-01,-4.231198112822102675e-01,-8.203262171658901591e-01,9.901593428737016922e-02
3.089730792576789176e-01,4.712117561208846728e-01,3.929143245198759016e-01,-7.267141465353414986e-01
5.366741529927263610e-01,-1.724235394226662221e-01,-3.662256939209434514e-01,-7.403578308322424917e-01
2.331607843128769356e-02,5.634265919790137911e-01,8.157560874763326586e-01,1.286423012962923107e-01
5.495071713865523622e-01,1.275898635560449579e-01,5.760850344708767778e-01,-5.915139291438442637e-01
2.693966890000194514e-01,-4.958899769790944267e-01,-1.500989990185624956e-01,-8.117812791516724191e-01
4.064169827505568766e-01,3.918556138036477510e-01,7.492395942849995327e-01,3.462866506496452557e-01
4.861073812284714135e-01,-2.875227651468619805e-01,7.153092359962636149e-01,-4.115373255683397180e-01
1.477717546035042517e-01,5.453231846610794298e-01,-7.719457120561215580e-02,8.214786247912246875e-01
5.651994315320603146e-01,2.758696854652155622e-03,6.258948225021616629e-01,5.373989796719823575e-01
1.532049915376812732e-01,-5.442705016859163969e-01,8.000608316497154204e-01,-2.005006663890812890e-01
4.840167716902616379e-01,2.927013047204218843e-01,-2.983813289660719459e-01,7.687797431396985459e-01
4.111643634549602133e-01,-3.887599463835971769e-01,4.551502157985040098e-01,6.874938918791025921e-01
2.653530949177489440e-01,5.000223048325667108e-01,-8.239619915595810529e-01,-2.553558600598433356e-02
5.528349286722784584e-01,-1.226876219405073909e-01,-4.966699443592808016e-01,6.577539474854172674e-01
2.894735636955674332e-02,-5.657604635547750505e-01,2.500238839933703883e-01,7.852166617376186153e-01
5.378350166782339681e-01,1.786070743901924385e-01,-7.852630679986180029e-01,-2.493890972955669916e-01
3.154810985944921931e-01,-4.710443813932104207e-01,-6.570261725216097748e-01,4.968958399997970843e-01
3.701828580165645310e-01,4.296742080555778776e-01,-2.613105806798559153e-02,-8.232022196075199361e-01
5.129217674007569006e-01,-2.425091226922892751e-01,-6.869704932913807127e-01,-4.540618099824042520e-01
9.722384513501167169e-02,5.591878741752750459e-01,7.673127622368464129e-01,-2.984754097425126318e-01
5.651029900350866830e-01,5.519335073996433499e-02,1.995046320000202489e-01,-7.986302063521242278e-01
2.037398016321148586e-01,-5.302093258029385581e-01,-5.366133261810158706e-01,-6.240306901326623246e-01
4.569961115424958087e-01,3.376840692089852491e-01,8.192081162568581876e-01,-7.760209853083814557e-02
4.473412168653952414e-01,-3.507220450454853755e-01,4.097455630897388623e-01,-7.134342691101772660e-01
2.190375813468058985e-01,5.247730897923800208e-01,3.456665665010861810e-01,7.464250578529971758e-01
5.643629635525305721e-01,-7.143419214707381892e-02,8.088341705393226055e-01,1.489257738958105481e-01
8.143975817358997671e-02,-5.632229619352598915e-01,5.886417858609369613e-01,-5.741500752207098213e-01
5.214046918464576574e-01,2.285472095826168448e-01,1.286754069513662557e-01,8.120012068700391827e-01
3.592592565825054041e-01,-4.418977334998286377e-01,7.370461193832187341e-01,3.638986089416089698e-01
3.304159349460268347e-01,4.641231203799730531e-01,-7.226410847457233055e-01,3.914139773948094314e-01
5.355457542233695856e-01,-1.949867859518233382e-01,-9.785274306440390479e-02,8.158405108305616382e-01
4.537338052714434689e-02,5.683436447494060184e-01,-6.093623473972770155e-01,-5.510029831017073665e-01
5.601189990871323632e-01,1.076294089648780067e-01,-8.016156273440346869e-01,1.791507833790568494e-01
2.529738067063875273e-01,-5.114350169454370265e-01,-3.167040610210458684e-01,7.577182948136317320e-01
4.257774376388357984e-01,3.801568592833848292e-01,-4.355402789029788613e-01,-6.960596248818168297e-01
4.799794107533132959e-01,-3.093049788483887008e-01,-8.196274287775161538e-01,-4.648734567662132777e-02
1.704065333224554502e-01,5.452114807242443018e-01,5.112664055640536720e-01,-6.421158129411802529e-01
5.711159182243356058e-01,-1.909696018412266119e-02,-2.288307417475680949e-01,-7.880979670661242276e-01
1.337050110319617235e-01,-5.557924042189160696e-01,-7.753747777322256285e-01,-2.683500093053879931e-01
5.003168226548873054e-01,2.769646983931672857e-01,6.667902966853630486e-01,-4.778748089811237221e-01
4.003283494276035359e-01,-4.086657808736506303e-01,-4.967824036863742118e-03,-8.201858404726570795e-01
2.874315703032973013e-01,4.948714386893637296e-01,6.722860645009485214e-01,4.695921624562386931e-01
5.537442989099656820e-01,-1.453479978782324378e-01,7.715070630381366534e-01,-2.775212831834142357e-01
7.338806145245426599e-03,-5.726683783935188066e-01,2.190287702042925666e-01,-7.899515606259002176e-01
5.502471710616960721e-01,1.596092762063052450e-01,5.182542675251182729e-01,6.349531036852273935e-01
3.004657108766936591e-01,-4.880692241115630048e-01,8.175193895545583844e-01,-5.631018349146290486e-02
3.905956287255109571e-01,4.197265852707244838e-01,-4.261477032767449491e-01,6.997590895654413057e-01
5.087625065612544351e-01,-2.648399594189093653e-01,3.250326541847396444e-01,7.519137460680735963e-01
1.198636240403195552e-01,5.611206148809906313e-01,-8.013968768033337131e-01,-1.689361211741363666e-01
5.729922494593737703e-01,3.387706446826302398e-02,-6.006779430130708697e-01,5.565233466262544670e-01
1.852850470017425588e-01,-5.434899864947486670e-01,1.073379599941180207e-01,8.116444099984925220e-01
4.747138983189972961e-01,3.234235140342778259e-01,-7.244317010528853462e-01,-3.811071448059235034e-01
4.383059211523571697e-01,-3.716020920222108948e-01,-7.294005401149017409e-01,3.711800867066948895e-01
2.415761625329939932e-01,5.216179575449185757e-01,1.182705230459304979e-01,-8.096713823774075447e-01
5.673192730907452574e-01,-9.400701538868481977e-02,-5.925353281880375578e-01,-5.641040757578291709e-01
6.046049289422362333e-02,-5.720814155227275100e-01,-8.025898389267828170e-01,1.578509843617735831e-01
5.355302267078611012e-01,2.106754235660318053e-01,3.346505730062260819e-01,-7.462119244384296524e-01
3.457857427645736337e-01,-4.602750466169681087e-01,-4.157845172565128311e-01,-7.040613160600919240e-01
3.517224583658679071e-01,4.560223145237197184e-01,8.147482889304595854e-01,6.723233316186813524e-02
5.334052605488575072e-01,-2.176878676139429591e-01,5.253795613434226741e-01,-6.261526465927399476e-01
6.783282082424903214e-02,5.723216130214945352e-01,2.076514767963329733e-01,7.903970798730231007e-01
5.699324448908994478e-01,8.703142649745485016e-02,7.650193399680351725e-01,2.869633226343948906e-01
2.357238905514014993e-01,-5.263799473629395820e-01,6.760009013435908098e-01,-4.586732822174765523e-01
4.447793513869092719e-01,3.675011166885622238e-01,-1.602301244030441760e-02,8.166134464266663340e-01
4.728334298189583729e-01,-3.309961184940696799e-01,6.572474142679516351e-01,4.846606582193274670e-01
1.932243355816051222e-01,5.440940907384927971e-01,-7.751198171257357439e-01,2.565448219346201375e-01
5.761115205265202599e-01,-4.139661796718209497e-02,-2.382352374420424468e-01,7.807853786915029959e-01
1.135319834143162648e-01,-5.665446085080251271e-01,4.996807866727411840e-01,6.453346470960711345e-01
5.160538677600116086e-01,2.603744436046527833e-01,-8.152653761325189263e-01,3.515567048148136864e-02
3.885195578843928521e-01,-4.282559270796096329e-01,-4.421111932920100407e-01,6.857019081411506178e-01
3.094644876874074191e-01,4.886987389208923283e-01,-3.043403300196113603e-01,-7.568237819737524408e-01
5.536564054562451709e-01,-1.682362977623138023e-01,-7.934535712250297967e-01,-1.886599139264794056e-01
1.475479405392526346e-02,5.786754737025980866e-01,6.121879545423856150e-01,-5.386491441566672034e-01
5.619198924442848631e-01,1.399041919061160544e-01,-8.610243490255756194e-02,-8.107152535054159559e-01
2.845717151990387328e-01,-5.045693490207042720e-01,-7.114090151332974621e-01,-3.979019026400499315e-01
4.107362656493794284e-01,4.087923063951943159e-01,7.355864718600012564e-01,-3.508519812243559577e-01
5.035796179888131219e-01,-2.871709223767983654e-01,1.384339316348681959e-01,-8.029797483496159405e-01
1.427758496815527689e-01,5.620665153566887229e-01,5.754287848527857019e-01,5.766957626212859678e-01
5.800025831726940417e-01,1.203557541217536823e-02,8.029868412056879734e-01,-1.366172803418778114e-01
1.660901180949947153e-01,-5.560630043967056402e-01,3.522097461741580671e-01,-7.342726350017650949e-01
4.919463663171844692e-01,3.082610995241185647e-01,3.958991502163641263e-01,7.114968236369441090e-01
4.282720332450932754e-01,-3.922541764947999887e-01,8.093321927348194889e-01,8.775607309781466303e-02
2.641606321275433711e-01,5.174394404145055137e-01,-5.390019989156369373e-01,6.098790298923613129e-01
5.693011505765893654e-01,-1.168963414297965603e-01,1.865022723511126357e-01,7.921163725869901917e-01
3.891685000302460423e-02,-5.800846266695421916e-01,7.542080390300668347e-01,3.052171989746341740e-01
5.489813741659504975e-01,1.920319940956838056e-01,-6.846548422945815116e-01,4.393073081398507496e-01
3.313888761510646042e-01,-4.782074751881597030e-01,-3.682653647948912895e-02,8.124917412801344607e-01
3.728457210293155133e-01,4.469129506935661245e-01,-6.418686295554221211e-01,-4.992589961183916958e-01
5.302436656928239955e-01,-2.404805871689786045e-01,-7.781523862127764923e-01,2.355623187584591771e-01
9.065226483223919052e-02,5.753395217767379721e-01,2.571115221706467557e-01,-7.711421832124041309e-01
5.789160778221665860e-01,6.583094941970060732e-02,-4.809086992779290082e-01,-6.551711867110079357e-01
2.176723462580095469e-01,-5.406851480871591731e-01,-8.124518377570415506e-01,1.415385593065877391e-02
4.633777719932029582e-01,3.539023321979035686e-01,4.576268764095837716e-01,-6.712762633037963056e-01
4.646709194799301668e-01,-3.525491420031769962e-01,-2.836059332938108413e-01,-7.611555121412749703e-01
2.161794216741974028e-01,5.419599239861834228e-01,7.850139747901295761e-01,2.080840162571405971e-01
5.801633759033310023e-01,-6.409913765371881567e-02,6.231667141262376974e-01,-5.205429897881712620e-01
9.271947999075270952e-02,-5.764941290618182945e-01,-6.498445025500149130e-02,-8.092185356333326807e-01
5.311871774065597407e-01,2.429541232338977286e-01,6.979909997491355877e-01,4.142729062245106286e-01
3.757498827061646618e-01,-4.474848485801542486e-01,7.411982109062446034e-01,-3.304459836143908147e-01
3.314047877135743447e-01,4.815035528093440931e-01,-1.583292598351168923e-01,7.957744911672930410e-01
5.525580961862246454e-01,-1.913073329790443144e-01,5.580578859756248900e-01,5.887719852268078480e-01
3.729338509870164242e-02,5.837570465231061156e-01,-8.028104511587981218e-01,1.154655514545663564e-01
5.728187085758532637e-01,1.195238623371571302e-01,-3.693708240163058876e-01,7.219127148090794810e-01
2.678208235878779542e-01,-5.205030006063469106e-01,3.759004207919465212e-01,7.183644663128442298e-01
4.305587412422292592e-01,3.968811889626505107e-01,-8.033871504267885433e-01,-1.080443368095926199e-01
4.973703168294178467e-01,-3.094550312638406631e-01,-5.521267318545558522e-01,5.933097197367555031e-01
1.659159769590597411e-01,5.620103892742737139e-01,-1.653992085513790733e-01,-7.932586669857931705e-01
5.861074986028149691e-01,-1.029221885947603776e-02,-7.429524664774478371e-01,-3.231001437133336762e-01
1.461854599227294105e-01,-5.678924912513636514e-01,-6.927494333417991701e-01,4.197929874260837302e-01
5.086508197012115096e-01,2.922166226531023314e-01,5.742805510583533918e-02,-8.078278328636995242e-01
4.172472744969211722e-01,-4.126318740565141918e-01,-6.261639989153213737e-01,-5.133792895120267152e-01
2.867441850245365242e-01,5.122326273697472843e-01,7.806065867958752458e-01,-2.145899915266175628e-01
5.702914067988592572e-01,-1.400583597786226875e-01,2.756454366729434446e-01,-7.610328248038203958e-01
1.684648603578561832e-02,-5.872043676146713187e-01,-4.619539016239985751e-01,-6.644590426330768684e-01
5.617209035617836133e-01,1.726457082126092724e-01,8.090849531412868112e-01,6.680160017674198134e-03
3.160864983565689346e-01,-4.956514705356807049e-01,4.726859969710101583e-01,-6.564959204595426367e-01
3.937389967188620332e-01,4.368006384786130569e-01,2.628457568649272269e-01,7.649097415941331635e-01
5.260539427102605137e-01,-2.633184104776762346e-01,7.760881558701604455e-01,2.271955949849238654e-01
1.137887262497759705e-01,5.773782142936755291e-01,-6.336095631937639361e-01,5.022205141836677544e-01
5.870399928597903605e-01,4.406431629649319032e-02,4.399945470779211693e-02,8.071594828767837404e-01
1.988462441378978096e-01,-5.543121223685727461e-01,6.841908444293877123e-01,4.302105654054783623e-01
4.815283871257171056e-01,3.393763557315176982e-01,-7.462355485234056784e-01,3.099783987352537351e-01
4.554953662630985001e-01,-3.739171169862990918e-01,-1.779430790932563788e-01,7.880648587142502492e-01
2.392256236238965716e-01,5.387998521615032788e-01,-5.404379364531567420e-01,-6.003271251199246983e-01
5.832503994767047617e-01,-8.716244502516171111e-02,-8.020649236564783013e-01,9.441153492782382306e-02
7.130244709507367606e-02,-5.856094449167927873e-01,-3.861234196057262702e-01,7.091447270441205708e-01
5.456770676152016275e-01,2.247290355992630495e-01,-3.558045828662559362e-01,-7.246630232382977876e-01
3.620331498248932633e-01,-4.663075601095980072e-01,-7.969215543597194529e-01,-1.280831527149012550e-01
3.532054278650085810e-01,4.732872368226256898e-01,5.647472043052240709e-01,-5.764596364160577968e-01
5.504381602409565977e-01,-2.145153961561989953e-01,-1.443582501865160184e-01,-7.938272306778013654e-01
6.023589088178031570e-02,5.878901270749308239e-01,7.312645111423602406e-01,3.406010139169068363e-01
5.829105471334597999e-01,9.850177017734514096e-02,7.002824470548812963e-01,-4.001464602608991727e-01
2.502365107055632421e-01,-5.358293889125572695e-01,7.781310810622248109e-02,-8.026292262896670415e-01
4.500174893761523798e-01,3.840050067291891911e-01,6.101480007263075933e-01,5.270140712278846840e-01
4.901338268173898727e-01,-3.316452296835291080e-01,7.824846874076077929e-01,-1.936439707559168832e-01
1.892388525940290611e-01,5.609389662489097095e-01,-2.938251256503868758e-01,7.504684725883122853e-01
5.912821881358992782e-01,-3.306632434551848299e-02,4.428323579556345813e-01,6.731949902776703798e-01
1.256030230643480905e-01,-5.789438910935988947e-01,8.051713118979852979e-01,2.733148475618076348e-02
5.247854460234097074e-01,2.753116864655602569e-01,-4.872802060621813092e-01,6.413748605281456294e-01
4.052413424638798278e-01,-4.326891309538205554e-01,2.420760345517708190e-01,7.680877318433031453e-01
3.092798472144997479e-01,5.059946110577420164e-01,-7.666865213341839125e-01,-2.459821288061145583e-01
5.702747390453952736e-01,-1.634485636039861300e-01,-6.435122932670790386e-01,4.836974441493823162e-01
5.711768905748575847e-03,5.934140436983837974e-01,-2.316271540814261037e-02,-8.045437446481213950e-01
5.737128460044264022e-01,1.525469190675491360e-01,-6.700219790531399822e-01,-4.457056824836471698e-01
2.998982966428368480e-01,-5.125642832691573725e-01,-7.506987351494595062e-01,2.894655009366430276e-01
4.143558382670301521e-01,4.256929794247572008e-01,1.972622509889482845e-01,-7.798604560415107745e-01
5.208310591299581960e-01,-2.861545420014612873e-01,-5.225843651202650708e-01,-6.113560069790346940e-01
1.371984357297094115e-01,5.784203868475079613e-01,8.007549468610929422e-01,-7.347081318447702680e-02
5.942758627038616792e-01,2.176911390206382607e-02,4.024575226615796364e-01,-6.959814991367258008e-01
1.792742778302388873e-01,-5.672235619629586445e-01,-3.356278884496609605e-01,-7.303917336315643993e-01
4.991875978921438417e-01,3.239409184915844619e-01,7.899441713296413425e-01,1.478588165102984464e-01
4.453122601417847659e-01,-3.950532978661430161e-01,5.768572948702860304e-01,-5.593438514611883683e-01
2.623164200827736159e-01,5.346067279481786505e-01,1.233952345371489567e-01,7.938257732531881494e-01
5.853533218774219504e-01,-1.105435977547651605e-01,7.191563489671741749e-01,3.577090260291234669e-01
4.931715128073106691e-02,-5.938605540461948662e-01,7.072521151901828285e-01,-3.803838935818819600e-01
5.594849670736382619e-01,2.057261561059020860e-01,-9.796747866856470033e-02,7.969038169288841233e-01
3.473850980759802254e-01,-4.846797024295958489e-01,5.938352913140736433e-01,5.401562981928743623e-01
3.748194597526528504e-01,4.640531580845340676e-01,-7.837894055356726675e-01,1.727402872306771919e-01
5.472873500206877351e-01,-2.378143352908595742e-01,-3.116390745410427265e-01,7.394606045332655642e-01
8.354028395175573662e-02,5.910535196957718007e-01,-4.235600877904349693e-01,-6.813762615790625032e-01
5.921637926683349651e-01,7.687278754639481626e-02,-8.007179081946894650e-01,-4.778544426727533712e-02
2.318439784889811117e-01,-5.505087584007186674e-01,-5.014015668744083998e-01,6.259272683773955404e-01
4.690674811587724480e-01,3.701774738984864865e-01,-2.213129285917680711e-01,-7.706911985845141810e-01
4.818713852501701478e-01,-3.536944624454588793e-01,-7.568198074257570518e-01,-2.644314171964824434e-01
2.126987883346893315e-01,5.588409172147786874e-01,6.528711479559183850e-01,-4.649895900493057344e-01
5.955035730722407772e-01,-5.624571446514264189e-02,-2.489306555117924008e-03,-8.013773876366706572e-01
1.043762138135410217e-01,-5.891840396280689784e-01,-6.554980626449760095e-01,-4.607494582809437689e-01
5.403093867587680510e-01,2.575696677946843760e-01,7.545884788724008807e-01,-2.689235214062472568e-01
3.922658985581656266e-01,-4.523803406878496025e-01,2.162739366918842165e-01,-7.711712368179294286e-01
3.317205529274790399e-01,4.987244962932818049e-01,5.045127123134149905e-01,6.218539013921690062e-01
5.692377598217708279e-01,-1.870218218700479551e-01,7.988856373098058850e-01,-5.265880209048890565e-02
2.871797307336291377e-02,5.986887402566191119e-01,-4.183635063008691035e-01,6.824361119607773585e-01
5.849225560666759804e-01,1.317674987124153596e-01,3.153865749596770907e-01,7.355502960523528921e-01
2.828457748062421784e-01,-5.289040353521201610e-01,7.824641346339249459e-01,1.673579011402898664e-01
4.346501547901815421e-01,4.135995581518085440e-01,-5.884513201557497464e-01,5.419775754073735685e-01
5.145719889481610299e-01,-3.089420016401683844e-01,1.025258593426681547e-01,7.932584421098507477e-01
1.608369117859962394e-01,5.784506207271660205e-01,-7.066404326412418779e-01,-3.744137632941644811e-01
6.005969875215971809e-01,-1.015882612590343972e-03,-7.136571287565295352e-01,3.605214683447939272e-01
1.589867198349958211e-01,-5.793834110315970731e-01,-1.178772038182090837e-01,7.906598831087235935e-01
5.163125922881007801e-01,3.076156071012023929e-01,-5.772406929589221081e-01,-5.527993557384119905e-01
4.341290891558912679e-01,-4.159112035773696037e-01,-7.845239042083101966e-01,1.518948597328104999e-01
2.854050126932066722e-01,5.293754005118584960e-01,3.290761175593194809e-01,-7.280209975780815856e-01
5.864547245098432615e-01,-1.341988549227740302e-01,-4.041531532040691377e-01,-6.890005458580626962e-01
2.680112169418825269e-02,-6.012190258661425091e-01,-7.957321341181273766e-01,-6.802759399178061328e-02
5.725734831120767865e-01,1.859740956407756884e-01,5.150425597476437911e-01,-6.101675211252193254e-01
3.318233566565608750e-01,-5.025576170099034234e-01,-2.005725171850765154e-01,-7.727223090558096308e-01
3.962001071329739332e-01,4.538066925138059537e-01,7.464990704127509868e-01,2.825315890487269388e-01
5.430984001555145824e-01,-2.611576294807804177e-01,6.616828246153944049e-01,-4.461128331728344554e-01
1.071636534778994954e-01,5.932278412935190204e-01,-1.800590185508718633e-02,7.976668898643625161e-01
6.005483417764304610e-01,5.467312070002649377e-02,6.406329720202896816e-01,4.753334978969510072e-01
2.126701175146430145e-01,-5.645024558660556302e-01,7.579059435722197424e-01,-2.483686355710064131e-01
4.876643006996536078e-01,3.554142259541925863e-01,-2.349656061664587292e-01,7.620074945375069353e-01
4.725862446703870123e-01,-3.755557537315080130e-01,4.862386173798348143e-01,6.318165272894074036e-01
2.362496358861919943e-01,5.557068768524839886e-01,-7.964625346863425381e-01,3.199073933979475204e-02
5.987503451981694980e-01,-7.978839632160146522e-02,-4.338321334899182258e-01,6.685218888630990453e-01
8.253984133441572002e-02,-5.985812219573793946e-01,2.950968525339924264e-01,7.401388673330372425e-01
5.551828070269039239e-01,2.390156816910296578e-01,-7.744909358716505210e-01,-1.865672665291397136e-01
3.783345523027965562e-01,-4.716604207174294183e-01,-5.995240379765339744e-01,5.243761454822402079e-01
3.540192227910622935e-01,4.904234052906857322e-01,-8.176567088636835234e-02,-7.921298179604161493e-01
5.671690227037825549e-01,-2.107324532973889053e-01,-6.937294810570990844e-01,-3.907051828741819888e-01
5.213113750250769618e-02,6.030052672366923439e-01,7.194966377367886246e-01,-3.405753668029386505e-01
5.953167719594367746e-01,1.103407878406528209e-01,1.375285846460593819e-01,-7.839060785373154205e-01
2.649522207493306136e-01,-5.446297914937247020e-01,-5.603791818083915244e-01,-5.649370615681519325e-01
4.545762891647532333e-01,4.005319300838606211e-01,7.846917882507716824e-01,-1.311234828865759372e-01
5.072757214224390410e-01,-3.316337027020083705e-01,3.461254454687183735e-01,-7.161617175516862277e-01
1.846590336251131836e-01,5.774554114718636333e-01,3.846276461261707302e-01,6.960659903327709452e-01
6.059783425265267143e-01,-2.425077217953163985e-02,7.902217727524553093e-01,8.804372950680189325e-02
1.380153739699750415e-01,-5.907569286393752339e-01,5.281960868828389222e-01,-5.941101763260384638e-01
5.328614181196860144e-01,2.904218343926249779e-01,1.798707821326361311e-01,7.741836790597524942e-01
4.219553306519688296e-01,-4.364446956624490337e-01,7.357356770116247890e-01,3.002711110559024843e-01
3.084444037131707783e-01,5.231027278465737451e-01,-6.699444756494149500e-01,4.270831130872894121e-01
5.865390721207742741e-01,-1.580837485739796100e-01,-3.830825510920665700e-02,7.934191344447069083e-01
3.793089736445448817e-03,-6.076580516892302608e-01,6.254407902875849246e-01,4.894498161527300883e-01
5.849064664071860209e-01,1.655030558405475860e-01,-7.606527467206960491e-01,2.278169505738341927e-01
3.153674192048835367e-01,-5.198984203347336575e-01,-2.533250471203128962e-01,7.523798534909020841e-01
4.173008444477897538e-01,4.425552196174638020e-01,-4.677778061278382582e-01,-6.412400540411730132e-01
5.378660433956740095e-01,-2.844984660316867697e-01,-7.934915962833093417e-01,1.148167301684397887e-02
1.310622753761029879e-01,5.943955571929677717e-01,4.488545631928372304e-01,-6.542523845302111729e-01
6.080356563285593818e-01,3.194025196516166176e-02,-2.747748913974928375e-01,-7.441580611637530485e-01
1.927434651744665273e-01,-5.777729972229916910e-01,-7.660344164919282717e-01,-2.054740690753238674e-01
5.057642206442831689e-01,3.397327971046965045e-01,6.100706502318337110e-01,-5.065550132149593265e-01
4.622836712304850826e-01,-3.971822859231826652e-01,-6.113005223431182411e-02,-7.904449100198762679e-01
2.598448633483644299e-01,5.515294629971909668e-01,6.804364685876206353e-01,4.065736226730749525e-01
6.010030058469135739e-01,-1.036514792488497372e-01,7.247702504665581857e-01,-3.205617598079075203e-01
6.013006198399818009e-02,-6.071052284886868655e-01,1.569081963088776455e-01,-7.766514244618332174e-01
5.693669643265356628e-01,2.196765426054532178e-01,5.432658756997766902e-01,5.765636693919022893e-01
3.634628422086402244e-01,-4.904848890599150524e-01,7.842971002196313934e-01,-1.104418151090313660e-01
3.761288427724521766e-01,4.810944796213692531e-01,-3.627766130521126176e-01,7.038951089011329376e-01
5.640590452372062913e-01,-2.345343019658133188e-01,3.649996756289867750e-01,7.025712002909274556e-01
7.590929280877556362e-02,6.063422014034414165e-01,-7.841949909779802885e-01,-1.078198969928342299e-01
6.048636740066963835e-01,8.830154262311078195e-02,-5.408554767263128449e-01,5.777699600469488050e-01
2.462426707715895946e-01,-5.597016296910117816e-01,1.592235965603570613e-01,7.750783696574718995e-01
4.740890955434766130e-01,3.865036058037081834e-01,-7.245412946027450785e-01,-3.176387958088213725e-01
4.989432666201766842e-01,-3.541825308112857007e-01,-6.776537094708101616e-01,4.079164149711935194e-01
2.086191157568433596e-01,5.754231952253340276e-01,5.840332467644453879e-02,-7.886414030497244099e-01
6.103966232505794176e-01,-4.789459271974382676e-02,-6.099357952238437797e-01,-5.030908427085086787e-01
1.163935248244337001e-01,-6.013107496889141812e-01,-7.628309568443792932e-01,2.072844928290314970e-01
5.487930552063715606e-01,2.723828069000621133e-01,2.713403737078288747e-01,-7.422992595029284102e-01
4.088024391666504331e-01,-4.566080565363439536e-01,-4.491460782532747942e-01,-6.501211032009368562e-01
3.313874747111593133e-01,5.157875859227913917e-01,7.899791911629243657e-01,8.853549687659270293e-03
5.855927425700665490e-01,-1.821531571556414264e-01,4.634223562024773480e-01,-6.396413737081461104e-01
1.966707381409731059e-02,6.131524929779629263e-01,2.544368092868521947e-01,7.476089463365362953e-01
5.964490742513089971e-01,1.443447812955372667e-01,7.571047590953217110e-01,2.240657709082645721e-01
2.980386145733827097e-01,-5.366600776196033262e-01,6.200868054299409904e-01,-4.885297319961095508e-01
4.380754756897678459e-01,4.303081139273156053e-01,4.063421161910599905e-02,7.882091508816639891e-01
5.315870233471248207e-01,-3.077898187829533616e-01,6.667746141909671742e-01,4.220098078634986205e-01
1.551916844299112697e-01,5.945410142675665588e-01,-7.294780326656336022e-01,3.004967941522451724e-01
6.145988146155120235e-01,8.712879013704865130e-03,-1.760028978014362699e-01,7.689053015671026836e-01
1.720941607488850611e-01,-5.902841329805815773e-01,5.259160218997257497e-01,5.876738722256311664e-01
5.233242772588929670e-01,3.231525944023310171e-01,-7.833443160125062033e-01,8.986536670708553109e-02
4.509709397220766913e-01,-4.185274788931870327e-01,-3.790195463048200986e-01,6.912337842267176624e-01
2.834376329868421585e-01,5.463032929557685158e-01,-3.452853552374574586e-01,-7.085152389123628991e-01
6.022439023348772347e-01,-1.277912454472485415e-01,-7.776603319965907923e-01,-1.273424034893803070e-01
3.718432088964474663e-02,-6.147274088711808249e-01,-5.530144880282391595e-01,5.611617548384464360e-01
5.828242760859320137e-01,1.995807224343304487e-01,-1.386467127651486442e-01,-7.754098835305869297e-01
3.476682132964915573e-01,-5.088099405973955935e-01,-7.129278812395137832e-01,-3.346238096188579592e-01
3.980025437394686394e-01,4.707428788515152784e-01,6.848085911187690167e-01,-3.886287569357504412e-01
5.599003288071353612e-01,-2.583808143790126133e-01,7.827691890736732105e-02,-7.833413690906855242e-01
1.000095582094426144e-01,6.086799260114071908e-01,5.941324475286603457e-01,5.162494268578936563e-01
6.135329412706597152e-01,6.568587872041611875e-02,7.644430906553796312e-01,-1.867871956579225112e-01
2.267438706773609869e-01,-5.740807107217139604e-01,2.890000349514184053e-01,-7.317769704531421615e-01
4.931440167173610223e-01,3.715300320477029627e-01,4.303592947262276369e-01,6.584567499124327483e-01
4.895776576924450452e-01,-3.765414235524149889e-01,7.859320940195397842e-01,2.900029357715908085e-02
2.326709841762014397e-01,5.723443721309556809e-01,-4.775274806561730645e-01,6.247028397811781320e-01
6.138302883809043653e-01,-7.190538838443039094e-02,2.340986589358751979e-01,7.504930446525969190e-01
9.415588434821998975e-02,-6.110129441182933219e-01,7.477124784982450700e-01,2.423301488888894850e-01
5.640674866813272237e-01,2.535234891119770295e-01,-6.295686008738810013e-01,4.703159445853436482e-01
3.946838309369705700e-01,-4.763560677522822862e-01,2.029317097488090096e-02,7.854283910862175366e-01
3.541870661427726774e-01,5.074308745924662745e-01,-6.527573703579622189e-01,-4.370048571021359352e-01
5.836040537062795464e-01,-2.063613806774367287e-01,-7.336205061272884631e-01,2.803965799578181373e-01
4.353842411359713088e-02,6.176789272657798868e-01,1.947998415013388884e-01,-7.606774416193459176e-01
6.071678322093845281e-01,1.225325088197277285e-01,-5.083449847754704098e-01,-5.982628053507310639e-01
2.798600743159770921e-01,-5.528014757725921990e-01,-7.818383401634316776e-01,6.940948809773825334e-02
4.584782133927931547e-01,4.170767330859542765e-01,3.948445493250708482e-01,-6.781906136410188468e-01
5.242601040138931134e-01,-3.309845274357124945e-01,-3.255007902636170014e-01,-7.138976267471834891e-01
1.795067482433803652e-01,5.936504712560983776e-01,7.706267075890254059e-01,1.465978269381875143e-01
6.202125602645274238e-01,-1.496914835987651037e-02,5.646673135636498531e-01,-5.443005876170912138e-01
1.507538974619879735e-01,-6.020009122397742551e-01,-1.181557501748970729e-01,-7.751821610196582002e-01
5.403023449006382206e-01,3.056948685492967277e-01,7.009076754578454915e-01,3.512156800625216291e-01
4.386573252589834326e-01,-4.395450695709535727e-01,6.914076425273002480e-01,-3.692361773544691750e-01
3.069808801672895271e-01,5.400249966660952694e-01,-9.791509353117552883e-02,7.775270906188935793e-01
6.024572616625681887e-01,-1.521632225852879716e-01,5.780453789610168203e-01,5.289188420016009973e-01
1.374129093879323214e-02,-6.214207238142572809e-01,7.654921098468633334e-01,-1.663408870353223490e-01
5.955183858716798229e-01,1.787583054749878053e-01,-3.062928229060301599e-01,7.208245465775671157e-01
3.309699913050782594e-01,-5.265925228941409353e-01,4.114333651652423707e-01,6.662445239672176722e-01
4.195936814235567414e-01,4.593757758599454899e-01,-7.813574787502929331e-01,-4.894414636588919482e-02
5.546873754077117358e-01,-2.822251178152013762e-01,-4.911623172379002700e-01,6.094509632144298195e-01
1.243882125916957460e-01,6.100006678322108522e-01,-2.137764156423744011e-01,-7.528123284907061175e-01
6.212958061710988078e-01,4.253121261737654452e-02,-7.378684125679496608e-01,-2.602553033502948421e-01
2.064842337407754858e-01,-5.877293464291065694e-01,-6.385125845077547213e-01,4.519293705743490652e-01
5.116971611366102346e-01,3.556285693630842903e-01,-1.217546439890664328e-04,-7.821088933858934000e-01
4.791839498318102297e-01,-3.986634506837632430e-01,-6.383984119078697228e-01,-4.515502884353082003e-01
2.567680539783385174e-01,5.682113266810835395e-01,7.371986470698373983e-01,-2.602771781119145311e-01
6.162596000426208143e-01,-9.624027895226147655e-02,2.132864824580986418e-01,-7.519779188667385927e-01
7.133853564965161875e-02,-6.198330742174569252e-01,-4.905682334020332047e-01,-6.083260489361838053e-01
5.786457692074088444e-01,2.338705645562651758e-01,7.797845008242725307e-01,-4.908935818219931080e-02
3.796148650754939680e-01,-4.956440880573625973e-01,4.102423109049314620e-01,-6.647787139574202753e-01
3.767960576260373506e-01,4.980355202141468762e-01,3.056620651689331281e-01,7.187183408534687512e-01
5.805632872705611680e-01,-2.306622174004661352e-01,7.631033901119870233e-01,1.655730259948539063e-01
6.777900983063515905e-02,6.212156916191660105e-01,-5.758085835162680688e-01,5.272016174685818513e-01
6.170306940164440590e-01,1.001009138523990122e-01,9.776618342905671333e-02,7.743995758426110987e-01
2.608566969729936846e-01,-5.682824954033334208e-01,6.884931858990638309e-01,3.674043032315450485e-01
4.784637575784031482e-01,4.028744025703980269e-01,-6.974498424493627002e-01,3.497547222052322935e-01
5.158860760864396600e-01,-3.540353777345368602e-01,-1.173041619516574652e-01,7.712070029514250802e-01
2.039617428646645914e-01,5.917121261729461068e-01,-5.616893803823597153e-01,-5.410927897811804721e-01
6.248533487988113810e-01,-3.906489386150949206e-02,-7.659814175651092905e-01,1.459612774246845379e-01
1.287558716216584964e-01,-6.128897450483627996e-01,-3.232078805400320221e-01,7.094538405663334268e-01
5.566572096739264008e-01,2.873826814641731175e-01,-3.923842352025649904e-01,-6.734824105178978115e-01
4.253540916096419378e-01,-4.601891915977995851e-01,-7.762629117389426847e-01,-6.867092941032958142e-02
3.304273932513405176e-01,5.326932266573547459e-01,5.043196640536742326e-01,-5.939001098764751241e-01
6.016292213864163907e-01,-1.767222581806673354e-01,-1.934859649239090429e-01,-7.545692180409719896e-01
1.015919073027002524e-02,6.271597946546048075e-01,7.275837128301281265e-01,2.778296665887673988e-01
6.074142280786771764e-01,1.572409404070224115e-01,6.469157564156317042e-01,-4.333857938242682284e-01
3.133893536023436011e-01,-5.437904113591974786e-01,1.986542174295836613e-02,-7.782573267123634730e-01
4.408559166294606646e-01,4.470023488028871950e-01,6.237116246367805372e-01,4.656380248975031666e-01
5.484167012512436434e-01,-3.060200997911807219e-01,7.402138841444370065e-01,-2.401545877810916385e-01
1.490007675117244190e-01,6.102885314287144203e-01,-2.314505874515402906e-01,7.428171411968338411e-01
6.281251069627503680e-01,1.887620037331126308e-02,4.726013291202660893e-01,6.178596303176457916e-01
1.854937956345750205e-01,-6.006110666176394108e-01,7.771885444385040476e-01,-2.891997287445978795e-02
5.297053794103377955e-01,3.388184664554901859e-01,-4.252039108228089503e-01,6.510114377132621977e-01
4.677692159109568815e-01,-4.205018947145762742e-01,2.857852309749940867e-01,7.229778135904788572e-01
2.808634082080813665e-01,5.630184449618330644e-01,-7.551000042423374747e-01,-1.842551496043515202e-01
6.176666614145426282e-01,-1.208555312739665044e-01,-5.864333685351577063e-01,5.098801233682364042e-01
4.797887414591958666e-02,-6.277422499108930021e-01,7.749333060057200795e-02,7.730669304949802090e-01
5.924901019502881727e-01,2.134523937636612911e-01,-6.756971807524033702e-01,-3.831799506899518648e-01
3.636128214043735096e-01,-5.144281310813505481e-01,-7.029346260409322644e-01,3.302004324273286051e-01
3.991674487369178959e-01,4.876064749686575550e-01,1.364307053125543290e-01,-7.643899110306330291e-01
5.764627097431151981e-01,-2.550090419242521667e-01,-5.450793896942685013e-01,-5.527654038948384141e-01
9.234594287531808221e-02,6.237429235245627313e-01,7.659148545532769026e-01,-1.256639477421140350e-01
6.260070995576423325e-01,7.708605412737160045e-02,3.397347093349414315e-01,-6.976769874631116863e-01
2.410551091812121183e-01,-5.830640817269865384e-01,-3.732278738444145261e-01,-6.801688504504436183e-01
4.979873744561490456e-01,3.877163970865446507e-01,7.706563448589746068e-01,8.816670823562181014e-02
5.064677599534965768e-01,-3.768951822989881628e-01,5.169927411796726435e-01,-5.780648192504264093e-01
2.285104299209261003e-01,5.887161407290049109e-01,1.732430902550689544e-01,7.557665782114039166e-01
6.284993917166606936e-01,-6.353240255403169723e-02,7.168698348649266139e-01,2.950420110733941170e-01
1.061347289160500806e-01,-6.229184629671982165e-01,6.547755699772006555e-01,-4.147010498823605618e-01
5.723486421195835838e-01,2.682408706300530299e-01,-3.965396221349366118e-02,7.738807598514585440e-01
4.110744761811688797e-01,-4.804144548927287151e-01,6.087110938401446569e-01,4.792603997811989425e-01
3.537298943121803818e-01,5.243086647504442421e-01,-7.426680961130930347e-01,2.200447339821013926e-01
5.997478575680826873e-01,-2.014225956291764430e-01,-2.492802437818654182e-01,7.332058410654908043e-01
3.447618857622234551e-02,6.319209505418829087e-01,-4.544599130533579223e-01,-6.268600259348449111e-01
6.184780909575073871e-01,1.350617893523454183e-01,-7.740566301122970838e-01,8.916133786266391970e-03
2.949492968678235072e-01,-5.603622835627648513e-01,-4.397208258229206579e-01,6.369023620423374110e-01
4.617432954917259358e-01,4.336337697365608146e-01,-2.658862927302728663e-01,-7.266769310709206842e-01
5.410868471636255395e-01,-3.297184884701302998e-01,-7.466265184714738767e-01,-2.026316463503813892e-01
1.738020419400639893e-01,6.095295305848308365e-01,5.965371824436526138e-01,-4.923514918477331359e-01
6.339953379361005226e-01,-5.239326081638180470e-03,-5.735234156137862527e-02,-7.711894513379490279e-01
1.638041663695318784e-01,-6.126906844138262365e-01,-6.625326770216172223e-01,-3.985332761402357593e-01
5.471263401111087221e-01,3.211208312600155601e-01,7.078618840961055092e-01,-3.105893313225868702e-01
4.553425387669840507e-01,-4.420103316968253537e-01,1.552815823570851683e-01,-7.570849815200272337e-01
3.049098777999814103e-01,5.567621287250960060e-01,5.282304797013273046e-01,5.639312535690904626e-01
6.180354515788665237e-01,-1.457066325848158095e-01,7.652966949756682125e-01,-1.054643374407631395e-01
2.411554614205222921e-02,-6.347131818756961419e-01,3.558631766046010392e-01,-6.855063943716226404e-01
6.055638941338823411e-01,1.922989692091671421e-01,3.539802608461347089e-01,6.863027404096551098e-01
3.466968749940512184e-01,-5.326649424655796050e-01,7.645461082027639188e-01,1.074178028517973338e-01
4.212544401504115799e-01,4.761507128431746727e-01,-5.291751948932752470e-01,5.619597925316047737e-01
5.712965900757543958e-01,-2.793548844754921157e-01,1.530634609213703812e-01,7.564077152027682827e-01
1.171954701292493850e-01,6.252425990914920462e-01,-7.057385284945668635e-01,-3.118814573853715966e-01
6.340680307972325069e-01,5.352531068027384376e-02,-6.620899326841863664e-01,3.958910133808919429e-01
2.204836237035361357e-01,-5.971083141826595275e-01,-5.922970119629009794e-02,7.689866548313424310e-01
5.170049747276737051e-01,3.716199186256536335e-01,-5.934110927001446933e-01,-4.924101616009973204e-01
4.960100053958375055e-01,-3.995168619529360088e-01,-7.445636091881608909e-01,1.999634552492020878e-01
2.531061351064639586e-01,5.846546616883923075e-01,2.667638678029733978e-01,-7.231550662010866048e-01
6.311306979758510849e-01,-8.832877085081052015e-02,-4.361596935856908441e-01,-6.353241629308115090e-01
8.292650799457373934e-02,-6.320563776945264944e-01,-7.703953236870261234e-01,-1.090756291122835404e-02
5.873374687564103525e-01,2.482960103028493959e-01,4.537849352803888237e-01,-6.224652774051523396e-01
3.958336716639094810e-01,-5.001760249547835269e-01,-2.459811970265310122e-01,-7.298170312803716753e-01
3.768411204681856863e-01,5.148740254778662040e-01,7.376932363624342237e-01,2.206902735455683606e-01
5.968032097216479093e-01,-2.262179517156822917e-01,6.061159846118636674e-01,-4.746312046057349909e-01
5.916773675074797623e-02,6.356822731249426317e-01,3.735818649364381488e-02,7.687727833790723997e-01
6.286776778195196647e-01,1.122554741380400040e-01,6.490129296349249621e-01,4.134553217751489318e-01
2.756746015633805835e-01,-5.762677925586084937e-01,7.122319619491468412e-01,-2.909374119816307558e-01
4.822103296137917328e-01,4.192831898922951273e-01,-1.738439390429284137e-01,7.493017346473572760e-01
5.326983857206736284e-01,-3.532729338458982515e-01,5.111578458971054451e-01,5.745853466982351332e-01
1.987462386396258163e-01,6.077116167962408610e-01,-7.641316419261208193e-01,8.537773272224294385e-02
6.388826972176779861e-01,-2.977442498797843243e-02,-3.715835225178915069e-01,6.729547299824079065e-01
1.414484793529052487e-01,-6.239343599299935761e-01,3.346573741102917277e-01,6.918834324805763769e-01
5.639186047160650306e-01,3.025585987748263816e-01,-7.579409025409251655e-01,-1.264107978692788903e-01
4.419150001467351818e-01,-4.631427120314116630e-01,-5.408611015638832287e-01,5.455998806383692834e-01
3.288601224332131645e-01,5.494408062391362702e-01,-1.329626199823810140e-01,-7.564963727605843458e-01
6.173518575054152135e-01,-1.707483655766978414e-01,-6.942018277691611727e-01,-3.283374818832840436e-01
2.116150121787243232e-04,6.407202323608851557e-01,6.688572066058950938e-01,-3.769715854462494797e-01
6.178318310371666566e-01,1.704418672737481322e-01,7.857871408492392296e-02,-7.635828600291260093e-01
3.288880674300543872e-01,-5.503120762709319269e-01,-5.778260705656586005e-01,-5.050804787230946946e-01
4.430105149561626710e-01,4.636772222686548761e-01,7.459031940429273755e-01,-1.799264913903979302e-01
5.650612142378241831e-01,-3.036525112716438324e-01,2.838902131949002094e-01,-7.126761700903532226e-01
1.422830470413669890e-01,6.256985684713719520e-01,4.177164338237387420e-01,6.432494204047742858e-01
6.411860655169329126e-01,2.945732632836019216e-02,7.662115915194813720e-01,3.053673744334272841e-02
1.991721944131766286e-01,-6.103784746246706527e-01,4.673885265622338414e-01,-6.077141761761725158e-01
5.354731913012121813e-01,3.546040712332495515e-01,2.260858195991476138e-01,7.323999018560022334e-01
4.845196879453119720e-01,-4.218535273716192413e-01,7.283107875740822967e-01,2.384191060731503387e-01
2.777018278669817208e-01,5.795218390939527175e-01,-6.151661819925831054e-01,4.567348260699725659e-01
6.327291127785603653e-01,-1.134102184768016330e-01,1.752564456777969820e-02,7.658229847490761744e-01
5.916858139885939477e-02,-6.402743376184513169e-01,6.351514203914675472e-01,4.279375243387768535e-01
6.015856423221871419e-01,2.275763696307276929e-01,-7.160456580310295971e-01,2.712606247733163056e-01
3.796488043517322053e-01,-5.194297017323905585e-01,-1.921052179237225099e-01,7.410500357998635046e-01
3.997139056984223560e-01,5.043940561741511175e-01,-4.938767941808028250e-01,-5.847231326509948479e-01
5.927873026842119808e-01,-2.510615954579206721e-01,-7.624248226228022007e-01,6.541925489554861750e-02
8.419090927866124119e-02,6.384236386266820551e-01,3.868863668228287311e-01,-6.600349139281432853e-01
6.379821662876528077e-01,8.885801982046248604e-02,-3.152751771022259120e-01,-6.969107335345468002e-01
2.555917932756875399e-01,-5.914676390324480337e-01,-7.508497915210685658e-01,-1.451325523797741823e-01
5.022120759278262403e-01,4.039657216024192254e-01,5.520449712149471111e-01,-5.290000721349557011e-01
5.232539250874947978e-01,-3.766360895387355079e-01,-1.129559723508483937e-01,-7.560367281076855184e-01
2.237870219920436166e-01,6.048247047495932671e-01,6.822720407634228490e-01,3.443999240781194238e-01
6.427651320527154599e-01,-5.468711301353681303e-02,6.750762085215358255e-01,-3.579586811011685188e-01
1.184613376423560988e-01,-6.343096620905941396e-01,9.768732758303751151e-02,-7.576776030028764541e-01
5.800417015217923522e-01,2.831564957019421791e-01,5.619706411240105171e-01,5.172649436721654670e-01
4.274996662889923305e-01,-4.838534411475236552e-01,7.466900624962725663e-01,-1.599494713395844814e-01
3.526667121425657303e-01,5.410549398712231062e-01,-3.006483789583984101e-01,7.017808022575050542e-01
6.156037030900134432e-01,-1.959348850495047922e-01,3.991459390438298893e-01,6.506336303230254581e-01
2.496165510764629739e-02,6.457394635894471158e-01,-7.615127939748794761e-01,-4.995723721416864271e-02
6.292599382710302169e-01,1.479141973396713716e-01,-4.805243000587789415e-01,5.926632411121180999e-01
3.102092748344417172e-01,-5.673279705066460732e-01,2.062159530050129419e-01,7.344277775341386816e-01
4.643895199807989704e-01,4.501969954025716869e-01,-7.184901186585966881e-01,-2.558065449757995213e-01
5.577548965372520762e-01,-3.278545057662305973e-01,-6.236846308122795390e-01,4.386779909296233404e-01
1.675634129494020796e-01,6.250965883991435046e-01,2.130707211616454308e-03,-7.623465208809432347e-01
6.473354287401433815e-01,4.921941721991594972e-03,-6.209618467689216326e-01,-4.419717208655214447e-01
1.771523683379532532e-01,-6.228391139208858673e-01,-7.193042220907482909e-01,2.515748648909968965e-01
5.533494562746662515e-01,3.366898324913171758e-01,2.100531672923443560e-01,-7.323400868776435146e-01
4.720057018915315150e-01,-4.438585608832870122e-01,-4.764027285228307207e-01,-5.943405047348717662e-01
3.022502021237322700e-01,5.733138413021815483e-01,7.601817832954871346e-01,-4.560384888573650736e-02
6.332783535550638998e-01,-1.387321622987533198e-01,4.017627152822735859e-01,-6.467601059678270703e-01
3.489959398312816874e-02,-6.475447821597459797e-01,-2.958496063162442957e-01,-7.013849042287859659e-01
6.150563105642805617e-01,2.061118677382633158e-01,7.432821936114029082e-01,1.635702096126333827e-01
3.625389091596712965e-01,-5.381319978943973625e-01,5.627217507562993770e-01,-5.121754810738848862e-01
4.223012629443101407e-01,4.928755337335590236e-01,9.305877300833081955e-02,7.550333875589104737e-01
5.876941653438110258e-01,-2.759064281297944898e-01,6.699617391906328434e-01,3.600589937193106049e-01
1.095018922280090179e-01,6.401267572020291619e-01,-6.807462097032980219e-01,3.388682166965401588e-01
6.463622654495072561e-01,6.490679560324059960e-02,-1.165421298413139295e-01,7.512794830551080549e-01
2.347291009558926944e-01,-6.059236421381313242e-01,5.458595704720068387e-01,5.289575771142864813e-01
5.217042160902716219e-01,3.876984169120827328e-01,-7.469278638717002927e-01,1.400479011251463124e-01
5.127581095303342940e-01,-3.997606950393919334e-01,-3.170278171325401906e-01,6.904808983430871239e-01
2.488775971588216840e-01,6.008606947079757621e-01,-3.804640441310321308e-01,-6.574750780911471360e-01
6.456223814604148403e-01,-7.993443560120158664e-02,-7.563066786385211904e-01,-6.915514738086117608e-02
9.487875747389443171e-02,-6.437856284841328991e-01,-4.931853738968941525e-01,5.773268337013972573e-01
5.954561983752273413e-01,2.629410019453450875e-01,-1.863872943850893582e-01,-7.359033372694446795e-01
4.121115701749912263e-01,-5.040974598630737491e-01,-7.082424836433087734e-01,-2.728413257742632325e-01
3.762822095241184495e-01,5.316070303646740491e-01,6.316686379213221070e-01,-4.204763916430052095e-01
6.127807751604065212e-01,-2.212197960317097423e-01,2.159650498657212161e-02,-7.583502583963857013e-01
5.009256744832038533e-02,6.497486836261660015e-01,6.064581105927669968e-01,4.555501541090193340e-01
6.398156442047696624e-01,1.247505480682775808e-01,7.220093530837353724e-01,-2.318959599628806212e-01
2.906851727090249971e-01,-5.836720216051342058e-01,2.276758500680087505e-01,-7.231824174150736084e-01
4.853457469522541312e-01,4.357230140557858955e-01,4.587511385846074763e-01,6.034338023220329195e-01
5.493779876562213671e-01,-3.519133506508395071e-01,7.574084837703333184e-01,-2.594627189452616139e-02
1.929906679863437613e-01,6.234243517722778405e-01,-4.162039657936890125e-01,6.331436950212059322e-01
6.524920417220045898e-01,-2.003987093146442425e-02,2.763965587871835550e-01,7.053066576696288559e-01
1.544572348071635293e-01,-6.344561168262347062e-01,7.352478737950011167e-01,1.817112063617155326e-01
5.705920770048094059e-01,3.179000217786052684e-01,-5.728868268767515204e-01,4.951413347758263916e-01
4.584789499278348890e-01,-4.654856982610420801e-01,7.328611535982650083e-02,7.534913818239504790e-01
3.267037578814403487e-01,5.660288667759314496e-01,-6.572837478385981091e-01,-3.753052775937825714e-01
6.327640430592256227e-01,-1.642492918518753675e-01,-6.858669353610248320e-01,3.197160973676112516e-01
1.015939889484777404e-02,-6.538417937862304186e-01,-1.351299803809529743e-01,7.443974635332547551e-01
6.277138834206490436e-01,1.839340258719628085e-01,-5.295077651034704180e-01,-5.401528315047769979e-01
3.445249013667688875e-01,-5.562402163415716139e-01,-7.466206810366007307e-01,1.202371519578812331e-01
4.445564663649213544e-01,4.803272579977473922e-01,3.330183402357858591e-01,-6.787886699880179009e-01
5.815198461658965812e-01,-3.007050643116805366e-01,-3.616866010287082545e-01,-6.637725027814876944e-01
1.350560577101742321e-01,6.407752094832368517e-01,7.506013732525522730e-01,8.811680122929294035e-02
6.537902707913171296e-01,4.044045321353649525e-02,5.053652883334548429e-01,-5.617194824021541910e-01
2.131164121522705346e-01,-6.195988088544422956e-01,-1.666154333321216707e-01,-7.368297010253110901e-01
5.406431352752666397e-01,3.705002428706757334e-01,6.975794344033940941e-01,2.895125265164546491e-01
5.012176165779204107e-01,-4.225996582398628409e-01,6.391159618074135906e-01,-4.021457659238559246e-01
2.739707903927732779e-01,5.958134917480966131e-01,-4.085760883837685070e-02,7.538414587050186189e-01
6.474360161591423690e-01,-1.054725392814587909e-01,5.916543065745794028e-01,4.686654776589094240e-01
7.073810918666481595e-02,-6.523328231019772661e-01,7.241631967256993985e-01,-2.122396577468876333e-01
6.101237740676446197e-01,2.419403090226052710e-01,-2.449616524274074447e-01,7.135878754768287813e-01
3.957676904338999768e-01,-5.238303242903341594e-01,4.409375872972056132e-01,6.119998126396929417e-01
3.996592523761358651e-01,5.211016177797264115e-01,-7.541112917559844586e-01,6.461082232920231649e-03
6.088748463842430514e-01,-2.465562331965357179e-01,-4.302019142042372568e-01,6.191992880547507738e-01
7.556136332681269441e-02,6.527274896039643171e-01,-2.569318796547163108e-01,-7.086771577415166279e-01
6.494678403955050916e-01,1.009869309836617102e-01,-7.267569350240186132e-01,-1.995432821645332366e-01
2.703421976182018849e-01,-5.993046577071307057e-01,-5.825360286005790700e-01,4.779129615523787233e-01
5.058340133438771202e-01,4.202702322695796577e-01,-5.365291972842701346e-02,-7.514161610034182370e-01
5.399328793807597338e-01,-3.757815104234134007e-01,-6.442511338461961445e-01,-3.901297460145672913e-01
2.185183514303158658e-01,6.206715141890087883e-01,6.904385637501222472e-01,-3.005182045220696208e-01
6.566335683912204457e-01,-4.538607632647452539e-02,1.534380197848858596e-01,-7.370408638752623531e-01
1.311213718174736031e-01,-6.451967649796485071e-01,-5.129302598189664497e-01,-5.508455944042283114e-01
5.871603111276073594e-01,2.982592653196732835e-01,7.457730261265596017e-01,-1.005324484409581831e-01
4.439523294351828131e-01,-4.866891103431172927e-01,3.486101284146285173e-01,-6.667165945356664514e-01
3.510148835686225932e-01,5.576671525881782276e-01,3.428294662069387155e-01,6.695250970185998574e-01
6.311737394856650196e-01,-1.899156464622703822e-01,7.444053783831794391e-01,1.068287903455594351e-01
1.501100874149588135e-02,6.591411475769531902e-01,-5.170580098173435113e-01,5.458558707857119607e-01
6.395240984618411062e-01,1.610759166482353399e-01,1.469158398666245702e-01,7.372104262412356723e-01
3.256295451186301260e-01,-5.737125268009528600e-01,6.865128108303961696e-01,3.058095755584652187e-01
4.664331335556977653e-01,4.667600417869042784e-01,-6.460248132603589877e-01,3.837018842336044067e-01
5.742624254669007611e-01,-3.254099138154402104e-01,-5.990011339119562933e-02,7.488277713220991005e-01
1.608080395883576541e-01,6.403544802226727173e-01,-5.765647107353584211e-01,-4.813107607327644644e-01
6.602401167847959940e-01,1.549886287760953926e-02,-7.257683427174672630e-01,1.926216139134985239e-01
1.907852252697994910e-01,-6.324574017325214070e-01,-2.618992921797599904e-01,7.035676183340452416e-01
5.589860001838431458e-01,3.523920535582045210e-01,-4.229776984176522592e-01,-6.200357722170597441e-01
4.886411508132851855e-01,-4.451061380944643098e-01,-7.502969768372738102e-01,-1.283737166819905184e-02
2.990191303856531424e-01,5.896790217787196697e-01,4.437487598188775140e-01,-6.049406988265115803e-01
6.481894756657953227e-01,-1.312567458213149407e-01,-2.374713498006787715e-01,-7.114980170993758790e-01
4.607805560730441480e-02,-6.599233918448035308e-01,-7.178198094404589780e-01,-2.170544882336302994e-01
6.240072882451407343e-01,2.201842754477389974e-01,5.916656295115393371e-01,-4.605057783754878398e-01
3.784869269502615374e-01,-5.430082851027665525e-01,-3.417392201971641841e-02,-7.488135892805968252e-01
4.227506366170596386e-01,5.095452790747559968e-01,6.308771958146452974e-01,4.045237590223222379e-01
6.038796950127103269e-01,-2.718969414389503236e-01,6.944617249390900859e-01,-2.812903833800999842e-01
1.013241444420639181e-01,6.546573082083356754e-01,-1.714536791562660534e-01,7.292193514068865401e-01
6.581869398994116827e-01,7.666072141813118357e-02,4.961422055626888428e-01,5.610311914652257315e-01
2.492085057979893103e-01,-6.141874105885217761e-01,7.443898359565960243e-01,-8.094885692220792073e-02
5.258097427420159731e-01,4.038555555518273388e-01,-3.637937362975171562e-01,6.542774045603230171e-01
5.294240059753250183e-01,-3.994115143990454309e-01,3.239084881448922038e-01,6.747325065314330184e-01
2.440995213552806520e-01,6.168297173747572248e-01,-7.377275598258148381e-01,-1.252779745643620157e-01
6.597394591380825180e-01,-7.107364661877439704e-02,-5.282579347230600408e-01,5.297508255912655173e-01
1.071807896684334599e-01,-6.550297979012489336e-01,1.273038525227345730e-01,7.370495039821747252e-01
6.030144403576406242e-01,2.777939581014344239e-01,-6.750547308127412549e-01,-3.217222590524900783e-01
4.284407154058408329e-01,-5.074234843255004401e-01,-6.523938557059688614e-01,3.651605372635431390e-01
3.751359389445683146e-01,5.482309796059295914e-01,7.871035821210528582e-02,-7.433172269109751262e-01
6.284969635387452902e-01,-2.156846937895154359e-01,-5.612037687199411540e-01,-4.934794926458797582e-01
4.056956034865036309e-02,6.634203582274343924e-01,7.268278216453923912e-01,-1.730573799198219243e-01
6.504540844440461766e-01,1.375721105186573923e-01,2.784778268687879699e-01,-6.931331029318521519e-01
3.058774187260739352e-01,-5.905080413516602400e-01,-4.048871440713490699e-01,-6.275393679907632638e-01
4.878853076010457590e-01,4.521866975481841910e-01,7.459727041819832483e-01,3.193496207793892344e-02
5.659220243905539460e-01,-3.499732643320019876e-01,4.568371105882829686e-01,-5.903819365053855073e-01
1.867118107713933439e-01,6.388519889465535950e-01,2.180306735631613868e-01,7.137712948298594595e-01
6.656874270153205764e-01,-9.876953033313358096e-03,7.084472493686538863e-01,2.342331961411287800e-01
1.677685989644384645e-01,-6.444650048792481822e-01,6.002723496300181871e-01,-4.429352785195114772e-01
5.766908361371961833e-01,3.333965588497901922e-01,1.486366253341054634e-02,7.456899393170011159e-01
4.750394342951527182e-01,-4.672336272434181037e-01,6.171754527772403964e-01,4.184790722685046704e-01
3.239749304673901209e-01,5.824552443030708293e-01,-6.979374992419036250e-01,2.620484305704919303e-01
6.478681024803871757e-01,-1.572416280790897569e-01,-1.891646893435284804e-01,7.209429328962635442e-01
2.093848803312308576e-02,-6.665311156700688411e-01,4.791588572044086503e-01,5.707053890800971585e-01
6.370708496890291617e-01,1.977043791598926126e-01,-7.424764671250214665e-01,6.150127399531638006e-02
3.602900731704943293e-01,-5.615883660318293780e-01,-3.785600995640492350e-01,6.414840772229325472e-01
4.455093993237976835e-01,4.969466223113393477e-01,-3.049394948596340083e-01,-6.793948293608447209e-01
5.977911213968131188e-01,-2.971943574777970443e-01,-7.305771407547594354e-01,-1.434514916935350770e-01
1.273361771702227752e-01,6.555214333232542989e-01,5.389598927591984223e-01,-5.134193046959700801e-01
6.659449333322643438e-01,5.181059695261139991e-02,-1.077946665736053133e-01,-7.363513547694370276e-01
2.273139287174109902e-01,-6.282829861006550276e-01,-6.632175800248683029e-01,-3.372407281652938793e-01
5.452290445724942147e-01,3.864978168011627413e-01,6.582222051927691941e-01,-3.465375234425098205e-01
5.178578421986406166e-01,-4.227560399756198906e-01,9.727493800292418002e-02,-7.373182300567560077e-01
2.696868354390189459e-01,6.118926094327236109e-01,5.455860840077684237e-01,5.051655869609175120e-01
6.617909918492812515e-01,-9.705863392632686770e-02,7.273451015572574008e-01,-1.535623909952008592e-01
8.267287199029788036e-02,-6.639254718523577292e-01,2.946866615984999882e-01,-6.822960761564083043e-01
6.181158429378160735e-01,2.565322226773336656e-01,3.866816322767169800e-01,6.345087380779825814e-01
4.119609400282036038e-01,-5.276441045615678505e-01,7.411460279658919070e-01,5.081779258174687341e-02
3.990193384406338639e-01,5.377246743110259963e-01,-4.694599879790399832e-01,5.755371941709934713e-01
6.247252223745012323e-01,-2.415094096854820960e-01,1.986254665295062172e-01,7.154994937862890758e-01
6.647318449973461940e-02,6.666587243897468262e-01,-6.986503180930538903e-01,-2.510681062301117761e-01
6.604724228524042617e-01,1.134586195005692216e-01,-6.083533569625275694e-01,4.252170191618904749e-01
2.852948768173484417e-01,-6.065868887259878717e-01,-4.263525038732527382e-03,7.420518863541444299e-01
5.088675387760763780e-01,4.366220206511329804e-01,-6.031596330286228547e-01,-4.319878425919843057e-01
5.565008105496507262e-01,-3.743473646495749096e-01,-7.008674153195055823e-01,2.428080817865331809e-01
2.127207619272805661e-01,6.362571175496406495e-01,2.065590899140887227e-01,-7.122219458752752086e-01
6.701095617384673631e-01,-3.564488854210667163e-02,-4.619955612751396323e-01,-5.798643966907854885e-01
1.441010987143821198e-01,-6.555885880541301169e-01,-7.400386908162343014e-01,4.220441514218721546e-02
5.937166030810471229e-01,3.135382899876862361e-01,3.929005412019808130e-01,-6.283498234747030287e-01
4.604251935903032056e-01,-4.889360344613923881e-01,-2.859382814767001957e-01,-6.835126147326407997e-01
3.487903715409234606e-01,5.741421618665926152e-01,7.229636936227288313e-01,1.613367670150891442e-01
6.464591732735860408e-01,-1.833810874325150220e-01,5.491591500350189170e-01,-4.968763850248023028e-01
4.639540117112201170e-03,6.721314612707858238e-01,8.840332237498768619e-02,7.351208241034694613e-01
6.492798828320770488e-01,1.745336670590072192e-01,6.510140015454537465e-01,3.523555059939831868e-01
3.411997851704302032e-01,-5.795284414178067944e-01,6.635094300424092539e-01,-3.278486364655146534e-01
4.678889017352869106e-01,4.833162774730922484e-01,-1.155807125832341437e-01,7.308395517767575233e-01
5.906069612367950139e-01,-3.224006923087154308e-01,5.297264060368472860e-01,5.163633853061090351e-01
1.535519685266273082e-01,6.553050607534612881e-01,-7.273240842187315147e-01,1.341519542454883696e-01
6.727154425669246152e-01,2.647647341484159894e-02,-3.105155565925544758e-01,6.710685649034054956e-01
2.046899256910928722e-01,-6.415553329667480487e-01,3.683768944831384284e-01,6.409424722028168597e-01
5.640487930480607703e-01,3.682177489251786673e-01,-7.358248845229394819e-01,-6.947220850313277907e-02
5.052428979237891804e-01,-4.457679960305265809e-01,-4.816108315284437502e-01,5.604208371991364901e-01
2.952326327839260856e-01,6.058558618615251801e-01,-1.792712434375747510e-01,-7.166855575940161982e-01
6.627713100942247415e-01,-1.232962446852499117e-01,-6.884403804204501931e-01,-2.675482557764970459e-01
5.763631423531059145e-02,-6.718556164414111187e-01,-6.159062687039421613e-01,4.073666089761009412e-01
6.324270645777352318e-01,2.345038649512818929e-01,2.319352443784462869e-02,-7.379065020289841126e-01
3.945317689315013254e-01,-5.473069327317903188e-01,-5.888436628210846902e-01,-4.450426332869119594e-01
4.226176347541032996e-01,5.261546072518488160e-01,7.032534479484028322e-01,-2.235849995218441022e-01
6.198520303608228144e-01,-2.673423591952193701e-01,2.236252378727749124e-01,-7.030670497355461235e-01
9.267787948556209521e-02,6.688373702489713857e-01,4.446677436536978223e-01,5.885048687703690051e-01
6.695492072977277109e-01,8.877283829800888815e-02,7.370826873043578864e-01,-2.307280355063320160e-02
2.639100093741340025e-01,-6.219102872518226244e-01,4.068067774630886868e-01,-6.148880771104584531e-01
5.293349657698737110e-01,4.200827693156512499e-01,2.669205978493506271e-01,6.870868615984774275e-01
5.460030003028786272e-01,-3.984845082907926828e-01,7.148971318211619908e-01,1.789215225353737448e-01
2.387877815138409465e-01,6.325612347529669943e-01,-5.588514118055221136e-01,4.801372503883392651e-01
6.734856627629814962e-01,-6.176182469946629727e-02,6.914469386586631627e-02,7.333631776771285526e-01
1.198187406874602762e-01,-6.657965687374569619e-01,6.384568853070683447e-01,3.670574941906198374e-01
6.100232703725867456e-01,2.928435619770973775e-01,-6.682555501653913987e-01,3.091096528509748587e-01
4.448131434411902729e-01,-5.101677667537093397e-01,-1.336148166452370001e-01,7.238903217755848774e-01
3.734175855756478035e-01,5.647418261651546700e-01,-5.136396182496788532e-01,-5.270676608622693049e-01
6.439519270013837060e-01,-2.096284326462053704e-01,-7.267691010574712784e-01,1.148412368690577140e-01
3.061388184202685006e-02,6.767016291734950784e-01,3.259546344580271371e-01,-6.594628659658055003e-01
6.606011923743585479e-01,1.507067017291398026e-01,-3.499886731186949151e-01,-6.468396117865041761e-01
3.212405474921769533e-01,-5.967873126872138556e-01,-7.300175852258413700e-01,-8.788480712575642839e-02
4.898429120641603629e-01,4.686668838983648611e-01,4.932835030680003396e-01,-5.450473915527549451e-01
5.823270955085200207e-01,-3.474680143899737672e-01,-1.599834061652950501e-01,-7.173328673386227816e-01
1.799253437124865851e-01,6.539953199392513072e-01,6.778290930436844386e-01,2.836630268665201737e-01
6.784737719493482144e-01,6.994385776467758244e-04,6.229291521037405577e-01,-3.893996957135623105e-01
1.813695335816191967e-01,-6.539697098114606311e-01,4.191244747972069223e-02,-7.332612479081106471e-01
5.822267051671398130e-01,3.490379542080151998e-01,5.742416549436348827e-01,4.576364190491132300e-01
4.915897093696113829e-01,-4.684006062703175433e-01,7.050980154607378037e-01,-2.043947608937887739e-01
3.206890166058767866e-01,5.987171832892853596e-01,-2.403518161344125326e-01,6.934892166020965032e-01
6.626654583782319863e-01,-1.497409157006455438e-01,4.271908972335345389e-01,5.966239064589248242e-01
3.211105973969313049e-02,-6.787936888553797177e-01,7.336150401654434328e-01,-4.120759099354380506e-03
6.459118877574129280e-01,2.117403269718720060e-01,-4.202709235159811096e-01,6.011124836788239723e-01
3.761738741439313305e-01,-5.663686872074107370e-01,2.479021362509368498e-01,6.901190168403722458e-01
4.458836025698264538e-01,5.135291880914395479e-01,-7.063877011028966146e-01,-1.961937860077755114e-01
6.138729265925336742e-01,-2.931357785808784144e-01,-5.680328248723598428e-01,4.632171792799000265e-01
1.191387877189879346e-01,6.699392842439901852e-01,-5.003347721796089914e-02,-7.310840962878208948e-01
6.776561006530458231e-01,6.355348287237386207e-02,-6.255593573845811273e-01,-3.813379792927660272e-01
2.417525977358527256e-01,-6.364406162796865107e-01,-6.724610360383297403e-01,2.903363195464119806e-01
5.492433962566963812e-01,4.025876412110903635e-01,1.513646692797223914e-01,-7.164800204516105220e-01
5.344348576427706554e-01,-4.223371174178887633e-01,-4.973407260594310819e-01,-5.372736215283401284e-01
2.648653369543030878e-01,6.277577173699926405e-01,7.256849087934645892e-01,-9.564525451856409344e-02
6.757966955611145465e-01,-8.818370218571112973e-02,3.409943871642848179e-01,-6.474915357438688623e-01
9.495893295627305664e-02,-6.750588720543608812e-01,-3.315327091548667116e-01,-6.521996497031675721e-01
6.255718901901465845e-01,2.713404328816979016e-01,7.237328091049300971e-01,1.060424476923596815e-01
4.282199670598559327e-01,-5.308838109687995521e-01,5.044722906297542941e-01,-5.294315319748804649e-01
3.978087395207062227e-01,5.542583407793220118e-01,1.407772318468386019e-01,7.174452379318169148e-01
6.403375898791400234e-01,-2.359364600380245147e-01,6.668283947104229892e-01,2.994021540009697557e-01
5.694136719387710155e-02,6.802205991548565533e-01,-6.294205249971482896e-01,3.713319537823457916e-01
6.710030258675094839e-01,1.262595054407643635e-01,-6.040664449415650283e-02,7.281239687467078170e-01
3.004386358190774264e-01,-6.133247835932214009e-01,5.593678971901576702e-01,4.697625906035530208e-01
5.113256879735230687e-01,4.530130743211539524e-01,-7.064039768636052319e-01,1.852528455484100944e-01
5.729534570376833003e-01,-3.723483333937022688e-01,-2.567278417199601592e-01,6.834997219994395357e-01
2.064095251044975321e-01,6.515813025890444532e-01,-4.095805695675469593e-01,-6.042190588646008109e-01
6.831969569292258848e-01,-2.547831637187866760e-02,-7.296427302031185391e-01,-1.463761248425243452e-02
1.573873136946015994e-01,-6.654927502801943895e-01,-4.332854987788175016e-01,5.870368892671833372e-01
5.997214176335533553e-01,3.289828704417618876e-01,-2.288985191313240852e-01,-6.926109731494202171e-01
4.769108269342737239e-01,-4.906074923911856178e-01,-6.974459707807362241e-01,-2.131418996917694708e-01
3.460079376413321972e-01,5.904763298826566364e-01,5.766999796520790866e-01,-4.461315326299987172e-01
6.614604143803424208e-01,-1.763463917841408546e-01,-3.108417964059972255e-02,-7.282896704530217313e-01
6.138233468689892336e-03,-6.847148256043416037e-01,-6.123347691367178047e-01,-3.951886387458306005e-01
6.585353992479919816e-01,1.882746368335038445e-01,6.761268073479771434e-01,-2.715443415870258392e-01
3.569098037579094274e-01,-5.847869214884945377e-01,1.688179832721981855e-01,-7.086184706606284411e-01
4.687703222400206315e-01,4.998588572532123298e-01,4.808448447637875822e-01,5.469769127454915392e-01
6.067854891132282713e-01,-3.188416582163007829e-01,7.240766847641373349e-01,-7.657885980135833992e-02
1.458102718645340468e-01,6.699493548442977398e-01,-3.556256827337977433e-01,6.351673797847463554e-01
6.847663898074547451e-01,3.784052658942469588e-02,3.130247297120277161e-01,6.570225296945394478e-01
2.188540676094309911e-01,-6.501414859692516979e-01,7.169795952103327208e-01,1.239322611934745022e-01
5.685493866741520019e-01,3.841572467427181725e-01,-5.151719120173970934e-01,5.135880701066170007e-01
5.218046896806571855e-01,-4.458578268515346887e-01,1.216678611082525896e-01,7.170269141642056088e-01
2.909055568372204137e-01,6.218419683197065062e-01,-6.554504962040618166e-01,-3.147557314225577496e-01
6.770254885160486014e-01,-1.148655957504500502e-01,-6.353793559955314141e-01,3.531790718420384501e-01
6.956041418234629181e-02,-6.833469884262902694e-01,-7.866271456040735410e-02,7.225028854790047639e-01
6.403246694377368042e-01,2.490586600521112193e-01,-5.442368407222391014e-01,-4.814149590147528968e-01
4.106642930843970585e-01,-5.510398147575114036e-01,-7.071746286329573250e-01,1.661746236804496069e-01
4.219161194983173657e-01,5.426978605034127323e-01,2.727426736864353995e-01,-6.731101353143292831e-01
6.356093971481978633e-01,-2.622575348191249489e-01,-3.918523504987950767e-01,-6.112883240305424515e-01
8.357787589609028123e-02,6.826691728781941748e-01,7.251731290931527907e-01,3.318843026938151503e-02
6.804551341490225891e-01,1.012295014940590016e-01,4.458434319457152961e-01,-5.726753291598707385e-01
2.788220765296758885e-01,-6.291017340837486982e-01,-2.099252869617475592e-01,-6.945650665751395003e-01
5.322920585494620438e-01,4.363714555486828961e-01,6.880828247066670400e-01,2.297545288589416257e-01
5.624900336931859535e-01,-3.969936843746240118e-01,5.848499119118509837e-01,-4.288957415260731265e-01
2.329572125435489249e-01,6.480540881642826712e-01,1.231110836068098971e-02,7.249863947333298198e-01
6.868638100006392300e-01,-5.201356745028962864e-02,5.987966862074117769e-01,4.086015466191024736e-01
1.327792959216663460e-01,-6.760925261286702126e-01,6.792542313063201220e-01,-2.527493698112028286e-01
6.164925625373154361e-01,3.080787338874174108e-01,-1.859627741513150134e-01,7.003158292459532586e-01
4.612207996251116437e-01,-5.123427569075926780e-01,4.641671874054106306e-01,5.561736199907817424e-01
3.711412781380363790e-01,5.811351123874418656e-01,-7.219500219485504022e-01,5.765673092525758214e-02
6.591451180995386849e-01,-2.030658048467176013e-01,-3.698397716303152838e-01,6.225034421655323280e-01
2.023992647361310890e-02,6.895958916741331546e-01,-2.944804356979474624e-01,-6.613086454550909377e-01
6.702640557239590846e-01,1.641413557485422448e-01,-7.097673347258319776e-01,-1.415416599227550254e-01
3.367639483804210632e-01,-6.025201015391347115e-01,-5.253775180532511691e-01,4.975319425290257724e-01
4.912312632720147176e-01,4.851560741624085793e-01,-1.026702864295170603e-01,-7.160825664488564835e-01
5.985893458051783078e-01,-3.444118261994333907e-01,-6.437078701497312982e-01,-3.297142201510220860e-01
1.726459925399383144e-01,6.688544033064293126e-01,6.408050643408410574e-01,-3.349567404197600351e-01
6.908550379299298605e-01,1.167513401787017603e-02,9.666751553719343804e-02,-7.164065879459557973e-01
1.952474391775431972e-01,-6.629778052899747420e-01,-5.288630883432613450e-01,-4.925877596688004734e-01
5.872103210673399465e-01,3.648140790450549176e-01,7.074137011913075312e-01,-1.471753441623816494e-01
5.081228387099713251e-01,-4.689995680635755115e-01,2.883860207867522951e-01,-6.623323100621643089e-01
3.168603139982102967e-01,6.148114313352148752e-01,3.740218597962457481e-01,6.178301495613964800e-01
6.771567692178259712e-01,-1.417617903914029087e-01,7.202139927533772745e-01,5.151804858239777962e-02
4.366318985446908385e-02,-6.906340288381630499e-01,4.579380656903969116e-01,-5.580420163878682116e-01
6.542450399941333039e-01,2.260296533766639748e-01,1.909978861751604196e-01,6.959840737503412145e-01
3.921666691989156850e-01,-5.705921667504104677e-01,6.783094520384833626e-01,2.460206700416703585e-01
4.456922151019357403e-01,5.300685872696381251e-01,-5.924801041652376643e-01,4.115252949161803953e-01
6.297626115873122821e-01,-2.885436734434288497e-01,-6.271640220109044907e-03,7.211811617696689547e-01
1.104784118007240828e-01,6.840300136605773629e-01,-5.849588773927786312e-01,-4.215691790167780395e-01
6.889288294987886418e-01,7.565545302837740904e-02,-6.818451206345712556e-01,2.339669886529446574e-01
2.564206031748207937e-01,-6.440801926623431761e-01,-2.027873689854702843e-01,6.915825783429269125e-01
5.526975056442529066e-01,4.187605857672390131e-01,-4.473230525870479091e-01,-5.648602709402611444e-01
5.509428681642059011e-01,-4.213562122260671727e-01,-7.193109236941835904e-01,3.889336050947909962e-02
2.595206648100379931e-01,6.434067661472453459e-01,3.836282928460277297e-01,-6.095129947265621739e-01
6.894549638582232465e-01,-7.886213047943919918e-02,-2.759154895031482035e-01,-6.650588393817031818e-01
1.075829202458651046e-01,-6.857386081510009612e-01,-7.021057628420795949e-01,-1.588583467950033246e-01
6.325008416703065128e-01,2.863535390891019938e-01,5.350846954938763833e-01,-4.812781987434353037e-01
4.445361561162248232e-01,-5.335610654769623595e-01,-8.379934065300678747e-02,-7.146172862579112106e-01
3.960409362594638494e-01,5.706973997831314982e-01,6.316132406522833032e-01,3.442684547271515627e-01
6.557104978467030998e-01,-2.298517542920411882e-01,6.456975194280228925e-01,-3.166806395518961259e-01
4.698013942391505993e-02,6.934155269837917190e-01,-1.144081738686233835e-01,7.098440273676652756e-01
6.810657473423299413e-01,1.393765223577257961e-01,5.132613826927495682e-01,5.032756559270744612e-01
3.157625043717906532e-01,-6.195276819040089755e-01,7.071253550729437176e-01,-1.282701227896170248e-01
5.132203674890665202e-01,4.694353020724875147e-01,-3.036479488436762408e-01,6.511783739694739781e-01
5.892861818991464995e-01,-3.697980325599719009e-01,3.561047348007956859e-01,6.238434329140244428e-01
1.995989874927956709e-01,6.666432133303022978e-01,-7.147734544450443650e-01,-6.961306725894285397e-02
6.958987341339946120e-01,-1.490040748449310455e-02,-4.695631610472236206e-01,5.431513301786522474e-01
1.709672743508895976e-01,-6.749158481162874645e-01,1.721316571962566710e-01,6.968712087992804394e-01
6.051844888354742658e-01,3.445824807436467241e-01,-6.681373378052494205e-01,-2.619296590079368547e-01
4.934016708607669166e-01,-4.917156529736504966e-01,-5.995884867322942569e-01,3.940357273022047080e-01
3.426813093203004423e-01,6.066656023337935189e-01,2.465019118861478883e-02,-7.168812560402627598e-01
6.761771977322427185e-01,-1.688258591107167639e-01,-5.708353033891367945e-01,-4.340844191711242250e-01
1.730846616926287260e-02,-6.968947776109155612e-01,-6.839017312204180854e-01,2.152127040191051666e-01
6.672977271876219252e-01,2.022864255893962460e-01,2.192804149365935318e-01,-6.824295164613964904e-01
3.727495324744376504e-01,-5.894980757836180141e-01,-4.303278122596901900e-01,-5.730338372934786761e-01
4.690898036814225014e-01,5.163807626351164526e-01,7.161657981528887218e-01,-2.030304456321219836e-02
6.227945387078475115e-01,-3.147466268575079829e-01,3.969832796898747351e-01,-5.962095261602003982e-01
1.375971790976547038e-01,6.842876832823078237e-01,2.573455027606963430e-01,6.682744009920958961e-01
6.963970414107578666e-01,4.957739935538411219e-02,6.940049503932995689e-01,1.758703244356300266e-01
2.332656099675149974e-01,-6.582234070921386682e-01,5.442894696119705555e-01,-4.648419891016944971e-01
5.724982444162661777e-01,4.002009485281028955e-01,6.506968564125205357e-02,7.126365812586726856e-01
5.383200543227408819e-01,-4.453882562455608318e-01,6.191795727723002907e-01,3.584096496664281317e-01
2.860517821134569982e-01,6.376344550463184380e-01,-6.500570399910711172e-01,2.983664264717915682e-01
6.909529116762039846e-01,-1.059789355658748433e-01,-1.318720941611196129e-01,7.028245085681494864e-01
8.183697566482260599e-02,-6.944021248358440701e-01,4.974465943604000628e-01,5.134737424608386558e-01
6.477080993205091008e-01,2.638369956281976236e-01,-7.063141767783484015e-01,1.094739306612489693e-01
4.268753824230517302e-01,-5.542177285992152536e-01,-3.185188878387986144e-01,6.396607188794969368e-01
4.206589107852824472e-01,5.591691195107612034e-01,-3.381166180857944070e-01,-6.293275213565072690e-01
6.511494930114646307e-01,-2.566563886082179335e-01,-7.088600176129405961e-01,-8.746034168285354848e-02
7.403815475348944630e-02,6.961541900528922522e-01,4.807129014787764332e-01,-5.280178043062149218e-01
6.909098591576234849e-01,1.140175943935536201e-01,-1.533418225938453228e-01,-6.972301199253355675e-01
2.939334339581649580e-01,-6.357701804418489644e-01,-6.575782532786565993e-01,-2.774711784627207911e-01
5.346921316958761494e-01,4.527129895033054074e-01,6.061734384678187926e-01,-3.764426064270642858e-01
5.788797440900971258e-01,-3.949520338847285483e-01,4.281090158484093799e-02,-7.120943473430981774e-01
2.266217520897736148e-01,6.633065575525853852e-01,5.564401054315152306e-01,4.461405622165107165e-01
6.998759404448067212e-01,-4.184275832204913809e-02,6.854267594565238708e-01,-1.965019312460532519e-01
1.460496212775435620e-01,-6.859233172791154853e-01,2.354308875407570278e-01,-6.728677493603564264e-01
6.224311612601961530e-01,3.234886074961276226e-01,4.131968994890429236e-01,5.806917362638647218e-01
4.776555613264458766e-01,-5.139598574270347608e-01,7.125214524316290099e-01,-1.899871633012201059e-03
3.683201561402345003e-01,5.974060373969560800e-01,-4.098971652555370992e-01,5.826067309755139645e-01
6.740753967629282695e-01,-1.960107421581809839e-01,2.387860241655817561e-01,6.709570650203292574e-01
9.461418309891628936e-03,7.021057425709216204e-01,-6.854752952697572566e-01,-1.925659040103908370e-01
6.794488163518912494e-01,1.778635397446986233e-01,-5.529883064457459252e-01,4.482385526946179310e-01
3.524371764357004388e-01,-6.077156490526889332e-01,4.649580108683954577e-02,7.101463701546274487e-01
4.920620344345769115e-01,5.016466568518175295e-01,-6.064200618545791954e-01,-3.721294056074961887e-01
6.147045385998582967e-01,-3.408179644799190222e-01,-6.538843929582299763e-01,2.800297233476244374e-01
1.648876601107629181e-01,6.834286757633875053e-01,1.490469685391804244e-01,-6.953576819571209988e-01
7.028343698630129532e-01,2.303658995514810265e-02,-4.814337099428470101e-01,-5.231775482502730723e-01
2.093901023174989662e-01,-6.714959133263338487e-01,-7.049851743235036050e-01,9.080158270404395382e-02
5.916513029459518069e-01,3.807149234136449345e-01,3.329896387175487193e-01,-6.277919904867028666e-01
5.246317301390224230e-01,-4.690424346941713396e-01,-3.200731451555626217e-01,-6.342822115886005419e-01
3.125021894932935584e-01,6.307343180764763968e-01,7.024825484694410260e-01,1.050469926193960402e-01
6.913420444278642885e-01,-1.333181033048436992e-01,4.913818966121649701e-01,-5.126561153632439582e-01
5.558153666488920008e-02,-7.020558186280273505e-01,-1.346434753541693730e-01,-6.970648856864410936e-01
6.620773934274720718e-01,2.405604818435155834e-01,6.466442461562053046e-01,2.926352654766216643e-01
4.082588962458068571e-01,-5.742687825170855742e-01,6.122337871494691885e-01,-3.587615209789346005e-01
4.449473859339284076e-01,5.465582542721898474e-01,-6.074037066155972553e-02,7.068284840110763412e-01
6.454570735591043107e-01,-2.834314879825760025e-01,5.417875938198973840e-01,4.577313196574448462e-01
1.013688263183870064e-01,6.977941987888209852e-01,-6.864233392552713253e-01,1.778499831688010457e-01
6.997673302639348947e-01,8.810338774862778999e-02,-2.512280987260000487e-01,6.629086807193123043e-01
2.713064222386263880e-01,-6.512092515578815632e-01,3.959457962082019722e-01,5.878318317363844248e-01
5.556016897106755836e-01,4.350075483001899501e-01,-7.083850864630722999e-01,-1.630228785188356233e-02
5.673758412159435327e-01,-4.198256782487232441e-01,-4.223627875945070720e-01,5.687184983301469821e-01
2.536663209958211485e-01,6.588372208140225172e-01,-2.202525273863331357e-01,-6.731090091823407340e-01
7.027669359712883645e-01,-6.910759920607226214e-02,-6.765275136112043342e-01,-2.089337138054596366e-01
1.205319561557090108e-01,-6.959694064632283572e-01,-5.611781147163897865e-01,4.314832052071767565e-01
6.389106666536491508e-01,3.015603883945794372e-01,-2.809197349475339375e-02,-7.071529772352443954e-01
4.609008761917829378e-01,-5.356865041823872797e-01,-5.933481227157346716e-01,-3.854197151576622127e-01
3.937284650802685970e-01,5.870363573476822250e-01,6.571807919789143249e-01,-2.616861050790944554e-01
6.708419786462376244e-01,-2.232688275901964781e-01,1.659207857535828223e-01,-6.874535352788678777e-01
3.660306314536240779e-02,7.062452025188395988e-01,4.652378200559725285e-01,5.323830392462428618e-01
6.906658173507886911e-01,1.527970539004828432e-01,7.031437724916466125e-01,-7.226772632866969304e-02
3.312557149284119373e-01,-6.252039690291214535e-01,3.470513798915645931e-01,-6.155850779160106923e-01
5.145625121880921249e-01,4.858805544968634593e-01,3.019899321790250890e-01,6.387077490331614094e-01
6.054940343888803866e-01,-3.667091587784213069e-01,6.956502683309122581e-01,1.223604158158592276e-01
1.923026945923796416e-01,6.814414480276422825e-01,-5.015651856415707099e-01,4.970810709681437456e-01
7.082171359861986204e-01,-3.924583800397870095e-03,1.160515672684734045e-01,6.963800109652998893e-01
1.848286445200509887e-01,-6.838636025205470093e-01,6.353476305707670413e-01,3.074123186220946713e-01
6.101146007641957691e-01,3.603267534431021102e-01,-6.177688095354287867e-01,3.410080683102367227e-01
5.098900671695785203e-01,-4.922717291692695896e-01,-7.842544995121075724e-02,7.010920858649384302e-01
3.388233209521785416e-01,6.227055754860695291e-01,-5.268922363663770536e-01,-4.688508234975575784e-01
6.906086851622393885e-01,-1.608330226227907278e-01,-6.868950387493401033e-01,1.592720582966223875e-01
2.885789730727159400e-02,-7.086740996928722058e-01,-2.666617045602513447e-01,6.525640026147022654e-01
6.755730649496068940e-01,2.165569956203084179e-01,-3.785900209724128440e-01,-5.944524350884670127e-01
3.887090179803077139e-01,-5.936710691984954380e-01,-7.037642866030086042e-01,-3.428979206204742919e-02
4.688588161709449365e-01,5.328748353847083674e-01,4.343733945551687681e-01,-5.545589007626869904e-01
6.386302561953677293e-01,-3.101285478383746241e-01,-2.017603990635318534e-01,-6.747328516214580185e-01
1.289261886851670036e-01,6.983197683071966644e-01,6.671726307896052033e-01,2.249627075490005235e-01
7.076107105413359522e-01,6.167401308238133067e-02,5.688562474141355407e-01,-4.145913267488935405e-01
2.479128311745940616e-01,-6.658077577848559025e-01,-9.872285339089209577e-03,-7.036631266413522212e-01
5.759048936254960172e-01,4.163393283257134092e-01,5.799773786995998659e-01,3.982729684327583342e-01
5.547823415027783867e-01,-4.443709902707361215e-01,6.599478956251726425e-01,-2.433510871609293191e-01
2.806843509185603103e-01,6.532300201398635320e-01,-1.824818400334872193e-01,6.791223851379755150e-01
7.045538581948344037e-01,-9.664970558813550106e-02,4.488741072842670210e-01,5.410866207200583089e-01
9.445312247761382396e-02,-7.050248598217859763e-01,7.007958077867644242e-01,-5.388683026488423622e-02
6.545844640095543898e-01,2.788274832487366295e-01,-3.606956734478678483e-01,6.030531031497053940e-01
4.431559508706541806e-01,-5.568505452726308924e-01,2.838825637705280625e-01,6.426048267983770490e-01
4.188579291952650441e-01,5.755622488816952709e-01,-6.883727457156739726e-01,-1.393882913603728679e-01
6.664695691080894102e-01,-2.505520330497792991e-01,-5.112582404233577682e-01,4.813075978900728802e-01
6.407207851611000649e-02,7.092932519008802172e-01,-9.758089748074100234e-02,-6.951804226309550305e-01
7.009177269396360543e-01,1.271244631228536925e-01,-6.237009769301373741e-01,-3.217931048265207927e-01
3.092330428011642596e-01,-6.419231690221449682e-01,-6.227782310907058472e-01,3.231978421834393878e-01
5.365453806902510392e-01,4.690987366988464413e-01,9.585325309434604424e-02,-6.948939369132035582e-01
5.951665172658185954e-01,-3.923716703116779114e-01,-5.117686467495128344e-01,-4.794936300584946021e-01
2.197945603451850749e-01,6.783164473939629069e-01,6.868458566811451727e-01,-1.407832291057563578e-01
7.125234300265097520e-01,-3.126265904809656659e-02,2.817217127178718306e-01,-6.418456858122588704e-01
1.596173046388311423e-01,-6.952937860159074113e-01,-3.611451167171068621e-01,-6.005523056811016280e-01
6.278470261601906133e-01,3.390625092505880622e-01,6.986670189605851400e-01,5.204923802736655114e-02
4.941092565951230031e-01,-5.150295686749595259e-01,4.459226483172022970e-01,-5.401421828141852455e-01
3.649665042157896333e-01,6.135495134771162817e-01,1.833249269072308174e-01,6.758316480359279899e-01
6.887411201698704355e-01,-1.884764300904814005e-01,6.574219721884341228e-01,2.406421724705995191e-01
1.708503060791838899e-03,-7.142330970732112538e-01,5.760205030432657969e-01,-3.975783496825286423e-01
6.881608053306494943e-01,1.918611022828021206e-01,-8.149395598769816965e-03,6.996839363518894128e-01
3.682499384628942773e-01,-6.123823152325470476e-01,5.663216506087299651e-01,4.106819582892625720e-01
4.923460108653561207e-01,5.181309326777071567e-01,-6.621878052646921198e-01,2.250401136380587030e-01
6.306681171700424526e-01,-3.366988631146439204e-01,-1.987187397134966005e-01,6.703748683006990339e-01
1.566635349675630506e-01,6.977170457097684464e-01,-4.323578341214888154e-01,-5.492851392594516602e-01
7.144142149045675794e-01,3.477081002493945944e-02,-6.979475231001076585e-01,3.567317354714556049e-02
2.237856506170873838e-01,-6.795298395879219022e-01,-3.739144710580010189e-01,5.902094103120648638e-01
5.955583941297222239e-01,3.967305888372189004e-01,-2.657665808418961939e-01,-6.459745843066179161e-01
5.411091663434201005e-01,-4.685402561804364319e-01,-6.806598882043014553e-01,-1.561185928299637093e-01
3.076272042491168257e-01,6.464818213943623881e-01,5.204569682187193402e-01,-4.653507301434897658e-01
7.052207412876912995e-01,-1.244230238747598416e-01,-7.924610116788131930e-02,-6.934714649047860613e-01
6.785326775850063219e-02,-7.130620292036263796e-01,-6.117171015961672120e-01,-3.357687659346598186e-01
6.694152150034498039e-01,2.553212368456354575e-01,6.272622253764094102e-01,-3.053464205674180643e-01
4.244410651648850563e-01,-5.774076436012929303e-01,1.130111654598211779e-01,-6.882431778041194770e-01
4.436604092539961353e-01,5.629914622559356596e-01,4.964315728006480910e-01,4.896547234676439930e-01
6.609528277376017780e-01,-2.778118885922056802e-01,6.862802184838581177e-01,-1.223984304648063071e-01
9.182315963115392221e-02,7.112318425927312004e-01,-2.963984896698135252e-01,6.307659698802349224e-01
7.101750888504383408e-01,1.008846388890400902e-01,3.436266385461523298e-01,6.061306510101366340e-01
2.863987934905498078e-01,-6.578345072278113381e-01,6.931016224683176352e-01,6.956747170399266156e-02
5.579654052986902091e-01,4.513194599475725544e-01,-4.570046296046840761e-01,5.254827495573813900e-01
5.837275480815606876e-01,-4.177570330625079986e-01,1.649612879004299371e-01,6.764088884925534284e-01
2.473150550779209811e-01,6.740461358240287248e-01,-6.472871537923869933e-01,-2.559617370777336753e-01
7.157331565102469373e-01,-5.893317388685546249e-02,-5.826691265412105025e-01,3.804597464426465181e-01
1.337935967042071517e-01,-7.057552581585574414e-01,-2.595942670409220887e-02,6.952229118978279221e-01
6.448085121355774385e-01,3.169500500709898638e-01,-5.523949455310163126e-01,-4.226398852324349531e-01
4.773054918435972738e-01,-5.372699132125691168e-01,-6.639030626180182360e-01,2.067685451390414431e-01
3.908830459389161516e-01,6.032694897058985539e-01,2.146204155710672301e-01,-6.612219327938256841e-01
6.857296269628911922e-01,-2.162004906165434226e-01,-4.157043308756055988e-01,-5.569758844454264501e-01
2.582311952329808050e-02,7.187107071420221205e-01,6.946055620922240159e-01,-1.764083467542143513e-02
6.998077219256195747e-01,1.665088797054817271e-01,3.867001195703446137e-01,-5.770675548293988655e-01
3.469076834577228818e-01,-6.303612095223629641e-01,-2.476574685143581589e-01,-6.488186056029525695e-01
5.153622186224753321e-01,5.023406409539447059e-01,6.725219340800191459e-01,1.725395961620710128e-01
6.215718016665161549e-01,-3.630936131847282144e-01,5.291577141200988210e-01,-4.492255970274754984e-01
1.845334961874900426e-01,6.959741417411438036e-01,6.106163837724534749e-02,6.912588944318811546e-01
7.201537749434679947e-01,7.436279121499722242e-03,5.994090564200885707e-01,3.493308249626408957e-01
1.989594464305410038e-01,-6.923409832687594800e-01,6.312214131157208863e-01,-2.874693534738832490e-01
6.145197197791605337e-01,3.762054665539059095e-01,-1.298868535343047914e-01,6.811492980371176564e-01
5.263682806284248894e-01,-4.922861087170507521e-01,4.808958847282195359e-01,4.993295188189488809e-01
3.344460334963884618e-01,6.385915525522026792e-01,-6.852029720609337238e-01,1.041324481915384959e-01
7.047535513852364319e-01,-1.523807492677369813e-01,-3.106827675742152572e-01,6.193373531403755239e-01
4.077377788895202720e-02,-7.200549288763755662e-01,3.260501415402412007e-01,6.111871265325282687e-01
6.833668542289215164e-01,2.310746302144999209e-01,-6.870768016981214643e-01,-8.683159782464178189e-02
4.047784149969241851e-01,-5.973142536095030763e-01,-4.676138415677954518e-01,5.105951550511507175e-01
4.680880190427952892e-01,5.493338055008919474e-01,-1.466845366335902956e-01,-6.764684939264274943e-01
6.542884651156281040e-01,-3.049996204573632297e-01,-6.367800725890850888e-01,-2.709113786664184564e-01
1.198101629049024008e-01,7.120448227128688412e-01,5.888008098644584853e-01,-3.632510173632800266e-01
7.184100514889508737e-01,7.411776596837599262e-02,4.354440079082241150e-02,-6.902879398100971731e-01
2.627842935330561014e-01,-6.729004391511663741e-01,-5.382114455574795731e-01,-4.341403620183547640e-01
5.787780548894849719e-01,4.325629315381108730e-01,6.650966469959492811e-01,-1.885516470154681434e-01
5.711847554684392758e-01,-4.428169399514423898e-01,2.301761289178084202e-01,-6.516748287980075327e-01
2.748155793196728203e-01,6.686250108810561921e-01,3.989289835632895409e-01,5.641565901951874906e-01
7.178280765194919866e-01,-8.689074172675871621e-02,6.907769632966480611e-01,1.963190295371067034e-04
1.073964202753521224e-01,-7.152183568495288357e-01,3.990453663026615194e-01,-5.636412924634556232e-01
6.609601108520991586e-01,2.940189816149303415e-01,2.295706441094891304e-01,6.511389173407271524e-01
4.594969477854201623e-01,-5.589473367754630440e-01,6.639694437489341849e-01,1.886398882930938603e-01
4.165243172495857737e-01,5.918709353205869883e-01,-5.373572631450636017e-01,4.329474111341317655e-01
6.815664990161119929e-01,-2.439568793484215015e-01,4.304178304108217945e-02,6.885488750627252186e-01
5.369243519613833837e-02,7.220866392547423684e-01,-5.867901181331059979e-01,-3.624711920606042970e-01
7.104824012782893217e-01,1.405378606864920721e-01,-6.346568609327880583e-01,2.695821508528332133e-01
3.247100749674157183e-01,-6.475674796128626509e-01,-1.464682740549182460e-01,6.736221279455369970e-01
5.378612111772003157e-01,4.855200629979107840e-01,-4.651765632857995381e-01,-5.085138650097089652e-01
6.113445297637687403e-01,-3.892639472330008399e-01,-6.836193832653553182e-01,8.599990776969090867e-02
2.124881219899732165e-01,6.930811592632383222e-01,3.245656508851613720e-01,-6.075725824566079458e-01
7.248070878595643807e-01,-2.028598841658412963e-02,-3.084311686052227386e-01,-6.157218351620451502e-01
1.734703058202202164e-01,-7.042080868331030974e-01,-6.806016194323770696e-01,-1.038289895141328301e-01
6.327473550451997442e-01,3.547899404870493156e-01,4.777452133499934250e-01,-4.954940907151863527e-01
5.105736796061979277e-01,-5.155616117457617609e-01,-1.285095937570156222e-01,-6.760148123376490403e-01
3.610918663350140556e-01,6.295602135651492404e-01,6.259128967947602540e-01,2.854814305493299509e-01
7.031402187337146836e-01,-1.804754051432045370e-01,5.944146922365206587e-01,-3.459676785349500294e-01
1.325720917224120984e-02,-7.259792876470122502e-01,6.089115616855403368e-02,-6.848872808082778763e-01
6.964046575248915572e-01,2.061222290053612016e-01,5.237854964120667312e-01,4.451774179311713264e-01
3.841920808196761516e-01,-6.165277008966810746e-01,6.657719722235628801e-01,-1.704045775912357563e-01
4.920932105114800281e-01,5.346011351755663998e-01,-2.453754794184012378e-01,6.417450993484015154e-01
6.464752565683791197e-01,-3.320662356102294654e-01,3.820472218129586373e-01,5.708254357660491607e-01
1.479861838124364171e-01,7.117179723831146276e-01,-6.864691539530091147e-01,-1.782464189092981474e-02
7.255964231289808719e-01,4.686527691083214320e-02,-4.109433640221051842e-01,5.499445682327406271e-01
2.384225141055752450e-01,-6.870846882518026888e-01,2.115214452482766239e-01,6.529379864409639023e-01
5.989395828716549408e-01,4.128512816463428825e-01,-6.550132909512903501e-01,-2.044083755369637267e-01
5.575478304991628997e-01,-4.675033283498383208e-01,-5.450528419913622802e-01,4.165314563447027885e-01
3.022472202947178443e-01,6.620496233377195505e-01,-2.520061215402250032e-02,-6.853479723538711266e-01
7.187918469932134125e-01,-1.150891274560068150e-01,-5.738737776059834594e-01,-3.751821701703566547e-01
8.046599749867867912e-02,-7.236550217016687325e-01,-6.375700797594980873e-01,2.517002705758726311e-01
6.762640664584769201e-01,2.703006108567731491e-01,1.627436829279636232e-01,-6.656718304499165129e-01
4.407037565514635435e-01,-5.800171095743025251e-01,-4.492886879079362461e-01,-5.172040472390613264e-01
4.418418394502041657e-01,5.793613535383250746e-01,6.815351310884896208e-01,-6.801526321124723440e-02
6.762460672029271258e-01,-2.716968646857639280e-01,3.380386226640574310e-01,-5.954846428749334120e-01
8.185397430790153361e-02,7.243424585115119108e-01,2.907852383810118901e-01,6.197353264315325072e-01
7.201549701209511989e-01,1.139869727100069063e-01,6.736854889953614034e-01,1.205472976867617146e-01
3.016866893848229036e-01,-6.639619665391425229e-01,4.873941033230631548e-01,-4.801943736482209291e-01
5.597973666718006891e-01,4.676872891738854121e-01,1.104512345716686245e-01,6.750526146857697141e-01
5.999915989273906236e-01,-4.151610699825469264e-01,6.146980559181750570e-01,2.996625889862064573e-01
2.404789626202314401e-01,6.890302184770979999e-01,-5.995103600719103865e-01,3.286252496825959324e-01
7.283536626010275183e-01,-4.835138300161231917e-02,-7.798678648738507913e-02,6.790295627370512843e-01
1.473557799070188690e-01,-7.150995237136535954e-01,5.091315960004005881e-01,4.557455027387378732e-01
6.502008170291747602e-01,3.325117935458735685e-01,-6.659328832563246037e-01,1.523423765254383888e-01
4.937413723068026505e-01,-5.383203444140814975e-01,-2.602084126223490612e-01,6.314445708556352121e-01
3.875156911620403211e-01,6.193908827757366176e-01,-3.650745067688607737e-01,-5.769810464347794321e-01
7.003706666519416979e-01,-2.086589237991383627e-01,-6.816899435746283098e-01,-3.523072014194655183e-02
1.465278180545920642e-02,7.308125982752771144e-01,4.223876755938854033e-01,-5.359915052441547312e-01
7.084953082848131078e-01,1.805001290190884067e-01,-1.935251180211063349e-01,-6.542187174465562416e-01
3.627079927767268286e-01,-6.350062606292774525e-01,-6.456646537758280457e-01,-2.198342916881715625e-01
5.156288586485725522e-01,5.188073436414237793e-01,5.522421204680518780e-01,-3.999930758068814818e-01
6.375140524932716435e-01,-3.589626069468884184e-01,-7.551995133816562580e-03,-6.816631477914871784e-01
1.763036362573542071e-01,7.102390363672885787e-01,5.606737289988199535e-01,3.874564603578805611e-01
7.317097245055754762e-01,1.916978420522481852e-02,6.399630229333832521e-01,-2.338391064716635326e-01
2.133480196271605456e-01,-7.003523147021566420e-01,1.787016438647000272e-01,-6.573088926011528832e-01
6.184071071382880591e-01,3.922085321016792192e-01,4.332474248074082435e-01,5.253967891843736027e-01
5.428285178544647316e-01,-4.917684654808857081e-01,6.789563025611917713e-01,-5.019278608461249375e-02
3.295608365793467054e-01,6.543185914030116290e-01,-3.510935505797763700e-01,5.830867471301213190e-01
7.186100569771357582e-01,-1.434813252615742551e-01,2.731278332004644094e-01,6.232285953353867702e-01
5.304380771893431323e-02,-7.310388497030624322e-01,6.663381663547180978e-01,1.369744601979946685e-01
6.906838861465045554e-01,2.458278978372112344e-01,-4.965563019999308381e-01,4.647109348903396553e-01
4.209479799705150849e-01,-6.004352793775886710e-01,9.252407777899808450e-02,6.735870904854441843e-01
4.667873697655762766e-01,5.657503147280036337e-01,-6.031482306636896107e-01,-3.134459198326894347e-01
6.697647178877532692e-01,-2.993713922291813545e-01,-6.040878465711663203e-01,3.112392420831778805e-01
1.102614089378115697e-01,7.254616255437282835e-01,9.481865035932456054e-02,-6.727237732580410023e-01
7.287971539935812482e-01,8.689647514920434412e-02,-4.942643828837654518e-01,-4.658394903290515865e-01
2.778688125805535147e-01,-6.795066980409930624e-01,-6.655836524878478988e-01,1.343799533168391069e-01
5.811257522034150025e-01,4.488623736052235746e-01,2.746652272245947435e-01,-6.207853434490555600e-01
5.875203830316371167e-01,-4.407363275926530766e-01,-3.480263190146249963e-01,-5.826224938462558622e-01
2.684571519877473333e-01,6.838154788458123967e-01,6.764475172588425567e-01,5.240138196505896018e-02
7.307748631071897538e-01,-7.671435092711198500e-02,4.333722783364886699e-01,-5.217963934159961514e-01
1.206548236762630677e-01,-7.249852042187826529e-01,-1.755968052978602867e-01,-6.549844495533351241e-01
6.668407306833135095e-01,3.094005710066555226e-01,6.359350054802421770e-01,2.349072058650912009e-01
4.758893615157857582e-01,-5.605164847340332601e-01,5.589232125947448671e-01,-3.833476599123433748e-01
4.136685429811948200e-01,6.080887198717926934e-01,-9.890416614846299706e-03,6.775017527443636389e-01
6.964368372366728233e-01,-2.368827284803181332e-01,5.472038587845389213e-01,3.992871668596556511e-01
4.291151040306667025e-02,7.345341640879800016e-01,-6.418380839644816094e-01,2.160139764813916174e-01
7.196069616125595481e-01,1.542458990094722482e-01,-1.943310367773164182e-01,6.485441169130696792e-01
3.403538926249551344e-01,-6.527092346233049902e-01,4.170680150524200269e-01,5.330892548464415404e-01
5.386483459078484914e-01,5.019683428895082011e-01,-6.758893873725041468e-01,3.254655472889608769e-02
6.274077852425976598e-01,-3.856395589854319517e-01,-3.637226926146772676e-01,5.703923250181659466e-01
2.047143333646126717e-01,7.075977535136627194e-01,-2.554743871264735233e-01,-6.262030808450663733e-01
7.367272387020503688e-01,-8.924989745213269057e-03,-6.585697419990277357e-01,-1.530987107582363338e-01
1.875969135364411178e-01,-7.126697821179883707e-01,-5.052280346098436681e-01,4.490588076541586204e-01
6.371386888397027048e-01,3.706605618637143218e-01,-7.474257437707382268e-02,-6.716238431130834297e-01
5.270406035255684740e-01,-5.155650335291412922e-01,-5.912763426863929528e-01,-3.268228648930536773e-01
3.567071434388704998e-01,6.454326115150837984e-01,6.081476309799942470e-01,-2.938251465513473382e-01
7.172702607442427158e-01,-1.720196380195760932e-01,1.113743807546662412e-01,-6.659792523037145751e-01
2.517251978575903160e-02,-7.373451482753077268e-01,-4.791986247013744205e-01,-4.754546820116627992e-01
7.041844093262279447e-01,2.206354045124480356e-01,6.647289757603325189e-01,-1.165320759367108050e-01
4.002535786915250027e-01,-6.201587517983822018e-01,2.887365820396760041e-01,-6.097797811542667867e-01
4.913129869574194841e-01,5.510494480166718834e-01,3.309181465441961012e-01,5.877492960227634899e-01
6.621209076175069708e-01,-3.269311695651989091e-01,6.707504287455003933e-01,6.932370734624208886e-02
1.388676306934839844e-01,7.254295332477704861e-01,-4.438915680303385236e-01,5.073736781397586437e-01
7.363823333643703117e-01,5.930789404746574650e-02,1.577515351409002897e-01,6.552389533393060406e-01
2.532893919532093197e-01,-6.941649600321767588e-01,6.258361051292355981e-01,2.496170300764120609e-01
6.018022054693348277e-01,4.290673069924397232e-01,-5.650946773634749620e-01,3.666106342947106911e-01
5.739403278784976914e-01,-4.659412936167200425e-01,-2.711319994856759355e-02,6.728715221541545777e-01
2.963734917197224372e-01,6.774331576571666069e-01,-5.334782346900782679e-01,-4.106678017868673480e-01
7.320539485781066835e-01,-1.053284704327510091e-01,-6.431980939947233855e-01,1.982401108985135940e-01
9.340773335146547451e-02,-7.338366346044884470e-01,-2.096210659084633832e-01,6.393886124962656625e-01
6.826289024258808125e-01,2.854875358668699237e-01,-4.007657626435743303e-01,-5.402790500567409282e-01
4.570376203477584109e-01,-5.821048924157554705e-01,-6.723412722146810960e-01,1.509044363974115094e-02
4.395015895071419654e-01,5.956609653428664997e-01,3.759187024548895084e-01,-5.574150126540657890e-01
6.913327137648632714e-01,-2.650978165055489222e-01,-2.378402740644123270e-01,-6.286606641070088264e-01
7.147333809432027119e-02,7.371251427024824165e-01,6.503906326035953089e-01,1.689085875821446925e-01
7.297093062203400260e-01,1.273985208035404715e-01,5.134059633520322574e-01,-4.332531155191752803e-01
3.171592925067772684e-01,-6.695970269416527954e-01,-5.712099672235494696e-02,-6.691688848272494550e-01
5.611056460727166240e-01,4.841020449066696929e-01,5.790955442191122460e-01,3.397852479553375438e-01
6.161614725220132538e-01,-4.120479539349813924e-01,6.116906375381335748e-01,-2.763984214602024925e-01
2.331695695254147604e-01,7.037858829465342136e-01,-1.276418941473747015e-01,6.588056843037789490e-01
7.406280582391219225e-01,-3.737428476169034341e-02,4.639492065362968987e-01,4.845868095004655651e-01
1.612067812860207838e-01,-7.240050221544744868e-01,6.633739680790478044e-01,-9.881335961072582053e-02
6.550934098158172070e-01,3.482350692827845817e-01,-3.024135026667434945e-01,5.984405019234005918e-01
5.101998990322671457e-01,-5.388462143459528120e-01,3.137654727489208040e-01,5.923614170615320029e-01
3.836367986640039640e-01,6.353944656851635564e-01,-6.646075932335736569e-01,-8.598503767386951602e-02
7.147620077234299041e-01,-2.006557580850133748e-01,-4.539403626180675833e-01,4.927379488619456072e-01
3.104077880392630551e-03,7.425509856319716384e-01,-1.400042093499383189e-01,-6.549864271889904721e-01
7.167318747791813216e-01,1.947592407641293155e-01,-6.153799880639966302e-01,-2.639540264948717074e-01
3.786463779969132526e-01,-6.391453694131866703e-01,-5.707555191780105952e-01,3.497974478399458187e-01
5.153711766928393834e-01,5.352724293962263236e-01,4.410317001823368943e-02,-6.677805679688820772e-01
6.533151743890330820e-01,-3.543267517074140671e-01,-5.195110945390063462e-01,-4.215922895267223414e-01
1.676248300963240900e-01,7.242335403878217281e-01,6.440463189450006398e-01,-1.805326407215454843e-01
7.428855971542263070e-01,3.126395453727153634e-02,2.245612676789506268e-01,-6.298537860058656124e-01
2.279829855499917457e-01,-7.079013661783768452e-01,-3.843560225836205047e-01,-5.469642236620230191e-01
6.217834153959936883e-01,4.083259860711698774e-01,6.683192348588654630e-01,2.161886944474524647e-03
5.592629432312523630e-01,-4.907278548399479079e-01,3.876746345741460265e-01,-5.441686416179292163e-01
3.241785360337491317e-01,6.698815451910250518e-01,2.202407959787298641e-01,6.306036663183584023e-01
7.321761106874493663e-01,-1.341465294970390076e-01,6.418115724888328044e-01,1.843929417898411138e-01
6.565608133048729533e-02,-7.416269736510563426e-01,5.210871893186680426e-01,-4.173090606079272735e-01
6.975283919996611015e-01,2.608056211853324591e-01,3.967342778596520680e-02,6.662286315073916443e-01
4.372080654167039282e-01,-6.030411908378093822e-01,5.666192075584132182e-01,3.523252805482112171e-01
4.649662173084209704e-01,5.821169364478225861e-01,-6.147182340913536214e-01,2.589744808627058026e-01
6.850543397308439530e-01,-2.932548434014984884e-01,-1.436093994254745154e-01,6.512130901894974677e-01
1.002917485035682565e-01,7.385685867741715871e-01,-4.485311192430976868e-01,-4.932320375675470214e-01
7.387736239439559593e-01,9.999832687207484139e-02,-6.615241590349199008e-01,8.123825577055432401e-02
2.931554305932757565e-01,-6.856312178942635116e-01,-3.156873878854374871e-01,5.867803675077833958e-01
5.829554073836830108e-01,4.652283386302086821e-01,-2.965837644845345511e-01,-5.964592664899106556e-01
6.037822172996228920e-01,-4.381387779690938955e-01,-6.580282799616496980e-01,-1.023729851240690741e-01
2.616202036014993459e-01,6.987972269406985681e-01,4.635139055777997563e-01,-4.779039276083786869e-01
7.433931292738610308e-01,-6.613237698674175047e-02,-1.223695921585020302e-01,-6.542314934161009843e-01
1.342166306800692543e-01,-7.343274968373374456e-01,-6.045789562048833332e-01,-2.779088144548742534e-01
6.722314485744479429e-01,3.249615311617659597e-01,5.759051879605318058e-01,-3.329235607352604154e-01
4.923242221979588495e-01,-5.615657735739196799e-01,6.084739008463047050e-02,-6.622373723276184787e-01
4.103004888016644758e-01,6.242090253485728102e-01,5.053168350168466549e-01,4.320549708209094897e-01
7.110768691659949958e-01,-2.293408493914384505e-01,6.443864563519177135e-01,-1.629065861397814285e-01
3.174114931087407276e-02,7.466352383379214475e-01,-2.391415182688750862e-01,6.199513324064698239e-01
7.282939856834531600e-01,1.682370076107223555e-01,3.678541889664078135e-01,5.531432683739053724e-01
3.561540303865423085e-01,-6.573539895497113594e-01,6.638309379691869072e-01,1.919700126190493003e-02
5.389149164949960102e-01,5.184349663571039546e-01,-3.989839489913781234e-01,5.306672280108744033e-01
6.433501454438076417e-01,-3.815086270910941768e-01,2.026911712028213186e-01,6.320348462932471323e-01
1.964845773825986686e-01,7.218630020047305251e-01,-6.328436048817330795e-01,-1.995409455419936418e-01
7.482837935591110101e-01,2.808511044259730943e-03,-5.282692540802660375e-01,4.012419117639374200e-01
2.019857082947764948e-01,-7.206819254755578719e-01,2.241375056503173632e-02,6.628098971221751956e-01
6.410270015848832381e-01,3.866641797821387949e-01,-5.538609144492627756e-01,-3.644355673612640345e-01
5.435017913378780152e-01,-5.150482968858530741e-01,-6.172322303925239506e-01,2.415686826808685905e-01
3.518226773022518072e-01,6.611610164501350306e-01,1.592654065477907555e-01,-6.432118191853030131e-01
7.311285076679816530e-01,-1.631206051904236509e-01,-4.329594477567199617e-01,-5.013869663600122317e-01
3.744264874290743200e-02,-7.483310866472241418e-01,-6.591854879450487203e-01,6.382104116314703257e-02
7.115035824644541096e-01,2.353893794391491434e-01,3.285500157219939932e-01,-5.748124732089392452e-01
4.164245266598421980e-01,-6.232818479898371011e-01,-2.793884601869333628e-01,-6.000436983061103735e-01
4.900141178794464869e-01,5.674680196639524388e-01,6.510221045607500479e-01,1.184754418045860236e-01
6.775998344866007717e-01,-3.213042078641850097e-01,4.726078689611842298e-01,-4.628864574692892475e-01
1.293194251435584030e-01,7.388494816896332695e-01,1.048622990706728764e-01,6.529791940951202855e-01
7.467728467755623267e-01,7.208693540595662030e-02,5.934455682034938118e-01,2.914723771511331107e-01
2.683752236988671824e-01,-7.007746362897867565e-01,5.805435789310653405e-01,-3.160044325629149942e-01
6.041530348155009777e-01,4.453690634863630149e-01,-7.733318111428769126e-02,6.562507805033414021e-01
5.902792042076628887e-01,-4.638632275708737263e-01,4.909100003768805398e-01,4.420506065118237071e-01
2.900167431114484828e-01,6.926276504389123900e-01,-6.442226319054946693e-01,1.453768451413693930e-01
7.450052928233492633e-01,-9.515265486414747897e-02,-2.533520409151397978e-01,6.096932255664592182e-01
1.066668296047374315e-01,-7.436082585270109568e-01,3.512756830847428846e-01,5.588151212931224965e-01
6.885141546638349208e-01,3.008711587042613989e-01,-6.588844226622140310e-01,-3.600169802357824217e-02
4.734333744719040893e-01,-5.836781440774065910e-01,-4.098405157185603942e-01,5.169249614190094544e-01
4.366490155983239196e-01,6.118832517233290247e-01,-1.852065228630874749e-01,-6.329573977184125289e-01
7.062084615020245426e-01,-2.580256306850997605e-01,-6.234980729933458088e-01,-2.143420998919355891e-01
6.069288502766238824e-02,7.495786359812550703e-01,5.349501409487111836e-01,-3.850669927252323155e-01
7.388399723794102369e-01,1.411077377463487992e-01,-5.355637719392780487e-03,-6.589198879280535603e-01
3.328059749479302387e-01,-6.747445606312493238e-01,-5.408344453557577536e-01,-3.761091113682703546e-01
5.618977601422543433e-01,5.005547790548180442e-01,6.192348760850757694e-01,-2.241963169911604659e-01
6.322305415821367625e-01,-4.084273039394626381e-01,1.745987349294159108e-01,-6.348125403995635851e-01
2.253979046313988877e-01,7.183092965605240021e-01,4.172493593783556109e-01,5.090486333945429820e-01
7.525555780787452909e-01,-2.601352465671497374e-02,6.563642987145287266e-01,-4.657580713723549065e-02
1.753351754344371904e-01,-7.324741076945144869e-01,3.409935492257754608e-01,-5.625501374979021696e-01
6.594915924626233439e-01,3.641094921635704695e-01,2.621949580647351397e-01,6.031160096970830109e-01
5.266724719770877750e-01,-5.388553894126362209e-01,6.435990211901971847e-01,1.342805886400562643e-01
3.792562321789836877e-01,6.512740394149768575e-01,-4.812183561111481045e-01,4.477004910419288275e-01
7.289002951956591314e-01,-1.922021445020349606e-01,8.749678585782739992e-02,6.512349866039518487e-01
8.811355775977447111e-03,-7.539255966750891824e-01,5.819926294525900046e-01,3.046360680391612119e-01
7.245202481814354556e-01,2.092749290111250160e-01,-5.846710320641707037e-01,2.990555104449965640e-01
3.947127138445321037e-01,-6.427842562570932339e-01,-9.354813112912131745e-02,6.498299936135210064e-01
5.145973734612333539e-01,5.517276596422369117e-01,-4.763052710841651494e-01,-4.515743809716623036e-01
6.689694054316873695e-01,-3.491961374483896208e-01,-6.435593956885381495e-01,1.279581822647681832e-01
1.585083307733426150e-01,7.379547801274469743e-01,2.671834129097062083e-01,-5.990917086961072835e-01
7.536816113014650487e-01,4.370718303125157439e-02,-3.346359415846906216e-01,-5.639791640984864740e-01
2.428532168977310390e-01,-7.149914298297034287e-01,-6.534881018196350144e-01,-5.256302020118754775e-02
6.246547713335964813e-01,4.245479795767166942e-01,4.202386188861700900e-01,-5.029561938023472401e-01
5.756636924210549733e-01,-4.891727958151976807e-01,-1.678018674384650355e-01,-6.333749460995942160e-01
3.183094293006459297e-01,6.852750971550017889e-01,6.137866109157296135e-01,2.287862423706522041e-01
7.454493229340871663e-01,-1.243876968377950615e-01,5.411282759061287750e-01,-3.687996703189423964e-01
7.859904128856107230e-02,-7.518200073960650265e-01,1.148745860576480364e-02,-6.545661964097144736e-01
7.039041213162792188e-01,2.759968504013350921e-01,5.275537686379743185e-01,3.873393186320888693e-01
4.535491148549958274e-01,-6.051385085059038937e-01,6.207288583695678152e-01,-2.068725944264083738e-01
4.626333825484206241e-01,5.984261926414206068e-01,-1.895985215702907511e-01,6.260262342193496643e-01
7.001524663244299562e-01,-2.866604597992510883e-01,4.014160920565649771e-01,5.162145152216618404e-01
8.991257794753067245e-02,7.513638028707060323e-01,-6.530673344249471324e-01,2.951644913593501687e-02
7.483406527742776371e-01,1.134118334560735575e-01,-3.530105419336733719e-01,5.500068915215465815e-01
3.086333936060758343e-01,-6.912781969212519195e-01,2.450186043889307774e-01,6.056779394329966371e-01
5.842739213806369403e-01,4.816515780177548778e-01,-6.357693144623096648e-01,-1.497769040126840923e-01
6.199631779578925750e-01,-4.350333968948252861e-01,-4.893419040502186013e-01,4.323610788484628098e-01
2.543153890438965004e-01,7.135658497699784997e-01,-7.028733774456057126e-02,-6.490047388812211215e-01
7.556814586581057647e-01,-5.515625737717921862e-02,-5.702331819616300868e-01,-3.173916169378366292e-01
1.480704432765778400e-01,-7.432469065797567831e-01,-5.882883312161977241e-01,2.820922172665549787e-01
6.771369019746307227e-01,3.406913220522345132e-01,1.094801043246546451e-01,-6.429845611051347998e-01
5.087926040117191073e-01,-5.621024707875548199e-01,-4.615174524158011660e-01,-4.606219052033116990e-01
4.064295281142962790e-01,6.402251798112055248e-01,6.424017181210773808e-01,-1.106652175147542216e-01
7.254826540133643142e-01,-2.213420464760934292e-01,2.806265723144684698e-01,-5.881592846317504897e-01
2.019281016464903947e-02,7.583889331043501825e-01,3.179504046590699295e-01,5.686352229150368753e-01
7.365456206836727970e-01,1.824998978471039368e-01,6.476507531612715196e-01,6.886826458636656489e-02
3.721001797904710529e-01,-6.615068109153519060e-01,4.301729605356166553e-01,-4.887754283272869316e-01
5.386685424989052784e-01,5.349113446493775070e-01,1.504921034445294015e-01,6.332915454104383057e-01
6.591653567361163146e-01,-3.768807748034497807e-01,6.037211343531644347e-01,2.428635542806461822e-01
1.878097882057224166e-01,7.358734334222304385e-01,-5.468025282044670643e-01,3.524553426842938486e-01
7.594763104479104188e-01,1.490305525485527936e-02,-2.810231674239218810e-02,6.497567949673248577e-01
2.166255302553925233e-01,-7.282471335021305503e-01,5.140330296523349940e-01,3.981200027804954744e-01
6.444177780171124192e-01,4.027907345173021292e-01,-6.217172993654077606e-01,1.896126346852547440e-01
5.599490050323401302e-01,-5.140193584154125750e-01,-2.042542289099946173e-01,6.168641835200706636e-01
3.464483229229525230e-01,6.767396022336610306e-01,-3.854749426907488896e-01,-5.228825287481538853e-01
7.447119617190187668e-01,-1.537893506882411221e-01,-6.493017316605214084e-01,1.265665635735721203e-02
5.005615715036782626e-02,-7.589371463229598325e-01,-3.645939430106053258e-01,5.371964685126656702e-01
7.183652562392506269e-01,2.503731419118589985e-01,-2.278746818715426947e-01,-6.077316659508893437e-01
4.326951304298073397e-01,-6.259028808767634899e-01,-6.275435911657480936e-01,-1.649531721407516693e-01
4.882048813661006292e-01,5.838489758685987407e-01,4.969754855261981907e-01,-4.168833577554992842e-01
6.929066469675313478e-01,-3.151954187892216930e-01,-5.324805874657125015e-02,-6.462947244115657686e-01
1.193527010440251501e-01,7.519752966793494808e-01,5.581804941170879220e-01,3.297311358132619108e-01
7.567684902651037326e-01,8.519100204467319748e-02,5.913967029368693007e-01,-2.651299399688773484e-01
2.836691642775264199e-01,-7.069172515581931826e-01,1.251172499374840208e-01,-6.357243730230743850e-01
6.059983567830516948e-01,4.617470384460968802e-01,4.465614630370873805e-01,4.691892196040697849e-01
6.065569613558162709e-01,-4.612777137401055660e-01,6.407549856206287142e-01,-9.351241543136294687e-02
2.831872372801893523e-01,7.076281550568164214e-01,-2.936728243691015816e-01,5.769087059835158460e-01
7.576438378565987231e-01,-8.457288436859697334e-02,3.012345043008571865e-01,5.727835678562339661e-01
1.202319472947799422e-01,-7.529709006908602564e-01,6.413815120881227738e-01,8.490499110213295397e-02
6.939238047109627106e-01,3.164408196139710805e-01,-4.396386640942826496e-01,4.743973081404388448e-01
4.898818034973421165e-01,-5.847435320631528821e-01,1.332920002704342244e-01,6.327116744429539530e-01
4.332929901527592942e-01,6.280211023500571477e-01,-5.933138311965977518e-01,-2.565645676984941170e-01
7.208688142354721107e-01,-2.504907455381226722e-01,-5.519722106397900729e-01,3.360494275310156320e-01
4.952386830308224547e-02,7.617013772015900352e-01,4.447595522849577543e-02,-6.445000293592024754e-01
7.475484523002892123e-01,1.551033644088429531e-01,-5.002865397750646537e-01,-4.084453891677475856e-01
3.486162803858683379e-01,-6.794089871810805592e-01,-6.222037531674424748e-01,1.724314551694333952e-01
5.621807445645982115e-01,5.170365885295682418e-01,2.185556523840396226e-01,-6.073379647062143727e-01
6.481920945514263455e-01,-4.043082643522574737e-01,-3.694412554318854958e-01,-5.290510322477525174e-01
2.171745624767131011e-01,7.325964196612950730e-01,6.450750145740262731e-01,3.990098347123988490e-03
7.641351424382961666e-01,-1.428038526458025141e-02,3.757371020808536466e-01,-5.241327931043641142e-01
1.897298027156782418e-01,-7.405087358694493194e-01,-2.107783981535348850e-01,-6.092798051259618042e-01
6.634002128836078427e-01,3.801248270088178893e-01,6.189327718021985225e-01,1.797984911692746823e-01
5.431505149028686974e-01,-5.383552594228541155e-01,5.041165107467642237e-01,-4.012825393722078693e-01
3.743833906057416616e-01,6.670233014303538210e-01,3.639286123011794410e-02,6.431116169367377955e-01
7.427819511970712441e-01,-1.833088143362770206e-01,5.458480503286502472e-01,3.416471242596830771e-01
2.108222738190821191e-02,-7.649358330939384221e-01,5.939978149619482561e-01,-2.481840179341351094e-01
7.318628504152074887e-01,2.240361530414848312e-01,-1.404480108435135488e-01,6.280596520734319510e-01
4.108970035578158320e-01,-6.459281870143989135e-01,4.314523235502384924e-01,4.772727964074637286e-01
5.133151782709205468e-01,5.681647988869014121e-01,-6.386249959798004916e-01,7.651407434125974405e-02
6.844708616268633250e-01,-3.435803998284525096e-01,-3.063138475997020937e-01,5.653529651520070587e-01
1.489649866569248138e-01,7.513996439563983554e-01,-2.845036526381222175e-01,-5.764249122375495471e-01
7.640976490831499213e-01,5.648818883716631017e-02,-6.346898643024576625e-01,-1.006610318804050108e-01
2.579478110352105280e-01,-7.216253877321968657e-01,-4.486312775166790834e-01,4.598366051069145422e-01
6.270268476419581516e-01,4.408647711018521820e-01,-1.162161871741043129e-01,-6.316402328669490363e-01
5.920228839381616037e-01,-4.871113420780120995e-01,-5.825771519496059092e-01,-2.698801721853343327e-01
3.119633706740777557e-01,7.004937906007219217e-01,5.566370794927696375e-01,-3.195973504603253357e-01
7.584270519645074371e-01,-1.142157729296901930e-01,6.059564231568067422e-02,-6.388046119079371366e-01
9.186143772940721930e-02,-7.616183117682939763e-01,-4.863287653656183096e-01,-4.183101187103337448e-01
7.098144093150865475e-01,2.913908397945528805e-01,6.221922025972524972e-01,-1.553439597785492843e-01
4.699616583400979541e-01,-6.067333001432548834e-01,2.324929277202008870e-01,-5.974594385793812190e-01
4.597972278303923410e-01,6.146705684486499788e-01,3.533304100395566749e-01,5.347188260233398660e-01
7.150540762758573754e-01,-2.795982958885484537e-01,6.403950887039285833e-01,2.041056837492625023e-02
7.913492027578800103e-02,7.638451047695760110e-01,-3.864337737376525861e-01,5.108299705649393951e-01
7.574990774327351462e-01,1.271257959701929396e-01,1.937448744316258575e-01,6.103254077285112933e-01
3.242921314176340220e-01,-6.964514157054374488e-01,6.099480819350698857e-01,1.943022810113904653e-01
5.850877446127739079e-01,4.981229091965531097e-01,-5.107628287626588826e-01,3.855738984836331595e-01
6.360561287085402249e-01,-4.314288392305327680e-01,1.973545565598330137e-02,6.394624849063084149e-01
2.465529442010531702e-01,7.281167684638861770e-01,-5.332495405773493014e-01,-3.531324746629032618e-01
7.676381568683641188e-01,-4.379707247340747928e-02,-5.960937743863140570e-01,2.312697314833441764e-01
1.622051332590067896e-01,-7.517447431189179241e-01,-1.554611319011552084e-01,6.200009454875949899e-01
6.815613083041424103e-01,3.565795671519132459e-01,-4.162051450411909381e-01,-4.848695417880372616e-01
5.252856270295132024e-01,-5.621333964004552319e-01,-6.360179534701618786e-01,5.968431578838032103e-02
4.020645916676690579e-01,6.561304367765686818e-01,3.185416996060153605e-01,-5.535052842336838363e-01
7.396500618647904313e-01,-2.128967180252240021e-01,-2.677732303432444061e-01,-5.795604114749761671e-01
8.277610669846904856e-03,7.697940298216779942e-01,6.275856382151534518e-01,1.161245000789178916e-01
7.443636448040968911e-01,1.970235318596746943e-01,4.571467760947663383e-01,-4.451082085219970064e-01
3.881821757777695336e-01,-6.651723437169775321e-01,-9.927914244121621712e-02,-6.300825370049837337e-01
5.379163999071112645e-01,5.513889151710186232e-01,5.715238000238864746e-01,2.828016211830416404e-01
6.748470729977943394e-01,-3.717651916920272637e-01,5.607973341495123831e-01,-3.031145333422668453e-01
1.787005072878112277e-01,7.496253724411806596e-01,-7.644890523616597322e-02,6.326796144777321329e-01
7.703040469514536026e-01,2.734750788852168338e-02,4.721743166948395021e-01,4.277092513802587259e-01
2.315054513187819185e-01,-7.353676478960623486e-01,6.216870556674272130e-01,-1.383649278287863715e-01
6.473160807264224381e-01,4.190302898603916470e-01,-2.460565379116807505e-01,5.872407410623156077e-01
5.763740134496526668e-01,-5.124857358331446067e-01,3.371578102705810043e-01,5.398851527510708515e-01
3.405935112277664878e-01,6.921624329209447035e-01,-6.352702345485713442e-01,-3.659174304543572065e-02
7.580174069883568455e-01,-1.440365396874969395e-01,-3.966781217128475534e-01,4.973022759769629153e-01
6.300191274151159537e-02,-7.691630605264471177e-01,1.767891341917691983e-01,6.108719565868323542e-01
7.247721300547058654e-01,2.655758927471854602e-01,-6.006010433749139343e-01,-2.084542908756372992e-01
4.490556995664264917e-01,-6.280273199665817874e-01,-5.169127285313129816e-01,3.697727614965888865e-01
4.858931220639596815e-01,6.001844303990550022e-01,-3.289340537487740919e-03,-6.353547856720122011e-01
7.080358283630948657e-01,-3.086144567930773075e-01,-5.203988498836914500e-01,-3.641804770333401109e-01
1.089782276940730321e-01,7.648042257343763417e-01,5.976871255302546038e-01,-2.144022904795600259e-01
7.663694713611823861e-01,9.860898439331965137e-02,1.701456680126253729e-01,-6.115591167001253048e-01
2.991605623149267146e-01,-7.125959563581012457e-01,-4.008351176271890970e-01,-4.919767976381583252e-01
6.073440364334551367e-01,4.781918036690068763e-01,6.329404636765539882e-01,-4.303707417342568509e-02
6.227660708664248812e-01,-4.581929083804058833e-01,3.303488225423804603e-01,-5.413791048169137587e-01
2.758948340211996864e-01,7.224295823801200056e-01,2.510585751455015613e-01,5.821916616616993334e-01
7.699672978138940582e-01,-7.360001263362833668e-02,6.200789971495722641e-01,1.312837984348443066e-01
1.340920194088562334e-01,-7.619252407673308136e-01,4.651815649396884300e-01,-4.302271138047467081e-01
6.988614468503256960e-01,3.321860335998029212e-01,8.249518273664564749e-02,6.280443153255568234e-01
5.063737574153330812e-01,-5.853073049591791532e-01,5.601667219072671289e-01,2.953205381109929584e-01
4.294419652147341560e-01,6.440673587250071996e-01,-5.644536163980294896e-01,2.866163827709196088e-01
7.353091179465555127e-01,-2.425032077151941523e-01,-9.202353920152948896e-02,6.261344612344257321e-01
3.797720616442581965e-02,7.734915494848311202e-01,-4.578379368205978683e-01,-4.366382693893862688e-01
7.558358948145081913e-01,1.693743960799620474e-01,-6.206931417476756474e-01,1.215090031639624590e-01
3.645799084418749336e-01,-6.835943365205816580e-01,-2.592373199056270394e-01,5.766942737756701742e-01
5.619612187858344932e-01,5.335386169418663282e-01,-3.209388723269812616e-01,-5.445496974950824187e-01
6.640393544013570848e-01,-3.996995666982001150e-01,-6.297091009067945500e-01,-5.252085702515313370e-02
2.085097577940432656e-01,7.466430401083032908e-01,4.064647227410795316e-01,-4.835641433455518112e-01
7.753654049619997934e-01,-2.185829502521158610e-03,-1.599260921168808025e-01,-6.109233634407207347e-01
2.043797403000989499e-01,-7.481105208739976531e-01,-5.909034652007989497e-01,-2.222446065176572894e-01
6.668237277921017503e-01,3.962709759318050473e-01,5.225649396478589948e-01,-3.538944949251536798e-01
5.596254799063863361e-01,-5.373528014042978640e-01,1.293220736769033243e-02,-6.307963594339294211e-01
3.690272682039583141e-01,6.826358669777203847e-01,5.073100476972451922e-01,3.747848235226698965e-01
7.564032114385187411e-01,-1.739861313811982835e-01,5.987808474948904669e-01,-1.975968230660622993e-01
3.369754926690590041e-02,-7.755808197640684520e-01,1.844909919090324535e-01,-6.027453368479273044e-01
7.387617564331956377e-01,2.390320912957918653e-01,3.853574990322842786e-01,4.985923430038642912e-01
4.271893692078946869e-01,-6.485820355963161088e-01,6.293995280720078300e-01,-2.658608659118260470e-02
5.115319118501175932e-01,5.845756220083622168e-01,-3.417280482774168737e-01,5.289880776851283439e-01
6.998135605885544841e-01,-3.374887786710391024e-01,2.343749704473903628e-01,5.843206978323504108e-01
1.390052913764523168e-01,7.645648206050600360e-01,-6.121804313505492257e-01,-1.461276275519294565e-01
7.741333064842241818e-01,6.959597944064213615e-02,-4.727324811211986444e-01,4.152084111991177773e-01
2.732560668339562016e-01,-7.278057701928011269e-01,6.587845263811881180e-02,6.255317036653754714e-01
6.289049251378188155e-01,4.572667197051349941e-01,-5.485190972197580006e-01,-3.074289221474156841e-01
6.083326291254647078e-01,-4.845511436152017404e-01,-5.676070093981364639e-01,2.701182786199480268e-01
3.051498279695936122e-01,7.155320548742925002e-01,1.073076161700548120e-01,-6.191789211927358760e-01
7.711064438888797223e-01,-1.036413618230969808e-01,-4.433344904616294824e-01,-4.450930800176828295e-01
1.054322931661415413e-01,-7.710219529106995262e-01,-6.192157074515056703e-01,1.047906834257295861e-01
7.152622354640925106e-01,3.069770275711344865e-01,2.720264709820488513e-01,-5.658326944844673800e-01
4.864363084984192898e-01,-6.078312424817686743e-01,-3.046890133847128257e-01,-5.487125873899288964e-01
4.564657174078538548e-01,6.308425247388077528e-01,6.237206979933991313e-01,6.818539951578327096e-02
7.297540192688541927e-01,-2.720780295677192040e-01,4.157885700682856234e-01,-4.696301546835237040e-01
6.796947040170878140e-02,7.760100995031000704e-01,1.431705431369968140e-01,6.104839655063492021e-01
7.662494324420808800e-01,1.411292717500126082e-01,5.808674346330530147e-01,2.356636571903184818e-01
3.401212401742344515e-01,-7.011542959077130543e-01,5.277186327393227350e-01,-3.379544939370384693e-01
5.854029380725604970e-01,5.146332144435626921e-01,-2.891614264220659924e-02,6.257954229476240249e-01
6.520538923675149867e-01,-4.273333679761894266e-01,4.939973772256076590e-01,3.849396126104986382e-01
2.383427388047375250e-01,7.424452608923816088e-01,-5.993783514161467041e-01,1.808683645394136563e-01
7.792612945793535584e-01,-3.206558837772807008e-02,-1.984868016332220486e-01,5.935710761062351626e-01
1.766098124751827037e-01,-7.598220067555169210e-01,3.697876031876970448e-01,5.047143951941516216e-01
6.855085236809230764e-01,3.726160388366305809e-01,-6.254025383387434855e-01,1.034488288752570539e-02
5.417944587522668387e-01,-5.616649833555927840e-01,-3.526726032191240257e-01,5.163460524455921741e-01
3.972142252124518103e-01,6.719179927464151714e-01,-2.177376340747398942e-01,-5.859499919106020416e-01
7.535748058478388689e-01,-2.040149070629202199e-01,-6.039007498123089013e-01,-1.606449938953319889e-01
3.993631634143039386e-03,-7.808490647006441909e-01,-4.797967954792985434e-01,4.000672744805505721e-01
7.517495207058372264e-01,2.117970955444007930e-01,-4.944291437429170627e-02,-6.225512401848352084e-01
4.043899848781875583e-01,-6.683548700486285910e-01,-5.365943286753406261e-01,-3.191191536808164475e-01
5.366652806651596164e-01,5.678591456876305177e-01,5.702590363375126259e-01,-2.536355626936245278e-01
6.903888754678565443e-01,-3.661706897987993536e-01,1.222894933153407387e-01,-6.118231005668038902e-01
1.691669321381510105e-01,7.631149737316561543e-01,4.286789528529652560e-01,4.530700181190377984e-01
7.807660058812515569e-01,4.013101976946938099e-02,6.172604122438059004e-01,-8.822430951334739313e-02
2.466147507962863361e-01,-7.420453894487759605e-01,2.844155548086404472e-01,-5.546689074307241674e-01
6.497266085637173338e-01,4.353730240400639495e-01,2.884236401992079091e-01,5.523743910037265392e-01
5.927685990794112625e-01,-5.104545665462620896e-01,6.173143903381244080e-01,8.357312318544661556e-02
3.342673036472185166e-01,7.074234848377018992e-01,-4.246450766390701403e-01,4.555150290590841422e-01
7.710414451755005505e-01,-1.338725051464100257e-01,1.265371516523141893e-01,6.095585217509630338e-01
7.626905450424562027e-02,-7.790082989047859563e-01,5.705053077729643762e-01,2.487022222767124036e-01
7.307265777994018663e-01,2.809870238286364397e-01,-5.323734195351735865e-01,3.219681709578232631e-01
4.654966411365027978e-01,-6.296602709224506933e-01,-4.464966054873151236e-02,6.203605629997630544e-01
4.830863087183376314e-01,6.164664943380061546e-01,-4.804752447226117718e-01,-3.946393529493053554e-01
7.229817597054614131e-01,-3.015706153966173364e-01,-5.994834774157730140e-01,1.642318463879414714e-01
9.820645426351935769e-02,7.773333222649645435e-01,2.121231277336102783e-01,-5.840480948672039929e-01
7.755757259515111413e-01,1.123300293878997935e-01,-3.541407888785912950e-01,-5.103416105560558691e-01
3.148389411749401567e-01,-7.178135718502003382e-01,-6.209572704433587997e-01,-5.673224042224928564e-03
6.081955756075809738e-01,4.946940117374206691e-01,3.631761128194971322e-01,-5.034670670856434826e-01
6.388989856770413978e-01,-4.546165968850539585e-01,-2.011617071529802903e-01,-5.870824503532690031e-01
2.681490412672657420e-01,7.370267270289091455e-01,5.952510719319737964e-01,1.748252175069036629e-01
7.819731816818692449e-01,-6.224458565075627337e-02,4.863722140990803244e-01,-3.848189496891473160e-01
1.482362205568553692e-01,-7.704716794616914832e-01,-3.320233778947358216e-02,-6.191098600634734606e-01
7.033303429005106633e-01,3.480964741532872608e-01,5.244060319529301184e-01,3.303839994444078831e-01
5.229001505285568729e-01,-5.853753494679396763e-01,5.724116587714490612e-01,-2.371835274950986894e-01
4.251040276155995667e-01,6.600148282557715129e-01,-1.369578212327485223e-01,6.040774349292302725e-01
7.495245889688201268e-01,-2.340727215388868909e-01,4.138863986087285562e-01,4.605658482879474436e-01
2.606352189729966087e-02,7.849471204411218039e-01,-6.148333237750599478e-01,7.182405525457537243e-02
7.637031631968642653e-01,1.839100546751152032e-01,-2.963965071840942711e-01,5.432160535565652149e-01
3.806867010557958841e-01,-6.873043037488962836e-01,2.721581378094022896e-01,5.555361173781758755e-01
5.612454423848951546e-01,5.500520560271394688e-01,-6.104998894805964138e-01,-9.867205281476428003e-02
6.797654949694909021e-01,-3.946095835270388985e-01,-4.330300779446311643e-01,4.412336116308079870e-01
1.994133729732745774e-01,7.604448033006220298e-01,-1.100404409510634257e-01,-6.081522088817861160e-01
7.862447941059393930e-01,1.025946167248414746e-02,-5.598297002146231938e-01,-2.613514376182101695e-01
2.192742769171326933e-01,-7.552807854831000700e-01,-5.365293526084776721e-01,3.059509443555092911e-01
6.697662574334057872e-01,4.125379673025851290e-01,6.012020610347949129e-02,-6.145007296623619109e-01
5.760888513285742363e-01,-5.358546351972930388e-01,-4.667582087367658783e-01,-4.038789668815964684e-01
3.631965070351838576e-01,6.981052876106451643e-01,5.991004912615786049e-01,-1.477020854884428802e-01
7.697601569574995528e-01,-1.642441374852258718e-01,2.253903401503882797e-01,-5.741884347750242368e-01
4.664660248488032568e-02,-7.858594473817297477e-01,-3.384324484601508032e-01,-5.154730849101313295e-01
7.452187446288212058e-01,2.542521186565486202e-01,6.160718784757617250e-01,2.145514772371343026e-02
4.435800432161994822e-01,-6.507503385114867811e-01,3.732326057390054630e-01,-4.903653374788762842e-01
5.092545410635666014e-01,6.009519205757116733e-01,1.846622431403474318e-01,5.877214114875135564e-01
7.149914421628730254e-01,-3.309301689123480550e-01,5.862428190014586926e-01,1.886579394213850625e-01
1.286394273846472869e-01,7.774468325291769011e-01,-4.924568794419360573e-01,3.694787439120286732e-01
7.837879370052813766e-01,8.301981761907803459e-02,1.717029052674543324e-02,6.152148899455597286e-01
2.887674644749908537e-01,-7.335348065348944457e-01,5.119680254935676800e-01,3.412166173191417684e-01
6.302939469918077409e-01,4.737442790662365621e-01,-5.740672746428616691e-01,2.207774051428660622e-01
6.245850408301311107e-01,-4.814995004760892483e-01,-1.513015518551907856e-01,5.959526811909742205e-01
2.978779319434565198e-01,7.303842279742831511e-01,-3.989719906137755845e-01,-4.675777666797057974e-01
7.834844675579240025e-01,-9.267476750969701194e-02,-6.119409129528714519e-01,5.560391728022656688e-02
1.193008717953007169e-01,-7.800307468628280283e-01,-3.079616414544121827e-01,5.314875006340262775e-01
7.202502745270438211e-01,3.227450181353975212e-01,-2.559078583710039934e-01,-5.581992147401017013e-01
5.029637570485306908e-01,-6.084376750400377620e-01,-6.032872464661249712e-01,-1.134704936925060026e-01
4.526464701211194708e-01,6.469345090690328259e-01,4.409398345225144511e-01,-4.268008626909716718e-01
7.442470405856331794e-01,-2.641090099599537333e-01,-9.369478281558137056e-02,-6.062706170602704114e-01
5.642663460790648539e-02,7.878562064833440903e-01,5.488534775446800573e-01,2.736028015200345220e-01
7.745919952866435754e-01,1.554115460651377678e-01,5.401869247842729926e-01,-2.899182272290072304e-01
3.561104671546477807e-01,-7.053899514597571363e-01,7.531548289403065810e-02,-6.082252293344456717e-01
5.852252266143866954e-01,5.311734398448776373e-01,4.528609693450873497e-01,4.126537936107312343e-01
6.679492640062514308e-01,-4.227549058272500049e-01,5.982340807381630876e-01,-1.312937734847504645e-01
2.296943225403352828e-01,7.565464880000676295e-01,-2.382791547765784890e-01,5.640044096338779900e-01
7.905487451123474063e-01,-1.997229427964340026e-02,3.226779966404605404e-01,5.201083536596956547e-01
1.912738068480961950e-01,-7.674794344973272509e-01,6.107548882597599871e-01,3.698803731354540630e-02
6.889820941530865328e-01,3.887906456229719976e-01,-3.828365176714889628e-01,4.770552468526760848e-01
5.583103154566855242e-01,-5.607033301730570685e-01,1.682541970195604308e-01,5.878706425505554334e-01
3.918866398385814631e-01,6.875810024670010456e-01,-5.768877055529965103e-01,-2.021331287649288377e-01
7.672524701852490026e-01,-1.947063457033020029e-01,-4.980493711459259565e-01,3.540620141142617472e-01
1.661036414647345735e-02,-7.915523674971994827e-01,1.360128451347565820e-03,6.108740421421554601e-01
7.587044421760889001e-01,2.268099749454810243e-01,-4.992943202479903642e-01,-3.516105607850782411e-01
4.207136948935482068e-01,-6.710583602537997239e-01,-5.752287160041249514e-01,2.044323564085338552e-01
5.349216446402225156e-01,5.843135379724652134e-01,1.653099460598299875e-01,-5.874599094161202517e-01
7.057842900551559717e-01,-3.601057526600198733e-01,-3.839509689445042562e-01,-4.741034024968354688e-01
1.592189588818987422e-01,7.763382516307336667e-01,6.085900487557786009e-01,-3.957770512471713714e-02
7.908609751266922894e-01,5.324299446084295589e-02,3.191036535804114838e-01,-5.194968333244512904e-01
2.619428941730860827e-01,-7.482820051656511318e-01,-2.396881100936945619e-01,-5.603655689076666446e-01
6.516537476072209456e-01,4.518092218148766492e-01,5.956868441600350339e-01,1.279570396936338950e-01
6.091245639618572127e-01,-5.079326588149035704e-01,4.483710341208021477e-01,-4.122318467184970525e-01
3.274784397594945884e-01,7.225166658494371896e-01,7.751438734039725609e-02,6.039197453451434772e-01
7.837805267801029041e-01,-1.233072885226345755e-01,5.375897457481028097e-01,2.854481804180755145e-01
8.984696178172113523e-02,-7.884721083501267103e-01,5.433470682281094088e-01,-2.738854162974330708e-01
7.362306953237737206e-01,2.965960992251459039e-01,-9.022346161167497935e-02,6.015437175819449145e-01
4.820084541376615239e-01,-6.308065262640534243e-01,4.387983573788005187e-01,4.209595920324972762e-01
4.797915844286298470e-01,6.326872841886148624e-01,-5.968893517320217335e-01,1.150214663722678304e-01
7.377387409031025411e-01,-2.940728733804002792e-01,-2.507806397058813808e-01,5.535085961945025446e-01
8.704754863355675110e-02,7.895594781834922582e-01,-3.068928593592857856e-01,-5.242473915641180371e-01
7.843869599697319561e-01,1.263435117722403189e-01,-6.050151907453036326e-01,-5.225928654243143512e-02
3.306939824314351628e-01,-7.225726375570401538e-01,-3.919826948291507129e-01,4.635513352283401334e-01
6.085581632500371985e-01,5.112443927606846739e-01,-1.519524146798037489e-01,-5.875343364310522398e-01
6.549481503518299608e-01,-4.505562430631903648e-01,-5.671977305652831092e-01,-2.152410895463327811e-01
2.599590597718514084e-01,7.514142903086387104e-01,5.031487064882608218e-01,-3.385841560405479234e-01
7.936588272278289891e-01,-5.051687862335906692e-02,1.421501365497172126e-02,-6.060954085985877926e-01
1.626539404791119692e-01,-7.786103809570724676e-01,-4.863991093648403763e-01,-3.615597830533563428e-01
7.073334700927583762e-01,3.641619590224065006e-01,5.758992464223069430e-01,-1.881634599429947152e-01
5.394519604760886766e-01,-5.849532402474617587e-01,1.789725809754635355e-01,-5.786104944792145321e-01
4.202869471775030896e-01,6.758562965562389113e-01,3.688386398406569566e-01,4.801408191332977582e-01
7.635103386182573448e-01,-2.252086921291761856e-01,6.047879927963970559e-01,-2.375903158390884479e-02
1.379317876878452705e-02,7.960658773191778836e-01,-3.298156268890830578e-01,5.072578431599270576e-01
7.711508782612934709e-01,1.986997644546556474e-01,2.235141463481432889e-01,5.620375013686905730e-01
3.969266305489544400e-01,-6.905422970561281293e-01,5.877093893862278540e-01,1.421205810738443986e-01
5.600393643458660975e-01,5.665681468901849760e-01,-4.553207935161513453e-01,3.975417214637003704e-01
6.953636552546051952e-01,-3.890463754662863982e-01,6.151329298642793653e-02,6.011059968703238443e-01
1.898949995569922389e-01,7.739972384193305466e-01,-5.260518415250159396e-01,-2.968798142188849853e-01
7.967715494053992931e-01,2.304505631625758388e-02,-5.460111532071323381e-01,2.578678809214469125e-01
2.344028907721195099e-01,-7.620206046985696924e-01,-1.048323882999201984e-01,5.944661917853990563e-01
6.722316334399683901e-01,4.289159460956564196e-01,-4.245853236683325149e-01,-4.287925432105336165e-01
5.925321491809157903e-01,-5.338670720549686388e-01,-5.950718240424743843e-01,9.889957428251312799e-02
3.568994428254824713e-01,7.134250673850479618e-01,2.628862211426920559e-01,-5.427138248384830721e-01
7.828487418815950338e-01,-1.540925923654468677e-01,-2.910924627742824677e-01,-5.278906121806893337e-01
5.991890588177050531e-02,-7.957704097479570970e-01,-5.988620351917487428e-01,-6.725654238434232435e-02
7.512353409273661020e-01,2.696857865725296732e-01,4.006663970691584642e-01,-4.498682888603278696e-01
4.600593609415604135e-01,-6.524373425644358626e-01,-1.357716224829048079e-01,-5.867171081244005881e-01
5.064897267543139181e-01,6.172855083993472602e-01,5.571851685451193470e-01,2.279724671223414267e-01
7.299983864567469727e-01,-3.239131651894467945e-01,5.077543405001279098e-01,-3.230605932186410567e-01
1.178773040483038076e-01,7.900420651002095784e-01,-2.954223115995293497e-02,6.008874546373820236e-01
7.930606898639939173e-01,9.674919252865141206e-02,4.732967578659880714e-01,3.710586408251993484e-01
3.044716477824093159e-01,-7.388144695281519958e-01,5.760825580900830190e-01,-1.719857016640804481e-01
6.311985661634254008e-01,4.902879922920159728e-01,-1.922793569699071115e-01,5.694161075792807392e-01
6.407722409935027175e-01,-4.779634098021151578e-01,3.536503647585264587e-01,4.856885149647469646e-01
2.901565195151689092e-01,7.450445763478474870e-01,-6.005423936459006740e-01,8.161303299850760501e-03
7.955579450870945424e-01,-8.132603025046516998e-02,-3.400910364524046270e-01,4.947845184898464477e-01
1.334566526340356940e-01,-7.886442985784012372e-01,2.074011549186003667e-01,5.632177670545654991e-01
7.247809412370426196e-01,3.386845666059299376e-01,-5.793659049036988806e-01,-1.559503119510125546e-01
5.195347717871899862e-01,-6.085576472007663273e-01,-4.617866599770721892e-01,3.827457270887814622e-01
4.483468055213560843e-01,6.629389652647483810e-01,-4.570535686499781897e-02,-5.978361737686531674e-01
7.585278025807405955e-01,-2.557002992265223207e-01,-5.142533225407462938e-01,-3.078903212887718066e-01
4.451656509011491653e-02,7.993806892651821316e-01,5.481809865324107633e-01,-2.418809522613408203e-01
7.825268261445788021e-01,1.699621073256980808e-01,1.191307922893674043e-01,-5.870029836091189557e-01
3.722496974721373753e-01,-7.091612333732028040e-01,-4.102369283090283592e-01,-4.361492525089010197e-01
5.845600456083910323e-01,5.477345943893044966e-01,5.927874269206976354e-01,-8.294235149933121276e-02
6.837350224754018546e-01,-4.177010802931465649e-01,2.745876889710818780e-01,-5.316331701728367332e-01
2.206169653960018684e-01,7.704155168751206650e-01,2.752922223664842072e-01,5.310388669787007299e-01
8.014982173450519998e-01,-7.527435167685348968e-03,5.923050221541503735e-01,8.196771342102596170e-02
2.061866336562669655e-01,-7.747175404068223914e-01,4.088833006806498194e-01,-4.360209296719567695e-01
6.919853005465593787e-01,4.050934210339486863e-01,1.197264170466507821e-01,5.854239909020397814e-01
5.748244633669966630e-01,-5.592542470802920329e-01,5.468625605052048755e-01,2.403182543112177272e-01
3.860897560247783522e-01,7.031125923209078366e-01,-5.118661657592201708e-01,3.075067660450004348e-01
7.806785347712186240e-01,-1.849804939985923713e-01,-4.460885833652616927e-02,5.952590124856672604e-01
2.956226836161953211e-02,-8.019020954747628771e-01,4.600017922950017102e-01,3.801018977167651691e-01
7.652293749936781575e-01,2.420517356047770796e-01,-5.757827686371135290e-01,1.559139643459820368e-01
4.371435058683086905e-01,-6.732865177356991415e-01,-2.052205042974699911e-01,5.598887076271427121e-01
5.326916651245693357e-01,6.007436310268413626e-01,-3.384015494879137886e-01,-4.907454238112455291e-01
7.210268025209571885e-01,-3.535785782310696956e-01,-5.958612809244537845e-01,-7.202288356436548078e-03
1.488662195442501945e-01,7.892911061459536581e-01,3.499237531321477412e-01,-4.820910343819014288e-01
8.005875625748097857e-01,6.667305931202750779e-02,-1.913642474339123933e-01,-5.639095518046776112e-01
2.774795145228320936e-01,-7.540789095530211483e-01,-5.706677212363129303e-01,-1.694357374536253902e-01
6.531016158335389843e-01,4.683292675384706505e-01,4.677666123846063728e-01,-3.678591753656954011e-01
6.254337348919432049e-01,-5.049265365591459886e-01,-3.010424528460978189e-02,-5.941174718465566107e-01
3.202353790225775931e-01,7.374358322659445575e-01,5.022079576183908767e-01,3.184727030959867977e-01
7.962309784480647856e-01,-1.123506754413937936e-01,5.498588096771862554e-01,-2.259399126048512174e-01
1.037252272226167477e-01,-7.975535487822222880e-01,1.331074938283700604e-01,-5.791647513007248671e-01
7.412863420571086381e-01,3.123928386536596324e-01,3.957683299765406004e-01,4.430267513650615885e-01
4.985817246484171017e-01,-6.314706097943989516e-01,5.900424943455648830e-01,-6.716388671722348103e-02
4.760158106807516054e-01,6.488389290066116644e-01,-2.858772019785446039e-01,5.202799415472582067e-01
7.523010092900627166e-01,-2.861299352718150169e-01,2.595075321978425609e-01,5.336934441185179345e-01
7.551143141099614375e-02,8.014794525056537777e-01,-5.853540962810963588e-01,-9.638097791805738668e-02
7.928026859471200005e-01,1.406390089645553620e-01,-4.166295007963509711e-01,4.220242047308228051e-01
3.467155113739494032e-01,-7.268754532140982993e-01,1.038312552489585316e-01,5.836604322043131843e-01
6.084367195133392192e-01,5.278337515594718754e-01,-5.362427048365794313e-01,-2.522697971855710763e-01
6.709060100911048430e-01,-4.460190323137953050e-01,-5.154845118281250471e-01,2.919381210167998342e-01
2.513338222744758710e-01,7.655869003375138648e-01,5.940247684709290543e-02,-5.892192745972679724e-01
8.050214307670071623e-01,-3.842692829697413881e-02,-4.465288903840322066e-01,-3.886847273046691309e-01
1.773347608285565924e-01,-7.863413101442520148e-01,-5.750044176516317940e-01,1.399630174139145644e-01
7.108735630527901472e-01,3.803724377700501980e-01,2.177865894155550652e-01,-5.500405325139597901e-01
5.560202274121323063e-01,-5.840462836077811026e-01,-3.231076333949398083e-01,-4.953109150366274416e-01
4.149982189883241745e-01,6.915845382518459594e-01,5.907530591703020750e-01,2.231877614094470927e-02
7.772613948211026802e-01,-2.159202631951296913e-01,3.593080472488339727e-01,-4.691917425154983889e-01
1.176310647370241037e-03,8.068454578516017772e-01,1.754184490027712595e-01,5.641164695228833015e-01
7.781794561739778793e-01,2.137331307408189551e-01,5.616264683647210765e-01,1.825666805434960349e-01
4.132897892000896301e-01,-6.933114797516665151e-01,4.732590619960486689e-01,-3.528974389622573371e-01
5.583486662567049841e-01,5.830781811445689966e-01,1.472342456325458591e-02,5.899574750197087436e-01
7.108269519681700288e-01,-3.830177325113562903e-01,4.899297168988506201e-01,3.286203484827316945e-01
1.799639746138961272e-01,7.872957814752146177e-01,-5.510472965834598558e-01,2.100599848628015298e-01
8.069437533104720783e-01,3.616074260448576272e-02,-1.467516113788126797e-01,5.709624718361285822e-01
2.497552302125939094e-01,-7.683308440502401027e-01,3.811947753005319739e-01,4.494224987092623191e-01
6.742234408171640103e-01,4.453951654600262211e-01,-5.868437600442999447e-01,5.157809355306002680e-02
6.089469321734187757e-01,-5.313961572914144282e-01,-2.967472927097309365e-01,5.086676735177352304e-01
3.501441451828601337e-01,7.285886771057207278e-01,-2.437537543131453599e-01,-5.358560669113926478e-01
7.956648178159161366e-01,-1.435410085218329079e-01,-5.780195389403948170e-01,-1.104847915580843831e-01
7.350418896515720224e-02,-8.053122365064835364e-01,-4.239015134627580061e-01,4.078931757476252917e-01
7.568128574843875356e-01,2.853228056672234558e-01,-8.810044448827882013e-02,-5.814322892594353531e-01
4.766177542220172980e-01,-6.536470467101191950e-01,-5.253386481116284479e-01,-2.638188004819721488e-01
5.032438657495086343e-01,6.335682264152697751e-01,5.186101443681954137e-01,-2.763701000848310385e-01
7.448282297055665024e-01,-3.164461009337480313e-01,7.391092389316693267e-02,-5.827777867821992697e-01
1.067285910719988351e-01,8.023467922508858985e-01,4.328928707245645602e-01,3.968027158278348288e-01
8.019505435451113051e-01,1.107737943748459686e-01,5.737524629125614339e-01,-1.241475069796805081e-01
3.203584087494275590e-01,-7.436465144011868977e-01,2.299685209419468357e-01,-5.398840902807503506e-01
6.316231870529336323e-01,5.068884873811940750e-01,3.077840787683305268e-01,4.993847933149647700e-01
6.568863673582195917e-01,-4.739496070959676732e-01,5.852265014960090772e-01,3.717542547492579119e-02
2.819941716959404876e-01,7.595073123031933493e-01,-3.682385918926988633e-01,4.561011610688820994e-01
8.073235786817171133e-01,-6.960495845875740162e-02,1.595786880531287200e-01,5.638425590373098428e-01
1.478893059861139114e-01,-7.968620362003987490e-01,5.522540672961446795e-01,1.953332884901223809e-01
7.288564295263223469e-01,3.547855652723787001e-01,-4.782628528580450400e-01,3.378759408253035335e-01
5.361401939564298669e-01,-6.081959595696621035e-01,-4.238478597342611415e-04,5.853641495176244991e-01
4.435737843408144587e-01,6.788483418872500730e-01,-4.774327619744003215e-01,-3.383270375775421224e-01
7.725909035682901882e-01,-2.468607092796117342e-01,-5.517495511522438889e-01,1.942563222672493983e-01
3.224919024627383862e-02,8.105806834707818265e-01,1.600525685762188843e-01,-5.624074329208806899e-01
7.900538028029256976e-01,1.847706253416263600e-01,-3.665315883291097587e-01,-4.553343820144049037e-01
3.885289424203300923e-01,-7.124707691121369146e-01,-5.831983522639437867e-01,3.619870134577991838e-02
5.834125819090577592e-01,5.643077492226268310e-01,3.071908719665851217e-01,-4.968101162596321174e-01
6.994039405664161935e-01,-4.121792633159376273e-01,-2.280462083412052587e-01,-5.375288919432141821e-01
2.111196930973990860e-01,7.840473410445061297e-01,5.703119606783277895e-01,1.242678948672646250e-01
8.121072846506385279e-01,5.258959485184507704e-03,4.306962773222074992e-01,-3.936430086554213448e-01
2.213379816028043234e-01,-7.815366510679436773e-01,-7.254813319067825172e-02,-5.787458244411337605e-01
6.945211978894224591e-01,4.215145138304749461e-01,5.141636758137083651e-01,2.749573326649715210e-01
5.913282197419790220e-01,-5.573232965248107185e-01,5.212442639041454662e-01,-2.608181301875420188e-01
3.798312423456706721e-01,7.185058721232864265e-01,-8.812230006674548477e-02,5.759444411516153606e-01
7.938483968067133745e-01,-1.748465740296648030e-01,4.191086824961517965e-01,4.044518644954425701e-01
4.283923280030293296e-02,-8.118962632754147535e-01,5.720322763452770909e-01,-1.084819461096662163e-01
7.713250928623079927e-01,2.575121044406497028e-01,-2.417575552530706051e-01,5.294321502001542168e-01
4.536697222096079951e-01,-6.750428183365535517e-01,2.924463603215432528e-01,5.029672980395267778e-01
5.299812688197458321e-01,6.171410039551028515e-01,-5.792907430430557225e-01,-5.175974267830640851e-02
7.361098718580797451e-01,-3.465971166074260368e-01,-3.767104658537451245e-01,4.428339646286792441e-01
1.381181147729207415e-01,8.019693458506218509e-01,-1.438597864042977514e-01,-5.630922806638445355e-01
8.099442268314324123e-01,8.041104003762991614e-02,-5.425627215307406992e-01,-2.077260389735862411e-01
2.932143962021326322e-01,-7.594373209306473083e-01,-4.827772618563335172e-01,3.228101436944031954e-01
6.540741023793518183e-01,4.849236391269713398e-01,1.532453201646580276e-02,-5.803458378682286867e-01
6.416879680397340469e-01,-5.014424787406202011e-01,-4.647314360226602603e-01,-3.475869453242108609e-01
3.125463374403726347e-01,7.521748037458505509e-01,5.519691044258642210e-01,-1.785439982800024750e-01
8.083890270496408847e-01,-1.010122270234402597e-01,1.730001008220833081e-01,-5.535112248663517365e-01
1.178936330231723645e-01,-8.062515246373785915e-01,-3.517941600828990434e-01,-4.607607179915272355e-01
7.458951776102720199e-01,3.283671029963886046e-01,5.791137883053966151e-01,-2.103924623346111605e-02
5.152071216124660680e-01,-6.316568156659893019e-01,3.172012329098086725e-01,-4.847212259670473644e-01
4.717656060669497275e-01,6.649135767111269413e-01,2.124001612699855934e-01,5.387145068865178965e-01
7.666627559889528376e-01,-2.777502669070244790e-01,5.622422935341888639e-01,1.377193202637706781e-01
6.360780581488101326e-02,8.130898965378406951e-01,-4.370111549389999461e-01,3.792889632541149858e-01
8.008222551862010929e-01,1.552062789837675150e-01,5.718830161353213870e-02,5.756077003663691016e-01
3.628934843270909538e-01,-7.307241155836061708e-01,5.027313030301621133e-01,2.856778305908516669e-01
6.078359345496294752e-01,5.444529652391275620e-01,-5.233885042657340225e-01,2.452976129418664164e-01
6.867650186903488940e-01,-4.410119096076031142e-01,-1.020249768309043070e-01,5.687294688954964705e-01
2.422820279259093323e-01,7.795391297950404752e-01,-4.051913952402427799e-01,-4.116285914337891594e-01
8.160580733820851362e-01,-2.598456138593436410e-02,-5.698496396989343182e-01,9.298070537748519271e-02
1.922684348041720226e-01,-7.936642653952953319e-01,-2.531453016946931256e-01,5.186977337933942334e-01
7.139531507452657744e-01,3.967179808798788621e-01,-2.771099548474899588e-01,-5.060591023901478414e-01
5.725960533256643226e-01,-5.826595559616036812e-01,-5.729552742461412329e-01,-6.605948286225905852e-02
4.092451005631609351e-01,7.071923265474168163e-01,3.847191561734884524e-01,-4.294049741335781989e-01
7.907727211853602389e-01,-2.062163502649594637e-01,-1.282764496024245970e-01,-5.618705124758698322e-01
1.177715108183144052e-02,-8.172833774309224975e-01,-5.325649084315282611e-01,-2.197357458285246756e-01
7.847891417474089915e-01,2.289999212507839721e-01,4.868019984129957622e-01,-3.077155397499671263e-01
4.297663801248312043e-01,-6.956148072582261088e-01,2.996581367211998553e-02,-5.749112526716343430e-01
5.561788003377962086e-01,5.995735019514371045e-01,4.518402539530395057e-01,3.563946446288900338e-01
7.261484906416724172e-01,-3.765312103283353085e-01,5.517099114596011322e-01,-1.629379967494972714e-01
1.696294127424060605e-01,8.003357956321625055e-01,-1.855842615202910884e-01,5.442857323487989563e-01
8.167593592406235947e-01,4.959650345887373080e-02,3.369979382432811144e-01,4.657002529066069929e-01
2.653210967626741246e-01,-7.742121933295494918e-01,5.745979688256449558e-01,-6.113062566602146981e-03
6.757450549153214414e-01,4.619659793426235672e-01,-3.267720547946676990e-01,4.724151552318899827e-01
6.253248004494864620e-01,-5.284477078011692308e-01,1.968308174676411670e-01,5.394159279790690098e-01
3.429384529857928410e-01,7.435895669159238164e-01,-5.538217832158568443e-01,-1.508283987619985778e-01
8.082041553545616930e-01,-1.325986819509137049e-01,-4.428439337366809614e-01,3.648463829683969983e-01
8.739236807826916698e-02,-8.144833219987824835e-01,4.203475294575495513e-02,5.720249747452373912e-01
7.619524267835574571e-01,3.011530304615041564e-01,-4.910552651040685501e-01,-2.959731038051819918e-01
4.932457457435733827e-01,-6.543832389115464832e-01,-5.250449306803356420e-01,2.298239145615215417e-01
4.995231278221523019e-01,6.497919470555738597e-01,1.156076036624469200e-01,-5.611434329010066557e-01
7.594747782849540219e-01,-3.085370827980327135e-01,-3.911561887268737436e-01,-4.183297332346415653e-01
9.520274787905601277e-02,8.143571991047766634e-01,5.672107399597867694e-01,-7.765800368777922569e-02
8.104563353800195991e-01,1.250834921358098817e-01,2.641237274115367240e-01,-5.076941057918008537e-01
3.364176739738906075e-01,-7.480325132141630862e-01,-2.617903310631594094e-01,-5.086613120479495098e-01
6.315720021747944779e-01,5.235364733057492614e-01,5.662299339186416258e-01,8.006265747519722420e-02
6.729195794289364319e-01,-4.694646025619858554e-01,3.922605602963146199e-01,-4.158291468842959526e-01
2.733992469787174251e-01,7.737666093945707591e-01,1.128432575143148986e-01,5.601825462927759736e-01
8.187779743105431107e-01,-5.752115672883906933e-02,5.222733705273322480e-01,2.313535643782476114e-01
1.625886727439195822e-01,-8.046832412868250017e-01,4.903372038184383164e-01,-2.926076404317141666e-01
7.324787471004103878e-01,3.710380317214302948e-01,-4.433511224864018774e-02,5.690694701742489148e-01
5.527709360005425010e-01,-6.073572003982369294e-01,4.387738925965420922e-01,3.647451091011065794e-01
4.383342441558495950e-01,6.946550997349836276e-01,-5.509763478956064553e-01,1.474532023121900848e-01
7.864308945196401002e-01,-2.375988340828688872e-01,-1.977954279116497238e-01,5.347431260752655291e-01
1.963424133810387495e-02,8.214532214341709881e-01,-3.221584169818244026e-01,-4.701521625285423611e-01
7.971726514491398463e-01,1.998269322289873140e-01,-5.696591719211635541e-01,-8.566725371702834171e-03
4.049383292837268056e-01,-7.153209972903101788e-01,-3.358974062823753548e-01,4.599062434510678421e-01
5.817878099580560125e-01,5.808840370475928383e-01,-1.813533089264170173e-01,-5.396365971919803162e-01
7.149487940197238878e-01,-4.061966061739591960e-01,-5.450619811585685204e-01,-1.635847662772923483e-01
2.012113182869403327e-01,7.974368984162518714e-01,4.481928265564706915e-01,-3.503306847263330526e-01
8.223734104429361036e-01,1.837705046937950643e-02,-2.710110472101679227e-02,-5.680050949907056168e-01
2.367176933240085213e-01,-7.879369368673235785e-01,-4.791495082894868252e-01,-3.058363384123001794e-01
6.965926501616742650e-01,4.380441794822018675e-01,5.262160375405918744e-01,-2.144123559815954982e-01
6.078129538900458595e-01,-5.549158288839463049e-01,1.288591147978656037e-01,-5.531972202307334774e-01
3.731185495546616715e-01,7.337539455878417938e-01,3.770183429116695240e-01,4.245525461243151444e-01
8.067573899187904241e-01,-1.643135999359782995e-01,5.641221644999656615e-01,-6.252789943196251921e-02
5.643132920599975427e-02,-8.215327692925853409e-01,2.746851617657811162e-01,-4.964347650680869251e-01
7.769922091078703685e-01,2.731809538532499748e-01,2.465029396567037234e-01,5.107754635631037710e-01
4.702827457991891058e-01,-6.763305450673327002e-01,5.591249021739267411e-01,9.375754146465660466e-02
5.267961710886427396e-01,6.334972785567791753e-01,-3.993309878333696217e-01,4.021215666232354491e-01
7.510269421545007207e-01,-3.391691032443259757e-01,9.757465523950278885e-02,5.580340833832573288e-01
1.269838426680078014e-01,8.143687081192196864e-01,-5.117011067519584566e-01,-2.425709963831638172e-01
8.189293043476263412e-01,9.444693837395091995e-02,-4.933834502028122126e-01,2.775019664407248898e-01
3.091374605469782155e-01,-7.643582934717628730e-01,-5.842008837178030295e-02,5.628299236555687202e-01
6.545749021755402630e-01,5.015829027981135724e-01,-4.255471809441026543e-01,-3.726337154002938301e-01
6.578791530840885082e-01,-4.974865540895173632e-01,-5.497732062331782688e-01,1.321043910912552410e-01
3.044193198792596311e-01,7.667273764981585860e-01,2.096243065092457947e-01,-5.248958543682905598e-01
8.202508209676140361e-01,-8.930130746218180315e-02,-3.072911269500366860e-01,-4.741160517059894719e-01
1.323421300510467247e-01,-8.145648126767150998e-01,-5.643060470001225459e-01,-2.298721126182112079e-02
7.500586940842519645e-01,3.445088815852598851e-01,3.445717483574020079e-01,-4.472090072565882424e-01
5.318753931797013390e-01,-6.313692428503610010e-01,-1.659826857888292984e-01,-5.393803790747553339e-01
4.670473804142997731e-01,6.809033997276270345e-01,5.359747364789840818e-01,1.759783695338255627e-01
7.808181403994317593e-01,-2.689421267869228638e-01,4.530564718331019369e-01,-3.357573489778618581e-01
5.134618398457630600e-02,8.243873761483263563e-01,1.240078059815358236e-02,5.635558925945646225e-01
8.084448861791210250e-01,1.700352410482253163e-01,4.670281804071667597e-01,3.152611005469448946e-01
3.792179775217562332e-01,-7.341205509565910114e-01,5.269047458300113451e-01,-1.990782032501577647e-01
6.067603027442846075e-01,5.610929811102294273e-01,-1.417687355981674391e-01,5.449020344698640717e-01
7.025176456366586386e-01,-4.355416129735781294e-01,3.627932280344079441e-01,4.302947067184002550e-01
2.328121726199109953e-01,7.932655116463194211e-01,-5.605908959765095734e-01,4.760428195818348224e-02
8.267657441111668781e-01,-1.319941956332141772e-02,-2.848223003406807341e-01,4.849334355518734596e-01
2.074448692346820555e-01,-8.005789075198681548e-01,2.312632035777513195e-01,5.124035223663627736e-01
7.165745890975827592e-01,4.131887702033183452e-01,-5.516506931929155977e-01,-1.071326800620416436e-01
5.891706015225638415e-01,-5.807979377451681913e-01,-4.059271619014148125e-01,3.882974337323935599e-01
4.030346446357485068e-01,7.226724417298863168e-01,-8.248494432427207201e-02,-5.554312298991853636e-01
8.040392338964242880e-01,-1.961056699658406122e-01,-5.008613636495670152e-01,-2.533798945567625194e-01
2.505745382833546656e-02,-8.273770531445387988e-01,-4.959417391348833748e-01,2.624140379655159894e-01
7.909800378620217565e-01,2.444900496774761733e-01,7.220865104635194875e-02,-5.562023966386392404e-01
4.463467092869775610e-01,-6.974550597860670331e-01,-4.121750904750414168e-01,-3.800562451524661656e-01
5.535350229985906978e-01,6.160455050168369695e-01,5.481056918064260985e-01,-1.169062216988432795e-01
7.413213755010606976e-01,-3.695941622749408517e-01,2.210619381204093348e-01,-5.147566346847297636e-01
1.589002342390584965e-01,8.131125892189053905e-01,2.924116254804955406e-01,4.775919535506795155e-01
8.262162163994580810e-01,6.334249419673938786e-02,5.585476084560575538e-01,3.713571428582686240e-02
2.810904302030127755e-01,-7.796651964053450401e-01,3.527899368060412599e-01,-4.343381310118759608e-01
6.767996740761126340e-01,4.786188360616072668e-01,1.507339071625287685e-01,5.386515572882142333e-01
6.416573980621773643e-01,-5.250273451922066181e-01,5.265721878390756672e-01,1.879994715600797339e-01
3.352900055935189028e-01,7.584211774875474488e-01,-4.574339333623129167e-01,3.211419099030568547e-01
8.204624631380760258e-01,-1.212747192076786829e-01,-2.052997508415469862e-03,5.586855772827239441e-01
1.015735254125805509e-01,-8.232819507907116474e-01,4.547056215425332448e-01,3.242413393987857995e-01
7.666550317708586970e-01,3.171664459679234827e-01,-5.271144002219487756e-01,1.838366581809925404e-01
5.099339441217188851e-01,-6.546495287136222530e-01,-1.543259884734288490e-01,5.362693879657863816e-01
4.953334883211159556e-01,6.659485781838827556e-01,-3.484962948543179340e-01,-4.355543123828672925e-01
7.739318211732455488e-01,-3.001940209896983291e-01,-5.566243069829311940e-01,3.290086341225101352e-02
8.330904951894130273e-02,8.260694020212531186e-01,2.945282084974250592e-01,-4.732040571590624967e-01
8.185767877152095862e-01,1.396683139668722373e-01,-2.160865085728483903e-01,-5.135478804359884242e-01
3.526394927380626099e-01,-7.519738852506395732e-01,-5.438181478576327166e-01,-1.201768951304451050e-01
6.310490245695781208e-01,5.402227366117460239e-01,4.120462200572665434e-01,-3.743720555463758148e-01
6.888640638198315624e-01,-4.645147131847678357e-01,-6.758827433480206481e-02,-5.523804920387246353e-01
2.643799107876026455e-01,7.878166160880584190e-01,4.897676265657111006e-01,2.637724666368537751e-01
8.299176626769950715e-01,-4.508405055286669044e-02,4.980134998591476125e-01,-2.473593651361169765e-01
1.775447461843962516e-01,-8.121070755539679942e-01,8.568896440544923609e-02,-5.491970159392908224e-01
7.356497460194894034e-01,3.874320983978493671e-01,3.986727255883946719e-01,3.870088864411520557e-01
5.694179796636642532e-01,-6.060457777662104917e-01,5.459794184737174483e-01,-1.018732265642024321e-01
4.326348308420281952e-01,7.103517185731232919e-01,-2.320997024066964454e-01,5.043384450993430024e-01
8.000422938848518184e-01,-2.279230781600767308e-01,2.775354869926527357e-01,4.805803282462268178e-01
6.681275977127074106e-03,8.319952540362339777e-01,-5.523932291542519302e-01,-5.099978624502539415e-02
8.038829739238682048e-01,2.151210055941017441e-01,-3.605472242600542554e-01,4.213084573870671257e-01
4.214680923937169643e-01,-7.177141983627614019e-01,1.356218322468538962e-01,5.374548308281414943e-01
5.796905236822867957e-01,5.974546516811599650e-01,-5.168667552475164628e-01,-1.996386567210968188e-01
7.303623695706152885e-01,-3.997600702955412255e-01,-4.613246996790522636e-01,3.064999458051049230e-01
1.909004680446745317e-01,8.105790872042186734e-01,1.624721688339563971e-02,-5.534027309573417153e-01
8.322939708104253320e-01,3.181716659470189279e-02,-4.421963547909571468e-01,-3.327713898040065565e-01
2.523157499682516236e-01,-7.939184396904123142e-01,-5.268487658379708005e-01,1.687028493313229294e-01
6.982023610278632608e-01,4.546727727087001569e-01,1.665206983846314326e-01,-5.273110939682518206e-01
6.242700881599585472e-01,-5.520370140137864645e-01,-3.341430650719742212e-01,-4.403298811707041516e-01
3.659589406926289645e-01,7.488499196532164559e-01,5.522301544638018589e-01,-1.843117097163197299e-02
8.194008011333008268e-01,-1.533904044085055707e-01,3.037963244918143735e-01,-4.612607767443099860e-01
7.032879155110187408e-02,-8.308094190405291846e-01,-2.009881940283864132e-01,-5.142113536024927045e-01
7.822312047429745840e-01,2.890482877286332242e-01,5.356384262600991653e-01,1.328792910919689430e-01
4.869730699934065044e-01,-6.771528188220860001e-01,4.176857147935910675e-01,-3.603608368286804198e-01
5.231419071062913817e-01,6.498041217102985545e-01,5.289863481268025636e-02,5.488887709476800714e-01
7.657714531580617212e-01,-3.313020883056588817e-01,4.784336108370800256e-01,2.737412790097493165e-01
1.154724242089816416e-01,8.264848770908037601e-01,-4.996005871526574826e-01,2.323534387613402363e-01
8.275410334619830444e-01,1.087709123533175809e-01,-9.884945402761247113e-02,5.418242445673163710e-01
3.252387533035032141e-01,-7.688427455677024902e-01,3.850553141596331219e-01,3.934882348621445702e-01
6.546075465750786915e-01,5.182977085174662601e-01,-5.434004040169023719e-01,8.701980364702831261e-02
6.739992169606662253e-01,-4.930646517941726925e-01,-2.427293219990167283e-01,4.936545157591468169e-01
2.958621486085838970e-01,7.810873350389265779e-01,-2.626782936626770870e-01,-4.830820614563994253e-01
8.318124489900331486e-01,-7.722710837331379918e-02,-5.458526337436755416e-01,-6.456721825038480578e-02
1.470608194310319139e-01,-8.224920866341350889e-01,-3.678392617931232067e-01,4.081349780354413537e-01
7.537782446731244868e-01,3.608082810441068378e-01,-1.206612118306669285e-01,-5.357953099337983138e-01
5.485773635656684410e-01,-6.306118256271765476e-01,-5.068711318058288784e-01,-2.108868353036243148e-01
4.618673649637002332e-01,6.968006000600087679e-01,4.647286830153464221e-01,-2.918470697477047460e-01
7.947613030983080584e-01,-2.597135937623971103e-01,3.016908105677977917e-02,-5.477163014377876005e-01
3.873591020880137736e-02,8.353683915332179577e-01,4.295150770967535170e-01,3.408459743550888432e-01
8.156696897955828529e-01,1.851159584862352159e-01,5.261120246811873402e-01,-1.536918232970179155e-01
3.956791773487005615e-01,-7.370665439260932761e-01,1.783429978673455041e-01,-5.180392586949255085e-01
6.052141529991910129e-01,5.777448149459862847e-01,3.197491219638508020e-01,4.446203513289135878e-01
7.181563824725725187e-01,-4.296147031078059175e-01,5.474165739022957000e-01,-4.208539482105780501e-03
2.229325758018417536e-01,8.067605531282848741e-01,-3.126204620996095862e-01,4.491179391197001602e-01
8.371413605266956326e-01,-8.098155947864851172e-05,1.859835441150977930e-01,5.143971785069271219e-01
2.228541088098368039e-01,-8.070847854309196601e-01,5.271230001079516558e-01,1.452292603771445922e-01
7.187400898909586111e-01,4.297750905951120970e-01,-4.228436135888379854e-01,3.462792704373645614e-01
6.057350962507590530e-01,-5.784661434410691694e-01,3.842984762458862003e-02,5.449633573682279852e-01
3.963737281410854574e-01,7.380176787869223709e-01,-4.668732530161271432e-01,-2.832792598402490980e-01
8.170558167429577967e-01,-1.855967659039301221e-01,-5.007052788078693029e-01,2.174117213639455704e-01
3.865500289695502495e-02,-8.371238251080519444e-01,-1.116788127981701156e-01,5.340948744928107894e-01
7.967521315438250706e-01,2.601935612536779852e-01,-3.713381982725078578e-01,-3.994912941056757982e-01
4.630211785262731139e-01,-6.988348712669117946e-01,-5.403750652641983176e-01,7.236020852798508152e-02
5.504224245366764467e-01,6.324856395639879558e-01,2.529428661111468579e-01,-4.827183203442546588e-01
7.563387182876629700e-01,-3.622137677276711099e-01,-2.478556263721166386e-01,-4.850984623385088401e-01
1.477851900285638287e-01,8.256214317383732126e-01,5.389358918062248094e-01,7.782604696070102857e-02
8.353120918010235041e-01,7.738902282299764401e-02,3.746621000302235993e-01,-3.948328244186934399e-01
2.970532954481437948e-01,-7.846902776579418592e-01,-1.058666801549774938e-01,-5.336785116954436692e-01
6.773903485550936132e-01,4.953442727002188573e-01,4.965982754323708948e-01,2.217352475929235678e-01
6.579364152678996991e-01,-5.211405251004050942e-01,4.676462178495762734e-01,-2.771989204406946627e-01
3.272062704590762428e-01,7.730769500087050217e-01,-4.380601637267738518e-02,5.416355960117990032e-01
8.324354048013574703e-01,-1.095780613111048130e-01,4.166766501900541209e-01,3.484602050434100762e-01
1.160378905144858336e-01,-8.317063203303484142e-01,5.249087717334743886e-01,-1.388185363874557543e-01
7.709215325766475280e-01,3.333531558980251663e-01,-1.897833315557802825e-01,5.084662733417908420e-01
5.266730396705905370e-01,-6.544493760762863932e-01,3.053301012452719343e-01,4.484250803769254112e-01
4.906807570639475924e-01,6.820300666646972321e-01,-5.421920732880020077e-01,-9.753895435047720344e-03
7.881931410552279749e-01,-2.914246561394445711e-01,-3.209948127642351934e-01,4.367900781450440029e-01
7.105660954410950025e-02,8.374794664214735285e-01,-1.710877792960295019e-01,-5.141090091975174525e-01
8.263105311456246937e-01,1.545184299050943455e-01,-5.182836450449915811e-01,-1.572164883731257401e-01
3.690140265503388251e-01,-7.554719239631648708e-01,-4.275182985102745636e-01,3.321429281971541303e-01
6.300581165106353687e-01,5.569381385141176644e-01,-2.419555976802533967e-02,-5.406119260384587566e-01
7.047120390757204422e-01,-4.591060911371579456e-01,-4.551007021476409786e-01,-2.923797017017840671e-01
2.549441615214018131e-01,8.016514679514092911e-01,5.013302727378913248e-01,-2.025496385433739055e-01
8.407391178680150290e-01,-3.230290813552284118e-02,1.241660062542306320e-01,-5.260200192990514001e-01
1.927476559144513102e-01,-8.191326046202680455e-01,-3.575368251292448951e-01,-4.050154760796181863e-01
7.383711498014476904e-01,4.039580034835156819e-01,5.369102129342517848e-01,-5.790854694599441993e-02
5.860723743900622118e-01,-6.042659481050498549e-01,2.627327536452266910e-01,-4.715435675518187542e-01
4.264820264594662569e-01,7.259307031628620122e-01,2.330830559653747636e-01,4.866312611560646428e-01
8.134196008108581788e-01,-2.178416817994301424e-01,5.316534108608174103e-01,9.076456030609583725e-02
6.600301115901573319e-03,-8.422036701194549613e-01,3.810121897826620474e-01,-3.814172587855991781e-01
8.101842719146989946e-01,2.306429537283748166e-01,9.125274721221110497e-02,5.311103553535029276e-01
4.381085653108798827e-01,-7.196525218386596867e-01,4.860614005749245847e-01,2.321754674457287282e-01
5.771253647688688870e-01,6.140108477485557437e-01,-4.700780590167021322e-01,2.625711534395770985e-01
7.456374721722928145e-01,-3.928764545375726946e-01,-5.714567808722340048e-02,5.351702748083562167e-01
1.801956082184245911e-01,8.234687801254472195e-01,-4.036960916686344047e-01,-3.556095843885111463e-01
8.418662746416047948e-01,4.556978503971911842e-02,-5.232440107196909551e-01,1.240978467116653355e-01
2.681222576548661363e-01,-7.994810975017218047e-01,-2.008324601961286038e-01,4.986048060529204573e-01
6.993529011030791276e-01,4.713907409529878301e-01,-2.909016822243801759e-01,-4.517438437228843973e-01
6.406910988981555644e-01,-5.486918692264121100e-01,-5.365655268768342312e-01,-2.344320381017469743e-02
3.583595177363911310e-01,7.637869128462736468e-01,3.289139472172252776e-01,-4.242919079342480360e-01
8.317738860016062885e-01,-1.420856621136942499e-01,-1.563160482304453147e-01,-5.133509133654259315e-01
8.452199751406212769e-02,-8.397239459332649369e-01,-5.091324329009081495e-01,-1.688309578569705816e-01
7.870424533819130319e-01,3.051042291366661829e-01,4.317085653364530207e-01,-3.179674520334454524e-01
5.037312743897283118e-01,-6.775126256308440231e-01,-1.020923665062942361e-02,-5.358425298532316639e-01
5.190238594652901716e-01,6.660532475847971146e-01,4.431303111213926726e-01,3.010362636842242590e-01
7.803368497386575786e-01,-3.230034626400277165e-01,5.014786836867523023e-01,-1.877825707308914682e-01
1.035927257470303786e-01,8.383134996734816768e-01,-1.363002774191953703e-01,5.176111067326032433e-01
8.357775757744316802e-01,1.233732589344798125e-01,3.436667381975425095e-01,4.100586005306581239e-01
3.415084335632265766e-01,-7.728914850208218335e-01,5.330130462108293443e-01,-4.367876780029750911e-02
6.541754305447921025e-01,5.350587860310640487e-01,-2.720917557645191609e-01,4.601441926260520510e-01
6.900401272844909339e-01,-4.881825086990558837e-01,2.183761348802491509e-01,4.876826064688623563e-01
2.868824885646263922e-01,7.952484627099049019e-01,-5.240159292334239938e-01,-1.033713027011422675e-01
8.430699571436706119e-01,-6.479867031251021481e-02,-3.868863821602084863e-01,3.679036653615795904e-01
1.620399363130534676e-01,-8.300319391307551253e-01,7.683379148798671898e-02,5.280971572997534835e-01
7.570550690711104203e-01,3.772555154749050454e-01,-4.752739699504773263e-01,-2.421994052945068698e-01
5.653039303671909543e-01,-6.293883606318964041e-01,-4.720253793903122497e-01,2.479794326631380996e-01
4.562316391100959545e-01,7.125974138932973379e-01,7.017595592777256530e-02,-5.283303440056451583e-01
8.084863773692403388e-01,-2.500725915526575971e-01,-3.905885662546970671e-01,-3.622900060360485508e-01
2.578618144831779785e-02,8.460293948255074303e-01,5.211231495434789363e-01,-1.095445066965249764e-01
8.224956916828182196e-01,2.004386236499904883e-01,2.114814640833160564e-01,-4.884677938837699296e-01
4.122673717780633296e-01,-7.395637629573991179e-01,-2.764795792527069973e-01,-4.545768328277916548e-01
6.032016755992474222e-01,5.943995495386587002e-01,5.305461687520430791e-01,3.684666721738562994e-02
7.336737485439546180e-01,-4.232375896112751668e-01,3.363728165508088064e-01,-4.116383142069940382e-01
2.126514041908957042e-01,8.200187482510020720e-01,1.416834200964505464e-01,5.121273682222742263e-01
8.471817870676507933e-01,1.336141734104790389e-02,4.996817238981159370e-01,1.800629528517932731e-01
2.384863221650303788e-01,-8.131813589708616341e-01,4.354136221953553432e-01,-3.037685453914217848e-01
7.204517464086416245e-01,4.464673226107799819e-01,-3.515844121033452098e-03,5.306635937932963065e-01
6.222808224767498730e-01,-5.756687482095581565e-01,4.309766281465730042e-01,3.092429729256762627e-01
3.892690779104857057e-01,7.532208542620287828e-01,-5.011540395548730320e-01,1.731258453418578480e-01
8.298173345417765301e-01,-1.746980315615527246e-01,-1.480711510550118681e-01,5.088798711756478133e-01
5.256034300486144006e-02,-8.465209754670650621e-01,3.297435686172701108e-01,4.146188941582953924e-01
8.021053171645859958e-01,2.761006199989397558e-01,-5.286911470526143297e-01,2.968465665442166293e-02
4.797802794730385845e-01,-6.997567550522633129e-01,-2.810129978761909397e-01,4.485343489769049174e-01
5.468459554846221149e-01,6.488854093039931881e-01,-2.037503891577320259e-01,-4.882550619098308120e-01
7.711936461913859731e-01,-3.543970571781536183e-01,-5.160345088139240977e-01,-1.156350796716644758e-01
1.362928837043689834e-01,8.378575681695830113e-01,3.922819281623351473e-01,-3.543075417624362289e-01
8.440446898885662907e-01,9.172653260324481472e-02,-6.262405322423568454e-02,-5.246456257754067432e-01
3.131998710148786724e-01,-7.892877654783225783e-01,-4.642496863231240223e-01,-2.517993105855949598e-01
6.775200062067554541e-01,5.121329102411776857e-01,4.734897671076295222e-01,-2.334394222959410292e-01
6.741535906616729079e-01,-5.167925632064315211e-01,8.288497907765116079e-02,-5.211261488889205040e-01
3.186945675906366904e-01,7.875503351537075369e-01,3.773693772488190268e-01,3.684977548131582181e-01
8.441186141014337396e-01,-9.751750491565568113e-02,5.185519953849788699e-01,-9.517315611429945366e-02
1.307758239152024826e-01,-8.397545611318821823e-01,2.217217459220054976e-01,-4.780684347693305858e-01
7.747526902763102186e-01,3.497033722987524240e-01,2.620795335378873214e-01,4.569246528838900590e-01
5.434538007276414895e-01,-6.537861170040101255e-01,5.241435861987771005e-01,4.995178409411570042e-02
4.855706039643384875e-01,6.980284016450961637e-01,-3.433667527283615351e-01,3.988443458083369419e-01
8.022525242894587016e-01,-2.822365830888892702e-01,1.272048774031849516e-01,5.104432560063270063e-01
5.845440026959775048e-02,8.485834226972747141e-01,-4.899441588337202225e-01,-1.909030618853935490e-01
8.336561252011406298e-01,1.696241366289603647e-01,-4.386330877010193308e-01,2.895619649770494464e-01
3.855315399595504733e-01,-7.585278209360007962e-01,-1.696659836920860406e-02,5.250839086301140046e-01
6.286030150093284696e-01,5.736736124170973561e-01,-4.186543883596951510e-01,-3.169942255699139677e-01
7.204557600666042783e-01,-4.532447489760378923e-01,-5.003602773183069008e-01,1.585947294031143373e-01
2.450998536468469713e-01,8.152652985714492484e-01,1.594684373106154684e-01,-4.998383460572131121e-01
8.512387739941833509e-01,-1.918685973211213536e-02,-3.157830269031871029e-01,-4.186949892014007468e-01
2.081876537114022985e-01,-8.257588191503868469e-01,-5.239524742406448388e-01,1.593982981735898169e-02
7.406445775384894459e-01,4.206060828736700730e-01,2.894899610239544674e-01,-4.367283998995821759e-01
6.027252360204133907e-01,-6.020218415278942858e-01,-1.892213109092928391e-01,-4.883516025214504896e-01
4.198821739726160129e-01,7.413845887375390964e-01,5.077205277121821236e-01,1.275449618846758448e-01
8.265573069733133105e-01,-2.073627434027721927e-01,3.971964776970784428e-01,-3.406444906974633868e-01
2.020121977711777581e-02,-8.520753138115295666e-01,-4.863762821233968275e-02,-5.207628552751993878e-01
8.160759685019304266e-01,2.463830025511828392e-01,4.530024843608490004e-01,2.609677735859329273e-01
4.548501739704339242e-01,-7.211380104921429890e-01,4.744732223271008187e-01,-2.189667791173757205e-01
5.740968477730972186e-01,6.305439405303117084e-01,-9.526112055989398308e-02,5.135683667703584421e-01
7.607669315114150566e-01,-3.855524194013129069e-01,3.640539582422984699e-01,3.742295061865309469e-01
1.691050649965435138e-01,8.361008371034052145e-01,-5.155367494685734187e-01,8.099831562987844236e-02
8.510875815801494104e-01,5.962551398145379128e-02,-2.315450330430990633e-01,4.674201795339714693e-01
2.841274355122985762e-01,-8.046247662430634495e-01,2.477173053603347053e-01,4.587883199935616774e-01
7.000467321964706224e-01,4.881886187003369737e-01,-5.173677129025869847e-01,-6.274627445869916664e-02
6.570675174231217497e-01,-5.448852841286095927e-01,-3.498914684777121309e-01,3.859252064506932256e-01
3.503272452560545203e-01,7.785580628115056356e-01,-1.128953093241326783e-01,-5.083038591188429045e-01
8.438718821337962694e-01,-1.304079104443603421e-01,-4.799326512584937698e-01,-2.013421806117462187e-01
9.900145210371522064e-02,-8.482740298210571517e-01,-4.413669885503345158e-01,2.753635128888882733e-01
7.914262434348944275e-01,3.213390094822465848e-01,3.013014037881493745e-02,-5.191126244161790027e-01
5.205480202962361469e-01,-6.774128408903756782e-01,-4.061785056208481182e-01,-3.242847870839991042e-01
5.144472827090258438e-01,6.822364197078601977e-01,4.991017385431289477e-01,-1.442044226808808782e-01
7.947165903956365796e-01,-3.142804808406562400e-01,1.704822347244301928e-01,-4.904988562227891036e-01
9.135347892134262904e-02,8.498501998596387219e-01,3.018008950108317379e-01,4.222859214538900452e-01
8.436370352152958718e-01,1.382443986230390831e-01,5.188053571722180957e-01,-2.457729014225410857e-03
3.579367640424500618e-01,-7.765052314758217333e-01,2.975164826199556689e-01,-4.247409104465330043e-01
6.532818368241434248e-01,5.518569414831829834e-01,1.748043512619391893e-01,4.879756106532298077e-01
7.059938954951360257e-01,-4.828457334761310782e-01,4.990856728392780717e-01,1.390902884965918851e-01
2.774878697601512734e-01,8.092045511324522655e-01,-4.016280780258372762e-01,3.269302119776818505e-01
8.540193637452282438e-01,-5.202490183263856066e-02,3.488846219800111059e-02,5.164563206535076612e-01
1.772698355161404782e-01,-8.371829012250432411e-01,4.415465226016975220e-01,2.696977265214682284e-01
7.598903160932194423e-01,3.938408978512098479e-01,-4.749781535105355168e-01,2.045771452905289223e-01
5.820460622779698445e-01,-6.277025309206660797e-01,-1.072930009344428282e-01,5.056679997913471336e-01
4.501461541679980805e-01,7.282861157884729097e-01,-3.506578651042784878e-01,-3.794823251193783498e-01
8.219874995579973254e-01,-2.400269104869104109e-01,-5.120840014910896798e-01,6.703438095017812126e-02
1.250606551694188190e-02,8.563668058360190960e-01,2.409433789356820454e-01,-4.565367239714198666e-01
8.289218522424322000e-01,2.159935446083412203e-01,-2.334086667284490102e-01,-4.601692578373177134e-01
4.289729428751510865e-01,-7.416137831402086489e-01,-5.102288219859744123e-01,-7.521808394465374914e-02
6.007269461164381763e-01,6.110483335196308374e-01,3.559430565509014155e-01,-3.728962467036935347e-01
7.490622962234890769e-01,-4.164165542925662988e-01,-9.876950560180502992e-02,-5.057148548843261038e-01
2.019766928207140932e-01,8.330345890145900434e-01,4.696603796897182992e-01,2.113715137198237948e-01
8.568838514240729731e-01,2.711856801431767813e-02,4.436157565781319589e-01,-2.611890291591734692e-01
2.543317896173606374e-01,-8.188680192665547253e-01,4.299378724716664685e-02,-5.127592437690864369e-01
7.217115562975890963e-01,4.632559360861034370e-01,3.935640645228182799e-01,3.311097919176946291e-01
6.387991257910338172e-01,-5.724102115844116323e-01,4.973831644785891570e-01,-1.299700513801730073e-01
3.817272934869022083e-01,7.682748124659980471e-01,-1.811029325018992941e-01,4.808740102944975559e-01
8.423186451747721737e-01,-1.634177306121837592e-01,2.878130187848723098e-01,4.253911277053610274e-01
6.676414193681680376e-02,-8.555657453778409138e-01,5.132584894035168155e-01,1.074838326075154386e-02
8.070394171204441358e-01,2.922014975173704565e-01,-3.050867565000335291e-01,4.125866394719893138e-01
4.966145882361170938e-01,-7.002231268057146352e-01,1.605149138707301915e-01,4.871308713914280775e-01
5.428104500385857456e-01,6.652363734165533948e-01,-4.901419324245795406e-01,-1.502606698094977600e-01
7.858793090176227070e-01,-3.461509345220435407e-01,-4.055751715806809043e-01,3.131804948983912817e-01
1.244317910759365348e-01,8.498162317861047699e-01,-2.139034595140305514e-02,-5.117338709354495307e-01
8.524116700633841415e-01,1.063455866609072237e-01,-4.298961755545029351e-01,-2.779824440160061916e-01
3.295204388294097897e-01,-7.934579132387382661e-01,-4.750073731956079293e-01,1.902861416979925724e-01
6.771914753658185848e-01,5.289754493399160262e-01,1.189694912963377982e-01,-4.974363676171964510e-01
6.903007131979118638e-01,-5.119886583665251845e-01,-3.371967683101403934e-01,-3.842536642684067916e-01
3.097620912830213458e-01,8.018348011694610422e-01,5.082007237094957608e-01,-5.329561763076593600e-02
8.555077084741007365e-01,-8.510172106892469057e-02,2.499091640593263108e-01,-4.454320010188634327e-01
1.457778026975105889e-01,-8.474247548031540456e-01,-2.191693945523864040e-01,-4.610692937932870938e-01
7.781491880851478804e-01,3.662074064241808147e-01,5.027375188944067652e-01,8.735538711720092220e-02
5.602670705190065936e-01,-6.526629863524900932e-01,3.615179882961393476e-01,-3.597729562874514286e-01
4.800085818216081046e-01,7.139356175910462898e-01,8.484215111271736776e-02,5.026823099205569578e-01
8.161037698844577637e-01,-2.726372720170081032e-01,4.591407798734596923e-01,2.209825761110846554e-01
4.551127071643432803e-02,8.593772804625890993e-01,-4.453802252227032077e-01,2.470543847881963850e-01
8.406120768333270599e-01,1.849758439485022221e-01,-5.554506251378998893e-02,5.060336149583732901e-01
4.021823924774418635e-01,-7.611426872595052906e-01,3.808263126657877584e-01,3.374647424456066469e-01
6.266873545206338436e-01,5.904201618309027344e-01,-4.952096907203213938e-01,1.159066624667611650e-01
7.360875220101535943e-01,-4.469365820543801382e-01,-1.913212120467307764e-01,4.709766930363645243e-01
2.348547181912193638e-01,8.286522493819846735e-01,-2.738353008725811222e-01,-4.280104425519580813e-01
8.614130400929086440e-01,-5.744914742009635429e-03,-5.073209219471829234e-01,-2.366542767752757501e-02
2.238551010029476984e-01,-8.319846537451638380e-01,-3.121953322223485761e-01,4.002805319099061454e-01
7.424715653942974836e-01,4.373667631615842377e-01,-1.463683490194468972e-01,-4.858215675202381401e-01
6.193677457496876704e-01,-5.993174843832359544e-01,-4.809015885019402026e-01,-1.610459891267415622e-01
4.128414992333179212e-01,7.567059459911005259e-01,4.090365931211550898e-01,-2.994112110465115273e-01
8.394499072185969135e-01,-1.964942393129863185e-01,-8.156911049602880159e-03,-5.066037228343558407e-01
3.411232811719094871e-02,-8.616070000341948809e-01,-4.180660259895501163e-01,-2.858155427470746579e-01
8.215574274060740700e-01,2.623314840738972253e-01,4.745640932555387215e-01,-1.761093618466901267e-01
4.716834307203440768e-01,-7.221726219342480269e-01,1.302797154617703068e-01,-4.888851000508199207e-01
5.706093824802191961e-01,6.470453059392695661e-01,3.236864456604258700e-01,3.885413614832018969e-01
7.757436079307504784e-01,-3.777945085520461044e-01,5.038942646857811347e-01,-3.979615658924821886e-02
1.576370440424541830e-01,8.484701166853534371e-01,-2.584350958540210796e-01,4.341201730724142394e-01
8.599551180967831554e-01,7.397507719933661685e-02,2.050152643772422678e-01,4.614906544934896937e-01
3.003216051475269821e-01,-8.093492393856392964e-01,4.949047341469999250e-01,9.914658998869987916e-02
7.002862289267035578e-01,5.050570225361851184e-01,-3.666131115035052290e-01,3.465709567119242274e-01
6.733909310112243807e-01,-5.406220427381189797e-01,7.112782112408391755e-02,4.992126741175952342e-01
3.418689714342821873e-01,7.931565331370383776e-01,-4.483875371406588206e-01,-2.301671932518496166e-01
8.556900213483569217e-01,-1.183655679551634810e-01,-4.466616253837558670e-01,2.329754753124057276e-01
1.137577731517086799e-01,-8.564573135802300285e-01,-6.777169898441899598e-02,4.989459248047480866e-01
7.953827979167716888e-01,3.377429589800326482e-01,-3.679806532385995754e-01,-3.433455071492759747e-01
5.374140468080417232e-01,-6.768562509727630294e-01,-4.925868414246261096e-01,1.020292186964609077e-01
5.094173251636305855e-01,6.983454529354593543e-01,2.011280476468172429e-01,-4.608200577636347162e-01
8.089041549545629151e-01,-3.051402817307877213e-01,-2.598836941374867981e-01,-4.301440945589666276e-01
7.876329834360883131e-02,8.610905915735787008e-01,5.010020563289846462e-01,3.628051118202396674e-02
8.511174751055156085e-01,1.533748618826180077e-01,3.188371135893160457e-01,-3.878377113053004255e-01
3.745141025347625274e-01,-7.796846364493027481e-01,-1.323799484255402392e-01,-4.840522739770481420e-01
6.519299574825151433e-01,5.686830544990293390e-01,4.713772093800223106e-01,1.714364037758684123e-01
7.218525797874536520e-01,-4.770598281313339073e-01,4.120115661989162126e-01,-2.856383075776357527e-01
2.676857072301230822e-01,8.229494087319152440e-01,-4.798373521109756783e-03,5.010744539727124414e-01
8.646566729052119760e-01,-3.891459640018567201e-02,4.060708574385208380e-01,2.931909802955139921e-01
1.927409788666258894e-01,-8.439434598970685375e-01,4.736519196001748866e-01,-1.620623664567734379e-01
7.622850638765994447e-01,4.105548324562124929e-01,-1.412130513132370258e-01,4.800261295766149461e-01
5.987947971842114692e-01,-6.255579274156943814e-01,3.101427754349999621e-01,3.923436365712781315e-01
4.436167545144094060e-01,7.438590225483604490e-01,-4.991723426791224716e-01,2.654999042818522587e-02
8.352588184055699250e-01,-2.295842268389342578e-01,-2.665142079041396550e-01,4.226156244718467514e-01
1.095482806566598286e-03,-8.663770261727399280e-01,1.909620447597768778e-01,4.614359607775113670e-01
8.349470844994228980e-01,2.317711333911398053e-01,-4.867417159650440639e-01,-1.105803316684497856e-01
4.457863602200132225e-01,-7.432181065167160483e-01,-3.712256474593378375e-01,3.333059943293781857e-01
5.977939467099545601e-01,6.276823804396902684e-01,-5.764097735345807827e-02,-4.953127742065998595e-01
7.643146156708362504e-01,-4.091577719345458886e-01,-4.374145788822285108e-01,-2.389175006540598944e-01
1.909163637464235397e-01,8.458025755111787669e-01,4.474615806266927232e-01,-2.189682149892119845e-01
8.662443592286805938e-01,4.118137220871416482e-02,7.966164068175013435e-02,-4.915066914004241339e-01
2.703808923324332314e-01,-8.241441069370194494e-01,-3.550426379702956714e-01,-3.487483179681210022e-01
7.225214419617984607e-01,4.801314845622432492e-01,4.895205230622777792e-01,-8.835259440635555295e-02
6.552814124571083587e-01,-5.686948985842206206e-01,2.105147062704267047e-01,-4.504175188160158272e-01
3.737548674422099260e-01,7.831724311259661286e-01,2.459741956709168842e-01,4.317927017117653699e-01
8.545546104267195409e-01,-1.517640149572279940e-01,4.943116374068100560e-01,4.858092924902156218e-02
8.125717606514248903e-02,-8.642553502295594603e-01,3.250073562887580425e-01,-3.752734726778489960e-01
8.115542003335013410e-01,3.084865630923838697e-01,1.185649407864290406e-01,4.818279517927644973e-01
5.135147607987541329e-01,-7.002363249320177063e-01,4.615816421260126035e-01,1.814223452051968999e-01
5.383206469629444602e-01,6.815301475289974320e-01,-4.144996988603424914e-01,2.718778010562564740e-01
8.003888856894251225e-01,-3.374821969042819947e-01,-1.746220390305899470e-02,4.951549958067150703e-01
1.122102775242522776e-01,8.614926556886195463e-01,-3.939256469765314850e-01,-3.001030530778069916e-01
8.604106623960354749e-01,1.212368543295127277e-01,-4.722748463056499757e-01,1.481606787729952135e-01
3.460053752744425282e-01,-7.972009180367846115e-01,-1.517591311865588710e-01,4.708716838630253032e-01
6.764075052633273799e-01,5.458626666900218138e-01,-2.965817300675926971e-01,-3.956590872551944416e-01
7.063696241076128368e-01,-5.067339132380718203e-01,-4.940430386805281238e-01,1.357097062888987064e-02
3.004159294435370109e-01,8.159238412064423462e-01,2.741398581671894430e-01,-4.109329542049082740e-01
8.665983012236340155e-01,-7.233927186398719789e-02,-1.770254923574297590e-01,-4.609082220118335127e-01
1.610344076935134316e-01,-8.547149502034577795e-01,-4.782600227967588880e-01,-1.216454850454535414e-01
7.811116503040097525e-01,3.828556607219571473e-01,3.753531871646115237e-01,-3.199939338454217408e-01
5.771037644586385351e-01,-6.510831382090679353e-01,-4.439596488732480695e-02,-4.909898069096989004e-01
4.740001466392955165e-01,7.297437971119908884e-01,4.262360671881423868e-01,2.472259423897205655e-01
8.297406976205954354e-01,-2.626340872289575357e-01,4.477821016953890676e-01,-2.050485316669207470e-01
3.223596254509154130e-02,8.698570413615627217e-01,-9.120304381811085437e-02,4.837267566620765402e-01
8.471768569743330923e-01,2.005640628816398319e-01,3.420279604956162900e-01,3.536697667693821656e-01
4.189570315047584925e-01,-7.633175726329251010e-01,4.860170176840901690e-01,-7.489157218247455283e-02
6.243146872169109685e-01,6.071688586281008826e-01,-2.194727463551576496e-01,4.397827441417235250e-01
7.515996641886389940e-01,-4.401873884824791805e-01,2.321228414418308184e-01,4.329572661285068236e-01
2.242163809664271534e-01,8.418064785440998454e-01,-4.872597459569327771e-01,-6.055416713559329950e-02
8.712583135163193271e-01,8.014023096987432301e-03,-3.307016646154572470e-01,3.626032757478421797e-01
2.397404578163564448e-01,-8.378090038597721945e-01,1.049384881898425409e-01,4.791539414780288664e-01
7.438535858284557323e-01,4.542305554865812556e-01,-4.515280050941336554e-01,-1.909945180580113755e-01
6.359911493145444794e-01,-5.961568193907244018e-01,-4.165009785557541866e-01,2.581457718995203154e-01
4.053661305598607600e-01,7.718873856544269385e-01,2.982144290212706411e-02,-4.888546262497013295e-01
8.520919091678126334e-01,-1.852440414514116562e-01,-3.816455583147260189e-01,-3.065463933177832723e-01
4.832457810650162000e-02,-8.707955284326674983e-01,-4.704372491241574084e-01,1.344197807206793105e-01
8.266279702224060832e-01,2.784788262300836870e-01,1.619078412362877639e-01,-4.614342782387379494e-01
4.885989290871879387e-01,-7.227582479172085517e-01,-2.830193703956212503e-01,-3.984866842735979575e-01
5.666672938516699176e-01,6.635063806334684511e-01,4.885147890777302160e-01,-8.728057290836827931e-04
7.905603978368674900e-01,-3.696091679862851254e-01,2.813057261910357765e-01,-3.990869688734950405e-01
1.457996475117028234e-01,8.605714863379818613e-01,1.632213478329707090e-01,4.599108297258158728e-01
8.684660919188377237e-01,8.860930044143784656e-02,4.694715157499395608e-01,1.323311564294450127e-01
3.166951813460902598e-01,-8.136542654436631494e-01,3.789936866274476457e-01,-3.066507523780694910e-01
7.000736980478439175e-01,5.219866468494345213e-01,3.140701009216466388e-02,4.862513316481206771e-01
6.896529839074279078e-01,-5.359068432107217950e-01,4.148663916884229308e-01,2.550852685572573830e-01
3.329914467930579214e-01,8.075755195646819873e-01,-4.476255802759505076e-01,1.912323624419220436e-01
8.672235406258537171e-01,-1.059669507292645280e-01,-1.023842767117348063e-01,4.756172787228349907e-01
1.287816784752399968e-01,-8.642714180028169269e-01,3.289524502193434952e-01,3.581068008390658197e-01
7.989122921986641090e-01,3.543064982277016606e-01,-4.820829756773518660e-01,6.166084048705260806e-02
5.543201674388507083e-01,-6.758455725297493055e-01,-2.279940155319119810e-01,4.289296480125083244e-01
5.039390484123769109e-01,7.143722153385643203e-01,-2.183457017124909305e-01,-4.336391679509358776e-01
8.228930515545874735e-01,-2.955899066116416396e-01,-4.798567910278491166e-01,-7.218790007303924061e-02
6.583069729550254656e-02,8.720302902457506278e-01,3.359159871604059933e-01,-3.498427386091499947e-01
8.582169334684165429e-01,1.687552770895399401e-01,-9.151568345943665583e-02,-4.760359558304941840e-01
3.912308943872279121e-01,-7.824303012661700807e-01,-4.412296805242713060e-01,-2.001438981381881699e-01
6.501229131640160475e-01,5.855280757287674165e-01,4.180157661612921016e-01,-2.444583595483859895e-01
7.376082878510211716e-01,-4.708302071936178446e-01,4.186312045468358611e-02,-4.821829619898412855e-01
2.574833187510818244e-01,8.364768684801923149e-01,3.692459352817462070e-01,3.125159649368469128e-01
8.749778866864126314e-01,-2.547644740302771466e-02,4.681438783425329597e-01,-1.208551099784849758e-01
2.084439239568262325e-01,-8.503120737429175069e-01,1.716493196394389686e-01,-4.517267081763239323e-01
7.642403379583820877e-01,4.273878082605516715e-01,2.694718405797533745e-01,4.008257655416626597e-01
6.155412405938407439e-01,-6.229580680637306633e-01,4.825963779378102392e-01,1.153093941560059434e-02
4.366491964508822377e-01,7.593084967925084472e-01,-2.880058092078573995e-01,3.870926759834487640e-01
8.482945035028249814e-01,-2.187521200226315299e-01,1.495653326541791228e-01,4.584475505230067305e-01
1.500960746238144509e-02,-8.760564519460634081e-01,4.603883509552361697e-01,1.426266840118576296e-01
8.405702701335628912e-01,2.477618955874554829e-01,-3.821454611598934514e-01,2.932925341316966472e-01
4.626981751781649721e-01,-7.443781802614154453e-01,1.868821958861773685e-02,4.811052627919462088e-01
5.944065851523552269e-01,6.442929680781995794e-01,-4.033201626511805360e-01,-2.624885315809536435e-01
7.794233392304428243e-01,-4.014673287770325616e-01,-4.469947819626630126e-01,1.775356501822982214e-01
1.794782426754129856e-01,8.583172250652119084e-01,1.131939185037277029e-01,-4.671897241766683750e-01
8.752601072728367626e-01,5.554082893909802199e-02,-3.158320667433535123e-01,-3.620567173166684416e-01
2.866241027700026089e-01,-8.290089284192245778e-01,-4.777254079821051103e-01,4.867499235573832100e-02
7.228832688143597140e-01,4.970846004260907058e-01,2.360706471288932518e-01,-4.178723839303640775e-01
6.717191495803043200e-01,-5.645270985742073533e-01,-2.046588772819880886e-01,-4.338401583673140993e-01
3.653582034781295285e-01,7.979066265633678601e-01,4.721135020655590764e-01,8.346999224208283275e-02
8.665201057752832670e-01,-1.397449407838866342e-01,3.406466113928389716e-01,-3.370076319003415533e-01
9.603031749706303355e-02,-8.725869933329933881e-01,-7.831154858361569215e-02,-4.724800721151485861e-01
8.156493988351343205e-01,3.249462749707773268e-01,4.307003072498057361e-01,2.088617291353849770e-01
5.304715290343713363e-01,-6.997986288543556199e-01,4.190447890604939718e-01,-2.308317584275312584e-01
5.333812082288348355e-01,6.977584047475517970e-01,-5.357443286776551739e-02,4.751499504949961983e-01
8.147155901873326389e-01,-3.283975523937509577e-01,3.567422957415771201e-01,3.180070582809903512e-01
9.963661345489614740e-02,8.728820832144165154e-01,-4.653998509300774633e-01,1.074820581155835897e-01
8.680392817479086753e-01,1.363910990683590285e-01,-1.809739535482527972e-01,4.417620417992189075e-01
3.626451433232407151e-01,-8.005169374919972602e-01,2.559553637782926994e-01,4.026760292910689376e-01
6.751707842954615124e-01,5.627854118990216481e-01,-4.762969288905309906e-01,-2.362684314394359469e-02
7.223522187507211978e-01,-5.010333526856376452e-01,-2.942344170099474021e-01,3.749652776048955638e-01
2.906630808264929478e-01,8.298109799869797243e-01,-1.360731469283944783e-01,-4.565225181987231928e-01
8.773860125198704729e-01,-5.923862525398262968e-02,-4.510229718749221850e-01,-1.525216350345523775e-01
1.765363121661533974e-01,-8.616231779608035657e-01,-3.848071785848815041e-01,2.799354657721011552e-01
7.836406592993774289e-01,3.996386217951626851e-01,-6.253580464924714949e-03,-4.755598614200621244e-01
5.939548678975188345e-01,-6.490496640961622710e-01,-3.916122043792502616e-01,-2.694290812416587078e-01
4.675506757521603607e-01,7.454450736246086562e-01,4.458928383454574540e-01,-1.639743410559461878e-01
8.431571554232631938e-01,-2.522343039141409227e-01,1.236207565586346924e-01,-4.584558601821671076e-01
1.863712420240570128e-02,8.800187106186800889e-01,3.026828949383006950e-01,3.655171564704859377e-01
8.533489154090075912e-01,2.163793951206319233e-01,4.729516777268465422e-01,-3.594852532248133531e-02
4.358459861262199975e-01,-7.650534824867885053e-01,2.436950553646561046e-01,-4.066253377537080715e-01
6.214885011102502244e-01,6.239108416274192770e-01,1.910784967001647738e-01,4.335623516707892700e-01
7.669845733940576782e-01,-4.330028869569294003e-01,4.640409208066852420e-01,9.438849442269829637e-02
2.131923788121944940e-01,8.547221689993175220e-01,-3.448901569960423630e-01,3.241138735764721446e-01
8.807709919980187818e-01,2.208114223327131351e-02,6.534103432504959064e-02,4.684927235783205579e-01
2.558342730132173171e-01,-8.432307409981556479e-01,4.199537735483377943e-01,2.171395179832805722e-01
7.447920648157728696e-01,4.711880501720703829e-01,-4.195891331765508880e-01,2.172822148328082681e-01
6.525867564107226126e-01,-5.925437236355071136e-01,-6.494274071992135744e-02,4.677658616928827007e-01
3.974621162355398418e-01,7.869215627018147918e-01,-3.441503260426208022e-01,-3.230152835350950102e-01
8.644778419216515575e-01,-1.736199330116913186e-01,-4.622106419273244171e-01,9.431596989179860668e-02
6.282901279709691977e-02,-8.796376959228398018e-01,-1.898723746227234110e-01,4.315536124488222880e-01
8.312868918987864619e-01,2.948155438910154968e-01,-2.424862386955249638e-01,-4.040375260799383694e-01
5.055873392554003365e-01,-7.228967316098093843e-01,-4.696258965912131211e-01,-3.540162515195025700e-02
5.622748398680240678e-01,6.799186622412184411e-01,2.999861654532046118e-01,-3.627201644852166562e-01
8.052102386580901605e-01,-3.610027631441087292e-01,-1.227604683884307019e-01,-4.541402250005532326e-01
1.336008891880663962e-01,8.723998317690450088e-01,4.413881015742189828e-01,1.620058015202138768e-01
8.766177050235760548e-01,1.035190993329183212e-01,3.869778512252660119e-01,-2.665958326260482458e-01
3.332386638862004369e-01,-8.175395636933052712e-01,5.883038163042536225e-03,-4.696237265614592316e-01
6.994113957506100654e-01,5.389682601338259271e-01,3.797575489784049130e-01,2.759005582749233798e-01
7.058453783444180729e-01,-5.307443154969493371e-01,4.443232381447377310e-01,-1.505643831790063614e-01
3.237013408883406274e-01,8.218082556743940836e-01,-1.336537823967800798e-01,4.494277464326542071e-01
8.784676920175467085e-01,-9.322028692224003377e-02,2.895211407770720280e-01,3.684860936733472814e-01
1.440639744910165720e-01,-8.717139552005300773e-01,4.677694912442159625e-01,-2.349584268817379168e-02
8.020148699280902349e-01,3.710201308240950735e-01,-2.508599290497314227e-01,3.952031211094665375e-01
5.712572672298330545e-01,-6.743834697889645735e-01,1.776207145544022037e-01,4.328082162733092320e-01
4.980174447099675605e-01,7.303086300168268874e-01,-4.556503929418690979e-01,-1.049316401254660053e-01
8.366768230270097417e-01,-2.856363155254069697e-01,-3.486435678493607915e-01,3.111775243486717413e-01
5.256410168682184442e-02,8.826649232729016914e-01,-5.261902118974456921e-02,-4.640806902323487138e-01
8.649334368061766254e-01,1.843763598787971358e-01,-4.090042101834115429e-01,-2.249690286789355342e-01
4.080776659091364111e-01,-7.847427931485904118e-01,-4.196502338646732055e-01,2.038260248467431424e-01
6.478637703435161654e-01,6.023830247556648532e-01,7.595556522477840689e-02,-4.600412793151115731e-01
7.532531794597464581e-01,-4.641622148519664037e-01,-3.314858760598682896e-01,-3.275365627076183839e-01
2.468879406483989736e-01,8.497807949406086525e-01,4.585820749982425504e-01,-8.137214389953280336e-02
8.849790160846214837e-01,-1.171906149805891466e-02,1.983354529816425127e-01,-4.211150113425864427e-01
2.243693142244573002e-01,-8.562871870885064851e-01,-2.290808371074198047e-01,-4.049106495668690631e-01
7.657571275010900402e-01,4.443303931128045337e-01,4.625930577367772245e-01,4.684214311107801065e-02
6.322765643570046334e-01,-6.199064149953623648e-01,3.052559684478056146e-01,-3.503729106815940963e-01
4.292491650442992190e-01,7.746269502936700135e-01,1.096429526784624131e-01,4.513055119488886269e-01
8.610887529762851766e-01,-2.075380879145948543e-01,4.314967349835929222e-01,1.710691943659027325e-01
2.922753840511913351e-02,-8.854014852377859457e-01,3.886568265656082377e-01,-2.532900157950382369e-01
8.457902738928468889e-01,2.639564211678946948e-01,-1.770788204063468083e-02,4.633057858759536130e-01
4.796990158710514596e-01,-7.450954130075186921e-01,3.677714305560512709e-01,2.818968863862379992e-01
5.905687118674534108e-01,6.608714379519793347e-01,-4.422898172972198338e-01,1.373217265318634195e-01
7.943811454922171666e-01,-3.933512390332245534e-01,-1.432821859526359487e-01,4.401177270073704517e-01
1.676700737904442962e-01,8.705730805294906727e-01,-2.763631280152773484e-01,-3.709618299584358514e-01
8.839278954300873181e-01,7.018802243286823006e-02,-4.621868884090565843e-01,1.133125634050902338e-02
3.030519762384092375e-01,-8.334617706502768231e-01,-2.575582236478247133e-01,3.836205651341923484e-01
7.227988616521078269e-01,5.141059906837472937e-01,-1.643017110073212439e-01,-4.315805645503127397e-01
6.881038654018323264e-01,-5.599110421366567669e-01,-4.469535595390084493e-01,-1.150878400523272088e-01
3.565436325857587185e-01,8.124703584593420125e-01,3.519041024804307471e-01,-2.982147839141153223e-01
8.782100292718482137e-01,-1.273684828512910705e-01,-4.016032192765987829e-02,-4.592510888448351758e-01
1.110745226871201891e-01,-8.805578782637336621e-01,-3.978659836733537403e-01,-2.323422743995044726e-01
8.193247226767420566e-01,3.415711726685666805e-01,4.192298655236887384e-01,-1.904795334556704800e-01
5.474756972639560626e-01,-6.989122754093285428e-01,8.660058289990438252e-02,-4.519870918830500850e-01
5.279967356961007274e-01,7.139128767095898054e-01,3.187649549432736151e-01,3.315671199961069404e-01
8.288526769923980630e-01,-3.189036357664105092e-01,4.545203120650168627e-01,-6.866583472018437939e-02
8.671898803575335546e-02,8.839797773713801154e-01,-2.063542893929866395e-01,4.104600803508369755e-01
8.752951405024324005e-01,1.517991677359504243e-01,2.157556025267251820e-01,4.052961258954121404e-01
3.794302855849741030e-01,-8.034061048550757977e-01,4.552085016018002639e-01,5.793538756186756428e-02
6.734839563935256512e-01,5.797346048348535064e-01,-3.100390282570352207e-01,3.379392687968258424e-01
7.382404484115893117e-01,-4.948919402420649538e-01,9.673623514145870961e-02,4.480235581117988919e-01
2.805104703988882675e-01,8.434897799079099645e-01,-4.213621311625659338e-01,-1.797020356302081456e-01
8.878664793549235768e-01,-4.580816821695767038e-02,-3.898437764135907480e-01,2.400344903427220067e-01
1.922742717696615533e-01,-8.681474635555564978e-01,-2.920730692914055501e-02,4.566152857268873655e-01
7.857367707632509912e-01,4.165468542169517008e-01,-3.556692799237687330e-01,-2.874122624924131952e-01
6.108114342365771332e-01,-6.465656092913972808e-01,-4.397967478694966292e-01,1.242623243421531742e-01
4.606654840416604668e-01,7.610316338695538585e-01,1.524953479821577196e-01,-4.305384221022562907e-01
8.563470260965198033e-01,-2.414451230779913471e-01,-2.632252958713009461e-01,-3.729429809648736605e-01
4.723323514974260041e-03,8.898583074863508635e-01,4.562122322365543825e-01,5.310087006658583634e-04
8.591266941798676449e-01,2.324125236730418542e-01,2.637831514638232511e-01,-3.718927146252177796e-01
4.528398616932111653e-01,-7.663513933563201874e-01,-1.511376927262093883e-01,-4.298825413992733435e-01
6.182122362887875200e-01,6.406373154643089096e-01,4.379623482224496156e-01,1.248456746426473973e-01
7.822346871560741377e-01,-4.253887326873372898e-01,3.546693228077919535e-01,-2.852419880935523899e-01
2.017901740648531117e-01,8.673935358090792969e-01,2.797968575347117154e-02,4.540113620523577032e-01
8.899474845616898167e-01,3.644771131114978024e-02,3.865536898531895527e-01,2.392515076721233869e-01
2.721271756486693394e-01,-8.482487263980880154e-01,4.183301297950051678e-01,-1.772591350063353055e-01
7.452883973015365093e-01,4.882299120652145996e-01,-9.686561829025795711e-02,4.436144833137732890e-01
6.691459403042790965e-01,-5.884820246930251297e-01,3.060037276802186068e-01,3.351034703391037595e-01
3.891354401117778639e-01,8.018011802725866222e-01,-4.500318419285439520e-01,5.621225678534893383e-02
8.766022639745947309e-01,-1.616296224617105037e-01,-2.139202054539640074e-01,3.996029049394334565e-01
7.761675493603621689e-02,-8.881303080295702701e-01,2.025270501565651082e-01,4.051950015330645360e-01
8.355334746646280175e-01,3.113322309484729544e-01,-4.474826200517416086e-01,-6.866847485657927297e-02
5.226394041465960427e-01,-7.225898831085245666e-01,-3.143308238715423197e-01,3.254351659343800440e-01
5.574362274985192878e-01,6.962737097110008877e-01,-8.405593428066016060e-02,-4.442998687257350143e-01
8.196861134258089931e-01,-3.519815941841163420e-01,-4.109978055970115451e-01,-1.878947487476464728e-01
1.210487079824614232e-01,8.839500653929931451e-01,3.905386843891983095e-01,-2.268458246983051096e-01
8.844071653730717353e-01,1.186954686340979254e-01,4.036777179550227884e-02,-4.495617805850118387e-01
3.499426303397832339e-01,-8.210048383130112981e-01,-3.434667199060460474e-01,-2.924411449411346009e-01
6.983015431942857232e-01,5.559927018046002534e-01,4.368485256739246814e-01,-1.114021361061732496e-01
7.219598756203552403e-01,-5.251390371194482043e-01,1.612828303412522646e-01,-4.207027196544073644e-01
3.140052572339571690e-01,8.358480181031335832e-01,2.501241978313111791e-01,3.744284640912641793e-01
8.894177516322092636e-01,-8.013372975224523909e-02,4.498541976599076397e-01,1.207680774297375907e-02
1.595955461311358015e-01,-8.787825407019671520e-01,2.695281697461911485e-01,-3.600348226571540855e-01
8.046906573526261264e-01,3.878744368760313477e-01,1.381448954284073549e-01,4.277176113448853401e-01
5.882163003082498953e-01,-6.724725700645155513e-01,4.286889640959966608e-01,1.341938844538054232e-01
4.916574525564130216e-01,7.461466768727436083e-01,-3.569370809670041056e-01,2.722756070019022867e-01
8.502490527355663907e-01,-2.752864017887047821e-01,1.609180455718676322e-02,4.483692664964820662e-01
3.897186249080621112e-02,8.929901395012700416e-01,-3.750821477716411168e-01,-2.456892083721073372e-01
8.712650125286156566e-01,2.002289037102569225e-01,-4.169534421604035868e-01,1.641812752206870951e-01
4.250450185885624732e-01,-7.866226596885883549e-01,-1.067386344877426924e-01,4.349349231151622419e-01
6.451555567782186751e-01,6.192389883927583716e-01,-2.932185125876526910e-01,-3.381424059303780871e-01
7.687794689232151368e-01,-4.570611403025194308e-01,-4.451234677504884441e-01,4.402659020728179329e-02
2.359067419213696226e-01,8.628550907038472495e-01,2.210247315082083663e-01,-3.885578073134349775e-01
8.946560909772990344e-01,2.349029527044085765e-03,-1.894117683183287049e-01,-4.046086293692014446e-01
2.405078701929320717e-01,-8.618672427136093717e-01,-4.394260969846420228e-01,-7.902863785580534206e-02
7.668363998740949095e-01,4.613732286778648439e-01,3.181270972326994961e-01,-3.128767004648901340e-01
6.489920056720166475e-01,-6.164063899014294856e-01,-7.161765716443108110e-02,-4.401402620128929133e-01
4.214222892047130298e-01,7.898068470986809864e-01,4.004175225476629962e-01,1.956379464068559726e-01
8.736358004988233894e-01,-1.959495605360727088e-01,3.907418315257934482e-01,-2.137406814538787281e-01
4.374058031345229303e-02,-8.944085444841984867e-01,5.117582973653080763e-02,-4.421551216917854465e-01
8.506059565894154018e-01,2.803453763701225787e-01,3.311795613345874800e-01,2.969782394666825587e-01
4.967795828391348700e-01,-7.453711895000202370e-01,4.334499564131365501e-01,-9.875713251684671568e-02
5.862841351943764989e-01,6.774091950268184004e-01,-1.696343638716515390e-01,4.106237668552079056e-01
8.091807630600743595e-01,-3.848154596764739033e-01,2.370765017760941562e-01,3.754174836007370120e-01
1.554995329575729057e-01,8.825647178465025888e-01,-4.431217593929852039e-01,-2.329206764040814975e-02
8.922445374426088982e-01,8.511411144061274692e-02,-2.747869663960381126e-01,3.480623457605873106e-01
3.196551434597426078e-01,-8.375019142946668049e-01,1.253395882731328792e-01,4.250895440069322184e-01
7.222700193599003171e-01,5.311864333229427970e-01,-4.191458803874587580e-01,-1.431213580906849914e-01
7.044271496943627087e-01,-5.548509162027003283e-01,-3.587055039428599934e-01,2.593322444348155065e-01
3.473174275037657077e-01,8.268566342569106942e-01,-4.511321353197690273e-03,-4.423328598659026500e-01
8.896193096229978448e-01,-1.146425472213559588e-01,-3.634663940006145899e-01,-2.516480692250390172e-01
1.263808223243529927e-01,-8.881652200244729567e-01,-4.151025167313363018e-01,1.512624549939961538e-01
8.225798733583088440e-01,3.583518702104520615e-01,1.162077211515209069e-01,-4.259601561264508840e-01
5.645181393208799081e-01,-6.975794735656946077e-01,-2.804257798978874727e-01,-3.406809803997891684e-01
5.221717860830622504e-01,7.299853546519441405e-01,4.398022932558821596e-01,-3.212398884583046732e-02
8.427934461040991199e-01,-3.090070226005828813e-01,2.276595919859110140e-01,-3.773393398047817371e-01
7.346552141635824540e-02,8.947810294147515719e-01,1.764264215975659411e-01,4.035386528261920014e-01
8.821758600698446084e-01,1.674519810946703824e-01,4.310498971331006568e-01,8.900321409389291838e-02
3.963514182338273018e-01,-8.058685425995568696e-01,3.214238369831223241e-01,-3.002801397554410445e-01
6.713496357342862986e-01,5.967012333755822295e-01,5.943700704050775691e-02,4.355508545297169243e-01
7.540263220427392277e-01,-4.883145928642718125e-01,3.896352874714628656e-01,2.029224157640809600e-01
2.699649630648210397e-01,8.569538466451445125e-01,-3.904537797115703035e-01,2.007358197892158136e-01
8.980353645842980015e-01,-3.205621848326993539e-02,-6.161811634604175136e-02,4.344054448904452470e-01
2.082391156732350534e-01,-8.742858391373665716e-01,3.188237998618896896e-01,3.010184825374112028e-01
7.874005274444304536e-01,4.335709951296704001e-01,-4.296061401645310807e-01,8.634330255111440089e-02
6.276645833555836163e-01,-6.436339874987659915e-01,-1.775398335202180156e-01,4.003149615629089664e-01
4.533498384477410159e-01,7.764957203146114484e-01,-2.240989916034502039e-01,-3.759095134135563843e-01
8.693042334963273499e-01,-2.302736848575250850e-01,-4.360241787600429575e-01,-3.416277541608879476e-02
9.496941121425564111e-03,-8.993718747252641421e-01,-2.795534429478564453e-01,3.359909397565649103e-01
8.645086396825598651e-01,2.486542046230267311e-01,-1.127380803598627967e-01,-4.220023977115214819e-01
4.699293350869803154e-01,-7.672122667242805560e-01,-4.093458287981434629e-01,-1.516171172990076477e-01
6.144892994984778589e-01,6.573395497110834373e-01,3.599729757205739622e-01,-2.464286386327187439e-01
7.973424967776684413e-01,-4.173505316515767616e-01,6.747158673778451930e-03,-4.359104866969029657e-01
1.900171674782227815e-01,8.798148328631729687e-01,3.517216774296453297e-01,2.571209784587335512e-01
8.987842214115956407e-01,5.110506852604637662e-02,4.127803489829368622e-01,-1.385192362310189995e-01
2.886098673566245831e-01,-8.528618233787297331e-01,1.252610796380882741e-01,-4.167021917573755507e-01
7.453439611258959596e-01,5.053468764627510046e-01,2.676421515981090016e-01,3.427164903392231898e-01
6.856601376326969532e-01,-5.839755150894694324e-01,4.340757074808995197e-01,-2.051959094271950390e-02
3.803920355806970077e-01,8.165189933212049223e-01,-2.338166877685049216e-01,3.659622785663374511e-01
8.884597704423711217e-01,-1.492807560202897288e-01,1.635877559388226044e-01,4.019869877177620898e-01
9.267899688123472368e-02,-8.962701891587091518e-01,4.223652541499151036e-01,9.857963100649956567e-02
8.393670006024162022e-01,3.280195533229741667e-01,-3.242172593995515384e-01,2.876619190037915108e-01
5.397459360315944865e-01,-7.218394933950884607e-01,4.752959348984037852e-02,4.305380448406279092e-01
5.521556270236048780e-01,7.125631437694975867e-01,-3.786653395509675391e-01,-2.097391005755732674e-01
8.339810550186864679e-01,-3.425519096537321673e-01,-3.896753526779803134e-01,1.878480997449581136e-01
1.081509799540718714e-01,8.952171340504346819e-01,7.168133510873450631e-02,-4.263231575161374187e-01
8.918316975384145140e-01,1.341294727241183760e-01,-3.064156137088570597e-01,-3.045570217347230435e-01
3.667977297075732390e-01,-8.240497911497036698e-01,-4.253224539596160980e-01,7.417666307721205998e-02
6.967463404654945514e-01,5.730508794910283976e-01,1.849892603121325863e-01,-3.897899435999729323e-01
7.379882972018925180e-01,-5.190955473278028309e-01,-2.112085706021886167e-01,-3.759042772324894810e-01
3.039097466323961716e-01,8.496881313689940152e-01,4.285709893504856538e-01,4.467496390201026318e-02
9.000690278226943786e-01,-6.671536904499575371e-02,2.838216944289085331e-01,-3.238364563464146695e-01
1.753673478904125005e-01,-8.854748044023518228e-01,-1.003567296863225183e-01,-4.184605009665385289e-01
8.069397762378290873e-01,4.048600672920736332e-01,3.993017895144788110e-01,1.596702988286640423e-01
6.051882878398722188e-01,-6.701154776968996085e-01,3.607381165701943337e-01,-2.335816646611820202e-01
4.848639706711624364e-01,7.618783943369796807e-01,-1.766905413493111837e-02,4.291107627565136085e-01
8.636033699562699617e-01,-2.645470049682551172e-01,3.398634546205552276e-01,2.621009991890183577e-01
2.506226680096618545e-02,9.030016178530896331e-01,-4.099901961198829659e-01,1.259682500596081556e-01
8.772097001974706876e-01,2.163037715042520903e-01,-1.338870048181151351e-01,4.071732926572345646e-01
4.421236240448713217e-01,-7.880704418857044091e-01,2.548844027209360430e-01,3.442464537756224630e-01
6.420012753977309972e-01,6.360871192888493120e-01,-4.279513678513966468e-01,9.228532744625475223e-03
7.841794274371309825e-01,-4.495322314883256065e-01,-2.394880751559210486e-01,3.544416176122831552e-01
2.245468368408859716e-01,8.756937023024961020e-01,-1.509126060236532785e-01,-3.999558015026780655e-01
9.040051691635198061e-01,1.671935818552765241e-02,-4.133836578750972324e-01,-1.077453877866915988e-01
2.568503816871466339e-01,-8.670506933649653192e-01,-3.265037860807267767e-01,2.750386413532668883e-01
7.674791137881332714e-01,4.785070260314696622e-01,-3.591104554055459669e-02,-4.251084952640727943e-01
6.656788663250607918e-01,-6.124613878569666880e-01,-3.675221443428148271e-01,-2.160790798068133456e-01
4.131741551782680544e-01,8.048407064787569398e-01,3.884076141460843234e-01,-1.750944886649676846e-01
8.859299217157007300e-01,-1.839939122534016147e-01,8.135223938854019288e-02,-4.179189242053650832e-01
5.854010253987983192e-02,-9.030740739037524945e-01,-2.939713625206752390e-01,-3.075891926827692968e-01
8.550161868395692588e-01,2.969194965471665948e-01,4.206045321779995905e-01,-6.227327134353945887e-02
5.139306452777776535e-01,-7.452068837959477943e-01,1.919727796634000949e-01,-3.790625859351033911e-01
5.815566350991432376e-01,6.938977075979296805e-01,1.984222668527183264e-01,3.754017255947668663e-01
8.238149740857755310e-01,-3.758659036605381254e-01,4.207719813215746174e-01,5.481469394438399922e-02
1.429742395260615306e-01,8.942867529598347298e-01,-2.875859855881513494e-01,3.116149406010430556e-01
9.002068707101635869e-01,1.003103197019872272e-01,8.821195492231215241e-02,4.144684314833688155e-01
3.364243040227188897e-01,-8.411286456900212150e-01,3.890269808439417165e-01,1.672701325340165412e-01
7.212985281575672314e-01,5.483167741736773015e-01,-3.609997590223209540e-01,2.208083386634804024e-01
7.206806542716425179e-01,-5.493508776238528180e-01,-2.823978995864117117e-02,4.219425577914508452e-01
3.376858156432883673e-01,8.410585132592304225e-01,-3.279073858313734657e-01,-2.665813450051124356e-01
9.007429135676127130e-01,-1.015749826247982490e-01,-4.067355547119220205e-01,1.136262077853745084e-01
1.419403123698523561e-01,-8.954062551640170620e-01,-1.420738630576032224e-01,3.973859627281636220e-01
8.254145559468138993e-01,3.752790501994803241e-01,-2.421694643410164105e-01,-3.452685850946842216e-01
5.815897960515308274e-01,-6.958024176741834932e-01,-4.214371813355480834e-01,-1.734034442667765040e-03
5.159108843628373853e-01,7.459676905425965954e-01,2.446659408694404902e-01,-3.427925632813107470e-01
8.565312476782074302e-01,-2.987142418990318959e-01,-1.384179052776802477e-01,-3.974474895329433433e-01
5.988427565754087661e-02,9.052811666639661858e-01,4.041168406571157279e-01,1.164880333330910039e-01
8.886790813107918741e-01,1.833405253977063443e-01,3.282800178568536231e-01,-2.624270795162037540e-01
4.133992256662527010e-01,-8.079043746979234220e-01,-2.459702818404184074e-02,-4.192691113914945311e-01
6.687704199638219160e-01,6.136763515436400862e-01,3.562203865832400673e-01,2.219335421246346196e-01
7.697019079848362866e-01,-4.813061941550332290e-01,3.866518426907898376e-01,-1.624920701336427520e-01
2.590333759487148391e-01,8.701968343180247478e-01,-9.061761042992290405e-02,4.092036514591123608e-01
9.078883651629487961e-01,-1.799103496879253528e-02,2.815075874897496888e-01,3.101104919995467113e-01
2.244217387071574532e-01,-8.800363542252992444e-01,4.154582443995154528e-01,-5.064924084300317930e-02
7.886324715383090656e-01,4.507017495227615411e-01,-1.984806154462654404e-01,3.681469857333775075e-01
6.445055003803878968e-01,-6.402577940110733001e-01,1.857572409710147310e-01,3.744020093620443745e-01
4.456089709917813724e-01,7.918296334497375577e-01,-4.126371841346120894e-01,-6.456803258546942037e-02
8.820227481966501637e-01,-2.187270804590247530e-01,-2.908407229317263587e-01,2.993426294767433937e-01
2.401523078736167785e-02,-9.085554872310935837e-01,7.632025048557393443e-02,4.100309923387734368e-01
8.694932136193522787e-01,2.650952598263336957e-01,-3.785348484151561665e-01,-1.744059151027130550e-01
4.871051506146084620e-01,-7.676370614960039696e-01,-3.607569200032728074e-01,2.081258242800547997e-01
6.103230772380917601e-01,6.740088782450318616e-01,3.844477587683838016e-02,-4.144149763766745154e-01
8.123005501989659649e-01,-4.088938533824606480e-01,-3.158693318076463696e-01,-2.705553511499837471e-01
1.778807097532082993e-01,8.919803590383562630e-01,4.030201351507219365e-01,-1.015099150358909214e-01
9.072776629244830859e-01,6.604461216320557659e-02,1.498100657078699494e-01,-3.873529343829780203e-01
3.052731156260014012e-01,-8.570689085123168738e-01,-2.295144285327155032e-01,-3.457807658514294169e-01
7.449601295495960063e-01,5.225297456307623767e-01,4.145412833502185035e-01,1.235292317040006214e-02
7.021208483631169450e-01,-5.790279653059573484e-01,2.493425724541416810e-01,-3.310305291803931627e-01
3.712377981079242328e-01,8.310678120306911332e-01,1.261206989564125636e-01,3.944646477914668936e-01
9.000449996822251775e-01,-1.365809287914072356e-01,3.945767625767136466e-01,1.247951396168126836e-01
1.080069916432525590e-01,-9.040541919286002592e-01,3.295427043145216506e-01,-2.498441791308570747e-01
8.427867630096044227e-01,3.448682428236803377e-01,1.360326289180592042e-02,4.130270190026270050e-01
5.568978136434882265e-01,-7.206473469017995459e-01,3.447749631616936483e-01,2.272937556101196355e-01
5.464371849094982192e-01,7.287786474717016239e-01,-3.844095027584686353e-01,1.500580558533492759e-01
8.480881501205822515e-01,-3.327199187192567131e-01,-9.946423074350162208e-02,4.001884707423534193e-01
9.491552903072338065e-02,9.061960260679352563e-01,-2.690410129744976175e-01,-3.121165455805832711e-01
8.988885523451557447e-01,1.498122371514767348e-01,-4.098896702869495035e-01,3.932076111363842080e-02
3.837946768744368575e-01,-8.266741332383314989e-01,-2.045030491059398048e-01,3.570574552419731318e-01
6.947479791586188558e-01,5.901337667364199291e-01,-1.732307966153672774e-01,-3.729054490303208569e-01
7.539225258458716050e-01,-5.126183598298847954e-01,-4.041768474524081167e-01,-7.392102658197381715e-02
2.934213191025242251e-01,8.633219723449848670e-01,2.935804218325311354e-01,-2.870359515446333498e-01
9.104168686622085005e-01,-5.297324152625548094e-02,-6.469820547217212947e-02,-4.051531847908647621e-01
1.913703959090331530e-01,-8.917884004948258836e-01,-3.678390538575118662e-01,-1.810669786838850492e-01
8.087623555285909926e-01,4.219677388051661371e-01,3.600087684593516468e-01,-1.955514416205642592e-01
6.221643163246605157e-01,-6.673147866110623605e-01,4.826938021247979133e-02,-4.065373365343004641e-01
4.776418705055669456e-01,7.774958810839085466e-01,3.037653514758094642e-01,2.740164405291733996e-01
8.767334548488711077e-01,-2.534249224844756232e-01,3.988478323727218111e-01,-8.963628966038932055e-02
1.084354768580006109e-02,9.126950751954815422e-01,-1.570840373671426871e-01,3.770871549018053326e-01
8.827655617173494340e-01,2.325918882578510705e-01,2.169365556449213417e-01,3.457810107386146692e-01
4.593042196167553270e-01,-7.890866859254079824e-01,4.072720140295905678e-01,2.261288406597103395e-02
6.384039168232493733e-01,6.529186348024029751e-01,-2.535103232736308221e-01,3.191711316930138653e-01
7.994453853420570022e-01,-4.415807074225392426e-01,1.140381608270147340e-01,3.910100415113298422e-01
2.128152962113188384e-01,8.882906256603121387e-01,-3.847755953676731955e-01,-1.326542697087156053e-01
9.130223446023489897e-01,3.138351190242308353e-02,-3.302887081524776836e-01,2.373070641689105920e-01
2.733877009975759220e-01,-8.718360121781848493e-01,2.945552795047961647e-03,4.063895379204927605e-01
7.676862311558541041e-01,4.957225618289129998e-01,-3.332009762991050006e-01,-2.321510318323468103e-01
6.823285121777979967e-01,-6.080747897312736017e-01,-3.816822111778862547e-01,1.378098009317896833e-01
4.045103186432578712e-01,8.197211057265940681e-01,1.078788520296041636e-01,-3.908847198628705444e-01
8.979654401502401573e-01,-1.716784726845083930e-01,-2.565885498631038097e-01,-3.136030714002168707e-01
7.361753019308163448e-02,-9.113945520798173439e-01,-4.039050709723278065e-01,2.830412214393665873e-02
8.590198516995222189e-01,3.136695798505666488e-01,2.100303829330105454e-01,-3.458085124856138948e-01
5.311430377724162266e-01,-7.446038711881570737e-01,-1.608603941984765584e-01,-3.709124991366706814e-01
5.763899754951866683e-01,7.103285073373857283e-01,3.954014198684713821e-01,8.285967039819104596e-02
8.382766175882032655e-01,-3.665084517680068932e-01,2.957996678462362916e-01,-2.747115281337066950e-01
1.301017668482742085e-01,9.057338481587499102e-01,5.336252710075110178e-02,3.998401771507231195e-01
9.078117651928020448e-01,1.157679275102951322e-01,3.569534628651393482e-01,1.872426534902920658e-01
3.533502206138106061e-01,-8.443412676635386749e-01,3.587545876750713458e-01,-1.831026792119372082e-01
7.198861735244224125e-01,5.654879242573312981e-01,-5.769889812288152980e-02,3.983191457147212677e-01
7.368560935957162439e-01,-5.434150653674969522e-01,2.916117006798271127e-01,2.769580836320162942e-01
3.276549906718360106e-01,8.550691104526809694e-01,-3.942226921809293683e-01,7.802238401330874318e-02
9.115758526370429937e-01,-8.817359058441580355e-02,-1.638841779517034580e-01,3.666017717218431615e-01
1.577441460944533358e-01,-9.022782509766218428e-01,2.044532842762283587e-01,3.452674278529090923e-01
8.278284900532585366e-01,3.923434585839837285e-01,-3.996378913687778645e-01,-3.249857450438234374e-02
5.986816732219069070e-01,-6.935832994029758058e-01,-2.571615711312073005e-01,3.072301861322044858e-01
5.092185358229832648e-01,7.618517982270549549e-01,-1.021876140942147987e-01,-3.870865689199663451e-01
8.700594863422748126e-01,-2.880317873747912927e-01,-3.747257047914628880e-01,-1.400529394766185376e-01
4.598326444342785285e-02,9.154755596566332976e-01,3.305149634455333274e-01,-2.248330447267433696e-01
8.948024740060709359e-01,1.994558449259256905e-01,7.360186606387300948e-03,-3.993641522352990858e-01
4.305644558645266851e-01,-8.095137377052870065e-01,-3.215137269299080947e-01,-2.364966832920506468e-01
6.657489021094141757e-01,6.306510779762528607e-01,3.784716983166916404e-01,-1.257648232248556042e-01
7.852593356565610305e-01,-4.738716062413070862e-01,1.158481566845992600e-01,-3.813039222920222571e-01
2.477224893694088825e-01,8.832124502763325502e-01,2.441673009706563091e-01,3.145658358344162742e-01
9.174212196688887877e-01,-3.620827080723322631e-03,3.975108562885983909e-01,-1.761574424216243162e-02
2.408130944062125411e-01,-8.853970854226959064e-01,2.150528964561033707e-01,-3.344148716988233905e-01
7.894331558783820313e-01,4.679298861340215332e-01,1.486636684147124299e-01,3.684237068322022690e-01
6.613254347000573352e-01,-6.364400175831814721e-01,3.863215250448578941e-01,9.136986770547106396e-02
4.374480904518763813e-01,8.070257340057422901e-01,-2.974930711722046928e-01,2.623861761164821282e-01
8.944965927294493691e-01,-2.068123628023858518e-01,4.233006951275939539e-02,3.940972689610333091e-01
3.882315717027457619e-02,-9.174052599068921454e-01,3.458921325007092151e-01,1.929222232834047202e-01
8.740789029246854858e-01,2.817265704978468843e-01,-3.569937312839908117e-01,1.707972094661787676e-01
5.043581164603755385e-01,-7.676267452662408619e-01,-6.671851329046746271e-02,3.897700736290688472e-01
6.057169475587038665e-01,6.906366988168717302e-01,-2.794248321406816449e-01,-2.793737512198522510e-01
8.271014547268402683e-01,-4.000242424231870153e-01,-3.891488723211971590e-01,6.668541245010498053e-02
1.653881118534301642e-01,9.038844638669575327e-01,1.701988174480183469e-01,-3.559101164294098951e-01
9.154243078475499118e-01,8.125779217609971350e-02,-1.920822444443378019e-01,-3.442381721740424005e-01
3.221077478899562196e-01,-8.608688817478308275e-01,-3.916475806350991351e-01,-4.199452071608356096e-02
7.441382825787347111e-01,5.397693857919982907e-01,2.602886693089134229e-01,-2.952237036416539562e-01
7.185196359139097710e-01,-5.736431354672020255e-01,-9.058655733256858189e-02,-3.826972191800370182e-01
3.616785964489298011e-01,8.454405050376000430e-01,3.644396311403618749e-01,1.469785717945883141e-01
9.113526393752691135e-01,-1.235376947179712137e-01,3.302184266389597278e-01,-2.124396276488686175e-01
1.235920449384180914e-01,-9.114792056681491061e-01,1.729789021503055912e-02,-3.919584761892626057e-01
8.457920766910049792e-01,3.618690917572502941e-01,3.097287083209669389e-01,2.403219729432275464e-01
5.740859797117412455e-01,-7.190152328608275800e-01,3.747797628659478852e-01,-1.139408274440899677e-01
5.402850353728525512e-01,7.449119668555845841e-01,-1.233587116660748162e-01,3.714577640103733924e-01
8.620005429184558476e-01,-3.224918021373373023e-01,2.317945688497515533e-01,3.150006022442779496e-01
8.135013658555995120e-02,9.168817777336458752e-01,-3.907135470339895278e-01,7.272214354546275086e-03
9.055750156491972902e-01,1.657349411544109807e-01,-2.195607946043802994e-01,3.228914334342011250e-01
4.009242477269551741e-01,-8.288775952437580363e-01,1.366584502504241683e-01,3.654396635050064512e-01
6.923086537138606333e-01,6.072324010874270428e-01,-3.769479347366802569e-01,-9.943738512376260053e-02
7.697545067848093892e-01,-5.057119741977393890e-01,-2.986552129182493132e-01,2.500769126374027262e-01
2.825464545726066867e-01,8.767429744206394204e-01,-3.161786891538794636e-02,-3.879298495575577155e-01
9.204566687932898006e-01,-3.891533998900875008e-02,-3.346692975644005030e-01,-1.980948723598134342e-01
2.075957609668109827e-01,-8.977210165001767717e-01,-3.547255717420353949e-01,1.586529083086286873e-01
8.101585419099716079e-01,4.391882296155132370e-01,7.531325179525727442e-02,-3.808999212936702294e-01
6.391355362239775628e-01,-6.640730916271105899e-01,-2.672213968256884620e-01,-2.812568583893164664e-01
4.699960075211389032e-01,7.929912976992179452e-01,3.836305972742714010e-01,-5.564278499936710365e-02
8.896330430649944665e-01,-2.419269200077119319e-01,1.760161619147893597e-01,-3.450256871702259698e-01
3.676107046571144583e-03,-9.220662735397505694e-01,-1.798412745297421622e-01,-3.426913909234048927e-01
8.879306905971706687e-01,2.490842345134099967e-01,3.833098592856810094e-01,5.108507205526329614e-02
4.765776045450588749e-01,-7.896719538255069226e-01,2.628838885537302383e-01,-2.831678889393532961e-01
6.343664706166373124e-01,6.697248161707097802e-01,7.925269638342438694e-02,3.778450233607116848e-01
8.145697342975402044e-01,-4.332117692641034856e-01,3.539300674722496431e-01,1.534184417747385953e-01
2.007191574347704510e-01,9.006399111332874519e-01,-3.293960188507628062e-01,2.001445304717766327e-01
9.217037549404399899e-01,4.633312466468651747e-02,-2.685129828225776838e-02,3.841802148316038057e-01
2.901107368274993825e-01,-8.762217021478670986e-01,2.978615999103124135e-01,2.436180542598782861e-01
7.674587278053066619e-01,5.130106750136497196e-01,-3.706082189553895900e-01,1.023557349649448084e-01
6.989323728251137791e-01,-6.032499733978909928e-01,-1.303969132061495173e-01,3.613580673498351103e-01
3.954363155760370896e-01,8.344406828146316846e-01,-2.194878664223048614e-01,-3.149030702944708993e-01
9.097367326542283861e-01,-1.590105364342532246e-01,-3.835197312416872006e-01,-2.709669869933480774e-03
8.896433620699645273e-02,-9.193664997952386564e-01,-2.235441460353081444e-01,3.112532742170671662e-01
8.626158663118663750e-01,3.305864816875127010e-01,-1.248627943620127106e-01,-3.619609480270070678e-01
5.484076575430404388e-01,-7.435635389532324613e-01,-3.672915380315365796e-01,-1.070477966981493168e-01
5.707879153450202692e-01,7.266931894779158352e-01,2.992805815308203776e-01,-2.378009621113294503e-01
8.525585925888322647e-01,-3.567489632296771962e-01,-2.124318632283492617e-02,-3.813433498467664329e-01
1.168896516704052285e-01,9.169007179187239620e-01,3.232993557866600254e-01,2.027496223434968603e-01
9.150561315290176578e-01,1.314782642251147160e-01,3.519494397141851860e-01,-1.466878797732488748e-01
3.704237139720165661e-01,-8.471391093348704660e-01,8.346792663371925547e-02,-3.717185854728924932e-01
7.180347509937357042e-01,5.826908575118233680e-01,2.550182469817592334e-01,2.826006982366648379e-01
7.529452454661602623e-01,-5.370476114995798023e-01,3.776721054499790897e-01,-4.491214843981360116e-02
3.172311228853044174e-01,8.688816000960252195e-01,-1.813242289765961412e-01,3.339621291008052495e-01
9.221131893658298662e-01,-7.444613445355895143e-02,1.677484427241984488e-01,3.406251591208529494e-01
1.737835270385421627e-01,-9.087785138814321595e-01,3.746335764265459889e-01,5.975434587839910383e-02
8.298214197619527832e-01,4.095359001256875242e-01,-2.649393481387943283e-01,2.710791390356158681e-01
6.157848397700830256e-01,-6.909243185196431991e-01,6.820398340534465642e-02,3.725329969749572312e-01
5.020992368856234123e-01,7.776296546276862953e-01,-3.432098350440455081e-01,-1.593596112305093460e-01
8.833716252226142540e-01,-2.769661275572469772e-01,-3.280445576520562567e-01,1.879656993506176044e-01
3.177046173947730562e-02,9.253596287111084395e-01,3.600390199152582460e-02,-3.760371183193018108e-01
9.005437454741115344e-01,2.157890354025400748e-01,-2.859282613686467966e-01,-2.463758998729437821e-01
4.478379163216294478e-01,-8.106967908177515891e-01,-3.659588339860325168e-01,9.102772044868254198e-02
6.622876813341482816e-01,6.476165946881979885e-01,1.369489205279288968e-01,-3.510167611435884294e-01
8.006907972316078537e-01,-4.660156804401675568e-01,-2.072649309910379045e-01,-3.142688040416680151e-01
2.360390566695336478e-01,8.959944595470760165e-01,3.759360131628177171e-01,1.231284673606359084e-02
9.266297151966214063e-01,1.104623701214249056e-02,2.269928095574498261e-01,-2.995156356047466439e-01
2.574041888839980197e-01,-8.903661452500712947e-01,-1.132950128613793295e-01,-3.579880598542916625e-01
7.898031540740515499e-01,4.852462338876830650e-01,3.573633059592651318e-01,1.141864171710658404e-01
6.781156992465580124e-01,-6.321836511235100486e-01,2.993634973076112482e-01,-2.255757659130427639e-01
4.288723928473134328e-01,8.220764451016218111e-01,1.122355943484148327e-02,3.743431858283419733e-01
9.067198464384772505e-01,-1.945365560430333263e-01,3.117968515365625026e-01,2.068752566388421255e-01
5.391237469346309152e-02,-9.259173548661951969e-01,3.486645524379686778e-01,-1.349204865308860080e-01
8.782642287989727015e-01,2.985390715210419765e-01,-9.116707091428195853e-02,3.622360174919251330e-01
5.216791016229213040e-01,-7.671823045192073254e-01,2.428324410918968335e-01,2.833983629378449276e-01
6.006742906707209784e-01,7.072144728367245614e-01,-3.712775871269098360e-01,3.451143628885795789e-02
8.417378796369592298e-01,-3.907472286168848785e-01,-1.861107705820203850e-01,3.227332123997568858e-01
1.525466542090052613e-01,9.155215527785995899e-01,-1.558220738565724572e-01,-3.380374032359982905e-01
9.232207007901306328e-01,9.673610272323482362e-02,-3.656276055885714360e-01,-6.798616104817271910e-02
3.391046463189264504e-01,-8.642606756109038058e-01,-2.664469336752852691e-01,2.589740430478277289e-01
7.428798171933668204e-01,5.570567245750200902e-01,-5.745866451845413336e-02,-3.667640722375294926e-01
7.348481274166971389e-01,-5.678247858667967440e-01,-3.322918552837753614e-01,-1.647888500462531269e-01
3.517202827113748431e-01,8.596300024818414043e-01,3.261606760617167811e-01,-1.759213317180830793e-01
9.223774321375975971e-01,-1.101585754526245714e-01,4.473887768085851868e-02,-3.675369284321743368e-01
1.394255081197904866e-01,-9.185421641781276181e-01,-2.739447268410956093e-01,-2.485862163283746595e-01
8.483822873057503822e-01,3.790129481935455846e-01,3.608332551282653067e-01,-7.997525668005178723e-02
5.913014389166865170e-01,-7.169449555388167639e-01,1.430005761752342064e-01,-3.404458463192803208e-01
5.337033107963568002e-01,7.609549116784171119e-01,1.951437422523363552e-01,3.130931463594400777e-01
8.757114385833028036e-01,-3.118737220765201434e-01,3.679689533130116597e-01,2.151992588803797873e-02
6.746254996292573580e-02,9.272694792588612733e-01,-2.298963460863024943e-01,2.876939124202440579e-01
9.118884163437442902e-01,1.818888110236526467e-01,1.019737168582520032e-01,3.535213397131961588e-01
4.181772749104463727e-01,-8.306599369242344544e-01,3.471742503720998130e-01,1.208382216687690081e-01
6.894305716555866326e-01,6.243378825236789442e-01,-2.988980223724044261e-01,2.134189952519822964e-01
7.854762489271243098e-01,-4.983808861542288193e-01,1.576865607133195925e-03,3.669346919853136990e-01
2.712916124434460174e-01,8.899446313986815182e-01,-3.001764576181884525e-01,-2.104602298637343327e-01
9.301838757186907669e-01,-2.454962149311647884e-02,-3.448699285829339711e-01,1.233693875996069445e-01
2.240345622782936585e-01,-9.032703814984046620e-01,-9.839485730642701100e-02,3.524621750885446603e-01
8.111285093641724675e-01,4.565123756363628771e-01,-2.306812511030391089e-01,-2.836426494324092995e-01
6.560931608686789707e-01,-6.603929986749145220e-01,-3.644511110209900928e-01,2.445892961815713043e-02
4.619312312975968338e-01,8.083568683535670152e-01,1.903631802385777616e-01,-3.113528071929892449e-01
9.022959300442470187e-01,-2.300597407481093926e-01,-1.440807827209022174e-01,-3.349258102371809875e-01
1.848854703286935755e-02,-9.311110266456484874e-01,-3.563007892450659186e-01,-7.576395759754882275e-02
8.927032203802396371e-01,2.657718406081600593e-01,2.673981987122428516e-01,-2.468693832534684107e-01
4.939346366779525099e-01,-7.898268330794535608e-01,-4.703533792374568756e-02,-3.605410176719135440e-01
6.298919354508238921e-01,6.864970078897031369e-01,3.211891174116726644e-01,1.696925415827423844e-01
8.295449293989766160e-01,-4.244306102544287973e-01,3.237407258343175664e-01,-1.640299046630498692e-01
1.882654335426397485e-01,9.127356681813755257e-01,-5.303900722792997957e-02,3.586873154640063954e-01
9.300455884090381709e-01,6.155986958551784571e-02,2.619271993000127918e-01,2.502393418396704483e-01
3.070104490016887233e-01,-8.802063047327493006e-01,3.552329218577763292e-01,-6.921716940822539299e-02
7.667976031834484729e-01,5.303622639900192892e-01,-1.485373099996841473e-01,3.296573557886396388e-01
7.154819414649574716e-01,-5.979903238138850607e-01,1.831425451343075828e-01,3.113711165542303316e-01
3.859576719923371591e-01,8.489921389463835899e-01,-3.596249974652865888e-01,-3.031310996240101432e-02
9.212382344500517073e-01,-1.459973718080284644e-01,-2.322439128253092622e-01,2.758036398746219198e-01
1.045720343112663681e-01,-9.269864872005975087e-01,9.091786739958990227e-02,3.485608749917446514e-01
8.658031826742649262e-01,3.476611098593190841e-01,-3.367353756844413404e-01,-1.269877487207257960e-01
5.657154620828478420e-01,-7.420872960931821360e-01,-2.978778527521167008e-01,2.013485678550714919e-01
5.647542186505611905e-01,7.429834131418373566e-01,7.678601644455537723e-03,-3.591230421308075349e-01
8.666538610716387758e-01,-3.465932852813520815e-01,-2.884529546095164765e-01,-2.134925588036741262e-01
1.033454025288997602e-01,9.277821342931968918e-01,3.405642864519037305e-01,-1.120535847530352291e-01
9.219369284551521826e-01,1.474327016410525715e-01,1.051350006043593882e-01,-3.424069655912703181e-01
3.876356584697448482e-01,-8.495215350244085251e-01,-2.185821723217647450e-01,-2.833259461390684741e-01
7.157460758973209769e-01,5.999166089133441959e-01,3.571965367636713018e-01,-1.477333109150419030e-02
7.689399518038895209e-01,-5.302526510611069721e-01,1.940683811271075587e-01,-2.998348545603123916e-01
3.064203685207960159e-01,8.824892190945335946e-01,1.325435152850864828e-01,3.312877185972520899e-01
9.323500430168384367e-01,-6.040034746588398423e-02,3.466618730317310715e-01,8.307069939895743438e-02
1.900497027848876419e-01,-9.149043970732001485e-01,2.677842463136591578e-01,-2.347821375525095955e-01
8.313931226567830013e-01,4.268472344252723372e-01,3.695302480684989344e-02,3.538663420277836091e-01
6.328904263946492081e-01,-6.878276926240316502e-01,3.099146405692456696e-01,1.740565683860718083e-01
4.945574848778669375e-01,7.932933009541796032e-01,-3.207806613137597629e-01,1.523102102277025804e-01
8.964611897122589657e-01,-2.655237148583557971e-01,-6.088658142306527937e-02,3.494958031080093730e-01
1.725380949991422996e-02,9.349288499641247308e-01,-2.498920449073341876e-01,-2.513251230070938091e-01
9.059006484338089082e-01,2.323312381702139218e-01,-3.491589611539305804e-01,5.877270440781177246e-02
4.652104705346283287e-01,-8.114537249852573630e-01,-1.535440229550850133e-01,3.186633071554808572e-01
6.583893726384890677e-01,6.645641461207465461e-01,-1.712798784414046593e-01,-3.090972871582629566e-01
8.159885492939655816e-01,-4.577432668632381851e-01,-3.509103918455099835e-01,-3.867409930858992789e-02
2.239898130034440604e-01,9.085366889857460215e-01,2.340241354717039479e-01,-2.638604791442280550e-01
9.355096936890581194e-01,2.600202302330959989e-02,-8.014683794226461211e-02,-3.431063860967270562e-01
2.741860754282324231e-01,-8.949416901976148253e-01,-3.260576216212440759e-01,-1.326189826917610060e-01
7.897430696940459516e-01,5.026416788406282699e-01,2.962961882450181328e-01,-1.893826692017324120e-01
6.948676699867007978e-01,-6.274917013552875344e-01,1.652403943586542787e-02,-3.509131545813322650e-01
4.198870708724395384e-01,8.369742543242670862e-01,2.766412069767545945e-01,2.159596904863137490e-01
9.186866499930848029e-01,-1.819066640807408264e-01,3.357459214213936449e-01,-1.009924796031833327e-01
6.927457351474110292e-02,-9.340879880406613989e-01,1.113706394053693149e-01,-3.320801781813229603e-01
8.820477549280328899e-01,3.155237464738858133e-01,2.065529364489933628e-01,2.824400960943720396e-01
5.390590333145397484e-01,-7.663047538606908571e-01,3.495174097527716239e-01,-5.473855333599559995e-03
5.951984985456022503e-01,7.237337253034161755e-01,-1.972126904941694792e-01,2.881933324966955423e-01
8.562025586733358340e-01,-3.810683363371101806e-01,1.212295995408069482e-01,3.271199867902840341e-01
1.393635949377171890e-01,9.268860919598135295e-01,-3.367194270098513575e-01,-8.988875575764412873e-02
9.306634390877163154e-01,1.124710755391114952e-01,-2.675955857227568790e-01,2.227294834865709283e-01
3.562547432730649999e-01,-8.672432635702295167e-01,2.723125605203968735e-02,3.467421785438400406e-01
7.411861566175932392e-01,5.743827488495285571e-01,-2.984814289264430265e-01,-1.778661734240908066e-01
7.510980140976334374e-01,-5.615766864650734158e-01,-3.172758990061143591e-01,1.407813991525938002e-01
3.413687013780399848e-01,8.736292989059893932e-01,6.826328221776663263e-02,-3.399696782263935679e-01
9.331141807086306139e-01,-9.645106828315155867e-02,-2.378557871816729952e-01,-2.518327653258937704e-01
1.554987719349161246e-01,-9.252400528318222017e-01,-3.426120609489724522e-01,4.866160966098036222e-02
8.505567798595026208e-01,3.962907118486801439e-01,1.580049457737640051e-01,-3.074756462689848258e-01
6.085352561587683562e-01,-7.144383435253753856e-01,-1.595746105872743459e-01,-3.062656346513916716e-01
5.266961511021557296e-01,7.768993562403532227e-01,3.418310809370478931e-01,4.658397570956576694e-02
8.892141065544552081e-01,-3.008718309215107078e-01,2.352249529508159964e-01,-2.518802008332262643e-01
5.326049008749315916e-02,9.373542802794150308e-01,6.968049106980850338e-02,3.371570889092654899e-01
9.178261336762457701e-01,1.982651142496187902e-01,3.151517945281323563e-01,1.377152105549634131e-01
4.355446441276948910e-01,-8.320209557362000519e-01,2.941455744413765672e-01,-1.775397792722877288e-01
6.861159628584333481e-01,6.414413721832611381e-01,-2.494002156638831444e-02,3.423095775562934318e-01
8.010798261088468708e-01,-4.906295968079378289e-01,2.647561349546424525e-01,2.178483416080534973e-01
2.596632401632134601e-01,9.029205011491551192e-01,-3.304125572735139293e-01,9.020594386445314472e-02
9.395939955999165205e-01,-9.884014623829016216e-03,-1.170841917190499626e-01,3.214914022753902478e-01
2.406779620354426996e-01,-9.084342736422740261e-01,1.946115283516416938e-01,2.809762304806905919e-01
8.116724678677340599e-01,4.739310672112583833e-01,-3.414168337389439922e-01,-3.419660388737499369e-03
6.730284656350090655e-01,-6.562771340161758227e-01,-1.997816543157344971e-01,2.764422153206133603e-01
4.534523946307825182e-01,8.235848824596704310e-01,-1.101588082726702861e-01,-3.224188334254763921e-01
9.147159750265917433e-01,-2.178301137782643615e-01,-3.264817504514305746e-01,-9.619975667677047038e-02
3.358565241929987316e-02,-9.398252060963624421e-01,-2.668219576803589344e-01,2.107288040043902855e-01
8.970813323390921523e-01,2.826457815999015022e-01,-1.789017862839781953e-02,-3.391701443540454108e-01
5.113662296329744006e-01,-7.895519454117354563e-01,-2.869024177264353770e-01,-1.811057906037959742e-01
6.249833282717793814e-01,7.032266173288872491e-01,3.132211465068335254e-01,-1.294630350464747726e-01
8.443634912337150134e-01,-4.152424246559017207e-01,7.515003854696661323e-02,-3.301158813869600195e-01
1.754611212296592060e-01,9.245720697297377111e-01,2.258351006933236316e-01,2.517506506592115390e-01
9.380440901581010849e-01,7.705545231818718144e-02,3.355923160327905497e-01,-3.890423636633509596e-02
3.240778437814204049e-01,-8.837884077127767801e-01,1.619034660359719990e-01,-2.961061790102308966e-01
7.657038891468348485e-01,5.477682842296657251e-01,1.480459839973052305e-01,3.028693572479224105e-01
7.319687749297174584e-01,-5.922992421195462098e-01,3.323925831430755706e-01,5.402305974279557332e-02
3.760799127035260314e-01,8.633682410034598798e-01,-2.358334274937851360e-01,2.398786655041119098e-01
9.324644438158403714e-01,-1.326462285808217012e-01,5.953927296114638196e-02,3.307115269200003871e-01
1.204321727845194950e-01,-9.342511403904731893e-01,3.040284839918243054e-01,1.422588463299666039e-01
8.685807976299925182e-01,3.648844202976416762e-01,-2.914177094965614834e-01,1.658387059895177484e-01
5.830574671939432463e-01,-7.401765821490733366e-01,-3.290635850283973873e-02,3.333163493703580893e-01
5.582926634676357303e-01,7.591909017867068954e-01,-2.528126807935967557e-01,-2.191443017567532847e-01
8.805554508184418872e-01,-3.360472617005392792e-01,-3.245611643539764168e-01,7.971440604239063421e-02
8.947650722601981077e-02,9.383729319104063826e-01,1.222571776721342041e-01,-3.106499280864945534e-01
9.284511696055184338e-01,1.636226480981311238e-01,-1.827762072739002874e-01,-2.789245646085483088e-01
4.049769782738359969e-01,-8.514879523549896412e-01,-3.328973149916464869e-01,-1.188661995070573914e-02
7.130219921754205048e-01,6.171562729460785546e-01,2.017598443018600862e-01,-2.645954244970785685e-01
7.848321195072713863e-01,-5.230343309738130220e-01,-9.935143665074175345e-02,-3.171796412885506400e-01
2.952288780929163137e-01,8.958852701950723585e-01,3.159567554572952353e-01,1.019844148308894638e-01
9.422815948715949075e-01,-4.604393992420393461e-02,2.654521199314388569e-01,-1.987976951234721734e-01
2.065339594461647610e-01,-9.206533075256885246e-01,-8.950686759253794617e-03,-3.311511681151641517e-01
8.325434180195725453e-01,4.442683724954852864e-01,2.751904075218597479e-01,1.837588363057753582e-01
6.499896244275569224e-01,-6.842956659580883283e-01,3.086101923616548226e-01,-1.183751614909243910e-01
4.865977867916905231e-01,8.088348439742990559e-01,-8.152684868327403356e-02,3.199408726722400842e-01
9.093217710190195646e-01,-2.537109936785038600e-01,2.138468038185238063e-01,2.510661126757289252e-01
2.441224549410880157e-03,9.441787609400030812e-01,-3.280990386845692441e-01,2.952166368553045539e-02
9.108709881892524951e-01,2.490736350713073366e-01,-1.652219151029147570e-01,2.845664877620434630e-01
4.826730349992569002e-01,-8.117847711814419887e-01,1.367136702620948274e-01,2.989006505947540693e-01
6.540566156357840999e-01,6.814850384311927911e-01,-3.225998379458999143e-01,-6.097073474035810681e-02
8.311449144919277332e-01,-4.490592230449189093e-01,-2.358355105238967020e-01,2.278718001167170104e-01
2.115814832163463444e-01,9.208330311584566052e-01,-4.974433024724824598e-02,-3.237673644698500497e-01
9.440570577691368426e-01,4.123842399729610309e-02,-2.926979603707950406e-01,-1.462312143739376014e-01
2.911498497620741976e-01,-8.991219280753982579e-01,-2.881032057877537245e-01,1.542986268646590331e-01
7.892535446017306944e-01,5.201071615745200827e-01,4.040192428562160154e-02,-3.239368261351569522e-01
7.115727856275153584e-01,-6.223671975343800788e-01,-2.408257674328289910e-01,-2.198321903814110800e-01
4.104973223626994239e-01,8.517117157645267556e-01,3.181877350973956742e-01,-6.953895883668052835e-02
9.303912095922184378e-01,-1.689296781978488482e-01,1.268700002658434967e-01,-2.995646240296822027e-01
8.490147332463875152e-02,-9.419134352554939804e-01,-1.710655333612730866e-01,-2.762741457471603601e-01
8.854280949751949237e-01,3.326716232880363999e-01,3.239605697764754710e-01,1.990549968228364289e-02
5.564888947559374355e-01,-7.649951443968878717e-01,2.031306067098338775e-01,-2.526667680566536123e-01
5.892929835545248629e-01,7.401860449210769799e-01,8.882839850978425933e-02,3.113967149083094466e-01
8.704882924473595907e-01,-3.709930927922787669e-01,3.051518230588318725e-01,1.072223050319821153e-01
1.258461772000169232e-01,9.379726128713151700e-01,-2.634735815539104853e-01,1.869539756481655435e-01
9.377491791038008451e-01,1.284542740731021426e-01,4.345845955162866859e-04,3.226852765446996951e-01
3.735490173351771470e-01,-8.698156676620762973e-01,2.633579828194222427e-01,1.858074509345222503e-01
7.390587587144975545e-01,5.917385029342658864e-01,-3.034356455235748817e-01,1.075383854174474657e-01
7.672610517868786451e-01,-5.549026254428723881e-01,-8.737255978385555233e-02,3.094504653160446983e-01
3.306296974337715189e-01,8.874314560079289427e-01,-2.019078498760956131e-01,-2.497651581404260746e-01
9.435577527653016272e-01,-8.242265319069852492e-02,-3.201305236159669443e-01,2.053585369218533310e-02
1.718032610259962734e-01,-9.315699150833143261e-01,-1.679413034371596003e-01,2.728678277341026748e-01
8.523149864409723664e-01,4.136933305005353056e-01,-1.255978387269507668e-01,-2.943504290715726057e-01
6.257785551788810352e-01,-7.114972581224274784e-01,-3.124570159373678546e-01,-6.740522794276013197e-02
5.192677122120965549e-01,7.927372402735445300e-01,2.352157515039271229e-01,-2.158755687472364848e-01
9.025018836450560133e-01,-2.894922791796457062e-01,-4.031765538200689225e-02,-3.163211295139762846e-01
3.875165823150125005e-02,9.471313949483508576e-01,2.811700472266043804e-01,1.496122796768001306e-01
9.233856039497990720e-01,2.148551543616415149e-01,2.841912931225707983e-01,-1.429391408111195250e-01
4.530172909537500958e-01,-8.329604946571148583e-01,4.740444097323206346e-02,-3.141734670743462909e-01
6.823670879224940089e-01,6.585340913784762940e-01,2.288102469046670306e-01,2.198951539346088724e-01
8.165573783551614007e-01,-4.824626210042036178e-01,3.112870041131133858e-01,-5.970149292758563514e-02
2.476677808974178108e-01,9.156642090541973200e-01,-1.309016719987930732e-01,2.882437836804471742e-01
9.486825986118706533e-01,5.073574038901742037e-03,1.594984005957576501e-01,2.730125384389793797e-01
2.575171605981542711e-01,-9.132105270335885150e-01,3.146072838885399237e-01,2.745363795156565909e-02
8.117906712845552875e-01,4.914352463223117251e-01,-2.038757486818860154e-01,2.406698647253130152e-01
6.899327873443409365e-01,-6.517281525949055743e-01,7.861134640068728752e-02,3.050629775629470908e-01
4.445643617280146120e-01,8.386676963159264142e-01,-2.940736231201566686e-01,-1.118915887030122180e-01
9.268871048170801430e-01,-2.052447614710570523e-01,-2.608722707249589434e-01,1.752156990092603173e-01
4.895932770393569833e-02,-9.482047468997815143e-01,-7.635210519083461024e-03,3.137713271601298981e-01
9.010632625045571498e-01,2.996971728297477822e-01,-2.514174099179562472e-01,-1.872321755271949828e-01
5.288633503968527272e-01,-7.888479547222745358e-01,-2.976886089860191209e-01,9.697398113653485363e-02
6.196436926078409124e-01,7.199051145108079641e-01,9.266459194770611252e-02,-2.986496169621938868e-01
8.590180078946075826e-01,-4.056524157764624383e-01,-1.900353155680915007e-01,-2.478321176208521659e-01
1.623132080466679339e-01,9.361433562393631780e-01,3.116837529716222077e-01,-1.196984527990456286e-02
9.456955680879121084e-01,9.281160520851447493e-02,1.700409887464674752e-01,-2.610209964420941997e-01
3.413039697965036257e-01,-8.869666523543302539e-01,-1.147192420544319025e-01,-2.892079758840628290e-01
7.641786579487089837e-01,5.652197462476077350e-01,3.019672798656813928e-01,7.330333606338289287e-02
7.483844938632465693e-01,-5.861801538627458008e-01,2.339569322463027901e-01,-2.039059352162140570e-01
3.658085691731525757e-01,8.775618239087152883e-01,3.128226879995719273e-02,3.083678900213626672e-01
9.434099264491296877e-01,-1.189643449305205075e-01,2.694539603365697089e-01,1.523803090016499773e-01
1.365363289413554504e-01,-9.411571474476078114e-01,2.796694452683175514e-01,-1.317803326403887976e-01
8.709477601507518152e-01,3.822474133671653340e-01,-5.389020784248764462e-02,3.040275638181405005e-01
6.004247453519082622e-01,-7.378328752038609828e-01,2.167808346256006047e-01,2.193144846482512345e-01
5.514070500286173404e-01,7.753074437706877209e-01,-3.038520952167449440e-01,5.022486480712726187e-02
8.942564581109775368e-01,-3.251167404784159887e-01,-1.343294706904082092e-01,2.766949321753738866e-01
7.529043950256947282e-02,9.486680126140071279e-01,-1.480940774700048868e-01,-2.691254275998612999e-01
9.345959297526729159e-01,1.800395433015671010e-01,-3.048368086935648869e-01,-3.450697035416053216e-02
4.224386440053286562e-01,-8.530378196413329617e-01,-2.039751425562968123e-01,2.286180472570755462e-01
7.098643803866947488e-01,6.344010023405654008e-01,-6.872282232124383994e-02,-2.981695882877775094e-01
8.006137213854395140e-01,-5.153968180604705518e-01,-2.827278859537911693e-01,-1.159686663137937807e-01
2.836628038649136596e-01,9.090631250171770095e-01,2.576321147022109792e-01,-1.636011672072262557e-01
9.519030931348719804e-01,-3.138460558559549862e-02,1.523441181915317216e-02,-3.044066696198104993e-01
2.232276168253380377e-01,-9.260227124098955320e-01,-2.393805065755498507e-01,-1.880115428880183015e-01
8.332721743020263805e-01,4.617902737947969793e-01,2.913582662491203679e-01,-8.670402096100689182e-02
6.670736849798282186e-01,-6.803305173736755584e-01,9.737858942191603140e-02,-2.875421643162928143e-01
4.782246671839872620e-01,8.242464573076820900e-01,1.782463851136336930e-01,2.452492028660280543e-01
9.219470295101024337e-01,-2.415344076731061052e-01,3.027540215941202928e-01,-3.847998971793876316e-03
1.265939532048157394e-02,-9.531049657029491140e-01,1.714982554801273429e-01,-2.490361669110994491e-01
9.154526292131669463e-01,2.660074439356912568e-01,1.040993235248390408e-01,2.834604986222435397e-01
5.002165766044754935e-01,-8.116902079473417020e-01,2.911324801394897799e-01,7.864007769788629310e-02
6.492920824845903605e-01,6.983706390129270636e-01,-2.320396024284277214e-01,1.919788141758282107e-01
8.461522831856033156e-01,-4.399684217046613277e-01,2.266244920883762198e-02,2.999008418767056816e-01
1.988207888776133692e-01,9.328774479922770091e-01,-2.575581015540482910e-01,-1.545114405517421519e-01
9.522677761235633920e-01,5.674735451263770991e-02,-2.745229044084734338e-01,1.208428536059794611e-01
3.082866458801303278e-01,-9.029051247415085246e-01,-5.983375773296605027e-02,2.934988945857423537e-01
7.883352665372775903e-01,5.376336749786974067e-01,-2.047520240499968447e-01,-2.180691351611444839e-01
7.282225475123677016e-01,-6.168131993213968878e-01,-2.958740707920106683e-01,4.113310917575099812e-02
4.007083579129929740e-01,8.662814520040083011e-01,1.371285014173198036e-01,-2.649245777792996193e-01
9.418278009081546553e-01,-1.556125838388707217e-01,-1.368722571072696348e-01,-2.645961118797128253e-01
1.007848178379734533e-01,-9.493900378300093035e-01,-2.946467718444453210e-01,-4.103969303183702122e-02
8.884039194415180862e-01,3.499737704220827195e-01,2.034062208490549917e-01,-2.165242371130896570e-01
5.739597233425206557e-01,-7.632545713378185992e-01,-5.918644854081913514e-02,-2.907054516544623768e-01
5.829611862753379947e-01,7.565630843551320872e-01,2.711191085851055727e-01,1.194277339964119472e-01
8.845879507614056170e-01,-3.605270354706249791e-01,2.537345023207995820e-01,-1.521289466029268067e-01
1.120016357450457356e-01,9.487757164646100083e-01,-2.233703676629965676e-02,2.945867108781402566e-01
9.444746420309660939e-01,1.446772882935617732e-01,2.272584730036788514e-01,1.881215544815005025e-01
3.909784898540654141e-01,-8.719769654548992222e-01,2.844313506242596712e-01,-7.675154050284255236e-02
7.364991235961529936e-01,6.091150871383820276e-01,-1.014879746592010912e-01,2.761304810448738101e-01
7.833290615294443704e-01,-5.478064169265454142e-01,1.665583275660395823e-01,2.419959389244039916e-01
3.195091236149564806e-01,9.010296052929129829e-01,-2.933344545890252952e-01,-3.803690768065764397e-03
9.537030853987410461e-01,-6.808079915381178016e-02,-1.722877755130629851e-01,2.369226711318704048e-01
1.883304290378488566e-01,-9.375288584549916759e-01,9.376035252644844553e-02,2.770925573822149990e-01
8.536563932733578497e-01,4.312117969003426698e-01,-2.799527612655797193e-01,-8.338824795663583866e-02
6.430225174597885562e-01,-7.081236009533760090e-01,-2.294414820998854909e-01,1.801100055641216835e-01
5.114221736627552195e-01,8.084605699096046871e-01,-1.448402777841739653e-02,-2.909107769176213498e-01
9.155681769989584273e-01,-2.777412225513239963e-01,-2.454897907333239981e-01,-1.559791306816677436e-01
2.394374205045619527e-02,9.565961066610720875e-01,2.687340675921913169e-01,-1.101480224645705469e-01
9.285643266758483172e-01,2.316502663769856862e-01,6.520741577482244700e-02,-2.825852760503799743e-01
4.705861981025468155e-01,-8.334784493122125992e-01,-1.927379736180573622e-01,-2.161350925072210993e-01
6.781862457644641795e-01,6.756073208553929899e-01,2.873413484794306583e-01,-3.245171053307358694e-02
8.319011132002713804e-01,-4.738844948071728735e-01,1.392711318841561574e-01,-2.529378881488614783e-01
2.353116804099577852e-01,9.281694512588430923e-01,1.258531189346125123e-01,2.594048481947287543e-01
9.574453239016365025e-01,2.031525415520309824e-02,2.840325714635607568e-01,4.702382944101099471e-02
2.745433922855132769e-01,-9.175970380236975199e-01,2.021433231783493767e-01,-2.044007790027068117e-01
8.114834245458698581e-01,5.090159042208873830e-01,5.002717170415332121e-02,2.826565814354641826e-01
7.067975238876091915e-01,-6.467487455835106980e-01,2.592501710984089769e-01,1.222402106425936608e-01
4.352720155770898880e-01,8.535977347486095601e-01,-2.491575866457350075e-01,1.408178848881527778e-01
9.388033173258256703e-01,-1.923104061550627297e-01,-2.891498628866003007e-02,2.843043485957023053e-01
6.460149626552758040e-02,-9.562456526660684242e-01,2.150616688629549689e-01,1.875350021286178726e-01
9.046473081006658479e-01,3.169171660445659899e-01,-2.768914543808867479e-01,6.714074994619392833e-02
5.464170172990588936e-01,-7.877155743150570100e-01,-1.049633706786495813e-01,2.644150298361959694e-01
6.138761060475872444e-01,7.365240321003460044e-01,-1.549884633921871924e-01,-2.380484252790357191e-01
8.735011369401164405e-01,-3.956658032062211339e-01,-2.834153769246096077e-01,-1.095719216685812729e-02
1.488286788426945451e-01,9.474438395184371364e-01,1.723809068967326052e-01,-2.246887141134596699e-01
9.529963982287262825e-01,1.088200821336529206e-01,-8.372559718495693748e-02,-2.700853181191497643e-01
3.586799145116499332e-01,-8.897397399596218559e-01,-2.684260451591059526e-01,-8.751784013983436583e-02
7.622230294869368761e-01,5.827077139374903236e-01,2.261366820333962913e-01,-1.683151047185801885e-01
7.647207830419487928e-01,-5.796365164231881417e-01,-6.774768663678438184e-03,-2.813853857648858647e-01
3.551491865768185430e-01,8.915657929094881196e-01,2.332549111873331305e-01,1.567534324807254020e-01
9.540693195412239813e-01,-1.049589536325790107e-01,2.622816832687701605e-01,-9.971795316892810568e-02
1.528761042655274460e-01,-9.477012640104980346e-01,6.998072499766985755e-02,-2.712819733530049682e-01
8.729031779925797707e-01,3.997411306557714927e-01,1.807523539330030404e-01,2.134845588331353294e-01
6.178084243933466002e-01,-7.350576991373606317e-01,2.782389343902339496e-01,-2.420795482660767148e-02
5.441012080934714001e-01,7.913248930045894136e-01,-1.407262541600859396e-01,2.407382612975571545e-01
9.077500503140543131e-01,-3.138075807199880440e-01,1.150574046104967108e-01,2.535279907264609278e-01
6.079466496663993996e-02,9.586623497869800614e-01,-2.729867082561708846e-01,-5.242866513616653568e-02
9.403683505454246694e-01,1.966748537687965925e-01,-2.001568389694172168e-01,1.922592182478405354e-01
4.400116698771378565e-01,-8.541706526271156674e-01,4.127157895554012246e-02,2.740052615060823982e-01
7.062751649531702203e-01,6.516420071119359836e-01,-2.471218269746594254e-01,-1.243739867102703067e-01
8.162767971543738454e-01,-5.073443062801605841e-01,-2.438753660773296805e-01,1.296871278622072077e-01
2.717283065542424048e-01,9.220162269340295147e-01,3.493749462767682668e-02,-2.735492207202225856e-01
9.612098574916914107e-01,-1.643002733723658570e-02,-2.027993135106988809e-01,-1.862205748624175261e-01
2.401220241580037384e-01,-9.310101449913222860e-01,-2.687181148353083304e-01,5.789730733685342912e-02
8.335793159304906164e-01,4.794039437054677388e-01,1.077718415247736206e-01,-2.523937657448358518e-01
6.841339183066071916e-01,-6.759345675691905697e-01,-1.435541141331324599e-01,-2.333783591144465153e-01
4.694426753089969706e-01,8.395203827401880314e-01,2.729834758464679823e-01,1.758190766898830998e-02
9.343306978810931307e-01,-2.290004062431540144e-01,1.717447676260004663e-01,-2.123409892851380321e-01
2.804016595052385638e-02,-9.617031396335187221e-01,-7.401954679908609447e-02,-2.624155616653819911e-01
9.196435011828895112e-01,2.831239146461788647e-01,2.565473409120623272e-01,9.099528316594263089e-02
5.178321104523517793e-01,-8.111703682469937338e-01,2.220946696847121427e-01,-1.566093763480929102e-01
6.440984850722628607e-01,7.152123762143074437e-01,-4.351316194935196929e-04,2.713083284714527532e-01
8.610031150837534897e-01,-4.304757577420276760e-01,2.208574320773742106e-01,1.568000398873930501e-01
1.857144545664314028e-01,9.446639742138963625e-01,-2.551397812842277624e-01,8.957571765683161602e-02
9.601378884847053818e-01,7.252074553968310133e-02,-7.411968685223407904e-02,2.595809095126734301e-01
3.255876324322701798e-01,-9.062896102624420358e-01,1.688081368269966631e-01,2.100848611359180385e-01
7.869889760126927980e-01,5.552122624024017350e-01,-2.685473974690240073e-01,1.643139145398381934e-02
7.448085196648847051e-01,-6.108328039219104166e-01,-1.414583033301144432e-01,2.283267463668357256e-01
3.905254077137221835e-01,8.806761560684671641e-01,-1.045065115726686866e-01,-2.469368403082287666e-01
9.529907727821936847e-01,-1.419623666839115173e-01,-2.614978876036457844e-01,-5.721999839506330260e-02
1.169163699411358559e-01,-9.565142077498313133e-01,-1.974120626900894848e-01,1.801099950500920921e-01
8.909739619345055095e-01,3.674212935680651881e-01,-3.294831336444929704e-02,-2.647289195270098316e-01
5.914626091347612302e-01,-7.610841809110217016e-01,-2.347320131862535575e-01,-1.257924224587017858e-01
5.762065825539545161e-01,7.728565606139297106e-01,2.378564519767718821e-01,-1.187561332753875737e-01
8.984944748590765196e-01,-3.496757188241877423e-01,4.037039806492793287e-02,-2.623066931524609124e-01
9.783720275228673102e-02,9.592900771248017433e-01,1.904790748733736216e-01,1.841416621052491265e-01
9.508366192386938920e-01,1.611317301223789689e-01,2.598855831442065667e-01,-4.904867721249663026e-02
4.085342219663970487e-01,-8.737262964137055832e-01,1.098758760809945279e-01,-2.400613261084216243e-01
7.335088005515429943e-01,6.265036565742748698e-01,1.322725251479031916e-01,2.279517205539307312e-01
7.992939303014304775e-01,-5.402919079495749344e-01,2.620206668890070478e-01,2.364396985575802773e-02
3.080128469321991580e-01,9.144169506096339051e-01,-1.703409900352845785e-01,1.998841506380610034e-01
9.635451892916300221e-01,-5.343296974206932642e-02,6.466820235451202492e-02,2.540543436781506625e-01
2.050717543467337201e-01,-9.431140600461075385e-01,2.443078045902098983e-01,9.378241801538184097e-02
8.545805471551705113e-01,4.488371461192461331e-01,-2.172788720389066952e-01,1.450075737780631147e-01
6.602583813802067603e-01,-7.043193208727768218e-01,-7.112377573289228178e-03,2.606579715791461638e-01
5.031637454708985935e-01,8.240614187099144505e-01,-2.082987517275007305e-01,-1.560789975181318678e-01
9.284064669064612252e-01,-2.656248282705552244e-01,-2.472762203528131864e-01,7.974555574153946447e-02
8.844420928491225284e-03,9.657437724525795852e-01,7.758573852450456609e-02,-2.474695847273098992e-01
9.333598702299450434e-01,2.486418128188427057e-01,-1.569172976492139993e-01,-2.058969724424523362e-01
4.882423930986355409e-01,-8.335747744766618395e-01,-2.582414702699998843e-01,9.154450845831914665e-03
6.735757804881277178e-01,6.926524002898636345e-01,1.414259280530748564e-01,-2.157012452138988012e-01
8.471033070226535733e-01,-4.648997822582667805e-01,-9.422260848820805668e-02,-2.395960762140687816e-01
2.226013932034886511e-01,9.404299977570717006e-01,2.495497875718313274e-01,6.135912797093737159e-02
9.658778841923214564e-01,3.583314653591780641e-02,1.938676349364591434e-01,-1.679620152345280559e-01
2.917479216954826926e-01,-9.215917709994303486e-01,-2.508862943653239128e-02,-2.547985841512789285e-01
8.107510902014513077e-01,5.266640794184260788e-01,2.220748963389296837e-01,1.264529857439262994e-01
7.236141340424366852e-01,-6.413416472142711156e-01,2.310623820911376358e-01,-1.080446766151351434e-01
4.255802645611012069e-01,8.683674927578778346e-01,-4.517514416488771500e-02,2.505564652671761205e-01
9.504586849063967335e-01,-1.790337760689386382e-01,1.781064928496851885e-01,1.812547172276767204e-01
8.050409553071803670e-02,-9.639440004042149068e-01,2.503611307630939642e-01,-4.062460941996808017e-02
9.078318334461729089e-01,3.342969460214380573e-01,-1.112320009965702683e-01,2.274079066716876429e-01
5.640182983412524997e-01,-7.861555734705045762e-01,1.211607449823322302e-01,2.217269656871401762e-01
6.076836870202532159e-01,7.530749655359491035e-01,-2.505025253471648283e-01,-2.910528486706543544e-02
8.878056073363743694e-01,-3.852878292842786823e-01,-1.681240105465289236e-01,1.873200717094957723e-01
1.350145214898557378e-01,9.584679063090039142e-01,-5.569946227825710999e-02,-2.449651433661797773e-01
9.599430297175868265e-01,1.250726539221119482e-01,-2.316934298878682574e-01,-9.583509526418534930e-02
3.761968011518344035e-01,-8.921064378708558618e-01,-2.116447469889825572e-01,1.335236734982585272e-01
7.598381778939775621e-01,6.002233032191103268e-01,1.321966686523560162e-02,-2.494056336482241565e-01
7.809693918323832307e-01,-5.726718257068856843e-01,-1.955767737343393209e-01,-1.545429216695706209e-01
3.441073301480319646e-01,9.053731257889718886e-01,2.386506723713570088e-01,-7.025314949665419084e-02
9.644373355949873439e-01,-9.063728756942010523e-02,8.033434633169693473e-02,-2.349295652146808355e-01
1.694431201229489869e-01,-9.538803184129023283e-01,-1.450903847874392139e-01,-2.008734612379963480e-01
8.744462237788527270e-01,4.173566522249343436e-01,2.472880963743261384e-01,-2.413286982932712817e-03
6.351996864834854595e-01,-7.318526302157982721e-01,1.405801494237634841e-01,-2.028553857443581021e-01
5.363790035516377008e-01,8.072351697222144296e-01,8.422877784223997688e-02,2.314615698030724478e-01
9.210294683674161709e-01,-3.021256588099310858e-01,2.371193286863957361e-01,6.480145562264036374e-02
4.599664638918299353e-02,9.683509923878058645e-01,-1.894733707571016335e-01,1.558220325770457437e-01
9.457656457997902777e-01,2.135200688165067862e-01,1.772715139265217121e-02,2.441767219474493544e-01
4.576871112498349103e-01,-8.548860306399218567e-01,2.091395217792792749e-01,1.263053571406785869e-01
7.022563207287367826e-01,6.688705538510703041e-01,-2.234452578421940450e-01,9.757283912716396834e-02
8.318134544889504989e-01,-4.988810232597134520e-01,-4.930741899582643389e-02,2.382706024554225588e-01
2.594315613293500800e-01,9.347380938255998029e-01,-1.656841501561259755e-01,-1.775069669746580092e-01
9.701972833518420769e-01,-1.187882235583813655e-03,-2.401026633653390863e-01,3.265779167933246380e-02
2.572085564013570358e-01,-9.356132100534012563e-01,-1.117888425364309962e-01,2.144176633858904668e-01
8.334648295156745768e-01,4.971004313998405588e-01,-1.102354334636057032e-01,-2.146524825656366819e-01
7.011616934190182393e-01,-6.711101856210160976e-01,-2.383960625013436807e-01,-3.392220248385192233e-02
4.602563915232798508e-01,8.546489315792007435e-01,1.650386640249049131e-01,-1.746467783538378504e-01
9.464665841576791472e-01,-2.161154503625203893e-01,-4.714364492252685196e-02,-2.351012418744714283e-01
4.369321201417301903e-02,-9.699690338672594114e-01,-2.186831778119474046e-01,-9.710120650418410659e-02
9.234416045262325845e-01,3.004143257112035226e-01,2.051370540599684322e-01,-1.221704751120236687e-01
5.355106980419296336e-01,-8.102256457124431543e-01,1.871442437948453441e-02,-2.375130851819422795e-01
6.384785815270164200e-01,7.320017392354672969e-01,1.826845725790535446e-01,1.521344853381655926e-01
8.756899408815920216e-01,-4.205861545228206100e-01,2.292117528488889777e-01,-6.112598807741132650e-02
1.722692134860555335e-01,9.561867205977061523e-01,-8.231302230385767471e-02,2.219343141488143434e-01
9.676635102497768148e-01,8.855053991128526703e-02,1.333358800980906089e-01,1.949555741469517767e-01
3.430440095880416540e-01,-9.092737845656057027e-01,2.356436331589856770e-01,3.751045072161947585e-03
7.852154725806459457e-01,5.728340161490526050e-01,-1.388617446638222008e-01,1.897768885597491684e-01
7.613223290019014433e-01,-6.044291525279207322e-01,7.454919190886917513e-02,2.224772548447022658e-01
3.799537277156161408e-01,8.948885933357892952e-01,-2.241741775665457848e-01,-6.749450662730117900e-02
9.638745507039436777e-01,-1.279860180557657046e-01,-1.841671530115704392e-01,1.436937348638165635e-01
1.332879074167856170e-01,-9.632824324537193617e-01,1.090293403369568814e-02,2.328141213327853121e-01
8.931370249095113012e-01,3.850053328179847134e-01,-1.959078465265033375e-01,-1.252887229835471794e-01
6.089886936389034000e-01,-7.584851766563945885e-01,-2.149443428749825968e-01,8.736095969334320421e-02
5.690326898792931187e-01,7.890582555561004297e-01,5.271519400407263800e-02,-2.254106818866687678e-01
9.122008796089909888e-01,-3.384447202691797107e-01,-1.532104453084742468e-01,-1.728331160711946424e-01
8.336011301565905696e-02,9.695104463699794062e-01,2.290552635065319087e-01,-2.518476121493362987e-02
9.568319772138911272e-01,1.778092294242788751e-01,1.114843427988973651e-01,-2.010663736759529530e-01
4.262073120602218879e-01,-8.750628677180289916e-01,-9.951254970231129815e-02,-2.066629070231158216e-01
7.300893943272379616e-01,6.438954202573481389e-01,2.256564808389923404e-01,3.804361599350783441e-02
8.151476118001751425e-01,-5.323629847566142548e-01,1.610167024671089187e-01,-1.618568656687708052e-01
2.961467545095522458e-01,9.275867705939746521e-01,3.903421349492199738e-02,2.244019005920690757e-01
9.730791526240772926e-01,-3.848662807921288814e-02,2.052462248630980701e-01,9.751784127505373767e-02
2.220187363275111236e-01,-9.483227716115621986e-01,1.976858775731981932e-01,-1.109589805766729581e-01
8.550870613529365505e-01,4.665604532847800745e-01,-2.354698658267828995e-02,2.249288784491114690e-01
6.774774416115076914e-01,-7.000864202332638397e-01,1.696084067845228527e-01,1.487827565967098919e-01
4.944966743252814378e-01,8.395319287518114848e-01,-2.188928112548792493e-01,5.239386288904272077e-02
9.410103095000255102e-01,-2.531492807656509636e-01,-8.345844373217212175e-02,2.084459815690959117e-01
6.538629285163668516e-03,-9.745698270978694344e-01,1.216592187567350908e-01,1.880689579090629171e-01
9.377698770559402819e-01,2.658211802584338201e-01,-2.232497191022565497e-01,-9.290895180958318178e-03
5.059769463106963405e-01,-8.332494900176073971e-01,-1.361974141362740365e-01,1.764451233956106369e-01
6.685380876313823384e-01,7.096607279705381410e-01,-6.520932870462077535e-02,-2.125705059795283958e-01
8.621563064111866792e-01,-4.555130814564167241e-01,-2.106690292979616075e-01,-6.937503897047270218e-02
2.095433880013543582e-01,9.524396953258583709e-01,1.778703464814662683e-01,-1.315763472477601281e-01
9.739760700654207515e-01,5.161937865200062758e-02,-4.660991444316295307e-03,-2.206452579283226245e-01
3.091220404985033365e-01,-9.251927637068622090e-01,-1.823517802184182746e-01,-1.233277840296892608e-01
8.095940943958789271e-01,5.443708560180428035e-01,2.054810056173217991e-01,-7.742951483765202203e-02
7.403741374628647343e-01,-6.355096409682698955e-01,5.533585790655434766e-02,-2.119235136605790715e-01
4.154940484239972309e-01,8.829695371510486446e-01,1.406777150753889261e-01,1.671504492027098832e-01
9.618473575213031257e-01,-1.654216106401658337e-01,2.171460122478587051e-01,-1.824721697555017896e-02
9.665907272858735577e-02,-9.712959449733895578e-01,1.102416279440150693e-01,-1.873178966509964072e-01
9.106152753773307795e-01,3.518277276409124688e-01,8.900683108169890612e-02,1.976736055554557947e-01
5.816583098171850263e-01,-7.841687834472345076e-01,2.122222755101461078e-01,4.140815698380754389e-02
6.010696009246100369e-01,7.695495733101475055e-01,-1.559715836755065643e-01,1.489350668857218618e-01
9.019242213531248886e-01,-3.745237649322927798e-01,3.140881184346049071e-02,2.127865949163200987e-01
1.208777319716318188e-01,9.692100216675920699e-01,-1.913377700721768382e-01,-9.700703869465755746e-02
9.665319894050050653e-01,1.415611043659352197e-01,-1.892006267214103032e-01,9.989739754230618496e-02
3.938457860588547854e-01,-8.940655849775132058e-01,-2.765790779981478972e-02,2.115827655992730816e-01
7.570253375349330627e-01,6.177576809661057267e-01,-1.563246522422762907e-01,-1.443976767085654311e-01
7.971221347505776933e-01,-5.652896222098737766e-01,-2.076055304968256465e-01,4.408955680919916104e-02
3.326885908386650881e-01,9.189768750291180677e-01,8.369211917681483592e-02,-1.944104777916915994e-01
9.745087660115896444e-01,-7.600658460994558219e-02,-1.100612313298448969e-01,-1.801171547095344605e-01
1.862290139934555111e-01,-9.596912164386655064e-01,-2.100269393354391168e-01,-1.414949436862655320e-02
8.755761405819665333e-01,4.350850942414464795e-01,1.324939566130208246e-01,-1.628273142735178480e-01
6.525897673349680961e-01,-7.282193030826581426e-01,-5.623623268411465786e-02,-2.016450552852663280e-01
5.282443444029205626e-01,8.230302613171819326e-01,1.965398578351443271e-01,7.036466332358351505e-02
9.340880291900545140e-01,-2.900768739254129813e-01,1.704807683826939091e-01,-1.194624147970661104e-01
3.090384836017526574e-02,9.777290687322492957e-01,-9.454194054814314945e-04,2.075811323185412782e-01
9.507851063845580430e-01,2.305666970527284754e-01,1.684285574292389009e-01,1.203266418122169862e-01
4.754560625628726500e-01,-8.551836022221834810e-01,1.949509023039571465e-01,-6.779885510370328716e-02
6.978098789737979812e-01,6.860779652263098161e-01,-5.709184062749171618e-02,1.977344688496800729e-01
8.472158701488627930e-01,-4.900112361521980486e-01,1.280692446651884309e-01,1.603512593757470406e-01
2.467787631553995664e-01,9.472223207188433802e-01,-2.042759174520769883e-01,1.189397900671751787e-02
9.788608458130826362e-01,1.433415402444352185e-02,-1.079626273331702191e-01,1.731185942116530985e-01
2.744786109803013519e-01,-9.398295889025969352e-01,7.873089333902894005e-02,1.875720724722591826e-01
8.329287695266821556e-01,5.148708280552195538e-01,-1.980075295339228103e-01,-4.393988575739248004e-02
7.181484378693359094e-01,-6.658597949255780080e-01,-1.497903439884450127e-01,1.358543614880410033e-01
4.506704330426051786e-01,8.696244860390551779e-01,-2.431079906261660387e-02,-2.001459445290788008e-01
9.583485745635230701e-01,-2.028860177404140930e-01,-1.768923708578780674e-01,-9.546917078187558414e-02
5.961066277850172318e-02,-9.778984794295406680e-01,-1.795605932554752426e-01,8.898947219891674421e-02
9.268450155258404211e-01,3.178699812933026836e-01,3.097379480091184273e-02,-1.973768381121022153e-01
5.532434457612739331e-01,-8.088565003507683926e-01,-1.427948589928751122e-01,-1.388613690257478883e-01
6.324351820906231048e-01,7.487302782153935077e-01,1.952297633044549063e-01,-3.624983389736476103e-02
8.902053639038062238e-01,-4.103045695143937022e-01,8.291357944065816388e-02,-1.797495720630168103e-01
1.584918124730769207e-01,9.674398770422372174e-01,9.853555614888286074e-02,1.709712661880070372e-01
9.748408367753251813e-01,1.048286883094688288e-01,1.958646724922918636e-01,1.825702965948354864e-02
3.606470063329425546e-01,-9.118561226342599690e-01,1.276290132108254816e-01,-1.488723729384701100e-01
7.830156205577191164e-01,5.904900762503212386e-01,4.765881604041750236e-02,1.895696311810666779e-01
7.777556656896693621e-01,-5.976054361366865963e-01,1.816946049540273944e-01,7.036290015412903498e-02
3.689986051262559852e-01,9.089116034314764780e-01,-1.618614047644832410e-01,1.073341148478345192e-01
9.744736400929419062e-01,-1.136905397406122592e-01,-5.851232120755714070e-03,1.934976718727360601e-01
1.498912191877008193e-01,-9.696912792729058816e-01,1.540731492330033592e-01,1.161589858681827819e-01
8.948919849443738306e-01,4.027170602232026941e-01,-1.832113067555425356e-01,5.848864645746635477e-02
6.265291688848763085e-01,-7.554588251347165162e-01,-5.788361372011845835e-02,1.827365626392269404e-01
5.614430731284105747e-01,8.051600165176027168e-01,-1.153542693747384856e-01,-1.522905642990407538e-01
9.257002556287082795e-01,-3.268396455701850778e-01,-1.903067006896692337e-01,6.184050865949743299e-03
6.857760857109829189e-02,9.794316563268563591e-01,1.045177246526691056e-01,-1.583880911588015916e-01
9.624576621341497384e-01,1.947014304949167551e-01,-6.869360702113185002e-02,-1.762038305966312501e-01
4.439888936052193147e-01,-8.759859596007879556e-01,-1.828891677904872226e-01,-4.554133553600520773e-02
7.262425708299754534e-01,6.612816404541776993e-01,1.423202654573778314e-01,-1.225694185049497342e-01
8.308821273401918450e-01,-5.240235784572458977e-01,-1.779162917879664393e-02,-1.863266959366375597e-01
2.839167588210759763e-01,9.405324210244083716e-01,1.618127856579598678e-01,9.277209418845272504e-02
9.823001447333554736e-01,-2.324924126351335732e-02,1.685992947654224305e-01,-7.823155528367180256e-02
2.391628920832297722e-01,-9.531523242577155663e-01,3.340052431329648686e-02,-1.821706968425407525e-01
8.551756209778224038e-01,4.843728317088973334e-01,1.289573444477054853e-01,1.320137133047011857e-01
6.946710487413524371e-01,-6.954269605631419049e-01,1.815964990319864913e-01,-2.891691722548826032e-02
4.854252491710679407e-01,8.548643117651517631e-01,-8.098908758536119135e-02,1.643475087416620961e-01
9.533733393310696025e-01,-2.403207867418572508e-01,8.706410045038988355e-02,1.604526027375823838e-01
2.219773208748705012e-02,-9.830697869442800441e-01,1.806038855337261939e-01,2.152420074290157387e-02
9.417920684706603263e-01,2.831797762963575438e-01,-1.214355138434046327e-01,1.345002975464675010e-01
5.237809693502509800e-01,-8.325026863073845540e-01,3.950816578131106926e-02,1.761586735704388784e-01
6.630756198012811575e-01,7.266237606991990949e-01,-1.659972101969159064e-01,-6.923553292451004038e-02
8.770525295516479192e-01,-4.457290300390538973e-01,-1.518212215585485469e-01,9.515675946547422215e-02
1.961441526607948793e-01,9.641924703162116916e-01,9.973678089091761456e-03,-1.782158166602369198e-01
9.817357539535538358e-01,6.766608065897748714e-02,-1.391850594929980589e-01,-1.106513901920377491e-01
3.266570647017611462e-01,-9.283981321437099199e-01,-1.700593104736757011e-01,4.951667631937740899e-02
8.080129323053197865e-01,5.621273623831691824e-01,5.757780696562941197e-02,-1.667714778747514670e-01
7.570691148246868618e-01,-6.292555651848183995e-01,-1.024790921166068847e-01,-1.427649282613065451e-01
4.050183436327158271e-01,8.973965081743473515e-01,1.750377910762768163e-01,-1.191693181014724006e-03
9.729635657385380387e-01,-1.514806652112726526e-01,9.972790076148040084e-02,-1.430029846618885159e-01
1.130583811407002981e-01,-9.782977232245531063e-01,-5.889699611389286743e-02,-1.633478222574764049e-01
9.129961482222647140e-01,3.695007534076332756e-01,1.666844819628484076e-01,4.608155851614477438e-02
5.993282152513524919e-01,-7.817561029286107521e-01,1.333455528136935631e-01,-1.090048140327319198e-01
5.940370656809993433e-01,7.859395773751365333e-01,1.191476444902989616e-02,1.711051831495006004e-01
9.158498564321099211e-01,-3.633789148888301734e-01,1.459500192073533154e-01,8.873216204327043222e-02
1.064253189214826173e-01,9.796647321558333843e-01,-1.560767283715048803e-01,6.760709225626759800e-02
9.727598861342491299e-01,1.582772266960183194e-01,-3.481144418553065029e-02,1.657548997502568122e-01
4.116180564698325162e-01,-8.956160967599331446e-01,1.147118863769298475e-01,1.236267201552574552e-01
7.537858084715622908e-01,6.353020641862996420e-01,-1.664572820806163589e-01,2.214080915039283795e-02
8.131708921260261125e-01,-5.574934964970109652e-01,-7.773157895638121984e-02,1.480266975766461879e-01
3.208985904148384805e-01,9.323701699069258941e-01,-7.560850252657776160e-02,-1.483014338541218946e-01
9.842784844643281961e-01,-6.107409195481545289e-02,-1.640058215157925992e-01,-2.383087957734622911e-02
2.032254362154787275e-01,-9.651309457205941023e-01,-1.136735942471528149e-01,1.195825809155901392e-01
8.762922470227331173e-01,4.529176070162753698e-01,-3.181772126616343871e-02,-1.611371207261962091e-01
6.699699556505428477e-01,-7.241594162117273026e-01,-1.492381160731603706e-01,-6.679358613245667264e-02
5.197011861529219345e-01,8.387022232584971926e-01,1.400800038983161522e-01,-8.286646076880403722e-02
9.469191279970489150e-01,-2.776671529832230867e-01,1.320180945790810391e-02,-1.614646382789033108e-01
1.552374143901829630e-02,9.867917900394361785e-01,1.236035189310108751e-01,1.035526275396778106e-01
9.554241047315698010e-01,2.478062633598645537e-01,1.551912938372151662e-01,-4.089618875434663375e-02
4.933096556044961334e-01,-8.550630902891748208e-01,5.598540409833286519e-02,-1.495938830315142742e-01
6.929379327815945455e-01,7.032556196895054512e-01,8.934999398978540897e-02,1.314729373731541306e-01
8.624762911391070652e-01,-4.807392569370951274e-01,1.581629122637816520e-01,2.984501087170062916e-03
2.337761315852318611e-01,9.594625823155087385e-01,-9.333131988126075473e-02,1.267656821333036643e-01
9.871961033695835219e-01,3.012840320047902032e-02,4.932983791405325807e-02,1.486697679552680118e-01
2.919236050135742833e-01,-9.436570439775134878e-01,1.491080450234166799e-01,4.537381510072457241e-02
8.319712634834122156e-01,5.327062653801950542e-01,-1.225429429276937016e-01,9.503198777843174794e-02
7.350856377154723065e-01,-6.601858785879455294e-01,6.762634196499912702e-03,1.541362310302945571e-01
4.406894591355992596e-01,8.844395006410969984e-01,-1.290643932345302558e-01,-8.307799173970534246e-02
9.699706362493366596e-01,-1.893186074493395099e-01,-1.416256856263742037e-01,5.707534369900402887e-02
7.578464840740446740e-02,-9.854873910929891068e-01,-3.502496440618112911e-02,1.477989882605620087e-01
9.298518910248831926e-01,3.354822086489072097e-01,-9.988921573337024296e-02,-1.133547220792862353e-01
5.710215036739828554e-01,-8.070634637557344560e-01,-1.494240463149551223e-01,1.598318476919238437e-02
6.259711544565816910e-01,7.653896044504356899e-01,7.286157776570933997e-02,-1.304992631128294722e-01
9.045420617361468185e-01,-3.996359993639472807e-01,-6.409249964417823575e-02,-1.341151671208779261e-01
1.443890164395523201e-01,9.784177154948282551e-01,1.456893139473254828e-01,2.500419442928797018e-02
9.816661473722607667e-01,1.213471457876241222e-01,1.039747647444306394e-01,-1.039023272542069221e-01
3.783878781510917610e-01,-9.140351792906084016e-01,-2.462283969767855782e-02,-1.440694986897727570e-01
7.803903542437909957e-01,6.081716295099192093e-01,1.310741003901902402e-01,6.275144834505676228e-02
7.941002836131598741e-01,-5.903649008265982046e-01,1.261971135495220386e-01,-7.034423906240681867e-02
3.576653633647324249e-01,9.227381020835077052e-01,-1.537592123349711647e-02,1.428056856666473640e-01
9.847826294071806430e-01,-9.908294823217363156e-02,1.070557860845980230e-01,9.447116413651732159e-02
1.667181020292513305e-01,-9.757373995564914138e-01,1.381192291650407411e-01,-3.262943605634266442e-02
8.962377975858187851e-01,4.205476777263441601e-01,-5.281726911902881461e-02,1.307967775608714911e-01
6.440752767252582167e-01,-7.520064611416460432e-01,7.579659622239362515e-02,1.179330162151355499e-01
5.534413497701390350e-01,8.211537570255077467e-01,-1.391786458301702833e-01,-6.203566101849923228e-03
9.389857713614014889e-01,-3.148661336478313366e-01,-8.491346004467530129e-02,1.093377490427772381e-01
5.349694275175427560e-02,9.890486230103733289e-01,-3.995293782135186933e-02,-1.316231787982010126e-01
9.677107041099141105e-01,2.117999889957371540e-01,-1.296790452570859287e-01,-4.312891180763391008e-02
4.618701333329627845e-01,-8.764949302463143077e-01,-1.093867783429200019e-01,8.041859182587624000e-02
7.219700623231931624e-01,6.786536322355790629e-01,-2.450440402138972205e-03,-1.348423965388318158e-01
8.464895668048232347e-01,-5.152776701479337973e-01,-1.107398698813762544e-01,-7.537252255401742651e-02
2.713288023376383973e-01,9.532473371111628291e-01,1.246343771511372184e-01,-4.654532570138588538e-02
9.912034195539410897e-01,-7.728284225748317804e-03,3.375643472971216752e-02,-1.277362822452520197e-01
2.564957536110426539e-01,-9.576001327887352366e-01,-8.418202034619595708e-02,-1.006245572061445076e-01
8.548459879221720348e-01,5.022654313168146700e-01,1.298345375069662744e-01,-1.052455737084338934e-02
7.118306090764184857e-01,-6.903430677347279776e-01,6.592049278287839820e-02,-1.112570062682008282e-01
4.759538062269930148e-01,8.700508503245876213e-01,5.236036818994268399e-02,1.172087199423047926e-01
9.654892718575579513e-01,-2.271455796740555200e-01,1.249871624724036845e-01,2.477015905473684693e-02
3.812520662404747518e-02,-9.912392535015821515e-01,9.171463736001227163e-02,-8.706110630713030651e-02
9.454242491029339890e-01,3.007090269607043398e-01,1.795789989562579861e-02,1.241957492985918815e-01
5.416456137486329592e-01,-8.313345291874787435e-01,1.108867968126598658e-01,5.663080416282192942e-02
6.571908918038836811e-01,7.435330138383339227e-01,-1.094047352155455843e-01,5.735322985601038620e-02
8.917844676529574910e-01,-4.355523100793191604e-01,-1.624087885745538126e-02,1.214532102969594629e-01
1.824101985016679528e-01,9.756823313302758205e-01,-8.903197971819330758e-02,-8.272734976994738920e-02
9.891528938712765839e-01,8.396538190575411620e-02,-1.179694027841544229e-01,2.468981964798330417e-02
3.443443322819687569e-01,-9.312060750783283103e-01,-4.757831866255757269e-02,1.096290570776932705e-01
8.060081731169836949e-01,5.799247700617059520e-01,-6.147984971804245496e-02,-1.012833353328518454e-01
7.736907081246993112e-01,-6.225823181307041931e-01,-1.171581981273399770e-01,-8.240262377797959517e-03
3.941581681603212872e-01,9.116411211573335338e-01,7.373505784760440995e-02,-9.007189312826965888e-02
9.838016235819562194e-01,-1.372177152375269882e-01,-3.065921754021972215e-02,-1.112010631348526457e-01
1.296939768194024234e-01,-9.849456578610154001e-01,-1.074849132288388520e-01,-3.883963009207202360e-02
9.149730483891015398e-01,3.873072913192505684e-01,9.290754812105199434e-02,-6.469598375969259907e-02
6.170192245688392862e-01,-7.789185030059103676e-01,8.415341920456954374e-04,-1.121273116047273311e-01
5.865893567240346718e-01,8.022367636898618537e-01,9.015805528159998028e-02,6.481224136179801476e-02
9.295754670436124911e-01,-3.518586223657872991e-01,1.039378343339889543e-01,-3.580345697639079200e-02
9.166430764594868386e-02,9.898266688624270948e-01,-3.049361644930731821e-02,1.044555391941592304e-01
9.786234147177274023e-01,1.752128205318179699e-01,6.695573807505315889e-02,8.434221260036328660e-02
4.295048286233892898e-01,-8.967569699348275636e-01,1.063859555117373512e-01,-5.879415987548928732e-03
7.501209614296412420e-01,6.528477194464041844e-01,-5.603572554724994825e-02,8.926587197744322022e-02
8.291076108800712330e-01,-5.492870941213169322e-01,4.005665843259501729e-02,9.622744893072048000e-02
3.087429860113521940e-01,9.455462185431731115e-01,-1.005402670558986772e-01,-2.262237582192848720e-02
9.937414500824106600e-01,-4.584706997843691900e-02,-7.565360848165239571e-02,6.820929618611273892e-02
2.204240471357759856e-01,-9.701965798263696428e-01,1.184225040929411631e-02,9.995797638379627648e-02
8.765939419615761397e-01,4.708453733485812309e-01,-8.736622717034869812e-02,-4.748513096242890780e-02
6.873315928016680010e-01,-7.196747368424308844e-01,-8.811692773729086492e-02,4.334699220985303858e-02
5.107535366456514847e-01,8.542431800965456512e-01,1.531277756821077321e-02,-9.573365607583625425e-02
9.595162405436276076e-01,-2.649024550575613812e-01,-6.839930788651146787e-02,-6.690895394598701806e-02
1.361942085416407067e-04,-9.955344537677426331e-01,-9.286288559345605431e-02,1.695928335032749132e-02
9.596800990179640278e-01,2.652303062648964649e-01,3.924367066008226795e-02,-8.442112591421058188e-02
5.112390581060614059e-01,-8.545242968484436652e-01,-4.559226107352141316e-02,-7.965046950711504592e-02
6.876426419819150482e-01,7.203949513916875214e-01,9.002072959734755409e-02,8.659051926235016711e-03
8.775870359196560333e-01,-4.710694471871981759e-01,5.817562781297706820e-02,-6.745492303061333128e-02
2.204299150290591203e-01,9.714526354242813966e-01,2.113061988568501123e-02,8.511126007025564266e-02
9.951987013883174527e-01,4.618718104091924098e-02,8.037635993421952951e-02,3.139951952219635634e-02
3.095349729070010492e-01,-9.470934231162004835e-01,7.086586607159127416e-02,-4.669237050550431589e-02
8.305925166882482946e-01,5.505979144611629073e-01,-2.767247572257418124e-03,8.336876005659335509e-02
7.519648376724645811e-01,-6.540909842802635765e-01,6.528137881819341681e-02,4.951978157358458144e-02
4.303181757914923411e-01,8.990865036363199225e-01,-7.669656195101133556e-02,2.423559257362363842e-02
9.813268199044301587e-01,-1.754197440391418450e-01,-2.404818481714871004e-02,7.514832496137394124e-02
9.220729669733647438e-02,-9.927317709851284366e-01,4.651565900783621865e-02,6.178785300984899337e-02
9.324604727645908753e-01,3.532423559599494611e-01,-7.571196751324282825e-02,2.236663312539992430e-03
5.888360646012302801e-01,-8.048471438493371988e-01,-4.100349572358678168e-02,6.174040331052106645e-02
6.190894285999416491e-01,7.819713907543535125e-01,-2.611652452607013744e-02,-6.757921710244338409e-02
9.186927878559855154e-01,-3.885854844547043663e-01,-6.859813671698306026e-02,-1.729677575324671535e-02
1.299676122885107810e-01,9.891145927386388870e-01,5.241437795165172081e-02,-4.487176363194794737e-02
9.881358090342393652e-01,1.380978687082073109e-01,-6.190731035914430816e-03,-6.691992537160337817e-02
3.962579050998338848e-01,-9.158095935883130423e-01,-5.660922772836243094e-02,-3.267807022298598735e-02
7.773406826599307262e-01,6.258699088223469431e-01,5.765165843472145474e-02,-2.654442676394069486e-02
8.103480009597677780e-01,-5.827108525272275408e-01,1.127229998404798150e-02,-6.047408486756647439e-02
3.459593664974248139e-01,9.363610829536864744e-01,4.145026382574484164e-02,4.268389264437053715e-02
9.947961930855602208e-01,-8.417027851312375297e-02,5.672200613697925276e-02,-8.860725551357966079e-03
1.837603577266857524e-01,-9.814175325087994839e-01,2.456523220989180120e-02,-4.948037165355666928e-02
8.971735017918113231e-01,4.384884154628475028e-01,2.513343176208602051e-02,4.664684121524806382e-02
6.616183083609288307e-01,-7.481294924537617019e-01,5.025710339861912818e-02,6.140042384259690976e-03
5.450311945623954601e-01,8.370314576026329778e-01,-3.237885361169443726e-02,3.565032645422006041e-02
9.520506751117658872e-01,-3.025298608513395937e-01,9.837896431780209297e-03,4.447933347407048016e-02
3.812538379399495192e-02,9.983563494179122921e-01,-3.944453049611871404e-02,-1.658866183393828062e-02
9.725882211167488078e-01,2.290965693380373203e-01,-3.381635648001949518e-02,2.105630777026788053e-02
4.798422297689336480e-01,-8.765892202696072832e-01,-2.155478908511127174e-03,3.658042301798825058e-02
7.172736721533278237e-01,6.960027632295583411e-01,-2.588464256654059159e-02,-2.070309377128053824e-02
8.619620896663910958e-01,-5.061292955267937543e-01,-2.809014236001626877e-02,8.089257672618668099e-03
2.583888616963637697e-01,9.657250357056906820e-01,8.131374857740203757e-03,-2.332878705425788998e-02
9.997843188537279824e-01,8.068756824144611775e-03,-1.111334727620362332e-02,-1.557897460741551783e-02
2.740088653980664035e-01,-9.616636997260343822e-01,-1.104846125329932323e-02,4.261964738906388580e-05
