1.830127018922193260e-01,6.830127018922194093e-01,-1.830127018922193260e-01,-6.830127018922192983e-01
6.830127018922194093e-01,-1.830127018922194093e-01,-6.830127018922194093e-01,1.830127018922189652e-01
5.000000000000000000e-01,5.000000000000001110e-01,-4.999999999999998890e-01,-5.000000000000001110e-01
5.000000000000001110e-01,-5.000000000000000000e-01,-5.000000000000001110e-01,4.999999999999998335e-01
6.830127018922194093e-01,1.830127018922193260e-01,-6.830127018922192983e-01,-1.830127018922192150e-01
1.830127018922195203e-01,-6.830127018922192983e-01,-1.830127018922192428e-01,6.830127018922192983e-01
1.830127018922193260e-01,6.830127018922194093e-01,1.830127018922192983e-01,6.830127018922192983e-01
6.830127018922194093e-01,-1.830127018922194093e-01,6.830127018922192983e-01,-1.830127018922193816e-01
5.000000000000000000e-01,5.000000000000001110e-01,4.999999999999998890e-01,5.000000000000000000e-01
5.000000000000001110e-01,-5.000000000000000000e-01,5.000000000000000000e-01,-4.999999999999998890e-01
6.830127018922194093e-01,1.830127018922193260e-01,6.830127018922192983e-01,1.830127018922192983e-01
1.830127018922195203e-01,-6.830127018922192983e-01,1.830127018922194926e-01,-6.830127018922191873e-01
2.362683821909959958e-01,8.817656065588989067e-01,2.041241452319315364e-01,-3.535533905932738974e-01
8.817656065588987957e-01,-2.362683821909960791e-01,-3.535533905932738974e-01,-2.041241452319313698e-01
6.454972243679027999e-01,6.454972243679029109e-01,4.999599621739489224e-17,-4.082482904638631283e-01
6.454972243679029109e-01,-6.454972243679027999e-01,-4.082482904638631283e-01,-7.499399432609233219e-17
8.817656065588989067e-01,2.362683821909959958e-01,-2.041241452319316196e-01,-3.535533905932738419e-01
2.362683821909962734e-01,-8.817656065588987957e-01,-3.535533905932740084e-01,2.041241452319312866e-01
1.056624327025935395e-01,3.943375672974063773e-01,-4.564354645876388394e-01,7.905694150420946587e-01
3.943375672974063773e-01,-1.056624327025935811e-01,7.905694150420949917e-01,4.564354645876381733e-01
2.886751345948128100e-01,2.886751345948128655e-01,-2.235888922898345892e-16,9.128709291752769017e-01
2.886751345948128655e-01,-2.886751345948128100e-01,9.128709291752769017e-01,2.794861153622932858e-16
3.943375672974063773e-01,1.056624327025935395e-01,4.564354645876384509e-01,7.905694150420948807e-01
1.056624327025936505e-01,-3.943375672974063773e-01,7.905694150420953248e-01,-4.564354645876377292e-01
1.056624327025935395e-01,3.943375672974063773e-01,4.564354645876383954e-01,-7.905694150420948807e-01
3.943375672974064328e-01,-1.056624327025935950e-01,-7.905694150420951027e-01,-4.564354645876381733e-01
2.886751345948128100e-01,2.886751345948128655e-01,1.117944461449172946e-16,-9.128709291752769017e-01
2.886751345948128655e-01,-2.886751345948128100e-01,-9.128709291752769017e-01,-1.676916692173759419e-16
3.943375672974063773e-01,1.056624327025935395e-01,-4.564354645876385619e-01,-7.905694150420948807e-01
1.056624327025936505e-01,-3.943375672974063773e-01,-7.905694150420952138e-01,4.564354645876378402e-01
2.362683821909959958e-01,8.817656065588989067e-01,-2.041241452319317584e-01,3.535533905932737309e-01
8.817656065588987957e-01,-2.362683821909960791e-01,3.535533905932738974e-01,2.041241452319314253e-01
6.454972243679027999e-01,6.454972243679029109e-01,-9.999199243478978447e-17,4.082482904638631283e-01
6.454972243679029109e-01,-6.454972243679027999e-01,4.082482904638631283e-01,1.249899905434872368e-16
8.817656065588989067e-01,2.362683821909959958e-01,2.041241452319315641e-01,3.535533905932738419e-01
2.362683821909962456e-01,-8.817656065588986847e-01,3.535533905932740084e-01,-2.041241452319312311e-01
1.830127018922193260e-01,6.830127018922194093e-01,6.830127018922192983e-01,-1.830127018922192150e-01
6.830127018922194093e-01,-1.830127018922194093e-01,-1.830127018922193260e-01,-6.830127018922192983e-01
5.000000000000000000e-01,5.000000000000001110e-01,5.000000000000000000e-01,-4.999999999999998890e-01
5.000000000000001110e-01,-5.000000000000000000e-01,-4.999999999999998890e-01,-5.000000000000001110e-01
6.830127018922194093e-01,1.830127018922193260e-01,1.830127018922191595e-01,-6.830127018922192983e-01
1.830127018922195203e-01,-6.830127018922192983e-01,-6.830127018922192983e-01,-1.830127018922192150e-01
1.830127018922193260e-01,6.830127018922194093e-01,-6.830127018922194093e-01,1.830127018922189652e-01
6.830127018922194093e-01,-1.830127018922194093e-01,1.830127018922189375e-01,6.830127018922194093e-01
5.000000000000000000e-01,5.000000000000001110e-01,-5.000000000000001110e-01,4.999999999999998335e-01
5.000000000000001110e-01,-5.000000000000000000e-01,4.999999999999998335e-01,5.000000000000001110e-01
6.830127018922194093e-01,1.830127018922193260e-01,-1.830127018922192428e-01,6.830127018922192983e-01
1.830127018922195203e-01,-6.830127018922192983e-01,6.830127018922192983e-01,1.830127018922192983e-01
1.056624327025935395e-01,3.943375672974063773e-01,-7.905694150420946587e-01,-4.564354645876388394e-01
3.943375672974063773e-01,-1.056624327025935811e-01,-4.564354645876381733e-01,7.905694150420949917e-01
2.886751345948128100e-01,2.886751345948128655e-01,-9.128709291752769017e-01,-1.676916692173759419e-16
2.886751345948128655e-01,-2.886751345948128100e-01,-2.235888922898345892e-16,9.128709291752769017e-01
3.943375672974063773e-01,1.056624327025935395e-01,-7.905694150420948807e-01,4.564354645876385619e-01
1.056624327025936505e-01,-3.943375672974063773e-01,4.564354645876377847e-01,7.905694150420952138e-01
2.362683821909959958e-01,8.817656065588989067e-01,3.535533905932738419e-01,2.041241452319316196e-01
8.817656065588987957e-01,-2.362683821909960791e-01,2.041241452319315086e-01,-3.535533905932738419e-01
6.454972243679027999e-01,6.454972243679029109e-01,4.082482904638631283e-01,2.499799810869744612e-17
6.454972243679029109e-01,-6.454972243679027999e-01,4.999599621739489224e-17,-4.082482904638631283e-01
8.817656065588989067e-01,2.362683821909959958e-01,3.535533905932737864e-01,-2.041241452319316474e-01
2.362683821909962456e-01,-8.817656065588986847e-01,-2.041241452319314253e-01,-3.535533905932738974e-01
2.362683821909959958e-01,8.817656065588989067e-01,-3.535533905932737309e-01,-2.041241452319317584e-01
8.817656065588987957e-01,-2.362683821909960791e-01,-2.041241452319313976e-01,3.535533905932738974e-01
6.454972243679027999e-01,6.454972243679029109e-01,-4.082482904638631283e-01,-7.499399432609233219e-17
6.454972243679029109e-01,-6.454972243679027999e-01,-9.999199243478978447e-17,4.082482904638631283e-01
8.817656065588989067e-01,2.362683821909959958e-01,-3.535533905932738419e-01,2.041241452319316196e-01
2.362683821909962734e-01,-8.817656065588987957e-01,2.041241452319312588e-01,3.535533905932740084e-01
1.056624327025935395e-01,3.943375672974063773e-01,7.905694150420948807e-01,4.564354645876385619e-01
3.943375672974063773e-01,-1.056624327025935811e-01,4.564354645876383954e-01,-7.905694150420948807e-01
2.886751345948128100e-01,2.886751345948128655e-01,9.128709291752769017e-01,5.589722307245864731e-17
2.886751345948128655e-01,-2.886751345948128100e-01,1.117944461449172946e-16,-9.128709291752769017e-01
3.943375672974063773e-01,1.056624327025935395e-01,7.905694150420947697e-01,-4.564354645876386729e-01
1.056624327025936505e-01,-3.943375672974063773e-01,-4.564354645876381733e-01,-7.905694150420949917e-01
1.065741896691872609e-01,8.095113394900794734e-01,-7.535933221454348130e-02,-5.724109576008408196e-01
8.095113394900794734e-01,-1.065741896691872886e-01,-5.724109576008408196e-01,7.535933221454343967e-02
4.970516253862970468e-01,6.477702898153843147e-01,-3.514685749104461965e-01,-4.580427645796334435e-01
6.477702898153843147e-01,-4.970516253862970468e-01,-4.580427645796334435e-01,3.514685749104460855e-01
7.543444794845715062e-01,3.124597141037825376e-01,-5.334020967941769387e-01,-2.209423826903948729e-01
3.124597141037825931e-01,-7.543444794845715062e-01,-2.209423826903949006e-01,5.334020967941769387e-01
7.535933221454362008e-02,5.724109576008407085e-01,1.065741896691872748e-01,8.095113394900795845e-01
5.724109576008407085e-01,-7.535933221454363395e-02,8.095113394900795845e-01,-1.065741896691873025e-01
3.514685749104460855e-01,4.580427645796333880e-01,4.970516253862970468e-01,6.477702898153843147e-01
4.580427645796333880e-01,-3.514685749104460855e-01,6.477702898153843147e-01,-4.970516253862970468e-01
5.334020967941770497e-01,2.209423826903945676e-01,7.543444794845716173e-01,3.124597141037825931e-01
2.209423826903945676e-01,-5.334020967941769387e-01,3.124597141037825931e-01,-7.543444794845715062e-01
1.277779645967492550e-01,9.705700001014070377e-01,1.242629063465743172e-01,-1.619425724538460787e-01
9.705700001014070377e-01,-1.277779645967492828e-01,-1.619425724538460509e-01,-1.242629063465743172e-01
5.959439634353570492e-01,7.766492939405090778e-01,2.664354741729681869e-02,-2.023778348725198961e-01
7.766492939405090778e-01,-5.959439634353570492e-01,-2.023778348725198961e-01,-2.664354741729683257e-02
9.044272585372583606e-01,3.746260366660500996e-01,-7.811492852594562053e-02,-1.885861198711429598e-01
3.746260366660501551e-01,-9.044272585372583606e-01,-1.885861198711429043e-01,7.811492852594568992e-02
7.535933221454360620e-02,5.724109576008405975e-01,-4.970516253862972134e-01,6.477702898153840927e-01
5.724109576008405975e-01,-7.535933221454362008e-02,6.477702898153840927e-01,4.970516253862973244e-01
3.514685749104461410e-01,4.580427645796334435e-01,-1.065741896691873719e-01,8.095113394900795845e-01
4.580427645796334435e-01,-3.514685749104461410e-01,8.095113394900795845e-01,1.065741896691874135e-01
5.334020967941769387e-01,2.209423826903945398e-01,3.124597141037826487e-01,7.543444794845715062e-01
2.209423826903945676e-01,-5.334020967941769387e-01,7.543444794845715062e-01,-3.124597141037825931e-01
7.535933221454360620e-02,5.724109576008405975e-01,4.970516253862972134e-01,-6.477702898153842037e-01
5.724109576008405975e-01,-7.535933221454362008e-02,-6.477702898153840927e-01,-4.970516253862972134e-01
3.514685749104461410e-01,4.580427645796334435e-01,1.065741896691872748e-01,-8.095113394900795845e-01
4.580427645796334435e-01,-3.514685749104461410e-01,-8.095113394900795845e-01,-1.065741896691873164e-01
5.334020967941769387e-01,2.209423826903945398e-01,-3.124597141037824266e-01,-7.543444794845716173e-01
2.209423826903945953e-01,-5.334020967941770497e-01,-7.543444794845715062e-01,3.124597141037827597e-01
1.277779645967492550e-01,9.705700001014070377e-01,-1.242629063465743172e-01,1.619425724538460509e-01
9.705700001014070377e-01,-1.277779645967492828e-01,1.619425724538460509e-01,1.242629063465743450e-01
5.959439634353570492e-01,7.766492939405090778e-01,-2.664354741729684298e-02,2.023778348725198961e-01
7.766492939405090778e-01,-5.959439634353570492e-01,2.023778348725198961e-01,2.664354741729685339e-02
9.044272585372583606e-01,3.746260366660500996e-01,7.811492852594568992e-02,1.885861198711429321e-01
3.746260366660501551e-01,-9.044272585372583606e-01,1.885861198711429321e-01,-7.811492852594567604e-02
7.535933221454362008e-02,5.724109576008407085e-01,8.095113394900795845e-01,-1.065741896691873025e-01
5.724109576008405975e-01,-7.535933221454362008e-02,-1.065741896691870666e-01,-8.095113394900795845e-01
3.514685749104460855e-01,4.580427645796333880e-01,6.477702898153843147e-01,-4.970516253862970468e-01
4.580427645796333880e-01,-3.514685749104460855e-01,-4.970516253862970468e-01,-6.477702898153843147e-01
5.334020967941769387e-01,2.209423826903945398e-01,3.124597141037825931e-01,-7.543444794845715062e-01
2.209423826903945676e-01,-5.334020967941769387e-01,-7.543444794845713952e-01,-3.124597141037829817e-01
1.065741896691872609e-01,8.095113394900794734e-01,-5.724109576008408196e-01,7.535933221454343967e-02
8.095113394900794734e-01,-1.065741896691872886e-01,7.535933221454339803e-02,5.724109576008408196e-01
4.970516253862970468e-01,6.477702898153843147e-01,-4.580427645796334435e-01,3.514685749104460855e-01
6.477702898153843147e-01,-4.970516253862970468e-01,3.514685749104460855e-01,4.580427645796334990e-01
7.543444794845715062e-01,3.124597141037825376e-01,-2.209423826903949006e-01,5.334020967941769387e-01
3.124597141037825931e-01,-7.543444794845715062e-01,5.334020967941769387e-01,2.209423826903949561e-01
2.664354741729682910e-02,2.023778348725199794e-01,-7.766492939405088558e-01,-5.959439634353572712e-01
2.023778348725199794e-01,-2.664354741729683604e-02,-5.959439634353572712e-01,7.766492939405088558e-01
1.242629063465743311e-01,1.619425724538461620e-01,-9.705700001014070377e-01,-1.277779645967493105e-01
1.619425724538461620e-01,-1.242629063465743311e-01,-1.277779645967493660e-01,9.705700001014070377e-01
1.885861198711430153e-01,7.811492852594568992e-02,-9.044272585372582496e-01,3.746260366660502661e-01
7.811492852594568992e-02,-1.885861198711429876e-01,3.746260366660501551e-01,9.044272585372582496e-01
1.065741896691872609e-01,8.095113394900794734e-01,4.580427645796334435e-01,3.514685749104461965e-01
8.095113394900794734e-01,-1.065741896691872886e-01,3.514685749104463075e-01,-4.580427645796333880e-01
4.970516253862970468e-01,6.477702898153843147e-01,5.724109576008407085e-01,7.535933221454357844e-02
6.477702898153843147e-01,-4.970516253862970468e-01,7.535933221454362008e-02,-5.724109576008407085e-01
7.543444794845715062e-01,3.124597141037825376e-01,5.334020967941770497e-01,-2.209423826903945398e-01
3.124597141037825931e-01,-7.543444794845715062e-01,-2.209423826903944843e-01,-5.334020967941771607e-01
1.065741896691872748e-01,8.095113394900795845e-01,-4.580427645796333880e-01,-3.514685749104463630e-01
8.095113394900795845e-01,-1.065741896691873025e-01,-3.514685749104463630e-01,4.580427645796333880e-01
4.970516253862970468e-01,6.477702898153843147e-01,-5.724109576008407085e-01,-7.535933221454364783e-02
6.477702898153843147e-01,-4.970516253862970468e-01,-7.535933221454368947e-02,5.724109576008407085e-01
7.543444794845715062e-01,3.124597141037825376e-01,-5.334020967941770497e-01,2.209423826903946786e-01
3.124597141037825931e-01,-7.543444794845715062e-01,2.209423826903946508e-01,5.334020967941770497e-01
2.664354741729682910e-02,2.023778348725199794e-01,7.766492939405090778e-01,5.959439634353570492e-01
2.023778348725199794e-01,-2.664354741729683604e-02,5.959439634353572712e-01,-7.766492939405089668e-01
1.242629063465743311e-01,1.619425724538461620e-01,9.705700001014070377e-01,1.277779645967491717e-01
1.619425724538461620e-01,-1.242629063465743311e-01,1.277779645967492550e-01,-9.705700001014070377e-01
1.885861198711430153e-01,7.811492852594568992e-02,9.044272585372583606e-01,-3.746260366660499885e-01
7.811492852594568992e-02,-1.885861198711429876e-01,-3.746260366660499330e-01,-9.044272585372583606e-01
2.209423826903945121e-01,5.334020967941769387e-01,-3.124597141037824266e-01,-7.543444794845716173e-01
5.334020967941770497e-01,-2.209423826903945121e-01,-7.543444794845715062e-01,3.124597141037827597e-01
4.580427645796333880e-01,3.514685749104460855e-01,-6.477702898153840927e-01,-4.970516253862972134e-01
3.514685749104462520e-01,-4.580427645796332770e-01,-4.970516253862972134e-01,6.477702898153840927e-01
5.724109576008407085e-01,7.535933221454370334e-02,-8.095113394900795845e-01,-1.065741896691873164e-01
7.535933221454362008e-02,-5.724109576008407085e-01,-1.065741896691873719e-01,8.095113394900795845e-01
3.124597141037824821e-01,7.543444794845715062e-01,2.209423826903945676e-01,5.334020967941770497e-01
7.543444794845715062e-01,-3.124597141037824821e-01,5.334020967941770497e-01,-2.209423826903945398e-01
6.477702898153843147e-01,4.970516253862970468e-01,4.580427645796334435e-01,3.514685749104461965e-01
4.970516253862972134e-01,-6.477702898153842037e-01,3.514685749104463075e-01,-4.580427645796333880e-01
8.095113394900794734e-01,1.065741896691873719e-01,5.724109576008407085e-01,7.535933221454370334e-02
1.065741896691872748e-01,-8.095113394900795845e-01,7.535933221454363395e-02,-5.724109576008408196e-01
3.124597141037824821e-01,7.543444794845715062e-01,2.209423826903946231e-01,-5.334020967941770497e-01
7.543444794845715062e-01,-3.124597141037824821e-01,-5.334020967941769387e-01,-2.209423826903948729e-01
6.477702898153843147e-01,4.970516253862970468e-01,-7.535933221454348130e-02,-5.724109576008408196e-01
4.970516253862972134e-01,-6.477702898153842037e-01,-5.724109576008408196e-01,7.535933221454343967e-02
8.095113394900794734e-01,1.065741896691873719e-01,-3.514685749104461965e-01,-4.580427645796334435e-01
1.065741896691872748e-01,-8.095113394900795845e-01,-4.580427645796334990e-01,3.514685749104461410e-01
7.811492852594566216e-02,1.885861198711429876e-01,-3.746260366660505992e-01,9.044272585372580275e-01
1.885861198711429876e-01,-7.811492852594566216e-02,9.044272585372580275e-01,3.746260366660506547e-01
1.619425724538461620e-01,1.242629063465743311e-01,1.277779645967488942e-01,9.705700001014070377e-01
1.242629063465743727e-01,-1.619425724538461342e-01,9.705700001014070377e-01,-1.277779645967488387e-01
2.023778348725199794e-01,2.664354741729686032e-02,5.959439634353569382e-01,7.766492939405091889e-01
2.664354741729682910e-02,-2.023778348725199794e-01,7.766492939405091889e-01,-5.959439634353569382e-01
7.811492852594566216e-02,1.885861198711429876e-01,3.746260366660500996e-01,-9.044272585372582496e-01
1.885861198711430153e-01,-7.811492852594567604e-02,-9.044272585372581386e-01,-3.746260366660505992e-01
1.619425724538461620e-01,1.242629063465743311e-01,-1.277779645967490052e-01,-9.705700001014070377e-01
1.242629063465743727e-01,-1.619425724538461342e-01,-9.705700001014070377e-01,1.277779645967489497e-01
2.023778348725199794e-01,2.664354741729686032e-02,-5.959439634353570492e-01,-7.766492939405090778e-01
2.664354741729682910e-02,-2.023778348725199794e-01,-7.766492939405090778e-01,5.959439634353569382e-01
3.124597141037824821e-01,7.543444794845715062e-01,-2.209423826903949006e-01,5.334020967941769387e-01
7.543444794845715062e-01,-3.124597141037824821e-01,5.334020967941769387e-01,2.209423826903949561e-01
6.477702898153843147e-01,4.970516253862970468e-01,7.535933221454339803e-02,5.724109576008408196e-01
4.970516253862972134e-01,-6.477702898153842037e-01,5.724109576008408196e-01,-7.535933221454337028e-02
8.095113394900794734e-01,1.065741896691873719e-01,3.514685749104460855e-01,4.580427645796334990e-01
1.065741896691872609e-01,-8.095113394900794734e-01,4.580427645796334990e-01,-3.514685749104460855e-01
3.124597141037824821e-01,7.543444794845715062e-01,5.334020967941770497e-01,-2.209423826903945398e-01
7.543444794845715062e-01,-3.124597141037824821e-01,-2.209423826903944843e-01,-5.334020967941771607e-01
6.477702898153843147e-01,4.970516253862970468e-01,3.514685749104463075e-01,-4.580427645796333880e-01
4.970516253862972134e-01,-6.477702898153842037e-01,-4.580427645796333325e-01,-3.514685749104463075e-01
8.095113394900794734e-01,1.065741896691873719e-01,7.535933221454362008e-02,-5.724109576008407085e-01
1.065741896691872748e-01,-8.095113394900795845e-01,-5.724109576008408196e-01,-7.535933221454366171e-02
2.209423826903945398e-01,5.334020967941770497e-01,-7.543444794845715062e-01,3.124597141037827597e-01
5.334020967941769387e-01,-2.209423826903944843e-01,3.124597141037826487e-01,7.543444794845715062e-01
4.580427645796333880e-01,3.514685749104460855e-01,-4.970516253862972134e-01,6.477702898153840927e-01
3.514685749104462520e-01,-4.580427645796332770e-01,6.477702898153840927e-01,4.970516253862973244e-01
5.724109576008407085e-01,7.535933221454370334e-02,-1.065741896691873719e-01,8.095113394900795845e-01
7.535933221454362008e-02,-5.724109576008407085e-01,8.095113394900795845e-01,1.065741896691874135e-01
2.209423826903945121e-01,5.334020967941769387e-01,-7.543444794845713952e-01,-3.124597141037829817e-01
5.334020967941769387e-01,-2.209423826903944843e-01,-3.124597141037829817e-01,7.543444794845713952e-01
4.580427645796333880e-01,3.514685749104460855e-01,-8.095113394900795845e-01,1.065741896691870111e-01
3.514685749104462520e-01,-4.580427645796332770e-01,1.065741896691869417e-01,8.095113394900795845e-01
5.724109576008407085e-01,7.535933221454370334e-02,-6.477702898153844258e-01,4.970516253862969913e-01
7.535933221454362008e-02,-5.724109576008407085e-01,4.970516253862969913e-01,6.477702898153844258e-01
3.746260366660500440e-01,9.044272585372583606e-01,1.885861198711429321e-01,7.811492852594566216e-02
9.044272585372583606e-01,-3.746260366660499885e-01,7.811492852594567604e-02,-1.885861198711429321e-01
7.766492939405090778e-01,5.959439634353570492e-01,2.023778348725198961e-01,-2.664354741729682563e-02
5.959439634353572712e-01,-7.766492939405089668e-01,-2.664354741729677012e-02,-2.023778348725199239e-01
9.705700001014070377e-01,1.277779645967493938e-01,1.619425724538460787e-01,-1.242629063465742756e-01
1.277779645967492550e-01,-9.705700001014070377e-01,-1.242629063465742756e-01,-1.619425724538460787e-01
3.746260366660500440e-01,9.044272585372583606e-01,-1.885861198711428766e-01,-7.811492852594575931e-02
9.044272585372583606e-01,-3.746260366660499885e-01,-7.811492852594577319e-02,1.885861198711428766e-01
7.766492939405090778e-01,5.959439634353570492e-01,-2.023778348725199239e-01,2.664354741729675624e-02
5.959439634353572712e-01,-7.766492939405089668e-01,2.664354741729673889e-02,2.023778348725199239e-01
9.705700001014070377e-01,1.277779645967493938e-01,-1.619425724538460787e-01,1.242629063465742478e-01
1.277779645967492550e-01,-9.705700001014070377e-01,1.242629063465742478e-01,1.619425724538461064e-01
2.209423826903945398e-01,5.334020967941770497e-01,7.543444794845716173e-01,3.124597141037825931e-01
5.334020967941769387e-01,-2.209423826903944843e-01,3.124597141037825931e-01,-7.543444794845715062e-01
4.580427645796334435e-01,3.514685749104461410e-01,8.095113394900795845e-01,-1.065741896691873025e-01
3.514685749104462520e-01,-4.580427645796332770e-01,-1.065741896691870666e-01,-8.095113394900795845e-01
5.724109576008405975e-01,7.535933221454368947e-02,6.477702898153843147e-01,-4.970516253862970468e-01
7.535933221454360620e-02,-5.724109576008405975e-01,-4.970516253862970468e-01,-6.477702898153843147e-01
3.124597141037824821e-01,7.543444794845715062e-01,-2.209423826903944843e-01,-5.334020967941771607e-01
7.543444794845715062e-01,-3.124597141037824821e-01,-5.334020967941770497e-01,2.209423826903946786e-01
6.477702898153843147e-01,4.970516253862970468e-01,-4.580427645796333325e-01,-3.514685749104463075e-01
4.970516253862972134e-01,-6.477702898153842037e-01,-3.514685749104463075e-01,4.580427645796333325e-01
8.095113394900794734e-01,1.065741896691873719e-01,-5.724109576008407085e-01,-7.535933221454364783e-02
1.065741896691872748e-01,-8.095113394900795845e-01,-7.535933221454370334e-02,5.724109576008408196e-01
2.209423826903945398e-01,5.334020967941770497e-01,3.124597141037825376e-01,7.543444794845716173e-01
5.334020967941770497e-01,-2.209423826903945121e-01,7.543444794845716173e-01,-3.124597141037825376e-01
4.580427645796333880e-01,3.514685749104460855e-01,6.477702898153843147e-01,4.970516253862970468e-01
3.514685749104462520e-01,-4.580427645796332770e-01,4.970516253862972134e-01,-6.477702898153842037e-01
5.724109576008407085e-01,7.535933221454370334e-02,8.095113394900795845e-01,1.065741896691873858e-01
7.535933221454362008e-02,-5.724109576008407085e-01,1.065741896691872748e-01,-8.095113394900795845e-01
3.746260366660500440e-01,9.044272585372583606e-01,7.811492852594567604e-02,-1.885861198711429321e-01
9.044272585372583606e-01,-3.746260366660499885e-01,-1.885861198711428766e-01,-7.811492852594575931e-02
7.766492939405090778e-01,5.959439634353570492e-01,-2.664354741729677012e-02,-2.023778348725199239e-01
5.959439634353572712e-01,-7.766492939405089668e-01,-2.023778348725199239e-01,2.664354741729675624e-02
9.705700001014070377e-01,1.277779645967493938e-01,-1.242629063465742756e-01,-1.619425724538460787e-01
1.277779645967492550e-01,-9.705700001014070377e-01,-1.619425724538460787e-01,1.242629063465742478e-01
2.209423826903945121e-01,5.334020967941769387e-01,-3.124597141037829817e-01,7.543444794845713952e-01
5.334020967941769387e-01,-2.209423826903944843e-01,7.543444794845713952e-01,3.124597141037830372e-01
4.580427645796333880e-01,3.514685749104460855e-01,1.065741896691869417e-01,8.095113394900795845e-01
3.514685749104462520e-01,-4.580427645796332770e-01,8.095113394900795845e-01,-1.065741896691869001e-01
5.724109576008405975e-01,7.535933221454368947e-02,4.970516253862969358e-01,6.477702898153843147e-01
7.535933221454362008e-02,-5.724109576008407085e-01,6.477702898153844258e-01,-4.970516253862969913e-01
2.209423826903945121e-01,5.334020967941769387e-01,3.124597141037825931e-01,-7.543444794845715062e-01
5.334020967941769387e-01,-2.209423826903944843e-01,-7.543444794845713952e-01,-3.124597141037829817e-01
4.580427645796333880e-01,3.514685749104460855e-01,-1.065741896691870666e-01,-8.095113394900795845e-01
3.514685749104462520e-01,-4.580427645796332770e-01,-8.095113394900795845e-01,1.065741896691870111e-01
5.724109576008405975e-01,7.535933221454368947e-02,-4.970516253862970468e-01,-6.477702898153843147e-01
7.535933221454362008e-02,-5.724109576008407085e-01,-6.477702898153844258e-01,4.970516253862969913e-01
3.746260366660500440e-01,9.044272585372583606e-01,-7.811492852594577319e-02,1.885861198711428766e-01
9.044272585372583606e-01,-3.746260366660499885e-01,1.885861198711428766e-01,7.811492852594578706e-02
7.766492939405090778e-01,5.959439634353570492e-01,2.664354741729673889e-02,2.023778348725199239e-01
5.959439634353572712e-01,-7.766492939405089668e-01,2.023778348725199239e-01,-2.664354741729672849e-02
9.705700001014070377e-01,1.277779645967493938e-01,1.242629063465742478e-01,1.619425724538461064e-01
1.277779645967492550e-01,-9.705700001014070377e-01,1.619425724538461064e-01,-1.242629063465742478e-01
2.209423826903945398e-01,5.334020967941770497e-01,7.543444794845716173e-01,-3.124597141037825376e-01
5.334020967941769387e-01,-2.209423826903944843e-01,-3.124597141037824266e-01,-7.543444794845716173e-01
4.580427645796333880e-01,3.514685749104460855e-01,4.970516253862972134e-01,-6.477702898153842037e-01
3.514685749104462520e-01,-4.580427645796332770e-01,-6.477702898153840927e-01,-4.970516253862972134e-01
5.724109576008407085e-01,7.535933221454370334e-02,1.065741896691872748e-01,-8.095113394900795845e-01
7.535933221454362008e-02,-5.724109576008407085e-01,-8.095113394900795845e-01,-1.065741896691873164e-01
3.124597141037824821e-01,7.543444794845715062e-01,-5.334020967941770497e-01,2.209423826903946786e-01
7.543444794845715062e-01,-3.124597141037824821e-01,2.209423826903946508e-01,5.334020967941770497e-01
6.477702898153843147e-01,4.970516253862970468e-01,-3.514685749104463075e-01,4.580427645796333325e-01
4.970516253862972134e-01,-6.477702898153842037e-01,4.580427645796333325e-01,3.514685749104463630e-01
8.095113394900794734e-01,1.065741896691873719e-01,-7.535933221454368947e-02,5.724109576008407085e-01
1.065741896691872748e-01,-8.095113394900795845e-01,5.724109576008408196e-01,7.535933221454373110e-02
7.811492852594567604e-02,1.885861198711430153e-01,-9.044272585372581386e-01,-3.746260366660505992e-01
1.885861198711429876e-01,-7.811492852594566216e-02,-3.746260366660505992e-01,9.044272585372580275e-01
1.619425724538461620e-01,1.242629063465743311e-01,-9.705700001014070377e-01,1.277779645967489497e-01
1.242629063465743727e-01,-1.619425724538461342e-01,1.277779645967488942e-01,9.705700001014070377e-01
2.023778348725199794e-01,2.664354741729686032e-02,-7.766492939405090778e-01,5.959439634353569382e-01
2.664354741729682910e-02,-2.023778348725199794e-01,5.959439634353569382e-01,7.766492939405091889e-01
3.124597141037824821e-01,7.543444794845715062e-01,5.334020967941770497e-01,2.209423826903945953e-01
7.543444794845715062e-01,-3.124597141037824821e-01,2.209423826903946231e-01,-5.334020967941770497e-01
6.477702898153843147e-01,4.970516253862970468e-01,5.724109576008407085e-01,-7.535933221454363395e-02
4.970516253862972134e-01,-6.477702898153842037e-01,-7.535933221454348130e-02,-5.724109576008408196e-01
8.095113394900794734e-01,1.065741896691873719e-01,4.580427645796334435e-01,-3.514685749104461965e-01
1.065741896691872748e-01,-8.095113394900795845e-01,-3.514685749104462520e-01,-4.580427645796334990e-01
3.124597141037824821e-01,7.543444794845715062e-01,-5.334020967941769387e-01,-2.209423826903948729e-01
7.543444794845715062e-01,-3.124597141037824821e-01,-2.209423826903949006e-01,5.334020967941769387e-01
6.477702898153843147e-01,4.970516253862970468e-01,-5.724109576008408196e-01,7.535933221454343967e-02
4.970516253862972134e-01,-6.477702898153842037e-01,7.535933221454339803e-02,5.724109576008408196e-01
8.095113394900794734e-01,1.065741896691873719e-01,-4.580427645796334435e-01,3.514685749104460855e-01
1.065741896691872609e-01,-8.095113394900794734e-01,3.514685749104460855e-01,4.580427645796334990e-01
7.811492852594566216e-02,1.885861198711429876e-01,9.044272585372582496e-01,3.746260366660500440e-01
1.885861198711429876e-01,-7.811492852594566216e-02,3.746260366660500996e-01,-9.044272585372582496e-01
1.619425724538461620e-01,1.242629063465743311e-01,9.705700001014070377e-01,-1.277779645967492828e-01
1.242629063465743727e-01,-1.619425724538461342e-01,-1.277779645967490052e-01,-9.705700001014070377e-01
2.023778348725199794e-01,2.664354741729686032e-02,7.766492939405090778e-01,-5.959439634353570492e-01
2.664354741729682910e-02,-2.023778348725199794e-01,-5.959439634353570492e-01,-7.766492939405090778e-01
7.535933221454360620e-02,5.724109576008405975e-01,-1.065741896691870666e-01,-8.095113394900795845e-01
5.724109576008405975e-01,-7.535933221454362008e-02,-8.095113394900795845e-01,1.065741896691870111e-01
3.514685749104460855e-01,4.580427645796333880e-01,-4.970516253862970468e-01,-6.477702898153843147e-01
4.580427645796334435e-01,-3.514685749104461410e-01,-6.477702898153844258e-01,4.970516253862969913e-01
5.334020967941769387e-01,2.209423826903945398e-01,-7.543444794845713952e-01,-3.124597141037829817e-01
2.209423826903945676e-01,-5.334020967941769387e-01,-3.124597141037829817e-01,7.543444794845713952e-01
1.065741896691872748e-01,8.095113394900795845e-01,7.535933221454363395e-02,5.724109576008408196e-01
8.095113394900795845e-01,-1.065741896691873025e-01,5.724109576008408196e-01,-7.535933221454364783e-02
4.970516253862970468e-01,6.477702898153843147e-01,3.514685749104461965e-01,4.580427645796334435e-01
6.477702898153843147e-01,-4.970516253862970468e-01,4.580427645796334435e-01,-3.514685749104461965e-01
7.543444794845715062e-01,3.124597141037825376e-01,5.334020967941770497e-01,2.209423826903945953e-01
3.124597141037825931e-01,-7.543444794845715062e-01,2.209423826903946231e-01,-5.334020967941770497e-01
1.065741896691872609e-01,8.095113394900794734e-01,3.514685749104463075e-01,-4.580427645796333880e-01
8.095113394900795845e-01,-1.065741896691873025e-01,-4.580427645796333880e-01,-3.514685749104463630e-01
4.970516253862970468e-01,6.477702898153843147e-01,7.535933221454362008e-02,-5.724109576008407085e-01
6.477702898153843147e-01,-4.970516253862970468e-01,-5.724109576008407085e-01,-7.535933221454364783e-02
7.543444794845715062e-01,3.124597141037825376e-01,-2.209423826903944843e-01,-5.334020967941771607e-01
3.124597141037825931e-01,-7.543444794845715062e-01,-5.334020967941770497e-01,2.209423826903946786e-01
2.664354741729682910e-02,2.023778348725199794e-01,-5.959439634353572712e-01,7.766492939405088558e-01
2.023778348725199794e-01,-2.664354741729683604e-02,7.766492939405088558e-01,5.959439634353573823e-01
1.242629063465743311e-01,1.619425724538461620e-01,-1.277779645967493660e-01,9.705700001014070377e-01
1.619425724538461620e-01,-1.242629063465743311e-01,9.705700001014070377e-01,1.277779645967494215e-01
1.885861198711429876e-01,7.811492852594567604e-02,3.746260366660501551e-01,9.044272585372582496e-01
7.811492852594568992e-02,-1.885861198711429876e-01,9.044272585372582496e-01,-3.746260366660500996e-01
2.664354741729682910e-02,2.023778348725199794e-01,5.959439634353572712e-01,-7.766492939405089668e-01
2.023778348725199794e-01,-2.664354741729683604e-02,-7.766492939405088558e-01,-5.959439634353572712e-01
1.242629063465743311e-01,1.619425724538461620e-01,1.277779645967492550e-01,-9.705700001014070377e-01
1.619425724538461620e-01,-1.242629063465743311e-01,-9.705700001014070377e-01,-1.277779645967493105e-01
1.885861198711429876e-01,7.811492852594567604e-02,-3.746260366660499330e-01,-9.044272585372583606e-01
7.811492852594570380e-02,-1.885861198711430153e-01,-9.044272585372582496e-01,3.746260366660502661e-01
1.065741896691872748e-01,8.095113394900795845e-01,-3.514685749104463630e-01,4.580427645796333880e-01
8.095113394900794734e-01,-1.065741896691872886e-01,4.580427645796333325e-01,3.514685749104463630e-01
4.970516253862970468e-01,6.477702898153843147e-01,-7.535933221454368947e-02,5.724109576008407085e-01
6.477702898153843147e-01,-4.970516253862970468e-01,5.724109576008407085e-01,7.535933221454371722e-02
7.543444794845715062e-01,3.124597141037825376e-01,2.209423826903946508e-01,5.334020967941770497e-01
3.124597141037825931e-01,-7.543444794845715062e-01,5.334020967941770497e-01,-2.209423826903946231e-01
1.065741896691872748e-01,8.095113394900795845e-01,5.724109576008408196e-01,-7.535933221454364783e-02
8.095113394900794734e-01,-1.065741896691872886e-01,-7.535933221454348130e-02,-5.724109576008408196e-01
4.970516253862970468e-01,6.477702898153843147e-01,4.580427645796334435e-01,-3.514685749104461965e-01
6.477702898153843147e-01,-4.970516253862970468e-01,-3.514685749104461965e-01,-4.580427645796334435e-01
7.543444794845715062e-01,3.124597141037825376e-01,2.209423826903946231e-01,-5.334020967941770497e-01
3.124597141037825931e-01,-7.543444794845715062e-01,-5.334020967941769387e-01,-2.209423826903948729e-01
7.535933221454360620e-02,5.724109576008405975e-01,-8.095113394900795845e-01,1.065741896691870111e-01
5.724109576008405975e-01,-7.535933221454362008e-02,1.065741896691869417e-01,8.095113394900795845e-01
3.514685749104461410e-01,4.580427645796334435e-01,-6.477702898153844258e-01,4.970516253862969913e-01
4.580427645796333880e-01,-3.514685749104460855e-01,4.970516253862969358e-01,6.477702898153843147e-01
5.334020967941769387e-01,2.209423826903945398e-01,-3.124597141037829817e-01,7.543444794845713952e-01
2.209423826903945676e-01,-5.334020967941769387e-01,7.543444794845713952e-01,3.124597141037830372e-01
7.535933221454360620e-02,5.724109576008405975e-01,-6.477702898153840927e-01,-4.970516253862972134e-01
5.724109576008405975e-01,-7.535933221454362008e-02,-4.970516253862972134e-01,6.477702898153840927e-01
3.514685749104461410e-01,4.580427645796334435e-01,-8.095113394900795845e-01,-1.065741896691873164e-01
4.580427645796334435e-01,-3.514685749104461410e-01,-1.065741896691873719e-01,8.095113394900795845e-01
5.334020967941770497e-01,2.209423826903945676e-01,-7.543444794845715062e-01,3.124597141037827597e-01
2.209423826903945676e-01,-5.334020967941769387e-01,3.124597141037826487e-01,7.543444794845715062e-01
1.277779645967492550e-01,9.705700001014070377e-01,1.619425724538460787e-01,1.242629063465742756e-01
9.705700001014070377e-01,-1.277779645967492828e-01,1.242629063465743172e-01,-1.619425724538460787e-01
5.959439634353570492e-01,7.766492939405090778e-01,2.023778348725198961e-01,2.664354741729680134e-02
7.766492939405090778e-01,-5.959439634353570492e-01,2.664354741729681869e-02,-2.023778348725198961e-01
9.044272585372583606e-01,3.746260366660500996e-01,1.885861198711429321e-01,-7.811492852594563441e-02
3.746260366660501551e-01,-9.044272585372583606e-01,-7.811492852594562053e-02,-1.885861198711429598e-01
1.277779645967492550e-01,9.705700001014070377e-01,-1.619425724538460509e-01,-1.242629063465743172e-01
9.705700001014070377e-01,-1.277779645967492828e-01,-1.242629063465743172e-01,1.619425724538460509e-01
5.959439634353570492e-01,7.766492939405090778e-01,-2.023778348725198961e-01,-2.664354741729683257e-02
7.766492939405090778e-01,-5.959439634353570492e-01,-2.664354741729684298e-02,2.023778348725198961e-01
9.044272585372583606e-01,3.746260366660500996e-01,-1.885861198711429043e-01,7.811492852594568992e-02
3.746260366660501551e-01,-9.044272585372583606e-01,7.811492852594568992e-02,1.885861198711429321e-01
7.535933221454360620e-02,5.724109576008405975e-01,6.477702898153843147e-01,4.970516253862970468e-01
5.724109576008405975e-01,-7.535933221454362008e-02,4.970516253862972134e-01,-6.477702898153842037e-01
3.514685749104461410e-01,4.580427645796334435e-01,8.095113394900795845e-01,1.065741896691872054e-01
4.580427645796334435e-01,-3.514685749104461410e-01,1.065741896691872748e-01,-8.095113394900795845e-01
5.334020967941770497e-01,2.209423826903945676e-01,7.543444794845716173e-01,-3.124597141037825376e-01
2.209423826903945676e-01,-5.334020967941769387e-01,-3.124597141037824266e-01,-7.543444794845716173e-01
9.229595564125726848e-02,7.010573846499780215e-01,1.830127018922195203e-01,-6.830127018922192983e-01
7.010573846499780215e-01,-9.229595564125729623e-02,-6.830127018922194093e-01,-1.830127018922192428e-01
4.304593345768794599e-01,5.609855267969310333e-01,-1.830127018922193260e-01,-6.830127018922192983e-01
5.609855267969310333e-01,-4.304593345768794599e-01,-6.830127018922194093e-01,1.830127018922189652e-01
6.532814824381882879e-01,2.705980500730985616e-01,-4.999999999999998890e-01,-5.000000000000001110e-01
2.705980500730986171e-01,-6.532814824381882879e-01,-5.000000000000001110e-01,4.999999999999998335e-01
9.229595564125726848e-02,7.010573846499780215e-01,-1.830127018922199089e-01,6.830127018922191873e-01
7.010573846499780215e-01,-9.229595564125729623e-02,6.830127018922191873e-01,1.830127018922199367e-01
4.304593345768794599e-01,5.609855267969310333e-01,1.830127018922189375e-01,6.830127018922194093e-01
5.609855267969310333e-01,-4.304593345768794599e-01,6.830127018922194093e-01,-1.830127018922189097e-01
6.532814824381882879e-01,2.705980500730985616e-01,4.999999999999993894e-01,5.000000000000005551e-01
2.705980500730986171e-01,-6.532814824381882879e-01,5.000000000000005551e-01,-4.999999999999993894e-01
1.191535663736292827e-01,9.050611918283638646e-01,1.056624327025936921e-01,-3.943375672974065438e-01
9.050611918283638646e-01,-1.191535663736292966e-01,-3.943375672974065438e-01,-1.056624327025935395e-01
5.557206113452601848e-01,7.242292009159695398e-01,-1.056624327025935950e-01,-3.943375672974065438e-01
7.242292009159695398e-01,-5.557206113452601848e-01,-3.943375672974065993e-01,1.056624327025934007e-01
8.433827672895987115e-01,3.493405804831037353e-01,-2.886751345948129210e-01,-2.886751345948129766e-01
3.493405804831037909e-01,-8.433827672895987115e-01,-2.886751345948129766e-01,2.886751345948128655e-01
5.328709483459362350e-02,4.047556697450396812e-01,-2.362683821909967730e-01,8.817656065588986847e-01
4.047556697450396812e-01,-5.328709483459363738e-02,8.817656065588986847e-01,2.362683821909968285e-01
2.485258126931484957e-01,3.238851449076921019e-01,2.362683821909955517e-01,8.817656065588990177e-01
3.238851449076921019e-01,-2.485258126931484957e-01,8.817656065588990177e-01,-2.362683821909954962e-01
3.771722397422856976e-01,1.562298570518912411e-01,6.454972243679021338e-01,6.454972243679035770e-01
1.562298570518912688e-01,-3.771722397422856976e-01,6.454972243679035770e-01,-6.454972243679021338e-01
5.328709483459362350e-02,4.047556697450396812e-01,2.362683821909962734e-01,-8.817656065588987957e-01
4.047556697450396812e-01,-5.328709483459363738e-02,-8.817656065588989067e-01,-2.362683821909959125e-01
2.485258126931484957e-01,3.238851449076921019e-01,-2.362683821909960513e-01,-8.817656065588989067e-01
3.238851449076921019e-01,-2.485258126931484957e-01,-8.817656065588990177e-01,2.362683821909956072e-01
3.771722397422856976e-01,1.562298570518912411e-01,-6.454972243679027999e-01,-6.454972243679030219e-01
1.562298570518912688e-01,-3.771722397422856976e-01,-6.454972243679030219e-01,6.454972243679026889e-01
1.191535663736292827e-01,9.050611918283638646e-01,-1.056624327025939142e-01,3.943375672974064883e-01
9.050611918283638646e-01,-1.191535663736292966e-01,3.943375672974064883e-01,1.056624327025939419e-01
5.557206113452601848e-01,7.242292009159695398e-01,1.056624327025933729e-01,3.943375672974065993e-01
7.242292009159695398e-01,-5.557206113452601848e-01,3.943375672974065993e-01,-1.056624327025933452e-01
8.433827672895987115e-01,3.493405804831037353e-01,2.886751345948125880e-01,2.886751345948132541e-01
3.493405804831037909e-01,-8.433827672895987115e-01,2.886751345948132541e-01,-2.886751345948125880e-01
9.229595564125726848e-02,7.010573846499780215e-01,6.830127018922194093e-01,1.830127018922193260e-01
7.010573846499779105e-01,-9.229595564125728235e-02,1.830127018922191595e-01,-6.830127018922192983e-01
4.304593345768794599e-01,5.609855267969310333e-01,6.830127018922192983e-01,-1.830127018922193816e-01
5.609855267969310333e-01,-4.304593345768794599e-01,-1.830127018922193260e-01,-6.830127018922192983e-01
6.532814824381882879e-01,2.705980500730985616e-01,5.000000000000000000e-01,-4.999999999999998890e-01
2.705980500730986171e-01,-6.532814824381882879e-01,-4.999999999999998890e-01,-5.000000000000001110e-01
9.229595564125726848e-02,7.010573846499780215e-01,-6.830127018922191873e-01,-1.830127018922198812e-01
7.010573846499780215e-01,-9.229595564125729623e-02,-1.830127018922199089e-01,6.830127018922191873e-01
4.304593345768794599e-01,5.609855267969310333e-01,-6.830127018922194093e-01,1.830127018922189652e-01
5.609855267969310333e-01,-4.304593345768794599e-01,1.830127018922189375e-01,6.830127018922194093e-01
6.532814824381882879e-01,2.705980500730985616e-01,-5.000000000000005551e-01,4.999999999999994449e-01
2.705980500730986171e-01,-6.532814824381882879e-01,4.999999999999993894e-01,5.000000000000005551e-01
5.328709483459362350e-02,4.047556697450396812e-01,-8.817656065588986847e-01,-2.362683821909967175e-01
4.047556697450396812e-01,-5.328709483459363738e-02,-2.362683821909967730e-01,8.817656065588986847e-01
2.485258126931484957e-01,3.238851449076921019e-01,-8.817656065588990177e-01,2.362683821909956072e-01
3.238851449076921019e-01,-2.485258126931484957e-01,2.362683821909955517e-01,8.817656065588990177e-01
3.771722397422856976e-01,1.562298570518912411e-01,-6.454972243679035770e-01,6.454972243679021338e-01
1.562298570518912688e-01,-3.771722397422856976e-01,6.454972243679021338e-01,6.454972243679035770e-01
1.191535663736292827e-01,9.050611918283638646e-01,3.943375672974065438e-01,1.056624327025935811e-01
9.050611918283638646e-01,-1.191535663736292966e-01,1.056624327025935117e-01,-3.943375672974065438e-01
5.557206113452601848e-01,7.242292009159695398e-01,3.943375672974065438e-01,-1.056624327025936227e-01
7.242292009159695398e-01,-5.557206113452601848e-01,-1.056624327025935950e-01,-3.943375672974065438e-01
8.433827672895987115e-01,3.493405804831037353e-01,2.886751345948129210e-01,-2.886751345948129210e-01
3.493405804831037909e-01,-8.433827672895987115e-01,-2.886751345948129210e-01,-2.886751345948129766e-01
1.191535663736292827e-01,9.050611918283638646e-01,-3.943375672974064883e-01,-1.056624327025939003e-01
9.050611918283638646e-01,-1.191535663736292966e-01,-1.056624327025939142e-01,3.943375672974064883e-01
5.557206113452601848e-01,7.242292009159695398e-01,-3.943375672974065993e-01,1.056624327025934007e-01
7.242292009159695398e-01,-5.557206113452601848e-01,1.056624327025933729e-01,3.943375672974065993e-01
8.433827672895987115e-01,3.493405804831037353e-01,-2.886751345948132541e-01,2.886751345948126435e-01
3.493405804831037909e-01,-8.433827672895987115e-01,2.886751345948125880e-01,2.886751345948132541e-01
5.328709483459362350e-02,4.047556697450396812e-01,8.817656065588989067e-01,2.362683821909959958e-01
4.047556697450396812e-01,-5.328709483459363738e-02,2.362683821909958570e-01,-8.817656065588989067e-01
2.485258126931484957e-01,3.238851449076921019e-01,8.817656065588989067e-01,-2.362683821909961068e-01
3.238851449076921019e-01,-2.485258126931484957e-01,-2.362683821909960513e-01,-8.817656065588989067e-01
3.771722397422856976e-01,1.562298570518912411e-01,6.454972243679029109e-01,-6.454972243679027999e-01
1.562298570518912688e-01,-3.771722397422856976e-01,-6.454972243679027999e-01,-6.454972243679030219e-01
2.705980500730985061e-01,6.532814824381882879e-01,-4.999999999999998890e-01,-5.000000000000001110e-01
6.532814824381882879e-01,-2.705980500730985061e-01,-5.000000000000001110e-01,4.999999999999998335e-01
5.609855267969310333e-01,4.304593345768794599e-01,-6.830127018922192983e-01,-1.830127018922192150e-01
4.304593345768796264e-01,-5.609855267969309223e-01,-1.830127018922192428e-01,6.830127018922192983e-01
7.010573846499779105e-01,9.229595564125735174e-02,-6.830127018922194093e-01,1.830127018922189652e-01
9.229595564125725460e-02,-7.010573846499779105e-01,1.830127018922189375e-01,6.830127018922194093e-01
2.705980500730985616e-01,6.532814824381883989e-01,4.999999999999999445e-01,5.000000000000001110e-01
6.532814824381883989e-01,-2.705980500730985616e-01,5.000000000000001110e-01,-4.999999999999999445e-01
5.609855267969310333e-01,4.304593345768794599e-01,6.830127018922192983e-01,1.830127018922192983e-01
4.304593345768796264e-01,-5.609855267969309223e-01,1.830127018922194926e-01,-6.830127018922191873e-01
7.010573846499780215e-01,9.229595564125736562e-02,6.830127018922194093e-01,-1.830127018922192428e-01
9.229595564125725460e-02,-7.010573846499779105e-01,-1.830127018922193260e-01,-6.830127018922192983e-01
3.493405804831036798e-01,8.433827672895987115e-01,2.886751345948129210e-01,-2.886751345948129210e-01
8.433827672895987115e-01,-3.493405804831036243e-01,-2.886751345948129210e-01,-2.886751345948129766e-01
7.242292009159695398e-01,5.557206113452601848e-01,1.056624327025935117e-01,-3.943375672974065438e-01
5.557206113452604068e-01,-7.242292009159694288e-01,-3.943375672974065438e-01,-1.056624327025935395e-01
9.050611918283638646e-01,1.191535663736294076e-01,-1.056624327025934146e-01,-3.943375672974065993e-01
1.191535663736292827e-01,-9.050611918283638646e-01,-3.943375672974065993e-01,1.056624327025934007e-01
1.562298570518912411e-01,3.771722397422856976e-01,-6.454972243679023558e-01,6.454972243679032440e-01
3.771722397422856976e-01,-1.562298570518912133e-01,6.454972243679032440e-01,6.454972243679024668e-01
3.238851449076921019e-01,2.485258126931484957e-01,-2.362683821909959681e-01,8.817656065588989067e-01
2.485258126931485789e-01,-3.238851449076920463e-01,8.817656065588989067e-01,2.362683821909959958e-01
4.047556697450396812e-01,5.328709483459367902e-02,2.362683821909963011e-01,8.817656065588987957e-01
5.328709483459362350e-02,-4.047556697450396812e-01,8.817656065588990177e-01,-2.362683821909954962e-01
1.562298570518912411e-01,3.771722397422856976e-01,6.454972243679029109e-01,-6.454972243679027999e-01
3.771722397422856976e-01,-1.562298570518912133e-01,-6.454972243679027999e-01,-6.454972243679030219e-01
3.238851449076921019e-01,2.485258126931484957e-01,2.362683821909958570e-01,-8.817656065588989067e-01
2.485258126931485789e-01,-3.238851449076920463e-01,-8.817656065588989067e-01,-2.362683821909959125e-01
4.047556697450396812e-01,5.328709483459367902e-02,-2.362683821909956627e-01,-8.817656065588990177e-01
5.328709483459362350e-02,-4.047556697450396812e-01,-8.817656065588990177e-01,2.362683821909956072e-01
3.493405804831036798e-01,8.433827672895987115e-01,-2.886751345948126990e-01,2.886751345948131431e-01
8.433827672895987115e-01,-3.493405804831036243e-01,2.886751345948130876e-01,2.886751345948127545e-01
7.242292009159695398e-01,5.557206113452601848e-01,-1.056624327025935534e-01,3.943375672974065438e-01
5.557206113452604068e-01,-7.242292009159694288e-01,3.943375672974065438e-01,1.056624327025935811e-01
9.050611918283638646e-01,1.191535663736294076e-01,1.056624327025937199e-01,3.943375672974065438e-01
1.191535663736292827e-01,-9.050611918283638646e-01,3.943375672974065993e-01,-1.056624327025933452e-01
2.705980500730985616e-01,6.532814824381883989e-01,5.000000000000001110e-01,-4.999999999999999445e-01
6.532814824381882879e-01,-2.705980500730985061e-01,-4.999999999999998890e-01,-5.000000000000001110e-01
5.609855267969310333e-01,4.304593345768794599e-01,1.830127018922191595e-01,-6.830127018922192983e-01
4.304593345768796264e-01,-5.609855267969309223e-01,-6.830127018922192983e-01,-1.830127018922192150e-01
7.010573846499779105e-01,9.229595564125735174e-02,-1.830127018922190207e-01,-6.830127018922194093e-01
9.229595564125725460e-02,-7.010573846499779105e-01,-6.830127018922194093e-01,1.830127018922189652e-01
2.705980500730985616e-01,6.532814824381883989e-01,-4.999999999999996669e-01,5.000000000000004441e-01
6.532814824381883989e-01,-2.705980500730985616e-01,5.000000000000003331e-01,4.999999999999997224e-01
5.609855267969310333e-01,4.304593345768794599e-01,-1.830127018922192428e-01,6.830127018922192983e-01
4.304593345768796264e-01,-5.609855267969309223e-01,6.830127018922192983e-01,1.830127018922192983e-01
7.010573846499780215e-01,9.229595564125736562e-02,1.830127018922195481e-01,6.830127018922192983e-01
9.229595564125725460e-02,-7.010573846499779105e-01,6.830127018922194093e-01,-1.830127018922189097e-01
1.562298570518912411e-01,3.771722397422856976e-01,-6.454972243679027999e-01,-6.454972243679030219e-01
3.771722397422856976e-01,-1.562298570518912133e-01,-6.454972243679030219e-01,6.454972243679026889e-01
3.238851449076921019e-01,2.485258126931484957e-01,-8.817656065588989067e-01,-2.362683821909959125e-01
2.485258126931485789e-01,-3.238851449076920463e-01,-2.362683821909959681e-01,8.817656065588989067e-01
4.047556697450396812e-01,5.328709483459367902e-02,-8.817656065588990177e-01,2.362683821909956072e-01
5.328709483459362350e-02,-4.047556697450396812e-01,2.362683821909955517e-01,8.817656065588990177e-01
3.493405804831036798e-01,8.433827672895987115e-01,2.886751345948129210e-01,2.886751345948129210e-01
8.433827672895987115e-01,-3.493405804831036243e-01,2.886751345948129210e-01,-2.886751345948129210e-01
7.242292009159695398e-01,5.557206113452601848e-01,3.943375672974065438e-01,1.056624327025935811e-01
5.557206113452602958e-01,-7.242292009159693178e-01,1.056624327025936783e-01,-3.943375672974064883e-01
9.050611918283638646e-01,1.191535663736294076e-01,3.943375672974065438e-01,-1.056624327025935395e-01
1.191535663736292827e-01,-9.050611918283638646e-01,-1.056624327025935950e-01,-3.943375672974065438e-01
3.493405804831036798e-01,8.433827672895987115e-01,-2.886751345948129210e-01,-2.886751345948129766e-01
8.433827672895987115e-01,-3.493405804831036243e-01,-2.886751345948129766e-01,2.886751345948128655e-01
7.242292009159695398e-01,5.557206113452601848e-01,-3.943375672974065438e-01,-1.056624327025935395e-01
5.557206113452602958e-01,-7.242292009159693178e-01,-1.056624327025935395e-01,3.943375672974064883e-01
9.050611918283638646e-01,1.191535663736294076e-01,-3.943375672974065993e-01,1.056624327025934007e-01
1.191535663736292827e-01,-9.050611918283638646e-01,1.056624327025933729e-01,3.943375672974065993e-01
1.562298570518912411e-01,3.771722397422856976e-01,6.454972243679027999e-01,6.454972243679029109e-01
3.771722397422856976e-01,-1.562298570518912133e-01,6.454972243679029109e-01,-6.454972243679027999e-01
3.238851449076921019e-01,2.485258126931484957e-01,8.817656065588989067e-01,2.362683821909959958e-01
2.485258126931485789e-01,-3.238851449076920463e-01,2.362683821909962734e-01,-8.817656065588987957e-01
4.047556697450396812e-01,5.328709483459367902e-02,8.817656065588989067e-01,-2.362683821909959125e-01
5.328709483459362350e-02,-4.047556697450396812e-01,-2.362683821909960513e-01,-8.817656065588989067e-01
2.705980500730985616e-01,6.532814824381883989e-01,8.659560562354932858e-17,-7.071067811865475727e-01
6.532814824381883989e-01,-2.705980500730985616e-01,-7.071067811865475727e-01,-1.298934084353240052e-16
5.609855267969310333e-01,4.304593345768794599e-01,-3.535533905932737864e-01,-6.123724356957944703e-01
4.304593345768796264e-01,-5.609855267969309223e-01,-6.123724356957948034e-01,3.535533905932732868e-01
7.010573846499780215e-01,9.229595564125736562e-02,-6.123724356957943593e-01,-3.535533905932741194e-01
9.229595564125726848e-02,-7.010573846499780215e-01,-3.535533905932735643e-01,6.123724356957946924e-01
2.705980500730985616e-01,6.532814824381883989e-01,-1.731912112470986572e-16,7.071067811865475727e-01
6.532814824381883989e-01,-2.705980500730985616e-01,7.071067811865475727e-01,2.164890140588733338e-16
5.609855267969310333e-01,4.304593345768794599e-01,3.535533905932732313e-01,6.123724356957948034e-01
4.304593345768796264e-01,-5.609855267969309223e-01,6.123724356957948034e-01,-3.535533905932731757e-01
7.010573846499780215e-01,9.229595564125736562e-02,6.123724356957943593e-01,3.535533905932741749e-01
9.229595564125725460e-02,-7.010573846499779105e-01,3.535533905932735643e-01,-6.123724356957945814e-01
3.493405804831036798e-01,8.433827672895987115e-01,4.999599621739488607e-17,-4.082482904638630727e-01
8.433827672895987115e-01,-3.493405804831036243e-01,-4.082482904638630727e-01,-7.499399432609231987e-17
7.242292009159695398e-01,5.557206113452601848e-01,-2.041241452319316196e-01,-3.535533905932738419e-01
5.557206113452604068e-01,-7.242292009159694288e-01,-3.535533905932740084e-01,2.041241452319312866e-01
9.050611918283638646e-01,1.191535663736294076e-01,-3.535533905932737309e-01,-2.041241452319317584e-01
1.191535663736292827e-01,-9.050611918283638646e-01,-2.041241452319314253e-01,3.535533905932739529e-01
1.562298570518912411e-01,3.771722397422856976e-01,-2.235888922898345892e-16,9.128709291752769017e-01
3.771722397422856976e-01,-1.562298570518912133e-01,9.128709291752769017e-01,2.794861153622932858e-16
3.238851449076921019e-01,2.485258126931484957e-01,4.564354645876377847e-01,7.905694150420952138e-01
2.485258126931485789e-01,-3.238851449076920463e-01,7.905694150420953248e-01,-4.564354645876377292e-01
4.047556697450396812e-01,5.328709483459367902e-02,7.905694150420946587e-01,4.564354645876389505e-01
5.328709483459362350e-02,-4.047556697450396812e-01,4.564354645876382288e-01,-7.905694150420949917e-01
1.562298570518912411e-01,3.771722397422856976e-01,1.117944461449172946e-16,-9.128709291752769017e-01
3.771722397422856976e-01,-1.562298570518912133e-01,-9.128709291752769017e-01,-1.676916692173759419e-16
3.238851449076921019e-01,2.485258126931484957e-01,-4.564354645876385619e-01,-7.905694150420948807e-01
2.485258126931485789e-01,-3.238851449076920463e-01,-7.905694150420952138e-01,4.564354645876378402e-01
4.047556697450396812e-01,5.328709483459367902e-02,-7.905694150420946587e-01,-4.564354645876388394e-01
5.328709483459363044e-02,-4.047556697450397367e-01,-4.564354645876382288e-01,7.905694150420951027e-01
3.493405804831036798e-01,8.433827672895987115e-01,-9.999199243478977215e-17,4.082482904638630727e-01
8.433827672895987115e-01,-3.493405804831036243e-01,4.082482904638630727e-01,1.249899905434872121e-16
7.242292009159695398e-01,5.557206113452601848e-01,2.041241452319312588e-01,3.535533905932740084e-01
5.557206113452602958e-01,-7.242292009159693178e-01,3.535533905932740084e-01,-2.041241452319312311e-01
9.050611918283638646e-01,1.191535663736294076e-01,3.535533905932737309e-01,2.041241452319317862e-01
1.191535663736292827e-01,-9.050611918283638646e-01,2.041241452319314809e-01,-3.535533905932739529e-01
2.705980500730985616e-01,6.532814824381883989e-01,7.071067811865475727e-01,4.329780281177466429e-17
6.532814824381883989e-01,-2.705980500730985616e-01,8.659560562354932858e-17,-7.071067811865475727e-01
5.609855267969310333e-01,4.304593345768794599e-01,6.123724356957943593e-01,-3.535533905932738974e-01
4.304593345768796264e-01,-5.609855267969309223e-01,-3.535533905932735088e-01,-6.123724356957945814e-01
7.010573846499780215e-01,9.229595564125736562e-02,3.535533905932740084e-01,-6.123724356957944703e-01
9.229595564125726848e-02,-7.010573846499780215e-01,-6.123724356957946924e-01,-3.535533905932735088e-01
2.705980500730985616e-01,6.532814824381883989e-01,-7.071067811865475727e-01,-1.298934084353240052e-16
6.532814824381883989e-01,-2.705980500730985616e-01,-1.731912112470986572e-16,7.071067811865475727e-01
5.609855267969310333e-01,4.304593345768794599e-01,-6.123724356957948034e-01,3.535533905932732868e-01
4.304593345768796264e-01,-5.609855267969309223e-01,3.535533905932732313e-01,6.123724356957948034e-01
7.010573846499780215e-01,9.229595564125736562e-02,-3.535533905932741194e-01,6.123724356957943593e-01
9.229595564125726848e-02,-7.010573846499780215e-01,6.123724356957943593e-01,3.535533905932741749e-01
1.562298570518912411e-01,3.771722397422856976e-01,-9.128709291752769017e-01,-1.676916692173759419e-16
3.771722397422856976e-01,-1.562298570518912133e-01,-2.235888922898345892e-16,9.128709291752769017e-01
3.238851449076921019e-01,2.485258126931484957e-01,-7.905694150420952138e-01,4.564354645876378402e-01
2.485258126931485789e-01,-3.238851449076920463e-01,4.564354645876377847e-01,7.905694150420952138e-01
4.047556697450396812e-01,5.328709483459367902e-02,-4.564354645876388394e-01,7.905694150420946587e-01
5.328709483459362350e-02,-4.047556697450396812e-01,7.905694150420946587e-01,4.564354645876389505e-01
3.493405804831036798e-01,8.433827672895987115e-01,4.082482904638630727e-01,2.499799810869744304e-17
8.433827672895987115e-01,-3.493405804831036243e-01,4.999599621739488607e-17,-4.082482904638630727e-01
7.242292009159695398e-01,5.557206113452601848e-01,3.535533905932737864e-01,-2.041241452319316474e-01
5.557206113452602958e-01,-7.242292009159693178e-01,-2.041241452319314253e-01,-3.535533905932738974e-01
9.050611918283638646e-01,1.191535663736294076e-01,2.041241452319317029e-01,-3.535533905932737864e-01
1.191535663736292827e-01,-9.050611918283638646e-01,-3.535533905932739529e-01,-2.041241452319313976e-01
3.493405804831036798e-01,8.433827672895987115e-01,-4.082482904638630727e-01,-7.499399432609231987e-17
8.433827672895987115e-01,-3.493405804831036243e-01,-9.999199243478977215e-17,4.082482904638630727e-01
7.242292009159695398e-01,5.557206113452601848e-01,-3.535533905932740084e-01,2.041241452319312866e-01
5.557206113452604068e-01,-7.242292009159694288e-01,2.041241452319312588e-01,3.535533905932740084e-01
9.050611918283638646e-01,1.191535663736294076e-01,-2.041241452319317584e-01,3.535533905932737309e-01
1.191535663736292827e-01,-9.050611918283638646e-01,3.535533905932737309e-01,2.041241452319317862e-01
1.562298570518912411e-01,3.771722397422856976e-01,9.128709291752769017e-01,5.589722307245864731e-17
3.771722397422856976e-01,-1.562298570518912133e-01,1.117944461449172946e-16,-9.128709291752769017e-01
3.238851449076921019e-01,2.485258126931484957e-01,7.905694150420947697e-01,-4.564354645876386729e-01
2.485258126931485789e-01,-3.238851449076920463e-01,-4.564354645876381733e-01,-7.905694150420949917e-01
4.047556697450396812e-01,5.328709483459367902e-02,4.564354645876387284e-01,-7.905694150420947697e-01
5.328709483459363044e-02,-4.047556697450397367e-01,-7.905694150420951027e-01,-4.564354645876381733e-01
9.229595564125726848e-02,7.010573846499780215e-01,-3.535533905932735643e-01,-6.123724356957946924e-01
7.010573846499779105e-01,-9.229595564125728235e-02,-6.123724356957944703e-01,3.535533905932737864e-01
4.304593345768794599e-01,5.609855267969310333e-01,-6.123724356957942483e-01,-3.535533905932740639e-01
5.609855267969310333e-01,-4.304593345768794599e-01,-3.535533905932735088e-01,6.123724356957945814e-01
6.532814824381882879e-01,2.705980500730985616e-01,-7.071067811865474617e-01,-1.298934084353239805e-16
2.705980500730986171e-01,-6.532814824381882879e-01,-1.731912112470986325e-16,7.071067811865474617e-01
9.229595564125725460e-02,7.010573846499779105e-01,3.535533905932736753e-01,6.123724356957944703e-01
7.010573846499780215e-01,-9.229595564125729623e-02,6.123724356957944703e-01,-3.535533905932739529e-01
4.304593345768794599e-01,5.609855267969310333e-01,6.123724356957944703e-01,3.535533905932736753e-01
5.609855267969310333e-01,-4.304593345768794599e-01,3.535533905932736753e-01,-6.123724356957944703e-01
6.532814824381882879e-01,2.705980500730985616e-01,7.071067811865474617e-01,4.329780281177465813e-17
2.705980500730986171e-01,-6.532814824381882879e-01,8.659560562354931626e-17,-7.071067811865474617e-01
1.191535663736292827e-01,9.050611918283638646e-01,3.535533905932738974e-01,-2.041241452319314809e-01
9.050611918283638646e-01,-1.191535663736292966e-01,-2.041241452319316196e-01,-3.535533905932738419e-01
5.557206113452601848e-01,7.242292009159695398e-01,2.041241452319315364e-01,-3.535533905932738974e-01
7.242292009159695398e-01,-5.557206113452601848e-01,-3.535533905932739529e-01,-2.041241452319313976e-01
8.433827672895987115e-01,3.493405804831037353e-01,4.999599621739488607e-17,-4.082482904638630727e-01
3.493405804831037909e-01,-8.433827672895987115e-01,-4.082482904638630727e-01,-7.499399432609231987e-17
5.328709483459362350e-02,4.047556697450396812e-01,-7.905694150420948807e-01,4.564354645876385619e-01
4.047556697450396812e-01,-5.328709483459363738e-02,4.564354645876384509e-01,7.905694150420948807e-01
2.485258126931484957e-01,3.238851449076921019e-01,-4.564354645876381733e-01,7.905694150420949917e-01
3.238851449076921019e-01,-2.485258126931484957e-01,7.905694150420949917e-01,4.564354645876381733e-01
3.771722397422856976e-01,1.562298570518912411e-01,-2.235888922898345892e-16,9.128709291752769017e-01
1.562298570518912688e-01,-3.771722397422856976e-01,9.128709291752769017e-01,2.794861153622932858e-16
5.328709483459363044e-02,4.047556697450397367e-01,7.905694150420949917e-01,-4.564354645876382843e-01
4.047556697450396812e-01,-5.328709483459363738e-02,-4.564354645876385619e-01,-7.905694150420948807e-01
2.485258126931484957e-01,3.238851449076921019e-01,4.564354645876383954e-01,-7.905694150420948807e-01
3.238851449076921574e-01,-2.485258126931485234e-01,-7.905694150420951027e-01,-4.564354645876381733e-01
3.771722397422856976e-01,1.562298570518912411e-01,1.117944461449172946e-16,-9.128709291752769017e-01
1.562298570518912688e-01,-3.771722397422856976e-01,-9.128709291752769017e-01,-1.676916692173759419e-16
1.191535663736292827e-01,9.050611918283638646e-01,-3.535533905932738419e-01,2.041241452319316196e-01
9.050611918283638646e-01,-1.191535663736292966e-01,2.041241452319315641e-01,3.535533905932738419e-01
5.557206113452601848e-01,7.242292009159695398e-01,-2.041241452319314253e-01,3.535533905932739529e-01
7.242292009159695398e-01,-5.557206113452601848e-01,3.535533905932739529e-01,2.041241452319314531e-01
8.433827672895987115e-01,3.493405804831037353e-01,-9.999199243478977215e-17,4.082482904638630727e-01
3.493405804831037909e-01,-8.433827672895987115e-01,4.082482904638630727e-01,1.249899905434872121e-16
9.229595564125726848e-02,7.010573846499780215e-01,6.123724356957945814e-01,-3.535533905932736198e-01
7.010573846499779105e-01,-9.229595564125728235e-02,-3.535533905932737864e-01,-6.123724356957944703e-01
4.304593345768794599e-01,5.609855267969310333e-01,3.535533905932736753e-01,-6.123724356957944703e-01
5.609855267969310333e-01,-4.304593345768794599e-01,-6.123724356957945814e-01,-3.535533905932734533e-01
6.532814824381882879e-01,2.705980500730985616e-01,8.659560562354931626e-17,-7.071067811865474617e-01
2.705980500730986171e-01,-6.532814824381882879e-01,-7.071067811865474617e-01,-1.298934084353239805e-16
9.229595564125725460e-02,7.010573846499779105e-01,-6.123724356957944703e-01,3.535533905932737864e-01
7.010573846499779105e-01,-9.229595564125728235e-02,3.535533905932737309e-01,6.123724356957944703e-01
4.304593345768794599e-01,5.609855267969310333e-01,-3.535533905932735088e-01,6.123724356957945814e-01
5.609855267969310333e-01,-4.304593345768794599e-01,6.123724356957945814e-01,3.535533905932735088e-01
6.532814824381882879e-01,2.705980500730985616e-01,-1.731912112470986325e-16,7.071067811865474617e-01
2.705980500730986171e-01,-6.532814824381882879e-01,7.071067811865474617e-01,2.164890140588733091e-16
5.328709483459363044e-02,4.047556697450397367e-01,-4.564354645876382288e-01,-7.905694150420951027e-01
4.047556697450396812e-01,-5.328709483459363738e-02,-7.905694150420948807e-01,4.564354645876385619e-01
2.485258126931484957e-01,3.238851449076921019e-01,-7.905694150420946587e-01,-4.564354645876388394e-01
3.238851449076921019e-01,-2.485258126931484957e-01,-4.564354645876381733e-01,7.905694150420949917e-01
3.771722397422856976e-01,1.562298570518912411e-01,-9.128709291752769017e-01,-1.676916692173759419e-16
1.562298570518912688e-01,-3.771722397422856976e-01,-2.235888922898345892e-16,9.128709291752769017e-01
1.191535663736292827e-01,9.050611918283638646e-01,2.041241452319315364e-01,3.535533905932738974e-01
9.050611918283638646e-01,-1.191535663736292966e-01,3.535533905932737864e-01,-2.041241452319316474e-01
5.557206113452601848e-01,7.242292009159695398e-01,3.535533905932738974e-01,2.041241452319315086e-01
7.242292009159695398e-01,-5.557206113452601848e-01,2.041241452319315364e-01,-3.535533905932738974e-01
8.433827672895987115e-01,3.493405804831037353e-01,4.082482904638630727e-01,2.499799810869744304e-17
3.493405804831037909e-01,-8.433827672895987115e-01,4.999599621739488607e-17,-4.082482904638630727e-01
1.191535663736292827e-01,9.050611918283638646e-01,-2.041241452319314531e-01,-3.535533905932739529e-01
9.050611918283638646e-01,-1.191535663736292966e-01,-3.535533905932738419e-01,2.041241452319316196e-01
5.557206113452601848e-01,7.242292009159695398e-01,-3.535533905932737309e-01,-2.041241452319317584e-01
7.242292009159695398e-01,-5.557206113452601848e-01,-2.041241452319314253e-01,3.535533905932739529e-01
8.433827672895987115e-01,3.493405804831037353e-01,-4.082482904638630727e-01,-7.499399432609231987e-17
3.493405804831037909e-01,-8.433827672895987115e-01,-9.999199243478977215e-17,4.082482904638630727e-01
5.328709483459362350e-02,4.047556697450396812e-01,4.564354645876383954e-01,7.905694150420948807e-01
4.047556697450396812e-01,-5.328709483459363738e-02,7.905694150420947697e-01,-4.564354645876386729e-01
2.485258126931484957e-01,3.238851449076921019e-01,7.905694150420948807e-01,4.564354645876383398e-01
3.238851449076921019e-01,-2.485258126931484957e-01,4.564354645876383954e-01,-7.905694150420948807e-01
3.771722397422856976e-01,1.562298570518912411e-01,9.128709291752769017e-01,5.589722307245864731e-17
1.562298570518912688e-01,-3.771722397422856976e-01,1.117944461449172946e-16,-9.128709291752769017e-01
5.664077140030047280e-02,8.641711769176168012e-01,-3.270156461507144063e-02,-4.989294616193017951e-01
8.641711769176168012e-01,-5.664077140030034790e-02,-4.989294616193017951e-01,3.270156461507163492e-02
4.811379353814156934e-01,7.200738067288025013e-01,-2.777851165098010333e-01,-4.157348061512727844e-01
7.200738067288023903e-01,-4.811379353814157489e-01,-4.157348061512727844e-01,2.777851165098009778e-01
7.767145781291029394e-01,3.830332415362011078e-01,-4.484363707663441834e-01,-2.211443451095007062e-01
3.830332415362011078e-01,-7.767145781291029394e-01,-2.211443451095007340e-01,4.484363707663441834e-01
3.270156461507152390e-02,4.989294616193016285e-01,5.664077140030047280e-02,8.641711769176168012e-01
4.989294616193016285e-01,-3.270156461507145451e-02,8.641711769176168012e-01,-5.664077140030034790e-02
2.777851165098010888e-01,4.157348061512725623e-01,4.811379353814157489e-01,7.200738067288025013e-01
4.157348061512725068e-01,-2.777851165098011443e-01,7.200738067288025013e-01,-4.811379353814158044e-01
4.484363707663440723e-01,2.211443451095005674e-01,7.767145781291029394e-01,3.830332415362011078e-01
2.211443451095006230e-01,-4.484363707663440723e-01,3.830332415362011633e-01,-7.767145781291029394e-01
6.506159619481159673e-02,9.926481360653011121e-01,6.729420045977642373e-02,-7.673432902649315879e-02
9.926481360653012231e-01,-6.506159619481147183e-02,-7.673432902649317267e-02,-6.729420045977645148e-02
5.526690631481224747e-01,8.271277047544171035e-01,1.991132261228227909e-02,-1.001009785091849374e-01
8.271277047544169925e-01,-5.526690631481225857e-01,-1.001009785091849513e-01,-1.991132261228219583e-02
8.921893009492286586e-01,4.399790729171786929e-01,-3.280677804940850678e-02,-9.664565163877540666e-02
4.399790729171787484e-01,-8.921893009492285476e-01,-9.664565163877540666e-02,3.280677804940849984e-02
4.221753838303260453e-02,6.441151652612628897e-01,-5.035836844747371144e-01,5.742271380422401261e-01
6.441151652612628897e-01,-4.221753838303251433e-02,5.742271380422395710e-01,5.035836844747376695e-01
3.586190433555822565e-01,5.367113268875493004e-01,-1.490026946653699724e-01,7.490871313243819829e-01
5.367113268875491894e-01,-3.586190433555823120e-01,7.490871313243820939e-01,1.490026946653693340e-01
5.789288652705818494e-01,2.854961219056805222e-01,2.455034468496447297e-01,7.232298327076095434e-01
2.854961219056805777e-01,-5.789288652705818494e-01,7.232298327076096545e-01,-2.455034468496447575e-01
4.221753838303260453e-02,6.441151652612628897e-01,5.035836844747372254e-01,-5.742271380422399041e-01
6.441151652612628897e-01,-4.221753838303251433e-02,-5.742271380422399041e-01,-5.035836844747373364e-01
3.586190433555822010e-01,5.367113268875491894e-01,1.490026946653698614e-01,-7.490871313243819829e-01
5.367113268875491894e-01,-3.586190433555823120e-01,-7.490871313243820939e-01,-1.490026946653692508e-01
5.789288652705818494e-01,2.854961219056805222e-01,-2.455034468496448130e-01,-7.232298327076095434e-01
2.854961219056805777e-01,-5.789288652705818494e-01,-7.232298327076096545e-01,2.455034468496448130e-01
6.506159619481159673e-02,9.926481360653011121e-01,-6.729420045977639597e-02,7.673432902649317267e-02
9.926481360653011121e-01,-6.506159619481145795e-02,7.673432902649310328e-02,6.729420045977647924e-02
5.526690631481224747e-01,8.271277047544171035e-01,-1.991132261228229297e-02,1.001009785091849236e-01
8.271277047544169925e-01,-5.526690631481225857e-01,1.001009785091849513e-01,1.991132261228220970e-02
8.921893009492286586e-01,4.399790729171786929e-01,3.280677804940849290e-02,9.664565163877540666e-02
4.399790729171787484e-01,-8.921893009492285476e-01,9.664565163877540666e-02,-3.280677804940848596e-02
3.270156461507152390e-02,4.989294616193016285e-01,8.641711769176168012e-01,-5.664077140030034790e-02
4.989294616193016285e-01,-3.270156461507145451e-02,-5.664077140030029933e-02,-8.641711769176168012e-01
2.777851165098010333e-01,4.157348061512725068e-01,7.200738067288026123e-01,-4.811379353814154713e-01
4.157348061512725068e-01,-2.777851165098011443e-01,-4.811379353814158044e-01,-7.200738067288025013e-01
4.484363707663441279e-01,2.211443451095005952e-01,3.830332415362011633e-01,-7.767145781291029394e-01
2.211443451095006230e-01,-4.484363707663440723e-01,-7.767145781291029394e-01,-3.830332415362012188e-01
5.664077140030047280e-02,8.641711769176168012e-01,-4.989294616193017951e-01,3.270156461507163492e-02
8.641711769176168012e-01,-5.664077140030034790e-02,3.270156461507160023e-02,4.989294616193017951e-01
4.811379353814156934e-01,7.200738067288025013e-01,-4.157348061512727844e-01,2.777851165098009778e-01
7.200738067288023903e-01,-4.811379353814157489e-01,2.777851165098009778e-01,4.157348061512727844e-01
7.767145781291029394e-01,3.830332415362011078e-01,-2.211443451095007340e-01,4.484363707663441834e-01
3.830332415362011078e-01,-7.767145781291029394e-01,4.484363707663441834e-01,2.211443451095007617e-01
6.675178924798256565e-03,1.018435498840677828e-01,-7.479137242081331793e-01,-6.559027324797891412e-01
1.018435498840677828e-01,-6.675178924798241820e-03,-6.559027324797894742e-01,7.479137242081328463e-01
5.670264946571567516e-02,8.486151194879129611e-02,-9.756636512431663411e-01,-1.940715666350596447e-01
8.486151194879128223e-02,-5.670264946571568904e-02,-1.940715666350588398e-01,9.756636512431665631e-01
9.153669087358956569e-02,4.514090041835210759e-02,-9.419852908431926020e-01,3.197609187633773109e-01
4.514090041835211453e-02,-9.153669087358955181e-02,3.197609187633772554e-01,9.419852908431926020e-01
4.995246506401824355e-02,7.621273414380049793e-01,4.853105088969782988e-01,4.256058935456868975e-01
7.621273414380049793e-01,-4.995246506401813946e-02,4.256058935456869530e-01,-4.853105088969782432e-01
4.243237744460969241e-01,6.350454060719998850e-01,6.330941762011804697e-01,1.259302613624511957e-01
6.350454060719998850e-01,-4.243237744460970906e-01,1.259302613624511125e-01,-6.330941762011805807e-01
6.849978711360181771e-01,3.378035669919079997e-01,6.112407702594294667e-01,-2.074882826554935999e-01
3.378035669919081108e-01,-6.849978711360181771e-01,-2.074882826554935999e-01,-6.112407702594295777e-01
4.995246506401824355e-02,7.621273414380049793e-01,-4.853105088969782432e-01,-4.256058935456870085e-01
7.621273414380049793e-01,-4.995246506401813946e-02,-4.256058935456872305e-01,4.853105088969780212e-01
4.243237744460969241e-01,6.350454060719998850e-01,-6.330941762011804697e-01,-1.259302613624514178e-01
6.350454060719998850e-01,-4.243237744460970906e-01,-1.259302613624509182e-01,6.330941762011806917e-01
6.849978711360181771e-01,3.378035669919079997e-01,-6.112407702594294667e-01,2.074882826554935167e-01
3.378035669919081108e-01,-6.849978711360181771e-01,2.074882826554935167e-01,6.112407702594295777e-01
6.675178924798257432e-03,1.018435498840677966e-01,7.479137242081334014e-01,6.559027324797890302e-01
1.018435498840677966e-01,-6.675178924798242687e-03,6.559027324797891412e-01,-7.479137242081332904e-01
5.670264946571567516e-02,8.486151194879129611e-02,9.756636512431664521e-01,1.940715666350593116e-01
8.486151194879128223e-02,-5.670264946571568904e-02,1.940715666350591451e-01,-9.756636512431664521e-01
9.153669087358956569e-02,4.514090041835210759e-02,9.419852908431926020e-01,-3.197609187633774219e-01
4.514090041835211453e-02,-9.153669087358955181e-02,-3.197609187633773664e-01,-9.419852908431926020e-01
2.074882826554936277e-01,6.112407702594295777e-01,-2.455034468496448408e-01,-7.232298327076096545e-01
6.112407702594295777e-01,-2.074882826554936277e-01,-7.232298327076096545e-01,2.455034468496448130e-01
4.853105088969783543e-01,4.256058935456869530e-01,-5.742271380422399041e-01,-5.035836844747373364e-01
4.256058935456869530e-01,-4.853105088969782432e-01,-5.035836844747375585e-01,5.742271380422395710e-01
6.330941762011805807e-01,1.259302613624512235e-01,-7.490871313243819829e-01,-1.490026946653699169e-01
1.259302613624511125e-01,-6.330941762011805807e-01,-1.490026946653693063e-01,7.490871313243820939e-01
2.455034468496448963e-01,7.232298327076096545e-01,2.074882826554935999e-01,6.112407702594294667e-01
7.232298327076096545e-01,-2.455034468496448963e-01,6.112407702594294667e-01,-2.074882826554935999e-01
5.742271380422400151e-01,5.035836844747371144e-01,4.853105088969782988e-01,4.256058935456868975e-01
5.035836844747372254e-01,-5.742271380422399041e-01,4.256058935456869530e-01,-4.853105088969782432e-01
7.490871313243820939e-01,1.490026946653696671e-01,6.330941762011804697e-01,1.259302613624511957e-01
1.490026946653695283e-01,-7.490871313243820939e-01,1.259302613624510847e-01,-6.330941762011804697e-01
2.783747427314245959e-01,8.200655477516497482e-01,2.211443451095006785e-01,-4.484363707663441834e-01
8.200655477516497482e-01,-2.783747427314245959e-01,-4.484363707663441834e-01,-2.211443451095007062e-01
6.511123728531961197e-01,5.710102257556169958e-01,-3.270156461507144063e-02,-4.989294616193017951e-01
5.710102257556171068e-01,-6.511123728531960086e-01,-4.989294616193017951e-01,3.270156461507163492e-02
8.493849684870414807e-01,1.689531748984536841e-01,-2.777851165098009778e-01,-4.157348061512727289e-01
1.689531748984535731e-01,-8.493849684870415917e-01,-4.157348061512727844e-01,2.777851165098009778e-01
9.842033414822547177e-02,2.899369549163260951e-01,-4.210462889997055314e-01,8.537974130433848563e-01
2.899369549163260951e-01,-9.842033414822547177e-02,8.537974130433848563e-01,4.210462889997055869e-01
2.302029870794793653e-01,2.018826013793291185e-01,6.226192407878326091e-02,9.499333938808592892e-01
2.018826013793291463e-01,-2.302029870794793376e-01,9.499333938808592892e-01,-6.226192407878321233e-02
3.003029355275546042e-01,5.973396783684671585e-02,5.288871048811535358e-01,7.915354889646020187e-01
5.973396783684666034e-02,-3.003029355275546042e-01,7.915354889646021297e-01,-5.288871048811534248e-01
9.842033414822548565e-02,2.899369549163261506e-01,4.210462889997054758e-01,-8.537974130433849673e-01
2.899369549163260951e-01,-9.842033414822547177e-02,-8.537974130433848563e-01,-4.210462889997054758e-01
2.302029870794793653e-01,2.018826013793291185e-01,-6.226192407878296253e-02,-9.499333938808592892e-01
2.018826013793291463e-01,-2.302029870794793376e-01,-9.499333938808592892e-01,6.226192407878333029e-02
3.003029355275546042e-01,5.973396783684671585e-02,-5.288871048811536468e-01,-7.915354889646020187e-01
5.973396783684666034e-02,-3.003029355275546042e-01,-7.915354889646020187e-01,5.288871048811535358e-01
2.783747427314245959e-01,8.200655477516497482e-01,-2.211443451095007340e-01,4.484363707663441834e-01
8.200655477516497482e-01,-2.783747427314245959e-01,4.484363707663441834e-01,2.211443451095007617e-01
6.511123728531961197e-01,5.710102257556169958e-01,3.270156461507160023e-02,4.989294616193017951e-01
5.710102257556171068e-01,-6.511123728531960086e-01,4.989294616193017951e-01,-3.270156461507157247e-02
8.493849684870414807e-01,1.689531748984536841e-01,2.777851165098009223e-01,4.157348061512727289e-01
1.689531748984535731e-01,-8.493849684870415917e-01,4.157348061512728399e-01,-2.777851165098009223e-01
2.455034468496448963e-01,7.232298327076096545e-01,6.112407702594294667e-01,-2.074882826554935999e-01
7.232298327076096545e-01,-2.455034468496448963e-01,-2.074882826554935722e-01,-6.112407702594294667e-01
5.742271380422400151e-01,5.035836844747371144e-01,4.256058935456869530e-01,-4.853105088969782432e-01
5.035836844747372254e-01,-5.742271380422399041e-01,-4.853105088969782432e-01,-4.256058935456870085e-01
7.490871313243820939e-01,1.490026946653696671e-01,1.259302613624513623e-01,-6.330941762011804697e-01
1.490026946653695283e-01,-7.490871313243820939e-01,-6.330941762011805807e-01,-1.259302613624508349e-01
2.074882826554936277e-01,6.112407702594295777e-01,-7.232298327076096545e-01,2.455034468496448130e-01
6.112407702594295777e-01,-2.074882826554936277e-01,2.455034468496447575e-01,7.232298327076096545e-01
4.853105088969783543e-01,4.256058935456869530e-01,-5.035836844747371144e-01,5.742271380422401261e-01
4.256058935456870085e-01,-4.853105088969782988e-01,5.742271380422395710e-01,5.035836844747376695e-01
6.330941762011805807e-01,1.259302613624512235e-01,-1.490026946653699724e-01,7.490871313243819829e-01
1.259302613624511125e-01,-6.330941762011805807e-01,7.490871313243820939e-01,1.490026946653693340e-01
1.607197326515807934e-01,4.734650647475527885e-01,-7.767145781291029394e-01,-3.830332415362012188e-01
4.734650647475527330e-01,-1.607197326515807656e-01,-3.830332415362012188e-01,7.767145781291028284e-01
3.759199037394885812e-01,3.296729075500343664e-01,-8.641711769176168012e-01,5.664077140030063934e-02
3.296729075500344219e-01,-3.759199037394885257e-01,5.664077140030057689e-02,8.641711769176168012e-01
4.903926402016151598e-01,9.754516100806415180e-02,-7.200738067288027233e-01,4.811379353814154713e-01
9.754516100806406853e-02,-4.903926402016151598e-01,4.811379353814154713e-01,7.200738067288027233e-01
3.060012543773866223e-01,9.014506266676317603e-01,2.746100726207685860e-01,1.354227012550562881e-01
9.014506266676317603e-01,-3.060012543773866223e-01,1.354227012550562881e-01,-2.746100726207685860e-01
7.157301732145369133e-01,6.276785157628778089e-01,3.055306496522033344e-01,-2.002553677439472199e-02
6.276785157628778089e-01,-7.157301732145366913e-01,-2.002553677439470464e-02,-3.055306496522032789e-01
9.336797701402643757e-01,1.857204534530949580e-01,2.545845358463738606e-01,-1.701079483971469075e-01
1.857204534530948192e-01,-9.336797701402643757e-01,-1.701079483971470185e-01,-2.545845358463738051e-01
3.060012543773866223e-01,9.014506266676317603e-01,-2.746100726207684750e-01,-1.354227012550565379e-01
9.014506266676317603e-01,-3.060012543773866223e-01,-1.354227012550565656e-01,2.746100726207684195e-01
7.157301732145369133e-01,6.276785157628778089e-01,-3.055306496522033344e-01,2.002553677439455199e-02
6.276785157628778089e-01,-7.157301732145366913e-01,2.002553677439452770e-02,3.055306496522032789e-01
9.336797701402643757e-01,1.857204534530949580e-01,-2.545845358463738606e-01,1.701079483971468798e-01
1.857204534530948192e-01,-9.336797701402643757e-01,1.701079483971468798e-01,2.545845358463738606e-01
1.607197326515807656e-01,4.734650647475527330e-01,7.767145781291029394e-01,3.830332415362011078e-01
4.734650647475527885e-01,-1.607197326515807934e-01,3.830332415362011633e-01,-7.767145781291029394e-01
3.759199037394885812e-01,3.296729075500343664e-01,8.641711769176168012e-01,-5.664077140030034790e-02
3.296729075500344774e-01,-3.759199037394885812e-01,-5.664077140030030627e-02,-8.641711769176169122e-01
4.903926402016151043e-01,9.754516100806413792e-02,7.200738067288026123e-01,-4.811379353814154713e-01
9.754516100806406853e-02,-4.903926402016151598e-01,-4.811379353814158044e-01,-7.200738067288025013e-01
2.783747427314245959e-01,8.200655477516497482e-01,-1.607197326515807934e-01,-4.734650647475528995e-01
8.200655477516497482e-01,-2.783747427314245959e-01,-4.734650647475528995e-01,1.607197326515807656e-01
6.511123728531961197e-01,5.710102257556169958e-01,-3.759199037394886922e-01,-3.296729075500345885e-01
5.710102257556171068e-01,-6.511123728531960086e-01,-3.296729075500347550e-01,3.759199037394885257e-01
8.493849684870414807e-01,1.689531748984536841e-01,-4.903926402016151598e-01,-9.754516100806433221e-02
1.689531748984535731e-01,-8.493849684870415917e-01,-9.754516100806394363e-02,4.903926402016153263e-01
1.607197326515807656e-01,4.734650647475527330e-01,2.783747427314245959e-01,8.200655477516497482e-01
4.734650647475527330e-01,-1.607197326515807656e-01,8.200655477516497482e-01,-2.783747427314245959e-01
3.759199037394886367e-01,3.296729075500344219e-01,6.511123728531961197e-01,5.710102257556171068e-01
3.296729075500344219e-01,-3.759199037394885257e-01,5.710102257556171068e-01,-6.511123728531960086e-01
4.903926402016151043e-01,9.754516100806413792e-02,8.493849684870415917e-01,1.689531748984537118e-01
9.754516100806406853e-02,-4.903926402016151598e-01,1.689531748984536008e-01,-8.493849684870417027e-01
3.197609187633774219e-01,9.419852908431926020e-01,4.514090041835212841e-02,-9.153669087358959344e-02
9.419852908431926020e-01,-3.197609187633774219e-01,-9.153669087358959344e-02,-4.514090041835213535e-02
7.479137242081332904e-01,6.559027324797889191e-01,-6.675178924798239218e-03,-1.018435498840678244e-01
6.559027324797891412e-01,-7.479137242081332904e-01,-1.018435498840678383e-01,6.675178924798279984e-03
9.756636512431664521e-01,1.940715666350593116e-01,-5.670264946571567516e-02,-8.486151194879135162e-02
1.940715666350591728e-01,-9.756636512431665631e-01,-8.486151194879136550e-02,5.670264946571567516e-02
2.074882826554936277e-01,6.112407702594295777e-01,-3.378035669919081108e-01,6.849978711360180661e-01
6.112407702594295777e-01,-2.074882826554936277e-01,6.849978711360180661e-01,3.378035669919081663e-01
4.853105088969783543e-01,4.256058935456869530e-01,4.995246506401834069e-02,7.621273414380049793e-01
4.256058935456870085e-01,-4.853105088969782988e-01,7.621273414380049793e-01,-4.995246506401829906e-02
6.330941762011805807e-01,1.259302613624512235e-01,4.243237744460966465e-01,6.350454060720001070e-01
1.259302613624511125e-01,-6.330941762011805807e-01,6.350454060720001070e-01,-4.243237744460966465e-01
2.074882826554936277e-01,6.112407702594295777e-01,3.378035669919080553e-01,-6.849978711360180661e-01
6.112407702594295777e-01,-2.074882826554936277e-01,-6.849978711360180661e-01,-3.378035669919081108e-01
4.853105088969783543e-01,4.256058935456869530e-01,-4.995246506401809783e-02,-7.621273414380049793e-01
4.256058935456870085e-01,-4.853105088969782988e-01,-7.621273414380049793e-01,4.995246506401839620e-02
6.330941762011805807e-01,1.259302613624512235e-01,-4.243237744460967575e-01,-6.350454060720001070e-01
1.259302613624511125e-01,-6.330941762011805807e-01,-6.350454060720001070e-01,4.243237744460966465e-01
3.197609187633774219e-01,9.419852908431926020e-01,-4.514090041835214229e-02,9.153669087358959344e-02
9.419852908431926020e-01,-3.197609187633774219e-01,9.153669087358959344e-02,4.514090041835214923e-02
7.479137242081332904e-01,6.559027324797889191e-01,6.675178924798272177e-03,1.018435498840678244e-01
6.559027324797891412e-01,-7.479137242081332904e-01,1.018435498840678383e-01,-6.675178924798266973e-03
9.756636512431664521e-01,1.940715666350593116e-01,5.670264946571566822e-02,8.486151194879135162e-02
1.940715666350591728e-01,-9.756636512431665631e-01,8.486151194879137938e-02,-5.670264946571566128e-02
1.607197326515807656e-01,4.734650647475527330e-01,8.200655477516497482e-01,-2.783747427314245959e-01
4.734650647475527330e-01,-1.607197326515807656e-01,-2.783747427314245404e-01,-8.200655477516497482e-01
3.759199037394885812e-01,3.296729075500343664e-01,5.710102257556171068e-01,-6.511123728531960086e-01
3.296729075500344219e-01,-3.759199037394885257e-01,-6.511123728531960086e-01,-5.710102257556172178e-01
4.903926402016151043e-01,9.754516100806413792e-02,1.689531748984539616e-01,-8.493849684870415917e-01
9.754516100806405465e-02,-4.903926402016151043e-01,-8.493849684870417027e-01,-1.689531748984532400e-01
2.783747427314245959e-01,8.200655477516497482e-01,-4.734650647475528995e-01,1.607197326515807656e-01
8.200655477516497482e-01,-2.783747427314245959e-01,1.607197326515807378e-01,4.734650647475528995e-01
6.511123728531961197e-01,5.710102257556169958e-01,-3.296729075500344219e-01,3.759199037394888032e-01
5.710102257556171068e-01,-6.511123728531960086e-01,3.759199037394885257e-01,3.296729075500348105e-01
8.493849684870414807e-01,1.689531748984536841e-01,-9.754516100806435996e-02,4.903926402016151598e-01
1.689531748984535731e-01,-8.493849684870415917e-01,4.903926402016153263e-01,9.754516100806397139e-02
3.280677804940849984e-02,9.664565163877537890e-02,-8.921893009492286586e-01,-4.399790729171788595e-01
9.664565163877536502e-02,-3.280677804940849290e-02,-4.399790729171788595e-01,8.921893009492285476e-01
7.673432902649313103e-02,6.729420045977638210e-02,-9.926481360653011121e-01,6.506159619481179102e-02
6.729420045977639597e-02,-7.673432902649311715e-02,6.506159619481172163e-02,9.926481360653011121e-01
1.001009785091848958e-01,1.991132261228224440e-02,-8.271277047544173255e-01,5.526690631481221416e-01
1.991132261228222705e-02,-1.001009785091848958e-01,5.526690631481221416e-01,8.271277047544173255e-01
2.455034468496448963e-01,7.232298327076096545e-01,5.789288652705818494e-01,2.854961219056805222e-01
7.232298327076096545e-01,-2.455034468496448963e-01,2.854961219056805222e-01,-5.789288652705817384e-01
5.742271380422400151e-01,5.035836844747371144e-01,6.441151652612627787e-01,-4.221753838303250739e-02
5.035836844747372254e-01,-5.742271380422399041e-01,-4.221753838303247269e-02,-6.441151652612627787e-01
7.490871313243820939e-01,1.490026946653696671e-01,5.367113268875493004e-01,-3.586190433555820345e-01
1.490026946653695283e-01,-7.490871313243820939e-01,-3.586190433555822565e-01,-5.367113268875491894e-01
2.455034468496448963e-01,7.232298327076096545e-01,-5.789288652705817384e-01,-2.854961219056805777e-01
7.232298327076096545e-01,-2.455034468496448963e-01,-2.854961219056806332e-01,5.789288652705817384e-01
5.742271380422400151e-01,5.035836844747371144e-01,-6.441151652612627787e-01,4.221753838303272249e-02
5.035836844747372254e-01,-5.742271380422399041e-01,4.221753838303268086e-02,6.441151652612627787e-01
7.490871313243820939e-01,1.490026946653696671e-01,-5.367113268875493004e-01,3.586190433555819790e-01
1.490026946653695283e-01,-7.490871313243820939e-01,3.586190433555819790e-01,5.367113268875493004e-01
3.280677804940849290e-02,9.664565163877536502e-02,8.921893009492286586e-01,4.399790729171786929e-01
9.664565163877537890e-02,-3.280677804940849984e-02,4.399790729171788040e-01,-8.921893009492286586e-01
7.673432902649314491e-02,6.729420045977639597e-02,9.926481360653012231e-01,-6.506159619481147183e-02
6.729420045977639597e-02,-7.673432902649311715e-02,-6.506159619481140244e-02,-9.926481360653011121e-01
1.001009785091848819e-01,1.991132261228224093e-02,8.271277047544172145e-01,-5.526690631481221416e-01
1.991132261228222358e-02,-1.001009785091848819e-01,-5.526690631481224747e-01,-8.271277047544169925e-01
4.221753838303259759e-02,6.441151652612627787e-01,-4.995246506401809089e-02,-7.621273414380048683e-01
6.441151652612628897e-01,-4.221753838303251433e-02,-7.621273414380049793e-01,4.995246506401839620e-02
3.586190433555822010e-01,5.367113268875491894e-01,-4.243237744460967020e-01,-6.350454060719999960e-01
5.367113268875491894e-01,-3.586190433555823120e-01,-6.350454060720001070e-01,4.243237744460966465e-01
5.789288652705819604e-01,2.854961219056805777e-01,-6.849978711360180661e-01,-3.378035669919081108e-01
2.854961219056805777e-01,-5.789288652705818494e-01,-3.378035669919081108e-01,6.849978711360180661e-01
4.995246506401824355e-02,7.621273414380049793e-01,4.221753838303259759e-02,6.441151652612627787e-01
7.621273414380049793e-01,-4.995246506401813946e-02,6.441151652612627787e-01,-4.221753838303250739e-02
4.243237744460969241e-01,6.350454060719998850e-01,3.586190433555822010e-01,5.367113268875491894e-01
6.350454060719998850e-01,-4.243237744460970906e-01,5.367113268875491894e-01,-3.586190433555823120e-01
6.849978711360181771e-01,3.378035669919079997e-01,5.789288652705818494e-01,2.854961219056805222e-01
3.378035669919081108e-01,-6.849978711360181771e-01,2.854961219056805777e-01,-5.789288652705818494e-01
5.664077140030047280e-02,8.641711769176168012e-01,3.296729075500345330e-01,-3.759199037394886922e-01
8.641711769176168012e-01,-5.664077140030034790e-02,-3.759199037394886922e-01,-3.296729075500345885e-01
4.811379353814156379e-01,7.200738067288023903e-01,9.754516100806430445e-02,-4.903926402016152153e-01
7.200738067288023903e-01,-4.811379353814157489e-01,-4.903926402016153263e-01,-9.754516100806390200e-02
7.767145781291029394e-01,3.830332415362011078e-01,-1.607197326515807934e-01,-4.734650647475528995e-01
3.830332415362011078e-01,-7.767145781291029394e-01,-4.734650647475528995e-01,1.607197326515807656e-01
2.002553677439476709e-02,3.055306496522033344e-01,-6.276785157628775869e-01,7.157301732145369133e-01
3.055306496522033899e-01,-2.002553677439472546e-02,7.157301732145363582e-01,6.276785157628783640e-01
1.701079483971470185e-01,2.545845358463739161e-01,-1.857204534530953466e-01,9.336797701402642646e-01
2.545845358463738051e-01,-1.701079483971470463e-01,9.336797701402643757e-01,1.857204534530945417e-01
2.746100726207686971e-01,1.354227012550563158e-01,3.060012543773865112e-01,9.014506266676317603e-01
1.354227012550563436e-01,-2.746100726207686971e-01,9.014506266676317603e-01,-3.060012543773864557e-01
2.002553677439477056e-02,3.055306496522033899e-01,6.276785157628778089e-01,-7.157301732145368023e-01
3.055306496522033344e-01,-2.002553677439472199e-02,-7.157301732145366913e-01,-6.276785157628778089e-01
1.701079483971469908e-01,2.545845358463738606e-01,1.857204534530952078e-01,-9.336797701402642646e-01
2.545845358463738051e-01,-1.701079483971470463e-01,-9.336797701402643757e-01,-1.857204534530944307e-01
2.746100726207686971e-01,1.354227012550563158e-01,-3.060012543773865668e-01,-9.014506266676317603e-01
1.354227012550563436e-01,-2.746100726207686971e-01,-9.014506266676317603e-01,3.060012543773865668e-01
5.664077140030047280e-02,8.641711769176168012e-01,-3.296729075500344219e-01,3.759199037394888032e-01
8.641711769176168012e-01,-5.664077140030034790e-02,3.759199037394884702e-01,3.296729075500348105e-01
4.811379353814156934e-01,7.200738067288025013e-01,-9.754516100806437384e-02,4.903926402016152153e-01
7.200738067288023903e-01,-4.811379353814157489e-01,4.903926402016153263e-01,9.754516100806397139e-02
7.767145781291029394e-01,3.830332415362011078e-01,1.607197326515807378e-01,4.734650647475528995e-01
3.830332415362011078e-01,-7.767145781291029394e-01,4.734650647475528995e-01,-1.607197326515807101e-01
4.995246506401824355e-02,7.621273414380049793e-01,6.441151652612627787e-01,-4.221753838303250739e-02
7.621273414380049793e-01,-4.995246506401813946e-02,-4.221753838303247269e-02,-6.441151652612627787e-01
4.243237744460969241e-01,6.350454060719998850e-01,5.367113268875493004e-01,-3.586190433555820345e-01
6.350454060719998850e-01,-4.243237744460970906e-01,-3.586190433555823120e-01,-5.367113268875493004e-01
6.849978711360181771e-01,3.378035669919079997e-01,2.854961219056805222e-01,-5.789288652705817384e-01
3.378035669919081108e-01,-6.849978711360181771e-01,-5.789288652705818494e-01,-2.854961219056806332e-01
4.221753838303259759e-02,6.441151652612627787e-01,-7.621273414380048683e-01,4.995246506401838926e-02
6.441151652612628897e-01,-4.221753838303251433e-02,4.995246506401834069e-02,7.621273414380049793e-01
3.586190433555822565e-01,5.367113268875493004e-01,-6.350454060720001070e-01,4.243237744460966465e-01
5.367113268875491894e-01,-3.586190433555823120e-01,4.243237744460966465e-01,6.350454060720001070e-01
5.789288652705819604e-01,2.854961219056805777e-01,-3.378035669919081108e-01,6.849978711360180661e-01
2.854961219056805777e-01,-5.789288652705818494e-01,6.849978711360180661e-01,3.378035669919081663e-01
3.270156461507152390e-02,4.989294616193016285e-01,-6.511123728531960086e-01,-5.710102257556172178e-01
4.989294616193016285e-01,-3.270156461507145451e-02,-5.710102257556174399e-01,6.511123728531956756e-01
2.777851165098010888e-01,4.157348061512725623e-01,-8.493849684870415917e-01,-1.689531748984540171e-01
4.157348061512724513e-01,-2.777851165098010888e-01,-1.689531748984532955e-01,8.493849684870417027e-01
4.484363707663440723e-01,2.211443451095005674e-01,-8.200655477516497482e-01,2.783747427314244849e-01
2.211443451095005952e-01,-4.484363707663440168e-01,2.783747427314244294e-01,8.200655477516497482e-01
6.226192407878314988e-02,9.499333938808594002e-01,2.302029870794793376e-01,2.018826013793290908e-01
9.499333938808594002e-01,-6.226192407878301804e-02,2.018826013793291185e-01,-2.302029870794792821e-01
5.288871048811538689e-01,7.915354889646019076e-01,3.003029355275545487e-01,5.973396783684670197e-02
7.915354889646017966e-01,-5.288871048811539799e-01,5.973396783684665340e-02,-3.003029355275545487e-01
8.537974130433850783e-01,4.210462889997054203e-01,2.899369549163260396e-01,-9.842033414822545789e-02
4.210462889997054758e-01,-8.537974130433849673e-01,-9.842033414822544402e-02,-2.899369549163260396e-01
6.226192407878314988e-02,9.499333938808594002e-01,-2.302029870794791988e-01,-2.018826013793292573e-01
9.499333938808594002e-01,-6.226192407878301804e-02,-2.018826013793292573e-01,2.302029870794791988e-01
5.288871048811538689e-01,7.915354889646019076e-01,-3.003029355275544932e-01,-5.973396783684680605e-02
7.915354889646017966e-01,-5.288871048811539799e-01,-5.973396783684681993e-02,3.003029355275544932e-01
8.537974130433850783e-01,4.210462889997054203e-01,-2.899369549163260396e-01,9.842033414822541626e-02
4.210462889997054758e-01,-8.537974130433849673e-01,9.842033414822540238e-02,2.899369549163260396e-01
3.270156461507153084e-02,4.989294616193016840e-01,6.511123728531961197e-01,5.710102257556171068e-01
4.989294616193016285e-01,-3.270156461507145451e-02,5.710102257556171068e-01,-6.511123728531960086e-01
2.777851165098010333e-01,4.157348061512725068e-01,8.493849684870415917e-01,1.689531748984537118e-01
4.157348061512725068e-01,-2.777851165098011443e-01,1.689531748984536008e-01,-8.493849684870417027e-01
4.484363707663440723e-01,2.211443451095005674e-01,8.200655477516497482e-01,-2.783747427314245959e-01
2.211443451095005952e-01,-4.484363707663440168e-01,-2.783747427314245404e-01,-8.200655477516497482e-01
4.995246506401824355e-02,7.621273414380049793e-01,2.074882826554937110e-01,-6.112407702594294667e-01
7.621273414380049793e-01,-4.995246506401813946e-02,-6.112407702594294667e-01,-2.074882826554937387e-01
4.243237744460969241e-01,6.350454060719998850e-01,-1.259302613624512235e-01,-6.330941762011804697e-01
6.350454060719998850e-01,-4.243237744460970906e-01,-6.330941762011805807e-01,1.259302613624511957e-01
6.849978711360181771e-01,3.378035669919079997e-01,-4.256058935456868975e-01,-4.853105088969783543e-01
3.378035669919081108e-01,-6.849978711360181771e-01,-4.853105088969782432e-01,4.256058935456870640e-01
4.221753838303259759e-02,6.441151652612627787e-01,-2.455034468496450906e-01,7.232298327076094324e-01
6.441151652612628897e-01,-4.221753838303251433e-02,7.232298327076095434e-01,2.455034468496451461e-01
3.586190433555822565e-01,5.367113268875493004e-01,1.490026946653689177e-01,7.490871313243822049e-01
5.367113268875491894e-01,-3.586190433555823120e-01,7.490871313243822049e-01,-1.490026946653688900e-01
5.789288652705818494e-01,2.854961219056805222e-01,5.035836844747367813e-01,5.742271380422402371e-01
2.854961219056805777e-01,-5.789288652705818494e-01,5.742271380422399041e-01,-5.035836844747372254e-01
6.226192407878314988e-02,9.499333938808594002e-01,5.973396783684678524e-02,-3.003029355275545487e-01
9.499333938808594002e-01,-6.226192407878301804e-02,-3.003029355275544932e-01,-5.973396783684680605e-02
5.288871048811538689e-01,7.915354889646019076e-01,-9.842033414822544402e-02,-2.899369549163260396e-01
7.915354889646017966e-01,-5.288871048811539799e-01,-2.899369549163260396e-01,9.842033414822541626e-02
8.537974130433850783e-01,4.210462889997054203e-01,-2.302029870794792821e-01,-2.018826013793291463e-01
4.210462889997054758e-01,-8.537974130433849673e-01,-2.018826013793292573e-01,2.302029870794791988e-01
3.270156461507153084e-02,4.989294616193016840e-01,-2.783747427314248735e-01,8.200655477516497482e-01
4.989294616193016285e-01,-3.270156461507145451e-02,8.200655477516496372e-01,2.783747427314248735e-01
2.777851165098010333e-01,4.157348061512725068e-01,1.689531748984528792e-01,8.493849684870418137e-01
4.157348061512724513e-01,-2.777851165098010888e-01,8.493849684870418137e-01,-1.689531748984528237e-01
4.484363707663440723e-01,2.211443451095005674e-01,5.710102257556165517e-01,6.511123728531964527e-01
2.211443451095005952e-01,-4.484363707663440168e-01,6.511123728531960086e-01,-5.710102257556171068e-01
3.270156461507153084e-02,4.989294616193016840e-01,2.783747427314247624e-01,-8.200655477516497482e-01
4.989294616193016840e-01,-3.270156461507146145e-02,-8.200655477516497482e-01,-2.783747427314248180e-01
2.777851165098010333e-01,4.157348061512725068e-01,-1.689531748984537396e-01,-8.493849684870415917e-01
4.157348061512724513e-01,-2.777851165098010888e-01,-8.493849684870415917e-01,1.689531748984536841e-01
4.484363707663440723e-01,2.211443451095005674e-01,-5.710102257556169958e-01,-6.511123728531961197e-01
2.211443451095005952e-01,-4.484363707663440168e-01,-6.511123728531958976e-01,5.710102257556172178e-01
6.226192407878314988e-02,9.499333938808594002e-01,-5.973396783684681993e-02,3.003029355275544932e-01
9.499333938808594002e-01,-6.226192407878301804e-02,3.003029355275544932e-01,5.973396783684710443e-02
5.288871048811538689e-01,7.915354889646019076e-01,9.842033414822515258e-02,2.899369549163261506e-01
7.915354889646017966e-01,-5.288871048811539799e-01,2.899369549163260396e-01,-9.842033414822538850e-02
8.537974130433850783e-01,4.210462889997054203e-01,2.302029870794791711e-01,2.018826013793292851e-01
4.210462889997054758e-01,-8.537974130433849673e-01,2.018826013793292851e-01,-2.302029870794791711e-01
4.221753838303260453e-02,6.441151652612628897e-01,7.232298327076095434e-01,2.455034468496449795e-01
6.441151652612628897e-01,-4.221753838303251433e-02,2.455034468496450351e-01,-7.232298327076095434e-01
3.586190433555822565e-01,5.367113268875493004e-01,7.490871313243820939e-01,-1.490026946653695561e-01
5.367113268875491894e-01,-3.586190433555823120e-01,-1.490026946653696949e-01,-7.490871313243820939e-01
5.789288652705818494e-01,2.854961219056805222e-01,5.742271380422399041e-01,-5.035836844747371144e-01
2.854961219056805777e-01,-5.789288652705818494e-01,-5.035836844747372254e-01,-5.742271380422401261e-01
4.995246506401824355e-02,7.621273414380049793e-01,-6.112407702594294667e-01,-2.074882826554937387e-01
7.621273414380049793e-01,-4.995246506401813946e-02,-2.074882826554937942e-01,6.112407702594294667e-01
4.243237744460969241e-01,6.350454060719998850e-01,-6.330941762011806917e-01,1.259302613624506129e-01
6.350454060719997740e-01,-4.243237744460970351e-01,1.259302613624505573e-01,6.330941762011806917e-01
6.849978711360181771e-01,3.378035669919079997e-01,-4.853105088969785763e-01,4.256058935456866199e-01
3.378035669919080553e-01,-6.849978711360180661e-01,4.256058935456866199e-01,4.853105088969785763e-01
2.002553677439477056e-02,3.055306496522033899e-01,-9.336797701402642646e-01,-1.857204534530952911e-01
3.055306496522033344e-01,-2.002553677439472199e-02,-1.857204534530961237e-01,9.336797701402640426e-01
1.701079483971470185e-01,2.545845358463739161e-01,-9.014506266676320934e-01,3.060012543773857341e-01
2.545845358463738606e-01,-1.701079483971470740e-01,3.060012543773865112e-01,9.014506266676317603e-01
2.746100726207686415e-01,1.354227012550562881e-01,-6.276785157628781420e-01,7.157301732145363582e-01
1.354227012550563436e-01,-2.746100726207686971e-01,7.157301732145363582e-01,6.276785157628783640e-01
5.664077140030047280e-02,8.641711769176168012e-01,4.734650647475528440e-01,1.607197326515808766e-01
8.641711769176168012e-01,-5.664077140030034790e-02,1.607197326515809044e-01,-4.734650647475528440e-01
4.811379353814156934e-01,7.200738067288025013e-01,4.903926402016152708e-01,-9.754516100806411016e-02
7.200738067288023903e-01,-4.811379353814157489e-01,-9.754516100806419343e-02,-4.903926402016152708e-01
7.767145781291029394e-01,3.830332415362011078e-01,3.759199037394887477e-01,-3.296729075500344774e-01
3.830332415362011078e-01,-7.767145781291029394e-01,-3.296729075500344774e-01,-3.759199037394888032e-01
5.664077140030047280e-02,8.641711769176168012e-01,-4.734650647475528440e-01,-1.607197326515809321e-01
8.641711769176168012e-01,-5.664077140030034790e-02,-1.607197326515809599e-01,4.734650647475528440e-01
4.811379353814156934e-01,7.200738067288025013e-01,-4.903926402016153818e-01,9.754516100806372159e-02
7.200738067288023903e-01,-4.811379353814157489e-01,9.754516100806369383e-02,4.903926402016153818e-01
7.767145781291029394e-01,3.830332415362011078e-01,-3.759199037394889698e-01,3.296729075500342554e-01
3.830332415362011078e-01,-7.767145781291029394e-01,3.296729075500342554e-01,3.759199037394889698e-01
2.002553677439476709e-02,3.055306496522033344e-01,9.336797701402642646e-01,1.857204534530951245e-01
3.055306496522033344e-01,-2.002553677439472199e-02,1.857204534530952078e-01,-9.336797701402642646e-01
1.701079483971470185e-01,2.545845358463739161e-01,9.014506266676317603e-01,-3.060012543773864557e-01
2.545845358463738606e-01,-1.701079483971470740e-01,-3.060012543773865668e-01,-9.014506266676317603e-01
2.746100726207686971e-01,1.354227012550563158e-01,6.276785157628778089e-01,-7.157301732145368023e-01
1.354227012550563158e-01,-2.746100726207686415e-01,-7.157301732145366913e-01,-6.276785157628778089e-01
2.455034468496448963e-01,7.232298327076096545e-01,-4.256058935456868975e-01,-4.853105088969783543e-01
7.232298327076096545e-01,-2.455034468496448963e-01,-4.853105088969781877e-01,4.256058935456870085e-01
5.742271380422400151e-01,5.035836844747371144e-01,-6.112407702594294667e-01,-2.074882826554937387e-01
5.035836844747372254e-01,-5.742271380422399041e-01,-2.074882826554937942e-01,6.112407702594294667e-01
7.490871313243820939e-01,1.490026946653696671e-01,-6.330941762011804697e-01,1.259302613624511680e-01
1.490026946653695283e-01,-7.490871313243820939e-01,1.259302613624511402e-01,6.330941762011804697e-01
2.074882826554936277e-01,6.112407702594295777e-01,5.035836844747372254e-01,5.742271380422400151e-01
6.112407702594295777e-01,-2.074882826554936277e-01,5.742271380422400151e-01,-5.035836844747372254e-01
4.853105088969783543e-01,4.256058935456869530e-01,7.232298327076095434e-01,2.455034468496449795e-01
4.256058935456870085e-01,-4.853105088969782988e-01,2.455034468496450351e-01,-7.232298327076095434e-01
6.330941762011805807e-01,1.259302613624512235e-01,7.490871313243820939e-01,-1.490026946653695561e-01
1.259302613624511125e-01,-6.330941762011805807e-01,-1.490026946653696949e-01,-7.490871313243820939e-01
3.060012543773866223e-01,9.014506266676317603e-01,2.545845358463738606e-01,-1.701079483971469075e-01
9.014506266676317603e-01,-3.060012543773866223e-01,-1.701079483971469075e-01,-2.545845358463738606e-01
7.157301732145369133e-01,6.276785157628778089e-01,1.354227012550563158e-01,-2.746100726207686415e-01
6.276785157628778089e-01,-7.157301732145366913e-01,-2.746100726207685860e-01,-1.354227012550563158e-01
9.336797701402643757e-01,1.857204534530949580e-01,-2.002553677439470464e-02,-3.055306496522032789e-01
1.857204534530948192e-01,-9.336797701402643757e-01,-3.055306496522032789e-01,2.002553677439482260e-02
1.607197326515807656e-01,4.734650647475527330e-01,-6.511123728531958976e-01,5.710102257556172178e-01
4.734650647475527330e-01,-1.607197326515807656e-01,5.710102257556172178e-01,6.511123728531960086e-01
3.759199037394885812e-01,3.296729075500343664e-01,-2.783747427314240963e-01,8.200655477516498593e-01
3.296729075500344774e-01,-3.759199037394885812e-01,8.200655477516497482e-01,2.783747427314249290e-01
4.903926402016151043e-01,9.754516100806413792e-02,1.689531748984536286e-01,8.493849684870415917e-01
9.754516100806405465e-02,-4.903926402016151043e-01,8.493849684870414807e-01,-1.689531748984543225e-01
1.607197326515807656e-01,4.734650647475527330e-01,6.511123728531960086e-01,-5.710102257556169958e-01
4.734650647475527330e-01,-1.607197326515807656e-01,-5.710102257556169958e-01,-6.511123728531961197e-01
3.759199037394886367e-01,3.296729075500344219e-01,2.783747427314247624e-01,-8.200655477516497482e-01
3.296729075500344774e-01,-3.759199037394885812e-01,-8.200655477516497482e-01,-2.783747427314248180e-01
4.903926402016151043e-01,9.754516100806413792e-02,-1.689531748984537396e-01,-8.493849684870415917e-01
9.754516100806405465e-02,-4.903926402016151043e-01,-8.493849684870415917e-01,1.689531748984536841e-01
3.060012543773866223e-01,9.014506266676317603e-01,-2.545845358463738606e-01,1.701079483971468798e-01
9.014506266676317603e-01,-3.060012543773866223e-01,1.701079483971468798e-01,2.545845358463738606e-01
7.157301732145369133e-01,6.276785157628778089e-01,-1.354227012550563436e-01,2.746100726207686415e-01
6.276785157628778089e-01,-7.157301732145366913e-01,2.746100726207684195e-01,1.354227012550565934e-01
9.336797701402643757e-01,1.857204534530949580e-01,2.002553677439452770e-02,3.055306496522032789e-01
1.857204534530948192e-01,-9.336797701402643757e-01,3.055306496522032789e-01,-2.002553677439478444e-02
2.074882826554936277e-01,6.112407702594295777e-01,5.742271380422400151e-01,-5.035836844747372254e-01
6.112407702594294667e-01,-2.074882826554935999e-01,-5.035836844747371144e-01,-5.742271380422400151e-01
4.853105088969783543e-01,4.256058935456869530e-01,2.455034468496450351e-01,-7.232298327076095434e-01
4.256058935456870085e-01,-4.853105088969782988e-01,-7.232298327076095434e-01,-2.455034468496450628e-01
6.330941762011805807e-01,1.259302613624512235e-01,-1.490026946653696949e-01,-7.490871313243820939e-01
1.259302613624511125e-01,-6.330941762011805807e-01,-7.490871313243820939e-01,1.490026946653696394e-01
2.455034468496448963e-01,7.232298327076096545e-01,-4.853105088969781877e-01,4.256058935456870085e-01
7.232298327076096545e-01,-2.455034468496448963e-01,4.256058935456870085e-01,4.853105088969782432e-01
5.742271380422400151e-01,5.035836844747371144e-01,-2.074882826554932391e-01,6.112407702594295777e-01
5.035836844747372254e-01,-5.742271380422399041e-01,6.112407702594294667e-01,2.074882826554938220e-01
7.490871313243820939e-01,1.490026946653696671e-01,1.259302613624511402e-01,6.330941762011804697e-01
1.490026946653695283e-01,-7.490871313243820939e-01,6.330941762011804697e-01,-1.259302613624516676e-01
9.842033414822547177e-02,2.899369549163260951e-01,-5.288871048811536468e-01,-7.915354889646020187e-01
2.899369549163260951e-01,-9.842033414822547177e-02,-7.915354889646020187e-01,5.288871048811535358e-01
2.302029870794793931e-01,2.018826013793291463e-01,-8.537974130433849673e-01,-4.210462889997055314e-01
2.018826013793291740e-01,-2.302029870794793653e-01,-4.210462889997063085e-01,8.537974130433845232e-01
3.003029355275546042e-01,5.973396783684671585e-02,-9.499333938808594002e-01,6.226192407878248375e-02
5.973396783684666034e-02,-3.003029355275546042e-01,6.226192407878326091e-02,9.499333938808592892e-01
2.783747427314245404e-01,8.200655477516496372e-01,3.296729075500344774e-01,3.759199037394886922e-01
8.200655477516497482e-01,-2.783747427314245959e-01,3.759199037394887477e-01,-3.296729075500344774e-01
6.511123728531961197e-01,5.710102257556169958e-01,4.734650647475528440e-01,1.607197326515808766e-01
5.710102257556171068e-01,-6.511123728531960086e-01,1.607197326515809044e-01,-4.734650647475528440e-01
8.493849684870414807e-01,1.689531748984536841e-01,4.903926402016152153e-01,-9.754516100806409629e-02
1.689531748984535731e-01,-8.493849684870415917e-01,-9.754516100806419343e-02,-4.903926402016152708e-01
2.783747427314245959e-01,8.200655477516497482e-01,-3.296729075500344774e-01,-3.759199037394888032e-01
8.200655477516497482e-01,-2.783747427314245959e-01,-3.759199037394886367e-01,3.296729075500345885e-01
6.511123728531961197e-01,5.710102257556169958e-01,-4.734650647475528440e-01,-1.607197326515809321e-01
5.710102257556171068e-01,-6.511123728531960086e-01,-1.607197326515809599e-01,4.734650647475528440e-01
8.493849684870414807e-01,1.689531748984536841e-01,-4.903926402016152153e-01,9.754516100806415180e-02
1.689531748984535731e-01,-8.493849684870415917e-01,9.754516100806413792e-02,4.903926402016152708e-01
9.842033414822547177e-02,2.899369549163260951e-01,5.288871048811538689e-01,7.915354889646017966e-01
2.899369549163260951e-01,-9.842033414822547177e-02,7.915354889646016856e-01,-5.288871048811539799e-01
2.302029870794793653e-01,2.018826013793291185e-01,8.537974130433849673e-01,4.210462889997053648e-01
2.018826013793291740e-01,-2.302029870794793653e-01,4.210462889997054758e-01,-8.537974130433849673e-01
3.003029355275546597e-01,5.973396783684672279e-02,9.499333938808594002e-01,-6.226192407878301804e-02
5.973396783684666034e-02,-3.003029355275546042e-01,-6.226192407878337887e-02,-9.499333938808592892e-01
2.455034468496448963e-01,7.232298327076096545e-01,4.221753838303263229e-02,-6.441151652612627787e-01
7.232298327076096545e-01,-2.455034468496448963e-01,-6.441151652612627787e-01,-4.221753838303295842e-02
5.742271380422400151e-01,5.035836844747371144e-01,-2.854961219056804111e-01,-5.789288652705818494e-01
5.035836844747372254e-01,-5.742271380422399041e-01,-5.789288652705819604e-01,2.854961219056803556e-01
7.490871313243820939e-01,1.490026946653696671e-01,-5.367113268875491894e-01,-3.586190433555822010e-01
1.490026946653695283e-01,-7.490871313243820939e-01,-3.586190433555822010e-01,5.367113268875491894e-01
2.074882826554935999e-01,6.112407702594294667e-01,-4.995246506401870151e-02,7.621273414380048683e-01
6.112407702594294667e-01,-2.074882826554935999e-01,7.621273414380048683e-01,4.995246506401875702e-02
4.853105088969783543e-01,4.256058935456869530e-01,3.378035669919077777e-01,6.849978711360182881e-01
4.256058935456869530e-01,-4.853105088969782432e-01,6.849978711360185102e-01,-3.378035669919071116e-01
6.330941762011805807e-01,1.259302613624512235e-01,6.350454060719994409e-01,4.243237744460975902e-01
1.259302613624511125e-01,-6.330941762011805807e-01,4.243237744460969796e-01,-6.350454060719997740e-01
3.060012543773866223e-01,9.014506266676317603e-01,-2.002553677439470464e-02,-3.055306496522032789e-01
9.014506266676317603e-01,-3.060012543773866223e-01,-3.055306496522032789e-01,2.002553677439482260e-02
7.157301732145369133e-01,6.276785157628778089e-01,-1.701079483971469353e-01,-2.545845358463739161e-01
6.276785157628778089e-01,-7.157301732145366913e-01,-2.545845358463738606e-01,1.701079483971468798e-01
9.336797701402643757e-01,1.857204534530949580e-01,-2.746100726207685860e-01,-1.354227012550563158e-01
1.857204534530948192e-01,-9.336797701402643757e-01,-1.354227012550563158e-01,2.746100726207685860e-01
1.607197326515807656e-01,4.734650647475527330e-01,-5.664077140030100016e-02,8.641711769176168012e-01
4.734650647475527330e-01,-1.607197326515807656e-01,8.641711769176168012e-01,5.664077140030106261e-02
3.759199037394885812e-01,3.296729075500343664e-01,3.830332415362008303e-01,7.767145781291030504e-01
3.296729075500344219e-01,-3.759199037394885257e-01,7.767145781291034945e-01,-3.830332415362001086e-01
4.903926402016151043e-01,9.754516100806413792e-02,7.200738067288019462e-01,4.811379353814164705e-01
9.754516100806406853e-02,-4.903926402016151598e-01,4.811379353814158044e-01,-7.200738067288025013e-01
1.607197326515807656e-01,4.734650647475527330e-01,5.664077140030052138e-02,-8.641711769176168012e-01
4.734650647475527330e-01,-1.607197326515807656e-01,-8.641711769176168012e-01,-5.664077140030095159e-02
3.759199037394886367e-01,3.296729075500344219e-01,-3.830332415362009968e-01,-7.767145781291030504e-01
3.296729075500344774e-01,-3.759199037394885812e-01,-7.767145781291031614e-01,3.830332415362009413e-01
4.903926402016151598e-01,9.754516100806415180e-02,-7.200738067288025013e-01,-4.811379353814157489e-01
9.754516100806406853e-02,-4.903926402016151598e-01,-4.811379353814157489e-01,7.200738067288025013e-01
3.060012543773866223e-01,9.014506266676317603e-01,2.002553677439452770e-02,3.055306496522032789e-01
9.014506266676317603e-01,-3.060012543773866223e-01,3.055306496522032789e-01,-2.002553677439451035e-02
7.157301732145369133e-01,6.276785157628778089e-01,1.701079483971469075e-01,2.545845358463739161e-01
6.276785157628778089e-01,-7.157301732145366913e-01,2.545845358463739161e-01,-1.701079483971468242e-01
9.336797701402643757e-01,1.857204534530949580e-01,2.746100726207684195e-01,1.354227012550565934e-01
1.857204534530948192e-01,-9.336797701402643757e-01,1.354227012550565934e-01,-2.746100726207684195e-01
2.074882826554936277e-01,6.112407702594295777e-01,7.621273414380049793e-01,4.995246506401823661e-02
6.112407702594295777e-01,-2.074882826554936277e-01,4.995246506401828518e-02,-7.621273414380049793e-01
4.853105088969783543e-01,4.256058935456869530e-01,6.849978711360181771e-01,-3.378035669919079442e-01
4.256058935456870085e-01,-4.853105088969782988e-01,-3.378035669919078887e-01,-6.849978711360181771e-01
6.330941762011805807e-01,1.259302613624512235e-01,4.243237744460969241e-01,-6.350454060719999960e-01
1.259302613624511125e-01,-6.330941762011805807e-01,-6.350454060719998850e-01,-4.243237744460969241e-01
2.455034468496448963e-01,7.232298327076096545e-01,-6.441151652612627787e-01,-4.221753838303295842e-02
7.232298327076096545e-01,-2.455034468496448963e-01,-4.221753838303299311e-02,6.441151652612627787e-01
5.742271380422400151e-01,5.035836844747371144e-01,-5.789288652705819604e-01,2.854961219056803556e-01
5.035836844747373364e-01,-5.742271380422400151e-01,2.854961219056798560e-01,5.789288652705821825e-01
7.490871313243820939e-01,1.490026946653696671e-01,-3.586190433555827006e-01,5.367113268875488563e-01
1.490026946653695283e-01,-7.490871313243820939e-01,5.367113268875491894e-01,3.586190433555822565e-01
9.842033414822547177e-02,2.899369549163260951e-01,-9.499333938808594002e-01,6.226192407878248375e-02
2.899369549163260951e-01,-9.842033414822547177e-02,6.226192407878242130e-02,9.499333938808594002e-01
2.302029870794793931e-01,2.018826013793291463e-01,-7.915354889646021297e-01,5.288871048811536468e-01
2.018826013793291463e-01,-2.302029870794793376e-01,5.288871048811535358e-01,7.915354889646020187e-01
3.003029355275546597e-01,5.973396783684672279e-02,-4.210462889997063085e-01,8.537974130433845232e-01
5.973396783684666728e-02,-3.003029355275546597e-01,8.537974130433845232e-01,4.210462889997063640e-01
2.783747427314245959e-01,8.200655477516497482e-01,4.989294616193017951e-01,3.270156461507153084e-02
8.200655477516497482e-01,-2.783747427314245959e-01,3.270156461507156553e-02,-4.989294616193017951e-01
6.511123728531961197e-01,5.710102257556169958e-01,4.484363707663442389e-01,-2.211443451095005952e-01
5.710102257556171068e-01,-6.511123728531960086e-01,-2.211443451095005674e-01,-4.484363707663442389e-01
8.493849684870414807e-01,1.689531748984536841e-01,2.777851165098010888e-01,-4.157348061512726733e-01
1.689531748984535731e-01,-8.493849684870415917e-01,-4.157348061512726733e-01,-2.777851165098011443e-01
2.783747427314245959e-01,8.200655477516497482e-01,-4.989294616193017951e-01,-3.270156461507181533e-02
8.200655477516497482e-01,-2.783747427314245959e-01,-3.270156461507184309e-02,4.989294616193017951e-01
6.511123728531961197e-01,5.710102257556169958e-01,-4.484363707663442944e-01,2.211443451095005397e-01
5.710102257556171068e-01,-6.511123728531960086e-01,2.211443451095001234e-01,4.484363707663444609e-01
8.493849684870414807e-01,1.689531748984536841e-01,-2.777851165098014774e-01,4.157348061512723958e-01
1.689531748984535731e-01,-8.493849684870415917e-01,4.157348061512726733e-01,2.777851165098011998e-01
9.842033414822547177e-02,2.899369549163260951e-01,9.499333938808592892e-01,-6.226192407878301111e-02
2.899369549163260951e-01,-9.842033414822547177e-02,-6.226192407878296253e-02,-9.499333938808592892e-01
2.302029870794793653e-01,2.018826013793291185e-01,7.915354889646020187e-01,-5.288871048811536468e-01
2.018826013793291463e-01,-2.302029870794793376e-01,-5.288871048811536468e-01,-7.915354889646020187e-01
3.003029355275546597e-01,5.973396783684672279e-02,4.210462889997054758e-01,-8.537974130433849673e-01
5.973396783684666728e-02,-3.003029355275546597e-01,-8.537974130433849673e-01,-4.210462889997055314e-01
4.995246506401824355e-02,7.621273414380049793e-01,-2.854961219056804111e-01,-5.789288652705818494e-01
7.621273414380049793e-01,-4.995246506401813946e-02,-5.789288652705819604e-01,2.854961219056803556e-01
4.243237744460969241e-01,6.350454060719998850e-01,-5.367113268875491894e-01,-3.586190433555822010e-01
6.350454060719998850e-01,-4.243237744460970906e-01,-3.586190433555822565e-01,5.367113268875493004e-01
6.849978711360181771e-01,3.378035669919079997e-01,-6.441151652612627787e-01,-4.221753838303295842e-02
3.378035669919080553e-01,-6.849978711360180661e-01,-4.221753838303299311e-02,6.441151652612627787e-01
4.221753838303260453e-02,6.441151652612628897e-01,3.378035669919079997e-01,6.849978711360181771e-01
6.441151652612628897e-01,-4.221753838303251433e-02,6.849978711360181771e-01,-3.378035669919079442e-01
3.586190433555822565e-01,5.367113268875493004e-01,6.350454060719998850e-01,4.243237744460969796e-01
5.367113268875491894e-01,-3.586190433555823120e-01,4.243237744460969241e-01,-6.350454060719999960e-01
5.789288652705818494e-01,2.854961219056805222e-01,7.621273414380048683e-01,4.995246506401822967e-02
2.854961219056805777e-01,-5.789288652705818494e-01,4.995246506401828518e-02,-7.621273414380049793e-01
6.226192407878314988e-02,9.499333938808594002e-01,2.899369549163260396e-01,-9.842033414822538850e-02
9.499333938808594002e-01,-6.226192407878301804e-02,-9.842033414822544402e-02,-2.899369549163260396e-01
5.288871048811538689e-01,7.915354889646019076e-01,2.018826013793291185e-01,-2.302029870794792821e-01
7.915354889646017966e-01,-5.288871048811539799e-01,-2.302029870794793653e-01,-2.018826013793290630e-01
8.537974130433850783e-01,4.210462889997054203e-01,5.973396783684678524e-02,-3.003029355275545487e-01
4.210462889997054758e-01,-8.537974130433849673e-01,-3.003029355275544932e-01,-5.973396783684680605e-02
3.270156461507152390e-02,4.989294616193016285e-01,-7.767145781291027173e-01,3.830332415362016074e-01
4.989294616193016285e-01,-3.270156461507145451e-02,3.830332415362015519e-01,7.767145781291027173e-01
2.777851165098010888e-01,4.157348061512725623e-01,-4.811379353814157489e-01,7.200738067288025013e-01
4.157348061512725068e-01,-2.777851165098011443e-01,7.200738067288025013e-01,4.811379353814158044e-01
4.484363707663440723e-01,2.211443451095005674e-01,-5.664077140030024382e-02,8.641711769176168012e-01
2.211443451095005952e-01,-4.484363707663440168e-01,8.641711769176168012e-01,5.664077140030029239e-02
3.270156461507152390e-02,4.989294616193016285e-01,7.767145781291029394e-01,-3.830332415362009968e-01
4.989294616193016840e-01,-3.270156461507146145e-02,-3.830332415362009968e-01,-7.767145781291030504e-01
2.777851165098010333e-01,4.157348061512725068e-01,4.811379353814156934e-01,-7.200738067288025013e-01
4.157348061512725068e-01,-2.777851165098011443e-01,-7.200738067288025013e-01,-4.811379353814157489e-01
4.484363707663440723e-01,2.211443451095005674e-01,5.664077140030052138e-02,-8.641711769176168012e-01
2.211443451095005952e-01,-4.484363707663440168e-01,-8.641711769176168012e-01,-5.664077140030095159e-02
6.226192407878314988e-02,9.499333938808594002e-01,-2.899369549163260396e-01,9.842033414822541626e-02
9.499333938808594002e-01,-6.226192407878301804e-02,9.842033414822540238e-02,2.899369549163260396e-01
5.288871048811538689e-01,7.915354889646019076e-01,-2.018826013793292573e-01,2.302029870794791988e-01
7.915354889646017966e-01,-5.288871048811539799e-01,2.302029870794791711e-01,2.018826013793292851e-01
8.537974130433850783e-01,4.210462889997054203e-01,-5.973396783684681993e-02,3.003029355275544932e-01
4.210462889997054758e-01,-8.537974130433849673e-01,3.003029355275544932e-01,5.973396783684684075e-02
4.221753838303260453e-02,6.441151652612628897e-01,6.849978711360181771e-01,-3.378035669919079442e-01
6.441151652612628897e-01,-4.221753838303251433e-02,-3.378035669919078887e-01,-6.849978711360181771e-01
3.586190433555822010e-01,5.367113268875491894e-01,4.243237744460968686e-01,-6.350454060719998850e-01
5.367113268875491894e-01,-3.586190433555823120e-01,-6.350454060719998850e-01,-4.243237744460969241e-01
5.789288652705818494e-01,2.854961219056805222e-01,4.995246506401827824e-02,-7.621273414380048683e-01
2.854961219056805777e-01,-5.789288652705818494e-01,-7.621273414380049793e-01,-4.995246506401866682e-02
4.995246506401824355e-02,7.621273414380049793e-01,-5.789288652705816274e-01,2.854961219056809107e-01
7.621273414380049793e-01,-4.995246506401813946e-02,2.854961219056808552e-01,5.789288652705816274e-01
4.243237744460969241e-01,6.350454060719998850e-01,-3.586190433555822010e-01,5.367113268875491894e-01
6.350454060719998850e-01,-4.243237744460970906e-01,5.367113268875493004e-01,3.586190433555823120e-01
6.849978711360181771e-01,3.378035669919079997e-01,-4.221753838303243106e-02,6.441151652612627787e-01
3.378035669919081108e-01,-6.849978711360181771e-01,6.441151652612628897e-01,4.221753838303247269e-02
2.002553677439477056e-02,3.055306496522033899e-01,-3.060012543773861782e-01,-9.014506266676318713e-01
3.055306496522033899e-01,-2.002553677439472546e-02,-9.014506266676317603e-01,3.060012543773865668e-01
1.701079483971470185e-01,2.545845358463739161e-01,-7.157301732145364692e-01,-6.276785157628782530e-01
2.545845358463738606e-01,-1.701079483971470740e-01,-6.276785157628782530e-01,7.157301732145364692e-01
2.746100726207686971e-01,1.354227012550563158e-01,-9.336797701402642646e-01,-1.857204534530952911e-01
1.354227012550563436e-01,-2.746100726207686971e-01,-1.857204534530953466e-01,9.336797701402642646e-01
5.664077140030046587e-02,8.641711769176166902e-01,2.211443451095006230e-01,4.484363707663441834e-01
8.641711769176168012e-01,-5.664077140030034790e-02,4.484363707663442389e-01,-2.211443451095005952e-01
4.811379353814156934e-01,7.200738067288025013e-01,4.157348061512726733e-01,2.777851165098011998e-01
7.200738067288023903e-01,-4.811379353814157489e-01,2.777851165098011443e-01,-4.157348061512727289e-01
7.767145781291029394e-01,3.830332415362011078e-01,4.989294616193017951e-01,3.270156461507153084e-02
3.830332415362011078e-01,-7.767145781291029394e-01,3.270156461507156553e-02,-4.989294616193017951e-01
5.664077140030047280e-02,8.641711769176168012e-01,-2.211443451095005674e-01,-4.484363707663442389e-01
8.641711769176168012e-01,-5.664077140030034790e-02,-4.484363707663442944e-01,2.211443451095005397e-01
4.811379353814156934e-01,7.200738067288025013e-01,-4.157348061512726733e-01,-2.777851165098011443e-01
7.200738067288023903e-01,-4.811379353814157489e-01,-2.777851165098011443e-01,4.157348061512726733e-01
7.767145781291029394e-01,3.830332415362011078e-01,-4.989294616193017951e-01,-3.270156461507181533e-02
3.830332415362011078e-01,-7.767145781291029394e-01,-3.270156461507184309e-02,4.989294616193017951e-01
2.002553677439477056e-02,3.055306496522033899e-01,3.060012543773865668e-01,9.014506266676317603e-01
3.055306496522033899e-01,-2.002553677439472546e-02,9.014506266676317603e-01,-3.060012543773864557e-01
1.701079483971470185e-01,2.545845358463739161e-01,7.157301732145368023e-01,6.276785157628778089e-01
2.545845358463738051e-01,-1.701079483971470463e-01,6.276785157628774758e-01,-7.157301732145370243e-01
2.746100726207686415e-01,1.354227012550562881e-01,9.336797701402642646e-01,1.857204534530949580e-01
1.354227012550563158e-01,-2.746100726207686415e-01,1.857204534530947915e-01,-9.336797701402642646e-01
1.490026946653695838e-01,7.490871313243820939e-01,-1.259302613624512235e-01,-6.330941762011804697e-01
7.490871313243820939e-01,-1.490026946653695561e-01,-6.330941762011804697e-01,1.259302613624511680e-01
5.035836844747371144e-01,5.742271380422400151e-01,-4.256058935456868975e-01,-4.853105088969783543e-01
5.742271380422400151e-01,-5.035836844747371144e-01,-4.853105088969781877e-01,4.256058935456870085e-01
7.232298327076096545e-01,2.455034468496450073e-01,-6.112407702594295777e-01,-2.074882826554937665e-01
2.455034468496450351e-01,-7.232298327076095434e-01,-2.074882826554937942e-01,6.112407702594294667e-01
1.259302613624511680e-01,6.330941762011805807e-01,1.490026946653696116e-01,7.490871313243820939e-01
6.330941762011805807e-01,-1.259302613624511402e-01,7.490871313243820939e-01,-1.490026946653695561e-01
4.256058935456869530e-01,4.853105088969783543e-01,5.035836844747372254e-01,5.742271380422400151e-01
4.853105088969783543e-01,-4.256058935456869530e-01,5.742271380422400151e-01,-5.035836844747372254e-01
6.112407702594295777e-01,2.074882826554937110e-01,7.232298327076095434e-01,2.455034468496449795e-01
2.074882826554937387e-01,-6.112407702594295777e-01,2.455034468496450351e-01,-7.232298327076095434e-01
1.857204534530948747e-01,9.336797701402643757e-01,1.701079483971469630e-01,-2.545845358463738606e-01
9.336797701402643757e-01,-1.857204534530948470e-01,-2.545845358463738051e-01,-1.701079483971469630e-01
6.276785157628776979e-01,7.157301732145368023e-01,2.002553677439478097e-02,-3.055306496522032789e-01
7.157301732145369133e-01,-6.276785157628778089e-01,-3.055306496522033344e-01,-2.002553677439493710e-02
9.014506266676316493e-01,3.060012543773867333e-01,-1.354227012550562326e-01,-2.746100726207685860e-01
3.060012543773867888e-01,-9.014506266676316493e-01,-2.746100726207686415e-01,1.354227012550562048e-01
9.754516100806411016e-02,4.903926402016151598e-01,-4.811379353814157489e-01,7.200738067288025013e-01
4.903926402016151598e-01,-9.754516100806408241e-02,7.200738067288025013e-01,4.811379353814158044e-01
3.296729075500343664e-01,3.759199037394885812e-01,-5.664077140030100016e-02,8.641711769176168012e-01
3.759199037394885812e-01,-3.296729075500343664e-01,8.641711769176168012e-01,5.664077140030106261e-02
4.734650647475527330e-01,1.607197326515808489e-01,3.830332415362008858e-01,7.767145781291031614e-01
1.607197326515808489e-01,-4.734650647475526775e-01,7.767145781291034945e-01,-3.830332415362001086e-01
9.754516100806409629e-02,4.903926402016151043e-01,4.811379353814156934e-01,-7.200738067288025013e-01
4.903926402016151598e-01,-9.754516100806408241e-02,-7.200738067288025013e-01,-4.811379353814157489e-01
3.296729075500343664e-01,3.759199037394885812e-01,5.664077140030052138e-02,-8.641711769176168012e-01
3.759199037394885812e-01,-3.296729075500343664e-01,-8.641711769176168012e-01,-5.664077140030095159e-02
4.734650647475527330e-01,1.607197326515808489e-01,-3.830332415362009968e-01,-7.767145781291030504e-01
1.607197326515808489e-01,-4.734650647475526775e-01,-7.767145781291030504e-01,3.830332415362008858e-01
1.857204534530948747e-01,9.336797701402643757e-01,-1.701079483971469630e-01,2.545845358463738051e-01
9.336797701402643757e-01,-1.857204534530948470e-01,2.545845358463738051e-01,1.701079483971470185e-01
6.276785157628776979e-01,7.157301732145368023e-01,-2.002553677439495097e-02,3.055306496522032789e-01
7.157301732145369133e-01,-6.276785157628778089e-01,3.055306496522033344e-01,2.002553677439497526e-02
9.014506266676316493e-01,3.060012543773867333e-01,1.354227012550561771e-01,2.746100726207686415e-01
3.060012543773867888e-01,-9.014506266676316493e-01,2.746100726207687526e-01,-1.354227012550559273e-01
1.259302613624511680e-01,6.330941762011805807e-01,7.490871313243820939e-01,-1.490026946653695561e-01
6.330941762011805807e-01,-1.259302613624511402e-01,-1.490026946653696949e-01,-7.490871313243820939e-01
4.256058935456869530e-01,4.853105088969783543e-01,5.742271380422400151e-01,-5.035836844747372254e-01
4.853105088969782988e-01,-4.256058935456868975e-01,-5.035836844747371144e-01,-5.742271380422400151e-01
6.112407702594295777e-01,2.074882826554937110e-01,2.455034468496450351e-01,-7.232298327076095434e-01
2.074882826554937387e-01,-6.112407702594295777e-01,-7.232298327076095434e-01,-2.455034468496450628e-01
1.490026946653695838e-01,7.490871313243820939e-01,-6.330941762011804697e-01,1.259302613624511680e-01
7.490871313243820939e-01,-1.490026946653695561e-01,1.259302613624511402e-01,6.330941762011804697e-01
5.035836844747371144e-01,5.742271380422400151e-01,-4.853105088969785763e-01,4.256058935456866199e-01
5.742271380422400151e-01,-5.035836844747371144e-01,4.256058935456870085e-01,4.853105088969782432e-01
7.232298327076095434e-01,2.455034468496449795e-01,-2.074882826554937942e-01,6.112407702594294667e-01
2.455034468496450351e-01,-7.232298327076095434e-01,6.112407702594294667e-01,2.074882826554938220e-01
5.973396783684668809e-02,3.003029355275546042e-01,-7.915354889646013525e-01,-5.288871048811545350e-01
3.003029355275546042e-01,-5.973396783684666728e-02,-5.288871048811545350e-01,7.915354889646013525e-01
2.018826013793291185e-01,2.302029870794793653e-01,-9.499333938808592892e-01,-6.226192407878367030e-02
2.302029870794793653e-01,-2.018826013793291185e-01,-6.226192407878372581e-02,9.499333938808592892e-01
2.899369549163260396e-01,9.842033414822551340e-02,-8.537974130433854114e-01,4.210462889997044211e-01
9.842033414822552728e-02,-2.899369549163260396e-01,4.210462889997043656e-01,8.537974130433854114e-01
1.689531748984536286e-01,8.493849684870414807e-01,4.157348061512726178e-01,2.777851165098011443e-01
8.493849684870414807e-01,-1.689531748984535731e-01,2.777851165098010888e-01,-4.157348061512726733e-01
5.710102257556169958e-01,6.511123728531961197e-01,4.989294616193017951e-01,3.270156461507153084e-02
6.511123728531961197e-01,-5.710102257556169958e-01,3.270156461507156553e-02,-4.989294616193017951e-01
8.200655477516496372e-01,2.783747427314247069e-01,4.484363707663442389e-01,-2.211443451095005952e-01
2.783747427314247624e-01,-8.200655477516496372e-01,-2.211443451095005674e-01,-4.484363707663442389e-01
1.689531748984536286e-01,8.493849684870414807e-01,-4.157348061512726178e-01,-2.777851165098010888e-01
8.493849684870415917e-01,-1.689531748984536008e-01,-2.777851165098011443e-01,4.157348061512726733e-01
5.710102257556169958e-01,6.511123728531961197e-01,-4.989294616193017951e-01,-3.270156461507181533e-02
6.511123728531961197e-01,-5.710102257556169958e-01,-3.270156461507184309e-02,4.989294616193017951e-01
8.200655477516496372e-01,2.783747427314247069e-01,-4.484363707663442944e-01,2.211443451095005397e-01
2.783747427314247624e-01,-8.200655477516496372e-01,2.211443451095005119e-01,4.484363707663442944e-01
5.973396783684668809e-02,3.003029355275546042e-01,7.915354889646017966e-01,5.288871048811539799e-01
3.003029355275546042e-01,-5.973396783684666728e-02,5.288871048811538689e-01,-7.915354889646019076e-01
2.018826013793291185e-01,2.302029870794793653e-01,9.499333938808592892e-01,6.226192407878312907e-02
2.302029870794793653e-01,-2.018826013793291185e-01,6.226192407878319846e-02,-9.499333938808592892e-01
2.899369549163260951e-01,9.842033414822552728e-02,8.537974130433850783e-01,-4.210462889997053093e-01
9.842033414822554116e-02,-2.899369549163260951e-01,-4.210462889997052538e-01,-8.537974130433850783e-01
2.211443451095006230e-01,4.484363707663440723e-01,-3.830332415362009968e-01,-7.767145781291030504e-01
4.484363707663440723e-01,-2.211443451095005119e-01,-7.767145781291030504e-01,3.830332415362008858e-01
4.157348061512725623e-01,2.777851165098011443e-01,-7.200738067288025013e-01,-4.811379353814157489e-01
2.777851165098010888e-01,-4.157348061512726178e-01,-4.811379353814157489e-01,7.200738067288025013e-01
4.989294616193016285e-01,3.270156461507151696e-02,-8.641711769176168012e-01,-5.664077140030095159e-02
3.270156461507155166e-02,-4.989294616193016285e-01,-5.664077140030100016e-02,8.641711769176168012e-01
3.830332415362011078e-01,7.767145781291029394e-01,2.211443451095006785e-01,4.484363707663441834e-01
7.767145781291029394e-01,-3.830332415362009968e-01,4.484363707663442389e-01,-2.211443451095005952e-01
7.200738067288023903e-01,4.811379353814156934e-01,4.157348061512726178e-01,2.777851165098011443e-01
4.811379353814156379e-01,-7.200738067288025013e-01,2.777851165098010888e-01,-4.157348061512726733e-01
8.641711769176168012e-01,5.664077140030045893e-02,4.989294616193017951e-01,3.270156461507153084e-02
5.664077140030052138e-02,-8.641711769176168012e-01,3.270156461507156553e-02,-4.989294616193017951e-01
3.378035669919081108e-01,6.849978711360181771e-01,2.074882826554937387e-01,-6.112407702594295777e-01
6.849978711360181771e-01,-3.378035669919078887e-01,-6.112407702594294667e-01,-2.074882826554937387e-01
6.350454060719998850e-01,4.243237744460970351e-01,-1.259302613624512235e-01,-6.330941762011804697e-01
4.243237744460969241e-01,-6.350454060719999960e-01,-6.330941762011804697e-01,1.259302613624511680e-01
7.621273414380049793e-01,4.995246506401823661e-02,-4.256058935456868975e-01,-4.853105088969783543e-01
4.995246506401828518e-02,-7.621273414380049793e-01,-4.853105088969781877e-01,4.256058935456870085e-01
4.514090041835211453e-02,9.153669087358955181e-02,-3.197609187633776995e-01,9.419852908431924909e-01
9.153669087358956569e-02,-4.514090041835209371e-02,9.419852908431924909e-01,3.197609187633777550e-01
8.486151194879129611e-02,5.670264946571568904e-02,1.940715666350592283e-01,9.756636512431664521e-01
5.670264946571567516e-02,-8.486151194879130999e-02,9.756636512431663411e-01,-1.940715666350600332e-01
1.018435498840677828e-01,6.675178924798254830e-03,6.559027324797891412e-01,7.479137242081331793e-01
6.675178924798262636e-03,-1.018435498840677966e-01,7.479137242081332904e-01,-6.559027324797891412e-01
4.514090041835211453e-02,9.153669087358955181e-02,3.197609187633775885e-01,-9.419852908431924909e-01
9.153669087358956569e-02,-4.514090041835209371e-02,-9.419852908431924909e-01,-3.197609187633776440e-01
8.486151194879129611e-02,5.670264946571568904e-02,-1.940715666350593394e-01,-9.756636512431664521e-01
5.670264946571567516e-02,-8.486151194879130999e-02,-9.756636512431664521e-01,1.940715666350592838e-01
1.018435498840677828e-01,6.675178924798254830e-03,-6.559027324797889191e-01,-7.479137242081334014e-01
6.675178924798262636e-03,-1.018435498840677966e-01,-7.479137242081331793e-01,6.559027324797892522e-01
3.378035669919080553e-01,6.849978711360180661e-01,-2.074882826554937942e-01,6.112407702594294667e-01
6.849978711360181771e-01,-3.378035669919078887e-01,6.112407702594294667e-01,2.074882826554938220e-01
6.350454060719998850e-01,4.243237744460970351e-01,1.259302613624511402e-01,6.330941762011804697e-01
4.243237744460969241e-01,-6.350454060719999960e-01,6.330941762011804697e-01,-1.259302613624516676e-01
7.621273414380049793e-01,4.995246506401823661e-02,4.256058935456870085e-01,4.853105088969782432e-01
4.995246506401828518e-02,-7.621273414380049793e-01,4.853105088969782432e-01,-4.256058935456869530e-01
3.830332415362011078e-01,7.767145781291029394e-01,4.484363707663442389e-01,-2.211443451095005952e-01
7.767145781291029394e-01,-3.830332415362009968e-01,-2.211443451095005674e-01,-4.484363707663442389e-01
7.200738067288023903e-01,4.811379353814156934e-01,2.777851165098010888e-01,-4.157348061512726733e-01
4.811379353814156379e-01,-7.200738067288025013e-01,-4.157348061512726178e-01,-2.777851165098010888e-01
8.641711769176168012e-01,5.664077140030045893e-02,3.270156461507156553e-02,-4.989294616193017951e-01
5.664077140030052138e-02,-8.641711769176168012e-01,-4.989294616193017951e-01,-3.270156461507181533e-02
2.211443451095005952e-01,4.484363707663440168e-01,-7.767145781291030504e-01,3.830332415362008858e-01
4.484363707663441279e-01,-2.211443451095005397e-01,3.830332415362008858e-01,7.767145781291031614e-01
4.157348061512725623e-01,2.777851165098011443e-01,-4.811379353814157489e-01,7.200738067288025013e-01
2.777851165098010888e-01,-4.157348061512726178e-01,7.200738067288025013e-01,4.811379353814158044e-01
4.989294616193016285e-01,3.270156461507151696e-02,-5.664077140030100016e-02,8.641711769176168012e-01
3.270156461507155166e-02,-4.989294616193016285e-01,8.641711769176168012e-01,5.664077140030106261e-02
2.854961219056805777e-01,5.789288652705818494e-01,-7.232298327076095434e-01,-2.455034468496450628e-01
5.789288652705818494e-01,-2.854961219056804111e-01,-2.455034468496450906e-01,7.232298327076094324e-01
5.367113268875493004e-01,3.586190433555823120e-01,-7.490871313243820939e-01,1.490026946653696394e-01
3.586190433555822010e-01,-5.367113268875493004e-01,1.490026946653695838e-01,7.490871313243819829e-01
6.441151652612628897e-01,4.221753838303259759e-02,-5.742271380422399041e-01,5.035836844747373364e-01
4.221753838303263923e-02,-6.441151652612628897e-01,5.035836844747373364e-01,5.742271380422399041e-01
4.399790729171787484e-01,8.921893009492285476e-01,9.664565163877539278e-02,3.280677804940852066e-02
8.921893009492286586e-01,-4.399790729171785819e-01,3.280677804940852760e-02,-9.664565163877539278e-02
8.271277047544169925e-01,5.526690631481224747e-01,1.001009785091849236e-01,-1.991132261228223399e-02
5.526690631481223637e-01,-8.271277047544171035e-01,-1.991132261228225134e-02,-1.001009785091849236e-01
9.926481360653012231e-01,6.506159619481159673e-02,7.673432902649317267e-02,-6.729420045977642373e-02
6.506159619481165224e-02,-9.926481360653011121e-01,-6.729420045977640985e-02,-7.673432902649317267e-02
4.399790729171787484e-01,8.921893009492285476e-01,-9.664565163877539278e-02,-3.280677804940853454e-02
8.921893009492286586e-01,-4.399790729171785819e-01,-3.280677804940853454e-02,9.664565163877539278e-02
8.271277047544169925e-01,5.526690631481224747e-01,-1.001009785091849236e-01,1.991132261228224440e-02
5.526690631481223637e-01,-8.271277047544171035e-01,1.991132261228224093e-02,1.001009785091849236e-01
9.926481360653012231e-01,6.506159619481159673e-02,-7.673432902649315879e-02,6.729420045977645148e-02
6.506159619481165224e-02,-9.926481360653011121e-01,6.729420045977643761e-02,7.673432902649315879e-02
2.854961219056805777e-01,5.789288652705818494e-01,7.232298327076095434e-01,2.455034468496449795e-01
5.789288652705819604e-01,-2.854961219056804667e-01,2.455034468496450351e-01,-7.232298327076095434e-01
5.367113268875493004e-01,3.586190433555823120e-01,7.490871313243820939e-01,-1.490026946653695561e-01
3.586190433555822010e-01,-5.367113268875493004e-01,-1.490026946653696671e-01,-7.490871313243819829e-01
6.441151652612627787e-01,4.221753838303259065e-02,5.742271380422399041e-01,-5.035836844747371144e-01
4.221753838303263229e-02,-6.441151652612627787e-01,-5.035836844747371144e-01,-5.742271380422400151e-01
3.378035669919081108e-01,6.849978711360181771e-01,-2.854961219056804667e-01,-5.789288652705819604e-01
6.849978711360181771e-01,-3.378035669919078887e-01,-5.789288652705819604e-01,2.854961219056803556e-01
6.350454060719998850e-01,4.243237744460970351e-01,-5.367113268875491894e-01,-3.586190433555822010e-01
4.243237744460969241e-01,-6.350454060719999960e-01,-3.586190433555822010e-01,5.367113268875491894e-01
7.621273414380049793e-01,4.995246506401823661e-02,-6.441151652612627787e-01,-4.221753838303295842e-02
4.995246506401828518e-02,-7.621273414380049793e-01,-4.221753838303299311e-02,6.441151652612627787e-01
2.854961219056805777e-01,5.789288652705818494e-01,3.378035669919080553e-01,6.849978711360180661e-01
5.789288652705819604e-01,-2.854961219056804667e-01,6.849978711360181771e-01,-3.378035669919079442e-01
5.367113268875493004e-01,3.586190433555823120e-01,6.350454060719998850e-01,4.243237744460969796e-01
3.586190433555822010e-01,-5.367113268875493004e-01,4.243237744460968686e-01,-6.350454060719998850e-01
6.441151652612627787e-01,4.221753838303259065e-02,7.621273414380048683e-01,4.995246506401822967e-02
4.221753838303263229e-02,-6.441151652612627787e-01,4.995246506401827824e-02,-7.621273414380048683e-01
4.210462889997054758e-01,8.537974130433849673e-01,9.842033414822551340e-02,-2.899369549163259840e-01
8.537974130433850783e-01,-4.210462889997053093e-01,-2.899369549163259840e-01,-9.842033414822552728e-02
7.915354889646019076e-01,5.288871048811539799e-01,-5.973396783684670891e-02,-3.003029355275545487e-01
5.288871048811538689e-01,-7.915354889646020187e-01,-3.003029355275545487e-01,5.973396783684669503e-02
9.499333938808594002e-01,6.226192407878313601e-02,-2.018826013793290908e-01,-2.302029870794793653e-01
6.226192407878320539e-02,-9.499333938808594002e-01,-2.302029870794792543e-01,2.018826013793291463e-01
2.211443451095006230e-01,4.484363707663440723e-01,-2.783747427314248735e-01,8.200655477516497482e-01
4.484363707663440723e-01,-2.211443451095005119e-01,8.200655477516496372e-01,2.783747427314248735e-01
4.157348061512725068e-01,2.777851165098010888e-01,1.689531748984536286e-01,8.493849684870415917e-01
2.777851165098010333e-01,-4.157348061512725623e-01,8.493849684870414807e-01,-1.689531748984543225e-01
4.989294616193016285e-01,3.270156461507151696e-02,5.710102257556172178e-01,6.511123728531960086e-01
3.270156461507155166e-02,-4.989294616193016285e-01,6.511123728531960086e-01,-5.710102257556171068e-01
2.211443451095006230e-01,4.484363707663440723e-01,2.783747427314247624e-01,-8.200655477516497482e-01
4.484363707663441279e-01,-2.211443451095005397e-01,-8.200655477516497482e-01,-2.783747427314248180e-01
4.157348061512725068e-01,2.777851165098010888e-01,-1.689531748984537396e-01,-8.493849684870415917e-01
2.777851165098010333e-01,-4.157348061512725623e-01,-8.493849684870415917e-01,1.689531748984536841e-01
4.989294616193016285e-01,3.270156461507151696e-02,-5.710102257556169958e-01,-6.511123728531961197e-01
3.270156461507155166e-02,-4.989294616193016285e-01,-6.511123728531958976e-01,5.710102257556172178e-01
4.210462889997054758e-01,8.537974130433849673e-01,-9.842033414822554116e-02,2.899369549163259840e-01
8.537974130433850783e-01,-4.210462889997053093e-01,2.899369549163259840e-01,9.842033414822555504e-02
7.915354889646019076e-01,5.288871048811539799e-01,5.973396783684667422e-02,3.003029355275545487e-01
5.288871048811538689e-01,-7.915354889646020187e-01,3.003029355275544932e-01,-5.973396783684692402e-02
9.499333938808594002e-01,6.226192407878313601e-02,2.018826013793291463e-01,2.302029870794792821e-01
6.226192407878320539e-02,-9.499333938808594002e-01,2.302029870794792821e-01,-2.018826013793291185e-01
2.854961219056805777e-01,5.789288652705818494e-01,6.849978711360181771e-01,-3.378035669919079442e-01
5.789288652705819604e-01,-2.854961219056804667e-01,-3.378035669919078887e-01,-6.849978711360181771e-01
5.367113268875491894e-01,3.586190433555822565e-01,4.243237744460968686e-01,-6.350454060719998850e-01
3.586190433555822010e-01,-5.367113268875493004e-01,-6.350454060719997740e-01,-4.243237744460968686e-01
6.441151652612627787e-01,4.221753838303259065e-02,4.995246506401827824e-02,-7.621273414380048683e-01
4.221753838303263229e-02,-6.441151652612627787e-01,-7.621273414380048683e-01,-4.995246506401865988e-02
3.378035669919080553e-01,6.849978711360180661e-01,-5.789288652705819604e-01,2.854961219056803556e-01
6.849978711360181771e-01,-3.378035669919078887e-01,2.854961219056803001e-01,5.789288652705819604e-01
6.350454060719998850e-01,4.243237744460970351e-01,-3.586190433555822010e-01,5.367113268875491894e-01
4.243237744460969241e-01,-6.350454060719999960e-01,5.367113268875491894e-01,3.586190433555822565e-01
7.621273414380049793e-01,4.995246506401823661e-02,-4.221753838303299311e-02,6.441151652612627787e-01
4.995246506401828518e-02,-7.621273414380049793e-01,6.441151652612627787e-01,4.221753838303303474e-02
1.354227012550563436e-01,2.746100726207686971e-01,-9.014506266676316493e-01,-3.060012543773868443e-01
2.746100726207686971e-01,-1.354227012550562881e-01,-3.060012543773868998e-01,9.014506266676316493e-01
2.545845358463738606e-01,1.701079483971470463e-01,-9.336797701402644867e-01,1.857204534530940698e-01
1.701079483971469908e-01,-2.545845358463739161e-01,1.857204534530940143e-01,9.336797701402644867e-01
3.055306496522033899e-01,2.002553677439476362e-02,-7.157301732145372464e-01,6.276785157628773648e-01
2.002553677439478444e-02,-3.055306496522033344e-01,6.276785157628772538e-01,7.157301732145371354e-01
3.830332415362011078e-01,7.767145781291029394e-01,4.734650647475528440e-01,1.607197326515808766e-01
7.767145781291029394e-01,-3.830332415362009968e-01,1.607197326515809044e-01,-4.734650647475528440e-01
7.200738067288023903e-01,4.811379353814156934e-01,4.903926402016152153e-01,-9.754516100806409629e-02
4.811379353814156379e-01,-7.200738067288025013e-01,-9.754516100806417955e-02,-4.903926402016152153e-01
8.641711769176168012e-01,5.664077140030045893e-02,3.759199037394887477e-01,-3.296729075500344774e-01
5.664077140030052138e-02,-8.641711769176168012e-01,-3.296729075500344774e-01,-3.759199037394888032e-01
3.830332415362011078e-01,7.767145781291029394e-01,-4.734650647475528440e-01,-1.607197326515809321e-01
7.767145781291029394e-01,-3.830332415362009968e-01,-1.607197326515809599e-01,4.734650647475528440e-01
7.200738067288023903e-01,4.811379353814156934e-01,-4.903926402016152153e-01,9.754516100806415180e-02
4.811379353814156379e-01,-7.200738067288025013e-01,9.754516100806412404e-02,4.903926402016152153e-01
8.641711769176168012e-01,5.664077140030045893e-02,-3.759199037394886367e-01,3.296729075500345885e-01
5.664077140030052138e-02,-8.641711769176168012e-01,3.296729075500345885e-01,3.759199037394886922e-01
1.354227012550563436e-01,2.746100726207686971e-01,9.014506266676316493e-01,3.060012543773867333e-01
2.746100726207686971e-01,-1.354227012550562881e-01,3.060012543773867888e-01,-9.014506266676316493e-01
2.545845358463738606e-01,1.701079483971470463e-01,9.336797701402642646e-01,-1.857204534530948192e-01
1.701079483971469908e-01,-2.545845358463739161e-01,-1.857204534530949858e-01,-9.336797701402642646e-01
3.055306496522033344e-01,2.002553677439476015e-02,7.157301732145368023e-01,-6.276785157628776979e-01
2.002553677439478444e-02,-3.055306496522033344e-01,-6.276785157628776979e-01,-7.157301732145369133e-01
9.754516100806409629e-02,4.903926402016151043e-01,-1.689531748984537396e-01,-8.493849684870415917e-01
4.903926402016151043e-01,-9.754516100806406853e-02,-8.493849684870415917e-01,1.689531748984536841e-01
3.296729075500343664e-01,3.759199037394885812e-01,-5.710102257556169958e-01,-6.511123728531961197e-01
3.759199037394885812e-01,-3.296729075500343664e-01,-6.511123728531958976e-01,5.710102257556172178e-01
4.734650647475527330e-01,1.607197326515808489e-01,-8.200655477516497482e-01,-2.783747427314248180e-01
1.607197326515808489e-01,-4.734650647475526775e-01,-2.783747427314248180e-01,8.200655477516496372e-01
1.689531748984536286e-01,8.493849684870414807e-01,9.754516100806412404e-02,4.903926402016152153e-01
8.493849684870415917e-01,-1.689531748984536008e-01,4.903926402016152708e-01,-9.754516100806411016e-02
5.710102257556169958e-01,6.511123728531961197e-01,3.296729075500344774e-01,3.759199037394887477e-01
6.511123728531961197e-01,-5.710102257556169958e-01,3.759199037394887477e-01,-3.296729075500344774e-01
8.200655477516496372e-01,2.783747427314247069e-01,4.734650647475528440e-01,1.607197326515808766e-01
2.783747427314247624e-01,-8.200655477516496372e-01,1.607197326515809044e-01,-4.734650647475528440e-01
1.490026946653695838e-01,7.490871313243820939e-01,3.586190433555822010e-01,-5.367113268875493004e-01
7.490871313243820939e-01,-1.490026946653695561e-01,-5.367113268875491894e-01,-3.586190433555822010e-01
5.035836844747371144e-01,5.742271380422400151e-01,4.221753838303263229e-02,-6.441151652612627787e-01
5.742271380422400151e-01,-5.035836844747371144e-01,-6.441151652612627787e-01,-4.221753838303295842e-02
7.232298327076096545e-01,2.455034468496450073e-01,-2.854961219056804667e-01,-5.789288652705819604e-01
2.455034468496450351e-01,-7.232298327076095434e-01,-5.789288652705819604e-01,2.854961219056803556e-01
1.991132261228223052e-02,1.001009785091848819e-01,-5.526690631481223637e-01,8.271277047544169925e-01
1.001009785091848819e-01,-1.991132261228222705e-02,8.271277047544169925e-01,5.526690631481224747e-01
6.729420045977638210e-02,7.673432902649313103e-02,-6.506159619481220735e-02,9.926481360653011121e-01
7.673432902649313103e-02,-6.729420045977638210e-02,9.926481360653011121e-01,6.506159619481227674e-02
9.664565163877536502e-02,3.280677804940850678e-02,4.399790729171784709e-01,8.921893009492287696e-01
3.280677804940851372e-02,-9.664565163877536502e-02,8.921893009492292137e-01,-4.399790729171776382e-01
1.991132261228223052e-02,1.001009785091848819e-01,5.526690631481223637e-01,-8.271277047544171035e-01
1.001009785091848958e-01,-1.991132261228223052e-02,-8.271277047544171035e-01,-5.526690631481224747e-01
6.729420045977638210e-02,7.673432902649313103e-02,6.506159619481165224e-02,-9.926481360653011121e-01
7.673432902649313103e-02,-6.729420045977638210e-02,-9.926481360653011121e-01,-6.506159619481215184e-02
9.664565163877537890e-02,3.280677804940851372e-02,-4.399790729171785819e-01,-8.921893009492287696e-01
3.280677804940852066e-02,-9.664565163877537890e-02,-8.921893009492288806e-01,4.399790729171785264e-01
1.490026946653695838e-01,7.490871313243820939e-01,-3.586190433555822010e-01,5.367113268875491894e-01
7.490871313243820939e-01,-1.490026946653695561e-01,5.367113268875491894e-01,3.586190433555822565e-01
5.035836844747371144e-01,5.742271380422400151e-01,-4.221753838303299311e-02,6.441151652612627787e-01
5.742271380422400151e-01,-5.035836844747371144e-01,6.441151652612627787e-01,4.221753838303303474e-02
7.232298327076095434e-01,2.455034468496449795e-01,2.854961219056803001e-01,5.789288652705819604e-01
2.455034468496450351e-01,-7.232298327076095434e-01,5.789288652705821825e-01,-2.854961219056798005e-01
1.689531748984536286e-01,8.493849684870414807e-01,4.903926402016152153e-01,-9.754516100806409629e-02
8.493849684870415917e-01,-1.689531748984536008e-01,-9.754516100806419343e-02,-4.903926402016152708e-01
5.710102257556169958e-01,6.511123728531961197e-01,3.759199037394887477e-01,-3.296729075500344774e-01
6.511123728531961197e-01,-5.710102257556169958e-01,-3.296729075500344774e-01,-3.759199037394888032e-01
8.200655477516496372e-01,2.783747427314247069e-01,1.607197326515809044e-01,-4.734650647475528440e-01
2.783747427314247624e-01,-8.200655477516496372e-01,-4.734650647475528440e-01,-1.607197326515809321e-01
9.754516100806409629e-02,4.903926402016151043e-01,-8.493849684870415917e-01,1.689531748984536841e-01
4.903926402016151043e-01,-9.754516100806406853e-02,1.689531748984536286e-01,8.493849684870415917e-01
3.296729075500343664e-01,3.759199037394885812e-01,-6.511123728531964527e-01,5.710102257556165517e-01
3.759199037394885812e-01,-3.296729075500343664e-01,5.710102257556172178e-01,6.511123728531960086e-01
4.734650647475527330e-01,1.607197326515808489e-01,-2.783747427314248735e-01,8.200655477516497482e-01
1.607197326515808489e-01,-4.734650647475526775e-01,8.200655477516496372e-01,2.783747427314248735e-01
1.259302613624511680e-01,6.330941762011805807e-01,-6.350454060719998850e-01,-4.243237744460969241e-01
6.330941762011805807e-01,-1.259302613624511402e-01,-4.243237744460969241e-01,6.350454060719998850e-01
4.256058935456869530e-01,4.853105088969783543e-01,-7.621273414380049793e-01,-4.995246506401866682e-02
4.853105088969782988e-01,-4.256058935456868975e-01,-4.995246506401870151e-02,7.621273414380048683e-01
6.112407702594294667e-01,2.074882826554936832e-01,-6.849978711360181771e-01,3.378035669919077777e-01
2.074882826554937110e-01,-6.112407702594294667e-01,3.378035669919077222e-01,6.849978711360181771e-01
1.940715666350592283e-01,9.756636512431664521e-01,8.486151194879133774e-02,5.670264946571570985e-02
9.756636512431665631e-01,-1.940715666350592006e-01,5.670264946571570291e-02,-8.486151194879136550e-02
6.559027324797889191e-01,7.479137242081332904e-01,1.018435498840678244e-01,6.675178924798257432e-03
7.479137242081332904e-01,-6.559027324797889191e-01,6.675178924798264371e-03,-1.018435498840678244e-01
9.419852908431926020e-01,3.197609187633775885e-01,9.153669087358960732e-02,-4.514090041835212147e-02
3.197609187633776440e-01,-9.419852908431926020e-01,-4.514090041835211453e-02,-9.153669087358960732e-02
1.940715666350592283e-01,9.756636512431664521e-01,-8.486151194879133774e-02,-5.670264946571569598e-02
9.756636512431665631e-01,-1.940715666350592006e-01,-5.670264946571570291e-02,8.486151194879135162e-02
6.559027324797889191e-01,7.479137242081332904e-01,-1.018435498840678244e-01,-6.675178924798315545e-03
7.479137242081332904e-01,-6.559027324797889191e-01,-6.675178924798321617e-03,1.018435498840678244e-01
9.419852908431926020e-01,3.197609187633775885e-01,-9.153669087358962120e-02,4.514090041835210759e-02
3.197609187633776440e-01,-9.419852908431926020e-01,4.514090041835210065e-02,9.153669087358962120e-02
1.259302613624511680e-01,6.330941762011805807e-01,6.350454060719998850e-01,4.243237744460969796e-01
6.330941762011805807e-01,-1.259302613624511402e-01,4.243237744460969241e-01,-6.350454060719999960e-01
4.256058935456869530e-01,4.853105088969783543e-01,7.621273414380049793e-01,4.995246506401823661e-02
4.853105088969783543e-01,-4.256058935456869530e-01,4.995246506401828518e-02,-7.621273414380049793e-01
6.112407702594295777e-01,2.074882826554937110e-01,6.849978711360181771e-01,-3.378035669919079442e-01
2.074882826554937387e-01,-6.112407702594295777e-01,-3.378035669919078887e-01,-6.849978711360181771e-01
1.259302613624511680e-01,6.330941762011805807e-01,1.490026946653698892e-01,-7.490871313243820939e-01
6.330941762011805807e-01,-1.259302613624511402e-01,-7.490871313243819829e-01,-1.490026946653699169e-01
4.256058935456869530e-01,4.853105088969783543e-01,-2.455034468496448408e-01,-7.232298327076096545e-01
4.853105088969783543e-01,-4.256058935456869530e-01,-7.232298327076096545e-01,2.455034468496448130e-01
6.112407702594295777e-01,2.074882826554937110e-01,-5.742271380422399041e-01,-5.035836844747373364e-01
2.074882826554937110e-01,-6.112407702594294667e-01,-5.035836844747375585e-01,5.742271380422395710e-01
1.490026946653695838e-01,7.490871313243820939e-01,-1.259302613624514455e-01,6.330941762011804697e-01
7.490871313243820939e-01,-1.490026946653695561e-01,6.330941762011804697e-01,1.259302613624514733e-01
5.035836844747371144e-01,5.742271380422400151e-01,2.074882826554929616e-01,6.112407702594296888e-01
5.742271380422401261e-01,-5.035836844747372254e-01,6.112407702594295777e-01,-2.074882826554934889e-01
7.232298327076096545e-01,2.455034468496450073e-01,4.853105088969780212e-01,4.256058935456873971e-01
2.455034468496450351e-01,-7.232298327076095434e-01,4.256058935456873416e-01,-4.853105088969779657e-01
1.689531748984536286e-01,8.493849684870414807e-01,9.754516100806430445e-02,-4.903926402016152153e-01
8.493849684870415917e-01,-1.689531748984536008e-01,-4.903926402016152153e-01,-9.754516100806434609e-02
5.710102257556169958e-01,6.511123728531961197e-01,-1.607197326515807934e-01,-4.734650647475528995e-01
6.511123728531961197e-01,-5.710102257556169958e-01,-4.734650647475528995e-01,1.607197326515807656e-01
8.200655477516496372e-01,2.783747427314247069e-01,-3.759199037394886922e-01,-3.296729075500345885e-01
2.783747427314247624e-01,-8.200655477516496372e-01,-3.296729075500347550e-01,3.759199037394885257e-01
5.973396783684668809e-02,3.003029355275546042e-01,-6.226192407878372581e-02,9.499333938808592892e-01
3.003029355275546042e-01,-5.973396783684666728e-02,9.499333938808592892e-01,6.226192407878379520e-02
2.018826013793291185e-01,2.302029870794793653e-01,4.210462889997043656e-01,8.537974130433854114e-01
2.302029870794793653e-01,-2.018826013793291185e-01,8.537974130433855224e-01,-4.210462889997043101e-01
2.899369549163260951e-01,9.842033414822552728e-02,7.915354889646013525e-01,5.288871048811547571e-01
9.842033414822552728e-02,-2.899369549163260396e-01,5.288871048811554232e-01,-7.915354889646007974e-01
5.973396783684668809e-02,3.003029355275546042e-01,6.226192407878362173e-02,-9.499333938808592892e-01
3.003029355275546042e-01,-5.973396783684666728e-02,-9.499333938808592892e-01,-6.226192407878367030e-02
2.018826013793291463e-01,2.302029870794793931e-01,-4.210462889997052538e-01,-8.537974130433850783e-01
2.302029870794793931e-01,-2.018826013793291463e-01,-8.537974130433851894e-01,4.210462889997051983e-01
2.899369549163260951e-01,9.842033414822552728e-02,-7.915354889646019076e-01,-5.288871048811539799e-01
9.842033414822552728e-02,-2.899369549163260396e-01,-5.288871048811538689e-01,7.915354889646017966e-01
1.689531748984536286e-01,8.493849684870414807e-01,-9.754516100806435996e-02,4.903926402016151598e-01
8.493849684870415917e-01,-1.689531748984536008e-01,4.903926402016152153e-01,9.754516100806440160e-02
5.710102257556169958e-01,6.511123728531961197e-01,1.607197326515803215e-01,4.734650647475530660e-01
6.511123728531961197e-01,-5.710102257556169958e-01,4.734650647475528995e-01,-1.607197326515807101e-01
8.200655477516496372e-01,2.783747427314247069e-01,3.759199037394884702e-01,3.296729075500348105e-01
2.783747427314247624e-01,-8.200655477516496372e-01,3.296729075500348105e-01,-3.759199037394884702e-01
1.490026946653695838e-01,7.490871313243820939e-01,6.330941762011804697e-01,1.259302613624511957e-01
7.490871313243820939e-01,-1.490026946653695561e-01,1.259302613624513623e-01,-6.330941762011804697e-01
5.035836844747371144e-01,5.742271380422400151e-01,6.112407702594294667e-01,-2.074882826554935999e-01
5.742271380422400151e-01,-5.035836844747371144e-01,-2.074882826554935722e-01,-6.112407702594294667e-01
7.232298327076096545e-01,2.455034468496450073e-01,4.256058935456870085e-01,-4.853105088969782988e-01
2.455034468496450351e-01,-7.232298327076095434e-01,-4.853105088969782432e-01,-4.256058935456870085e-01
1.259302613624511680e-01,6.330941762011805807e-01,-7.490871313243819829e-01,-1.490026946653699169e-01
6.330941762011805807e-01,-1.259302613624511402e-01,-1.490026946653699724e-01,7.490871313243819829e-01
4.256058935456869530e-01,4.853105088969783543e-01,-7.232298327076098765e-01,2.455034468496441746e-01
4.853105088969783543e-01,-4.256058935456869530e-01,2.455034468496447575e-01,7.232298327076096545e-01
6.112407702594294667e-01,2.074882826554936832e-01,-5.035836844747375585e-01,5.742271380422395710e-01
2.074882826554937387e-01,-6.112407702594295777e-01,5.742271380422395710e-01,5.035836844747376695e-01
9.754516100806409629e-02,4.903926402016151043e-01,-8.493849684870414807e-01,-1.689531748984539894e-01
4.903926402016151043e-01,-9.754516100806406853e-02,-1.689531748984540449e-01,8.493849684870414807e-01
3.296729075500344219e-01,3.759199037394886367e-01,-8.200655477516500813e-01,2.783747427314238188e-01
3.759199037394885812e-01,-3.296729075500343664e-01,2.783747427314244294e-01,8.200655477516497482e-01
4.734650647475526775e-01,1.607197326515808211e-01,-5.710102257556174399e-01,6.511123728531956756e-01
1.607197326515808489e-01,-4.734650647475526775e-01,6.511123728531955646e-01,5.710102257556175509e-01
1.857204534530948747e-01,9.336797701402643757e-01,3.055306496522032789e-01,2.002553677439482607e-02
9.336797701402643757e-01,-1.857204534530948470e-01,2.002553677439491628e-02,-3.055306496522032789e-01
6.276785157628778089e-01,7.157301732145369133e-01,2.746100726207686415e-01,-1.354227012550562603e-01
7.157301732145369133e-01,-6.276785157628778089e-01,-1.354227012550562603e-01,-2.746100726207686415e-01
9.014506266676316493e-01,3.060012543773867333e-01,1.701079483971470740e-01,-2.545845358463737496e-01
3.060012543773867888e-01,-9.014506266676316493e-01,-2.545845358463738051e-01,-1.701079483971469630e-01
1.857204534530948747e-01,9.336797701402643757e-01,-3.055306496522032789e-01,-2.002553677439493363e-02
9.336797701402643757e-01,-1.857204534530948470e-01,-2.002553677439495097e-02,3.055306496522032789e-01
6.276785157628778089e-01,7.157301732145369133e-01,-2.746100726207688081e-01,1.354227012550560105e-01
7.157301732145369133e-01,-6.276785157628778089e-01,1.354227012550559828e-01,2.746100726207688081e-01
9.014506266676316493e-01,3.060012543773867333e-01,-1.701079483971472128e-01,2.545845358463736940e-01
3.060012543773867888e-01,-9.014506266676316493e-01,2.545845358463736385e-01,1.701079483971472406e-01
9.754516100806409629e-02,4.903926402016151043e-01,8.493849684870415917e-01,1.689531748984537118e-01
4.903926402016151043e-01,-9.754516100806406853e-02,1.689531748984539616e-01,-8.493849684870415917e-01
3.296729075500343664e-01,3.759199037394885812e-01,8.200655477516497482e-01,-2.783747427314245959e-01
3.759199037394885812e-01,-3.296729075500343664e-01,-2.783747427314245404e-01,-8.200655477516497482e-01
4.734650647475526775e-01,1.607197326515808211e-01,5.710102257556171068e-01,-6.511123728531960086e-01
1.607197326515808489e-01,-4.734650647475526775e-01,-6.511123728531960086e-01,-5.710102257556172178e-01
2.854961219056805777e-01,5.789288652705818494e-01,-5.742271380422399041e-01,-5.035836844747373364e-01
5.789288652705818494e-01,-2.854961219056804111e-01,-5.035836844747375585e-01,5.742271380422395710e-01
5.367113268875493004e-01,3.586190433555823120e-01,-7.490871313243819829e-01,-1.490026946653699169e-01
3.586190433555822565e-01,-5.367113268875494114e-01,-1.490026946653693063e-01,7.490871313243820939e-01
6.441151652612627787e-01,4.221753838303259065e-02,-7.232298327076095434e-01,2.455034468496447853e-01
4.221753838303263923e-02,-6.441151652612628897e-01,2.455034468496447575e-01,7.232298327076096545e-01
3.378035669919081108e-01,6.849978711360181771e-01,4.853105088969783543e-01,4.256058935456869530e-01
6.849978711360181771e-01,-3.378035669919078887e-01,4.256058935456869530e-01,-4.853105088969782432e-01
6.350454060719998850e-01,4.243237744460970351e-01,6.330941762011804697e-01,1.259302613624511957e-01
4.243237744460969241e-01,-6.350454060719999960e-01,1.259302613624510847e-01,-6.330941762011804697e-01
7.621273414380049793e-01,4.995246506401823661e-02,6.112407702594294667e-01,-2.074882826554935999e-01
4.995246506401828518e-02,-7.621273414380049793e-01,-2.074882826554935722e-01,-6.112407702594294667e-01
3.830332415362011078e-01,7.767145781291029394e-01,3.296729075500345330e-01,-3.759199037394886922e-01
7.767145781291029394e-01,-3.830332415362009968e-01,-3.759199037394886922e-01,-3.296729075500345885e-01
7.200738067288023903e-01,4.811379353814156934e-01,9.754516100806430445e-02,-4.903926402016152153e-01
4.811379353814156379e-01,-7.200738067288025013e-01,-4.903926402016152708e-01,-9.754516100806388812e-02
8.641711769176168012e-01,5.664077140030045893e-02,-1.607197326515807934e-01,-4.734650647475528995e-01
5.664077140030052138e-02,-8.641711769176168012e-01,-4.734650647475528995e-01,1.607197326515807656e-01
1.354227012550563436e-01,2.746100726207686971e-01,-7.157301732145372464e-01,6.276785157628773648e-01
2.746100726207686415e-01,-1.354227012550562603e-01,6.276785157628772538e-01,7.157301732145371354e-01
2.545845358463739161e-01,1.701079483971470740e-01,-3.060012543773868998e-01,9.014506266676316493e-01
1.701079483971469908e-01,-2.545845358463739161e-01,9.014506266676315382e-01,3.060012543773868998e-01
3.055306496522033344e-01,2.002553677439476015e-02,1.857204534530940143e-01,9.336797701402644867e-01
2.002553677439478444e-02,-3.055306496522033344e-01,9.336797701402644867e-01,-1.857204534530939588e-01
1.354227012550563158e-01,2.746100726207686415e-01,7.157301732145368023e-01,-6.276785157628776979e-01
2.746100726207686971e-01,-1.354227012550562881e-01,-6.276785157628774758e-01,-7.157301732145371354e-01
2.545845358463739161e-01,1.701079483971470740e-01,3.060012543773867888e-01,-9.014506266676316493e-01
1.701079483971470185e-01,-2.545845358463739716e-01,-9.014506266676316493e-01,-3.060012543773868443e-01
3.055306496522033344e-01,2.002553677439476015e-02,-1.857204534530949858e-01,-9.336797701402642646e-01
2.002553677439478444e-02,-3.055306496522033344e-01,-9.336797701402642646e-01,1.857204534530949303e-01
3.830332415362011078e-01,7.767145781291029394e-01,-3.296729075500344219e-01,3.759199037394888032e-01
7.767145781291029394e-01,-3.830332415362009968e-01,3.759199037394888032e-01,3.296729075500344774e-01
7.200738067288023903e-01,4.811379353814156934e-01,-9.754516100806392975e-02,4.903926402016152708e-01
4.811379353814156379e-01,-7.200738067288025013e-01,4.903926402016152708e-01,9.754516100806395751e-02
8.641711769176168012e-01,5.664077140030045893e-02,1.607197326515807378e-01,4.734650647475528995e-01
5.664077140030052138e-02,-8.641711769176168012e-01,4.734650647475528995e-01,-1.607197326515807101e-01
3.378035669919081108e-01,6.849978711360181771e-01,4.256058935456870085e-01,-4.853105088969782988e-01
6.849978711360181771e-01,-3.378035669919078887e-01,-4.853105088969782432e-01,-4.256058935456870085e-01
6.350454060719998850e-01,4.243237744460970351e-01,1.259302613624513623e-01,-6.330941762011804697e-01
4.243237744460969241e-01,-6.350454060719999960e-01,-6.330941762011805807e-01,-1.259302613624508349e-01
7.621273414380049793e-01,4.995246506401823661e-02,-2.074882826554935722e-01,-6.112407702594294667e-01
4.995246506401828518e-02,-7.621273414380049793e-01,-6.112407702594294667e-01,2.074882826554935167e-01
2.854961219056805777e-01,5.789288652705818494e-01,-5.035836844747371144e-01,5.742271380422401261e-01
5.789288652705818494e-01,-2.854961219056804111e-01,5.742271380422400151e-01,5.035836844747371144e-01
5.367113268875493004e-01,3.586190433555823120e-01,-1.490026946653693063e-01,7.490871313243820939e-01
3.586190433555822565e-01,-5.367113268875494114e-01,7.490871313243820939e-01,1.490026946653693340e-01
6.441151652612628897e-01,4.221753838303259759e-02,2.455034468496447575e-01,7.232298327076096545e-01
4.221753838303263923e-02,-6.441151652612628897e-01,7.232298327076096545e-01,-2.455034468496447297e-01
2.211443451095005952e-01,4.484363707663440168e-01,-6.511123728531960086e-01,-5.710102257556172178e-01
4.484363707663440723e-01,-2.211443451095005119e-01,-5.710102257556174399e-01,6.511123728531956756e-01
4.157348061512725068e-01,2.777851165098010888e-01,-8.493849684870414807e-01,-1.689531748984539894e-01
2.777851165098010333e-01,-4.157348061512725623e-01,-1.689531748984532955e-01,8.493849684870417027e-01
4.989294616193016285e-01,3.270156461507151696e-02,-8.200655477516497482e-01,2.783747427314244849e-01
3.270156461507155166e-02,-4.989294616193016285e-01,2.783747427314244294e-01,8.200655477516497482e-01
4.210462889997054758e-01,8.537974130433849673e-01,2.018826013793291185e-01,2.302029870794793376e-01
8.537974130433850783e-01,-4.210462889997053093e-01,2.302029870794793376e-01,-2.018826013793290908e-01
7.915354889646019076e-01,5.288871048811539799e-01,2.899369549163259840e-01,9.842033414822548565e-02
5.288871048811538689e-01,-7.915354889646020187e-01,9.842033414822537463e-02,-2.899369549163260396e-01
9.499333938808594002e-01,6.226192407878313601e-02,3.003029355275545487e-01,-5.973396783684666034e-02
6.226192407878320539e-02,-9.499333938808594002e-01,-5.973396783684670891e-02,-3.003029355275545487e-01
4.210462889997054758e-01,8.537974130433849673e-01,-2.018826013793289798e-01,-2.302029870794794209e-01
8.537974130433850783e-01,-4.210462889997053093e-01,-2.302029870794794764e-01,2.018826013793289520e-01
7.915354889646019076e-01,5.288871048811539799e-01,-2.899369549163259840e-01,-9.842033414822552728e-02
5.288871048811538689e-01,-7.915354889646020187e-01,-9.842033414822554116e-02,2.899369549163259840e-01
9.499333938808594002e-01,6.226192407878313601e-02,-3.003029355275546042e-01,5.973396783684642442e-02
6.226192407878320539e-02,-9.499333938808594002e-01,5.973396783684640360e-02,3.003029355275546042e-01
2.211443451095006230e-01,4.484363707663440723e-01,6.511123728531961197e-01,5.710102257556171068e-01
4.484363707663440723e-01,-2.211443451095005119e-01,5.710102257556171068e-01,-6.511123728531960086e-01
4.157348061512725068e-01,2.777851165098010888e-01,8.493849684870415917e-01,1.689531748984537118e-01
2.777851165098010333e-01,-4.157348061512725623e-01,1.689531748984535731e-01,-8.493849684870415917e-01
4.989294616193016285e-01,3.270156461507151696e-02,8.200655477516497482e-01,-2.783747427314245959e-01
3.270156461507155166e-02,-4.989294616193016285e-01,-2.783747427314245404e-01,-8.200655477516497482e-01
2.854961219056805777e-01,5.789288652705818494e-01,-4.995246506401809783e-02,-7.621273414380049793e-01
5.789288652705818494e-01,-2.854961219056804111e-01,-7.621273414380048683e-01,4.995246506401838926e-02
5.367113268875491894e-01,3.586190433555822565e-01,-4.243237744460967020e-01,-6.350454060719999960e-01
3.586190433555822010e-01,-5.367113268875493004e-01,-6.350454060719999960e-01,4.243237744460965910e-01
6.441151652612628897e-01,4.221753838303259759e-02,-6.849978711360180661e-01,-3.378035669919081108e-01
4.221753838303263923e-02,-6.441151652612628897e-01,-3.378035669919081108e-01,6.849978711360180661e-01
3.378035669919081108e-01,6.849978711360181771e-01,4.221753838303211187e-02,6.441151652612628897e-01
6.849978711360181771e-01,-3.378035669919078887e-01,6.441151652612627787e-01,-4.221753838303207024e-02
6.350454060719998850e-01,4.243237744460970351e-01,3.586190433555819790e-01,5.367113268875493004e-01
4.243237744460969241e-01,-6.350454060719999960e-01,5.367113268875494114e-01,-3.586190433555819235e-01
7.621273414380049793e-01,4.995246506401823661e-02,5.789288652705815164e-01,2.854961219056811328e-01
4.995246506401828518e-02,-7.621273414380049793e-01,2.854961219056811883e-01,-5.789288652705815164e-01
3.830332415362011078e-01,7.767145781291029394e-01,-3.270156461507144063e-02,-4.989294616193017951e-01
7.767145781291029394e-01,-3.830332415362009968e-01,-4.989294616193017951e-01,3.270156461507163492e-02
7.200738067288023903e-01,4.811379353814156934e-01,-2.777851165098009778e-01,-4.157348061512727289e-01
4.811379353814156379e-01,-7.200738067288025013e-01,-4.157348061512727289e-01,2.777851165098009223e-01
8.641711769176168012e-01,5.664077140030045893e-02,-4.484363707663441834e-01,-2.211443451095007062e-01
5.664077140030052138e-02,-8.641711769176168012e-01,-2.211443451095007340e-01,4.484363707663441834e-01
1.354227012550563158e-01,2.746100726207686415e-01,1.857204534530940143e-01,9.336797701402644867e-01
2.746100726207686415e-01,-1.354227012550562603e-01,9.336797701402644867e-01,-1.857204534530939588e-01
2.545845358463738606e-01,1.701079483971470463e-01,6.276785157628772538e-01,7.157301732145371354e-01
1.701079483971470185e-01,-2.545845358463739716e-01,7.157301732145368023e-01,-6.276785157628778089e-01
3.055306496522033344e-01,2.002553677439476015e-02,9.014506266676315382e-01,3.060012543773868998e-01
2.002553677439478791e-02,-3.055306496522033899e-01,3.060012543773870108e-01,-9.014506266676316493e-01
1.354227012550563158e-01,2.746100726207686415e-01,-1.857204534530945417e-01,-9.336797701402643757e-01
2.746100726207686415e-01,-1.354227012550562603e-01,-9.336797701402644867e-01,1.857204534530940698e-01
2.545845358463739161e-01,1.701079483971470740e-01,-6.276785157628774758e-01,-7.157301732145371354e-01
1.701079483971469908e-01,-2.545845358463739161e-01,-7.157301732145365802e-01,6.276785157628778089e-01
3.055306496522033899e-01,2.002553677439476362e-02,-9.014506266676316493e-01,-3.060012543773868443e-01
2.002553677439478791e-02,-3.055306496522033899e-01,-3.060012543773868998e-01,9.014506266676316493e-01
3.830332415362011078e-01,7.767145781291029394e-01,3.270156461507115614e-02,4.989294616193018506e-01
7.767145781291029394e-01,-3.830332415362009968e-01,4.989294616193018506e-01,-3.270156461507112838e-02
7.200738067288023903e-01,4.811379353814156934e-01,2.777851165098009223e-01,4.157348061512727289e-01
4.811379353814156379e-01,-7.200738067288025013e-01,4.157348061512727844e-01,-2.777851165098008668e-01
8.641711769176168012e-01,5.664077140030045893e-02,4.484363707663439613e-01,2.211443451095011503e-01
5.664077140030052138e-02,-8.641711769176168012e-01,2.211443451095011781e-01,-4.484363707663439613e-01
3.378035669919081108e-01,6.849978711360181771e-01,6.441151652612628897e-01,-4.221753838303251433e-02
6.849978711360181771e-01,-3.378035669919078887e-01,-4.221753838303247269e-02,-6.441151652612627787e-01
6.350454060719998850e-01,4.243237744460970351e-01,5.367113268875493004e-01,-3.586190433555820345e-01
4.243237744460969241e-01,-6.350454060719999960e-01,-3.586190433555822565e-01,-5.367113268875491894e-01
7.621273414380049793e-01,4.995246506401823661e-02,2.854961219056805222e-01,-5.789288652705817384e-01
4.995246506401828518e-02,-7.621273414380049793e-01,-5.789288652705817384e-01,-2.854961219056805777e-01
2.854961219056805222e-01,5.789288652705817384e-01,-7.621273414380049793e-01,4.995246506401770925e-02
5.789288652705818494e-01,-2.854961219056804111e-01,4.995246506401765374e-02,7.621273414380049793e-01
5.367113268875493004e-01,3.586190433555823120e-01,-6.350454060720001070e-01,4.243237744460966465e-01
3.586190433555822010e-01,-5.367113268875493004e-01,4.243237744460965910e-01,6.350454060719999960e-01
6.441151652612628897e-01,4.221753838303259759e-02,-3.378035669919087214e-01,6.849978711360177330e-01
4.221753838303263923e-02,-6.441151652612628897e-01,6.849978711360177330e-01,3.378035669919087769e-01
2.211443451095005952e-01,4.484363707663440168e-01,-8.641711769176169122e-01,5.664077140029986912e-02
4.484363707663440723e-01,-2.211443451095005119e-01,5.664077140029980667e-02,8.641711769176169122e-01
4.157348061512725623e-01,2.777851165098011443e-01,-7.200738067288027233e-01,4.811379353814154713e-01
2.777851165098010888e-01,-4.157348061512726178e-01,4.811379353814154713e-01,7.200738067288027233e-01
4.989294616193016285e-01,3.270156461507151696e-02,-3.830332415362018850e-01,7.767145781291024953e-01
3.270156461507155166e-02,-4.989294616193016285e-01,7.767145781291024953e-01,3.830332415362019405e-01
4.210462889997054758e-01,8.537974130433849673e-01,3.003029355275545487e-01,-5.973396783684659095e-02
8.537974130433850783e-01,-4.210462889997053093e-01,-5.973396783684657707e-02,-3.003029355275545487e-01
7.915354889646019076e-01,5.288871048811539799e-01,2.302029870794794209e-01,-2.018826013793289798e-01
5.288871048811538689e-01,-7.915354889646020187e-01,-2.018826013793290908e-01,-2.302029870794793653e-01
9.499333938808594002e-01,6.226192407878313601e-02,9.842033414822551340e-02,-2.899369549163259840e-01
6.226192407878320539e-02,-9.499333938808594002e-01,-2.899369549163259840e-01,-9.842033414822552728e-02
4.210462889997054758e-01,8.537974130433849673e-01,-3.003029355275546042e-01,5.973396783684642442e-02
8.537974130433850783e-01,-4.210462889997053093e-01,5.973396783684640360e-02,3.003029355275546042e-01
7.915354889646019076e-01,5.288871048811539799e-01,-2.302029870794794764e-01,2.018826013793289520e-01
5.288871048811538689e-01,-7.915354889646020187e-01,2.018826013793289520e-01,2.302029870794794764e-01
9.499333938808594002e-01,6.226192407878313601e-02,-9.842033414822554116e-02,2.899369549163259840e-01
6.226192407878320539e-02,-9.499333938808594002e-01,2.899369549163259840e-01,9.842033414822555504e-02
2.211443451095005952e-01,4.484363707663440168e-01,8.641711769176168012e-01,-5.664077140030034790e-02
4.484363707663440723e-01,-2.211443451095005119e-01,-5.664077140030029933e-02,-8.641711769176168012e-01
4.157348061512725068e-01,2.777851165098010888e-01,7.200738067288026123e-01,-4.811379353814154713e-01
2.777851165098010888e-01,-4.157348061512726178e-01,-4.811379353814158044e-01,-7.200738067288025013e-01
4.989294616193016840e-01,3.270156461507152390e-02,3.830332415362011633e-01,-7.767145781291029394e-01
3.270156461507155859e-02,-4.989294616193016840e-01,-7.767145781291029394e-01,-3.830332415362012188e-01
1.259302613624511680e-01,6.330941762011805807e-01,-4.243237744460967575e-01,-6.350454060720001070e-01
6.330941762011805807e-01,-1.259302613624511402e-01,-6.350454060720001070e-01,4.243237744460966465e-01
4.256058935456869530e-01,4.853105088969783543e-01,-6.849978711360180661e-01,-3.378035669919081108e-01
4.853105088969783543e-01,-4.256058935456869530e-01,-3.378035669919081108e-01,6.849978711360180661e-01
6.112407702594295777e-01,2.074882826554937110e-01,-7.621273414380049793e-01,4.995246506401839620e-02
2.074882826554937110e-01,-6.112407702594294667e-01,4.995246506401833375e-02,7.621273414380048683e-01
1.490026946653695838e-01,7.490871313243820939e-01,3.586190433555822010e-01,5.367113268875491894e-01
7.490871313243820939e-01,-1.490026946653695561e-01,5.367113268875493004e-01,-3.586190433555820345e-01
5.035836844747371144e-01,5.742271380422400151e-01,5.789288652705818494e-01,2.854961219056805222e-01
5.742271380422400151e-01,-5.035836844747371144e-01,2.854961219056805222e-01,-5.789288652705817384e-01
7.232298327076096545e-01,2.455034468496450073e-01,6.441151652612628897e-01,-4.221753838303251433e-02
2.455034468496450351e-01,-7.232298327076095434e-01,-4.221753838303247269e-02,-6.441151652612627787e-01
1.689531748984536286e-01,8.493849684870414807e-01,4.157348061512727289e-01,-2.777851165098009778e-01
8.493849684870415917e-01,-1.689531748984536008e-01,-2.777851165098010333e-01,-4.157348061512727844e-01
5.710102257556169958e-01,6.511123728531961197e-01,2.211443451095006785e-01,-4.484363707663441834e-01
6.511123728531961197e-01,-5.710102257556169958e-01,-4.484363707663441834e-01,-2.211443451095007062e-01
8.200655477516496372e-01,2.783747427314247069e-01,-3.270156461507144063e-02,-4.989294616193017951e-01
2.783747427314247624e-01,-8.200655477516496372e-01,-4.989294616193017951e-01,3.270156461507163492e-02
5.973396783684668809e-02,3.003029355275546042e-01,-8.537974130433850783e-01,4.210462889997051428e-01
3.003029355275546597e-01,-5.973396783684667422e-02,4.210462889997051428e-01,8.537974130433851894e-01
2.018826013793291185e-01,2.302029870794793653e-01,-5.288871048811545350e-01,7.915354889646013525e-01
2.302029870794793653e-01,-2.018826013793291185e-01,7.915354889646017966e-01,5.288871048811539799e-01
2.899369549163260396e-01,9.842033414822551340e-02,-6.226192407878372581e-02,9.499333938808592892e-01
9.842033414822552728e-02,-2.899369549163260396e-01,9.499333938808592892e-01,6.226192407878379520e-02
5.973396783684669503e-02,3.003029355275546597e-01,8.537974130433850783e-01,-4.210462889997053093e-01
3.003029355275546597e-01,-5.973396783684667422e-02,-4.210462889997052538e-01,-8.537974130433850783e-01
2.018826013793291185e-01,2.302029870794793653e-01,5.288871048811542019e-01,-7.915354889646015746e-01
2.302029870794793931e-01,-2.018826013793291463e-01,-7.915354889646019076e-01,-5.288871048811539799e-01
2.899369549163260396e-01,9.842033414822551340e-02,6.226192407878362173e-02,-9.499333938808592892e-01
9.842033414822552728e-02,-2.899369549163260396e-01,-9.499333938808592892e-01,-6.226192407878367030e-02
1.689531748984536286e-01,8.493849684870414807e-01,-4.157348061512725068e-01,2.777851165098013109e-01
8.493849684870415917e-01,-1.689531748984536008e-01,2.777851165098013109e-01,4.157348061512725623e-01
5.710102257556169958e-01,6.511123728531961197e-01,-2.211443451095007340e-01,4.484363707663441834e-01
6.511123728531960086e-01,-5.710102257556168848e-01,4.484363707663442944e-01,2.211443451095003454e-01
8.200655477516496372e-01,2.783747427314247069e-01,3.270156461507160023e-02,4.989294616193017951e-01
2.783747427314247624e-01,-8.200655477516496372e-01,4.989294616193017951e-01,-3.270156461507157247e-02
1.490026946653695838e-01,7.490871313243820939e-01,5.367113268875493004e-01,-3.586190433555820345e-01
7.490871313243820939e-01,-1.490026946653695561e-01,-3.586190433555820345e-01,-5.367113268875493004e-01
5.035836844747371144e-01,5.742271380422400151e-01,2.854961219056805222e-01,-5.789288652705817384e-01
5.742271380422400151e-01,-5.035836844747371144e-01,-5.789288652705817384e-01,-2.854961219056805777e-01
7.232298327076096545e-01,2.455034468496450073e-01,-4.221753838303247963e-02,-6.441151652612628897e-01
2.455034468496450351e-01,-7.232298327076095434e-01,-6.441151652612627787e-01,4.221753838303272249e-02
1.259302613624511680e-01,6.330941762011805807e-01,-6.350454060719997740e-01,4.243237744460972571e-01
6.330941762011805807e-01,-1.259302613624511402e-01,4.243237744460972016e-01,6.350454060719997740e-01
4.256058935456869530e-01,4.853105088969783543e-01,-3.378035669919081108e-01,6.849978711360180661e-01
4.853105088969783543e-01,-4.256058935456869530e-01,6.849978711360183992e-01,3.378035669919075556e-01
6.112407702594295777e-01,2.074882826554937110e-01,4.995246506401834069e-02,7.621273414380049793e-01
2.074882826554937110e-01,-6.112407702594294667e-01,7.621273414380048683e-01,-4.995246506401829212e-02
9.754516100806409629e-02,4.903926402016151043e-01,-4.811379353814154713e-01,-7.200738067288026123e-01
4.903926402016151598e-01,-9.754516100806408241e-02,-7.200738067288027233e-01,4.811379353814154713e-01
3.296729075500344219e-01,3.759199037394886367e-01,-7.767145781291029394e-01,-3.830332415362012188e-01
3.759199037394886367e-01,-3.296729075500344219e-01,-3.830332415362012743e-01,7.767145781291029394e-01
4.734650647475526775e-01,1.607197326515808211e-01,-8.641711769176168012e-01,5.664077140030063934e-02
1.607197326515808489e-01,-4.734650647475526775e-01,5.664077140030057689e-02,8.641711769176168012e-01
1.857204534530948747e-01,9.336797701402643757e-01,1.354227012550562881e-01,2.746100726207685860e-01
9.336797701402643757e-01,-1.857204534530948470e-01,2.746100726207685860e-01,-1.354227012550562326e-01
6.276785157628778089e-01,7.157301732145369133e-01,2.545845358463738606e-01,1.701079483971470463e-01
7.157301732145368023e-01,-6.276785157628776979e-01,1.701079483971469630e-01,-2.545845358463738606e-01
9.014506266676316493e-01,3.060012543773867333e-01,3.055306496522032789e-01,2.002553677439482607e-02
3.060012543773867888e-01,-9.014506266676316493e-01,2.002553677439478097e-02,-3.055306496522032789e-01
1.857204534530948747e-01,9.336797701402643757e-01,-1.354227012550562326e-01,-2.746100726207685860e-01
9.336797701402643757e-01,-1.857204534530948470e-01,-2.746100726207686415e-01,1.354227012550562048e-01
6.276785157628778089e-01,7.157301732145369133e-01,-2.545845358463737496e-01,-1.701079483971472406e-01
7.157301732145369133e-01,-6.276785157628778089e-01,-1.701079483971469908e-01,2.545845358463738606e-01
9.014506266676316493e-01,3.060012543773867333e-01,-3.055306496522032789e-01,-2.002553677439493363e-02
3.060012543773867888e-01,-9.014506266676316493e-01,-2.002553677439495097e-02,3.055306496522032789e-01
9.754516100806411016e-02,4.903926402016151598e-01,4.811379353814157489e-01,7.200738067288025013e-01
4.903926402016151043e-01,-9.754516100806406853e-02,7.200738067288026123e-01,-4.811379353814154713e-01
3.296729075500343664e-01,3.759199037394885812e-01,7.767145781291029394e-01,3.830332415362011078e-01
3.759199037394886367e-01,-3.296729075500344219e-01,3.830332415362011633e-01,-7.767145781291029394e-01
4.734650647475526775e-01,1.607197326515808211e-01,8.641711769176168012e-01,-5.664077140030034790e-02
1.607197326515808489e-01,-4.734650647475526775e-01,-5.664077140030029933e-02,-8.641711769176168012e-01
1.689531748984536286e-01,8.493849684870414807e-01,-9.754516100806417955e-02,-4.903926402016152153e-01
8.493849684870415917e-01,-1.689531748984536008e-01,-4.903926402016152708e-01,9.754516100806416568e-02
5.710102257556169958e-01,6.511123728531961197e-01,-3.296729075500344774e-01,-3.759199037394888032e-01
6.511123728531961197e-01,-5.710102257556169958e-01,-3.759199037394886367e-01,3.296729075500345885e-01
8.200655477516496372e-01,2.783747427314247069e-01,-4.734650647475528440e-01,-1.607197326515809321e-01
2.783747427314247624e-01,-8.200655477516496372e-01,-1.607197326515809599e-01,4.734650647475528440e-01
9.754516100806409629e-02,4.903926402016151043e-01,1.689531748984536286e-01,8.493849684870415917e-01
4.903926402016151043e-01,-9.754516100806406853e-02,8.493849684870415917e-01,-1.689531748984536008e-01
3.296729075500343664e-01,3.759199037394885812e-01,5.710102257556169958e-01,6.511123728531960086e-01
3.759199037394886367e-01,-3.296729075500344219e-01,6.511123728531961197e-01,-5.710102257556171068e-01
4.734650647475527330e-01,1.607197326515808489e-01,8.200655477516497482e-01,2.783747427314247624e-01
1.607197326515808766e-01,-4.734650647475527330e-01,2.783747427314247624e-01,-8.200655477516497482e-01
1.940715666350592283e-01,9.756636512431664521e-01,5.670264946571569598e-02,-8.486151194879135162e-02
9.756636512431665631e-01,-1.940715666350592006e-01,-8.486151194879135162e-02,-5.670264946571570291e-02
6.559027324797889191e-01,7.479137242081332904e-01,6.675178924798264371e-03,-1.018435498840678244e-01
7.479137242081332904e-01,-6.559027324797889191e-01,-1.018435498840678244e-01,-6.675178924798315545e-03
9.419852908431926020e-01,3.197609187633775885e-01,-4.514090041835211453e-02,-9.153669087358960732e-02
3.197609187633776440e-01,-9.419852908431926020e-01,-9.153669087358962120e-02,4.514090041835210759e-02
1.259302613624511680e-01,6.330941762011805807e-01,-4.243237744460969241e-01,6.350454060719998850e-01
6.330941762011805807e-01,-1.259302613624511402e-01,6.350454060719998850e-01,4.243237744460969796e-01
4.256058935456868975e-01,4.853105088969782988e-01,-4.995246506401870151e-02,7.621273414380048683e-01
4.853105088969782988e-01,-4.256058935456868975e-01,7.621273414380048683e-01,4.995246506401875702e-02
6.112407702594295777e-01,2.074882826554937110e-01,3.378035669919077777e-01,6.849978711360182881e-01
2.074882826554937110e-01,-6.112407702594294667e-01,6.849978711360185102e-01,-3.378035669919071116e-01
1.259302613624511680e-01,6.330941762011805807e-01,4.243237744460969241e-01,-6.350454060719999960e-01
6.330941762011805807e-01,-1.259302613624511402e-01,-6.350454060719998850e-01,-4.243237744460969241e-01
4.256058935456869530e-01,4.853105088969783543e-01,4.995246506401828518e-02,-7.621273414380049793e-01
4.853105088969783543e-01,-4.256058935456869530e-01,-7.621273414380049793e-01,-4.995246506401866682e-02
6.112407702594295777e-01,2.074882826554937110e-01,-3.378035669919078887e-01,-6.849978711360181771e-01
2.074882826554937110e-01,-6.112407702594294667e-01,-6.849978711360181771e-01,3.378035669919077777e-01
1.940715666350592283e-01,9.756636512431664521e-01,-5.670264946571569598e-02,8.486151194879133774e-02
9.756636512431665631e-01,-1.940715666350592006e-01,8.486151194879135162e-02,5.670264946571571679e-02
6.559027324797889191e-01,7.479137242081332904e-01,-6.675178924798321617e-03,1.018435498840678244e-01
7.479137242081332904e-01,-6.559027324797889191e-01,1.018435498840678244e-01,6.675178924798328556e-03
9.419852908431926020e-01,3.197609187633775885e-01,4.514090041835210065e-02,9.153669087358962120e-02
3.197609187633776440e-01,-9.419852908431926020e-01,9.153669087358967671e-02,-4.514090041835201739e-02
9.754516100806409629e-02,4.903926402016151043e-01,8.493849684870415917e-01,-1.689531748984536008e-01
4.903926402016151043e-01,-9.754516100806406853e-02,-1.689531748984537396e-01,-8.493849684870415917e-01
3.296729075500344219e-01,3.759199037394886367e-01,6.511123728531961197e-01,-5.710102257556171068e-01
3.759199037394885812e-01,-3.296729075500343664e-01,-5.710102257556169958e-01,-6.511123728531961197e-01
4.734650647475527330e-01,1.607197326515808489e-01,2.783747427314247624e-01,-8.200655477516497482e-01
1.607197326515808766e-01,-4.734650647475527330e-01,-8.200655477516497482e-01,-2.783747427314248180e-01
1.689531748984536286e-01,8.493849684870414807e-01,-4.903926402016152153e-01,9.754516100806415180e-02
8.493849684870415917e-01,-1.689531748984536008e-01,9.754516100806413792e-02,4.903926402016152708e-01
5.710102257556169958e-01,6.511123728531961197e-01,-3.759199037394889698e-01,3.296729075500342554e-01
6.511123728531961197e-01,-5.710102257556169958e-01,3.296729075500345885e-01,3.759199037394886922e-01
8.200655477516496372e-01,2.783747427314247069e-01,-1.607197326515809599e-01,4.734650647475528440e-01
2.783747427314247624e-01,-8.200655477516496372e-01,4.734650647475528440e-01,1.607197326515809876e-01
1.991132261228223399e-02,1.001009785091848958e-01,-8.271277047544171035e-01,-5.526690631481224747e-01
1.001009785091848819e-01,-1.991132261228222705e-02,-5.526690631481223637e-01,8.271277047544169925e-01
6.729420045977638210e-02,7.673432902649313103e-02,-9.926481360653011121e-01,-6.506159619481215184e-02
7.673432902649313103e-02,-6.729420045977638210e-02,-6.506159619481220735e-02,9.926481360653011121e-01
9.664565163877537890e-02,3.280677804940851372e-02,-8.921893009492288806e-01,4.399790729171785264e-01
3.280677804940851372e-02,-9.664565163877536502e-02,4.399790729171784709e-01,8.921893009492287696e-01
1.490026946653695838e-01,7.490871313243820939e-01,5.367113268875491894e-01,3.586190433555822565e-01
7.490871313243820939e-01,-1.490026946653695561e-01,3.586190433555822010e-01,-5.367113268875493004e-01
5.035836844747371144e-01,5.742271380422400151e-01,6.441151652612627787e-01,4.221753838303259065e-02
5.742271380422400151e-01,-5.035836844747371144e-01,4.221753838303263229e-02,-6.441151652612627787e-01
7.232298327076096545e-01,2.455034468496450073e-01,5.789288652705819604e-01,-2.854961219056804667e-01
2.455034468496450351e-01,-7.232298327076095434e-01,-2.854961219056804111e-01,-5.789288652705818494e-01
1.490026946653695838e-01,7.490871313243820939e-01,-5.367113268875491894e-01,-3.586190433555822010e-01
7.490871313243820939e-01,-1.490026946653695561e-01,-3.586190433555822010e-01,5.367113268875491894e-01
5.035836844747371144e-01,5.742271380422400151e-01,-6.441151652612627787e-01,-4.221753838303295842e-02
5.742271380422400151e-01,-5.035836844747371144e-01,-4.221753838303299311e-02,6.441151652612627787e-01
7.232298327076095434e-01,2.455034468496449795e-01,-5.789288652705819604e-01,2.854961219056803556e-01
2.455034468496450351e-01,-7.232298327076095434e-01,2.854961219056803001e-01,5.789288652705819604e-01
1.991132261228223052e-02,1.001009785091848819e-01,8.271277047544169925e-01,5.526690631481224747e-01
1.001009785091848819e-01,-1.991132261228222705e-02,5.526690631481223637e-01,-8.271277047544171035e-01
6.729420045977639597e-02,7.673432902649314491e-02,9.926481360653012231e-01,6.506159619481159673e-02
7.673432902649313103e-02,-6.729420045977638210e-02,6.506159619481165224e-02,-9.926481360653011121e-01
9.664565163877537890e-02,3.280677804940851372e-02,8.921893009492287696e-01,-4.399790729171786374e-01
3.280677804940852066e-02,-9.664565163877537890e-02,-4.399790729171785819e-01,-8.921893009492287696e-01
2.854961219056805777e-01,5.789288652705818494e-01,-3.378035669919078887e-01,-6.849978711360181771e-01
5.789288652705818494e-01,-2.854961219056804111e-01,-6.849978711360181771e-01,3.378035669919077777e-01
5.367113268875493004e-01,3.586190433555823120e-01,-6.350454060719998850e-01,-4.243237744460969241e-01
3.586190433555822010e-01,-5.367113268875493004e-01,-4.243237744460968686e-01,6.350454060719997740e-01
6.441151652612627787e-01,4.221753838303259065e-02,-7.621273414380048683e-01,-4.995246506401865988e-02
4.221753838303263229e-02,-6.441151652612627787e-01,-4.995246506401870151e-02,7.621273414380048683e-01
3.378035669919081108e-01,6.849978711360181771e-01,2.854961219056805777e-01,5.789288652705818494e-01
6.849978711360181771e-01,-3.378035669919078887e-01,5.789288652705818494e-01,-2.854961219056804111e-01
6.350454060719998850e-01,4.243237744460970351e-01,5.367113268875491894e-01,3.586190433555822565e-01
4.243237744460969241e-01,-6.350454060719999960e-01,3.586190433555822010e-01,-5.367113268875493004e-01
7.621273414380049793e-01,4.995246506401823661e-02,6.441151652612627787e-01,4.221753838303259065e-02
4.995246506401828518e-02,-7.621273414380049793e-01,4.221753838303263229e-02,-6.441151652612627787e-01
3.830332415362011078e-01,7.767145781291029394e-01,1.607197326515809044e-01,-4.734650647475528440e-01
7.767145781291029394e-01,-3.830332415362009968e-01,-4.734650647475528440e-01,-1.607197326515809321e-01
7.200738067288023903e-01,4.811379353814156934e-01,-9.754516100806417955e-02,-4.903926402016152153e-01
4.811379353814156379e-01,-7.200738067288025013e-01,-4.903926402016152153e-01,9.754516100806415180e-02
8.641711769176168012e-01,5.664077140030045893e-02,-3.296729075500344774e-01,-3.759199037394888032e-01
5.664077140030052138e-02,-8.641711769176168012e-01,-3.759199037394886367e-01,3.296729075500345885e-01
1.354227012550563436e-01,2.746100726207686971e-01,-3.060012543773868998e-01,9.014506266676316493e-01
2.746100726207686971e-01,-1.354227012550562881e-01,9.014506266676316493e-01,3.060012543773869553e-01
2.545845358463738606e-01,1.701079483971470463e-01,1.857204534530948747e-01,9.336797701402642646e-01
1.701079483971469908e-01,-2.545845358463739161e-01,9.336797701402641536e-01,-1.857204534530956241e-01
3.055306496522033344e-01,2.002553677439476015e-02,6.276785157628778089e-01,7.157301732145366913e-01
2.002553677439478791e-02,-3.055306496522033899e-01,7.157301732145368023e-01,-6.276785157628778089e-01
1.354227012550563436e-01,2.746100726207686971e-01,3.060012543773867888e-01,-9.014506266676316493e-01
2.746100726207686971e-01,-1.354227012550562881e-01,-9.014506266676316493e-01,-3.060012543773868443e-01
2.545845358463738606e-01,1.701079483971470463e-01,-1.857204534530949858e-01,-9.336797701402642646e-01
1.701079483971469908e-01,-2.545845358463739161e-01,-9.336797701402642646e-01,1.857204534530949303e-01
3.055306496522033344e-01,2.002553677439476015e-02,-6.276785157628776979e-01,-7.157301732145369133e-01
2.002553677439478444e-02,-3.055306496522033344e-01,-7.157301732145365802e-01,6.276785157628778089e-01
3.830332415362011078e-01,7.767145781291029394e-01,-1.607197326515809599e-01,4.734650647475528440e-01
7.767145781291029394e-01,-3.830332415362009968e-01,4.734650647475528440e-01,1.607197326515809876e-01
7.200738067288023903e-01,4.811379353814156934e-01,9.754516100806412404e-02,4.903926402016152153e-01
4.811379353814156379e-01,-7.200738067288025013e-01,4.903926402016151598e-01,-9.754516100806452650e-02
8.641711769176168012e-01,5.664077140030045893e-02,3.296729075500345885e-01,3.759199037394886922e-01
5.664077140030052138e-02,-8.641711769176168012e-01,3.759199037394886922e-01,-3.296729075500345330e-01
3.378035669919081108e-01,6.849978711360181771e-01,5.789288652705819604e-01,-2.854961219056804667e-01
6.849978711360181771e-01,-3.378035669919078887e-01,-2.854961219056804111e-01,-5.789288652705818494e-01
6.350454060719998850e-01,4.243237744460970351e-01,3.586190433555822010e-01,-5.367113268875493004e-01
4.243237744460969241e-01,-6.350454060719999960e-01,-5.367113268875491894e-01,-3.586190433555822010e-01
7.621273414380049793e-01,4.995246506401823661e-02,4.221753838303263229e-02,-6.441151652612627787e-01
4.995246506401828518e-02,-7.621273414380049793e-01,-6.441151652612627787e-01,-4.221753838303295842e-02
2.854961219056805777e-01,5.789288652705818494e-01,-6.849978711360182881e-01,3.378035669919078332e-01
5.789288652705818494e-01,-2.854961219056804111e-01,3.378035669919077222e-01,6.849978711360181771e-01
5.367113268875493004e-01,3.586190433555823120e-01,-4.243237744460969241e-01,6.350454060719998850e-01
3.586190433555822010e-01,-5.367113268875493004e-01,6.350454060719997740e-01,4.243237744460969241e-01
6.441151652612627787e-01,4.221753838303259065e-02,-4.995246506401870151e-02,7.621273414380048683e-01
4.221753838303263229e-02,-6.441151652612627787e-01,7.621273414380048683e-01,4.995246506401875702e-02
2.211443451095006230e-01,4.484363707663440723e-01,-8.200655477516497482e-01,-2.783747427314248180e-01
4.484363707663441279e-01,-2.211443451095005397e-01,-2.783747427314248735e-01,8.200655477516497482e-01
4.157348061512725068e-01,2.777851165098010888e-01,-8.493849684870415917e-01,1.689531748984536841e-01
2.777851165098010333e-01,-4.157348061512725623e-01,1.689531748984536286e-01,8.493849684870415917e-01
4.989294616193016285e-01,3.270156461507151696e-02,-6.511123728531958976e-01,5.710102257556172178e-01
3.270156461507155166e-02,-4.989294616193016285e-01,5.710102257556172178e-01,6.511123728531960086e-01
4.210462889997054758e-01,8.537974130433849673e-01,2.899369549163259840e-01,9.842033414822548565e-02
8.537974130433850783e-01,-4.210462889997053093e-01,9.842033414822551340e-02,-2.899369549163259840e-01
7.915354889646019076e-01,5.288871048811539799e-01,3.003029355275545487e-01,-5.973396783684666034e-02
5.288871048811538689e-01,-7.915354889646020187e-01,-5.973396783684670891e-02,-3.003029355275545487e-01
9.499333938808594002e-01,6.226192407878313601e-02,2.302029870794793376e-01,-2.018826013793290908e-01
6.226192407878320539e-02,-9.499333938808594002e-01,-2.018826013793290908e-01,-2.302029870794793653e-01
4.210462889997054758e-01,8.537974130433849673e-01,-2.899369549163259840e-01,-9.842033414822552728e-02
8.537974130433850783e-01,-4.210462889997053093e-01,-9.842033414822554116e-02,2.899369549163259840e-01
7.915354889646019076e-01,5.288871048811539799e-01,-3.003029355275546042e-01,5.973396783684642442e-02
5.288871048811538689e-01,-7.915354889646020187e-01,5.973396783684640360e-02,3.003029355275546042e-01
9.499333938808594002e-01,6.226192407878313601e-02,-2.302029870794794764e-01,2.018826013793289520e-01
6.226192407878320539e-02,-9.499333938808594002e-01,2.018826013793289520e-01,2.302029870794794764e-01
2.211443451095006230e-01,4.484363707663440723e-01,8.200655477516497482e-01,2.783747427314247624e-01
4.484363707663441279e-01,-2.211443451095005397e-01,2.783747427314247624e-01,-8.200655477516497482e-01
4.157348061512725068e-01,2.777851165098010888e-01,8.493849684870415917e-01,-1.689531748984536008e-01
2.777851165098010333e-01,-4.157348061512725623e-01,-1.689531748984537396e-01,-8.493849684870415917e-01
4.989294616193016840e-01,3.270156461507152390e-02,6.511123728531961197e-01,-5.710102257556171068e-01
3.270156461507155166e-02,-4.989294616193016285e-01,-5.710102257556169958e-01,-6.511123728531961197e-01
3.830332415362011078e-01,7.767145781291029394e-01,-2.211443451095005674e-01,-4.484363707663442389e-01
7.767145781291029394e-01,-3.830332415362009968e-01,-4.484363707663442944e-01,2.211443451095005397e-01
7.200738067288023903e-01,4.811379353814156934e-01,-4.157348061512726178e-01,-2.777851165098010888e-01
4.811379353814156379e-01,-7.200738067288025013e-01,-2.777851165098010888e-01,4.157348061512726178e-01
8.641711769176168012e-01,5.664077140030045893e-02,-4.989294616193017951e-01,-3.270156461507181533e-02
5.664077140030052138e-02,-8.641711769176168012e-01,-3.270156461507184309e-02,4.989294616193017951e-01
2.211443451095006230e-01,4.484363707663440723e-01,3.830332415362011633e-01,7.767145781291029394e-01
4.484363707663440723e-01,-2.211443451095005119e-01,7.767145781291029394e-01,-3.830332415362009968e-01
4.157348061512725623e-01,2.777851165098011443e-01,7.200738067288025013e-01,4.811379353814158044e-01
2.777851165098010333e-01,-4.157348061512725623e-01,4.811379353814156934e-01,-7.200738067288025013e-01
4.989294616193016285e-01,3.270156461507151696e-02,8.641711769176168012e-01,5.664077140030045893e-02
3.270156461507155166e-02,-4.989294616193016285e-01,5.664077140030052138e-02,-8.641711769176168012e-01
4.399790729171787484e-01,8.921893009492285476e-01,3.280677804940852760e-02,-9.664565163877539278e-02
8.921893009492286586e-01,-4.399790729171785819e-01,-9.664565163877539278e-02,-3.280677804940853454e-02
8.271277047544169925e-01,5.526690631481224747e-01,-1.991132261228225134e-02,-1.001009785091849236e-01
5.526690631481223637e-01,-8.271277047544171035e-01,-1.001009785091849236e-01,1.991132261228224440e-02
9.926481360653012231e-01,6.506159619481159673e-02,-6.729420045977642373e-02,-7.673432902649318654e-02
6.506159619481165224e-02,-9.926481360653011121e-01,-7.673432902649314491e-02,6.729420045977643761e-02
2.854961219056805777e-01,5.789288652705818494e-01,-2.455034468496451183e-01,7.232298327076095434e-01
5.789288652705819604e-01,-2.854961219056804667e-01,7.232298327076095434e-01,2.455034468496451461e-01
5.367113268875493004e-01,3.586190433555823120e-01,1.490026946653696116e-01,7.490871313243820939e-01
3.586190433555822010e-01,-5.367113268875493004e-01,7.490871313243818719e-01,-1.490026946653701945e-01
6.441151652612628897e-01,4.221753838303259759e-02,5.035836844747373364e-01,5.742271380422399041e-01
4.221753838303263923e-02,-6.441151652612628897e-01,5.742271380422399041e-01,-5.035836844747372254e-01
2.854961219056805777e-01,5.789288652705818494e-01,2.455034468496450351e-01,-7.232298327076095434e-01
5.789288652705819604e-01,-2.854961219056804667e-01,-7.232298327076095434e-01,-2.455034468496450628e-01
5.367113268875493004e-01,3.586190433555823120e-01,-1.490026946653696949e-01,-7.490871313243820939e-01
3.586190433555822010e-01,-5.367113268875493004e-01,-7.490871313243819829e-01,1.490026946653696116e-01
6.441151652612627787e-01,4.221753838303259065e-02,-5.035836844747371144e-01,-5.742271380422400151e-01
4.221753838303263923e-02,-6.441151652612628897e-01,-5.742271380422399041e-01,5.035836844747373364e-01
4.399790729171787484e-01,8.921893009492285476e-01,-3.280677804940853454e-02,9.664565163877539278e-02
8.921893009492286586e-01,-4.399790729171785819e-01,9.664565163877539278e-02,3.280677804940854148e-02
8.271277047544169925e-01,5.526690631481224747e-01,1.991132261228224093e-02,1.001009785091849236e-01
5.526690631481223637e-01,-8.271277047544171035e-01,1.001009785091849097e-01,-1.991132261228232073e-02
9.926481360653012231e-01,6.506159619481159673e-02,6.729420045977645148e-02,7.673432902649317267e-02
6.506159619481165224e-02,-9.926481360653011121e-01,7.673432902649315879e-02,-6.729420045977642373e-02
2.211443451095005952e-01,4.484363707663440168e-01,7.767145781291029394e-01,-3.830332415362009968e-01
4.484363707663441279e-01,-2.211443451095005397e-01,-3.830332415362009968e-01,-7.767145781291030504e-01
4.157348061512725068e-01,2.777851165098010888e-01,4.811379353814156934e-01,-7.200738067288025013e-01
2.777851165098010888e-01,-4.157348061512726178e-01,-7.200738067288025013e-01,-4.811379353814157489e-01
4.989294616193016285e-01,3.270156461507151696e-02,5.664077140030052138e-02,-8.641711769176168012e-01
3.270156461507155166e-02,-4.989294616193016285e-01,-8.641711769176168012e-01,-5.664077140030095159e-02
3.830332415362011078e-01,7.767145781291029394e-01,-4.484363707663442944e-01,2.211443451095005397e-01
7.767145781291029394e-01,-3.830332415362009968e-01,2.211443451095005119e-01,4.484363707663442944e-01
7.200738067288023903e-01,4.811379353814156934e-01,-2.777851165098010888e-01,4.157348061512726178e-01
4.811379353814156379e-01,-7.200738067288025013e-01,4.157348061512726178e-01,2.777851165098011443e-01
8.641711769176168012e-01,5.664077140030045893e-02,-3.270156461507184309e-02,4.989294616193017951e-01
5.664077140030052138e-02,-8.641711769176168012e-01,4.989294616193017951e-01,3.270156461507187778e-02
4.514090041835211453e-02,9.153669087358955181e-02,-9.419852908431924909e-01,-3.197609187633776440e-01
9.153669087358956569e-02,-4.514090041835209371e-02,-3.197609187633776995e-01,9.419852908431924909e-01
8.486151194879129611e-02,5.670264946571568904e-02,-9.756636512431664521e-01,1.940715666350592838e-01
5.670264946571567516e-02,-8.486151194879130999e-02,1.940715666350592283e-01,9.756636512431664521e-01
1.018435498840677966e-01,6.675178924798255697e-03,-7.479137242081331793e-01,6.559027324797892522e-01
6.675178924798261769e-03,-1.018435498840677828e-01,6.559027324797891412e-01,7.479137242081331793e-01
3.378035669919081108e-01,6.849978711360181771e-01,6.112407702594295777e-01,2.074882826554937110e-01
6.849978711360181771e-01,-3.378035669919078887e-01,2.074882826554937110e-01,-6.112407702594294667e-01
6.350454060719998850e-01,4.243237744460970351e-01,6.330941762011804697e-01,-1.259302613624511125e-01
4.243237744460969241e-01,-6.350454060719999960e-01,-1.259302613624512235e-01,-6.330941762011804697e-01
7.621273414380049793e-01,4.995246506401823661e-02,4.853105088969782988e-01,-4.256058935456868975e-01
4.995246506401828518e-02,-7.621273414380049793e-01,-4.256058935456868975e-01,-4.853105088969783543e-01
3.378035669919081108e-01,6.849978711360181771e-01,-6.112407702594295777e-01,-2.074882826554937665e-01
6.849978711360181771e-01,-3.378035669919078887e-01,-2.074882826554937942e-01,6.112407702594294667e-01
6.350454060719998850e-01,4.243237744460970351e-01,-6.330941762011804697e-01,1.259302613624511680e-01
4.243237744460969241e-01,-6.350454060719999960e-01,1.259302613624511402e-01,6.330941762011804697e-01
7.621273414380049793e-01,4.995246506401823661e-02,-4.853105088969781877e-01,4.256058935456870085e-01
4.995246506401828518e-02,-7.621273414380049793e-01,4.256058935456870085e-01,4.853105088969782432e-01
4.514090041835212147e-02,9.153669087358956569e-02,9.419852908431926020e-01,3.197609187633775885e-01
9.153669087358956569e-02,-4.514090041835209371e-02,3.197609187633775885e-01,-9.419852908431924909e-01
8.486151194879130999e-02,5.670264946571569598e-02,9.756636512431665631e-01,-1.940715666350592006e-01
5.670264946571567516e-02,-8.486151194879130999e-02,-1.940715666350593394e-01,-9.756636512431664521e-01
1.018435498840677966e-01,6.675178924798255697e-03,7.479137242081334014e-01,-6.559027324797890302e-01
6.675178924798261769e-03,-1.018435498840677828e-01,-6.559027324797889191e-01,-7.479137242081334014e-01
1.259302613624511680e-01,6.330941762011805807e-01,-1.490026946653696949e-01,-7.490871313243820939e-01
6.330941762011805807e-01,-1.259302613624511402e-01,-7.490871313243820939e-01,1.490026946653696394e-01
4.256058935456868975e-01,4.853105088969782988e-01,-5.035836844747371144e-01,-5.742271380422400151e-01
4.853105088969783543e-01,-4.256058935456869530e-01,-5.742271380422399041e-01,5.035836844747373364e-01
6.112407702594295777e-01,2.074882826554937110e-01,-7.232298327076095434e-01,-2.455034468496450628e-01
2.074882826554937110e-01,-6.112407702594294667e-01,-2.455034468496450906e-01,7.232298327076094324e-01
1.490026946653695838e-01,7.490871313243820939e-01,1.259302613624511402e-01,6.330941762011804697e-01
7.490871313243820939e-01,-1.490026946653695561e-01,6.330941762011804697e-01,-1.259302613624511125e-01
5.035836844747371144e-01,5.742271380422400151e-01,4.256058935456868975e-01,4.853105088969782988e-01
5.742271380422400151e-01,-5.035836844747371144e-01,4.853105088969782988e-01,-4.256058935456868975e-01
7.232298327076096545e-01,2.455034468496450073e-01,6.112407702594295777e-01,2.074882826554937110e-01
2.455034468496450351e-01,-7.232298327076095434e-01,2.074882826554937110e-01,-6.112407702594294667e-01
1.689531748984536286e-01,8.493849684870414807e-01,2.777851165098010888e-01,-4.157348061512726733e-01
8.493849684870415917e-01,-1.689531748984536008e-01,-4.157348061512726733e-01,-2.777851165098011443e-01
5.710102257556169958e-01,6.511123728531961197e-01,3.270156461507156553e-02,-4.989294616193017951e-01
6.511123728531961197e-01,-5.710102257556169958e-01,-4.989294616193017951e-01,-3.270156461507181533e-02
8.200655477516496372e-01,2.783747427314247069e-01,-2.211443451095005674e-01,-4.484363707663442389e-01
2.783747427314247624e-01,-8.200655477516496372e-01,-4.484363707663442944e-01,2.211443451095005397e-01
5.973396783684668809e-02,3.003029355275546042e-01,-5.288871048811538689e-01,7.915354889646017966e-01
3.003029355275546042e-01,-5.973396783684666728e-02,7.915354889646017966e-01,5.288871048811539799e-01
2.018826013793291185e-01,2.302029870794793653e-01,-6.226192407878372581e-02,9.499333938808592892e-01
2.302029870794793653e-01,-2.018826013793291185e-01,9.499333938808592892e-01,6.226192407878379520e-02
2.899369549163260951e-01,9.842033414822552728e-02,4.210462889997051428e-01,8.537974130433851894e-01
9.842033414822552728e-02,-2.899369549163260396e-01,8.537974130433855224e-01,-4.210462889997043101e-01
5.973396783684668809e-02,3.003029355275546042e-01,5.288871048811538689e-01,-7.915354889646019076e-01
3.003029355275546597e-01,-5.973396783684667422e-02,-7.915354889646019076e-01,-5.288871048811539799e-01
2.018826013793291185e-01,2.302029870794793653e-01,6.226192407878319846e-02,-9.499333938808592892e-01
2.302029870794793653e-01,-2.018826013793291185e-01,-9.499333938808592892e-01,-6.226192407878367030e-02
2.899369549163260951e-01,9.842033414822552728e-02,-4.210462889997052538e-01,-8.537974130433850783e-01
9.842033414822554116e-02,-2.899369549163260951e-01,-8.537974130433851894e-01,4.210462889997051983e-01
1.689531748984536286e-01,8.493849684870414807e-01,-2.777851165098010888e-01,4.157348061512726178e-01
8.493849684870415917e-01,-1.689531748984536008e-01,4.157348061512726733e-01,2.777851165098011998e-01
5.710102257556169958e-01,6.511123728531961197e-01,-3.270156461507184309e-02,4.989294616193017951e-01
6.511123728531961197e-01,-5.710102257556169958e-01,4.989294616193017951e-01,3.270156461507187778e-02
8.200655477516496372e-01,2.783747427314247069e-01,2.211443451095005119e-01,4.484363707663442944e-01
2.783747427314247069e-01,-8.200655477516495262e-01,4.484363707663444609e-01,-2.211443451095000678e-01
1.490026946653695838e-01,7.490871313243820939e-01,6.330941762011804697e-01,-1.259302613624511125e-01
7.490871313243820939e-01,-1.490026946653695561e-01,-1.259302613624512235e-01,-6.330941762011804697e-01
5.035836844747371144e-01,5.742271380422400151e-01,4.853105088969782988e-01,-4.256058935456868975e-01
5.742271380422400151e-01,-5.035836844747371144e-01,-4.256058935456868975e-01,-4.853105088969783543e-01
7.232298327076096545e-01,2.455034468496450073e-01,2.074882826554937387e-01,-6.112407702594295777e-01
2.455034468496450351e-01,-7.232298327076095434e-01,-6.112407702594294667e-01,-2.074882826554937387e-01
1.259302613624511680e-01,6.330941762011805807e-01,-7.490871313243820939e-01,1.490026946653696394e-01
6.330941762011805807e-01,-1.259302613624511402e-01,1.490026946653696116e-01,7.490871313243820939e-01
4.256058935456869530e-01,4.853105088969783543e-01,-5.742271380422403482e-01,5.035836844747368923e-01
4.853105088969783543e-01,-4.256058935456869530e-01,5.035836844747373364e-01,5.742271380422399041e-01
6.112407702594295777e-01,2.074882826554937110e-01,-2.455034468496451183e-01,7.232298327076095434e-01
2.074882826554937387e-01,-6.112407702594295777e-01,7.232298327076095434e-01,2.455034468496451461e-01
9.754516100806411016e-02,4.903926402016151598e-01,-7.200738067288025013e-01,-4.811379353814157489e-01
4.903926402016151598e-01,-9.754516100806408241e-02,-4.811379353814157489e-01,7.200738067288025013e-01
3.296729075500343664e-01,3.759199037394885812e-01,-8.641711769176168012e-01,-5.664077140030095159e-02
3.759199037394885812e-01,-3.296729075500343664e-01,-5.664077140030100016e-02,8.641711769176168012e-01
4.734650647475526775e-01,1.607197326515808211e-01,-7.767145781291030504e-01,3.830332415362008858e-01
1.607197326515808489e-01,-4.734650647475526775e-01,3.830332415362008303e-01,7.767145781291030504e-01
1.857204534530948747e-01,9.336797701402643757e-01,2.545845358463738051e-01,1.701079483971470185e-01
9.336797701402643757e-01,-1.857204534530948470e-01,1.701079483971469630e-01,-2.545845358463738606e-01
6.276785157628778089e-01,7.157301732145369133e-01,3.055306496522033344e-01,2.002553677439476015e-02
7.157301732145368023e-01,-6.276785157628776979e-01,2.002553677439478097e-02,-3.055306496522032789e-01
9.014506266676316493e-01,3.060012543773867333e-01,2.746100726207685860e-01,-1.354227012550562326e-01
3.060012543773867888e-01,-9.014506266676316493e-01,-1.354227012550562326e-01,-2.746100726207685860e-01
1.857204534530948747e-01,9.336797701402643757e-01,-2.545845358463736940e-01,-1.701079483971472128e-01
9.336797701402643757e-01,-1.857204534530948470e-01,-1.701079483971472128e-01,2.545845358463736940e-01
6.276785157628778089e-01,7.157301732145369133e-01,-3.055306496522033344e-01,-2.002553677439493710e-02
7.157301732145368023e-01,-6.276785157628776979e-01,-2.002553677439495097e-02,3.055306496522032789e-01
9.014506266676316493e-01,3.060012543773867333e-01,-2.746100726207687526e-01,1.354227012550559828e-01
3.060012543773867888e-01,-9.014506266676316493e-01,1.354227012550559550e-01,2.746100726207687526e-01
9.754516100806411016e-02,4.903926402016151598e-01,7.200738067288025013e-01,4.811379353814158044e-01
4.903926402016151043e-01,-9.754516100806406853e-02,4.811379353814156934e-01,-7.200738067288025013e-01
3.296729075500343664e-01,3.759199037394885812e-01,8.641711769176168012e-01,5.664077140030045893e-02
3.759199037394885812e-01,-3.296729075500343664e-01,5.664077140030052138e-02,-8.641711769176168012e-01
4.734650647475526775e-01,1.607197326515808211e-01,7.767145781291029394e-01,-3.830332415362009968e-01
1.607197326515808766e-01,-4.734650647475527330e-01,-3.830332415362009968e-01,-7.767145781291030504e-01
1.490026946653695838e-01,7.490871313243820939e-01,1.259302613624513623e-01,-6.330941762011804697e-01
7.490871313243820939e-01,-1.490026946653695561e-01,-6.330941762011804697e-01,-1.259302613624514178e-01
5.035836844747371144e-01,5.742271380422400151e-01,-2.074882826554935722e-01,-6.112407702594294667e-01
5.742271380422400151e-01,-5.035836844747371144e-01,-6.112407702594294667e-01,2.074882826554935167e-01
7.232298327076095434e-01,2.455034468496449795e-01,-4.853105088969782432e-01,-4.256058935456870085e-01
2.455034468496450351e-01,-7.232298327076095434e-01,-4.256058935456872305e-01,4.853105088969780212e-01
1.259302613624511680e-01,6.330941762011805807e-01,-1.490026946653699724e-01,7.490871313243819829e-01
6.330941762011805807e-01,-1.259302613624511402e-01,7.490871313243819829e-01,1.490026946653700002e-01
4.256058935456869530e-01,4.853105088969783543e-01,2.455034468496441191e-01,7.232298327076098765e-01
4.853105088969783543e-01,-4.256058935456869530e-01,7.232298327076096545e-01,-2.455034468496447297e-01
6.112407702594295777e-01,2.074882826554937110e-01,5.742271380422395710e-01,5.035836844747376695e-01
2.074882826554937110e-01,-6.112407702594294667e-01,5.035836844747375585e-01,-5.742271380422394600e-01
1.857204534530948747e-01,9.336797701402643757e-01,2.002553677439491628e-02,-3.055306496522032789e-01
9.336797701402643757e-01,-1.857204534530948470e-01,-3.055306496522032789e-01,-2.002553677439493363e-02
6.276785157628778089e-01,7.157301732145369133e-01,-1.354227012550562603e-01,-2.746100726207686415e-01
7.157301732145369133e-01,-6.276785157628778089e-01,-2.746100726207686971e-01,1.354227012550562326e-01
9.014506266676316493e-01,3.060012543773867333e-01,-2.545845358463738051e-01,-1.701079483971469630e-01
3.060012543773867888e-01,-9.014506266676316493e-01,-1.701079483971469630e-01,2.545845358463738051e-01
9.754516100806409629e-02,4.903926402016151043e-01,-1.689531748984540449e-01,8.493849684870414807e-01
4.903926402016151043e-01,-9.754516100806406853e-02,8.493849684870414807e-01,1.689531748984541004e-01
3.296729075500344219e-01,3.759199037394886367e-01,2.783747427314237632e-01,8.200655477516500813e-01
3.759199037394886367e-01,-3.296729075500344219e-01,8.200655477516498593e-01,-2.783747427314244294e-01
4.734650647475526775e-01,1.607197326515808211e-01,6.511123728531955646e-01,5.710102257556175509e-01
1.607197326515808489e-01,-4.734650647475526775e-01,5.710102257556175509e-01,-6.511123728531955646e-01
9.754516100806409629e-02,4.903926402016151043e-01,1.689531748984539616e-01,-8.493849684870415917e-01
4.903926402016151043e-01,-9.754516100806406853e-02,-8.493849684870414807e-01,-1.689531748984539894e-01
3.296729075500343664e-01,3.759199037394885812e-01,-2.783747427314245404e-01,-8.200655477516497482e-01
3.759199037394885812e-01,-3.296729075500343664e-01,-8.200655477516497482e-01,2.783747427314244849e-01
4.734650647475526775e-01,1.607197326515808211e-01,-6.511123728531960086e-01,-5.710102257556172178e-01
1.607197326515808489e-01,-4.734650647475526775e-01,-5.710102257556174399e-01,6.511123728531956756e-01
1.857204534530948747e-01,9.336797701402643757e-01,-2.002553677439495097e-02,3.055306496522032789e-01
9.336797701402643757e-01,-1.857204534530948470e-01,3.055306496522032789e-01,2.002553677439497179e-02
6.276785157628778089e-01,7.157301732145369133e-01,1.354227012550559828e-01,2.746100726207688081e-01
7.157301732145369133e-01,-6.276785157628778089e-01,2.746100726207688081e-01,-1.354227012550559550e-01
9.014506266676316493e-01,3.060012543773867333e-01,2.545845358463736385e-01,1.701079483971472406e-01
3.060012543773867888e-01,-9.014506266676316493e-01,1.701079483971474904e-01,-2.545845358463735275e-01
1.259302613624511680e-01,6.330941762011805807e-01,7.490871313243820939e-01,1.490026946653696671e-01
6.330941762011805807e-01,-1.259302613624511402e-01,1.490026946653698892e-01,-7.490871313243820939e-01
4.256058935456869530e-01,4.853105088969783543e-01,7.232298327076096545e-01,-2.455034468496448963e-01
4.853105088969783543e-01,-4.256058935456869530e-01,-2.455034468496448408e-01,-7.232298327076096545e-01
6.112407702594295777e-01,2.074882826554937110e-01,5.035836844747372254e-01,-5.742271380422399041e-01
2.074882826554937387e-01,-6.112407702594295777e-01,-5.742271380422399041e-01,-5.035836844747373364e-01
1.490026946653695838e-01,7.490871313243820939e-01,-6.330941762011804697e-01,-1.259302613624514178e-01
7.490871313243820939e-01,-1.490026946653695561e-01,-1.259302613624514455e-01,6.330941762011804697e-01
5.035836844747371144e-01,5.742271380422400151e-01,-6.112407702594296888e-01,2.074882826554929893e-01
5.742271380422400151e-01,-5.035836844747371144e-01,2.074882826554934889e-01,6.112407702594294667e-01
7.232298327076096545e-01,2.455034468496450073e-01,-4.256058935456872860e-01,4.853105088969780767e-01
2.455034468496450351e-01,-7.232298327076095434e-01,4.853105088969779657e-01,4.256058935456873416e-01
5.973396783684668809e-02,3.003029355275546042e-01,-9.499333938808592892e-01,-6.226192407878367030e-02
3.003029355275546042e-01,-5.973396783684666728e-02,-6.226192407878372581e-02,9.499333938808592892e-01
2.018826013793291185e-01,2.302029870794793653e-01,-8.537974130433854114e-01,4.210462889997044211e-01
2.302029870794793653e-01,-2.018826013793291185e-01,4.210462889997043656e-01,8.537974130433854114e-01
2.899369549163260396e-01,9.842033414822551340e-02,-5.288871048811545350e-01,7.915354889646013525e-01
9.842033414822554116e-02,-2.899369549163260951e-01,7.915354889646013525e-01,5.288871048811547571e-01
1.689531748984536286e-01,8.493849684870414807e-01,4.903926402016152153e-01,9.754516100806416568e-02
8.493849684870414807e-01,-1.689531748984535731e-01,9.754516100806430445e-02,-4.903926402016152153e-01
5.710102257556169958e-01,6.511123728531961197e-01,4.734650647475528995e-01,-1.607197326515808211e-01
6.511123728531961197e-01,-5.710102257556169958e-01,-1.607197326515807934e-01,-4.734650647475528995e-01
8.200655477516496372e-01,2.783747427314247069e-01,3.296729075500345330e-01,-3.759199037394886922e-01
2.783747427314247624e-01,-8.200655477516496372e-01,-3.759199037394886922e-01,-3.296729075500345885e-01
1.689531748984536286e-01,8.493849684870414807e-01,-4.903926402016151598e-01,-9.754516100806433221e-02
8.493849684870415917e-01,-1.689531748984536008e-01,-9.754516100806437384e-02,4.903926402016152153e-01
5.710102257556169958e-01,6.511123728531961197e-01,-4.734650647475530660e-01,1.607197326515803493e-01
6.511123728531961197e-01,-5.710102257556169958e-01,1.607197326515807378e-01,4.734650647475528995e-01
8.200655477516496372e-01,2.783747427314247069e-01,-3.296729075500347550e-01,3.759199037394885257e-01
2.783747427314247624e-01,-8.200655477516496372e-01,3.759199037394884702e-01,3.296729075500348105e-01
5.973396783684668809e-02,3.003029355275546042e-01,9.499333938808592892e-01,6.226192407878334417e-02
3.003029355275546042e-01,-5.973396783684666728e-02,6.226192407878362173e-02,-9.499333938808592892e-01
2.018826013793291463e-01,2.302029870794793931e-01,8.537974130433850783e-01,-4.210462889997053093e-01
2.302029870794793931e-01,-2.018826013793291463e-01,-4.210462889997052538e-01,-8.537974130433850783e-01
2.899369549163260396e-01,9.842033414822551340e-02,5.288871048811542019e-01,-7.915354889646015746e-01
9.842033414822554116e-02,-2.899369549163260951e-01,-7.915354889646019076e-01,-5.288871048811539799e-01
3.378035669919080553e-01,6.849978711360180661e-01,-4.853105088969782432e-01,-4.256058935456870085e-01
6.849978711360181771e-01,-3.378035669919078887e-01,-4.256058935456872305e-01,4.853105088969780212e-01
6.350454060719998850e-01,4.243237744460970351e-01,-6.330941762011804697e-01,-1.259302613624514178e-01
4.243237744460969241e-01,-6.350454060719999960e-01,-1.259302613624508904e-01,6.330941762011805807e-01
7.621273414380049793e-01,4.995246506401823661e-02,-6.112407702594294667e-01,2.074882826554935167e-01
4.995246506401828518e-02,-7.621273414380049793e-01,2.074882826554934889e-01,6.112407702594294667e-01
2.854961219056805777e-01,5.789288652705818494e-01,5.742271380422400151e-01,5.035836844747372254e-01
5.789288652705819604e-01,-2.854961219056804667e-01,5.035836844747372254e-01,-5.742271380422399041e-01
5.367113268875493004e-01,3.586190433555823120e-01,7.490871313243820939e-01,1.490026946653696671e-01
3.586190433555822010e-01,-5.367113268875493004e-01,1.490026946653695006e-01,-7.490871313243819829e-01
6.441151652612627787e-01,4.221753838303259065e-02,7.232298327076095434e-01,-2.455034468496448685e-01
4.221753838303263923e-02,-6.441151652612628897e-01,-2.455034468496448408e-01,-7.232298327076096545e-01
4.210462889997054758e-01,8.537974130433849673e-01,2.302029870794793376e-01,-2.018826013793290908e-01
8.537974130433850783e-01,-4.210462889997053093e-01,-2.018826013793289798e-01,-2.302029870794794209e-01
7.915354889646019076e-01,5.288871048811539799e-01,9.842033414822551340e-02,-2.899369549163259840e-01
5.288871048811538689e-01,-7.915354889646020187e-01,-2.899369549163259840e-01,-9.842033414822552728e-02
9.499333938808594002e-01,6.226192407878313601e-02,-5.973396783684670891e-02,-3.003029355275545487e-01
6.226192407878320539e-02,-9.499333938808594002e-01,-3.003029355275545487e-01,5.973396783684669503e-02
2.211443451095006230e-01,4.484363707663440723e-01,-5.710102257556169958e-01,6.511123728531962307e-01
4.484363707663440723e-01,-2.211443451095005119e-01,6.511123728531961197e-01,5.710102257556169958e-01
4.157348061512725068e-01,2.777851165098010888e-01,-1.689531748984532955e-01,8.493849684870417027e-01
2.777851165098010333e-01,-4.157348061512725623e-01,8.493849684870417027e-01,1.689531748984533510e-01
4.989294616193016285e-01,3.270156461507151696e-02,2.783747427314244294e-01,8.200655477516497482e-01
3.270156461507155859e-02,-4.989294616193016840e-01,8.200655477516498593e-01,-2.783747427314244294e-01
2.211443451095005952e-01,4.484363707663440168e-01,5.710102257556171068e-01,-6.511123728531960086e-01
4.484363707663440723e-01,-2.211443451095005119e-01,-6.511123728531960086e-01,-5.710102257556172178e-01
4.157348061512725068e-01,2.777851165098010888e-01,1.689531748984539616e-01,-8.493849684870415917e-01
2.777851165098010333e-01,-4.157348061512725623e-01,-8.493849684870417027e-01,-1.689531748984532400e-01
4.989294616193016285e-01,3.270156461507151696e-02,-2.783747427314245404e-01,-8.200655477516497482e-01
3.270156461507155166e-02,-4.989294616193016285e-01,-8.200655477516497482e-01,2.783747427314244849e-01
4.210462889997054758e-01,8.537974130433849673e-01,-2.302029870794794764e-01,2.018826013793289520e-01
8.537974130433850783e-01,-4.210462889997053093e-01,2.018826013793289520e-01,2.302029870794794764e-01
7.915354889646019076e-01,5.288871048811539799e-01,-9.842033414822554116e-02,2.899369549163259840e-01
5.288871048811538689e-01,-7.915354889646020187e-01,2.899369549163259840e-01,9.842033414822555504e-02
9.499333938808594002e-01,6.226192407878313601e-02,5.973396783684640360e-02,3.003029355275546042e-01
6.226192407878320539e-02,-9.499333938808594002e-01,3.003029355275546042e-01,-5.973396783684638972e-02
2.854961219056805777e-01,5.789288652705818494e-01,5.035836844747372254e-01,-5.742271380422399041e-01
5.789288652705819604e-01,-2.854961219056804667e-01,-5.742271380422399041e-01,-5.035836844747373364e-01
5.367113268875491894e-01,3.586190433555822565e-01,1.490026946653698614e-01,-7.490871313243819829e-01
3.586190433555822565e-01,-5.367113268875494114e-01,-7.490871313243820939e-01,-1.490026946653692508e-01
6.441151652612628897e-01,4.221753838303259759e-02,-2.455034468496448408e-01,-7.232298327076096545e-01
4.221753838303263229e-02,-6.441151652612627787e-01,-7.232298327076095434e-01,2.455034468496447853e-01
3.378035669919081108e-01,6.849978711360181771e-01,-4.256058935456868975e-01,4.853105088969784098e-01
6.849978711360181771e-01,-3.378035669919078887e-01,4.853105088969783543e-01,4.256058935456868975e-01
6.350454060719998850e-01,4.243237744460970351e-01,-1.259302613624508904e-01,6.330941762011805807e-01
4.243237744460969241e-01,-6.350454060719999960e-01,6.330941762011805807e-01,1.259302613624509182e-01
7.621273414380049793e-01,4.995246506401823661e-02,2.074882826554934889e-01,6.112407702594294667e-01
4.995246506401829212e-02,-7.621273414380050903e-01,6.112407702594295777e-01,-2.074882826554934889e-01
1.354227012550563436e-01,2.746100726207686971e-01,-6.276785157628774758e-01,-7.157301732145371354e-01
2.746100726207686971e-01,-1.354227012550562881e-01,-7.157301732145372464e-01,6.276785157628773648e-01
2.545845358463739161e-01,1.701079483971470740e-01,-9.014506266676316493e-01,-3.060012543773868443e-01
1.701079483971470185e-01,-2.545845358463739716e-01,-3.060012543773868998e-01,9.014506266676316493e-01
3.055306496522033344e-01,2.002553677439476015e-02,-9.336797701402644867e-01,1.857204534530940698e-01
2.002553677439478444e-02,-3.055306496522033344e-01,1.857204534530940143e-01,9.336797701402644867e-01
3.830332415362011078e-01,7.767145781291029394e-01,3.759199037394887477e-01,3.296729075500344774e-01
7.767145781291029394e-01,-3.830332415362009968e-01,3.296729075500345330e-01,-3.759199037394886922e-01
7.200738067288023903e-01,4.811379353814156934e-01,4.903926402016152153e-01,9.754516100806416568e-02
4.811379353814156379e-01,-7.200738067288025013e-01,9.754516100806408241e-02,-4.903926402016152153e-01
8.641711769176168012e-01,5.664077140030045893e-02,4.734650647475528995e-01,-1.607197326515808211e-01
5.664077140030052138e-02,-8.641711769176168012e-01,-1.607197326515807934e-01,-4.734650647475528995e-01
3.830332415362011078e-01,7.767145781291029394e-01,-3.759199037394886922e-01,-3.296729075500345885e-01
7.767145781291029394e-01,-3.830332415362009968e-01,-3.296729075500347550e-01,3.759199037394885257e-01
7.200738067288023903e-01,4.811379353814156934e-01,-4.903926402016151598e-01,-9.754516100806433221e-02
4.811379353814156379e-01,-7.200738067288025013e-01,-9.754516100806392975e-02,4.903926402016152708e-01
8.641711769176168012e-01,5.664077140030045893e-02,-4.734650647475528995e-01,1.607197326515807656e-01
5.664077140030052138e-02,-8.641711769176168012e-01,1.607197326515807378e-01,4.734650647475528995e-01
1.354227012550563158e-01,2.746100726207686415e-01,6.276785157628776979e-01,7.157301732145368023e-01
2.746100726207686971e-01,-1.354227012550562881e-01,7.157301732145369133e-01,-6.276785157628778089e-01
2.545845358463739161e-01,1.701079483971470740e-01,9.014506266676316493e-01,3.060012543773867333e-01
1.701079483971469908e-01,-2.545845358463739161e-01,3.060012543773863447e-01,-9.014506266676317603e-01
3.055306496522033344e-01,2.002553677439476015e-02,9.336797701402642646e-01,-1.857204534530948192e-01
2.002553677439478444e-02,-3.055306496522033344e-01,-1.857204534530949858e-01,-9.336797701402642646e-01
3.378035669919081108e-01,6.849978711360181771e-01,-4.221753838303247963e-02,-6.441151652612628897e-01
6.849978711360181771e-01,-3.378035669919078887e-01,-6.441151652612627787e-01,4.221753838303272249e-02
6.350454060719998850e-01,4.243237744460970351e-01,-3.586190433555820345e-01,-5.367113268875493004e-01
4.243237744460969241e-01,-6.350454060719999960e-01,-5.367113268875493004e-01,3.586190433555819790e-01
7.621273414380049793e-01,4.995246506401823661e-02,-5.789288652705817384e-01,-2.854961219056805777e-01
4.995246506401828518e-02,-7.621273414380049793e-01,-2.854961219056806332e-01,5.789288652705817384e-01
2.854961219056805777e-01,5.789288652705818494e-01,4.995246506401766068e-02,7.621273414380050903e-01
5.789288652705819604e-01,-2.854961219056804667e-01,7.621273414380050903e-01,-4.995246506401761905e-02
5.367113268875493004e-01,3.586190433555823120e-01,4.243237744460966465e-01,6.350454060720001070e-01
3.586190433555822565e-01,-5.367113268875494114e-01,6.350454060720001070e-01,-4.243237744460965910e-01
6.441151652612628897e-01,4.221753838303259759e-02,6.849978711360177330e-01,3.378035669919087769e-01
4.221753838303263923e-02,-6.441151652612628897e-01,3.378035669919088324e-01,-6.849978711360177330e-01
4.210462889997054758e-01,8.537974130433849673e-01,-5.973396783684657707e-02,-3.003029355275545487e-01
8.537974130433850783e-01,-4.210462889997053093e-01,-3.003029355275546042e-01,5.973396783684642442e-02
7.915354889646019076e-01,5.288871048811539799e-01,-2.018826013793289798e-01,-2.302029870794794209e-01
5.288871048811538689e-01,-7.915354889646020187e-01,-2.302029870794792543e-01,2.018826013793291463e-01
9.499333938808594002e-01,6.226192407878313601e-02,-2.899369549163259840e-01,-9.842033414822552728e-02
6.226192407878320539e-02,-9.499333938808594002e-01,-9.842033414822554116e-02,2.899369549163259840e-01
2.211443451095005952e-01,4.484363707663440168e-01,5.664077140029980667e-02,8.641711769176169122e-01
4.484363707663440723e-01,-2.211443451095005119e-01,8.641711769176169122e-01,-5.664077140029976504e-02
4.157348061512725623e-01,2.777851165098011443e-01,4.811379353814154713e-01,7.200738067288027233e-01
2.777851165098010333e-01,-4.157348061512725623e-01,7.200738067288027233e-01,-4.811379353814153048e-01
4.989294616193016285e-01,3.270156461507151696e-02,7.767145781291024953e-01,3.830332415362019405e-01
3.270156461507155166e-02,-4.989294616193016285e-01,3.830332415362019960e-01,-7.767145781291024953e-01
2.211443451095005952e-01,4.484363707663440168e-01,-5.664077140030029933e-02,-8.641711769176168012e-01
4.484363707663440723e-01,-2.211443451095005119e-01,-8.641711769176168012e-01,5.664077140030063934e-02
4.157348061512725068e-01,2.777851165098010888e-01,-4.811379353814154713e-01,-7.200738067288026123e-01
2.777851165098010888e-01,-4.157348061512726178e-01,-7.200738067288027233e-01,4.811379353814154713e-01
4.989294616193016840e-01,3.270156461507152390e-02,-7.767145781291029394e-01,-3.830332415362012188e-01
3.270156461507155859e-02,-4.989294616193016840e-01,-3.830332415362012743e-01,7.767145781291029394e-01
4.210462889997054758e-01,8.537974130433849673e-01,5.973396783684640360e-02,3.003029355275546042e-01
8.537974130433850783e-01,-4.210462889997053093e-01,3.003029355275546042e-01,-5.973396783684638972e-02
7.915354889646019076e-01,5.288871048811539799e-01,2.018826013793289520e-01,2.302029870794794764e-01
5.288871048811538689e-01,-7.915354889646020187e-01,2.302029870794792821e-01,-2.018826013793291185e-01
9.499333938808594002e-01,6.226192407878313601e-02,2.899369549163259840e-01,9.842033414822555504e-02
6.226192407878320539e-02,-9.499333938808594002e-01,9.842033414822556892e-02,-2.899369549163259840e-01
2.854961219056805777e-01,5.789288652705818494e-01,7.621273414380049793e-01,-4.995246506401813946e-02
5.789288652705818494e-01,-2.854961219056804111e-01,-4.995246506401809089e-02,-7.621273414380048683e-01
5.367113268875491894e-01,3.586190433555822565e-01,6.350454060719999960e-01,-4.243237744460967020e-01
3.586190433555822010e-01,-5.367113268875493004e-01,-4.243237744460969241e-01,-6.350454060719997740e-01
6.441151652612628897e-01,4.221753838303259759e-02,3.378035669919080553e-01,-6.849978711360180661e-01
4.221753838303263923e-02,-6.441151652612628897e-01,-6.849978711360180661e-01,-3.378035669919081108e-01
3.378035669919081108e-01,6.849978711360181771e-01,-6.441151652612628897e-01,4.221753838303215350e-02
6.849978711360181771e-01,-3.378035669919078887e-01,4.221753838303210493e-02,6.441151652612627787e-01
6.350454060719998850e-01,4.243237744460970351e-01,-5.367113268875493004e-01,3.586190433555819790e-01
4.243237744460969241e-01,-6.350454060719999960e-01,3.586190433555819790e-01,5.367113268875493004e-01
7.621273414380049793e-01,4.995246506401823661e-02,-2.854961219056811328e-01,5.789288652705815164e-01
4.995246506401828518e-02,-7.621273414380049793e-01,5.789288652705815164e-01,2.854961219056811328e-01
1.354227012550563158e-01,2.746100726207686415e-01,-9.336797701402644867e-01,1.857204534530940698e-01
2.746100726207686415e-01,-1.354227012550562603e-01,1.857204534530940143e-01,9.336797701402644867e-01
2.545845358463739161e-01,1.701079483971470740e-01,-7.157301732145372464e-01,6.276785157628773648e-01
1.701079483971469908e-01,-2.545845358463739161e-01,6.276785157628772538e-01,7.157301732145371354e-01
3.055306496522033899e-01,2.002553677439476362e-02,-3.060012543773868998e-01,9.014506266676316493e-01
2.002553677439478444e-02,-3.055306496522033344e-01,9.014506266676315382e-01,3.060012543773868998e-01
3.830332415362011078e-01,7.767145781291029394e-01,4.989294616193017951e-01,-3.270156461507146839e-02
7.767145781291029394e-01,-3.830332415362009968e-01,-3.270156461507144063e-02,-4.989294616193017951e-01
7.200738067288023903e-01,4.811379353814156934e-01,4.157348061512727289e-01,-2.777851165098009778e-01
4.811379353814156379e-01,-7.200738067288025013e-01,-2.777851165098011443e-01,-4.157348061512726178e-01
8.641711769176168012e-01,5.664077140030045893e-02,2.211443451095006785e-01,-4.484363707663441834e-01
5.664077140030052138e-02,-8.641711769176168012e-01,-4.484363707663441834e-01,-2.211443451095007062e-01
3.830332415362011078e-01,7.767145781291029394e-01,-4.989294616193018506e-01,3.270156461507119083e-02
7.767145781291029394e-01,-3.830332415362009968e-01,3.270156461507115614e-02,4.989294616193018506e-01
7.200738067288023903e-01,4.811379353814156934e-01,-4.157348061512727289e-01,2.777851165098009223e-01
4.811379353814156379e-01,-7.200738067288025013e-01,2.777851165098009223e-01,4.157348061512727289e-01
8.641711769176168012e-01,5.664077140030045893e-02,-2.211443451095011226e-01,4.484363707663439613e-01
5.664077140030052138e-02,-8.641711769176168012e-01,4.484363707663439613e-01,2.211443451095011503e-01
1.354227012550563158e-01,2.746100726207686415e-01,9.336797701402643757e-01,-1.857204534530945972e-01
2.746100726207686415e-01,-1.354227012550562603e-01,-1.857204534530945417e-01,-9.336797701402643757e-01
2.545845358463739161e-01,1.701079483971470740e-01,7.157301732145371354e-01,-6.276785157628774758e-01
1.701079483971469908e-01,-2.545845358463739161e-01,-6.276785157628776979e-01,-7.157301732145369133e-01
3.055306496522033899e-01,2.002553677439476362e-02,3.060012543773867888e-01,-9.014506266676316493e-01
2.002553677439478791e-02,-3.055306496522033899e-01,-9.014506266676316493e-01,-3.060012543773868443e-01
1.490026946653695838e-01,7.490871313243820939e-01,-3.586190433555820345e-01,-5.367113268875493004e-01
7.490871313243820939e-01,-1.490026946653695561e-01,-5.367113268875493004e-01,3.586190433555819790e-01
5.035836844747371144e-01,5.742271380422400151e-01,-5.789288652705817384e-01,-2.854961219056805777e-01
5.742271380422400151e-01,-5.035836844747371144e-01,-2.854961219056806332e-01,5.789288652705817384e-01
7.232298327076096545e-01,2.455034468496450073e-01,-6.441151652612628897e-01,4.221753838303272943e-02
2.455034468496450351e-01,-7.232298327076095434e-01,4.221753838303268086e-02,6.441151652612627787e-01
1.259302613624511680e-01,6.330941762011805807e-01,4.243237744460969241e-01,6.350454060719998850e-01
6.330941762011805807e-01,-1.259302613624511402e-01,6.350454060720001070e-01,-4.243237744460967575e-01
4.256058935456869530e-01,4.853105088969783543e-01,6.849978711360181771e-01,3.378035669919079997e-01
4.853105088969783543e-01,-4.256058935456869530e-01,3.378035669919080553e-01,-6.849978711360180661e-01
6.112407702594295777e-01,2.074882826554937110e-01,7.621273414380049793e-01,-4.995246506401813946e-02
2.074882826554937110e-01,-6.112407702594294667e-01,-4.995246506401809089e-02,-7.621273414380048683e-01
1.857204534530948747e-01,9.336797701402643757e-01,2.746100726207685860e-01,-1.354227012550562326e-01
9.336797701402643757e-01,-1.857204534530948470e-01,-1.354227012550562326e-01,-2.746100726207685860e-01
6.276785157628778089e-01,7.157301732145369133e-01,1.701079483971471018e-01,-2.545845358463738051e-01
7.157301732145369133e-01,-6.276785157628778089e-01,-2.545845358463738606e-01,-1.701079483971469908e-01
9.014506266676316493e-01,3.060012543773867333e-01,2.002553677439491628e-02,-3.055306496522032789e-01
3.060012543773867888e-01,-9.014506266676316493e-01,-3.055306496522032789e-01,-2.002553677439493363e-02
9.754516100806409629e-02,4.903926402016151043e-01,-7.200738067288022792e-01,4.811379353814160820e-01
4.903926402016151043e-01,-9.754516100806406853e-02,4.811379353814159709e-01,7.200738067288022792e-01
3.296729075500344219e-01,3.759199037394886367e-01,-3.830332415362012743e-01,7.767145781291029394e-01
3.759199037394885812e-01,-3.296729075500343664e-01,7.767145781291031614e-01,3.830332415362006082e-01
4.734650647475526775e-01,1.607197326515808211e-01,5.664077140030057689e-02,8.641711769176168012e-01
1.607197326515808489e-01,-4.734650647475526775e-01,8.641711769176168012e-01,-5.664077140030052832e-02
9.754516100806409629e-02,4.903926402016151043e-01,7.200738067288026123e-01,-4.811379353814154713e-01
4.903926402016151598e-01,-9.754516100806408241e-02,-4.811379353814155269e-01,-7.200738067288027233e-01
3.296729075500344219e-01,3.759199037394886367e-01,3.830332415362011633e-01,-7.767145781291029394e-01
3.759199037394886367e-01,-3.296729075500344219e-01,-7.767145781291029394e-01,-3.830332415362012188e-01
4.734650647475526775e-01,1.607197326515808211e-01,-5.664077140030029933e-02,-8.641711769176168012e-01
1.607197326515808489e-01,-4.734650647475526775e-01,-8.641711769176168012e-01,5.664077140030063934e-02
1.857204534530948747e-01,9.336797701402643757e-01,-2.746100726207686415e-01,1.354227012550562048e-01
9.336797701402643757e-01,-1.857204534530948470e-01,1.354227012550561771e-01,2.746100726207686415e-01
6.276785157628778089e-01,7.157301732145369133e-01,-1.701079483971472406e-01,2.545845358463737496e-01
7.157301732145369133e-01,-6.276785157628778089e-01,2.545845358463738606e-01,1.701079483971470463e-01
9.014506266676316493e-01,3.060012543773867333e-01,-2.002553677439495097e-02,3.055306496522032789e-01
3.060012543773867888e-01,-9.014506266676316493e-01,3.055306496522032789e-01,2.002553677439497179e-02
1.259302613624511680e-01,6.330941762011805807e-01,6.350454060720001070e-01,-4.243237744460967575e-01
6.330941762011805807e-01,-1.259302613624511402e-01,-4.243237744460967575e-01,-6.350454060720001070e-01
4.256058935456869530e-01,4.853105088969783543e-01,3.378035669919080553e-01,-6.849978711360180661e-01
4.853105088969783543e-01,-4.256058935456869530e-01,-6.849978711360180661e-01,-3.378035669919081108e-01
6.112407702594295777e-01,2.074882826554937110e-01,-4.995246506401809783e-02,-7.621273414380049793e-01
2.074882826554937110e-01,-6.112407702594294667e-01,-7.621273414380048683e-01,4.995246506401838926e-02
1.490026946653695838e-01,7.490871313243820939e-01,-5.367113268875490784e-01,3.586190433555824786e-01
7.490871313243820939e-01,-1.490026946653695561e-01,3.586190433555824231e-01,5.367113268875490784e-01
5.035836844747371144e-01,5.742271380422400151e-01,-2.854961219056806332e-01,5.789288652705817384e-01
5.742271380422400151e-01,-5.035836844747371144e-01,5.789288652705819604e-01,2.854961219056801336e-01
7.232298327076096545e-01,2.455034468496450073e-01,4.221753838303268780e-02,6.441151652612628897e-01
2.455034468496450351e-01,-7.232298327076095434e-01,6.441151652612627787e-01,-4.221753838303263923e-02
5.973396783684669503e-02,3.003029355275546597e-01,-4.210462889997052538e-01,-8.537974130433850783e-01
3.003029355275546042e-01,-5.973396783684666728e-02,-8.537974130433850783e-01,4.210462889997051428e-01
2.018826013793291185e-01,2.302029870794793653e-01,-7.915354889646013525e-01,-5.288871048811545350e-01
2.302029870794793653e-01,-2.018826013793291185e-01,-5.288871048811538689e-01,7.915354889646017966e-01
2.899369549163260396e-01,9.842033414822551340e-02,-9.499333938808592892e-01,-6.226192407878367030e-02
9.842033414822552728e-02,-2.899369549163260396e-01,-6.226192407878372581e-02,9.499333938808592892e-01
1.689531748984536286e-01,8.493849684870414807e-01,2.777851165098010888e-01,4.157348061512726178e-01
8.493849684870415917e-01,-1.689531748984536008e-01,4.157348061512727844e-01,-2.777851165098010333e-01
5.710102257556169958e-01,6.511123728531961197e-01,4.484363707663442389e-01,2.211443451095006507e-01
6.511123728531961197e-01,-5.710102257556169958e-01,2.211443451095006785e-01,-4.484363707663441834e-01
8.200655477516496372e-01,2.783747427314247069e-01,4.989294616193017951e-01,-3.270156461507146839e-02
2.783747427314247624e-01,-8.200655477516496372e-01,-3.270156461507144063e-02,-4.989294616193017951e-01
1.689531748984536286e-01,8.493849684870414807e-01,-2.777851165098009778e-01,-4.157348061512727289e-01
8.493849684870415917e-01,-1.689531748984536008e-01,-4.157348061512727844e-01,2.777851165098009778e-01
5.710102257556169958e-01,6.511123728531961197e-01,-4.484363707663441834e-01,-2.211443451095007062e-01
6.511123728531961197e-01,-5.710102257556169958e-01,-2.211443451095007340e-01,4.484363707663441834e-01
8.200655477516496372e-01,2.783747427314247069e-01,-4.989294616193017951e-01,3.270156461507163492e-02
2.783747427314247624e-01,-8.200655477516496372e-01,3.270156461507160023e-02,4.989294616193017951e-01
5.973396783684668809e-02,3.003029355275546042e-01,4.210462889997053648e-01,8.537974130433849673e-01
3.003029355275546597e-01,-5.973396783684667422e-02,8.537974130433850783e-01,-4.210462889997053093e-01
2.018826013793291185e-01,2.302029870794793653e-01,7.915354889646017966e-01,5.288871048811539799e-01
2.302029870794793653e-01,-2.018826013793291185e-01,5.288871048811538689e-01,-7.915354889646019076e-01
2.899369549163260396e-01,9.842033414822551340e-02,9.499333938808592892e-01,6.226192407878334417e-02
9.842033414822552728e-02,-2.899369549163260396e-01,6.226192407878319846e-02,-9.499333938808592892e-01
4.995246506401824355e-02,7.621273414380049793e-01,-4.221753838303247269e-02,-6.441151652612627787e-01
7.621273414380049793e-01,-4.995246506401813946e-02,-6.441151652612627787e-01,4.221753838303272249e-02
4.243237744460969241e-01,6.350454060719998850e-01,-3.586190433555820345e-01,-5.367113268875493004e-01
6.350454060719998850e-01,-4.243237744460970906e-01,-5.367113268875494114e-01,3.586190433555820345e-01
6.849978711360181771e-01,3.378035669919079997e-01,-5.789288652705817384e-01,-2.854961219056805777e-01
3.378035669919081108e-01,-6.849978711360181771e-01,-2.854961219056806887e-01,5.789288652705818494e-01
4.221753838303259759e-02,6.441151652612627787e-01,4.995246506401823661e-02,7.621273414380048683e-01
6.441151652612628897e-01,-4.221753838303251433e-02,7.621273414380049793e-01,-4.995246506401813946e-02
3.586190433555822565e-01,5.367113268875493004e-01,4.243237744460969241e-01,6.350454060719998850e-01
5.367113268875491894e-01,-3.586190433555823120e-01,6.350454060719997740e-01,-4.243237744460970351e-01
5.789288652705818494e-01,2.854961219056805222e-01,6.849978711360180661e-01,3.378035669919079442e-01
2.854961219056805777e-01,-5.789288652705818494e-01,3.378035669919080553e-01,-6.849978711360180661e-01
6.226192407878314988e-02,9.499333938808594002e-01,2.018826013793291185e-01,-2.302029870794792821e-01
9.499333938808594002e-01,-6.226192407878301804e-02,-2.302029870794792821e-01,-2.018826013793291463e-01
5.288871048811538689e-01,7.915354889646019076e-01,5.973396783684678524e-02,-3.003029355275545487e-01
7.915354889646017966e-01,-5.288871048811539799e-01,-3.003029355275545487e-01,-5.973396783684653544e-02
8.537974130433850783e-01,4.210462889997054203e-01,-9.842033414822544402e-02,-2.899369549163260396e-01
4.210462889997054758e-01,-8.537974130433849673e-01,-2.899369549163260396e-01,9.842033414822541626e-02
3.270156461507153084e-02,4.989294616193016840e-01,-5.710102257556169958e-01,6.511123728531962307e-01
4.989294616193016285e-01,-3.270156461507145451e-02,6.511123728531955646e-01,5.710102257556175509e-01
2.777851165098010333e-01,4.157348061512725068e-01,-1.689531748984540449e-01,8.493849684870414807e-01
4.157348061512724513e-01,-2.777851165098010888e-01,8.493849684870417027e-01,1.689531748984533510e-01
4.484363707663440723e-01,2.211443451095005674e-01,2.783747427314244294e-01,8.200655477516497482e-01
2.211443451095006230e-01,-4.484363707663440723e-01,8.200655477516498593e-01,-2.783747427314244294e-01
3.270156461507152390e-02,4.989294616193016285e-01,5.710102257556171068e-01,-6.511123728531960086e-01
4.989294616193016285e-01,-3.270156461507145451e-02,-6.511123728531960086e-01,-5.710102257556172178e-01
2.777851165098010333e-01,4.157348061512725068e-01,1.689531748984539616e-01,-8.493849684870415917e-01
4.157348061512724513e-01,-2.777851165098010888e-01,-8.493849684870417027e-01,-1.689531748984532400e-01
4.484363707663440723e-01,2.211443451095005674e-01,-2.783747427314245404e-01,-8.200655477516497482e-01
2.211443451095005952e-01,-4.484363707663440168e-01,-8.200655477516497482e-01,2.783747427314244849e-01
6.226192407878314988e-02,9.499333938808594002e-01,-2.018826013793290630e-01,2.302029870794793653e-01
9.499333938808594002e-01,-6.226192407878301804e-02,2.302029870794791711e-01,2.018826013793292851e-01
5.288871048811538689e-01,7.915354889646019076e-01,-5.973396783684681993e-02,3.003029355275544932e-01
7.915354889646017966e-01,-5.288871048811539799e-01,3.003029355275545487e-01,5.973396783684657707e-02
8.537974130433850783e-01,4.210462889997054203e-01,9.842033414822540238e-02,2.899369549163260396e-01
4.210462889997054758e-01,-8.537974130433849673e-01,2.899369549163260396e-01,-9.842033414822538850e-02
4.221753838303259759e-02,6.441151652612627787e-01,7.621273414380048683e-01,-4.995246506401813252e-02
6.441151652612628897e-01,-4.221753838303251433e-02,-4.995246506401809783e-02,-7.621273414380049793e-01
3.586190433555822010e-01,5.367113268875491894e-01,6.350454060719999960e-01,-4.243237744460967020e-01
5.367113268875491894e-01,-3.586190433555823120e-01,-4.243237744460969796e-01,-6.350454060719998850e-01
5.789288652705819604e-01,2.854961219056805777e-01,3.378035669919080553e-01,-6.849978711360180661e-01
2.854961219056805777e-01,-5.789288652705818494e-01,-6.849978711360180661e-01,-3.378035669919081108e-01
4.995246506401824355e-02,7.621273414380049793e-01,-6.441151652612627787e-01,4.221753838303272249e-02
7.621273414380049793e-01,-4.995246506401813946e-02,4.221753838303268086e-02,6.441151652612627787e-01
4.243237744460969241e-01,6.350454060719998850e-01,-5.367113268875493004e-01,3.586190433555819790e-01
6.350454060719998850e-01,-4.243237744460970906e-01,3.586190433555820345e-01,5.367113268875494114e-01
6.849978711360181771e-01,3.378035669919079997e-01,-2.854961219056806332e-01,5.789288652705817384e-01
3.378035669919081108e-01,-6.849978711360181771e-01,5.789288652705818494e-01,2.854961219056806887e-01
2.002553677439477056e-02,3.055306496522033899e-01,-7.157301732145364692e-01,-6.276785157628782530e-01
3.055306496522033344e-01,-2.002553677439472199e-02,-6.276785157628781420e-01,7.157301732145363582e-01
1.701079483971470185e-01,2.545845358463739161e-01,-9.336797701402642646e-01,-1.857204534530952911e-01
2.545845358463738606e-01,-1.701079483971470740e-01,-1.857204534530953466e-01,9.336797701402642646e-01
2.746100726207686971e-01,1.354227012550563158e-01,-9.014506266676317603e-01,3.060012543773865668e-01
1.354227012550563436e-01,-2.746100726207686971e-01,3.060012543773865112e-01,9.014506266676317603e-01
5.664077140030047280e-02,8.641711769176168012e-01,3.759199037394887477e-01,3.296729075500344774e-01
8.641711769176168012e-01,-5.664077140030034790e-02,3.296729075500345330e-01,-3.759199037394886922e-01
4.811379353814156934e-01,7.200738067288025013e-01,4.903926402016152708e-01,9.754516100806417955e-02
7.200738067288023903e-01,-4.811379353814157489e-01,9.754516100806409629e-02,-4.903926402016152708e-01
7.767145781291029394e-01,3.830332415362011078e-01,4.734650647475528995e-01,-1.607197326515808211e-01
3.830332415362011078e-01,-7.767145781291029394e-01,-1.607197326515807934e-01,-4.734650647475528995e-01
5.664077140030047280e-02,8.641711769176168012e-01,-3.759199037394886922e-01,-3.296729075500345885e-01
8.641711769176168012e-01,-5.664077140030034790e-02,-3.296729075500347550e-01,3.759199037394885257e-01
4.811379353814156934e-01,7.200738067288025013e-01,-4.903926402016152153e-01,-9.754516100806434609e-02
7.200738067288023903e-01,-4.811379353814157489e-01,-9.754516100806394363e-02,4.903926402016153263e-01
7.767145781291029394e-01,3.830332415362011078e-01,-4.734650647475528995e-01,1.607197326515807656e-01
3.830332415362011078e-01,-7.767145781291029394e-01,1.607197326515807378e-01,4.734650647475528995e-01
2.002553677439476709e-02,3.055306496522033344e-01,7.157301732145368023e-01,6.276785157628776979e-01
3.055306496522033899e-01,-2.002553677439472546e-02,6.276785157628778089e-01,-7.157301732145368023e-01
1.701079483971470185e-01,2.545845358463739161e-01,9.336797701402643757e-01,1.857204534530949858e-01
2.545845358463738606e-01,-1.701079483971470740e-01,1.857204534530948192e-01,-9.336797701402643757e-01
2.746100726207686415e-01,1.354227012550562881e-01,9.014506266676316493e-01,-3.060012543773865668e-01
1.354227012550563436e-01,-2.746100726207686971e-01,-3.060012543773865668e-01,-9.014506266676317603e-01
1.607197326515807656e-01,4.734650647475527330e-01,-2.783747427314245404e-01,-8.200655477516497482e-01
4.734650647475527330e-01,-1.607197326515807656e-01,-8.200655477516497482e-01,2.783747427314244849e-01
3.759199037394885812e-01,3.296729075500343664e-01,-6.511123728531960086e-01,-5.710102257556172178e-01
3.296729075500344219e-01,-3.759199037394885257e-01,-5.710102257556174399e-01,6.511123728531956756e-01
4.903926402016151043e-01,9.754516100806413792e-02,-8.493849684870414807e-01,-1.689531748984539894e-01
9.754516100806405465e-02,-4.903926402016151043e-01,-1.689531748984532955e-01,8.493849684870417027e-01
2.783747427314245959e-01,8.200655477516497482e-01,1.607197326515808211e-01,4.734650647475528995e-01
8.200655477516497482e-01,-2.783747427314245959e-01,4.734650647475528995e-01,-1.607197326515808211e-01
6.511123728531961197e-01,5.710102257556169958e-01,3.759199037394887477e-01,3.296729075500344774e-01
5.710102257556171068e-01,-6.511123728531960086e-01,3.296729075500345330e-01,-3.759199037394886922e-01
8.493849684870414807e-01,1.689531748984536841e-01,4.903926402016152153e-01,9.754516100806416568e-02
1.689531748984535731e-01,-8.493849684870415917e-01,9.754516100806409629e-02,-4.903926402016152708e-01
2.455034468496448963e-01,7.232298327076096545e-01,2.854961219056805222e-01,-5.789288652705817384e-01
7.232298327076096545e-01,-2.455034468496448963e-01,-5.789288652705817384e-01,-2.854961219056805777e-01
5.742271380422400151e-01,5.035836844747371144e-01,-4.221753838303247269e-02,-6.441151652612627787e-01
5.035836844747372254e-01,-5.742271380422399041e-01,-6.441151652612627787e-01,4.221753838303272249e-02
7.490871313243820939e-01,1.490026946653696671e-01,-3.586190433555820345e-01,-5.367113268875493004e-01
1.490026946653695283e-01,-7.490871313243820939e-01,-5.367113268875493004e-01,3.586190433555819790e-01
3.280677804940849290e-02,9.664565163877536502e-02,-4.399790729171788595e-01,8.921893009492285476e-01
9.664565163877536502e-02,-3.280677804940849290e-02,8.921893009492285476e-01,4.399790729171789150e-01
7.673432902649313103e-02,6.729420045977638210e-02,6.506159619481172163e-02,9.926481360653011121e-01
6.729420045977639597e-02,-7.673432902649311715e-02,9.926481360653011121e-01,-6.506159619481166612e-02
1.001009785091848958e-01,1.991132261228224440e-02,5.526690631481221416e-01,8.271277047544173255e-01
1.991132261228222358e-02,-1.001009785091848819e-01,8.271277047544173255e-01,-5.526690631481219196e-01
3.280677804940849984e-02,9.664565163877537890e-02,4.399790729171788040e-01,-8.921893009492286586e-01
9.664565163877537890e-02,-3.280677804940849984e-02,-8.921893009492286586e-01,-4.399790729171788595e-01
7.673432902649313103e-02,6.729420045977638210e-02,-6.506159619481140244e-02,-9.926481360653011121e-01
6.729420045977639597e-02,-7.673432902649311715e-02,-9.926481360653011121e-01,6.506159619481179102e-02
1.001009785091848819e-01,1.991132261228224093e-02,-5.526690631481221416e-01,-8.271277047544172145e-01
1.991132261228222705e-02,-1.001009785091848958e-01,-8.271277047544173255e-01,5.526690631481221416e-01
2.455034468496448963e-01,7.232298327076096545e-01,-2.854961219056806332e-01,5.789288652705817384e-01
7.232298327076096545e-01,-2.455034468496448963e-01,5.789288652705817384e-01,2.854961219056806332e-01
5.742271380422400151e-01,5.035836844747371144e-01,4.221753838303268086e-02,6.441151652612627787e-01
5.035836844747372254e-01,-5.742271380422399041e-01,6.441151652612627787e-01,-4.221753838303263923e-02
7.490871313243820939e-01,1.490026946653696671e-01,3.586190433555819790e-01,5.367113268875493004e-01
1.490026946653695283e-01,-7.490871313243820939e-01,5.367113268875494114e-01,-3.586190433555819235e-01
2.783747427314245959e-01,8.200655477516497482e-01,4.734650647475528995e-01,-1.607197326515808211e-01
8.200655477516497482e-01,-2.783747427314245959e-01,-1.607197326515807934e-01,-4.734650647475528995e-01
6.511123728531961197e-01,5.710102257556169958e-01,3.296729075500345330e-01,-3.759199037394886922e-01
5.710102257556171068e-01,-6.511123728531960086e-01,-3.759199037394886922e-01,-3.296729075500345885e-01
8.493849684870414807e-01,1.689531748984536841e-01,9.754516100806430445e-02,-4.903926402016152153e-01
1.689531748984535731e-01,-8.493849684870415917e-01,-4.903926402016153263e-01,-9.754516100806390200e-02
1.607197326515807656e-01,4.734650647475527330e-01,-8.200655477516497482e-01,2.783747427314244849e-01
4.734650647475527330e-01,-1.607197326515807656e-01,2.783747427314244294e-01,8.200655477516497482e-01
3.759199037394886367e-01,3.296729075500344219e-01,-5.710102257556169958e-01,6.511123728531962307e-01
3.296729075500344219e-01,-3.759199037394885257e-01,6.511123728531955646e-01,5.710102257556175509e-01
4.903926402016151043e-01,9.754516100806413792e-02,-1.689531748984540449e-01,8.493849684870414807e-01
9.754516100806405465e-02,-4.903926402016151043e-01,8.493849684870417027e-01,1.689531748984533510e-01
2.074882826554936277e-01,6.112407702594295777e-01,-6.849978711360180661e-01,-3.378035669919081108e-01
6.112407702594295777e-01,-2.074882826554936277e-01,-3.378035669919081108e-01,6.849978711360180661e-01
4.853105088969783543e-01,4.256058935456869530e-01,-7.621273414380049793e-01,4.995246506401839620e-02
4.256058935456870085e-01,-4.853105088969782988e-01,4.995246506401834069e-02,7.621273414380049793e-01
6.330941762011805807e-01,1.259302613624512235e-01,-6.350454060720001070e-01,4.243237744460966465e-01
1.259302613624511125e-01,-6.330941762011805807e-01,4.243237744460966465e-01,6.350454060720001070e-01
3.197609187633774219e-01,9.419852908431926020e-01,9.153669087358959344e-02,4.514090041835212147e-02
9.419852908431926020e-01,-3.197609187633774219e-01,4.514090041835212841e-02,-9.153669087358959344e-02
7.479137242081332904e-01,6.559027324797889191e-01,1.018435498840678244e-01,-6.675178924798244422e-03
6.559027324797891412e-01,-7.479137242081332904e-01,-6.675178924798240085e-03,-1.018435498840678383e-01
9.756636512431664521e-01,1.940715666350593116e-01,8.486151194879135162e-02,-5.670264946571567516e-02
1.940715666350591728e-01,-9.756636512431665631e-01,-5.670264946571571679e-02,-8.486151194879135162e-02
3.197609187633774219e-01,9.419852908431926020e-01,-9.153669087358959344e-02,-4.514090041835213535e-02
9.419852908431926020e-01,-3.197609187633774219e-01,-4.514090041835214229e-02,9.153669087358959344e-02
7.479137242081332904e-01,6.559027324797889191e-01,-1.018435498840678244e-01,6.675178924798279116e-03
6.559027324797891412e-01,-7.479137242081332904e-01,6.675178924798273045e-03,1.018435498840678383e-01
9.756636512431664521e-01,1.940715666350593116e-01,-8.486151194879135162e-02,5.670264946571566822e-02
1.940715666350591728e-01,-9.756636512431665631e-01,5.670264946571567516e-02,8.486151194879136550e-02
2.074882826554936277e-01,6.112407702594295777e-01,6.849978711360181771e-01,3.378035669919079997e-01
6.112407702594295777e-01,-2.074882826554936277e-01,3.378035669919080553e-01,-6.849978711360180661e-01
4.853105088969783543e-01,4.256058935456869530e-01,7.621273414380049793e-01,-4.995246506401813946e-02
4.256058935456870085e-01,-4.853105088969782988e-01,-4.995246506401809783e-02,-7.621273414380049793e-01
6.330941762011805807e-01,1.259302613624512235e-01,6.350454060720001070e-01,-4.243237744460967575e-01
1.259302613624511125e-01,-6.330941762011805807e-01,-4.243237744460969796e-01,-6.350454060719998850e-01
2.455034468496448963e-01,7.232298327076096545e-01,-2.074882826554935722e-01,-6.112407702594294667e-01
7.232298327076096545e-01,-2.455034468496448963e-01,-6.112407702594294667e-01,2.074882826554935167e-01
5.742271380422400151e-01,5.035836844747371144e-01,-4.853105088969782432e-01,-4.256058935456870085e-01
5.035836844747372254e-01,-5.742271380422399041e-01,-4.256058935456872305e-01,4.853105088969780212e-01
7.490871313243820939e-01,1.490026946653696671e-01,-6.330941762011804697e-01,-1.259302613624514178e-01
1.490026946653695283e-01,-7.490871313243820939e-01,-1.259302613624508904e-01,6.330941762011805807e-01
2.074882826554936277e-01,6.112407702594295777e-01,2.455034468496448963e-01,7.232298327076096545e-01
6.112407702594295777e-01,-2.074882826554936277e-01,7.232298327076096545e-01,-2.455034468496448963e-01
4.853105088969783543e-01,4.256058935456869530e-01,5.742271380422400151e-01,5.035836844747372254e-01
4.256058935456870085e-01,-4.853105088969782988e-01,5.035836844747372254e-01,-5.742271380422399041e-01
6.330941762011805807e-01,1.259302613624512235e-01,7.490871313243820939e-01,1.490026946653696671e-01
1.259302613624511125e-01,-6.330941762011805807e-01,1.490026946653695283e-01,-7.490871313243820939e-01
3.060012543773866223e-01,9.014506266676317603e-01,1.354227012550562881e-01,-2.746100726207685860e-01
9.014506266676317603e-01,-3.060012543773866223e-01,-2.746100726207685860e-01,-1.354227012550563158e-01
7.157301732145368023e-01,6.276785157628776979e-01,-2.002553677439470464e-02,-3.055306496522032789e-01
6.276785157628778089e-01,-7.157301732145366913e-01,-3.055306496522032789e-01,2.002553677439482260e-02
9.336797701402643757e-01,1.857204534530949580e-01,-1.701079483971469075e-01,-2.545845358463738606e-01
1.857204534530948192e-01,-9.336797701402643757e-01,-2.545845358463738606e-01,1.701079483971468798e-01
1.607197326515807656e-01,4.734650647475527330e-01,-3.830332415362012188e-01,7.767145781291028284e-01
4.734650647475527330e-01,-1.607197326515807656e-01,7.767145781291028284e-01,3.830332415362012743e-01
3.759199037394885812e-01,3.296729075500343664e-01,5.664077140030057689e-02,8.641711769176168012e-01
3.296729075500344219e-01,-3.759199037394885257e-01,8.641711769176168012e-01,-5.664077140030052832e-02
4.903926402016151598e-01,9.754516100806415180e-02,4.811379353814154713e-01,7.200738067288027233e-01
9.754516100806405465e-02,-4.903926402016151043e-01,7.200738067288027233e-01,-4.811379353814153048e-01
1.607197326515807934e-01,4.734650647475527885e-01,3.830332415362011633e-01,-7.767145781291029394e-01
4.734650647475527885e-01,-1.607197326515807934e-01,-7.767145781291029394e-01,-3.830332415362012188e-01
3.759199037394885812e-01,3.296729075500343664e-01,-5.664077140030029933e-02,-8.641711769176168012e-01
3.296729075500344219e-01,-3.759199037394885257e-01,-8.641711769176168012e-01,5.664077140030063934e-02
4.903926402016151043e-01,9.754516100806413792e-02,-4.811379353814154713e-01,-7.200738067288026123e-01
9.754516100806406853e-02,-4.903926402016151598e-01,-7.200738067288027233e-01,4.811379353814154713e-01
3.060012543773866223e-01,9.014506266676317603e-01,-1.354227012550563158e-01,2.746100726207685860e-01
9.014506266676317603e-01,-3.060012543773866223e-01,2.746100726207685860e-01,1.354227012550563436e-01
7.157301732145368023e-01,6.276785157628776979e-01,2.002553677439480179e-02,3.055306496522032789e-01
6.276785157628778089e-01,-7.157301732145366913e-01,3.055306496522032789e-01,-2.002553677439478444e-02
9.336797701402643757e-01,1.857204534530949580e-01,1.701079483971468798e-01,2.545845358463738606e-01
1.857204534530948192e-01,-9.336797701402643757e-01,2.545845358463739161e-01,-1.701079483971468242e-01
2.074882826554936277e-01,6.112407702594295777e-01,7.232298327076096545e-01,-2.455034468496448963e-01
6.112407702594295777e-01,-2.074882826554936277e-01,-2.455034468496448408e-01,-7.232298327076096545e-01
4.853105088969783543e-01,4.256058935456869530e-01,5.035836844747372254e-01,-5.742271380422399041e-01
4.256058935456870085e-01,-4.853105088969782988e-01,-5.742271380422399041e-01,-5.035836844747373364e-01
6.330941762011805807e-01,1.259302613624512235e-01,1.490026946653698892e-01,-7.490871313243820939e-01
1.259302613624511125e-01,-6.330941762011805807e-01,-7.490871313243820939e-01,-1.490026946653692508e-01
2.455034468496448963e-01,7.232298327076096545e-01,-6.112407702594294667e-01,2.074882826554935167e-01
7.232298327076096545e-01,-2.455034468496448963e-01,2.074882826554934889e-01,6.112407702594294667e-01
5.742271380422400151e-01,5.035836844747371144e-01,-4.256058935456868420e-01,4.853105088969783543e-01
5.035836844747372254e-01,-5.742271380422399041e-01,4.853105088969779657e-01,4.256058935456873416e-01
7.490871313243820939e-01,1.490026946653696671e-01,-1.259302613624514455e-01,6.330941762011804697e-01
1.490026946653695283e-01,-7.490871313243820939e-01,6.330941762011805807e-01,1.259302613624509182e-01
9.842033414822547177e-02,2.899369549163260951e-01,-8.537974130433845232e-01,-4.210462889997061975e-01
2.899369549163261506e-01,-9.842033414822548565e-02,-4.210462889997063085e-01,8.537974130433845232e-01
2.302029870794793653e-01,2.018826013793291185e-01,-9.499333938808594002e-01,6.226192407878248375e-02
2.018826013793291463e-01,-2.302029870794793376e-01,6.226192407878242130e-02,9.499333938808594002e-01
3.003029355275546042e-01,5.973396783684671585e-02,-7.915354889646020187e-01,5.288871048811535358e-01
5.973396783684666034e-02,-3.003029355275546042e-01,5.288871048811535358e-01,7.915354889646020187e-01
2.783747427314245959e-01,8.200655477516497482e-01,4.484363707663442389e-01,2.211443451095006507e-01
8.200655477516497482e-01,-2.783747427314245959e-01,2.211443451095006785e-01,-4.484363707663441834e-01
6.511123728531961197e-01,5.710102257556169958e-01,4.989294616193017951e-01,-3.270156461507146839e-02
5.710102257556171068e-01,-6.511123728531960086e-01,-3.270156461507144063e-02,-4.989294616193017951e-01
8.493849684870414807e-01,1.689531748984536841e-01,4.157348061512727289e-01,-2.777851165098009778e-01
1.689531748984535731e-01,-8.493849684870415917e-01,-2.777851165098011998e-01,-4.157348061512726733e-01
2.783747427314245959e-01,8.200655477516497482e-01,-4.484363707663441834e-01,-2.211443451095007062e-01
8.200655477516497482e-01,-2.783747427314245959e-01,-2.211443451095007340e-01,4.484363707663441834e-01
6.511123728531961197e-01,5.710102257556169958e-01,-4.989294616193017951e-01,3.270156461507163492e-02
5.710102257556171068e-01,-6.511123728531960086e-01,3.270156461507160023e-02,4.989294616193017951e-01
8.493849684870414807e-01,1.689531748984536841e-01,-4.157348061512727289e-01,2.777851165098009223e-01
1.689531748984535731e-01,-8.493849684870415917e-01,2.777851165098009778e-01,4.157348061512727844e-01
9.842033414822547177e-02,2.899369549163260951e-01,8.537974130433849673e-01,4.210462889997053648e-01
2.899369549163261506e-01,-9.842033414822548565e-02,4.210462889997054758e-01,-8.537974130433849673e-01
2.302029870794793931e-01,2.018826013793291463e-01,9.499333938808594002e-01,-6.226192407878301804e-02
2.018826013793291463e-01,-2.302029870794793376e-01,-6.226192407878296253e-02,-9.499333938808592892e-01
3.003029355275546042e-01,5.973396783684671585e-02,7.915354889646020187e-01,-5.288871048811536468e-01
5.973396783684666034e-02,-3.003029355275546042e-01,-5.288871048811539799e-01,-7.915354889646017966e-01
3.270156461507152390e-02,4.989294616193016285e-01,-5.664077140030029933e-02,-8.641711769176168012e-01
4.989294616193016285e-01,-3.270156461507145451e-02,-8.641711769176168012e-01,5.664077140030063934e-02
2.777851165098010888e-01,4.157348061512725623e-01,-4.811379353814155269e-01,-7.200738067288027233e-01
4.157348061512725068e-01,-2.777851165098011443e-01,-7.200738067288027233e-01,4.811379353814154713e-01
4.484363707663441279e-01,2.211443451095005952e-01,-7.767145781291029394e-01,-3.830332415362012188e-01
2.211443451095006230e-01,-4.484363707663440723e-01,-3.830332415362012743e-01,7.767145781291029394e-01
5.664077140030047280e-02,8.641711769176168012e-01,3.270156461507153778e-02,4.989294616193017951e-01
8.641711769176168012e-01,-5.664077140030034790e-02,4.989294616193017951e-01,-3.270156461507146839e-02
4.811379353814156934e-01,7.200738067288025013e-01,2.777851165098011443e-01,4.157348061512726733e-01
7.200738067288023903e-01,-4.811379353814157489e-01,4.157348061512726178e-01,-2.777851165098011998e-01
7.767145781291029394e-01,3.830332415362011078e-01,4.484363707663442389e-01,2.211443451095006507e-01
3.830332415362011078e-01,-7.767145781291029394e-01,2.211443451095006785e-01,-4.484363707663441834e-01
4.995246506401824355e-02,7.621273414380049793e-01,4.256058935456869530e-01,-4.853105088969782432e-01
7.621273414380049793e-01,-4.995246506401813946e-02,-4.853105088969782432e-01,-4.256058935456870085e-01
4.243237744460969241e-01,6.350454060719998850e-01,1.259302613624513623e-01,-6.330941762011804697e-01
6.350454060719998850e-01,-4.243237744460970906e-01,-6.330941762011806917e-01,-1.259302613624508627e-01
6.849978711360181771e-01,3.378035669919079997e-01,-2.074882826554935722e-01,-6.112407702594294667e-01
3.378035669919081108e-01,-6.849978711360181771e-01,-6.112407702594295777e-01,2.074882826554935444e-01
6.675178924798257432e-03,1.018435498840677966e-01,-6.559027324797889191e-01,7.479137242081335124e-01
1.018435498840677966e-01,-6.675178924798242687e-03,7.479137242081328463e-01,6.559027324797896963e-01
5.670264946571567516e-02,8.486151194879129611e-02,-1.940715666350597002e-01,9.756636512431663411e-01
8.486151194879128223e-02,-5.670264946571568904e-02,9.756636512431665631e-01,1.940715666350588953e-01
9.153669087358956569e-02,4.514090041835210759e-02,3.197609187633772554e-01,9.419852908431926020e-01
4.514090041835212147e-02,-9.153669087358956569e-02,9.419852908431927130e-01,-3.197609187633772554e-01
6.675178924798257432e-03,1.018435498840677966e-01,6.559027324797891412e-01,-7.479137242081332904e-01
1.018435498840677828e-01,-6.675178924798241820e-03,-7.479137242081331793e-01,-6.559027324797891412e-01
5.670264946571567516e-02,8.486151194879129611e-02,1.940715666350595892e-01,-9.756636512431664521e-01
8.486151194879128223e-02,-5.670264946571568904e-02,-9.756636512431665631e-01,-1.940715666350587565e-01
9.153669087358956569e-02,4.514090041835210759e-02,-3.197609187633773664e-01,-9.419852908431926020e-01
4.514090041835211453e-02,-9.153669087358955181e-02,-9.419852908431926020e-01,3.197609187633773109e-01
4.995246506401824355e-02,7.621273414380049793e-01,-4.256058935456868420e-01,4.853105088969783543e-01
7.621273414380049793e-01,-4.995246506401813946e-02,4.853105088969779657e-01,4.256058935456873416e-01
4.243237744460969241e-01,6.350454060719998850e-01,-1.259302613624514455e-01,6.330941762011804697e-01
6.350454060719997740e-01,-4.243237744460970351e-01,6.330941762011805807e-01,1.259302613624509182e-01
6.849978711360181771e-01,3.378035669919079997e-01,2.074882826554934889e-01,6.112407702594294667e-01
3.378035669919081108e-01,-6.849978711360181771e-01,6.112407702594295777e-01,-2.074882826554934889e-01
5.664077140030047280e-02,8.641711769176168012e-01,4.989294616193017951e-01,-3.270156461507146839e-02
8.641711769176168012e-01,-5.664077140030034790e-02,-3.270156461507144063e-02,-4.989294616193017951e-01
4.811379353814156934e-01,7.200738067288025013e-01,4.157348061512727844e-01,-2.777851165098010333e-01
7.200738067288023903e-01,-4.811379353814157489e-01,-2.777851165098011998e-01,-4.157348061512726733e-01
7.767145781291029394e-01,3.830332415362011078e-01,2.211443451095006785e-01,-4.484363707663441834e-01
3.830332415362011078e-01,-7.767145781291029394e-01,-4.484363707663441834e-01,-2.211443451095007062e-01
3.270156461507152390e-02,4.989294616193016285e-01,-8.641711769176168012e-01,5.664077140030063934e-02
4.989294616193016285e-01,-3.270156461507145451e-02,5.664077140030057689e-02,8.641711769176168012e-01
2.777851165098010888e-01,4.157348061512725623e-01,-7.200738067288027233e-01,4.811379353814154713e-01
4.157348061512725068e-01,-2.777851165098011443e-01,4.811379353814154713e-01,7.200738067288027233e-01
4.484363707663441279e-01,2.211443451095005952e-01,-3.830332415362012743e-01,7.767145781291029394e-01
2.211443451095005952e-01,-4.484363707663440168e-01,7.767145781291028284e-01,3.830332415362012743e-01
4.221753838303260453e-02,6.441151652612628897e-01,-5.742271380422399041e-01,-5.035836844747373364e-01
6.441151652612627787e-01,-4.221753838303250739e-02,-5.035836844747375585e-01,5.742271380422395710e-01
3.586190433555822565e-01,5.367113268875493004e-01,-7.490871313243819829e-01,-1.490026946653699169e-01
5.367113268875491894e-01,-3.586190433555823120e-01,-1.490026946653693063e-01,7.490871313243820939e-01
5.789288652705818494e-01,2.854961219056805222e-01,-7.232298327076095434e-01,2.455034468496447853e-01
2.854961219056805777e-01,-5.789288652705818494e-01,2.455034468496447575e-01,7.232298327076096545e-01
6.506159619481159673e-02,9.926481360653011121e-01,7.673432902649315879e-02,6.729420045977640985e-02
9.926481360653012231e-01,-6.506159619481147183e-02,6.729420045977643761e-02,-7.673432902649317267e-02
5.526690631481224747e-01,8.271277047544171035e-01,1.001009785091849374e-01,1.991132261228225134e-02
8.271277047544169925e-01,-5.526690631481225857e-01,1.991132261228223399e-02,-1.001009785091849374e-01
8.921893009492286586e-01,4.399790729171786929e-01,9.664565163877540666e-02,-3.280677804940850678e-02
4.399790729171787484e-01,-8.921893009492285476e-01,-3.280677804940850678e-02,-9.664565163877540666e-02
6.506159619481159673e-02,9.926481360653011121e-01,-7.673432902649315879e-02,-6.729420045977643761e-02
9.926481360653011121e-01,-6.506159619481145795e-02,-6.729420045977646536e-02,7.673432902649311715e-02
5.526690631481224747e-01,8.271277047544171035e-01,-1.001009785091849236e-01,-1.991132261228228603e-02
8.271277047544169925e-01,-5.526690631481225857e-01,-1.991132261228220277e-02,1.001009785091849513e-01
8.921893009492286586e-01,4.399790729171786929e-01,-9.664565163877540666e-02,3.280677804940849984e-02
4.399790729171787484e-01,-8.921893009492285476e-01,3.280677804940849290e-02,9.664565163877540666e-02
4.221753838303259759e-02,6.441151652612627787e-01,5.742271380422399041e-01,5.035836844747371144e-01
6.441151652612628897e-01,-4.221753838303251433e-02,5.035836844747372254e-01,-5.742271380422399041e-01
3.586190433555822565e-01,5.367113268875493004e-01,7.490871313243820939e-01,1.490026946653696671e-01
5.367113268875491894e-01,-3.586190433555823120e-01,1.490026946653695283e-01,-7.490871313243820939e-01
5.789288652705818494e-01,2.854961219056805222e-01,7.232298327076095434e-01,-2.455034468496448685e-01
2.854961219056805777e-01,-5.789288652705818494e-01,-2.455034468496448408e-01,-7.232298327076096545e-01
4.221753838303260453e-02,6.441151652612628897e-01,2.455034468496450351e-01,-7.232298327076095434e-01
6.441151652612628897e-01,-4.221753838303251433e-02,-7.232298327076095434e-01,-2.455034468496450628e-01
3.586190433555822565e-01,5.367113268875493004e-01,-1.490026946653696949e-01,-7.490871313243820939e-01
5.367113268875491894e-01,-3.586190433555823120e-01,-7.490871313243820939e-01,1.490026946653696394e-01
5.789288652705818494e-01,2.854961219056805222e-01,-5.035836844747371144e-01,-5.742271380422400151e-01
2.854961219056805777e-01,-5.789288652705818494e-01,-5.742271380422399041e-01,5.035836844747373364e-01
4.995246506401824355e-02,7.621273414380049793e-01,-2.074882826554937942e-01,6.112407702594294667e-01
7.621273414380049793e-01,-4.995246506401813946e-02,6.112407702594294667e-01,2.074882826554938220e-01
4.243237744460969241e-01,6.350454060719998850e-01,1.259302613624505573e-01,6.330941762011806917e-01
6.350454060719997740e-01,-4.243237744460970351e-01,6.330941762011806917e-01,-1.259302613624505296e-01
6.849978711360181771e-01,3.378035669919079997e-01,4.256058935456866199e-01,4.853105088969785763e-01
3.378035669919081108e-01,-6.849978711360181771e-01,4.853105088969782988e-01,-4.256058935456870085e-01
5.664077140030047280e-02,8.641711769176168012e-01,1.607197326515809044e-01,-4.734650647475528440e-01
8.641711769176168012e-01,-5.664077140030034790e-02,-4.734650647475528440e-01,-1.607197326515809321e-01
4.811379353814156934e-01,7.200738067288025013e-01,-9.754516100806419343e-02,-4.903926402016152708e-01
7.200738067288023903e-01,-4.811379353814157489e-01,-4.903926402016152708e-01,9.754516100806416568e-02
7.767145781291029394e-01,3.830332415362011078e-01,-3.296729075500344774e-01,-3.759199037394888032e-01
3.830332415362011078e-01,-7.767145781291029394e-01,-3.759199037394886367e-01,3.296729075500345885e-01
2.002553677439477056e-02,3.055306496522033899e-01,-1.857204534530953466e-01,9.336797701402642646e-01
3.055306496522033344e-01,-2.002553677439472199e-02,9.336797701402640426e-01,1.857204534530961793e-01
1.701079483971470185e-01,2.545845358463739161e-01,3.060012543773856786e-01,9.014506266676320934e-01
2.545845358463738606e-01,-1.701079483971470740e-01,9.014506266676317603e-01,-3.060012543773864557e-01
2.746100726207686971e-01,1.354227012550563158e-01,7.157301732145363582e-01,6.276785157628783640e-01
1.354227012550563436e-01,-2.746100726207686971e-01,6.276785157628783640e-01,-7.157301732145363582e-01
2.002553677439476709e-02,3.055306496522033344e-01,1.857204534530952078e-01,-9.336797701402642646e-01
3.055306496522033899e-01,-2.002553677439472546e-02,-9.336797701402642646e-01,-1.857204534530952911e-01
1.701079483971470185e-01,2.545845358463739161e-01,-3.060012543773865668e-01,-9.014506266676317603e-01
2.545845358463738606e-01,-1.701079483971470740e-01,-9.014506266676317603e-01,3.060012543773865668e-01
2.746100726207686415e-01,1.354227012550562881e-01,-7.157301732145366913e-01,-6.276785157628778089e-01
1.354227012550563158e-01,-2.746100726207686415e-01,-6.276785157628781420e-01,7.157301732145363582e-01
5.664077140030047280e-02,8.641711769176168012e-01,-1.607197326515809599e-01,4.734650647475528440e-01
8.641711769176168012e-01,-5.664077140030034790e-02,4.734650647475528440e-01,1.607197326515809876e-01
4.811379353814156934e-01,7.200738067288025013e-01,9.754516100806369383e-02,4.903926402016153818e-01
7.200738067288023903e-01,-4.811379353814157489e-01,4.903926402016153818e-01,-9.754516100806366607e-02
7.767145781291029394e-01,3.830332415362011078e-01,3.296729075500342554e-01,3.759199037394889698e-01
3.830332415362011078e-01,-7.767145781291029394e-01,3.759199037394886922e-01,-3.296729075500345330e-01
4.995246506401824355e-02,7.621273414380049793e-01,6.112407702594294667e-01,2.074882826554936832e-01
7.621273414380049793e-01,-4.995246506401813946e-02,2.074882826554937110e-01,-6.112407702594294667e-01
4.243237744460969241e-01,6.350454060719998850e-01,6.330941762011804697e-01,-1.259302613624511125e-01
6.350454060719998850e-01,-4.243237744460970906e-01,-1.259302613624512512e-01,-6.330941762011805807e-01
6.849978711360181771e-01,3.378035669919079997e-01,4.853105088969782988e-01,-4.256058935456868975e-01
3.378035669919080553e-01,-6.849978711360180661e-01,-4.256058935456868975e-01,-4.853105088969783543e-01
4.221753838303260453e-02,6.441151652612628897e-01,-7.232298327076095434e-01,-2.455034468496450628e-01
6.441151652612628897e-01,-4.221753838303251433e-02,-2.455034468496451183e-01,7.232298327076095434e-01
3.586190433555822565e-01,5.367113268875493004e-01,-7.490871313243822049e-01,1.490026946653689732e-01
5.367113268875491894e-01,-3.586190433555823120e-01,1.490026946653689177e-01,7.490871313243822049e-01
5.789288652705818494e-01,2.854961219056805222e-01,-5.742271380422402371e-01,5.035836844747367813e-01
2.854961219056805222e-01,-5.789288652705817384e-01,5.035836844747367813e-01,5.742271380422402371e-01
3.270156461507153084e-02,4.989294616193016840e-01,-8.200655477516497482e-01,-2.783747427314248180e-01
4.989294616193016840e-01,-3.270156461507146145e-02,-2.783747427314248735e-01,8.200655477516497482e-01
2.777851165098010333e-01,4.157348061512725068e-01,-8.493849684870418137e-01,1.689531748984529069e-01
4.157348061512724513e-01,-2.777851165098010888e-01,1.689531748984528792e-01,8.493849684870418137e-01
4.484363707663440723e-01,2.211443451095005674e-01,-6.511123728531964527e-01,5.710102257556165517e-01
2.211443451095005952e-01,-4.484363707663440168e-01,5.710102257556165517e-01,6.511123728531964527e-01
6.226192407878314988e-02,9.499333938808594002e-01,3.003029355275545487e-01,5.973396783684676442e-02
9.499333938808594002e-01,-6.226192407878301804e-02,5.973396783684678524e-02,-3.003029355275545487e-01
5.288871048811538689e-01,7.915354889646019076e-01,2.899369549163260396e-01,-9.842033414822538850e-02
7.915354889646017966e-01,-5.288871048811539799e-01,-9.842033414822544402e-02,-2.899369549163260396e-01
8.537974130433850783e-01,4.210462889997054203e-01,2.018826013793291185e-01,-2.302029870794792821e-01
4.210462889997054758e-01,-8.537974130433849673e-01,-2.302029870794792821e-01,-2.018826013793291463e-01
6.226192407878314988e-02,9.499333938808594002e-01,-3.003029355275544932e-01,-5.973396783684680605e-02
9.499333938808594002e-01,-6.226192407878301804e-02,-5.973396783684708361e-02,3.003029355275544932e-01
5.288871048811538689e-01,7.915354889646019076e-01,-2.899369549163261506e-01,9.842033414822516646e-02
7.915354889646017966e-01,-5.288871048811539799e-01,9.842033414822540238e-02,2.899369549163260396e-01
8.537974130433850783e-01,4.210462889997054203e-01,-2.018826013793292573e-01,2.302029870794791988e-01
4.210462889997054758e-01,-8.537974130433849673e-01,2.302029870794791711e-01,2.018826013793292851e-01
3.270156461507153084e-02,4.989294616193016840e-01,8.200655477516497482e-01,2.783747427314247624e-01
4.989294616193016840e-01,-3.270156461507146145e-02,2.783747427314247624e-01,-8.200655477516497482e-01
2.777851165098010333e-01,4.157348061512725068e-01,8.493849684870415917e-01,-1.689531748984536008e-01
4.157348061512724513e-01,-2.777851165098010888e-01,-1.689531748984537396e-01,-8.493849684870415917e-01
4.484363707663441279e-01,2.211443451095005952e-01,6.511123728531961197e-01,-5.710102257556171068e-01
2.211443451095005952e-01,-4.484363707663440168e-01,-5.710102257556169958e-01,-6.511123728531961197e-01
2.074882826554935999e-01,6.112407702594294667e-01,-5.035836844747371144e-01,-5.742271380422400151e-01
6.112407702594295777e-01,-2.074882826554936277e-01,-5.742271380422399041e-01,5.035836844747373364e-01
4.853105088969783543e-01,4.256058935456869530e-01,-7.232298327076095434e-01,-2.455034468496450628e-01
4.256058935456870085e-01,-4.853105088969782988e-01,-2.455034468496451183e-01,7.232298327076095434e-01
6.330941762011805807e-01,1.259302613624512235e-01,-7.490871313243820939e-01,1.490026946653696394e-01
1.259302613624511125e-01,-6.330941762011805807e-01,1.490026946653696116e-01,7.490871313243820939e-01
2.455034468496448963e-01,7.232298327076096545e-01,4.256058935456869530e-01,4.853105088969782988e-01
7.232298327076096545e-01,-2.455034468496448963e-01,4.853105088969782988e-01,-4.256058935456868975e-01
5.742271380422400151e-01,5.035836844747371144e-01,6.112407702594294667e-01,2.074882826554936832e-01
5.035836844747372254e-01,-5.742271380422399041e-01,2.074882826554937110e-01,-6.112407702594294667e-01
7.490871313243820939e-01,1.490026946653696671e-01,6.330941762011804697e-01,-1.259302613624511125e-01
1.490026946653695283e-01,-7.490871313243820939e-01,-1.259302613624512235e-01,-6.330941762011804697e-01
2.783747427314245959e-01,8.200655477516497482e-01,3.759199037394887477e-01,-3.296729075500344774e-01
8.200655477516497482e-01,-2.783747427314245959e-01,-3.296729075500344774e-01,-3.759199037394888032e-01
6.511123728531961197e-01,5.710102257556169958e-01,1.607197326515809044e-01,-4.734650647475528440e-01
5.710102257556171068e-01,-6.511123728531960086e-01,-4.734650647475528440e-01,-1.607197326515809321e-01
8.493849684870414807e-01,1.689531748984536841e-01,-9.754516100806417955e-02,-4.903926402016152153e-01
1.689531748984535731e-01,-8.493849684870415917e-01,-4.903926402016152708e-01,9.754516100806416568e-02
9.842033414822547177e-02,2.899369549163260951e-01,-7.915354889646020187e-01,5.288871048811535358e-01
2.899369549163260951e-01,-9.842033414822547177e-02,5.288871048811535358e-01,7.915354889646020187e-01
2.302029870794793931e-01,2.018826013793291463e-01,-4.210462889997055869e-01,8.537974130433849673e-01
2.018826013793291740e-01,-2.302029870794793653e-01,8.537974130433845232e-01,4.210462889997063640e-01
3.003029355275546042e-01,5.973396783684671585e-02,6.226192407878242130e-02,9.499333938808594002e-01
5.973396783684666034e-02,-3.003029355275546042e-01,9.499333938808592892e-01,-6.226192407878321233e-02
9.842033414822547177e-02,2.899369549163260951e-01,7.915354889646020187e-01,-5.288871048811536468e-01
2.899369549163260951e-01,-9.842033414822547177e-02,-5.288871048811536468e-01,-7.915354889646020187e-01
2.302029870794793931e-01,2.018826013793291463e-01,4.210462889997054758e-01,-8.537974130433849673e-01
2.018826013793291740e-01,-2.302029870794793653e-01,-8.537974130433849673e-01,-4.210462889997055314e-01
3.003029355275546042e-01,5.973396783684671585e-02,-6.226192407878296253e-02,-9.499333938808592892e-01
5.973396783684666034e-02,-3.003029355275546042e-01,-9.499333938808592892e-01,6.226192407878333029e-02
2.783747427314245959e-01,8.200655477516497482e-01,-3.759199037394886367e-01,3.296729075500345885e-01
8.200655477516497482e-01,-2.783747427314245959e-01,3.296729075500345885e-01,3.759199037394886922e-01
6.511123728531961197e-01,5.710102257556169958e-01,-1.607197326515805436e-01,4.734650647475529550e-01
5.710102257556171068e-01,-6.511123728531960086e-01,4.734650647475528440e-01,1.607197326515809876e-01
8.493849684870414807e-01,1.689531748984536841e-01,9.754516100806412404e-02,4.903926402016152153e-01
1.689531748984535731e-01,-8.493849684870415917e-01,4.903926402016152153e-01,-9.754516100806454038e-02
2.455034468496448963e-01,7.232298327076096545e-01,4.853105088969782988e-01,-4.256058935456868975e-01
7.232298327076096545e-01,-2.455034468496448963e-01,-4.256058935456868975e-01,-4.853105088969783543e-01
5.742271380422400151e-01,5.035836844747371144e-01,2.074882826554937110e-01,-6.112407702594294667e-01
5.035836844747372254e-01,-5.742271380422399041e-01,-6.112407702594294667e-01,-2.074882826554937387e-01
7.490871313243820939e-01,1.490026946653696671e-01,-1.259302613624512235e-01,-6.330941762011804697e-01
1.490026946653695283e-01,-7.490871313243820939e-01,-6.330941762011804697e-01,1.259302613624511680e-01
2.074882826554936277e-01,6.112407702594295777e-01,-5.742271380422399041e-01,5.035836844747373364e-01
6.112407702594295777e-01,-2.074882826554936277e-01,5.035836844747373364e-01,5.742271380422399041e-01
4.853105088969783543e-01,4.256058935456869530e-01,-2.455034468496444799e-01,7.232298327076097655e-01
4.256058935456870085e-01,-4.853105088969782988e-01,7.232298327076095434e-01,2.455034468496451461e-01
6.330941762011805807e-01,1.259302613624512235e-01,1.490026946653696116e-01,7.490871313243820939e-01
1.259302613624511125e-01,-6.330941762011805807e-01,7.490871313243819829e-01,-1.490026946653702222e-01
1.607197326515807656e-01,4.734650647475527330e-01,-5.710102257556169958e-01,-6.511123728531961197e-01
4.734650647475527330e-01,-1.607197326515807656e-01,-6.511123728531958976e-01,5.710102257556172178e-01
3.759199037394886367e-01,3.296729075500344219e-01,-8.200655477516497482e-01,-2.783747427314248180e-01
3.296729075500344774e-01,-3.759199037394885812e-01,-2.783747427314248735e-01,8.200655477516497482e-01
4.903926402016151043e-01,9.754516100806413792e-02,-8.493849684870415917e-01,1.689531748984536841e-01
9.754516100806405465e-02,-4.903926402016151043e-01,1.689531748984536286e-01,8.493849684870415917e-01
3.060012543773866223e-01,9.014506266676317603e-01,1.701079483971469630e-01,2.545845358463738051e-01
9.014506266676317603e-01,-3.060012543773866223e-01,2.545845358463738051e-01,-1.701079483971470185e-01
7.157301732145369133e-01,6.276785157628778089e-01,2.746100726207686415e-01,1.354227012550563158e-01
6.276785157628778089e-01,-7.157301732145366913e-01,1.354227012550562881e-01,-2.746100726207685860e-01
9.336797701402643757e-01,1.857204534530949580e-01,3.055306496522032789e-01,-2.002553677439471852e-02
1.857204534530948192e-01,-9.336797701402643757e-01,-2.002553677439483995e-02,-3.055306496522032789e-01
3.060012543773866223e-01,9.014506266676317603e-01,-1.701079483971469075e-01,-2.545845358463738606e-01
9.014506266676317603e-01,-3.060012543773866223e-01,-2.545845358463738606e-01,1.701079483971468798e-01
7.157301732145369133e-01,6.276785157628778089e-01,-2.746100726207686415e-01,-1.354227012550563436e-01
6.276785157628778089e-01,-7.157301732145366913e-01,-1.354227012550565656e-01,2.746100726207684195e-01
9.336797701402643757e-01,1.857204534530949580e-01,-3.055306496522032789e-01,2.002553677439454852e-02
1.857204534530948192e-01,-9.336797701402643757e-01,2.002553677439480179e-02,3.055306496522032789e-01
1.607197326515807656e-01,4.734650647475527330e-01,5.710102257556171068e-01,6.511123728531960086e-01
4.734650647475527330e-01,-1.607197326515807656e-01,6.511123728531960086e-01,-5.710102257556169958e-01
3.759199037394886367e-01,3.296729075500344219e-01,8.200655477516497482e-01,2.783747427314247624e-01
3.296729075500344774e-01,-3.759199037394885812e-01,2.783747427314247624e-01,-8.200655477516497482e-01
4.903926402016151043e-01,9.754516100806413792e-02,8.493849684870415917e-01,-1.689531748984536008e-01
9.754516100806405465e-02,-4.903926402016151043e-01,-1.689531748984537396e-01,-8.493849684870415917e-01
2.074882826554936277e-01,6.112407702594295777e-01,4.995246506401828518e-02,-7.621273414380049793e-01
6.112407702594295777e-01,-2.074882826554936277e-01,-7.621273414380049793e-01,-4.995246506401866682e-02
4.853105088969783543e-01,4.256058935456869530e-01,-3.378035669919078887e-01,-6.849978711360181771e-01
4.256058935456869530e-01,-4.853105088969782432e-01,-6.849978711360181771e-01,3.378035669919077777e-01
6.330941762011805807e-01,1.259302613624512235e-01,-6.350454060719998850e-01,-4.243237744460969241e-01
1.259302613624511125e-01,-6.330941762011805807e-01,-4.243237744460969241e-01,6.350454060719998850e-01
2.455034468496448963e-01,7.232298327076096545e-01,-4.221753838303299311e-02,6.441151652612627787e-01
7.232298327076096545e-01,-2.455034468496448963e-01,6.441151652612627787e-01,4.221753838303303474e-02
5.742271380422400151e-01,5.035836844747371144e-01,2.854961219056803001e-01,5.789288652705819604e-01
5.035836844747372254e-01,-5.742271380422399041e-01,5.789288652705821825e-01,-2.854961219056798005e-01
7.490871313243820939e-01,1.490026946653696671e-01,5.367113268875488563e-01,3.586190433555827561e-01
1.490026946653695283e-01,-7.490871313243820939e-01,3.586190433555822565e-01,-5.367113268875490784e-01
2.783747427314245959e-01,8.200655477516497482e-01,3.270156461507156553e-02,-4.989294616193017951e-01
8.200655477516497482e-01,-2.783747427314245959e-01,-4.989294616193017951e-01,-3.270156461507181533e-02
6.511123728531961197e-01,5.710102257556169958e-01,-2.211443451095005674e-01,-4.484363707663442389e-01
5.710102257556171068e-01,-6.511123728531960086e-01,-4.484363707663442944e-01,2.211443451095005397e-01
8.493849684870414807e-01,1.689531748984536841e-01,-4.157348061512726178e-01,-2.777851165098010888e-01
1.689531748984535731e-01,-8.493849684870415917e-01,-2.777851165098011443e-01,4.157348061512726733e-01
9.842033414822547177e-02,2.899369549163260951e-01,6.226192407878242130e-02,9.499333938808594002e-01
2.899369549163260951e-01,-9.842033414822547177e-02,9.499333938808594002e-01,-6.226192407878236579e-02
2.302029870794793653e-01,2.018826013793291185e-01,5.288871048811535358e-01,7.915354889646020187e-01
2.018826013793291463e-01,-2.302029870794793376e-01,7.915354889646021297e-01,-5.288871048811534248e-01
3.003029355275546597e-01,5.973396783684672279e-02,8.537974130433845232e-01,4.210462889997063640e-01
5.973396783684666728e-02,-3.003029355275546597e-01,4.210462889997064195e-01,-8.537974130433845232e-01
9.842033414822547177e-02,2.899369549163260951e-01,-6.226192407878296253e-02,-9.499333938808592892e-01
2.899369549163260951e-01,-9.842033414822547177e-02,-9.499333938808592892e-01,6.226192407878333029e-02
2.302029870794793653e-01,2.018826013793291185e-01,-5.288871048811536468e-01,-7.915354889646020187e-01
2.018826013793291740e-01,-2.302029870794793653e-01,-7.915354889646021297e-01,5.288871048811536468e-01
3.003029355275546597e-01,5.973396783684672279e-02,-8.537974130433849673e-01,-4.210462889997055314e-01
5.973396783684666728e-02,-3.003029355275546597e-01,-4.210462889997055869e-01,8.537974130433849673e-01
2.783747427314245959e-01,8.200655477516497482e-01,-3.270156461507184309e-02,4.989294616193017951e-01
8.200655477516497482e-01,-2.783747427314245959e-01,4.989294616193017951e-01,3.270156461507187778e-02
6.511123728531961197e-01,5.710102257556169958e-01,2.211443451095005119e-01,4.484363707663442944e-01
5.710102257556171068e-01,-6.511123728531960086e-01,4.484363707663445164e-01,-2.211443451095000956e-01
8.493849684870414807e-01,1.689531748984536841e-01,4.157348061512723403e-01,2.777851165098015329e-01
1.689531748984535731e-01,-8.493849684870415917e-01,2.777851165098011998e-01,-4.157348061512726178e-01
2.455034468496448963e-01,7.232298327076096545e-01,6.441151652612627787e-01,4.221753838303259065e-02
7.232298327076096545e-01,-2.455034468496448963e-01,4.221753838303263229e-02,-6.441151652612627787e-01
5.742271380422400151e-01,5.035836844747371144e-01,5.789288652705818494e-01,-2.854961219056804111e-01
5.035836844747372254e-01,-5.742271380422399041e-01,-2.854961219056804111e-01,-5.789288652705818494e-01
7.490871313243820939e-01,1.490026946653696671e-01,3.586190433555822010e-01,-5.367113268875493004e-01
1.490026946653695283e-01,-7.490871313243820939e-01,-5.367113268875491894e-01,-3.586190433555822010e-01
2.074882826554936277e-01,6.112407702594295777e-01,-7.621273414380049793e-01,-4.995246506401866682e-02
6.112407702594294667e-01,-2.074882826554935999e-01,-4.995246506401870151e-02,7.621273414380048683e-01
4.853105088969782988e-01,4.256058935456868975e-01,-6.849978711360181771e-01,3.378035669919077777e-01
4.256058935456870085e-01,-4.853105088969782988e-01,3.378035669919072226e-01,6.849978711360185102e-01
6.330941762011805807e-01,1.259302613624512235e-01,-4.243237744460975347e-01,6.350454060719995519e-01
1.259302613624511125e-01,-6.330941762011805807e-01,6.350454060719998850e-01,4.243237744460969796e-01
1.607197326515807656e-01,4.734650647475527330e-01,-8.641711769176168012e-01,-5.664077140030095159e-02
4.734650647475527330e-01,-1.607197326515807656e-01,-5.664077140030100016e-02,8.641711769176168012e-01
3.759199037394885812e-01,3.296729075500343664e-01,-7.767145781291030504e-01,3.830332415362008858e-01
3.296729075500344219e-01,-3.759199037394885257e-01,3.830332415362001641e-01,7.767145781291033835e-01
4.903926402016151043e-01,9.754516100806413792e-02,-4.811379353814163595e-01,7.200738067288020572e-01
9.754516100806406853e-02,-4.903926402016151598e-01,7.200738067288025013e-01,4.811379353814158044e-01
3.060012543773866223e-01,9.014506266676317603e-01,3.055306496522032789e-01,-2.002553677439471852e-02
9.014506266676317603e-01,-3.060012543773866223e-01,-2.002553677439470464e-02,-3.055306496522032789e-01
7.157301732145368023e-01,6.276785157628776979e-01,2.545845358463738606e-01,-1.701079483971469075e-01
6.276785157628778089e-01,-7.157301732145366913e-01,-1.701079483971469075e-01,-2.545845358463738606e-01
9.336797701402643757e-01,1.857204534530949580e-01,1.354227012550562881e-01,-2.746100726207685860e-01
1.857204534530948192e-01,-9.336797701402643757e-01,-2.746100726207685860e-01,-1.354227012550563158e-01
3.060012543773866223e-01,9.014506266676317603e-01,-3.055306496522032789e-01,2.002553677439454852e-02
9.014506266676317603e-01,-3.060012543773866223e-01,2.002553677439452770e-02,3.055306496522032789e-01
7.157301732145369133e-01,6.276785157628778089e-01,-2.545845358463739161e-01,1.701079483971469075e-01
6.276785157628778089e-01,-7.157301732145366913e-01,1.701079483971468798e-01,2.545845358463738606e-01
9.336797701402643757e-01,1.857204534530949580e-01,-1.354227012550565656e-01,2.746100726207684195e-01
1.857204534530948192e-01,-9.336797701402643757e-01,2.746100726207684195e-01,1.354227012550565934e-01
1.607197326515807656e-01,4.734650647475527330e-01,8.641711769176168012e-01,5.664077140030045893e-02
4.734650647475527330e-01,-1.607197326515807656e-01,5.664077140030052138e-02,-8.641711769176168012e-01
3.759199037394885812e-01,3.296729075500343664e-01,7.767145781291029394e-01,-3.830332415362009968e-01
3.296729075500344774e-01,-3.759199037394885812e-01,-3.830332415362009968e-01,-7.767145781291030504e-01
4.903926402016151043e-01,9.754516100806413792e-02,4.811379353814156934e-01,-7.200738067288025013e-01
9.754516100806406853e-02,-4.903926402016151598e-01,-7.200738067288025013e-01,-4.811379353814157489e-01
4.221753838303260453e-02,6.441151652612628897e-01,-3.378035669919078887e-01,-6.849978711360181771e-01
6.441151652612627787e-01,-4.221753838303250739e-02,-6.849978711360181771e-01,3.378035669919077777e-01
3.586190433555822565e-01,5.367113268875493004e-01,-6.350454060719998850e-01,-4.243237744460969241e-01
5.367113268875491894e-01,-3.586190433555823120e-01,-4.243237744460969241e-01,6.350454060719998850e-01
5.789288652705818494e-01,2.854961219056805222e-01,-7.621273414380048683e-01,-4.995246506401865988e-02
2.854961219056805777e-01,-5.789288652705818494e-01,-4.995246506401870845e-02,7.621273414380049793e-01
4.995246506401824355e-02,7.621273414380049793e-01,2.854961219056805222e-01,5.789288652705818494e-01
7.621273414380049793e-01,-4.995246506401813946e-02,5.789288652705818494e-01,-2.854961219056804111e-01
4.243237744460969241e-01,6.350454060719998850e-01,5.367113268875491894e-01,3.586190433555822565e-01
6.350454060719997740e-01,-4.243237744460970351e-01,3.586190433555822010e-01,-5.367113268875493004e-01
6.849978711360181771e-01,3.378035669919079997e-01,6.441151652612627787e-01,4.221753838303259065e-02
3.378035669919081108e-01,-6.849978711360181771e-01,4.221753838303263923e-02,-6.441151652612628897e-01
5.664077140030047280e-02,8.641711769176168012e-01,4.484363707663442389e-01,-2.211443451095005952e-01
8.641711769176168012e-01,-5.664077140030034790e-02,-2.211443451095005674e-01,-4.484363707663442389e-01
4.811379353814156379e-01,7.200738067288023903e-01,2.777851165098010888e-01,-4.157348061512726733e-01
7.200738067288023903e-01,-4.811379353814157489e-01,-4.157348061512726733e-01,-2.777851165098011443e-01
7.767145781291029394e-01,3.830332415362011078e-01,3.270156461507156553e-02,-4.989294616193017951e-01
3.830332415362011078e-01,-7.767145781291029394e-01,-4.989294616193017951e-01,-3.270156461507181533e-02
2.002553677439477056e-02,3.055306496522033899e-01,-9.014506266676317603e-01,3.060012543773865668e-01
3.055306496522033899e-01,-2.002553677439472546e-02,3.060012543773865112e-01,9.014506266676317603e-01
1.701079483971469908e-01,2.545845358463738606e-01,-6.276785157628781420e-01,7.157301732145363582e-01
2.545845358463738606e-01,-1.701079483971470740e-01,7.157301732145363582e-01,6.276785157628783640e-01
2.746100726207686971e-01,1.354227012550563158e-01,-1.857204534530953466e-01,9.336797701402642646e-01
1.354227012550563158e-01,-2.746100726207686415e-01,9.336797701402641536e-01,1.857204534530953743e-01
2.002553677439477056e-02,3.055306496522033899e-01,9.014506266676317603e-01,-3.060012543773864557e-01
3.055306496522033899e-01,-2.002553677439472546e-02,-3.060012543773865668e-01,-9.014506266676317603e-01
1.701079483971470185e-01,2.545845358463739161e-01,6.276785157628778089e-01,-7.157301732145368023e-01
2.545845358463738051e-01,-1.701079483971470463e-01,-7.157301732145369133e-01,-6.276785157628775869e-01
2.746100726207686415e-01,1.354227012550562881e-01,1.857204534530952078e-01,-9.336797701402642646e-01
1.354227012550563436e-01,-2.746100726207686971e-01,-9.336797701402642646e-01,-1.857204534530952911e-01
5.664077140030047280e-02,8.641711769176168012e-01,-4.484363707663440723e-01,2.211443451095009560e-01
8.641711769176168012e-01,-5.664077140030034790e-02,2.211443451095009283e-01,4.484363707663440723e-01
4.811379353814156934e-01,7.200738067288025013e-01,-2.777851165098011443e-01,4.157348061512726733e-01
7.200738067288023903e-01,-4.811379353814157489e-01,4.157348061512726733e-01,2.777851165098011998e-01
7.767145781291029394e-01,3.830332415362011078e-01,-3.270156461507140594e-02,4.989294616193017951e-01
3.830332415362011078e-01,-7.767145781291029394e-01,4.989294616193017951e-01,3.270156461507143369e-02
4.995246506401824355e-02,7.621273414380049793e-01,5.789288652705818494e-01,-2.854961219056804111e-01
7.621273414380049793e-01,-4.995246506401813946e-02,-2.854961219056804111e-01,-5.789288652705818494e-01
4.243237744460969241e-01,6.350454060719998850e-01,3.586190433555822010e-01,-5.367113268875493004e-01
6.350454060719998850e-01,-4.243237744460970906e-01,-5.367113268875493004e-01,-3.586190433555822565e-01
6.849978711360181771e-01,3.378035669919079997e-01,4.221753838303263229e-02,-6.441151652612627787e-01
3.378035669919080553e-01,-6.849978711360180661e-01,-6.441151652612627787e-01,-4.221753838303295842e-02
4.221753838303259759e-02,6.441151652612627787e-01,-6.849978711360178441e-01,3.378035669919083883e-01
6.441151652612628897e-01,-4.221753838303251433e-02,3.378035669919084438e-01,6.849978711360179551e-01
3.586190433555822565e-01,5.367113268875493004e-01,-4.243237744460969241e-01,6.350454060719998850e-01
5.367113268875491894e-01,-3.586190433555823120e-01,6.350454060719998850e-01,4.243237744460969796e-01
5.789288652705818494e-01,2.854961219056805222e-01,-4.995246506401803538e-02,7.621273414380048683e-01
2.854961219056805777e-01,-5.789288652705818494e-01,7.621273414380049793e-01,4.995246506401808395e-02
3.270156461507153084e-02,4.989294616193016840e-01,-3.830332415362009968e-01,-7.767145781291030504e-01
4.989294616193016285e-01,-3.270156461507145451e-02,-7.767145781291030504e-01,3.830332415362008858e-01
2.777851165098010888e-01,4.157348061512725623e-01,-7.200738067288025013e-01,-4.811379353814157489e-01
4.157348061512725068e-01,-2.777851165098011443e-01,-4.811379353814157489e-01,7.200738067288025013e-01
4.484363707663440723e-01,2.211443451095005674e-01,-8.641711769176168012e-01,-5.664077140030095159e-02
2.211443451095005952e-01,-4.484363707663440168e-01,-5.664077140030100016e-02,8.641711769176168012e-01
6.226192407878314988e-02,9.499333938808594002e-01,9.842033414822544402e-02,2.899369549163260396e-01
9.499333938808594002e-01,-6.226192407878301804e-02,2.899369549163260396e-01,-9.842033414822538850e-02
5.288871048811538689e-01,7.915354889646019076e-01,2.302029870794792821e-01,2.018826013793291185e-01
7.915354889646017966e-01,-5.288871048811539799e-01,2.018826013793290075e-01,-2.302029870794793931e-01
8.537974130433850783e-01,4.210462889997054203e-01,3.003029355275545487e-01,5.973396783684670197e-02
4.210462889997054758e-01,-8.537974130433849673e-01,5.973396783684665340e-02,-3.003029355275545487e-01
6.226192407878314988e-02,9.499333938808594002e-01,-9.842033414822530524e-02,-2.899369549163260396e-01
9.499333938808594002e-01,-6.226192407878301804e-02,-2.899369549163260396e-01,9.842033414822541626e-02
5.288871048811538689e-01,7.915354889646019076e-01,-2.302029870794791988e-01,-2.018826013793292573e-01
7.915354889646017966e-01,-5.288871048811539799e-01,-2.018826013793292573e-01,2.302029870794791988e-01
8.537974130433850783e-01,4.210462889997054203e-01,-3.003029355275544932e-01,-5.973396783684680605e-02
4.210462889997054758e-01,-8.537974130433849673e-01,-5.973396783684681993e-02,3.003029355275544932e-01
3.270156461507152390e-02,4.989294616193016285e-01,3.830332415362011078e-01,7.767145781291029394e-01
4.989294616193016285e-01,-3.270156461507145451e-02,7.767145781291029394e-01,-3.830332415362009968e-01
2.777851165098010888e-01,4.157348061512725623e-01,7.200738067288025013e-01,4.811379353814158044e-01
4.157348061512724513e-01,-2.777851165098010888e-01,4.811379353814156934e-01,-7.200738067288025013e-01
4.484363707663440723e-01,2.211443451095005674e-01,8.641711769176168012e-01,5.664077140030045893e-02
2.211443451095005952e-01,-4.484363707663440168e-01,5.664077140030052138e-02,-8.641711769176168012e-01
5.340143139838603170e-02,8.147483990725419289e-01,7.535933221454385600e-02,-5.724109576008407085e-01
8.147483990725419289e-01,-5.340143139838591374e-02,-5.724109576008405975e-01,-7.535933221454414743e-02
4.536211957257252347e-01,6.788920955903301468e-01,-2.209423826903942345e-01,-5.334020967941771607e-01
6.788920955903300358e-01,-4.536211957257252902e-01,-5.334020967941770497e-01,2.209423826903946786e-01
7.322935269887161924e-01,3.611272033468166942e-01,-4.580427645796333325e-01,-3.514685749104463075e-01
3.611272033468167497e-01,-7.322935269887160814e-01,-3.514685749104463075e-01,4.580427645796333325e-01
3.776051426686698187e-02,5.761141179450779415e-01,-1.065741896691873719e-01,8.095113394900795845e-01
5.761141179450778305e-01,-3.776051426686689860e-02,8.095113394900793624e-01,1.065741896691881213e-01
3.207586235876104253e-01,4.800492044858682417e-01,3.124597141037819825e-01,7.543444794845718393e-01
4.800492044858681862e-01,-3.207586235876104808e-01,7.543444794845715062e-01,-3.124597141037825931e-01
5.178097187527352929e-01,2.553554943574673497e-01,6.477702898153840927e-01,4.970516253862973244e-01
2.553554943574674607e-01,-5.178097187527352929e-01,4.970516253862973799e-01,-6.477702898153840927e-01
6.402606702260035809e-02,9.768490139601672118e-01,6.561355609881702744e-02,-1.932913032775507023e-01
9.768490139601672118e-01,-6.402606702260021931e-02,-1.932913032775507023e-01,-6.561355609881702744e-02
5.438727075260606503e-01,8.139630282399844541e-01,-3.982264522456448186e-02,-2.002019570183697361e-01
8.139630282399843431e-01,-5.438727075260607613e-01,-2.002019570183697361e-01,3.982264522456446798e-02
8.779890952625847289e-01,4.329763064341065615e-01,-1.345884009195527364e-01,-1.534686580529862621e-01
4.329763064341066170e-01,-8.779890952625846179e-01,-1.534686580529861788e-01,1.345884009195527642e-01
3.776051426686697493e-02,5.761141179450778305e-01,-4.082482904638627397e-01,7.071067811865476838e-01
5.761141179450778305e-01,-3.776051426686689860e-02,7.071067811865476838e-01,4.082482904638627952e-01
3.207586235876104808e-01,4.800492044858682972e-01,-1.999839848695795196e-16,8.164965809277261455e-01
4.800492044858682417e-01,-3.207586235876105363e-01,8.164965809277261455e-01,2.499799810869744242e-16
5.178097187527354039e-01,2.553554943574674052e-01,4.082482904638630727e-01,7.071067811865475727e-01
2.553554943574674052e-01,-5.178097187527351819e-01,7.071067811865472397e-01,-4.082482904638636279e-01
3.776051426686697493e-02,5.761141179450778305e-01,4.082482904638629617e-01,-7.071067811865475727e-01
5.761141179450779415e-01,-3.776051426686690554e-02,-7.071067811865477948e-01,-4.082482904638627397e-01
3.207586235876104808e-01,4.800492044858682972e-01,9.999199243478975982e-17,-8.164965809277261455e-01
4.800492044858682417e-01,-3.207586235876105363e-01,-8.164965809277261455e-01,-1.499879886521846397e-16
5.178097187527352929e-01,2.553554943574673497e-01,-4.082482904638631283e-01,-7.071067811865474617e-01
2.553554943574674607e-01,-5.178097187527352929e-01,-7.071067811865475727e-01,4.082482904638631838e-01
6.402606702260035809e-02,9.768490139601672118e-01,-6.561355609881704132e-02,1.932913032775507023e-01
9.768490139601672118e-01,-6.402606702260021931e-02,1.932913032775507023e-01,6.561355609881705520e-02
5.438727075260606503e-01,8.139630282399844541e-01,3.982264522456428063e-02,2.002019570183697639e-01
8.139630282399843431e-01,-5.438727075260607613e-01,2.002019570183697639e-01,-3.982264522456426675e-02
8.779890952625847289e-01,4.329763064341065615e-01,1.345884009195526532e-01,1.534686580529863176e-01
4.329763064341066170e-01,-8.779890952625846179e-01,1.534686580529862066e-01,-1.345884009195527642e-01
3.776051426686698187e-02,5.761141179450779415e-01,8.095113394900795845e-01,1.065741896691873858e-01
5.761141179450779415e-01,-3.776051426686690554e-02,1.065741896691872748e-01,-8.095113394900795845e-01
3.207586235876104808e-01,4.800492044858682972e-01,7.543444794845716173e-01,-3.124597141037825376e-01
4.800492044858682417e-01,-3.207586235876105363e-01,-3.124597141037827597e-01,-7.543444794845715062e-01
5.178097187527352929e-01,2.553554943574673497e-01,4.970516253862972134e-01,-6.477702898153842037e-01
2.553554943574674052e-01,-5.178097187527351819e-01,-6.477702898153840927e-01,-4.970516253862972134e-01
5.340143139838603170e-02,8.147483990725419289e-01,-5.724109576008407085e-01,-7.535933221454364783e-02
8.147483990725419289e-01,-5.340143139838591374e-02,-7.535933221454420294e-02,5.724109576008405975e-01
4.536211957257252347e-01,6.788920955903301468e-01,-5.334020967941771607e-01,2.209423826903942067e-01
6.788920955903300358e-01,-4.536211957257252902e-01,2.209423826903946508e-01,5.334020967941770497e-01
7.322935269887161924e-01,3.611272033468166942e-01,-3.514685749104463075e-01,4.580427645796333325e-01
3.611272033468167497e-01,-7.322935269887160814e-01,4.580427645796333325e-01,3.514685749104463630e-01
1.335035784959651486e-02,2.036870997681355933e-01,-9.269925254406765625e-01,-3.146715606953541799e-01
2.036870997681355933e-01,-1.335035784959648537e-02,-3.146715606953542355e-01,9.269925254406765625e-01
1.134052989314313642e-01,1.697230238975826200e-01,-9.601348564975956679e-01,1.909826973096641067e-01
1.697230238975825922e-01,-1.134052989314313920e-01,1.909826973096640512e-01,9.601348564975956679e-01
1.830733817471791591e-01,9.028180083670422906e-02,-7.360098281310121227e-01,6.454632958022410438e-01
9.028180083670422906e-02,-1.830733817471791314e-01,6.454632958022410438e-01,7.360098281310121227e-01
5.340143139838603170e-02,8.147483990725419289e-01,5.000000000000000000e-01,2.886751345948129766e-01
8.147483990725419289e-01,-5.340143139838591374e-02,2.886751345948130876e-01,-5.000000000000000000e-01
4.536211957257252347e-01,6.788920955903301468e-01,5.773502691896258421e-01,3.535250795749690127e-17
6.788920955903300358e-01,-4.536211957257252902e-01,7.070501591499380254e-17,-5.773502691896258421e-01
7.322935269887161924e-01,3.611272033468166942e-01,5.000000000000000000e-01,-2.886751345948130321e-01
3.611272033468167497e-01,-7.322935269887160814e-01,-2.886751345948129766e-01,-5.000000000000000000e-01
5.340143139838603170e-02,8.147483990725419289e-01,-5.000000000000001110e-01,-2.886751345948126990e-01
8.147483990725419289e-01,-5.340143139838591374e-02,-2.886751345948127545e-01,5.000000000000001110e-01
4.536211957257252347e-01,6.788920955903301468e-01,-5.773502691896258421e-01,-1.060575238724906915e-16
6.788920955903300358e-01,-4.536211957257252902e-01,-1.414100318299876051e-16,5.773502691896258421e-01
7.322935269887161924e-01,3.611272033468166942e-01,-5.000000000000000000e-01,2.886751345948129766e-01
3.611272033468167497e-01,-7.322935269887160814e-01,2.886751345948129210e-01,5.000000000000000000e-01
1.335035784959651486e-02,2.036870997681355933e-01,9.269925254406765625e-01,3.146715606953540689e-01
2.036870997681355933e-01,-1.335035784959648537e-02,3.146715606953541244e-01,-9.269925254406765625e-01
1.134052989314313642e-01,1.697230238975826200e-01,9.601348564975954458e-01,-1.909826973096648561e-01
1.697230238975825922e-01,-1.134052989314313920e-01,-1.909826973096650227e-01,-9.601348564975954458e-01
1.830733817471791591e-01,9.028180083670422906e-02,7.360098281310116786e-01,-6.454632958022414879e-01
9.028180083670422906e-02,-1.830733817471791314e-01,-6.454632958022414879e-01,-7.360098281310117896e-01
1.855831618209496936e-01,5.467103651677663878e-01,-1.065741896691870666e-01,-8.095113394900795845e-01
5.467103651677663878e-01,-1.855831618209496936e-01,-8.095113394900795845e-01,1.065741896691870111e-01
4.340749152354639873e-01,3.806734838370779417e-01,-4.970516253862967693e-01,-6.477702898153844258e-01
3.806734838370780527e-01,-4.340749152354639873e-01,-6.477702898153844258e-01,4.970516253862969913e-01
5.662566456580276908e-01,1.126354499323024561e-01,-7.543444794845713952e-01,-3.124597141037829817e-01
1.126354499323023589e-01,-5.662566456580276908e-01,-3.124597141037829817e-01,7.543444794845713952e-01
2.624542243952677767e-01,7.731652131102024761e-01,7.535933221454338415e-02,5.724109576008407085e-01
7.731652131102026981e-01,-2.624542243952678322e-01,5.724109576008408196e-01,-7.535933221454337028e-02
6.138746322119448262e-01,5.383536036782108347e-01,3.514685749104460855e-01,4.580427645796334990e-01
5.383536036782109457e-01,-6.138746322119447152e-01,4.580427645796334990e-01,-3.514685749104460855e-01
8.008078280734787224e-01,1.592905808982578719e-01,5.334020967941769387e-01,2.209423826903949561e-01
1.592905808982577331e-01,-8.008078280734787224e-01,2.209423826903949839e-01,-5.334020967941769387e-01
2.624542243952677767e-01,7.731652131102024761e-01,1.494292453613421390e-01,-5.576775358252052950e-01
7.731652131102024761e-01,-2.624542243952677767e-01,-5.576775358252052950e-01,-1.494292453613421667e-01
6.138746322119448262e-01,5.383536036782108347e-01,-1.494292453613423055e-01,-5.576775358252054060e-01
5.383536036782109457e-01,-6.138746322119447152e-01,-5.576775358252054060e-01,1.494292453613420002e-01
8.008078280734787224e-01,1.592905808982578719e-01,-4.082482904638630172e-01,-4.082482904638631838e-01
1.592905808982577331e-01,-8.008078280734787224e-01,-4.082482904638627952e-01,4.082482904638633503e-01
6.561355609881699968e-02,1.932913032775507578e-01,-6.402606702260094096e-02,9.768490139601671007e-01
1.932913032775507578e-01,-6.561355609881699968e-02,9.768490139601671007e-01,6.402606702260101035e-02
1.534686580529862898e-01,1.345884009195527919e-01,4.329763064341062839e-01,8.779890952625848399e-01
1.345884009195528197e-01,-1.534686580529862621e-01,8.779890952625852840e-01,-4.329763064341054513e-01
2.002019570183697916e-01,3.982264522456448880e-02,8.139630282399837879e-01,5.438727075260614274e-01
3.982264522456445410e-02,-2.002019570183697916e-01,5.438727075260606503e-01,-8.139630282399842320e-01
6.561355609881699968e-02,1.932913032775507578e-01,6.402606702260039973e-02,-9.768490139601671007e-01
1.932913032775507578e-01,-6.561355609881699968e-02,-9.768490139601671007e-01,-6.402606702260088545e-02
1.534686580529862898e-01,1.345884009195527919e-01,-4.329763064341063949e-01,-8.779890952625847289e-01
1.345884009195528197e-01,-1.534686580529862621e-01,-8.779890952625848399e-01,4.329763064341063394e-01
2.002019570183697916e-01,3.982264522456448880e-02,-8.139630282399843431e-01,-5.438727075260605393e-01
3.982264522456445410e-02,-2.002019570183697916e-01,-5.438727075260605393e-01,8.139630282399843431e-01
2.624542243952677767e-01,7.731652131102024761e-01,-1.494292453613421945e-01,5.576775358252052950e-01
7.731652131102024761e-01,-2.624542243952677767e-01,5.576775358252052950e-01,1.494292453613422222e-01
6.138746322119448262e-01,5.383536036782108347e-01,1.494292453613424443e-01,5.576775358252052950e-01
5.383536036782109457e-01,-6.138746322119447152e-01,5.576775358252054060e-01,-1.494292453613419447e-01
8.008078280734787224e-01,1.592905808982578719e-01,4.082482904638629617e-01,4.082482904638631838e-01
1.592905808982577331e-01,-8.008078280734787224e-01,4.082482904638628507e-01,-4.082482904638632948e-01
2.624542243952678322e-01,7.731652131102026981e-01,5.724109576008407085e-01,-7.535933221454363395e-02
7.731652131102024761e-01,-2.624542243952677767e-01,-7.535933221454346742e-02,-5.724109576008407085e-01
6.138746322119448262e-01,5.383536036782108347e-01,4.580427645796334435e-01,-3.514685749104461965e-01
5.383536036782109457e-01,-6.138746322119447152e-01,-3.514685749104461965e-01,-4.580427645796334435e-01
8.008078280734787224e-01,1.592905808982578719e-01,2.209423826903946231e-01,-5.334020967941770497e-01
1.592905808982577331e-01,-8.008078280734787224e-01,-5.334020967941771607e-01,-2.209423826903944010e-01
1.855831618209496936e-01,5.467103651677663878e-01,-8.095113394900795845e-01,1.065741896691870111e-01
5.467103651677663878e-01,-1.855831618209496936e-01,1.065741896691869417e-01,8.095113394900795845e-01
4.340749152354640428e-01,3.806734838370779972e-01,-6.477702898153844258e-01,4.970516253862969913e-01
3.806734838370780527e-01,-4.340749152354639873e-01,4.970516253862969913e-01,6.477702898153844258e-01
5.662566456580276908e-01,1.126354499323024561e-01,-3.124597141037829817e-01,7.543444794845713952e-01
1.126354499323023589e-01,-5.662566456580276908e-01,7.543444794845713952e-01,3.124597141037830372e-01
1.855831618209497214e-01,5.467103651677664988e-01,-7.886751345948129766e-01,-2.113248654051870234e-01
5.467103651677664988e-01,-1.855831618209497214e-01,-2.113248654051870790e-01,7.886751345948129766e-01
4.340749152354639873e-01,3.806734838370779417e-01,-7.886751345948128655e-01,2.113248654051874120e-01
3.806734838370780527e-01,-4.340749152354639873e-01,2.113248654051867181e-01,7.886751345948130876e-01
5.662566456580278018e-01,1.126354499323024699e-01,-5.773502691896259531e-01,5.773502691896257311e-01
1.126354499323023728e-01,-5.662566456580278018e-01,5.773502691896261751e-01,5.773502691896255090e-01
3.146715606953539579e-01,9.269925254406766735e-01,2.036870997681355100e-01,1.335035784959650619e-02
9.269925254406766735e-01,-3.146715606953539579e-01,1.335035784959652007e-02,-2.036870997681355100e-01
7.360098281310116786e-01,6.454632958022414879e-01,1.830733817471790759e-01,-9.028180083670415967e-02
6.454632958022415989e-01,-7.360098281310115675e-01,-9.028180083670415967e-02,-1.830733817471790759e-01
9.601348564975954458e-01,1.909826973096649949e-01,1.134052989314313226e-01,-1.697230238975825645e-01
1.909826973096648561e-01,-9.601348564975955568e-01,-1.697230238975825922e-01,-1.134052989314313364e-01
3.146715606953539579e-01,9.269925254406766735e-01,-2.036870997681355100e-01,-1.335035784959662242e-02
9.269925254406766735e-01,-3.146715606953539579e-01,-1.335035784959663283e-02,2.036870997681355100e-01
7.360098281310116786e-01,6.454632958022414879e-01,-1.830733817471791036e-01,9.028180083670414580e-02
6.454632958022417100e-01,-7.360098281310116786e-01,9.028180083670397926e-02,1.830733817471791869e-01
9.601348564975954458e-01,1.909826973096649949e-01,-1.134052989314314752e-01,1.697230238975824534e-01
1.909826973096648561e-01,-9.601348564975955568e-01,1.697230238975825922e-01,1.134052989314313503e-01
1.855831618209496936e-01,5.467103651677663878e-01,7.886751345948128655e-01,2.113248654051871067e-01
5.467103651677664988e-01,-1.855831618209497214e-01,2.113248654051869957e-01,-7.886751345948129766e-01
4.340749152354639873e-01,3.806734838370779417e-01,7.886751345948128655e-01,-2.113248654051871900e-01
3.806734838370780527e-01,-4.340749152354639873e-01,-2.113248654051868014e-01,-7.886751345948130876e-01
5.662566456580276908e-01,1.126354499323024561e-01,5.773502691896258421e-01,-5.773502691896257311e-01
1.126354499323023589e-01,-5.662566456580276908e-01,-5.773502691896257311e-01,-5.773502691896258421e-01
2.624542243952677767e-01,7.731652131102024761e-01,-7.535933221454346742e-02,-5.724109576008407085e-01
7.731652131102026981e-01,-2.624542243952678322e-01,-5.724109576008408196e-01,7.535933221454343967e-02
6.138746322119448262e-01,5.383536036782108347e-01,-3.514685749104459744e-01,-4.580427645796336100e-01
5.383536036782109457e-01,-6.138746322119447152e-01,-4.580427645796334435e-01,3.514685749104460855e-01
8.008078280734787224e-01,1.592905808982578719e-01,-5.334020967941769387e-01,-2.209423826903948729e-01
1.592905808982577331e-01,-8.008078280734787224e-01,-2.209423826903949006e-01,5.334020967941769387e-01
1.855831618209496936e-01,5.467103651677663878e-01,1.065741896691869417e-01,8.095113394900795845e-01
5.467103651677663878e-01,-1.855831618209496936e-01,8.095113394900795845e-01,-1.065741896691869001e-01
4.340749152354640428e-01,3.806734838370779972e-01,4.970516253862969913e-01,6.477702898153844258e-01
3.806734838370780527e-01,-4.340749152354639873e-01,6.477702898153844258e-01,-4.970516253862969913e-01
5.662566456580276908e-01,1.126354499323024561e-01,7.543444794845713952e-01,3.124597141037830372e-01
1.126354499323023589e-01,-5.662566456580276908e-01,3.124597141037830927e-01,-7.543444794845712842e-01
3.146715606953539579e-01,9.269925254406766735e-01,1.335035784959652007e-02,-2.036870997681355100e-01
9.269925254406766735e-01,-3.146715606953539579e-01,-2.036870997681355100e-01,-1.335035784959662242e-02
7.360098281310116786e-01,6.454632958022414879e-01,-9.028180083670415967e-02,-1.830733817471790759e-01
6.454632958022415989e-01,-7.360098281310115675e-01,-1.830733817471791036e-01,9.028180083670414580e-02
9.601348564975954458e-01,1.909826973096649949e-01,-1.697230238975825645e-01,-1.134052989314313226e-01
1.909826973096648561e-01,-9.601348564975955568e-01,-1.134052989314313364e-01,1.697230238975825922e-01
1.855831618209497214e-01,5.467103651677664988e-01,-2.113248654051870790e-01,7.886751345948129766e-01
5.467103651677663878e-01,-1.855831618209496936e-01,7.886751345948128655e-01,2.113248654051871067e-01
4.340749152354639873e-01,3.806734838370779417e-01,2.113248654051873843e-01,7.886751345948128655e-01
3.806734838370780527e-01,-4.340749152354639873e-01,7.886751345948130876e-01,-2.113248654051866626e-01
5.662566456580276908e-01,1.126354499323024561e-01,5.773502691896256200e-01,5.773502691896258421e-01
1.126354499323023589e-01,-5.662566456580276908e-01,5.773502691896253980e-01,-5.773502691896260641e-01
1.855831618209497214e-01,5.467103651677664988e-01,2.113248654051869957e-01,-7.886751345948129766e-01
5.467103651677664988e-01,-1.855831618209497214e-01,-7.886751345948129766e-01,-2.113248654051870234e-01
4.340749152354639873e-01,3.806734838370779417e-01,-2.113248654051871345e-01,-7.886751345948128655e-01
3.806734838370780527e-01,-4.340749152354639873e-01,-7.886751345948130876e-01,2.113248654051867736e-01
5.662566456580276908e-01,1.126354499323024561e-01,-5.773502691896257311e-01,-5.773502691896258421e-01
1.126354499323023589e-01,-5.662566456580276908e-01,-5.773502691896253980e-01,5.773502691896261751e-01
3.146715606953539579e-01,9.269925254406766735e-01,-1.335035784959663283e-02,2.036870997681355100e-01
9.269925254406766735e-01,-3.146715606953539579e-01,2.036870997681355100e-01,1.335035784959664844e-02
7.360098281310116786e-01,6.454632958022414879e-01,9.028180083670413192e-02,1.830733817471791036e-01
6.454632958022417100e-01,-7.360098281310116786e-01,1.830733817471792146e-01,-9.028180083670397926e-02
9.601348564975954458e-01,1.909826973096649949e-01,1.697230238975824257e-01,1.134052989314315030e-01
1.909826973096648561e-01,-9.601348564975955568e-01,1.134052989314313503e-01,-1.697230238975825645e-01
1.855831618209497214e-01,5.467103651677664988e-01,8.095113394900795845e-01,-1.065741896691873025e-01
5.467103651677663878e-01,-1.855831618209496936e-01,-1.065741896691870666e-01,-8.095113394900795845e-01
4.340749152354639873e-01,3.806734838370779417e-01,6.477702898153843147e-01,-4.970516253862970468e-01
3.806734838370779972e-01,-4.340749152354639318e-01,-4.970516253862970468e-01,-6.477702898153843147e-01
5.662566456580276908e-01,1.126354499323024561e-01,3.124597141037825931e-01,-7.543444794845715062e-01
1.126354499323023589e-01,-5.662566456580276908e-01,-7.543444794845716173e-01,-3.124597141037822601e-01
2.624542243952678322e-01,7.731652131102026981e-01,-5.724109576008408196e-01,7.535933221454343967e-02
7.731652131102024761e-01,-2.624542243952677767e-01,7.535933221454338415e-02,5.724109576008407085e-01
6.138746322119448262e-01,5.383536036782108347e-01,-4.580427645796334435e-01,3.514685749104460855e-01
5.383536036782109457e-01,-6.138746322119447152e-01,3.514685749104460855e-01,4.580427645796334990e-01
8.008078280734787224e-01,1.592905808982578719e-01,-2.209423826903949006e-01,5.334020967941769387e-01
1.592905808982577331e-01,-8.008078280734787224e-01,5.334020967941769387e-01,2.209423826903949561e-01
6.561355609881699968e-02,1.932913032775507578e-01,-9.768490139601671007e-01,-6.402606702260088545e-02
1.932913032775507578e-01,-6.561355609881699968e-02,-6.402606702260094096e-02,9.768490139601671007e-01
1.534686580529862898e-01,1.345884009195527919e-01,-8.779890952625848399e-01,4.329763064341063394e-01
1.345884009195528197e-01,-1.534686580529862621e-01,4.329763064341055068e-01,8.779890952625851730e-01
2.002019570183697916e-01,3.982264522456448880e-02,-5.438727075260613164e-01,8.139630282399838990e-01
3.982264522456445410e-02,-2.002019570183697916e-01,8.139630282399843431e-01,5.438727075260606503e-01
2.624542243952677767e-01,7.731652131102024761e-01,5.576775358252052950e-01,1.494292453613422222e-01
7.731652131102024761e-01,-2.624542243952677767e-01,1.494292453613421390e-01,-5.576775358252052950e-01
6.138746322119448262e-01,5.383536036782108347e-01,5.576775358252054060e-01,-1.494292453613423333e-01
5.383536036782109457e-01,-6.138746322119447152e-01,-1.494292453613420280e-01,-5.576775358252054060e-01
8.008078280734787224e-01,1.592905808982578719e-01,4.082482904638630727e-01,-4.082482904638630172e-01
1.592905808982577331e-01,-8.008078280734787224e-01,-4.082482904638630172e-01,-4.082482904638631838e-01
2.624542243952677767e-01,7.731652131102024761e-01,-5.576775358252052950e-01,-1.494292453613421667e-01
7.731652131102024761e-01,-2.624542243952677767e-01,-1.494292453613421945e-01,5.576775358252052950e-01
6.138746322119448262e-01,5.383536036782108347e-01,-5.576775358252052950e-01,1.494292453613424720e-01
5.383536036782109457e-01,-6.138746322119447152e-01,1.494292453613419724e-01,5.576775358252054060e-01
8.008078280734787224e-01,1.592905808982578719e-01,-4.082482904638631838e-01,4.082482904638629617e-01
1.592905808982577331e-01,-8.008078280734787224e-01,4.082482904638632948e-01,4.082482904638628507e-01
6.561355609881699968e-02,1.932913032775507578e-01,9.768490139601671007e-01,6.402606702260033034e-02
1.932913032775507578e-01,-6.561355609881699968e-02,6.402606702260039973e-02,-9.768490139601671007e-01
1.534686580529862898e-01,1.345884009195527919e-01,8.779890952625847289e-01,-4.329763064341064505e-01
1.345884009195528197e-01,-1.534686580529862621e-01,-4.329763064341063949e-01,-8.779890952625847289e-01
2.002019570183697916e-01,3.982264522456448880e-02,5.438727075260605393e-01,-8.139630282399844541e-01
3.982264522456445410e-02,-2.002019570183697916e-01,-8.139630282399843431e-01,-5.438727075260605393e-01
3.776051426686697493e-02,5.761141179450778305e-01,1.065741896691876078e-01,-8.095113394900794734e-01
5.761141179450778305e-01,-3.776051426686689860e-02,-8.095113394900793624e-01,-1.065741896691880103e-01
3.207586235876104253e-01,4.800492044858682417e-01,-3.124597141037820380e-01,-7.543444794845717283e-01
4.800492044858682417e-01,-3.207586235876105363e-01,-7.543444794845715062e-01,3.124597141037827597e-01
5.178097187527352929e-01,2.553554943574673497e-01,-6.477702898153840927e-01,-4.970516253862972134e-01
2.553554943574674052e-01,-5.178097187527351819e-01,-4.970516253862972134e-01,6.477702898153840927e-01
5.340143139838603170e-02,8.147483990725419289e-01,-7.535933221454368947e-02,5.724109576008407085e-01
8.147483990725419289e-01,-5.340143139838591374e-02,5.724109576008405975e-01,7.535933221454423070e-02
4.536211957257252347e-01,6.788920955903301468e-01,2.209423826903941790e-01,5.334020967941772717e-01
6.788920955903300358e-01,-4.536211957257252902e-01,5.334020967941770497e-01,-2.209423826903946231e-01
7.322935269887161924e-01,3.611272033468166942e-01,4.580427645796333325e-01,3.514685749104463630e-01
3.611272033468167497e-01,-7.322935269887160814e-01,3.514685749104463630e-01,-4.580427645796332770e-01
5.340143139838603170e-02,8.147483990725419289e-01,2.886751345948128655e-01,-5.000000000000001110e-01
8.147483990725419289e-01,-5.340143139838591374e-02,-5.000000000000001110e-01,-2.886751345948126990e-01
4.536211957257252347e-01,6.788920955903301468e-01,7.070501591499380254e-17,-5.773502691896258421e-01
6.788920955903300358e-01,-4.536211957257252902e-01,-5.773502691896258421e-01,-1.060575238724906915e-16
7.322935269887161924e-01,3.611272033468166942e-01,-2.886751345948129766e-01,-5.000000000000000000e-01
3.611272033468167497e-01,-7.322935269887160814e-01,-5.000000000000000000e-01,2.886751345948129766e-01
1.335035784959651486e-02,2.036870997681355933e-01,-3.146715606953542355e-01,9.269925254406765625e-01
2.036870997681355933e-01,-1.335035784959648537e-02,9.269925254406765625e-01,3.146715606953542910e-01
1.134052989314313642e-01,1.697230238975826200e-01,1.909826973096640512e-01,9.601348564975956679e-01
1.697230238975825922e-01,-1.134052989314313920e-01,9.601348564975956679e-01,-1.909826973096639957e-01
1.830733817471791591e-01,9.028180083670422906e-02,6.454632958022410438e-01,7.360098281310121227e-01
9.028180083670422906e-02,-1.830733817471791314e-01,7.360098281310115675e-01,-6.454632958022415989e-01
1.335035784959651486e-02,2.036870997681355933e-01,3.146715606953541244e-01,-9.269925254406765625e-01
2.036870997681355933e-01,-1.335035784959648537e-02,-9.269925254406765625e-01,-3.146715606953541799e-01
1.134052989314313642e-01,1.697230238975826200e-01,-1.909826973096650227e-01,-9.601348564975954458e-01
1.697230238975825922e-01,-1.134052989314313920e-01,-9.601348564975954458e-01,1.909826973096649672e-01
1.830733817471791591e-01,9.028180083670422906e-02,-6.454632958022414879e-01,-7.360098281310117896e-01
9.028180083670422906e-02,-1.830733817471791314e-01,-7.360098281310114565e-01,6.454632958022417100e-01
5.340143139838603170e-02,8.147483990725419289e-01,-2.886751345948127545e-01,5.000000000000001110e-01
8.147483990725419289e-01,-5.340143139838591374e-02,5.000000000000001110e-01,2.886751345948127545e-01
4.536211957257252347e-01,6.788920955903301468e-01,-1.414100318299876051e-16,5.773502691896258421e-01
6.788920955903300358e-01,-4.536211957257252902e-01,5.773502691896258421e-01,1.767625397874845187e-16
7.322935269887161924e-01,3.611272033468166942e-01,2.886751345948129210e-01,5.000000000000000000e-01
3.611272033468167497e-01,-7.322935269887160814e-01,4.999999999999998335e-01,-2.886751345948133651e-01
5.340143139838603170e-02,8.147483990725419289e-01,5.724109576008407085e-01,7.535933221454370334e-02
8.147483990725419289e-01,-5.340143139838591374e-02,7.535933221454362008e-02,-5.724109576008407085e-01
4.536211957257252347e-01,6.788920955903301468e-01,5.334020967941770497e-01,-2.209423826903945398e-01
6.788920955903300358e-01,-4.536211957257252902e-01,-2.209423826903947063e-01,-5.334020967941770497e-01
7.322935269887161924e-01,3.611272033468166942e-01,3.514685749104463075e-01,-4.580427645796333880e-01
3.611272033468167497e-01,-7.322935269887160814e-01,-4.580427645796333325e-01,-3.514685749104463075e-01
3.776051426686698187e-02,5.761141179450779415e-01,-8.095113394900795845e-01,-1.065741896691873164e-01
5.761141179450778305e-01,-3.776051426686689860e-02,-1.065741896691880797e-01,8.095113394900793624e-01
3.207586235876104808e-01,4.800492044858682972e-01,-7.543444794845718393e-01,3.124597141037820380e-01
4.800492044858681862e-01,-3.207586235876104808e-01,3.124597141037826487e-01,7.543444794845715062e-01
5.178097187527352929e-01,2.553554943574673497e-01,-4.970516253862972134e-01,6.477702898153840927e-01
2.553554943574674052e-01,-5.178097187527351819e-01,6.477702898153840927e-01,4.970516253862973244e-01
3.776051426686698187e-02,5.761141179450779415e-01,-7.071067811865477948e-01,-4.082482904638627397e-01
5.761141179450778305e-01,-3.776051426686689860e-02,-4.082482904638627397e-01,7.071067811865476838e-01
3.207586235876104808e-01,4.800492044858682972e-01,-8.164965809277261455e-01,-1.499879886521846397e-16
4.800492044858682417e-01,-3.207586235876105363e-01,-1.999839848695795196e-16,8.164965809277261455e-01
5.178097187527352929e-01,2.553554943574673497e-01,-7.071067811865474617e-01,4.082482904638631283e-01
2.553554943574674607e-01,-5.178097187527352929e-01,4.082482904638630727e-01,7.071067811865475727e-01
6.402606702260035809e-02,9.768490139601672118e-01,1.932913032775507023e-01,6.561355609881701356e-02
9.768490139601672118e-01,-6.402606702260021931e-02,6.561355609881702744e-02,-1.932913032775507023e-01
5.438727075260606503e-01,8.139630282399844541e-01,2.002019570183697361e-01,-3.982264522456444716e-02
8.139630282399843431e-01,-5.438727075260607613e-01,-3.982264522456448186e-02,-2.002019570183697361e-01
8.779890952625847289e-01,4.329763064341065615e-01,1.534686580529862343e-01,-1.345884009195527364e-01
4.329763064341066170e-01,-8.779890952625846179e-01,-1.345884009195527364e-01,-1.534686580529862621e-01
6.402606702260035809e-02,9.768490139601672118e-01,-1.932913032775507023e-01,-6.561355609881702744e-02
9.768490139601672118e-01,-6.402606702260021931e-02,-6.561355609881704132e-02,1.932913032775507023e-01
5.438727075260606503e-01,8.139630282399844541e-01,-2.002019570183697639e-01,3.982264522456428757e-02
8.139630282399843431e-01,-5.438727075260607613e-01,3.982264522456428063e-02,2.002019570183697639e-01
8.779890952625847289e-01,4.329763064341065615e-01,-1.534686580529863176e-01,1.345884009195526532e-01
4.329763064341066725e-01,-8.779890952625847289e-01,1.345884009195526809e-01,1.534686580529863453e-01
3.776051426686697493e-02,5.761141179450778305e-01,7.071067811865474617e-01,4.082482904638631283e-01
5.761141179450778305e-01,-3.776051426686689860e-02,4.082482904638632948e-01,-7.071067811865473507e-01
3.207586235876104808e-01,4.800492044858682972e-01,8.164965809277261455e-01,4.999599621739487991e-17
4.800492044858682417e-01,-3.207586235876105363e-01,9.999199243478975982e-17,-8.164965809277261455e-01
5.178097187527352929e-01,2.553554943574673497e-01,7.071067811865473507e-01,-4.082482904638631838e-01
2.553554943574674607e-01,-5.178097187527352929e-01,-4.082482904638631838e-01,-7.071067811865475727e-01
4.624699618945427027e-02,7.055928112895232251e-01,3.535533905932737309e-01,-6.123724356957945814e-01
7.055928112895232251e-01,-4.624699618945417312e-02,-6.123724356957946924e-01,-3.535533905932735088e-01
3.928474791935511190e-01,5.879378012096795336e-01,8.659560562354932858e-17,-7.071067811865475727e-01
5.879378012096794226e-01,-3.928474791935512300e-01,-7.071067811865475727e-01,-1.298934084353240052e-16
6.341847973991336929e-01,3.127453320959720506e-01,-3.535533905932737864e-01,-6.123724356957944703e-01
3.127453320959721061e-01,-6.341847973991336929e-01,-6.123724356957945814e-01,3.535533905932738419e-01
4.624699618945427027e-02,7.055928112895232251e-01,-3.535533905932735643e-01,6.123724356957946924e-01
7.055928112895232251e-01,-4.624699618945417312e-02,6.123724356957946924e-01,3.535533905932735643e-01
3.928474791935511190e-01,5.879378012096795336e-01,-1.731912112470986572e-16,7.071067811865475727e-01
5.879378012096794226e-01,-3.928474791935512300e-01,7.071067811865475727e-01,2.164890140588733338e-16
6.341847973991336929e-01,3.127453320959720506e-01,3.535533905932737309e-01,6.123724356957944703e-01
3.127453320959721061e-01,-6.341847973991336929e-01,6.123724356957943593e-01,-3.535533905932743415e-01
5.970461535129140823e-02,9.109164024426652517e-01,5.328709483459381779e-02,-4.047556697450398477e-01
9.109164024426652517e-01,-5.970461535129128333e-02,-4.047556697450397922e-01,-5.328709483459401902e-02
5.071639148387293572e-01,7.590244375636316931e-01,-1.562298570518910745e-01,-3.771722397422859752e-01
7.590244375636315821e-01,-5.071639148387294682e-01,-3.771722397422858086e-01,1.562298570518913798e-01
8.187290529149230389e-01,4.037524876039358390e-01,-3.238851449076921019e-01,-2.485258126931486344e-01
4.037524876039358945e-01,-8.187290529149230389e-01,-2.485258126931486344e-01,3.238851449076921019e-01
2.670071569919300891e-02,4.073741995362709090e-01,-1.191535663736293799e-01,9.050611918283638646e-01
4.073741995362709090e-01,-2.670071569919295340e-02,9.050611918283637536e-01,1.191535663736302403e-01
2.268105978628625896e-01,3.394460477951650179e-01,3.493405804831031247e-01,8.433827672895990446e-01
3.394460477951649624e-01,-2.268105978628626174e-01,8.433827672895988226e-01,-3.493405804831038464e-01
3.661467634943580407e-01,1.805636016734083193e-01,7.242292009159693178e-01,5.557206113452605178e-01
1.805636016734083471e-01,-3.661467634943579852e-01,5.557206113452605178e-01,-7.242292009159692068e-01
2.670071569919300891e-02,4.073741995362709090e-01,1.191535663736296574e-01,-9.050611918283638646e-01
4.073741995362709090e-01,-2.670071569919295340e-02,-9.050611918283637536e-01,-1.191535663736301154e-01
2.268105978628625896e-01,3.394460477951650179e-01,-3.493405804831032357e-01,-8.433827672895989336e-01
3.394460477951649624e-01,-2.268105978628626174e-01,-8.433827672895987115e-01,3.493405804831039574e-01
3.661467634943580407e-01,1.805636016734083193e-01,-7.242292009159693178e-01,-5.557206113452604068e-01
1.805636016734083471e-01,-3.661467634943579852e-01,-5.557206113452604068e-01,7.242292009159693178e-01
5.970461535129140823e-02,9.109164024426652517e-01,-5.328709483459369289e-02,4.047556697450398477e-01
9.109164024426652517e-01,-5.970461535129128333e-02,4.047556697450397922e-01,5.328709483459407453e-02
5.071639148387293572e-01,7.590244375636316931e-01,1.562298570518910190e-01,3.771722397422860307e-01
7.590244375636315821e-01,-5.071639148387294682e-01,3.771722397422858641e-01,-1.562298570518913521e-01
8.187290529149230389e-01,4.037524876039358390e-01,3.238851449076921019e-01,2.485258126931486899e-01
4.037524876039358945e-01,-8.187290529149230389e-01,2.485258126931486899e-01,-3.238851449076920463e-01
4.624699618945427027e-02,7.055928112895232251e-01,6.123724356957945814e-01,3.535533905932738419e-01
7.055928112895232251e-01,-4.624699618945417312e-02,3.535533905932740084e-01,-6.123724356957944703e-01
3.928474791935511190e-01,5.879378012096795336e-01,7.071067811865475727e-01,4.329780281177466429e-17
5.879378012096794226e-01,-3.928474791935512300e-01,8.659560562354932858e-17,-7.071067811865475727e-01
6.341847973991336929e-01,3.127453320959720506e-01,6.123724356957943593e-01,-3.535533905932738974e-01
3.127453320959720506e-01,-6.341847973991335818e-01,-3.535533905932737864e-01,-6.123724356957944703e-01
4.624699618945427027e-02,7.055928112895232251e-01,-6.123724356957946924e-01,-3.535533905932735088e-01
7.055928112895232251e-01,-4.624699618945417312e-02,-3.535533905932735643e-01,6.123724356957946924e-01
3.928474791935511190e-01,5.879378012096795336e-01,-7.071067811865475727e-01,-1.298934084353240052e-16
5.879378012096794226e-01,-3.928474791935512300e-01,-1.731912112470986572e-16,7.071067811865475727e-01
6.341847973991336929e-01,3.127453320959720506e-01,-6.123724356957944703e-01,3.535533905932737864e-01
3.127453320959721061e-01,-6.341847973991336929e-01,3.535533905932737864e-01,6.123724356957945814e-01
2.670071569919300891e-02,4.073741995362709090e-01,-9.050611918283638646e-01,-1.191535663736293243e-01
4.073741995362709090e-01,-2.670071569919295340e-02,-1.191535663736301848e-01,9.050611918283637536e-01
2.268105978628626174e-01,3.394460477951650734e-01,-8.433827672895990446e-01,3.493405804831032357e-01
3.394460477951649624e-01,-2.268105978628626174e-01,3.493405804831039019e-01,8.433827672895988226e-01
3.661467634943580407e-01,1.805636016734083193e-01,-5.557206113452604068e-01,7.242292009159693178e-01
1.805636016734083471e-01,-3.661467634943579852e-01,7.242292009159693178e-01,5.557206113452605178e-01
5.970461535129140823e-02,9.109164024426652517e-01,4.047556697450398477e-01,5.328709483459369983e-02
9.109164024426652517e-01,-5.970461535129128333e-02,5.328709483459364432e-02,-4.047556697450398477e-01
5.071639148387293572e-01,7.590244375636318042e-01,3.771722397422859197e-01,-1.562298570518912688e-01
7.590244375636315821e-01,-5.071639148387294682e-01,-1.562298570518914076e-01,-3.771722397422858086e-01
8.187290529149230389e-01,4.037524876039358390e-01,2.485258126931486344e-01,-3.238851449076921574e-01
4.037524876039358945e-01,-8.187290529149230389e-01,-3.238851449076921019e-01,-2.485258126931486344e-01
5.970461535129140823e-02,9.109164024426652517e-01,-4.047556697450398477e-01,-5.328709483459367208e-02
9.109164024426652517e-01,-5.970461535129128333e-02,-5.328709483459405372e-02,4.047556697450397922e-01
5.071639148387293572e-01,7.590244375636316931e-01,-3.771722397422859752e-01,1.562298570518910468e-01
7.590244375636315821e-01,-5.071639148387294682e-01,1.562298570518913798e-01,3.771722397422858641e-01
8.187290529149230389e-01,4.037524876039358390e-01,-2.485258126931486344e-01,3.238851449076921019e-01
4.037524876039358945e-01,-8.187290529149230389e-01,3.238851449076921019e-01,2.485258126931486899e-01
2.670071569919300891e-02,4.073741995362709090e-01,9.050611918283638646e-01,1.191535663736294076e-01
4.073741995362709090e-01,-2.670071569919295340e-02,1.191535663736292827e-01,-9.050611918283638646e-01
2.268105978628625896e-01,3.394460477951650179e-01,8.433827672895988226e-01,-3.493405804831036798e-01
3.394460477951649624e-01,-2.268105978628626174e-01,-3.493405804831040129e-01,-8.433827672895987115e-01
3.661467634943580407e-01,1.805636016734083193e-01,5.557206113452604068e-01,-7.242292009159694288e-01
1.805636016734083471e-01,-3.661467634943579852e-01,-7.242292009159693178e-01,-5.557206113452604068e-01
2.272920256568435327e-01,6.695807158758448896e-01,-3.535533905932737864e-01,-6.123724356957944703e-01
6.695807158758448896e-01,-2.272920256568435327e-01,-6.123724356957944703e-01,3.535533905932737864e-01
5.316310262343734161e-01,4.662278970042302850e-01,-6.123724356957946924e-01,-3.535533905932735088e-01
4.662278970042303960e-01,-5.316310262343733051e-01,-3.535533905932735643e-01,6.123724356957946924e-01
6.935199226610737622e-01,1.379496896414715568e-01,-7.071067811865474617e-01,-1.298934084353239805e-16
1.379496896414714735e-01,-6.935199226610738732e-01,-1.731912112470986572e-16,7.071067811865475727e-01
2.272920256568435327e-01,6.695807158758448896e-01,3.535533905932737309e-01,6.123724356957944703e-01
6.695807158758448896e-01,-2.272920256568435327e-01,6.123724356957943593e-01,-3.535533905932738974e-01
5.316310262343733051e-01,4.662278970042302295e-01,6.123724356957944703e-01,3.535533905932736753e-01
4.662278970042303960e-01,-5.316310262343733051e-01,3.535533905932740084e-01,-6.123724356957944703e-01
6.935199226610737622e-01,1.379496896414715568e-01,7.071067811865474617e-01,4.329780281177465813e-17
1.379496896414714735e-01,-6.935199226610738732e-01,8.659560562354932858e-17,-7.071067811865475727e-01
2.934327433649012717e-01,8.644249871762622606e-01,2.485258126931486344e-01,-3.238851449076921574e-01
8.644249871762622606e-01,-2.934327433649012717e-01,-3.238851449076921019e-01,-2.485258126931486344e-01
6.863327036442953277e-01,6.018976268782301187e-01,5.328709483459381085e-02,-4.047556697450397922e-01
6.018976268782302297e-01,-6.863327036442952167e-01,-4.047556697450397367e-01,-5.328709483459401208e-02
8.953303702431314459e-01,1.780922835319670439e-01,-1.562298570518910745e-01,-3.771722397422859752e-01
1.780922835319669051e-01,-8.953303702431314459e-01,-3.771722397422858086e-01,1.562298570518913798e-01
1.312271121976339161e-01,3.865826065551012936e-01,-5.557206113452604068e-01,7.242292009159693178e-01
3.865826065551012936e-01,-1.312271121976339161e-01,7.242292009159693178e-01,5.557206113452605178e-01
3.069373161059723576e-01,2.691768018391053618e-01,-1.191535663736293799e-01,9.050611918283638646e-01
2.691768018391054174e-01,-3.069373161059723021e-01,9.050611918283637536e-01,1.191535663736302403e-01
4.004039140367393057e-01,7.964529044912892208e-02,3.493405804831031247e-01,8.433827672895990446e-01
7.964529044912885269e-02,-4.004039140367393057e-01,8.433827672895988226e-01,-3.493405804831038464e-01
1.312271121976339161e-01,3.865826065551012936e-01,5.557206113452604068e-01,-7.242292009159694288e-01
3.865826065551012936e-01,-1.312271121976339161e-01,-7.242292009159693178e-01,-5.557206113452604068e-01
3.069373161059723576e-01,2.691768018391053618e-01,1.191535663736296574e-01,-9.050611918283638646e-01
2.691768018391054174e-01,-3.069373161059723021e-01,-9.050611918283637536e-01,-1.191535663736301154e-01
4.004039140367393612e-01,7.964529044912893596e-02,-3.493405804831032913e-01,-8.433827672895990446e-01
7.964529044912885269e-02,-4.004039140367393057e-01,-8.433827672895987115e-01,3.493405804831039574e-01
2.934327433649012717e-01,8.644249871762622606e-01,-2.485258126931486344e-01,3.238851449076921019e-01
8.644249871762622606e-01,-2.934327433649012717e-01,3.238851449076921019e-01,2.485258126931486899e-01
6.863327036442953277e-01,6.018976268782301187e-01,-5.328709483459368595e-02,4.047556697450397922e-01
6.018976268782302297e-01,-6.863327036442952167e-01,4.047556697450397367e-01,5.328709483459406759e-02
8.953303702431313349e-01,1.780922835319670161e-01,1.562298570518909913e-01,3.771722397422859752e-01
1.780922835319669051e-01,-8.953303702431314459e-01,3.771722397422858641e-01,-1.562298570518913521e-01
2.272920256568435604e-01,6.695807158758450006e-01,6.123724356957945814e-01,-3.535533905932736198e-01
6.695807158758448896e-01,-2.272920256568435327e-01,-3.535533905932737864e-01,-6.123724356957944703e-01
5.316310262343733051e-01,4.662278970042302295e-01,3.535533905932736753e-01,-6.123724356957944703e-01
4.662278970042303960e-01,-5.316310262343733051e-01,-6.123724356957943593e-01,-3.535533905932741194e-01
6.935199226610737622e-01,1.379496896414715568e-01,8.659560562354931626e-17,-7.071067811865474617e-01
1.379496896414714735e-01,-6.935199226610738732e-01,-7.071067811865475727e-01,-1.298934084353240052e-16
2.272920256568435327e-01,6.695807158758448896e-01,-6.123724356957944703e-01,3.535533905932737864e-01
6.695807158758448896e-01,-2.272920256568435327e-01,3.535533905932737309e-01,6.123724356957944703e-01
5.316310262343734161e-01,4.662278970042302850e-01,-3.535533905932735643e-01,6.123724356957946924e-01
4.662278970042303960e-01,-5.316310262343733051e-01,6.123724356957946924e-01,3.535533905932735643e-01
6.935199226610737622e-01,1.379496896414715568e-01,-1.731912112470986325e-16,7.071067811865474617e-01
1.379496896414714735e-01,-6.935199226610738732e-01,7.071067811865475727e-01,2.164890140588733338e-16
1.312271121976339161e-01,3.865826065551012936e-01,-7.242292009159693178e-01,-5.557206113452604068e-01
3.865826065551012936e-01,-1.312271121976339161e-01,-5.557206113452604068e-01,7.242292009159693178e-01
3.069373161059723576e-01,2.691768018391053618e-01,-9.050611918283638646e-01,-1.191535663736293243e-01
2.691768018391054174e-01,-3.069373161059723021e-01,-1.191535663736301848e-01,9.050611918283637536e-01
4.004039140367393612e-01,7.964529044912893596e-02,-8.433827672895990446e-01,3.493405804831032357e-01
7.964529044912885269e-02,-4.004039140367393057e-01,3.493405804831039019e-01,8.433827672895988226e-01
2.934327433649012717e-01,8.644249871762622606e-01,3.238851449076921574e-01,2.485258126931485512e-01
8.644249871762622606e-01,-2.934327433649012717e-01,2.485258126931486344e-01,-3.238851449076921574e-01
6.863327036442953277e-01,6.018976268782301187e-01,4.047556697450397922e-01,5.328709483459360269e-02
6.018976268782302297e-01,-6.863327036442952167e-01,5.328709483459363738e-02,-4.047556697450397922e-01
8.953303702431314459e-01,1.780922835319670439e-01,3.771722397422858641e-01,-1.562298570518912688e-01
1.780922835319669051e-01,-8.953303702431314459e-01,-1.562298570518914076e-01,-3.771722397422858086e-01
2.934327433649012717e-01,8.644249871762622606e-01,-3.238851449076921019e-01,-2.485258126931486344e-01
8.644249871762622606e-01,-2.934327433649012717e-01,-2.485258126931486344e-01,3.238851449076921019e-01
6.863327036442953277e-01,6.018976268782301187e-01,-4.047556697450397922e-01,-5.328709483459366514e-02
6.018976268782302297e-01,-6.863327036442952167e-01,-5.328709483459404678e-02,4.047556697450397367e-01
8.953303702431314459e-01,1.780922835319670439e-01,-3.771722397422859752e-01,1.562298570518910468e-01
1.780922835319669051e-01,-8.953303702431314459e-01,1.562298570518913798e-01,3.771722397422858641e-01
1.312271121976339161e-01,3.865826065551012936e-01,7.242292009159695398e-01,5.557206113452601848e-01
3.865826065551012936e-01,-1.312271121976339161e-01,5.557206113452604068e-01,-7.242292009159694288e-01
3.069373161059723576e-01,2.691768018391053618e-01,9.050611918283638646e-01,1.191535663736291994e-01
2.691768018391054174e-01,-3.069373161059723021e-01,1.191535663736292827e-01,-9.050611918283638646e-01
4.004039140367393057e-01,7.964529044912892208e-02,8.433827672895988226e-01,-3.493405804831036798e-01
7.964529044912885269e-02,-4.004039140367393057e-01,-3.493405804831040129e-01,-8.433827672895987115e-01
2.272920256568435327e-01,6.695807158758448896e-01,1.830127018922191595e-01,-6.830127018922192983e-01
6.695807158758448896e-01,-2.272920256568435327e-01,-6.830127018922192983e-01,-1.830127018922192150e-01
5.316310262343733051e-01,4.662278970042302295e-01,-1.830127018922193260e-01,-6.830127018922192983e-01
4.662278970042303405e-01,-5.316310262343731941e-01,-6.830127018922194093e-01,1.830127018922189652e-01
6.935199226610737622e-01,1.379496896414715568e-01,-4.999999999999998890e-01,-5.000000000000001110e-01
1.379496896414714735e-01,-6.935199226610738732e-01,-4.999999999999996669e-01,5.000000000000004441e-01
2.272920256568435327e-01,6.695807158758448896e-01,-1.830127018922192428e-01,6.830127018922192983e-01
6.695807158758448896e-01,-2.272920256568435327e-01,6.830127018922192983e-01,1.830127018922192983e-01
5.316310262343734161e-01,4.662278970042302850e-01,1.830127018922195481e-01,6.830127018922192983e-01
4.662278970042303405e-01,-5.316310262343731941e-01,6.830127018922194093e-01,-1.830127018922189097e-01
6.935199226610737622e-01,1.379496896414715568e-01,4.999999999999998335e-01,5.000000000000001110e-01
1.379496896414714735e-01,-6.935199226610738732e-01,4.999999999999997224e-01,-5.000000000000003331e-01
2.934327433649012717e-01,8.644249871762622606e-01,-5.328709483459354024e-02,-4.047556697450398477e-01
8.644249871762623716e-01,-2.934327433649013273e-01,-4.047556697450399033e-01,5.328709483459351942e-02
6.863327036442953277e-01,6.018976268782301187e-01,-2.485258126931484124e-01,-3.238851449076922684e-01
6.018976268782302297e-01,-6.863327036442952167e-01,-3.238851449076921574e-01,2.485258126931484957e-01
8.953303702431314459e-01,1.780922835319670439e-01,-3.771722397422857531e-01,-1.562298570518915186e-01
1.780922835319669051e-01,-8.953303702431314459e-01,-1.562298570518915464e-01,3.771722397422857531e-01
1.312271121976339161e-01,3.865826065551012936e-01,1.191535663736289219e-01,9.050611918283639756e-01
3.865826065551012936e-01,-1.312271121976339161e-01,9.050611918283639756e-01,-1.191535663736288803e-01
3.069373161059723576e-01,2.691768018391053618e-01,5.557206113452600738e-01,7.242292009159695398e-01
2.691768018391054729e-01,-3.069373161059723576e-01,7.242292009159696509e-01,-5.557206113452601848e-01
4.004039140367393057e-01,7.964529044912892208e-02,8.433827672895986005e-01,3.493405804831043460e-01
7.964529044912885269e-02,-4.004039140367393057e-01,3.493405804831044015e-01,-8.433827672895984895e-01
1.312271121976339161e-01,3.865826065551012936e-01,-1.191535663736290468e-01,-9.050611918283639756e-01
3.865826065551012936e-01,-1.312271121976339161e-01,-9.050611918283639756e-01,1.191535663736290052e-01
3.069373161059724131e-01,2.691768018391054174e-01,-5.557206113452599627e-01,-7.242292009159697619e-01
2.691768018391054729e-01,-3.069373161059723576e-01,-7.242292009159696509e-01,5.557206113452601848e-01
4.004039140367393057e-01,7.964529044912892208e-02,-8.433827672895986005e-01,-3.493405804831042349e-01
7.964529044912885269e-02,-4.004039140367393057e-01,-3.493405804831042905e-01,8.433827672895986005e-01
2.934327433649012717e-01,8.644249871762622606e-01,5.328709483459347779e-02,4.047556697450398477e-01
8.644249871762623716e-01,-2.934327433649013273e-01,4.047556697450399033e-01,-5.328709483459346391e-02
6.863327036442953277e-01,6.018976268782301187e-01,2.485258126931484957e-01,3.238851449076922129e-01
6.018976268782302297e-01,-6.863327036442952167e-01,3.238851449076922129e-01,-2.485258126931484957e-01
8.953303702431314459e-01,1.780922835319670439e-01,3.771722397422857531e-01,1.562298570518915741e-01
1.780922835319669051e-01,-8.953303702431314459e-01,1.562298570518916019e-01,-3.771722397422857531e-01
2.272920256568435327e-01,6.695807158758448896e-01,6.830127018922192983e-01,1.830127018922192983e-01
6.695807158758448896e-01,-2.272920256568435327e-01,1.830127018922191595e-01,-6.830127018922192983e-01
5.316310262343733051e-01,4.662278970042302295e-01,6.830127018922192983e-01,-1.830127018922193816e-01
4.662278970042303405e-01,-5.316310262343731941e-01,-1.830127018922190207e-01,-6.830127018922194093e-01
6.935199226610737622e-01,1.379496896414715568e-01,5.000000000000000000e-01,-4.999999999999998890e-01
1.379496896414714457e-01,-6.935199226610737622e-01,-4.999999999999998890e-01,-5.000000000000001110e-01
2.272920256568435327e-01,6.695807158758448896e-01,-6.830127018922192983e-01,-1.830127018922192150e-01
6.695807158758448896e-01,-2.272920256568435327e-01,-1.830127018922192428e-01,6.830127018922192983e-01
5.316310262343734161e-01,4.662278970042302850e-01,-6.830127018922192983e-01,1.830127018922196036e-01
4.662278970042303405e-01,-5.316310262343731941e-01,1.830127018922189375e-01,6.830127018922194093e-01
6.935199226610737622e-01,1.379496896414715568e-01,-5.000000000000001110e-01,4.999999999999998335e-01
1.379496896414714735e-01,-6.935199226610738732e-01,5.000000000000003331e-01,4.999999999999997224e-01
1.312271121976339161e-01,3.865826065551012936e-01,-9.050611918283639756e-01,1.191535663736290052e-01
3.865826065551012936e-01,-1.312271121976339161e-01,1.191535663736289219e-01,9.050611918283639756e-01
3.069373161059723576e-01,2.691768018391053618e-01,-7.242292009159695398e-01,5.557206113452600738e-01
2.691768018391054174e-01,-3.069373161059723021e-01,5.557206113452600738e-01,7.242292009159695398e-01
4.004039140367393057e-01,7.964529044912892208e-02,-3.493405804831042905e-01,8.433827672895986005e-01
7.964529044912885269e-02,-4.004039140367393057e-01,8.433827672895986005e-01,3.493405804831043460e-01
2.934327433649012717e-01,8.644249871762622606e-01,4.047556697450397922e-01,-5.328709483459365126e-02
8.644249871762622606e-01,-2.934327433649012717e-01,-5.328709483459354024e-02,-4.047556697450398477e-01
6.863327036442953277e-01,6.018976268782301187e-01,3.238851449076921574e-01,-2.485258126931485512e-01
6.018976268782302297e-01,-6.863327036442952167e-01,-2.485258126931485512e-01,-3.238851449076921574e-01
8.953303702431314459e-01,1.780922835319670439e-01,1.562298570518913521e-01,-3.771722397422858641e-01
1.780922835319669051e-01,-8.953303702431314459e-01,-3.771722397422859197e-01,-1.562298570518911855e-01
2.934327433649013273e-01,8.644249871762623716e-01,-4.047556697450399033e-01,5.328709483459351942e-02
8.644249871762622606e-01,-2.934327433649012717e-01,5.328709483459347779e-02,4.047556697450398477e-01
6.863327036442953277e-01,6.018976268782301187e-01,-3.238851449076921574e-01,2.485258126931484957e-01
6.018976268782302297e-01,-6.863327036442952167e-01,2.485258126931484957e-01,3.238851449076922129e-01
8.953303702431314459e-01,1.780922835319670439e-01,-1.562298570518915464e-01,3.771722397422857531e-01
1.780922835319669051e-01,-8.953303702431314459e-01,3.771722397422857531e-01,1.562298570518915741e-01
1.312271121976339161e-01,3.865826065551012936e-01,9.050611918283638646e-01,-1.191535663736293105e-01
3.865826065551012936e-01,-1.312271121976339161e-01,-1.191535663736290468e-01,-9.050611918283639756e-01
3.069373161059723576e-01,2.691768018391053618e-01,7.242292009159695398e-01,-5.557206113452601848e-01
2.691768018391054174e-01,-3.069373161059723021e-01,-5.557206113452601848e-01,-7.242292009159695398e-01
4.004039140367393057e-01,7.964529044912892208e-02,3.493405804831038464e-01,-8.433827672895988226e-01
7.964529044912886657e-02,-4.004039140367393612e-01,-8.433827672895989336e-01,-3.493405804831035688e-01
4.624699618945426333e-02,7.055928112895231141e-01,-1.830127018922193260e-01,-6.830127018922192983e-01
7.055928112895232251e-01,-4.624699618945417312e-02,-6.830127018922195203e-01,1.830127018922189930e-01
3.928474791935510635e-01,5.879378012096794226e-01,-4.999999999999998890e-01,-5.000000000000001110e-01
5.879378012096794226e-01,-3.928474791935512300e-01,-4.999999999999996669e-01,5.000000000000004441e-01
6.341847973991336929e-01,3.127453320959720506e-01,-6.830127018922192983e-01,-1.830127018922192150e-01
3.127453320959720506e-01,-6.341847973991335818e-01,-1.830127018922192428e-01,6.830127018922192983e-01
4.624699618945426333e-02,7.055928112895231141e-01,1.830127018922192983e-01,6.830127018922192983e-01
7.055928112895232251e-01,-4.624699618945417312e-02,6.830127018922194093e-01,-1.830127018922192428e-01
3.928474791935511190e-01,5.879378012096795336e-01,4.999999999999999445e-01,5.000000000000001110e-01
5.879378012096794226e-01,-3.928474791935512300e-01,5.000000000000001110e-01,-4.999999999999999445e-01
6.341847973991336929e-01,3.127453320959720506e-01,6.830127018922192983e-01,1.830127018922192983e-01
3.127453320959721061e-01,-6.341847973991336929e-01,1.830127018922191873e-01,-6.830127018922194093e-01
5.970461535129140823e-02,9.109164024426652517e-01,3.238851449076923239e-01,-2.485258126931484401e-01
9.109164024426652517e-01,-5.970461535129128333e-02,-2.485258126931484401e-01,-3.238851449076923239e-01
5.071639148387293572e-01,7.590244375636316931e-01,1.562298570518914909e-01,-3.771722397422857531e-01
7.590244375636316931e-01,-5.071639148387294682e-01,-3.771722397422858086e-01,-1.562298570518915186e-01
8.187290529149230389e-01,4.037524876039358390e-01,-5.328709483459354024e-02,-4.047556697450398477e-01
4.037524876039359500e-01,-8.187290529149231499e-01,-4.047556697450399033e-01,5.328709483459351942e-02
2.670071569919300891e-02,4.073741995362709090e-01,-7.242292009159695398e-01,5.557206113452600738e-01
4.073741995362709090e-01,-2.670071569919295340e-02,5.557206113452600738e-01,7.242292009159695398e-01
2.268105978628625896e-01,3.394460477951650179e-01,-3.493405804831042905e-01,8.433827672895986005e-01
3.394460477951649624e-01,-2.268105978628626174e-01,8.433827672895986005e-01,3.493405804831043460e-01
3.661467634943580407e-01,1.805636016734083193e-01,1.191535663736289219e-01,9.050611918283639756e-01
1.805636016734083749e-01,-3.661467634943580407e-01,9.050611918283640867e-01,-1.191535663736288941e-01
2.670071569919301238e-02,4.073741995362709645e-01,7.242292009159697619e-01,-5.557206113452599627e-01
4.073741995362709645e-01,-2.670071569919295687e-02,-5.557206113452599627e-01,-7.242292009159697619e-01
2.268105978628625896e-01,3.394460477951650179e-01,3.493405804831041794e-01,-8.433827672895986005e-01
3.394460477951649624e-01,-2.268105978628626174e-01,-8.433827672895986005e-01,-3.493405804831042349e-01
3.661467634943580407e-01,1.805636016734083193e-01,-1.191535663736290468e-01,-9.050611918283639756e-01
1.805636016734083749e-01,-3.661467634943580407e-01,-9.050611918283640867e-01,1.191535663736290190e-01
5.970461535129140823e-02,9.109164024426652517e-01,-3.238851449076922129e-01,2.485258126931485234e-01
9.109164024426652517e-01,-5.970461535129128333e-02,2.485258126931485234e-01,3.238851449076922684e-01
5.071639148387293572e-01,7.590244375636316931e-01,-1.562298570518915464e-01,3.771722397422857531e-01
7.590244375636316931e-01,-5.071639148387294682e-01,3.771722397422858086e-01,1.562298570518915741e-01
8.187290529149230389e-01,4.037524876039358390e-01,5.328709483459347779e-02,4.047556697450398477e-01
4.037524876039359500e-01,-8.187290529149231499e-01,4.047556697450399033e-01,-5.328709483459346391e-02
4.624699618945427027e-02,7.055928112895232251e-01,6.830127018922194093e-01,-1.830127018922192428e-01
7.055928112895231141e-01,-4.624699618945416618e-02,-1.830127018922190207e-01,-6.830127018922194093e-01
3.928474791935511190e-01,5.879378012096795336e-01,5.000000000000001110e-01,-4.999999999999999445e-01
5.879378012096793116e-01,-3.928474791935511745e-01,-4.999999999999998890e-01,-5.000000000000001110e-01
6.341847973991336929e-01,3.127453320959720506e-01,1.830127018922191595e-01,-6.830127018922192983e-01
3.127453320959721061e-01,-6.341847973991336929e-01,-6.830127018922194093e-01,-1.830127018922192428e-01
4.624699618945427027e-02,7.055928112895232251e-01,-6.830127018922192983e-01,1.830127018922196036e-01
7.055928112895231141e-01,-4.624699618945416618e-02,1.830127018922189375e-01,6.830127018922194093e-01
3.928474791935510635e-01,5.879378012096794226e-01,-5.000000000000001110e-01,4.999999999999998335e-01
5.879378012096794226e-01,-3.928474791935512300e-01,5.000000000000003331e-01,4.999999999999997224e-01
6.341847973991336929e-01,3.127453320959720506e-01,-1.830127018922192428e-01,6.830127018922192983e-01
3.127453320959721061e-01,-6.341847973991336929e-01,6.830127018922194093e-01,1.830127018922193260e-01
2.670071569919301238e-02,4.073741995362709645e-01,-5.557206113452599627e-01,-7.242292009159697619e-01
4.073741995362709090e-01,-2.670071569919295340e-02,-7.242292009159695398e-01,5.557206113452600738e-01
2.268105978628625896e-01,3.394460477951650179e-01,-8.433827672895986005e-01,-3.493405804831042349e-01
3.394460477951649624e-01,-2.268105978628626174e-01,-3.493405804831042905e-01,8.433827672895986005e-01
3.661467634943580407e-01,1.805636016734083193e-01,-9.050611918283639756e-01,1.191535663736290052e-01
1.805636016734083471e-01,-3.661467634943579852e-01,1.191535663736289219e-01,9.050611918283639756e-01
5.970461535129140823e-02,9.109164024426652517e-01,2.485258126931485789e-01,3.238851449076922129e-01
9.109164024426652517e-01,-5.970461535129128333e-02,3.238851449076922129e-01,-2.485258126931485789e-01
5.071639148387293572e-01,7.590244375636318042e-01,3.771722397422859197e-01,1.562298570518913243e-01
7.590244375636315821e-01,-5.071639148387294682e-01,1.562298570518911578e-01,-3.771722397422859197e-01
8.187290529149230389e-01,4.037524876039358390e-01,4.047556697450397922e-01,-5.328709483459365126e-02
4.037524876039358945e-01,-8.187290529149230389e-01,-5.328709483459354024e-02,-4.047556697450398477e-01
5.970461535129140823e-02,9.109164024426652517e-01,-2.485258126931484401e-01,-3.238851449076923239e-01
9.109164024426652517e-01,-5.970461535129128333e-02,-3.238851449076922129e-01,2.485258126931485234e-01
5.071639148387293572e-01,7.590244375636318042e-01,-3.771722397422858086e-01,-1.562298570518915186e-01
7.590244375636315821e-01,-5.071639148387294682e-01,-1.562298570518915464e-01,3.771722397422857531e-01
8.187290529149231499e-01,4.037524876039358945e-01,-4.047556697450399033e-01,5.328709483459351942e-02
4.037524876039358945e-01,-8.187290529149230389e-01,5.328709483459347779e-02,4.047556697450398477e-01
2.670071569919300891e-02,4.073741995362709090e-01,5.557206113452601848e-01,7.242292009159695398e-01
4.073741995362709090e-01,-2.670071569919295340e-02,7.242292009159695398e-01,-5.557206113452601848e-01
2.268105978628625896e-01,3.394460477951650179e-01,8.433827672895988226e-01,3.493405804831037909e-01
3.394460477951650179e-01,-2.268105978628626451e-01,3.493405804831035133e-01,-8.433827672895989336e-01
3.661467634943580407e-01,1.805636016734083193e-01,9.050611918283638646e-01,-1.191535663736293105e-01
1.805636016734083471e-01,-3.661467634943579852e-01,-1.191535663736290468e-01,-9.050611918283639756e-01
1.592905808982577887e-01,8.008078280734787224e-01,-2.209423826903947063e-01,-5.334020967941770497e-01
8.008078280734787224e-01,-1.592905808982577331e-01,-5.334020967941770497e-01,2.209423826903946786e-01
5.383536036782108347e-01,6.138746322119448262e-01,-4.580427645796333325e-01,-3.514685749104463075e-01
6.138746322119448262e-01,-5.383536036782108347e-01,-3.514685749104463075e-01,4.580427645796333325e-01
7.731652131102025871e-01,2.624542243952679432e-01,-5.724109576008407085e-01,-7.535933221454364783e-02
2.624542243952679987e-01,-7.731652131102025871e-01,-7.535933221454368947e-02,5.724109576008407085e-01
1.126354499323024144e-01,5.662566456580276908e-01,3.124597141037824821e-01,7.543444794845715062e-01
5.662566456580278018e-01,-1.126354499323023867e-01,7.543444794845716173e-01,-3.124597141037825376e-01
3.806734838370779417e-01,4.340749152354639873e-01,6.477702898153843147e-01,4.970516253862970468e-01
4.340749152354639873e-01,-3.806734838370779417e-01,4.970516253862972134e-01,-6.477702898153842037e-01
5.467103651677664988e-01,1.855831618209498046e-01,8.095113394900795845e-01,1.065741896691873858e-01
1.855831618209498324e-01,-5.467103651677664988e-01,1.065741896691872748e-01,-8.095113394900795845e-01
1.909826973096649116e-01,9.601348564975954458e-01,1.697230238975825922e-01,-1.134052989314312809e-01
9.601348564975955568e-01,-1.909826973096648839e-01,-1.134052989314312948e-01,-1.697230238975826200e-01
6.454632958022414879e-01,7.360098281310116786e-01,9.028180083670420131e-02,-1.830733817471790481e-01
7.360098281310116786e-01,-6.454632958022414879e-01,-1.830733817471790481e-01,-9.028180083670421519e-02
9.269925254406766735e-01,3.146715606953541244e-01,-1.335035784959647150e-02,-2.036870997681355377e-01
3.146715606953541244e-01,-9.269925254406765625e-01,-2.036870997681355100e-01,1.335035784959654782e-02
1.126354499323024283e-01,5.662566456580278018e-01,-5.773502691896259531e-01,5.773502691896257311e-01
5.662566456580276908e-01,-1.126354499323023728e-01,5.773502691896256200e-01,5.773502691896258421e-01
3.806734838370779417e-01,4.340749152354639873e-01,-2.113248654051877728e-01,7.886751345948127545e-01
4.340749152354639873e-01,-3.806734838370779417e-01,7.886751345948128655e-01,2.113248654051871067e-01
5.467103651677663878e-01,1.855831618209497769e-01,2.113248654051866904e-01,7.886751345948129766e-01
1.855831618209498324e-01,-5.467103651677664988e-01,7.886751345948130876e-01,-2.113248654051866626e-01
1.126354499323024144e-01,5.662566456580276908e-01,5.773502691896258421e-01,-5.773502691896257311e-01
5.662566456580276908e-01,-1.126354499323023728e-01,-5.773502691896257311e-01,-5.773502691896258421e-01
3.806734838370779417e-01,4.340749152354639873e-01,2.113248654051873288e-01,-7.886751345948128655e-01
4.340749152354640428e-01,-3.806734838370779972e-01,-7.886751345948129766e-01,-2.113248654051870234e-01
5.467103651677663878e-01,1.855831618209497769e-01,-2.113248654051867736e-01,-7.886751345948129766e-01
1.855831618209498324e-01,-5.467103651677664988e-01,-7.886751345948130876e-01,2.113248654051867736e-01
1.909826973096649116e-01,9.601348564975954458e-01,-1.697230238975825090e-01,1.134052989314314058e-01
9.601348564975955568e-01,-1.909826973096648839e-01,1.134052989314314058e-01,1.697230238975825367e-01
6.454632958022414879e-01,7.360098281310116786e-01,-9.028180083670421519e-02,1.830733817471790481e-01
7.360098281310116786e-01,-6.454632958022414879e-01,1.830733817471791314e-01,9.028180083670407641e-02
9.269925254406766735e-01,3.146715606953541244e-01,1.335035784959653568e-02,2.036870997681355377e-01
3.146715606953541244e-01,-9.269925254406765625e-01,2.036870997681355100e-01,-1.335035784959652354e-02
1.126354499323024283e-01,5.662566456580278018e-01,7.543444794845716173e-01,-3.124597141037825376e-01
5.662566456580276908e-01,-1.126354499323023728e-01,-3.124597141037824266e-01,-7.543444794845716173e-01
3.806734838370779417e-01,4.340749152354639873e-01,4.970516253862972134e-01,-6.477702898153842037e-01
4.340749152354639873e-01,-3.806734838370779417e-01,-6.477702898153840927e-01,-4.970516253862972134e-01
5.467103651677664988e-01,1.855831618209498046e-01,1.065741896691872748e-01,-8.095113394900795845e-01
1.855831618209498324e-01,-5.467103651677664988e-01,-8.095113394900795845e-01,-1.065741896691873164e-01
1.592905808982577887e-01,8.008078280734787224e-01,-5.334020967941770497e-01,2.209423826903946786e-01
8.008078280734787224e-01,-1.592905808982577331e-01,2.209423826903946508e-01,5.334020967941770497e-01
5.383536036782108347e-01,6.138746322119448262e-01,-3.514685749104463075e-01,4.580427645796333325e-01
6.138746322119448262e-01,-5.383536036782108347e-01,4.580427645796333325e-01,3.514685749104463630e-01
7.731652131102025871e-01,2.624542243952679432e-01,-7.535933221454368947e-02,5.724109576008407085e-01
2.624542243952679987e-01,-7.731652131102025871e-01,5.724109576008407085e-01,7.535933221454371722e-02
3.982264522456446798e-02,2.002019570183697916e-01,-5.438727075260603172e-01,-8.139630282399845651e-01
2.002019570183697916e-01,-3.982264522456446104e-02,-8.139630282399845651e-01,5.438727075260602062e-01
1.345884009195527919e-01,1.534686580529862898e-01,-8.779890952625846179e-01,-4.329763064341066725e-01
1.534686580529862898e-01,-1.345884009195527919e-01,-4.329763064341067280e-01,8.779890952625846179e-01
1.932913032775507578e-01,6.561355609881702744e-02,-9.768490139601671007e-01,6.402606702260052463e-02
6.561355609881704132e-02,-1.932913032775507578e-01,6.402606702260045524e-02,9.768490139601671007e-01
1.592905808982577887e-01,8.008078280734787224e-01,4.082482904638630172e-01,4.082482904638630727e-01
8.008078280734787224e-01,-1.592905808982577331e-01,4.082482904638630727e-01,-4.082482904638630172e-01
5.383536036782108347e-01,6.138746322119448262e-01,5.576775358252052950e-01,1.494292453613423888e-01
6.138746322119448262e-01,-5.383536036782108347e-01,1.494292453613421667e-01,-5.576775358252054060e-01
7.731652131102025871e-01,2.624542243952679432e-01,5.576775358252054060e-01,-1.494292453613421945e-01
2.624542243952679987e-01,-7.731652131102025871e-01,-1.494292453613420280e-01,-5.576775358252054060e-01
1.592905808982577887e-01,8.008078280734787224e-01,-4.082482904638630172e-01,-4.082482904638631838e-01
8.008078280734787224e-01,-1.592905808982577331e-01,-4.082482904638631838e-01,4.082482904638629617e-01
5.383536036782108347e-01,6.138746322119448262e-01,-5.576775358252051840e-01,-1.494292453613427218e-01
6.138746322119448262e-01,-5.383536036782108347e-01,-1.494292453613422222e-01,5.576775358252054060e-01
7.731652131102025871e-01,2.624542243952679432e-01,-5.576775358252054060e-01,1.494292453613420002e-01
2.624542243952679987e-01,-7.731652131102025871e-01,1.494292453613419724e-01,5.576775358252054060e-01
3.982264522456446798e-02,2.002019570183697916e-01,5.438727075260605393e-01,8.139630282399843431e-01
2.002019570183697916e-01,-3.982264522456446104e-02,8.139630282399845651e-01,-5.438727075260603172e-01
1.345884009195527919e-01,1.534686580529862898e-01,8.779890952625847289e-01,4.329763064341065615e-01
1.534686580529862898e-01,-1.345884009195527919e-01,4.329763064341066170e-01,-8.779890952625846179e-01
1.932913032775507578e-01,6.561355609881702744e-02,9.768490139601671007e-01,-6.402606702260020544e-02
6.561355609881705520e-02,-1.932913032775507856e-01,-6.402606702260016380e-02,-9.768490139601672118e-01
2.553554943574674052e-01,5.178097187527351819e-01,-4.970516253862970468e-01,-6.477702898153843147e-01
5.178097187527352929e-01,-2.553554943574672942e-01,-6.477702898153843147e-01,4.970516253862969358e-01
4.800492044858682417e-01,3.207586235876104808e-01,-7.543444794845716173e-01,-3.124597141037822601e-01
3.207586235876104253e-01,-4.800492044858682972e-01,-3.124597141037823156e-01,7.543444794845716173e-01
5.761141179450779415e-01,3.776051426686697493e-02,-8.095113394900795845e-01,1.065741896691877327e-01
3.776051426686700963e-02,-5.761141179450778305e-01,1.065741896691876772e-01,8.095113394900794734e-01
3.611272033468167497e-01,7.322935269887160814e-01,3.514685749104461965e-01,4.580427645796334435e-01
7.322935269887161924e-01,-3.611272033468165832e-01,4.580427645796334435e-01,-3.514685749104461965e-01
6.788920955903301468e-01,4.536211957257252902e-01,5.334020967941770497e-01,2.209423826903945953e-01
4.536211957257252347e-01,-6.788920955903302579e-01,2.209423826903943733e-01,-5.334020967941771607e-01
8.147483990725419289e-01,5.340143139838601782e-02,5.724109576008407085e-01,-7.535933221454363395e-02
5.340143139838607333e-02,-8.147483990725419289e-01,-7.535933221454348130e-02,-5.724109576008408196e-01
3.611272033468167497e-01,7.322935269887160814e-01,2.886751345948130876e-01,-5.000000000000000000e-01
7.322935269887161924e-01,-3.611272033468165832e-01,-4.999999999999998890e-01,-2.886751345948131986e-01
6.788920955903301468e-01,4.536211957257252902e-01,7.070501591499380254e-17,-5.773502691896258421e-01
4.536211957257252347e-01,-6.788920955903302579e-01,-5.773502691896258421e-01,-1.060575238724906915e-16
8.147483990725419289e-01,5.340143139838601782e-02,-2.886751345948127545e-01,-5.000000000000001110e-01
5.340143139838607333e-02,-8.147483990725419289e-01,-5.000000000000003331e-01,2.886751345948125325e-01
9.028180083670424294e-02,1.830733817471791591e-01,-6.454632958022414879e-01,7.360098281310119006e-01
1.830733817471791591e-01,-9.028180083670420131e-02,7.360098281310117896e-01,6.454632958022414879e-01
1.697230238975826200e-01,1.134052989314313920e-01,-1.909826973096645231e-01,9.601348564975955568e-01
1.134052989314313642e-01,-1.697230238975826477e-01,9.601348564975955568e-01,1.909826973096645786e-01
2.036870997681355933e-01,1.335035784959651139e-02,3.146715606953537914e-01,9.269925254406766735e-01
1.335035784959652527e-02,-2.036870997681355933e-01,9.269925254406766735e-01,-3.146715606953537359e-01
9.028180083670422906e-02,1.830733817471791314e-01,6.454632958022415989e-01,-7.360098281310115675e-01
1.830733817471791591e-01,-9.028180083670420131e-02,-7.360098281310115675e-01,-6.454632958022417100e-01
1.697230238975826200e-01,1.134052989314313920e-01,1.909826973096652725e-01,-9.601348564975954458e-01
1.134052989314313642e-01,-1.697230238975826477e-01,-9.601348564975955568e-01,-1.909826973096644398e-01
2.036870997681355933e-01,1.335035784959651139e-02,-3.146715606953539024e-01,-9.269925254406766735e-01
1.335035784959652527e-02,-2.036870997681355933e-01,-9.269925254406766735e-01,3.146715606953538469e-01
3.611272033468167497e-01,7.322935269887160814e-01,-2.886751345948131986e-01,4.999999999999998890e-01
7.322935269887161924e-01,-3.611272033468165832e-01,4.999999999999998890e-01,2.886751345948132541e-01
6.788920955903301468e-01,4.536211957257252902e-01,-1.414100318299876051e-16,5.773502691896258421e-01
4.536211957257252347e-01,-6.788920955903302579e-01,5.773502691896258421e-01,1.767625397874845187e-16
8.147483990725419289e-01,5.340143139838601782e-02,2.886751345948124770e-01,5.000000000000003331e-01
5.340143139838607333e-02,-8.147483990725419289e-01,5.000000000000003331e-01,-2.886751345948124770e-01
3.611272033468167497e-01,7.322935269887160814e-01,4.580427645796334435e-01,-3.514685749104461965e-01
7.322935269887161924e-01,-3.611272033468165832e-01,-3.514685749104461965e-01,-4.580427645796334435e-01
6.788920955903301468e-01,4.536211957257252902e-01,2.209423826903946231e-01,-5.334020967941770497e-01
4.536211957257252347e-01,-6.788920955903302579e-01,-5.334020967941771607e-01,-2.209423826903944010e-01
8.147483990725419289e-01,5.340143139838601782e-02,-7.535933221454348130e-02,-5.724109576008408196e-01
5.340143139838607333e-02,-8.147483990725419289e-01,-5.724109576008408196e-01,7.535933221454343967e-02
2.553554943574674607e-01,5.178097187527352929e-01,-6.477702898153844258e-01,4.970516253862969913e-01
5.178097187527352929e-01,-2.553554943574672942e-01,4.970516253862969358e-01,6.477702898153843147e-01
4.800492044858682417e-01,3.207586235876104808e-01,-3.124597141037823156e-01,7.543444794845716173e-01
3.207586235876104253e-01,-4.800492044858682972e-01,7.543444794845716173e-01,3.124597141037823711e-01
5.761141179450778305e-01,3.776051426686696799e-02,1.065741896691876772e-01,8.095113394900794734e-01
3.776051426686701656e-02,-5.761141179450779415e-01,8.095113394900795845e-01,-1.065741896691876356e-01
2.553554943574674052e-01,5.178097187527351819e-01,-7.071067811865473507e-01,-4.082482904638634058e-01
5.178097187527352929e-01,-2.553554943574672942e-01,-4.082482904638634058e-01,7.071067811865473507e-01
4.800492044858682417e-01,3.207586235876104808e-01,-8.164965809277260345e-01,-1.499879886521846151e-16
3.207586235876104253e-01,-4.800492044858682972e-01,-1.999839848695794950e-16,8.164965809277260345e-01
5.761141179450779415e-01,3.776051426686697493e-02,-7.071067811865479058e-01,4.082482904638625176e-01
3.776051426686701656e-02,-5.761141179450779415e-01,4.082482904638624621e-01,7.071067811865479058e-01
4.329763064341066170e-01,8.779890952625846179e-01,1.534686580529862343e-01,1.345884009195527364e-01
8.779890952625847289e-01,-4.329763064341064505e-01,1.345884009195527642e-01,-1.534686580529862066e-01
8.139630282399843431e-01,5.438727075260606503e-01,2.002019570183697084e-01,3.982264522456446798e-02
5.438727075260605393e-01,-8.139630282399844541e-01,3.982264522456443329e-02,-2.002019570183697084e-01
9.768490139601672118e-01,6.402606702260034421e-02,1.932913032775507300e-01,-6.561355609881698581e-02
6.402606702260041360e-02,-9.768490139601672118e-01,-6.561355609881697193e-02,-1.932913032775507300e-01
4.329763064341066170e-01,8.779890952625846179e-01,-1.534686580529862066e-01,-1.345884009195527642e-01
8.779890952625847289e-01,-4.329763064341064505e-01,-1.345884009195528475e-01,1.534686580529861233e-01
8.139630282399843431e-01,5.438727075260606503e-01,-2.002019570183696806e-01,-3.982264522456453737e-02
5.438727075260605393e-01,-8.139630282399844541e-01,-3.982264522456437084e-02,2.002019570183697361e-01
9.768490139601672118e-01,6.402606702260034421e-02,-1.932913032775507300e-01,6.561355609881695805e-02
6.402606702260041360e-02,-9.768490139601672118e-01,6.561355609881695805e-02,1.932913032775507300e-01
2.553554943574674052e-01,5.178097187527351819e-01,7.071067811865475727e-01,4.082482904638629062e-01
5.178097187527352929e-01,-2.553554943574672942e-01,4.082482904638632948e-01,-7.071067811865473507e-01
4.800492044858682417e-01,3.207586235876104808e-01,8.164965809277260345e-01,4.999599621739487375e-17
3.207586235876104253e-01,-4.800492044858682972e-01,9.999199243478974750e-17,-8.164965809277260345e-01
5.761141179450779415e-01,3.776051426686697493e-02,7.071067811865474617e-01,-4.082482904638632393e-01
3.776051426686700963e-02,-5.761141179450778305e-01,-4.082482904638631283e-01,-7.071067811865474617e-01
3.611272033468167497e-01,7.322935269887160814e-01,-3.514685749104461965e-01,-4.580427645796334435e-01
7.322935269887161924e-01,-3.611272033468165832e-01,-4.580427645796334435e-01,3.514685749104460855e-01
6.788920955903301468e-01,4.536211957257252902e-01,-5.334020967941771607e-01,-2.209423826903944010e-01
4.536211957257252347e-01,-6.788920955903302579e-01,-2.209423826903944288e-01,5.334020967941771607e-01
8.147483990725419289e-01,5.340143139838601782e-02,-5.724109576008407085e-01,7.535933221454393927e-02
5.340143139838607333e-02,-8.147483990725419289e-01,7.535933221454391151e-02,5.724109576008407085e-01
2.553554943574674052e-01,5.178097187527351819e-01,4.970516253862970468e-01,6.477702898153843147e-01
5.178097187527352929e-01,-2.553554943574672942e-01,6.477702898153843147e-01,-4.970516253862970468e-01
4.800492044858682972e-01,3.207586235876105363e-01,7.543444794845716173e-01,3.124597141037825931e-01
3.207586235876104253e-01,-4.800492044858682972e-01,3.124597141037822046e-01,-7.543444794845716173e-01
5.761141179450779415e-01,3.776051426686697493e-02,8.095113394900795845e-01,-1.065741896691873025e-01
3.776051426686700963e-02,-5.761141179450778305e-01,-1.065741896691870666e-01,-8.095113394900795845e-01
4.329763064341066170e-01,8.779890952625846179e-01,1.345884009195527642e-01,-1.534686580529862066e-01
8.779890952625847289e-01,-4.329763064341064505e-01,-1.534686580529862066e-01,-1.345884009195527642e-01
8.139630282399843431e-01,5.438727075260606503e-01,3.982264522456452349e-02,-2.002019570183697084e-01
5.438727075260605393e-01,-8.139630282399844541e-01,-2.002019570183697361e-01,-3.982264522456435696e-02
9.768490139601672118e-01,6.402606702260034421e-02,-6.561355609881697193e-02,-1.932913032775507300e-01
6.402606702260041360e-02,-9.768490139601672118e-01,-1.932913032775507300e-01,6.561355609881695805e-02
2.553554943574674052e-01,5.178097187527351819e-01,-4.082482904638634058e-01,7.071067811865473507e-01
5.178097187527352929e-01,-2.553554943574672942e-01,7.071067811865473507e-01,4.082482904638634613e-01
4.800492044858682417e-01,3.207586235876104808e-01,-1.999839848695794950e-16,8.164965809277260345e-01
3.207586235876104253e-01,-4.800492044858682972e-01,8.164965809277260345e-01,2.499799810869743749e-16
5.761141179450779415e-01,3.776051426686697493e-02,4.082482904638624621e-01,7.071067811865479058e-01
3.776051426686700963e-02,-5.761141179450778305e-01,7.071067811865479058e-01,-4.082482904638624066e-01
2.553554943574674052e-01,5.178097187527351819e-01,4.082482904638632948e-01,-7.071067811865473507e-01
5.178097187527352929e-01,-2.553554943574672942e-01,-7.071067811865473507e-01,-4.082482904638634058e-01
4.800492044858682417e-01,3.207586235876104808e-01,9.999199243478974750e-17,-8.164965809277260345e-01
3.207586235876104253e-01,-4.800492044858682972e-01,-8.164965809277260345e-01,-1.499879886521846151e-16
5.761141179450778305e-01,3.776051426686696799e-02,-4.082482904638627952e-01,-7.071067811865476838e-01
3.776051426686701656e-02,-5.761141179450779415e-01,-7.071067811865479058e-01,4.082482904638625176e-01
4.329763064341066170e-01,8.779890952625846179e-01,-1.345884009195527087e-01,1.534686580529862621e-01
8.779890952625847289e-01,-4.329763064341064505e-01,1.534686580529862621e-01,1.345884009195527364e-01
8.139630282399843431e-01,5.438727075260606503e-01,-3.982264522456437084e-02,2.002019570183697361e-01
5.438727075260605393e-01,-8.139630282399844541e-01,2.002019570183697361e-01,3.982264522456438471e-02
9.768490139601672118e-01,6.402606702260034421e-02,6.561355609881695805e-02,1.932913032775507300e-01
6.402606702260041360e-02,-9.768490139601672118e-01,1.932913032775507300e-01,-6.561355609881694417e-02
2.553554943574674052e-01,5.178097187527351819e-01,6.477702898153843147e-01,-4.970516253862970468e-01
5.178097187527352929e-01,-2.553554943574672942e-01,-4.970516253862970468e-01,-6.477702898153843147e-01
4.800492044858682417e-01,3.207586235876104808e-01,3.124597141037825931e-01,-7.543444794845715062e-01
3.207586235876104253e-01,-4.800492044858682972e-01,-7.543444794845716173e-01,-3.124597141037822601e-01
5.761141179450778305e-01,3.776051426686696799e-02,-1.065741896691870666e-01,-8.095113394900795845e-01
3.776051426686700963e-02,-5.761141179450778305e-01,-8.095113394900795845e-01,1.065741896691870111e-01
3.611272033468167497e-01,7.322935269887160814e-01,-4.580427645796334435e-01,3.514685749104460855e-01
7.322935269887161924e-01,-3.611272033468165832e-01,3.514685749104460855e-01,4.580427645796334990e-01
6.788920955903301468e-01,4.536211957257252902e-01,-2.209423826903944288e-01,5.334020967941771607e-01
4.536211957257252347e-01,-6.788920955903302579e-01,5.334020967941771607e-01,2.209423826903944565e-01
8.147483990725419289e-01,5.340143139838601782e-02,7.535933221454391151e-02,5.724109576008407085e-01
5.340143139838607333e-02,-8.147483990725419289e-01,5.724109576008407085e-01,-7.535933221454388375e-02
9.028180083670422906e-02,1.830733817471791314e-01,-7.360098281310115675e-01,-6.454632958022417100e-01
1.830733817471791591e-01,-9.028180083670420131e-02,-6.454632958022420430e-01,7.360098281310112345e-01
1.697230238975826200e-01,1.134052989314313920e-01,-9.601348564975953348e-01,-1.909826973096653280e-01
1.134052989314313642e-01,-1.697230238975826477e-01,-1.909826973096645231e-01,9.601348564975955568e-01
2.036870997681355933e-01,1.335035784959651139e-02,-9.269925254406766735e-01,3.146715606953538469e-01
1.335035784959652527e-02,-2.036870997681355933e-01,3.146715606953537914e-01,9.269925254406766735e-01
3.611272033468167497e-01,7.322935269887160814e-01,5.000000000000001110e-01,2.886751345948128655e-01
7.322935269887161924e-01,-3.611272033468165832e-01,2.886751345948130876e-01,-5.000000000000000000e-01
6.788920955903301468e-01,4.536211957257252902e-01,5.773502691896258421e-01,3.535250795749690127e-17
4.536211957257252347e-01,-6.788920955903302579e-01,7.070501591499380254e-17,-5.773502691896258421e-01
8.147483990725419289e-01,5.340143139838601782e-02,5.000000000000000000e-01,-2.886751345948130321e-01
5.340143139838607333e-02,-8.147483990725419289e-01,-2.886751345948129766e-01,-5.000000000000000000e-01
3.611272033468167497e-01,7.322935269887160814e-01,-4.999999999999998890e-01,-2.886751345948131986e-01
7.322935269887161924e-01,-3.611272033468165832e-01,-2.886751345948131986e-01,4.999999999999998890e-01
6.788920955903301468e-01,4.536211957257252902e-01,-5.773502691896258421e-01,-1.060575238724906915e-16
4.536211957257252347e-01,-6.788920955903302579e-01,-1.414100318299876051e-16,5.773502691896258421e-01
8.147483990725419289e-01,5.340143139838601782e-02,-5.000000000000003331e-01,2.886751345948125325e-01
5.340143139838607333e-02,-8.147483990725419289e-01,2.886751345948124770e-01,5.000000000000003331e-01
9.028180083670422906e-02,1.830733817471791314e-01,7.360098281310116786e-01,6.454632958022414879e-01
1.830733817471791591e-01,-9.028180083670420131e-02,6.454632958022415989e-01,-7.360098281310115675e-01
1.697230238975826200e-01,1.134052989314313920e-01,9.601348564975954458e-01,1.909826973096649949e-01
1.134052989314313642e-01,-1.697230238975826477e-01,1.909826973096648284e-01,-9.601348564975954458e-01
2.036870997681355933e-01,1.335035784959651139e-02,9.269925254406766735e-01,-3.146715606953539579e-01
1.335035784959652527e-02,-2.036870997681355933e-01,-3.146715606953539024e-01,-9.269925254406766735e-01
1.126354499323024283e-01,5.662566456580278018e-01,-3.124597141037827597e-01,-7.543444794845715062e-01
5.662566456580278018e-01,-1.126354499323023867e-01,-7.543444794845715062e-01,3.124597141037827597e-01
3.806734838370779417e-01,4.340749152354639873e-01,-6.477702898153840927e-01,-4.970516253862972134e-01
4.340749152354639873e-01,-3.806734838370779417e-01,-4.970516253862972134e-01,6.477702898153840927e-01
5.467103651677664988e-01,1.855831618209498046e-01,-8.095113394900795845e-01,-1.065741896691873164e-01
1.855831618209498324e-01,-5.467103651677664988e-01,-1.065741896691873719e-01,8.095113394900795845e-01
1.592905808982577887e-01,8.008078280734787224e-01,2.209423826903945676e-01,5.334020967941770497e-01
8.008078280734787224e-01,-1.592905808982577331e-01,5.334020967941770497e-01,-2.209423826903945398e-01
5.383536036782108347e-01,6.138746322119448262e-01,4.580427645796334435e-01,3.514685749104461965e-01
6.138746322119448262e-01,-5.383536036782108347e-01,3.514685749104463075e-01,-4.580427645796333880e-01
7.731652131102025871e-01,2.624542243952679432e-01,5.724109576008407085e-01,7.535933221454370334e-02
2.624542243952679987e-01,-7.731652131102025871e-01,7.535933221454362008e-02,-5.724109576008407085e-01
1.592905808982577887e-01,8.008078280734787224e-01,4.082482904638630727e-01,-4.082482904638630172e-01
8.008078280734787224e-01,-1.592905808982577331e-01,-4.082482904638630172e-01,-4.082482904638631838e-01
5.383536036782108347e-01,6.138746322119448262e-01,1.494292453613424165e-01,-5.576775358252052950e-01
6.138746322119448262e-01,-5.383536036782108347e-01,-5.576775358252054060e-01,-1.494292453613421945e-01
7.731652131102025871e-01,2.624542243952679432e-01,-1.494292453613420280e-01,-5.576775358252054060e-01
2.624542243952679987e-01,-7.731652131102025871e-01,-5.576775358252054060e-01,1.494292453613420002e-01
3.982264522456446798e-02,2.002019570183697916e-01,-8.139630282399841210e-01,5.438727075260609833e-01
2.002019570183697916e-01,-3.982264522456446104e-02,5.438727075260608723e-01,8.139630282399841210e-01
1.345884009195527919e-01,1.534686580529862898e-01,-4.329763064341067280e-01,8.779890952625846179e-01
1.534686580529862898e-01,-1.345884009195527919e-01,8.779890952625849510e-01,4.329763064341060064e-01
1.932913032775507578e-01,6.561355609881702744e-02,6.402606702260045524e-02,9.768490139601671007e-01
6.561355609881704132e-02,-1.932913032775507578e-01,9.768490139601671007e-01,-6.402606702260041360e-02
3.982264522456446798e-02,2.002019570183697916e-01,8.139630282399845651e-01,-5.438727075260603172e-01
2.002019570183697916e-01,-3.982264522456446104e-02,-5.438727075260603172e-01,-8.139630282399845651e-01
1.345884009195527919e-01,1.534686580529862898e-01,4.329763064341066170e-01,-8.779890952625846179e-01
1.534686580529862898e-01,-1.345884009195527919e-01,-8.779890952625846179e-01,-4.329763064341066725e-01
1.932913032775507856e-01,6.561355609881704132e-02,-6.402606702260016380e-02,-9.768490139601672118e-01
6.561355609881704132e-02,-1.932913032775507578e-01,-9.768490139601671007e-01,6.402606702260052463e-02
1.592905808982577887e-01,8.008078280734787224e-01,-4.082482904638631838e-01,4.082482904638629617e-01
8.008078280734787224e-01,-1.592905808982577331e-01,4.082482904638629617e-01,4.082482904638631838e-01
5.383536036782108347e-01,6.138746322119448262e-01,-1.494292453613427496e-01,5.576775358252051840e-01
6.138746322119448262e-01,-5.383536036782108347e-01,5.576775358252054060e-01,1.494292453613422500e-01
7.731652131102025871e-01,2.624542243952679432e-01,1.494292453613419724e-01,5.576775358252054060e-01
2.624542243952679987e-01,-7.731652131102025871e-01,5.576775358252054060e-01,-1.494292453613419447e-01
1.592905808982577887e-01,8.008078280734787224e-01,5.334020967941770497e-01,-2.209423826903945398e-01
8.008078280734787224e-01,-1.592905808982577331e-01,-2.209423826903944843e-01,-5.334020967941771607e-01
5.383536036782108347e-01,6.138746322119448262e-01,3.514685749104463075e-01,-4.580427645796333880e-01
6.138746322119448262e-01,-5.383536036782108347e-01,-4.580427645796333325e-01,-3.514685749104463075e-01
7.731652131102025871e-01,2.624542243952679432e-01,7.535933221454362008e-02,-5.724109576008407085e-01
2.624542243952679987e-01,-7.731652131102025871e-01,-5.724109576008407085e-01,-7.535933221454364783e-02
1.126354499323024283e-01,5.662566456580278018e-01,-7.543444794845715062e-01,3.124597141037827597e-01
5.662566456580276908e-01,-1.126354499323023728e-01,3.124597141037826487e-01,7.543444794845715062e-01
3.806734838370779417e-01,4.340749152354639873e-01,-4.970516253862972134e-01,6.477702898153840927e-01
4.340749152354639873e-01,-3.806734838370779417e-01,6.477702898153840927e-01,4.970516253862973244e-01
5.467103651677664988e-01,1.855831618209498046e-01,-1.065741896691873719e-01,8.095113394900795845e-01
1.855831618209498324e-01,-5.467103651677664988e-01,8.095113394900795845e-01,1.065741896691874135e-01
1.126354499323024144e-01,5.662566456580276908e-01,-5.773502691896257311e-01,-5.773502691896258421e-01
5.662566456580278018e-01,-1.126354499323023867e-01,-5.773502691896259531e-01,5.773502691896257311e-01
3.806734838370779417e-01,4.340749152354639873e-01,-7.886751345948127545e-01,-2.113248654051877451e-01
4.340749152354640428e-01,-3.806734838370779972e-01,-2.113248654051870790e-01,7.886751345948129766e-01
5.467103651677664988e-01,1.855831618209498046e-01,-7.886751345948130876e-01,2.113248654051867736e-01
1.855831618209498046e-01,-5.467103651677663878e-01,2.113248654051866904e-01,7.886751345948129766e-01
1.909826973096649116e-01,9.601348564975954458e-01,1.134052989314313226e-01,1.697230238975825645e-01
9.601348564975955568e-01,-1.909826973096648839e-01,1.697230238975826200e-01,-1.134052989314312948e-01
6.454632958022414879e-01,7.360098281310116786e-01,1.830733817471790759e-01,9.028180083670418743e-02
7.360098281310116786e-01,-6.454632958022414879e-01,9.028180083670420131e-02,-1.830733817471790481e-01
9.269925254406766735e-01,3.146715606953541244e-01,2.036870997681355377e-01,-1.335035784959648190e-02
3.146715606953541244e-01,-9.269925254406765625e-01,-1.335035784959646976e-02,-2.036870997681355100e-01
1.909826973096649116e-01,9.601348564975954458e-01,-1.134052989314312809e-01,-1.697230238975825922e-01
9.601348564975955568e-01,-1.909826973096648839e-01,-1.697230238975826200e-01,1.134052989314312671e-01
6.454632958022414879e-01,7.360098281310116786e-01,-1.830733817471790481e-01,-9.028180083670421519e-02
7.360098281310116786e-01,-6.454632958022414879e-01,-9.028180083670421519e-02,1.830733817471790481e-01
9.269925254406766735e-01,3.146715606953541244e-01,-2.036870997681355377e-01,1.335035784959654956e-02
3.146715606953541244e-01,-9.269925254406765625e-01,1.335035784959653395e-02,2.036870997681355100e-01
1.126354499323024144e-01,5.662566456580276908e-01,5.773502691896257311e-01,5.773502691896258421e-01
5.662566456580276908e-01,-1.126354499323023728e-01,5.773502691896258421e-01,-5.773502691896257311e-01
3.806734838370779417e-01,4.340749152354639873e-01,7.886751345948128655e-01,2.113248654051872732e-01
4.340749152354640428e-01,-3.806734838370779972e-01,2.113248654051869957e-01,-7.886751345948129766e-01
5.467103651677663878e-01,1.855831618209497769e-01,7.886751345948128655e-01,-2.113248654051869957e-01
1.855831618209498046e-01,-5.467103651677663878e-01,-2.113248654051867736e-01,-7.886751345948129766e-01
1.379496896414715290e-01,6.935199226610738732e-01,8.659560562354932858e-17,-7.071067811865475727e-01
6.935199226610738732e-01,-1.379496896414715013e-01,-7.071067811865475727e-01,-1.298934084353240052e-16
4.662278970042302850e-01,5.316310262343734161e-01,-3.535533905932735643e-01,-6.123724356957946924e-01
5.316310262343733051e-01,-4.662278970042302295e-01,-6.123724356957948034e-01,3.535533905932732868e-01
6.695807158758448896e-01,2.272920256568436437e-01,-6.123724356957943593e-01,-3.535533905932741194e-01
2.272920256568436437e-01,-6.695807158758447786e-01,-3.535533905932740639e-01,6.123724356957942483e-01
1.379496896414715290e-01,6.935199226610738732e-01,-1.731912112470986572e-16,7.071067811865475727e-01
6.935199226610738732e-01,-1.379496896414715013e-01,7.071067811865475727e-01,2.164890140588733338e-16
4.662278970042302295e-01,5.316310262343733051e-01,3.535533905932732313e-01,6.123724356957948034e-01
5.316310262343734161e-01,-4.662278970042302850e-01,6.123724356957949144e-01,-3.535533905932732313e-01
6.695807158758448896e-01,2.272920256568436437e-01,6.123724356957943593e-01,3.535533905932741749e-01
2.272920256568436437e-01,-6.695807158758447786e-01,3.535533905932735643e-01,-6.123724356957945814e-01
1.780922835319669884e-01,8.953303702431314459e-01,1.562298570518911578e-01,-3.771722397422859197e-01
8.953303702431314459e-01,-1.780922835319669328e-01,-3.771722397422859197e-01,-1.562298570518911855e-01
6.018976268782301187e-01,6.863327036442953277e-01,-5.328709483459372065e-02,-4.047556697450397922e-01
6.863327036442953277e-01,-6.018976268782301187e-01,-4.047556697450397922e-01,5.328709483459386637e-02
8.644249871762622606e-01,2.934327433649014383e-01,-2.485258126931485789e-01,-3.238851449076922129e-01
2.934327433649014938e-01,-8.644249871762622606e-01,-3.238851449076922129e-01,2.485258126931485234e-01
7.964529044912889433e-02,4.004039140367393612e-01,-3.493405804831035688e-01,8.433827672895989336e-01
4.004039140367393057e-01,-7.964529044912886657e-02,8.433827672895988226e-01,3.493405804831035688e-01
2.691768018391053618e-01,3.069373161059723576e-01,1.191535663736289219e-01,9.050611918283639756e-01
3.069373161059723576e-01,-2.691768018391053618e-01,9.050611918283638646e-01,-1.191535663736296852e-01
3.865826065551012380e-01,1.312271121976339439e-01,5.557206113452600738e-01,7.242292009159695398e-01
1.312271121976339716e-01,-3.865826065551012380e-01,7.242292009159695398e-01,-5.557206113452600738e-01
7.964529044912889433e-02,4.004039140367393612e-01,3.493405804831035133e-01,-8.433827672895989336e-01
4.004039140367393612e-01,-7.964529044912888045e-02,-8.433827672895989336e-01,-3.493405804831035688e-01
2.691768018391053618e-01,3.069373161059723576e-01,-1.191535663736294492e-01,-9.050611918283638646e-01
3.069373161059723576e-01,-2.691768018391053618e-01,-9.050611918283638646e-01,1.191535663736297823e-01
3.865826065551012380e-01,1.312271121976339439e-01,-5.557206113452601848e-01,-7.242292009159695398e-01
1.312271121976339716e-01,-3.865826065551012380e-01,-7.242292009159695398e-01,5.557206113452600738e-01
1.780922835319669884e-01,8.953303702431314459e-01,-1.562298570518912133e-01,3.771722397422859197e-01
8.953303702431314459e-01,-1.780922835319669328e-01,3.771722397422859197e-01,1.562298570518912411e-01
6.018976268782301187e-01,6.863327036442953277e-01,5.328709483459347779e-02,4.047556697450398477e-01
6.863327036442953277e-01,-6.018976268782301187e-01,4.047556697450397922e-01,-5.328709483459381779e-02
8.644249871762622606e-01,2.934327433649014383e-01,2.485258126931485234e-01,3.238851449076922684e-01
2.934327433649014938e-01,-8.644249871762622606e-01,3.238851449076922684e-01,-2.485258126931485234e-01
1.379496896414715290e-01,6.935199226610738732e-01,7.071067811865475727e-01,4.329780281177466429e-17
6.935199226610738732e-01,-1.379496896414715013e-01,8.659560562354932858e-17,-7.071067811865475727e-01
4.662278970042302850e-01,5.316310262343734161e-01,6.123724356957945814e-01,-3.535533905932736198e-01
5.316310262343733051e-01,-4.662278970042302295e-01,-3.535533905932737864e-01,-6.123724356957944703e-01
6.695807158758448896e-01,2.272920256568436437e-01,3.535533905932740084e-01,-6.123724356957944703e-01
2.272920256568436437e-01,-6.695807158758447786e-01,-6.123724356957942483e-01,-3.535533905932740639e-01
1.379496896414715290e-01,6.935199226610738732e-01,-7.071067811865475727e-01,-1.298934084353240052e-16
6.935199226610738732e-01,-1.379496896414715013e-01,-1.731912112470986572e-16,7.071067811865475727e-01
4.662278970042302295e-01,5.316310262343733051e-01,-6.123724356957948034e-01,3.535533905932732868e-01
5.316310262343733051e-01,-4.662278970042302295e-01,3.535533905932732313e-01,6.123724356957948034e-01
6.695807158758448896e-01,2.272920256568436437e-01,-3.535533905932741194e-01,6.123724356957943593e-01
2.272920256568436437e-01,-6.695807158758447786e-01,6.123724356957942483e-01,3.535533905932741194e-01
7.964529044912889433e-02,4.004039140367393612e-01,-8.433827672895989336e-01,-3.493405804831035688e-01
4.004039140367393612e-01,-7.964529044912888045e-02,-3.493405804831035688e-01,8.433827672895989336e-01
2.691768018391053618e-01,3.069373161059723576e-01,-9.050611918283639756e-01,1.191535663736290052e-01
3.069373161059723576e-01,-2.691768018391053618e-01,1.191535663736297407e-01,9.050611918283638646e-01
3.865826065551012380e-01,1.312271121976339439e-01,-7.242292009159695398e-01,5.557206113452600738e-01
1.312271121976339716e-01,-3.865826065551012380e-01,5.557206113452600738e-01,7.242292009159695398e-01
1.780922835319669884e-01,8.953303702431314459e-01,3.771722397422858641e-01,1.562298570518913243e-01
8.953303702431314459e-01,-1.780922835319669328e-01,1.562298570518913521e-01,-3.771722397422858641e-01
6.018976268782301187e-01,6.863327036442953277e-01,4.047556697450398477e-01,-5.328709483459356105e-02
6.863327036442953277e-01,-6.018976268782301187e-01,-5.328709483459354024e-02,-4.047556697450398477e-01
8.644249871762622606e-01,2.934327433649014383e-01,3.238851449076922129e-01,-2.485258126931485789e-01
2.934327433649014938e-01,-8.644249871762622606e-01,-2.485258126931485789e-01,-3.238851449076922129e-01
1.780922835319669884e-01,8.953303702431314459e-01,-3.771722397422859197e-01,-1.562298570518911855e-01
8.953303702431314459e-01,-1.780922835319669328e-01,-1.562298570518912133e-01,3.771722397422859197e-01
6.018976268782302297e-01,6.863327036442954387e-01,-4.047556697450399033e-01,5.328709483459351942e-02
6.863327036442953277e-01,-6.018976268782301187e-01,5.328709483459384555e-02,4.047556697450397922e-01
8.644249871762622606e-01,2.934327433649014383e-01,-3.238851449076922129e-01,2.485258126931485234e-01
2.934327433649014938e-01,-8.644249871762622606e-01,2.485258126931485234e-01,3.238851449076922684e-01
7.964529044912888045e-02,4.004039140367393057e-01,8.433827672895988226e-01,3.493405804831037909e-01
4.004039140367393057e-01,-7.964529044912886657e-02,3.493405804831038464e-01,-8.433827672895988226e-01
2.691768018391053618e-01,3.069373161059723576e-01,9.050611918283639756e-01,-1.191535663736291023e-01
3.069373161059723576e-01,-2.691768018391053618e-01,-1.191535663736290468e-01,-9.050611918283639756e-01
3.865826065551012380e-01,1.312271121976339439e-01,7.242292009159695398e-01,-5.557206113452601848e-01
1.312271121976339716e-01,-3.865826065551012380e-01,-5.557206113452601848e-01,-7.242292009159695398e-01
3.127453320959721061e-01,6.341847973991336929e-01,-6.123724356957943593e-01,-3.535533905932741194e-01
6.341847973991338039e-01,-3.127453320959719951e-01,-3.535533905932741194e-01,6.123724356957943593e-01
5.879378012096794226e-01,3.928474791935511745e-01,-7.071067811865474617e-01,-1.298934084353239805e-16
3.928474791935511190e-01,-5.879378012096795336e-01,-1.731912112470986572e-16,7.071067811865475727e-01
7.055928112895232251e-01,4.624699618945426333e-02,-6.123724356957949144e-01,3.535533905932733423e-01
4.624699618945431190e-02,-7.055928112895232251e-01,3.535533905932732868e-01,6.123724356957949144e-01
3.127453320959721061e-01,6.341847973991336929e-01,6.123724356957945814e-01,3.535533905932737309e-01
6.341847973991338039e-01,-3.127453320959719951e-01,3.535533905932740084e-01,-6.123724356957944703e-01
5.879378012096794226e-01,3.928474791935511745e-01,7.071067811865474617e-01,4.329780281177465813e-17
3.928474791935511190e-01,-5.879378012096795336e-01,8.659560562354932858e-17,-7.071067811865475727e-01
7.055928112895232251e-01,4.624699618945426333e-02,6.123724356957944703e-01,-3.535533905932739529e-01
4.624699618945430496e-02,-7.055928112895231141e-01,-3.535533905932737864e-01,-6.123724356957944703e-01
4.037524876039358945e-01,8.187290529149230389e-01,3.238851449076921574e-01,-2.485258126931485512e-01
8.187290529149231499e-01,-4.037524876039357835e-01,-2.485258126931485789e-01,-3.238851449076922129e-01
7.590244375636316931e-01,5.071639148387294682e-01,1.562298570518913521e-01,-3.771722397422858641e-01
5.071639148387292462e-01,-7.590244375636316931e-01,-3.771722397422858641e-01,-1.562298570518911578e-01
9.109164024426651407e-01,5.970461535129138742e-02,-5.328709483459354024e-02,-4.047556697450398477e-01
5.970461535129145680e-02,-9.109164024426652517e-01,-4.047556697450399033e-01,5.328709483459351942e-02
1.805636016734083749e-01,3.661467634943580407e-01,-7.242292009159696509e-01,5.557206113452601848e-01
3.661467634943580407e-01,-1.805636016734082916e-01,5.557206113452600738e-01,7.242292009159695398e-01
3.394460477951650734e-01,2.268105978628626451e-01,-3.493405804831035688e-01,8.433827672895989336e-01
2.268105978628625896e-01,-3.394460477951650734e-01,8.433827672895988226e-01,3.493405804831035688e-01
4.073741995362709090e-01,2.670071569919300544e-02,1.191535663736297407e-01,9.050611918283638646e-01
2.670071569919303320e-02,-4.073741995362709090e-01,9.050611918283638646e-01,-1.191535663736296852e-01
1.805636016734083471e-01,3.661467634943579852e-01,7.242292009159695398e-01,-5.557206113452601848e-01
3.661467634943580407e-01,-1.805636016734082916e-01,-5.557206113452601848e-01,-7.242292009159695398e-01
3.394460477951650179e-01,2.268105978628626174e-01,3.493405804831038464e-01,-8.433827672895988226e-01
2.268105978628626174e-01,-3.394460477951651289e-01,-8.433827672895989336e-01,-3.493405804831035688e-01
4.073741995362709090e-01,2.670071569919300544e-02,-1.191535663736290468e-01,-9.050611918283639756e-01
2.670071569919303320e-02,-4.073741995362709090e-01,-9.050611918283639756e-01,1.191535663736290052e-01
4.037524876039358945e-01,8.187290529149230389e-01,-3.238851449076921574e-01,2.485258126931484957e-01
8.187290529149231499e-01,-4.037524876039357835e-01,2.485258126931485234e-01,3.238851449076922684e-01
7.590244375636316931e-01,5.071639148387294682e-01,-1.562298570518912133e-01,3.771722397422859197e-01
5.071639148387292462e-01,-7.590244375636316931e-01,3.771722397422858641e-01,1.562298570518912133e-01
9.109164024426652517e-01,5.970461535129139435e-02,5.328709483459385249e-02,4.047556697450398477e-01
5.970461535129145680e-02,-9.109164024426652517e-01,4.047556697450398477e-01,-5.328709483459382473e-02
3.127453320959721061e-01,6.341847973991336929e-01,3.535533905932740084e-01,-6.123724356957944703e-01
6.341847973991338039e-01,-3.127453320959719951e-01,-6.123724356957943593e-01,-3.535533905932741194e-01
5.879378012096794226e-01,3.928474791935511745e-01,8.659560562354931626e-17,-7.071067811865474617e-01
3.928474791935511190e-01,-5.879378012096795336e-01,-7.071067811865475727e-01,-1.298934084353240052e-16
7.055928112895232251e-01,4.624699618945426333e-02,-3.535533905932735643e-01,-6.123724356957946924e-01
4.624699618945431190e-02,-7.055928112895232251e-01,-6.123724356957949144e-01,3.535533905932733423e-01
3.127453320959721061e-01,6.341847973991336929e-01,-3.535533905932741194e-01,6.123724356957943593e-01
6.341847973991338039e-01,-3.127453320959719951e-01,6.123724356957943593e-01,3.535533905932741749e-01
5.879378012096794226e-01,3.928474791935511745e-01,-1.731912112470986325e-16,7.071067811865474617e-01
3.928474791935511190e-01,-5.879378012096795336e-01,7.071067811865475727e-01,2.164890140588733338e-16
7.055928112895232251e-01,4.624699618945426333e-02,3.535533905932732868e-01,6.123724356957949144e-01
4.624699618945431190e-02,-7.055928112895232251e-01,6.123724356957949144e-01,-3.535533905932732313e-01
1.805636016734083471e-01,3.661467634943579852e-01,-5.557206113452601848e-01,-7.242292009159695398e-01
3.661467634943580407e-01,-1.805636016734082916e-01,-7.242292009159695398e-01,5.557206113452600738e-01
3.394460477951650734e-01,2.268105978628626451e-01,-8.433827672895989336e-01,-3.493405804831035688e-01
2.268105978628625896e-01,-3.394460477951650734e-01,-3.493405804831035133e-01,8.433827672895988226e-01
4.073741995362709090e-01,2.670071569919300544e-02,-9.050611918283638646e-01,1.191535663736297823e-01
2.670071569919303320e-02,-4.073741995362709090e-01,1.191535663736297407e-01,9.050611918283638646e-01
4.037524876039358945e-01,8.187290529149230389e-01,2.485258126931485512e-01,3.238851449076921574e-01
8.187290529149231499e-01,-4.037524876039357835e-01,3.238851449076922129e-01,-2.485258126931485789e-01
7.590244375636316931e-01,5.071639148387294682e-01,3.771722397422858641e-01,1.562298570518913243e-01
5.071639148387292462e-01,-7.590244375636316931e-01,1.562298570518911300e-01,-3.771722397422858641e-01
9.109164024426652517e-01,5.970461535129139435e-02,4.047556697450398477e-01,-5.328709483459365820e-02
5.970461535129144987e-02,-9.109164024426651407e-01,-5.328709483459354024e-02,-4.047556697450398477e-01
4.037524876039358945e-01,8.187290529149230389e-01,-2.485258126931485512e-01,-3.238851449076921574e-01
8.187290529149231499e-01,-4.037524876039357835e-01,-3.238851449076922129e-01,2.485258126931485234e-01
7.590244375636316931e-01,5.071639148387294682e-01,-3.771722397422859197e-01,-1.562298570518911855e-01
5.071639148387292462e-01,-7.590244375636316931e-01,-1.562298570518911855e-01,3.771722397422858641e-01
9.109164024426652517e-01,5.970461535129139435e-02,-4.047556697450398477e-01,5.328709483459387330e-02
5.970461535129145680e-02,-9.109164024426652517e-01,5.328709483459385249e-02,4.047556697450398477e-01
1.805636016734083471e-01,3.661467634943579852e-01,5.557206113452601848e-01,7.242292009159695398e-01
3.661467634943580407e-01,-1.805636016734082916e-01,7.242292009159695398e-01,-5.557206113452601848e-01
3.394460477951650179e-01,2.268105978628626174e-01,8.433827672895988226e-01,3.493405804831037909e-01
2.268105978628626174e-01,-3.394460477951651289e-01,3.493405804831035133e-01,-8.433827672895989336e-01
4.073741995362709090e-01,2.670071569919300544e-02,9.050611918283638646e-01,-1.191535663736293105e-01
2.670071569919303320e-02,-4.073741995362709090e-01,-1.191535663736290468e-01,-9.050611918283639756e-01
3.127453320959720506e-01,6.341847973991335818e-01,-1.830127018922190207e-01,-6.830127018922194093e-01
6.341847973991336929e-01,-3.127453320959719396e-01,-6.830127018922194093e-01,1.830127018922189652e-01
5.879378012096794226e-01,3.928474791935511745e-01,-4.999999999999998890e-01,-5.000000000000001110e-01
3.928474791935510635e-01,-5.879378012096794226e-01,-5.000000000000001110e-01,4.999999999999998335e-01
7.055928112895232251e-01,4.624699618945426333e-02,-6.830127018922194093e-01,-1.830127018922192428e-01
4.624699618945430496e-02,-7.055928112895231141e-01,-1.830127018922192428e-01,6.830127018922192983e-01
3.127453320959720506e-01,6.341847973991335818e-01,1.830127018922189375e-01,6.830127018922194093e-01
6.341847973991336929e-01,-3.127453320959719396e-01,6.830127018922194093e-01,-1.830127018922189097e-01
5.879378012096794226e-01,3.928474791935511745e-01,4.999999999999998335e-01,5.000000000000001110e-01
3.928474791935510635e-01,-5.879378012096794226e-01,5.000000000000005551e-01,-4.999999999999993894e-01
7.055928112895232251e-01,4.624699618945426333e-02,6.830127018922194093e-01,1.830127018922193260e-01
4.624699618945430496e-02,-7.055928112895231141e-01,1.830127018922193260e-01,-6.830127018922192983e-01
4.037524876039358945e-01,8.187290529149230389e-01,5.328709483459363738e-02,-4.047556697450397922e-01
8.187290529149231499e-01,-4.037524876039357835e-01,-4.047556697450398477e-01,-5.328709483459367208e-02
7.590244375636316931e-01,5.071639148387294682e-01,-1.562298570518914076e-01,-3.771722397422858086e-01
5.071639148387292462e-01,-7.590244375636316931e-01,-3.771722397422857531e-01,1.562298570518913521e-01
9.109164024426652517e-01,5.970461535129139435e-02,-3.238851449076921574e-01,-2.485258126931486622e-01
5.970461535129145680e-02,-9.109164024426652517e-01,-2.485258126931486622e-01,3.238851449076921574e-01
1.805636016734083471e-01,3.661467634943579852e-01,-1.191535663736293799e-01,9.050611918283638646e-01
3.661467634943580407e-01,-1.805636016734082916e-01,9.050611918283638646e-01,1.191535663736294354e-01
3.394460477951650179e-01,2.268105978628626174e-01,3.493405804831039019e-01,8.433827672895988226e-01
2.268105978628625896e-01,-3.394460477951650734e-01,8.433827672895988226e-01,-3.493405804831038464e-01
4.073741995362709090e-01,2.670071569919300544e-02,7.242292009159693178e-01,5.557206113452605178e-01
2.670071569919303320e-02,-4.073741995362709090e-01,5.557206113452605178e-01,-7.242292009159692068e-01
1.805636016734083471e-01,3.661467634943579852e-01,1.191535663736292827e-01,-9.050611918283638646e-01
3.661467634943580407e-01,-1.805636016734082916e-01,-9.050611918283638646e-01,-1.191535663736293243e-01
3.394460477951650179e-01,2.268105978628626174e-01,-3.493405804831040129e-01,-8.433827672895987115e-01
2.268105978628625896e-01,-3.394460477951650734e-01,-8.433827672895987115e-01,3.493405804831039574e-01
4.073741995362709090e-01,2.670071569919300544e-02,-7.242292009159693178e-01,-5.557206113452604068e-01
2.670071569919303320e-02,-4.073741995362709090e-01,-5.557206113452604068e-01,7.242292009159693178e-01
4.037524876039358945e-01,8.187290529149230389e-01,-5.328709483459368595e-02,4.047556697450397922e-01
8.187290529149231499e-01,-4.037524876039357835e-01,4.047556697450398477e-01,5.328709483459371371e-02
7.590244375636316931e-01,5.071639148387294682e-01,1.562298570518913798e-01,3.771722397422858641e-01
5.071639148387292462e-01,-7.590244375636316931e-01,3.771722397422858086e-01,-1.562298570518913243e-01
9.109164024426652517e-01,5.970461535129139435e-02,3.238851449076921574e-01,2.485258126931487177e-01
5.970461535129145680e-02,-9.109164024426652517e-01,2.485258126931487177e-01,-3.238851449076921019e-01
3.127453320959720506e-01,6.341847973991335818e-01,6.830127018922192983e-01,-1.830127018922193816e-01
6.341847973991336929e-01,-3.127453320959719396e-01,-1.830127018922190207e-01,-6.830127018922194093e-01
5.879378012096794226e-01,3.928474791935511745e-01,5.000000000000000000e-01,-4.999999999999998890e-01
3.928474791935510635e-01,-5.879378012096794226e-01,-4.999999999999998890e-01,-5.000000000000001110e-01
7.055928112895232251e-01,4.624699618945426333e-02,1.830127018922191873e-01,-6.830127018922194093e-01
4.624699618945431190e-02,-7.055928112895232251e-01,-6.830127018922194093e-01,-1.830127018922192428e-01
3.127453320959721061e-01,6.341847973991336929e-01,-6.830127018922195203e-01,1.830127018922189930e-01
6.341847973991336929e-01,-3.127453320959719396e-01,1.830127018922189375e-01,6.830127018922194093e-01
5.879378012096794226e-01,3.928474791935511745e-01,-5.000000000000001110e-01,4.999999999999998335e-01
3.928474791935511190e-01,-5.879378012096795336e-01,4.999999999999998890e-01,5.000000000000002220e-01
7.055928112895231141e-01,4.624699618945425639e-02,-1.830127018922192428e-01,6.830127018922192983e-01
4.624699618945431190e-02,-7.055928112895232251e-01,6.830127018922194093e-01,1.830127018922193260e-01
1.805636016734083471e-01,3.661467634943579852e-01,-9.050611918283638646e-01,-1.191535663736293243e-01
3.661467634943580407e-01,-1.805636016734082916e-01,-1.191535663736293799e-01,9.050611918283638646e-01
3.394460477951650179e-01,2.268105978628626174e-01,-8.433827672895987115e-01,3.493405804831039574e-01
2.268105978628625896e-01,-3.394460477951650734e-01,3.493405804831039019e-01,8.433827672895988226e-01
4.073741995362709090e-01,2.670071569919300544e-02,-5.557206113452604068e-01,7.242292009159693178e-01
2.670071569919303320e-02,-4.073741995362709090e-01,7.242292009159693178e-01,5.557206113452605178e-01
4.037524876039358945e-01,8.187290529149230389e-01,4.047556697450397922e-01,5.328709483459360269e-02
8.187290529149231499e-01,-4.037524876039357835e-01,5.328709483459364432e-02,-4.047556697450398477e-01
7.590244375636316931e-01,5.071639148387294682e-01,3.771722397422858641e-01,-1.562298570518912688e-01
5.071639148387292462e-01,-7.590244375636316931e-01,-1.562298570518913798e-01,-3.771722397422857531e-01
9.109164024426651407e-01,5.970461535129138742e-02,2.485258126931486344e-01,-3.238851449076921574e-01
5.970461535129145680e-02,-9.109164024426652517e-01,-3.238851449076921574e-01,-2.485258126931486622e-01
4.037524876039358945e-01,8.187290529149230389e-01,-4.047556697450397922e-01,-5.328709483459366514e-02
8.187290529149231499e-01,-4.037524876039357835e-01,-5.328709483459369289e-02,4.047556697450398477e-01
7.590244375636316931e-01,5.071639148387294682e-01,-3.771722397422858086e-01,1.562298570518913798e-01
5.071639148387292462e-01,-7.590244375636316931e-01,1.562298570518913521e-01,3.771722397422858086e-01
9.109164024426652517e-01,5.970461535129139435e-02,-2.485258126931486622e-01,3.238851449076921574e-01
5.970461535129145680e-02,-9.109164024426652517e-01,3.238851449076921574e-01,2.485258126931487177e-01
1.805636016734083471e-01,3.661467634943579852e-01,9.050611918283638646e-01,1.191535663736291994e-01
3.661467634943580407e-01,-1.805636016734082916e-01,1.191535663736292827e-01,-9.050611918283638646e-01
3.394460477951650179e-01,2.268105978628626174e-01,8.433827672895988226e-01,-3.493405804831036798e-01
2.268105978628625896e-01,-3.394460477951650734e-01,-3.493405804831040129e-01,-8.433827672895987115e-01
4.073741995362709090e-01,2.670071569919300544e-02,5.557206113452604068e-01,-7.242292009159694288e-01
2.670071569919303320e-02,-4.073741995362709090e-01,-7.242292009159693178e-01,-5.557206113452604068e-01
1.379496896414715013e-01,6.935199226610737622e-01,-4.999999999999998890e-01,-5.000000000000001110e-01
6.935199226610737622e-01,-1.379496896414714735e-01,-5.000000000000001110e-01,4.999999999999998335e-01
4.662278970042302850e-01,5.316310262343734161e-01,-6.830127018922191873e-01,-1.830127018922198812e-01
5.316310262343733051e-01,-4.662278970042302295e-01,-1.830127018922192428e-01,6.830127018922192983e-01
6.695807158758447786e-01,2.272920256568436159e-01,-6.830127018922194093e-01,1.830127018922189652e-01
2.272920256568436437e-01,-6.695807158758447786e-01,1.830127018922189375e-01,6.830127018922194093e-01
1.379496896414715290e-01,6.935199226610738732e-01,4.999999999999999445e-01,5.000000000000001110e-01
6.935199226610738732e-01,-1.379496896414715013e-01,5.000000000000001110e-01,-4.999999999999999445e-01
4.662278970042302850e-01,5.316310262343734161e-01,6.830127018922192983e-01,1.830127018922194648e-01
5.316310262343733051e-01,-4.662278970042302295e-01,1.830127018922191595e-01,-6.830127018922192983e-01
6.695807158758448896e-01,2.272920256568436437e-01,6.830127018922194093e-01,-1.830127018922192428e-01
2.272920256568436437e-01,-6.695807158758447786e-01,-1.830127018922190207e-01,-6.830127018922194093e-01
1.780922835319669884e-01,8.953303702431314459e-01,3.771722397422858641e-01,-1.562298570518912688e-01
8.953303702431314459e-01,-1.780922835319669328e-01,-1.562298570518912411e-01,-3.771722397422859197e-01
6.018976268782301187e-01,6.863327036442953277e-01,2.485258126931486344e-01,-3.238851449076921574e-01
6.863327036442953277e-01,-6.018976268782301187e-01,-3.238851449076921019e-01,-2.485258126931486344e-01
8.644249871762622606e-01,2.934327433649014383e-01,5.328709483459364432e-02,-4.047556697450398477e-01
2.934327433649014938e-01,-8.644249871762622606e-01,-4.047556697450398477e-01,-5.328709483459367208e-02
7.964529044912888045e-02,4.004039140367393057e-01,-8.433827672895987115e-01,3.493405804831039574e-01
4.004039140367393057e-01,-7.964529044912886657e-02,3.493405804831039019e-01,8.433827672895988226e-01
2.691768018391053618e-01,3.069373161059723576e-01,-5.557206113452604068e-01,7.242292009159693178e-01
3.069373161059723576e-01,-2.691768018391053618e-01,7.242292009159693178e-01,5.557206113452605178e-01
3.865826065551012380e-01,1.312271121976339439e-01,-1.191535663736293799e-01,9.050611918283638646e-01
1.312271121976339716e-01,-3.865826065551012380e-01,9.050611918283638646e-01,1.191535663736294354e-01
7.964529044912888045e-02,4.004039140367393057e-01,8.433827672895988226e-01,-3.493405804831036798e-01
4.004039140367393057e-01,-7.964529044912886657e-02,-3.493405804831036243e-01,-8.433827672895988226e-01
2.691768018391053618e-01,3.069373161059723576e-01,5.557206113452604068e-01,-7.242292009159694288e-01
3.069373161059723576e-01,-2.691768018391053618e-01,-7.242292009159693178e-01,-5.557206113452604068e-01
3.865826065551012380e-01,1.312271121976339439e-01,1.191535663736292827e-01,-9.050611918283638646e-01
1.312271121976339716e-01,-3.865826065551012380e-01,-9.050611918283638646e-01,-1.191535663736293243e-01
1.780922835319669884e-01,8.953303702431314459e-01,-3.771722397422858086e-01,1.562298570518913798e-01
8.953303702431314459e-01,-1.780922835319669328e-01,1.562298570518913798e-01,3.771722397422858641e-01
6.018976268782301187e-01,6.863327036442953277e-01,-2.485258126931486344e-01,3.238851449076921019e-01
6.863327036442953277e-01,-6.018976268782301187e-01,3.238851449076921019e-01,2.485258126931486899e-01
8.644249871762622606e-01,2.934327433649014383e-01,-5.328709483459369289e-02,4.047556697450398477e-01
2.934327433649014938e-01,-8.644249871762622606e-01,4.047556697450398477e-01,5.328709483459371371e-02
1.379496896414715290e-01,6.935199226610738732e-01,5.000000000000001110e-01,-4.999999999999999445e-01
6.935199226610737622e-01,-1.379496896414714735e-01,-4.999999999999998890e-01,-5.000000000000001110e-01
4.662278970042302850e-01,5.316310262343734161e-01,1.830127018922195203e-01,-6.830127018922192983e-01
5.316310262343734161e-01,-4.662278970042302850e-01,-6.830127018922194093e-01,-1.830127018922192428e-01
6.695807158758447786e-01,2.272920256568436159e-01,-1.830127018922190207e-01,-6.830127018922194093e-01
2.272920256568436437e-01,-6.695807158758447786e-01,-6.830127018922194093e-01,1.830127018922189652e-01
1.379496896414715013e-01,6.935199226610737622e-01,-5.000000000000001110e-01,4.999999999999998335e-01
6.935199226610738732e-01,-1.379496896414715013e-01,4.999999999999998890e-01,5.000000000000002220e-01
4.662278970042302850e-01,5.316310262343734161e-01,-1.830127018922199089e-01,6.830127018922191873e-01
5.316310262343734161e-01,-4.662278970042302850e-01,6.830127018922194093e-01,1.830127018922193260e-01
6.695807158758447786e-01,2.272920256568436159e-01,1.830127018922189375e-01,6.830127018922194093e-01
2.272920256568436437e-01,-6.695807158758447786e-01,6.830127018922194093e-01,-1.830127018922189097e-01
7.964529044912888045e-02,4.004039140367393057e-01,-3.493405804831040129e-01,-8.433827672895987115e-01
4.004039140367393057e-01,-7.964529044912886657e-02,-8.433827672895987115e-01,3.493405804831039574e-01
2.691768018391053618e-01,3.069373161059723576e-01,-7.242292009159693178e-01,-5.557206113452604068e-01
3.069373161059723576e-01,-2.691768018391053618e-01,-5.557206113452604068e-01,7.242292009159693178e-01
3.865826065551012380e-01,1.312271121976339439e-01,-9.050611918283638646e-01,-1.191535663736293243e-01
1.312271121976339716e-01,-3.865826065551012380e-01,-1.191535663736293799e-01,9.050611918283638646e-01
1.780922835319669884e-01,8.953303702431314459e-01,1.562298570518912966e-01,3.771722397422858641e-01
8.953303702431314459e-01,-1.780922835319669328e-01,3.771722397422858641e-01,-1.562298570518912688e-01
6.018976268782301187e-01,6.863327036442953277e-01,3.238851449076921574e-01,2.485258126931485512e-01
6.863327036442953277e-01,-6.018976268782301187e-01,2.485258126931486344e-01,-3.238851449076921574e-01
8.644249871762622606e-01,2.934327433649014383e-01,4.047556697450398477e-01,5.328709483459369983e-02
2.934327433649014938e-01,-8.644249871762622606e-01,5.328709483459364432e-02,-4.047556697450398477e-01
1.780922835319669884e-01,8.953303702431314459e-01,-1.562298570518914076e-01,-3.771722397422858086e-01
8.953303702431314459e-01,-1.780922835319669328e-01,-3.771722397422858086e-01,1.562298570518913798e-01
6.018976268782301187e-01,6.863327036442953277e-01,-3.238851449076921019e-01,-2.485258126931486344e-01
6.863327036442953277e-01,-6.018976268782301187e-01,-2.485258126931486344e-01,3.238851449076921019e-01
8.644249871762622606e-01,2.934327433649014383e-01,-4.047556697450398477e-01,-5.328709483459367208e-02
2.934327433649014938e-01,-8.644249871762622606e-01,-5.328709483459369289e-02,4.047556697450398477e-01
7.964529044912888045e-02,4.004039140367393057e-01,3.493405804831037353e-01,8.433827672895988226e-01
4.004039140367393057e-01,-7.964529044912886657e-02,8.433827672895988226e-01,-3.493405804831036798e-01
2.691768018391053618e-01,3.069373161059723576e-01,7.242292009159695398e-01,5.557206113452601848e-01
3.069373161059723576e-01,-2.691768018391053618e-01,5.557206113452604068e-01,-7.242292009159694288e-01
3.865826065551012380e-01,1.312271121976339439e-01,9.050611918283638646e-01,1.191535663736294076e-01
1.312271121976339716e-01,-3.865826065551012380e-01,1.191535663736292827e-01,-9.050611918283638646e-01
1.592905808982577887e-01,8.008078280734787224e-01,7.070501591499380254e-17,-5.773502691896258421e-01
8.008078280734787224e-01,-1.592905808982577331e-01,-5.773502691896258421e-01,-1.060575238724906915e-16
5.383536036782108347e-01,6.138746322119448262e-01,-2.886751345948127545e-01,-5.000000000000001110e-01
6.138746322119448262e-01,-5.383536036782108347e-01,-5.000000000000003331e-01,2.886751345948125325e-01
7.731652131102025871e-01,2.624542243952679432e-01,-4.999999999999998890e-01,-2.886751345948131986e-01
2.624542243952679987e-01,-7.731652131102025871e-01,-2.886751345948131986e-01,4.999999999999998890e-01
1.126354499323024144e-01,5.662566456580276908e-01,-1.999839848695794950e-16,8.164965809277260345e-01
5.662566456580276908e-01,-1.126354499323023728e-01,8.164965809277260345e-01,2.499799810869743749e-16
3.806734838370779972e-01,4.340749152354640428e-01,4.082482904638624621e-01,7.071067811865479058e-01
4.340749152354639873e-01,-3.806734838370779417e-01,7.071067811865479058e-01,-4.082482904638624066e-01
5.467103651677663878e-01,1.855831618209497769e-01,7.071067811865473507e-01,4.082482904638634613e-01
1.855831618209498046e-01,-5.467103651677663878e-01,4.082482904638628507e-01,-7.071067811865476838e-01
1.909826973096649116e-01,9.601348564975954458e-01,3.982264522456452349e-02,-2.002019570183697084e-01
9.601348564975955568e-01,-1.909826973096648839e-01,-2.002019570183697084e-01,-3.982264522456454431e-02
6.454632958022415989e-01,7.360098281310117896e-01,-6.561355609881697193e-02,-1.932913032775507300e-01
7.360098281310117896e-01,-6.454632958022415989e-01,-1.932913032775507300e-01,6.561355609881695805e-02
9.269925254406765625e-01,3.146715606953540689e-01,-1.534686580529862066e-01,-1.345884009195527642e-01
3.146715606953541244e-01,-9.269925254406765625e-01,-1.345884009195528475e-01,1.534686580529861233e-01
1.126354499323024144e-01,5.662566456580276908e-01,-3.124597141037823156e-01,7.543444794845716173e-01
5.662566456580276908e-01,-1.126354499323023728e-01,7.543444794845716173e-01,3.124597141037823711e-01
3.806734838370779417e-01,4.340749152354639873e-01,1.065741896691869417e-01,8.095113394900795845e-01
4.340749152354640428e-01,-3.806734838370779972e-01,8.095113394900795845e-01,-1.065741896691876356e-01
5.467103651677663878e-01,1.855831618209497769e-01,4.970516253862969358e-01,6.477702898153843147e-01
1.855831618209498324e-01,-5.467103651677664988e-01,6.477702898153844258e-01,-4.970516253862969913e-01
1.126354499323024283e-01,5.662566456580278018e-01,3.124597141037822601e-01,-7.543444794845717283e-01
5.662566456580276908e-01,-1.126354499323023728e-01,-7.543444794845716173e-01,-3.124597141037822601e-01
3.806734838370779972e-01,4.340749152354640428e-01,-1.065741896691874413e-01,-8.095113394900795845e-01
4.340749152354640428e-01,-3.806734838370779972e-01,-8.095113394900795845e-01,1.065741896691877327e-01
5.467103651677663878e-01,1.855831618209497769e-01,-4.970516253862970468e-01,-6.477702898153843147e-01
1.855831618209498324e-01,-5.467103651677664988e-01,-6.477702898153844258e-01,4.970516253862969913e-01
1.909826973096649116e-01,9.601348564975954458e-01,-3.982264522456455125e-02,2.002019570183696806e-01
9.601348564975955568e-01,-1.909826973096648839e-01,2.002019570183697084e-01,3.982264522456456513e-02
6.454632958022415989e-01,7.360098281310117896e-01,6.561355609881677764e-02,1.932913032775507856e-01
7.360098281310117896e-01,-6.454632958022415989e-01,1.932913032775507300e-01,-6.561355609881694417e-02
9.269925254406765625e-01,3.146715606953540689e-01,1.534686580529861233e-01,1.345884009195528752e-01
3.146715606953541244e-01,-9.269925254406765625e-01,1.345884009195528752e-01,-1.534686580529861233e-01
1.126354499323024144e-01,5.662566456580276908e-01,8.164965809277260345e-01,4.999599621739487375e-17
5.662566456580276908e-01,-1.126354499323023728e-01,9.999199243478974750e-17,-8.164965809277260345e-01
3.806734838370779972e-01,4.340749152354640428e-01,7.071067811865476838e-01,-4.082482904638629062e-01
4.340749152354640428e-01,-3.806734838370779972e-01,-4.082482904638631838e-01,-7.071067811865475727e-01
5.467103651677663878e-01,1.855831618209497769e-01,4.082482904638632948e-01,-7.071067811865473507e-01
1.855831618209498046e-01,-5.467103651677663878e-01,-7.071067811865473507e-01,-4.082482904638634058e-01
1.592905808982577887e-01,8.008078280734787224e-01,-5.773502691896258421e-01,-1.060575238724906915e-16
8.008078280734787224e-01,-1.592905808982577331e-01,-1.414100318299876051e-16,5.773502691896258421e-01
5.383536036782108347e-01,6.138746322119448262e-01,-5.000000000000003331e-01,2.886751345948125325e-01
6.138746322119448262e-01,-5.383536036782108347e-01,2.886751345948124770e-01,5.000000000000003331e-01
7.731652131102025871e-01,2.624542243952679432e-01,-2.886751345948131986e-01,4.999999999999998890e-01
2.624542243952679987e-01,-7.731652131102025871e-01,4.999999999999998890e-01,2.886751345948132541e-01
3.982264522456446798e-02,2.002019570183697916e-01,-9.601348564975953348e-01,-1.909826973096653280e-01
2.002019570183697916e-01,-3.982264522456446104e-02,-1.909826973096653835e-01,9.601348564975953348e-01
1.345884009195527919e-01,1.534686580529862898e-01,-9.269925254406770065e-01,3.146715606953530142e-01
1.534686580529862898e-01,-1.345884009195527919e-01,3.146715606953537914e-01,9.269925254406766735e-01
1.932913032775507578e-01,6.561355609881702744e-02,-6.454632958022420430e-01,7.360098281310112345e-01
6.561355609881704132e-02,-1.932913032775507578e-01,7.360098281310111235e-01,6.454632958022421541e-01
1.592905808982577887e-01,8.008078280734787224e-01,5.334020967941770497e-01,2.209423826903945953e-01
8.008078280734787224e-01,-1.592905808982577331e-01,2.209423826903946231e-01,-5.334020967941770497e-01
5.383536036782108347e-01,6.138746322119448262e-01,5.724109576008408196e-01,-7.535933221454350905e-02
6.138746322119448262e-01,-5.383536036782108347e-01,-7.535933221454348130e-02,-5.724109576008408196e-01
7.731652131102025871e-01,2.624542243952679432e-01,4.580427645796334435e-01,-3.514685749104461965e-01
2.624542243952679987e-01,-7.731652131102025871e-01,-3.514685749104461965e-01,-4.580427645796334435e-01
1.592905808982577887e-01,8.008078280734787224e-01,-5.334020967941771607e-01,-2.209423826903944010e-01
8.008078280734787224e-01,-1.592905808982577331e-01,-2.209423826903944288e-01,5.334020967941771607e-01
5.383536036782108347e-01,6.138746322119448262e-01,-5.724109576008408196e-01,7.535933221454343967e-02
6.138746322119448262e-01,-5.383536036782108347e-01,7.535933221454391151e-02,5.724109576008407085e-01
7.731652131102025871e-01,2.624542243952679432e-01,-4.580427645796334435e-01,3.514685749104460855e-01
2.624542243952679987e-01,-7.731652131102025871e-01,3.514685749104460855e-01,4.580427645796334990e-01
3.982264522456446798e-02,2.002019570183697916e-01,9.601348564975954458e-01,1.909826973096649949e-01
2.002019570183697916e-01,-3.982264522456446104e-02,1.909826973096652725e-01,-9.601348564975954458e-01
1.345884009195527919e-01,1.534686580529862898e-01,9.269925254406766735e-01,-3.146715606953539579e-01
1.534686580529862898e-01,-1.345884009195527919e-01,-3.146715606953539024e-01,-9.269925254406766735e-01
1.932913032775507578e-01,6.561355609881702744e-02,6.454632958022415989e-01,-7.360098281310115675e-01
6.561355609881704132e-02,-1.932913032775507578e-01,-7.360098281310115675e-01,-6.454632958022417100e-01
2.553554943574674607e-01,5.178097187527352929e-01,-2.113248654051868014e-01,-7.886751345948130876e-01
5.178097187527352929e-01,-2.553554943574672942e-01,-7.886751345948129766e-01,2.113248654051867459e-01
4.800492044858682417e-01,3.207586235876104808e-01,-5.773502691896257311e-01,-5.773502691896258421e-01
3.207586235876104808e-01,-4.800492044858683527e-01,-5.773502691896259531e-01,5.773502691896257311e-01
5.761141179450778305e-01,3.776051426686696799e-02,-7.886751345948128655e-01,-2.113248654051869957e-01
3.776051426686700963e-02,-5.761141179450778305e-01,-2.113248654051870512e-01,7.886751345948128655e-01
3.611272033468167497e-01,7.322935269887160814e-01,1.494292453613419724e-01,5.576775358252054060e-01
7.322935269887161924e-01,-3.611272033468165832e-01,5.576775358252054060e-01,-1.494292453613419447e-01
6.788920955903301468e-01,4.536211957257252902e-01,4.082482904638629617e-01,4.082482904638631838e-01
4.536211957257252347e-01,-6.788920955903302579e-01,4.082482904638635723e-01,-4.082482904638625731e-01
8.147483990725419289e-01,5.340143139838601782e-02,5.576775358252054060e-01,1.494292453613422500e-01
5.340143139838607333e-02,-8.147483990725419289e-01,1.494292453613423055e-01,-5.576775358252054060e-01
3.611272033468167497e-01,7.322935269887160814e-01,7.535933221454362008e-02,-5.724109576008407085e-01
7.322935269887161924e-01,-3.611272033468165832e-01,-5.724109576008407085e-01,-7.535933221454364783e-02
6.788920955903301468e-01,4.536211957257252902e-01,-2.209423826903947063e-01,-5.334020967941770497e-01
4.536211957257251237e-01,-6.788920955903301468e-01,-5.334020967941769387e-01,2.209423826903946231e-01
8.147483990725419289e-01,5.340143139838601782e-02,-4.580427645796333325e-01,-3.514685749104463075e-01
5.340143139838607333e-02,-8.147483990725419289e-01,-3.514685749104463075e-01,4.580427645796333325e-01
9.028180083670422906e-02,1.830733817471791314e-01,6.402606702259959481e-02,9.768490139601672118e-01
1.830733817471791591e-01,-9.028180083670420131e-02,9.768490139601672118e-01,-6.402606702259953930e-02
1.697230238975826200e-01,1.134052989314313920e-01,5.438727075260602062e-01,8.139630282399845651e-01
1.134052989314313642e-01,-1.697230238975826477e-01,8.139630282399846761e-01,-5.438727075260600952e-01
2.036870997681355933e-01,1.335035784959651139e-02,8.779890952625841738e-01,4.329763064341075052e-01
1.335035784959652527e-02,-2.036870997681355933e-01,4.329763064341075607e-01,-8.779890952625841738e-01
9.028180083670424294e-02,1.830733817471791591e-01,-6.402606702260016380e-02,-9.768490139601672118e-01
1.830733817471791591e-01,-9.028180083670420131e-02,-9.768490139601671007e-01,6.402606702260052463e-02
1.697230238975826200e-01,1.134052989314313920e-01,-5.438727075260603172e-01,-8.139630282399845651e-01
1.134052989314313642e-01,-1.697230238975826477e-01,-8.139630282399845651e-01,5.438727075260602062e-01
2.036870997681355933e-01,1.335035784959651139e-02,-8.779890952625846179e-01,-4.329763064341066725e-01
1.335035784959652527e-02,-2.036870997681355933e-01,-4.329763064341067280e-01,8.779890952625846179e-01
3.611272033468167497e-01,7.322935269887160814e-01,-7.535933221454368947e-02,5.724109576008407085e-01
7.322935269887161924e-01,-3.611272033468165832e-01,5.724109576008407085e-01,7.535933221454371722e-02
6.788920955903301468e-01,4.536211957257252902e-01,2.209423826903946508e-01,5.334020967941770497e-01
4.536211957257252347e-01,-6.788920955903302579e-01,5.334020967941770497e-01,-2.209423826903946231e-01
8.147483990725419289e-01,5.340143139838601782e-02,4.580427645796333325e-01,3.514685749104463630e-01
5.340143139838607333e-02,-8.147483990725419289e-01,3.514685749104463630e-01,-4.580427645796332770e-01
3.611272033468167497e-01,7.322935269887160814e-01,5.576775358252054060e-01,-1.494292453613423333e-01
7.322935269887161924e-01,-3.611272033468165832e-01,-1.494292453613420280e-01,-5.576775358252054060e-01
6.788920955903301468e-01,4.536211957257252902e-01,4.082482904638630727e-01,-4.082482904638630172e-01
4.536211957257252347e-01,-6.788920955903302579e-01,-4.082482904638630172e-01,-4.082482904638631838e-01
8.147483990725419289e-01,5.340143139838601782e-02,1.494292453613421667e-01,-5.576775358252054060e-01
5.340143139838607333e-02,-8.147483990725419289e-01,-5.576775358252054060e-01,-1.494292453613421945e-01
2.553554943574674607e-01,5.178097187527352929e-01,-7.886751345948130876e-01,2.113248654051867736e-01
5.178097187527352929e-01,-2.553554943574672942e-01,2.113248654051866904e-01,7.886751345948129766e-01
4.800492044858682972e-01,3.207586235876105363e-01,-5.773502691896259531e-01,5.773502691896257311e-01
3.207586235876104253e-01,-4.800492044858682972e-01,5.773502691896256200e-01,5.773502691896258421e-01
5.761141179450778305e-01,3.776051426686696799e-02,-2.113248654051870512e-01,7.886751345948128655e-01
3.776051426686700963e-02,-5.761141179450778305e-01,7.886751345948128655e-01,2.113248654051871067e-01
2.553554943574674607e-01,5.178097187527352929e-01,-8.095113394900795845e-01,-1.065741896691873164e-01
5.178097187527352929e-01,-2.553554943574672942e-01,-1.065741896691873580e-01,8.095113394900794734e-01
4.800492044858682972e-01,3.207586235876105363e-01,-7.543444794845715062e-01,3.124597141037827597e-01
3.207586235876104253e-01,-4.800492044858682972e-01,3.124597141037826487e-01,7.543444794845715062e-01
5.761141179450778305e-01,3.776051426686696799e-02,-4.970516253862972134e-01,6.477702898153840927e-01
3.776051426686700963e-02,-5.761141179450778305e-01,6.477702898153840927e-01,4.970516253862973244e-01
4.329763064341066725e-01,8.779890952625847289e-01,2.036870997681355377e-01,-1.335035784959648190e-02
8.779890952625848399e-01,-4.329763064341065060e-01,-1.335035784959647150e-02,-2.036870997681355377e-01
8.139630282399843431e-01,5.438727075260606503e-01,1.697230238975825922e-01,-1.134052989314312809e-01
5.438727075260605393e-01,-8.139630282399844541e-01,-1.134052989314313364e-01,-1.697230238975825645e-01
9.768490139601671007e-01,6.402606702260033034e-02,9.028180083670420131e-02,-1.830733817471790481e-01
6.402606702260039973e-02,-9.768490139601671007e-01,-1.830733817471790481e-01,-9.028180083670421519e-02
4.329763064341066725e-01,8.779890952625847289e-01,-2.036870997681355655e-01,1.335035784959636915e-02
8.779890952625848399e-01,-4.329763064341065060e-01,1.335035784959635527e-02,2.036870997681355655e-01
8.139630282399843431e-01,5.438727075260606503e-01,-1.697230238975825922e-01,1.134052989314312532e-01
5.438727075260605393e-01,-8.139630282399844541e-01,1.134052989314312532e-01,1.697230238975825922e-01
9.768490139601672118e-01,6.402606702260034421e-02,-9.028180083670439560e-02,1.830733817471789926e-01
6.402606702260041360e-02,-9.768490139601672118e-01,1.830733817471789926e-01,9.028180083670440947e-02
2.553554943574674607e-01,5.178097187527352929e-01,8.095113394900795845e-01,1.065741896691872054e-01
5.178097187527352929e-01,-2.553554943574672942e-01,1.065741896691872609e-01,-8.095113394900794734e-01
4.800492044858682972e-01,3.207586235876105363e-01,7.543444794845716173e-01,-3.124597141037825376e-01
3.207586235876104253e-01,-4.800492044858682972e-01,-3.124597141037827042e-01,-7.543444794845713952e-01
5.761141179450778305e-01,3.776051426686696799e-02,4.970516253862972134e-01,-6.477702898153842037e-01
3.776051426686700963e-02,-5.761141179450778305e-01,-6.477702898153840927e-01,-4.970516253862972134e-01
3.611272033468167497e-01,7.322935269887160814e-01,-1.494292453613420280e-01,-5.576775358252054060e-01
7.322935269887161924e-01,-3.611272033468165832e-01,-5.576775358252054060e-01,1.494292453613420002e-01
6.788920955903301468e-01,4.536211957257252902e-01,-4.082482904638630172e-01,-4.082482904638631838e-01
4.536211957257251237e-01,-6.788920955903301468e-01,-4.082482904638630727e-01,4.082482904638628507e-01
8.147483990725419289e-01,5.340143139838601782e-02,-5.576775358252054060e-01,-1.494292453613421945e-01
5.340143139838607333e-02,-8.147483990725419289e-01,-1.494292453613422222e-01,5.576775358252054060e-01
2.553554943574674607e-01,5.178097187527352929e-01,2.113248654051867181e-01,7.886751345948130876e-01
5.178097187527352929e-01,-2.553554943574672942e-01,7.886751345948129766e-01,-2.113248654051866349e-01
4.800492044858682417e-01,3.207586235876104808e-01,5.773502691896256200e-01,5.773502691896258421e-01
3.207586235876104253e-01,-4.800492044858682972e-01,5.773502691896263972e-01,-5.773502691896250649e-01
5.761141179450778305e-01,3.776051426686696799e-02,7.886751345948128655e-01,2.113248654051871067e-01
3.776051426686700963e-02,-5.761141179450778305e-01,2.113248654051871345e-01,-7.886751345948128655e-01
4.329763064341066725e-01,8.779890952625847289e-01,-1.335035784959647150e-02,-2.036870997681355377e-01
8.779890952625848399e-01,-4.329763064341065060e-01,-2.036870997681355377e-01,1.335035784959654956e-02
8.139630282399843431e-01,5.438727075260606503e-01,-1.134052989314312809e-01,-1.697230238975825922e-01
5.438727075260605393e-01,-8.139630282399844541e-01,-1.697230238975825922e-01,1.134052989314312532e-01
9.768490139601671007e-01,6.402606702260033034e-02,-1.830733817471790481e-01,-9.028180083670421519e-02
6.402606702260039973e-02,-9.768490139601671007e-01,-9.028180083670421519e-02,1.830733817471790481e-01
2.553554943574674607e-01,5.178097187527352929e-01,-1.065741896691873719e-01,8.095113394900795845e-01
5.178097187527352929e-01,-2.553554943574672942e-01,8.095113394900794734e-01,1.065741896691873997e-01
4.800492044858682417e-01,3.207586235876104808e-01,3.124597141037826487e-01,7.543444794845715062e-01
3.207586235876104253e-01,-4.800492044858682972e-01,7.543444794845715062e-01,-3.124597141037825931e-01
5.761141179450778305e-01,3.776051426686696799e-02,6.477702898153840927e-01,4.970516253862973244e-01
3.776051426686701656e-02,-5.761141179450779415e-01,4.970516253862973799e-01,-6.477702898153840927e-01
2.553554943574674607e-01,5.178097187527352929e-01,1.065741896691872748e-01,-8.095113394900795845e-01
5.178097187527354039e-01,-2.553554943574673497e-01,-8.095113394900795845e-01,-1.065741896691873164e-01
4.800492044858682972e-01,3.207586235876105363e-01,-3.124597141037827597e-01,-7.543444794845715062e-01
3.207586235876104808e-01,-4.800492044858683527e-01,-7.543444794845715062e-01,3.124597141037827597e-01
5.761141179450778305e-01,3.776051426686696799e-02,-6.477702898153840927e-01,-4.970516253862972134e-01
3.776051426686700963e-02,-5.761141179450778305e-01,-4.970516253862972134e-01,6.477702898153840927e-01
4.329763064341066725e-01,8.779890952625847289e-01,1.335035784959635527e-02,2.036870997681355655e-01
8.779890952625848399e-01,-4.329763064341065060e-01,2.036870997681355655e-01,-1.335035784959634313e-02
8.139630282399843431e-01,5.438727075260606503e-01,1.134052989314312532e-01,1.697230238975825922e-01
5.438727075260605393e-01,-8.139630282399844541e-01,1.697230238975826200e-01,-1.134052989314312254e-01
9.768490139601672118e-01,6.402606702260034421e-02,1.830733817471789926e-01,9.028180083670440947e-02
6.402606702260041360e-02,-9.768490139601672118e-01,9.028180083670442335e-02,-1.830733817471789926e-01
2.553554943574674052e-01,5.178097187527351819e-01,7.886751345948128655e-01,-2.113248654051871900e-01
5.178097187527352929e-01,-2.553554943574672942e-01,-2.113248654051867736e-01,-7.886751345948129766e-01
4.800492044858682417e-01,3.207586235876104808e-01,5.773502691896258421e-01,-5.773502691896257311e-01
3.207586235876104253e-01,-4.800492044858682972e-01,-5.773502691896257311e-01,-5.773502691896258421e-01
5.761141179450778305e-01,3.776051426686696799e-02,2.113248654051869679e-01,-7.886751345948128655e-01
3.776051426686700963e-02,-5.761141179450778305e-01,-7.886751345948128655e-01,-2.113248654051869957e-01
3.611272033468167497e-01,7.322935269887160814e-01,-5.576775358252054060e-01,1.494292453613420002e-01
7.322935269887161924e-01,-3.611272033468165832e-01,1.494292453613419724e-01,5.576775358252054060e-01
6.788920955903301468e-01,4.536211957257252902e-01,-4.082482904638631838e-01,4.082482904638629617e-01
4.536211957257252347e-01,-6.788920955903302579e-01,4.082482904638629617e-01,4.082482904638631838e-01
8.147483990725419289e-01,5.340143139838601782e-02,-1.494292453613422222e-01,5.576775358252054060e-01
5.340143139838607333e-02,-8.147483990725419289e-01,5.576775358252054060e-01,1.494292453613422500e-01
9.028180083670422906e-02,1.830733817471791314e-01,-9.768490139601672118e-01,6.402606702259966420e-02
1.830733817471791591e-01,-9.028180083670420131e-02,6.402606702259959481e-02,9.768490139601672118e-01
1.697230238975826200e-01,1.134052989314313920e-01,-8.139630282399845651e-01,5.438727075260602062e-01
1.134052989314313642e-01,-1.697230238975826477e-01,5.438727075260602062e-01,8.139630282399845651e-01
2.036870997681355933e-01,1.335035784959651139e-02,-4.329763064341074497e-01,8.779890952625841738e-01
1.335035784959652527e-02,-2.036870997681355933e-01,8.779890952625841738e-01,4.329763064341075052e-01
3.611272033468167497e-01,7.322935269887160814e-01,5.724109576008407085e-01,7.535933221454357844e-02
7.322935269887161924e-01,-3.611272033468165832e-01,7.535933221454362008e-02,-5.724109576008407085e-01
6.788920955903301468e-01,4.536211957257252902e-01,5.334020967941770497e-01,-2.209423826903945398e-01
4.536211957257252347e-01,-6.788920955903302579e-01,-2.209423826903947063e-01,-5.334020967941770497e-01
8.147483990725419289e-01,5.340143139838601782e-02,3.514685749104463075e-01,-4.580427645796333880e-01
5.340143139838607333e-02,-8.147483990725419289e-01,-4.580427645796333325e-01,-3.514685749104463075e-01
3.611272033468167497e-01,7.322935269887160814e-01,-5.724109576008407085e-01,-7.535933221454364783e-02
7.322935269887161924e-01,-3.611272033468165832e-01,-7.535933221454368947e-02,5.724109576008407085e-01
6.788920955903301468e-01,4.536211957257252902e-01,-5.334020967941770497e-01,2.209423826903946786e-01
4.536211957257252347e-01,-6.788920955903302579e-01,2.209423826903946508e-01,5.334020967941770497e-01
8.147483990725419289e-01,5.340143139838601782e-02,-3.514685749104463075e-01,4.580427645796333325e-01
5.340143139838607333e-02,-8.147483990725419289e-01,4.580427645796333325e-01,3.514685749104463630e-01
9.028180083670422906e-02,1.830733817471791314e-01,9.768490139601671007e-01,-6.402606702260020544e-02
1.830733817471791869e-01,-9.028180083670421519e-02,-6.402606702260016380e-02,-9.768490139601672118e-01
1.697230238975826200e-01,1.134052989314313920e-01,8.139630282399845651e-01,-5.438727075260603172e-01
1.134052989314313642e-01,-1.697230238975826477e-01,-5.438727075260606503e-01,-8.139630282399843431e-01
2.036870997681355933e-01,1.335035784959651139e-02,4.329763064341066170e-01,-8.779890952625846179e-01
1.335035784959652527e-02,-2.036870997681355933e-01,-8.779890952625846179e-01,-4.329763064341066725e-01
1.126354499323024144e-01,5.662566456580276908e-01,9.999199243478974750e-17,-8.164965809277260345e-01
5.662566456580276908e-01,-1.126354499323023728e-01,-8.164965809277260345e-01,-1.499879886521846151e-16
3.806734838370779417e-01,4.340749152354639873e-01,-4.082482904638627952e-01,-7.071067811865476838e-01
4.340749152354640428e-01,-3.806734838370779972e-01,-7.071067811865479058e-01,4.082482904638625176e-01
5.467103651677663878e-01,1.855831618209497769e-01,-7.071067811865473507e-01,-4.082482904638634058e-01
1.855831618209498046e-01,-5.467103651677663878e-01,-4.082482904638634058e-01,7.071067811865473507e-01
1.592905808982577887e-01,8.008078280734787224e-01,-1.414100318299876051e-16,5.773502691896258421e-01
8.008078280734787224e-01,-1.592905808982577331e-01,5.773502691896258421e-01,1.767625397874845187e-16
5.383536036782108347e-01,6.138746322119448262e-01,2.886751345948124770e-01,5.000000000000003331e-01
6.138746322119448262e-01,-5.383536036782108347e-01,5.000000000000003331e-01,-2.886751345948124770e-01
7.731652131102025871e-01,2.624542243952679432e-01,4.999999999999998890e-01,2.886751345948132541e-01
2.624542243952679987e-01,-7.731652131102025871e-01,2.886751345948128100e-01,-5.000000000000001110e-01
1.592905808982577887e-01,8.008078280734787224e-01,2.209423826903943733e-01,-5.334020967941771607e-01
8.008078280734787224e-01,-1.592905808982577331e-01,-5.334020967941771607e-01,-2.209423826903944010e-01
5.383536036782108347e-01,6.138746322119448262e-01,-7.535933221454373110e-02,-5.724109576008407085e-01
6.138746322119448262e-01,-5.383536036782108347e-01,-5.724109576008407085e-01,7.535933221454393927e-02
7.731652131102025871e-01,2.624542243952679432e-01,-3.514685749104461965e-01,-4.580427645796334435e-01
2.624542243952679987e-01,-7.731652131102025871e-01,-4.580427645796334435e-01,3.514685749104460855e-01
3.982264522456446798e-02,2.002019570183697916e-01,-1.909826973096653835e-01,9.601348564975953348e-01
2.002019570183697916e-01,-3.982264522456446104e-02,9.601348564975953348e-01,1.909826973096654390e-01
1.345884009195527919e-01,1.534686580529862898e-01,3.146715606953529587e-01,9.269925254406770065e-01
1.534686580529862898e-01,-1.345884009195527919e-01,9.269925254406766735e-01,-3.146715606953537359e-01
1.932913032775507578e-01,6.561355609881702744e-02,7.360098281310111235e-01,6.454632958022421541e-01
6.561355609881704132e-02,-1.932913032775507578e-01,6.454632958022421541e-01,-7.360098281310111235e-01
3.982264522456446798e-02,2.002019570183697916e-01,1.909826973096652725e-01,-9.601348564975954458e-01
2.002019570183697916e-01,-3.982264522456446104e-02,-9.601348564975953348e-01,-1.909826973096653280e-01
1.345884009195527919e-01,1.534686580529862898e-01,-3.146715606953539024e-01,-9.269925254406766735e-01
1.534686580529862898e-01,-1.345884009195527919e-01,-9.269925254406766735e-01,3.146715606953538469e-01
1.932913032775507578e-01,6.561355609881702744e-02,-7.360098281310115675e-01,-6.454632958022417100e-01
6.561355609881704132e-02,-1.932913032775507578e-01,-6.454632958022420430e-01,7.360098281310112345e-01
1.592905808982577887e-01,8.008078280734787224e-01,-2.209423826903944288e-01,5.334020967941771607e-01
8.008078280734787224e-01,-1.592905808982577331e-01,5.334020967941771607e-01,2.209423826903944565e-01
5.383536036782108347e-01,6.138746322119448262e-01,7.535933221454339803e-02,5.724109576008408196e-01
6.138746322119448262e-01,-5.383536036782108347e-01,5.724109576008407085e-01,-7.535933221454388375e-02
7.731652131102025871e-01,2.624542243952679432e-01,3.514685749104460855e-01,4.580427645796334990e-01
2.624542243952679987e-01,-7.731652131102025871e-01,4.580427645796334990e-01,-3.514685749104460855e-01
1.592905808982577887e-01,8.008078280734787224e-01,5.773502691896258421e-01,3.535250795749690127e-17
8.008078280734787224e-01,-1.592905808982577331e-01,7.070501591499380254e-17,-5.773502691896258421e-01
5.383536036782108347e-01,6.138746322119448262e-01,5.000000000000001110e-01,-2.886751345948128100e-01
6.138746322119448262e-01,-5.383536036782108347e-01,-2.886751345948129766e-01,-5.000000000000000000e-01
7.731652131102025871e-01,2.624542243952679432e-01,2.886751345948130876e-01,-5.000000000000000000e-01
2.624542243952679987e-01,-7.731652131102025871e-01,-4.999999999999998890e-01,-2.886751345948131986e-01
1.126354499323024144e-01,5.662566456580276908e-01,-8.164965809277260345e-01,-1.499879886521846151e-16
5.662566456580276908e-01,-1.126354499323023728e-01,-1.999839848695794950e-16,8.164965809277260345e-01
3.806734838370779972e-01,4.340749152354640428e-01,-7.071067811865479058e-01,4.082482904638625176e-01
4.340749152354640428e-01,-3.806734838370779972e-01,4.082482904638624621e-01,7.071067811865479058e-01
5.467103651677663878e-01,1.855831618209497769e-01,-4.082482904638634058e-01,7.071067811865473507e-01
1.855831618209498046e-01,-5.467103651677663878e-01,7.071067811865473507e-01,4.082482904638634613e-01
1.126354499323024144e-01,5.662566456580276908e-01,-7.543444794845716173e-01,-3.124597141037822601e-01
5.662566456580276908e-01,-1.126354499323023728e-01,-3.124597141037823156e-01,7.543444794845716173e-01
3.806734838370779417e-01,4.340749152354639873e-01,-8.095113394900795845e-01,1.065741896691870111e-01
4.340749152354640428e-01,-3.806734838370779972e-01,1.065741896691876911e-01,8.095113394900795845e-01
5.467103651677664988e-01,1.855831618209498046e-01,-6.477702898153844258e-01,4.970516253862969913e-01
1.855831618209498046e-01,-5.467103651677663878e-01,4.970516253862969358e-01,6.477702898153843147e-01
1.909826973096649116e-01,9.601348564975954458e-01,2.002019570183697084e-01,3.982264522456446798e-02
9.601348564975955568e-01,-1.909826973096648839e-01,3.982264522456453043e-02,-2.002019570183697361e-01
6.454632958022415989e-01,7.360098281310117896e-01,1.932913032775507300e-01,-6.561355609881698581e-02
7.360098281310117896e-01,-6.454632958022415989e-01,-6.561355609881697193e-02,-1.932913032775507300e-01
9.269925254406765625e-01,3.146715606953540689e-01,1.345884009195527642e-01,-1.534686580529862066e-01
3.146715606953541244e-01,-9.269925254406765625e-01,-1.534686580529862066e-01,-1.345884009195527642e-01
1.909826973096649116e-01,9.601348564975954458e-01,-2.002019570183696806e-01,-3.982264522456453737e-02
9.601348564975955568e-01,-1.909826973096648839e-01,-3.982264522456455819e-02,2.002019570183697084e-01
6.454632958022415989e-01,7.360098281310117896e-01,-1.932913032775507856e-01,6.561355609881679152e-02
7.360098281310117896e-01,-6.454632958022415989e-01,6.561355609881695805e-02,1.932913032775507300e-01
9.269925254406765625e-01,3.146715606953540689e-01,-1.345884009195528475e-01,1.534686580529861233e-01
3.146715606953541244e-01,-9.269925254406765625e-01,1.534686580529861233e-01,1.345884009195528752e-01
1.126354499323024283e-01,5.662566456580278018e-01,7.543444794845716173e-01,3.124597141037825931e-01
5.662566456580276908e-01,-1.126354499323023728e-01,3.124597141037825931e-01,-7.543444794845715062e-01
3.806734838370779417e-01,4.340749152354639873e-01,8.095113394900795845e-01,-1.065741896691871082e-01
4.340749152354639873e-01,-3.806734838370779417e-01,-1.065741896691870666e-01,-8.095113394900795845e-01
5.467103651677663878e-01,1.855831618209497769e-01,6.477702898153843147e-01,-4.970516253862970468e-01
1.855831618209498046e-01,-5.467103651677663878e-01,-4.970516253862970468e-01,-6.477702898153843147e-01
1.379496896414715013e-01,6.935199226610737622e-01,2.705980500730982286e-01,-6.532814824381882879e-01
6.935199226610737622e-01,-1.379496896414714735e-01,-6.532814824381882879e-01,-2.705980500730982841e-01
4.662278970042302850e-01,5.316310262343734161e-01,-9.229595564125739338e-02,-7.010573846499779105e-01
5.316310262343734161e-01,-4.662278970042302850e-01,-7.010573846499779105e-01,9.229595564125764318e-02
6.695807158758447786e-01,2.272920256568436159e-01,-4.304593345768794044e-01,-5.609855267969309223e-01
2.272920256568436714e-01,-6.695807158758448896e-01,-5.609855267969310333e-01,4.304593345768793489e-01
1.379496896414715013e-01,6.935199226610737622e-01,-2.705980500730983396e-01,6.532814824381882879e-01
6.935199226610737622e-01,-1.379496896414714735e-01,6.532814824381882879e-01,2.705980500730983396e-01
4.662278970042302295e-01,5.316310262343733051e-01,9.229595564125696316e-02,7.010573846499779105e-01
5.316310262343734161e-01,-4.662278970042302850e-01,7.010573846499779105e-01,-9.229595564125757379e-02
6.695807158758447786e-01,2.272920256568436159e-01,4.304593345768792934e-01,5.609855267969310333e-01
2.272920256568436437e-01,-6.695807158758447786e-01,5.609855267969310333e-01,-4.304593345768792934e-01
1.780922835319669884e-01,8.953303702431314459e-01,4.999599621739489224e-17,-4.082482904638631283e-01
8.953303702431314459e-01,-1.780922835319669328e-01,-4.082482904638631283e-01,-7.499399432609233219e-17
6.018976268782301187e-01,6.863327036442953277e-01,-2.041241452319314253e-01,-3.535533905932738974e-01
6.863327036442954387e-01,-6.018976268782302297e-01,-3.535533905932740084e-01,2.041241452319312866e-01
8.644249871762622606e-01,2.934327433649014383e-01,-3.535533905932737309e-01,-2.041241452319317584e-01
2.934327433649014938e-01,-8.644249871762622606e-01,-2.041241452319317584e-01,3.535533905932737309e-01
7.964529044912888045e-02,4.004039140367393057e-01,-2.235888922898345892e-16,9.128709291752769017e-01
4.004039140367393057e-01,-7.964529044912886657e-02,9.128709291752769017e-01,2.794861153622932858e-16
2.691768018391054174e-01,3.069373161059724131e-01,4.564354645876378402e-01,7.905694150420953248e-01
3.069373161059723576e-01,-2.691768018391053618e-01,7.905694150420953248e-01,-4.564354645876377292e-01
3.865826065551012380e-01,1.312271121976339439e-01,7.905694150420946587e-01,4.564354645876389505e-01
1.312271121976339716e-01,-3.865826065551012380e-01,4.564354645876382288e-01,-7.905694150420949917e-01
7.964529044912888045e-02,4.004039140367393057e-01,1.117944461449172946e-16,-9.128709291752769017e-01
4.004039140367393057e-01,-7.964529044912886657e-02,-9.128709291752769017e-01,-1.676916692173759419e-16
2.691768018391054174e-01,3.069373161059724131e-01,-4.564354645876382288e-01,-7.905694150420951027e-01
3.069373161059723576e-01,-2.691768018391053618e-01,-7.905694150420952138e-01,4.564354645876378402e-01
3.865826065551012380e-01,1.312271121976339439e-01,-7.905694150420946587e-01,-4.564354645876388394e-01
1.312271121976339716e-01,-3.865826065551012380e-01,-4.564354645876388394e-01,7.905694150420946587e-01
1.780922835319669884e-01,8.953303702431314459e-01,-9.999199243478978447e-17,4.082482904638631283e-01
8.953303702431314459e-01,-1.780922835319669328e-01,4.082482904638631283e-01,1.249899905434872368e-16
6.018976268782302297e-01,6.863327036442954387e-01,2.041241452319312588e-01,3.535533905932740084e-01
6.863327036442953277e-01,-6.018976268782301187e-01,3.535533905932740084e-01,-2.041241452319312311e-01
8.644249871762622606e-01,2.934327433649014383e-01,3.535533905932737309e-01,2.041241452319317862e-01
2.934327433649014938e-01,-8.644249871762622606e-01,2.041241452319314809e-01,-3.535533905932739529e-01
1.379496896414715290e-01,6.935199226610738732e-01,6.532814824381882879e-01,2.705980500730985616e-01
6.935199226610738732e-01,-1.379496896414715013e-01,2.705980500730986171e-01,-6.532814824381882879e-01
4.662278970042302295e-01,5.316310262343733051e-01,7.010573846499779105e-01,-9.229595564125710194e-02
5.316310262343733051e-01,-4.662278970042302295e-01,-9.229595564125706031e-02,-7.010573846499779105e-01
6.695807158758447786e-01,2.272920256568436159e-01,5.609855267969309223e-01,-4.304593345768794044e-01
2.272920256568436437e-01,-6.695807158758447786e-01,-4.304593345768794044e-01,-5.609855267969309223e-01
1.379496896414715013e-01,6.935199226610737622e-01,-6.532814824381882879e-01,-2.705980500730982841e-01
6.935199226610737622e-01,-1.379496896414714735e-01,-2.705980500730983396e-01,6.532814824381882879e-01
4.662278970042302295e-01,5.316310262343733051e-01,-7.010573846499779105e-01,9.229595564125703255e-02
5.316310262343734161e-01,-4.662278970042302850e-01,9.229595564125761542e-02,7.010573846499779105e-01
6.695807158758448896e-01,2.272920256568436437e-01,-5.609855267969310333e-01,4.304593345768793489e-01
2.272920256568436437e-01,-6.695807158758447786e-01,4.304593345768792934e-01,5.609855267969310333e-01
7.964529044912888045e-02,4.004039140367393057e-01,-9.128709291752769017e-01,-1.676916692173759419e-16
4.004039140367393057e-01,-7.964529044912886657e-02,-2.235888922898345892e-16,9.128709291752769017e-01
2.691768018391053618e-01,3.069373161059723576e-01,-7.905694150420952138e-01,4.564354645876378402e-01
3.069373161059724131e-01,-2.691768018391054174e-01,4.564354645876378402e-01,7.905694150420953248e-01
3.865826065551012380e-01,1.312271121976339439e-01,-4.564354645876388394e-01,7.905694150420946587e-01
1.312271121976339716e-01,-3.865826065551012380e-01,7.905694150420946587e-01,4.564354645876389505e-01
1.780922835319669884e-01,8.953303702431314459e-01,4.082482904638631283e-01,2.499799810869744612e-17
8.953303702431314459e-01,-1.780922835319669328e-01,4.999599621739489224e-17,-4.082482904638631283e-01
6.018976268782302297e-01,6.863327036442954387e-01,3.535533905932738974e-01,-2.041241452319314809e-01
6.863327036442953277e-01,-6.018976268782301187e-01,-2.041241452319315919e-01,-3.535533905932737864e-01
8.644249871762622606e-01,2.934327433649014383e-01,2.041241452319317029e-01,-3.535533905932737864e-01
2.934327433649014938e-01,-8.644249871762622606e-01,-3.535533905932737309e-01,-2.041241452319317584e-01
1.780922835319669884e-01,8.953303702431314459e-01,-4.082482904638631283e-01,-7.499399432609233219e-17
8.953303702431314459e-01,-1.780922835319669328e-01,-9.999199243478978447e-17,4.082482904638631283e-01
6.018976268782302297e-01,6.863327036442954387e-01,-3.535533905932740084e-01,2.041241452319312866e-01
6.863327036442954387e-01,-6.018976268782302297e-01,2.041241452319312588e-01,3.535533905932740084e-01
8.644249871762622606e-01,2.934327433649014383e-01,-2.041241452319317584e-01,3.535533905932737309e-01
2.934327433649014938e-01,-8.644249871762622606e-01,3.535533905932737309e-01,2.041241452319317862e-01
7.964529044912888045e-02,4.004039140367393057e-01,9.128709291752769017e-01,5.589722307245864731e-17
4.004039140367393057e-01,-7.964529044912886657e-02,1.117944461449172946e-16,-9.128709291752769017e-01
2.691768018391054174e-01,3.069373161059724131e-01,7.905694150420949917e-01,-4.564354645876382843e-01
3.069373161059723576e-01,-2.691768018391053618e-01,-4.564354645876385619e-01,-7.905694150420948807e-01
3.865826065551012380e-01,1.312271121976339439e-01,4.564354645876387284e-01,-7.905694150420947697e-01
1.312271121976339716e-01,-3.865826065551012380e-01,-7.905694150420946587e-01,-4.564354645876388394e-01
3.127453320959720506e-01,6.341847973991335818e-01,-4.304593345768794044e-01,-5.609855267969309223e-01
6.341847973991338039e-01,-3.127453320959719951e-01,-5.609855267969310333e-01,4.304593345768793489e-01
5.879378012096794226e-01,3.928474791935511745e-01,-6.532814824381882879e-01,-2.705980500730982841e-01
3.928474791935510635e-01,-5.879378012096794226e-01,-2.705980500730983396e-01,6.532814824381882879e-01
7.055928112895232251e-01,4.624699618945426333e-02,-7.010573846499779105e-01,9.229595564125764318e-02
4.624699618945431190e-02,-7.055928112895232251e-01,9.229595564125761542e-02,7.010573846499779105e-01
3.127453320959720506e-01,6.341847973991335818e-01,4.304593345768794044e-01,5.609855267969309223e-01
6.341847973991336929e-01,-3.127453320959719396e-01,5.609855267969309223e-01,-4.304593345768794044e-01
5.879378012096794226e-01,3.928474791935511745e-01,6.532814824381881769e-01,2.705980500730985061e-01
3.928474791935510635e-01,-5.879378012096794226e-01,2.705980500730982286e-01,-6.532814824381882879e-01
7.055928112895232251e-01,4.624699618945426333e-02,7.010573846499779105e-01,-9.229595564125726848e-02
4.624699618945430496e-02,-7.055928112895231141e-01,-9.229595564125706031e-02,-7.010573846499779105e-01
4.037524876039358945e-01,8.187290529149230389e-01,2.041241452319316751e-01,-3.535533905932737309e-01
8.187290529149231499e-01,-4.037524876039357835e-01,-3.535533905932737309e-01,-2.041241452319317584e-01
7.590244375636316931e-01,5.071639148387294682e-01,4.999599621739489224e-17,-4.082482904638631283e-01
5.071639148387292462e-01,-7.590244375636316931e-01,-4.082482904638630727e-01,-7.499399432609231987e-17
9.109164024426652517e-01,5.970461535129139435e-02,-2.041241452319314531e-01,-3.535533905932739529e-01
5.970461535129145680e-02,-9.109164024426652517e-01,-3.535533905932740084e-01,2.041241452319312866e-01
1.805636016734083471e-01,3.661467634943579852e-01,-4.564354645876388394e-01,7.905694150420946587e-01
3.661467634943580407e-01,-1.805636016734082916e-01,7.905694150420946587e-01,4.564354645876389505e-01
3.394460477951650179e-01,2.268105978628626174e-01,-2.235888922898345892e-16,9.128709291752769017e-01
2.268105978628625896e-01,-3.394460477951650734e-01,9.128709291752769017e-01,2.794861153622932858e-16
4.073741995362709645e-01,2.670071569919300891e-02,4.564354645876378402e-01,7.905694150420953248e-01
2.670071569919303320e-02,-4.073741995362709090e-01,7.905694150420953248e-01,-4.564354645876377292e-01
1.805636016734083471e-01,3.661467634943579852e-01,4.564354645876387284e-01,-7.905694150420947697e-01
3.661467634943580407e-01,-1.805636016734082916e-01,-7.905694150420946587e-01,-4.564354645876388394e-01
3.394460477951650179e-01,2.268105978628626174e-01,1.117944461449172946e-16,-9.128709291752769017e-01
2.268105978628625896e-01,-3.394460477951650734e-01,-9.128709291752769017e-01,-1.676916692173759419e-16
4.073741995362709645e-01,2.670071569919300891e-02,-4.564354645876382288e-01,-7.905694150420951027e-01
2.670071569919303320e-02,-4.073741995362709090e-01,-7.905694150420952138e-01,4.564354645876378402e-01
4.037524876039358945e-01,8.187290529149230389e-01,-2.041241452319317307e-01,3.535533905932736753e-01
8.187290529149231499e-01,-4.037524876039357835e-01,3.535533905932737309e-01,2.041241452319317862e-01
7.590244375636316931e-01,5.071639148387294682e-01,-9.999199243478978447e-17,4.082482904638631283e-01
5.071639148387292462e-01,-7.590244375636316931e-01,4.082482904638630727e-01,1.249899905434872121e-16
9.109164024426652517e-01,5.970461535129139435e-02,2.041241452319312588e-01,3.535533905932740084e-01
5.970461535129145680e-02,-9.109164024426652517e-01,3.535533905932740639e-01,-2.041241452319312588e-01
3.127453320959721061e-01,6.341847973991336929e-01,5.609855267969310333e-01,-4.304593345768794599e-01
6.341847973991336929e-01,-3.127453320959719396e-01,-4.304593345768794044e-01,-5.609855267969309223e-01
5.879378012096794226e-01,3.928474791935511745e-01,2.705980500730985616e-01,-6.532814824381881769e-01
3.928474791935510635e-01,-5.879378012096794226e-01,-6.532814824381882879e-01,-2.705980500730982841e-01
7.055928112895231141e-01,4.624699618945425639e-02,-9.229595564125706031e-02,-7.010573846499779105e-01
4.624699618945431190e-02,-7.055928112895232251e-01,-7.010573846499780215e-01,9.229595564125704643e-02
3.127453320959721061e-01,6.341847973991336929e-01,-5.609855267969310333e-01,4.304593345768793489e-01
6.341847973991336929e-01,-3.127453320959719396e-01,4.304593345768792934e-01,5.609855267969310333e-01
5.879378012096794226e-01,3.928474791935511745e-01,-2.705980500730983396e-01,6.532814824381882879e-01
3.928474791935510635e-01,-5.879378012096794226e-01,6.532814824381882879e-01,2.705980500730983396e-01
7.055928112895232251e-01,4.624699618945426333e-02,9.229595564125761542e-02,7.010573846499779105e-01
4.624699618945431190e-02,-7.055928112895232251e-01,7.010573846499779105e-01,-9.229595564125757379e-02
1.805636016734083471e-01,3.661467634943579852e-01,-7.905694150420946587e-01,-4.564354645876388394e-01
3.661467634943580407e-01,-1.805636016734082916e-01,-4.564354645876388394e-01,7.905694150420946587e-01
3.394460477951650179e-01,2.268105978628626174e-01,-9.128709291752769017e-01,-1.676916692173759419e-16
2.268105978628625896e-01,-3.394460477951650734e-01,-2.235888922898345892e-16,9.128709291752769017e-01
4.073741995362709090e-01,2.670071569919300544e-02,-7.905694150420952138e-01,4.564354645876378402e-01
2.670071569919303667e-02,-4.073741995362709645e-01,4.564354645876378402e-01,7.905694150420953248e-01
4.037524876039359500e-01,8.187290529149231499e-01,3.535533905932738974e-01,2.041241452319315086e-01
8.187290529149231499e-01,-4.037524876039357835e-01,2.041241452319317029e-01,-3.535533905932737864e-01
7.590244375636316931e-01,5.071639148387294682e-01,4.082482904638631283e-01,2.499799810869744612e-17
5.071639148387292462e-01,-7.590244375636316931e-01,4.999599621739488607e-17,-4.082482904638630727e-01
9.109164024426652517e-01,5.970461535129139435e-02,3.535533905932737864e-01,-2.041241452319316474e-01
5.970461535129145680e-02,-9.109164024426652517e-01,-2.041241452319316196e-01,-3.535533905932738419e-01
4.037524876039358945e-01,8.187290529149230389e-01,-3.535533905932736753e-01,-2.041241452319317307e-01
8.187290529149231499e-01,-4.037524876039357835e-01,-2.041241452319317584e-01,3.535533905932737309e-01
7.590244375636316931e-01,5.071639148387294682e-01,-4.082482904638631283e-01,-7.499399432609233219e-17
5.071639148387292462e-01,-7.590244375636316931e-01,-9.999199243478977215e-17,4.082482904638630727e-01
9.109164024426652517e-01,5.970461535129139435e-02,-3.535533905932740084e-01,2.041241452319312866e-01
5.970461535129145680e-02,-9.109164024426652517e-01,2.041241452319312588e-01,3.535533905932740084e-01
1.805636016734083471e-01,3.661467634943579852e-01,7.905694150420948807e-01,4.564354645876383398e-01
3.661467634943580407e-01,-1.805636016734082916e-01,4.564354645876387284e-01,-7.905694150420947697e-01
3.394460477951650179e-01,2.268105978628626174e-01,9.128709291752769017e-01,5.589722307245864731e-17
2.268105978628625896e-01,-3.394460477951650734e-01,1.117944461449172946e-16,-9.128709291752769017e-01
4.073741995362709090e-01,2.670071569919300544e-02,7.905694150420947697e-01,-4.564354645876386729e-01
2.670071569919303320e-02,-4.073741995362709090e-01,-4.564354645876385619e-01,-7.905694150420948807e-01
3.127453320959721061e-01,6.341847973991336929e-01,9.229595564125725460e-02,-7.010573846499779105e-01
6.341847973991338039e-01,-3.127453320959719951e-01,-7.010573846499779105e-01,-9.229595564125729623e-02
5.879378012096794226e-01,3.928474791935511745e-01,-2.705980500730986726e-01,-6.532814824381880658e-01
3.928474791935511190e-01,-5.879378012096795336e-01,-6.532814824381881769e-01,2.705980500730986726e-01
7.055928112895232251e-01,4.624699618945426333e-02,-5.609855267969309223e-01,-4.304593345768795709e-01
4.624699618945431190e-02,-7.055928112895232251e-01,-4.304593345768795709e-01,5.609855267969309223e-01
3.127453320959721061e-01,6.341847973991336929e-01,-9.229595564125733786e-02,7.010573846499779105e-01
6.341847973991338039e-01,-3.127453320959719951e-01,7.010573846499779105e-01,9.229595564125737950e-02
5.879378012096794226e-01,3.928474791935511745e-01,2.705980500730986171e-01,6.532814824381881769e-01
3.928474791935511190e-01,-5.879378012096795336e-01,6.532814824381882879e-01,-2.705980500730986171e-01
7.055928112895231141e-01,4.624699618945425639e-02,5.609855267969308112e-01,4.304593345768796264e-01
4.624699618945431190e-02,-7.055928112895232251e-01,4.304593345768796819e-01,-5.609855267969308112e-01
4.037524876039358945e-01,8.187290529149230389e-01,-1.056624327025934007e-01,-3.943375672974065438e-01
8.187290529149231499e-01,-4.037524876039357835e-01,-3.943375672974065993e-01,1.056624327025934007e-01
7.590244375636316931e-01,5.071639148387294682e-01,-2.886751345948129766e-01,-2.886751345948130321e-01
5.071639148387292462e-01,-7.590244375636316931e-01,-2.886751345948129766e-01,2.886751345948128655e-01
9.109164024426652517e-01,5.970461535129139435e-02,-3.943375672974065438e-01,-1.056624327025935395e-01
5.970461535129145680e-02,-9.109164024426652517e-01,-1.056624327025935534e-01,3.943375672974065438e-01
1.805636016734083471e-01,3.661467634943579852e-01,2.362683821909955517e-01,8.817656065588990177e-01
3.661467634943580407e-01,-1.805636016734082916e-01,8.817656065588990177e-01,-2.362683821909954962e-01
3.394460477951650179e-01,2.268105978628626174e-01,6.454972243679026889e-01,6.454972243679030219e-01
2.268105978628625896e-01,-3.394460477951650734e-01,6.454972243679035770e-01,-6.454972243679021338e-01
4.073741995362709090e-01,2.670071569919300544e-02,8.817656065588989067e-01,2.362683821909959958e-01
2.670071569919303320e-02,-4.073741995362709090e-01,2.362683821909960513e-01,-8.817656065588989067e-01
1.805636016734083471e-01,3.661467634943579852e-01,-2.362683821909956627e-01,-8.817656065588990177e-01
3.661467634943580407e-01,-1.805636016734082916e-01,-8.817656065588990177e-01,2.362683821909956072e-01
3.394460477951650179e-01,2.268105978628626174e-01,-6.454972243679027999e-01,-6.454972243679030219e-01
2.268105978628625896e-01,-3.394460477951650734e-01,-6.454972243679030219e-01,6.454972243679026889e-01
4.073741995362709090e-01,2.670071569919300544e-02,-8.817656065588989067e-01,-2.362683821909959125e-01
2.670071569919303320e-02,-4.073741995362709090e-01,-2.362683821909959681e-01,8.817656065588989067e-01
4.037524876039358945e-01,8.187290529149230389e-01,1.056624327025933591e-01,3.943375672974065438e-01
8.187290529149231499e-01,-4.037524876039357835e-01,3.943375672974065993e-01,-1.056624327025933452e-01
7.590244375636316931e-01,5.071639148387294682e-01,2.886751345948129210e-01,2.886751345948130321e-01
5.071639148387292462e-01,-7.590244375636316931e-01,2.886751345948132541e-01,-2.886751345948125880e-01
9.109164024426652517e-01,5.970461535129139435e-02,3.943375672974065438e-01,1.056624327025935811e-01
5.970461535129145680e-02,-9.109164024426652517e-01,1.056624327025935950e-01,-3.943375672974065438e-01
3.127453320959721061e-01,6.341847973991336929e-01,7.010573846499779105e-01,9.229595564125719909e-02
6.341847973991338039e-01,-3.127453320959719951e-01,9.229595564125725460e-02,-7.010573846499779105e-01
5.879378012096794226e-01,3.928474791935511745e-01,6.532814824381881769e-01,-2.705980500730984506e-01
3.928474791935511190e-01,-5.879378012096795336e-01,-2.705980500730987282e-01,-6.532814824381881769e-01
7.055928112895231141e-01,4.624699618945425639e-02,4.304593345768795154e-01,-5.609855267969309223e-01
4.624699618945431190e-02,-7.055928112895232251e-01,-5.609855267969309223e-01,-4.304593345768795709e-01
3.127453320959721061e-01,6.341847973991336929e-01,-7.010573846499779105e-01,-9.229595564125729623e-02
6.341847973991338039e-01,-3.127453320959719951e-01,-9.229595564125733786e-02,7.010573846499779105e-01
5.879378012096794226e-01,3.928474791935511745e-01,-6.532814824381880658e-01,2.705980500730986171e-01
3.928474791935510635e-01,-5.879378012096794226e-01,2.705980500730986171e-01,6.532814824381881769e-01
7.055928112895232251e-01,4.624699618945426333e-02,-4.304593345768795709e-01,5.609855267969309223e-01
4.624699618945430496e-02,-7.055928112895231141e-01,5.609855267969308112e-01,4.304593345768796264e-01
1.805636016734083471e-01,3.661467634943579852e-01,-8.817656065588990177e-01,2.362683821909956072e-01
3.661467634943580407e-01,-1.805636016734082916e-01,2.362683821909955517e-01,8.817656065588990177e-01
3.394460477951650179e-01,2.268105978628626174e-01,-6.454972243679030219e-01,6.454972243679026889e-01
2.268105978628625896e-01,-3.394460477951650734e-01,6.454972243679026889e-01,6.454972243679030219e-01
4.073741995362709090e-01,2.670071569919300544e-02,-2.362683821909959681e-01,8.817656065588989067e-01
2.670071569919303320e-02,-4.073741995362709090e-01,8.817656065588989067e-01,2.362683821909959958e-01
4.037524876039359500e-01,8.187290529149231499e-01,3.943375672974065438e-01,-1.056624327025936227e-01
8.187290529149231499e-01,-4.037524876039357835e-01,-1.056624327025934146e-01,-3.943375672974065993e-01
7.590244375636316931e-01,5.071639148387294682e-01,2.886751345948129766e-01,-2.886751345948129766e-01
5.071639148387292462e-01,-7.590244375636316931e-01,-2.886751345948129210e-01,-2.886751345948129766e-01
9.109164024426652517e-01,5.970461535129139435e-02,1.056624327025935117e-01,-3.943375672974065438e-01
5.970461535129145680e-02,-9.109164024426652517e-01,-3.943375672974065438e-01,-1.056624327025935395e-01
4.037524876039358945e-01,8.187290529149230389e-01,-3.943375672974065438e-01,1.056624327025933868e-01
8.187290529149231499e-01,-4.037524876039357835e-01,1.056624327025933729e-01,3.943375672974065993e-01
7.590244375636316931e-01,5.071639148387294682e-01,-2.886751345948130321e-01,2.886751345948129210e-01
5.071639148387292462e-01,-7.590244375636316931e-01,2.886751345948128655e-01,2.886751345948129766e-01
9.109164024426652517e-01,5.970461535129139435e-02,-1.056624327025935534e-01,3.943375672974065438e-01
5.970461535129145680e-02,-9.109164024426652517e-01,3.943375672974065438e-01,1.056624327025935811e-01
1.805636016734083471e-01,3.661467634943579852e-01,8.817656065588989067e-01,-2.362683821909961068e-01
3.661467634943580407e-01,-1.805636016734082916e-01,-2.362683821909956627e-01,-8.817656065588990177e-01
3.394460477951650179e-01,2.268105978628626174e-01,6.454972243679029109e-01,-6.454972243679027999e-01
2.268105978628625896e-01,-3.394460477951650734e-01,-6.454972243679027999e-01,-6.454972243679030219e-01
4.073741995362709090e-01,2.670071569919300544e-02,2.362683821909958570e-01,-8.817656065588989067e-01
2.670071569919303320e-02,-4.073741995362709090e-01,-8.817656065588989067e-01,-2.362683821909959125e-01
1.379496896414715290e-01,6.935199226610738732e-01,-2.705980500730987282e-01,-6.532814824381881769e-01
6.935199226610738732e-01,-1.379496896414715013e-01,-6.532814824381881769e-01,2.705980500730986726e-01
4.662278970042302850e-01,5.316310262343734161e-01,-5.609855267969309223e-01,-4.304593345768795709e-01
5.316310262343734161e-01,-4.662278970042302850e-01,-4.304593345768795709e-01,5.609855267969309223e-01
6.695807158758448896e-01,2.272920256568436437e-01,-7.010573846499779105e-01,-9.229595564125729623e-02
2.272920256568436437e-01,-6.695807158758447786e-01,-9.229595564125732399e-02,7.010573846499777995e-01
1.379496896414715290e-01,6.935199226610738732e-01,2.705980500730985061e-01,6.532814824381882879e-01
6.935199226610738732e-01,-1.379496896414715013e-01,6.532814824381882879e-01,-2.705980500730985061e-01
4.662278970042302295e-01,5.316310262343733051e-01,5.609855267969309223e-01,4.304593345768794044e-01
5.316310262343733051e-01,-4.662278970042302295e-01,4.304593345768795154e-01,-5.609855267969309223e-01
6.695807158758448896e-01,2.272920256568436437e-01,7.010573846499779105e-01,9.229595564125735174e-02
2.272920256568436437e-01,-6.695807158758447786e-01,9.229595564125724072e-02,-7.010573846499777995e-01
1.780922835319669884e-01,8.953303702431314459e-01,2.886751345948129766e-01,-2.886751345948129766e-01
8.953303702431314459e-01,-1.780922835319669328e-01,-2.886751345948129766e-01,-2.886751345948130321e-01
6.018976268782301187e-01,6.863327036442953277e-01,1.056624327025936783e-01,-3.943375672974064883e-01
6.863327036442954387e-01,-6.018976268782302297e-01,-3.943375672974065438e-01,-1.056624327025935395e-01
8.644249871762622606e-01,2.934327433649014383e-01,-1.056624327025934146e-01,-3.943375672974065993e-01
2.934327433649014938e-01,-8.644249871762622606e-01,-3.943375672974065993e-01,1.056624327025934007e-01
7.964529044912888045e-02,4.004039140367393057e-01,-6.454972243679030219e-01,6.454972243679026889e-01
4.004039140367393057e-01,-7.964529044912886657e-02,6.454972243679026889e-01,6.454972243679030219e-01
2.691768018391053618e-01,3.069373161059723576e-01,-2.362683821909967730e-01,8.817656065588986847e-01
3.069373161059723576e-01,-2.691768018391053618e-01,8.817656065588989067e-01,2.362683821909959958e-01
3.865826065551012380e-01,1.312271121976339439e-01,2.362683821909955517e-01,8.817656065588990177e-01
1.312271121976339716e-01,-3.865826065551012380e-01,8.817656065588990177e-01,-2.362683821909954962e-01
7.964529044912888045e-02,4.004039140367393057e-01,6.454972243679029109e-01,-6.454972243679027999e-01
4.004039140367393057e-01,-7.964529044912886657e-02,-6.454972243679027999e-01,-6.454972243679030219e-01
2.691768018391053618e-01,3.069373161059723576e-01,2.362683821909962734e-01,-8.817656065588987957e-01
3.069373161059723576e-01,-2.691768018391053618e-01,-8.817656065588989067e-01,-2.362683821909959125e-01
3.865826065551012380e-01,1.312271121976339439e-01,-2.362683821909956627e-01,-8.817656065588990177e-01
1.312271121976339716e-01,-3.865826065551012380e-01,-8.817656065588990177e-01,2.362683821909956072e-01
1.780922835319669884e-01,8.953303702431314459e-01,-2.886751345948130321e-01,2.886751345948129210e-01
8.953303702431314459e-01,-1.780922835319669328e-01,2.886751345948129210e-01,2.886751345948130321e-01
6.018976268782301187e-01,6.863327036442953277e-01,-1.056624327025939003e-01,3.943375672974064328e-01
6.863327036442954387e-01,-6.018976268782302297e-01,3.943375672974065438e-01,1.056624327025935811e-01
8.644249871762622606e-01,2.934327433649014383e-01,1.056624327025933729e-01,3.943375672974065993e-01
2.934327433649014938e-01,-8.644249871762622606e-01,3.943375672974065993e-01,-1.056624327025933452e-01
1.379496896414715290e-01,6.935199226610738732e-01,6.532814824381882879e-01,-2.705980500730985061e-01
6.935199226610737622e-01,-1.379496896414714735e-01,-2.705980500730983951e-01,-6.532814824381882879e-01
4.662278970042302295e-01,5.316310262343733051e-01,4.304593345768795154e-01,-5.609855267969309223e-01
5.316310262343734161e-01,-4.662278970042302850e-01,-5.609855267969309223e-01,-4.304593345768795709e-01
6.695807158758448896e-01,2.272920256568436437e-01,9.229595564125725460e-02,-7.010573846499779105e-01
2.272920256568436437e-01,-6.695807158758447786e-01,-7.010573846499777995e-01,-9.229595564125728235e-02
1.379496896414715290e-01,6.935199226610738732e-01,-6.532814824381881769e-01,2.705980500730986726e-01
6.935199226610737622e-01,-1.379496896414714735e-01,2.705980500730986171e-01,6.532814824381881769e-01
4.662278970042302850e-01,5.316310262343734161e-01,-4.304593345768795709e-01,5.609855267969309223e-01
5.316310262343733051e-01,-4.662278970042302295e-01,5.609855267969308112e-01,4.304593345768796264e-01
6.695807158758448896e-01,2.272920256568436437e-01,-9.229595564125733786e-02,7.010573846499779105e-01
2.272920256568436437e-01,-6.695807158758447786e-01,7.010573846499777995e-01,9.229595564125736562e-02
7.964529044912888045e-02,4.004039140367393057e-01,-6.454972243679027999e-01,-6.454972243679030219e-01
4.004039140367393057e-01,-7.964529044912886657e-02,-6.454972243679030219e-01,6.454972243679026889e-01
2.691768018391053618e-01,3.069373161059723576e-01,-8.817656065588986847e-01,-2.362683821909967175e-01
3.069373161059723576e-01,-2.691768018391053618e-01,-2.362683821909959681e-01,8.817656065588989067e-01
3.865826065551012380e-01,1.312271121976339439e-01,-8.817656065588990177e-01,2.362683821909956072e-01
1.312271121976339716e-01,-3.865826065551012380e-01,2.362683821909955517e-01,8.817656065588990177e-01
1.780922835319669884e-01,8.953303702431314459e-01,2.886751345948129766e-01,2.886751345948129766e-01
8.953303702431314459e-01,-1.780922835319669328e-01,2.886751345948129766e-01,-2.886751345948129766e-01
6.018976268782302297e-01,6.863327036442954387e-01,3.943375672974065438e-01,1.056624327025936644e-01
6.863327036442953277e-01,-6.018976268782301187e-01,1.056624327025934978e-01,-3.943375672974064883e-01
8.644249871762623716e-01,2.934327433649014383e-01,3.943375672974065993e-01,-1.056624327025935534e-01
2.934327433649014938e-01,-8.644249871762622606e-01,-1.056624327025934146e-01,-3.943375672974065993e-01
1.780922835319669884e-01,8.953303702431314459e-01,-2.886751345948129766e-01,-2.886751345948130321e-01
8.953303702431314459e-01,-1.780922835319669328e-01,-2.886751345948130321e-01,2.886751345948129210e-01
6.018976268782301187e-01,6.863327036442953277e-01,-3.943375672974064328e-01,-1.056624327025938864e-01
6.863327036442953277e-01,-6.018976268782301187e-01,-1.056624327025935395e-01,3.943375672974064883e-01
8.644249871762622606e-01,2.934327433649014383e-01,-3.943375672974065993e-01,1.056624327025934007e-01
2.934327433649014938e-01,-8.644249871762622606e-01,1.056624327025933729e-01,3.943375672974065993e-01
7.964529044912888045e-02,4.004039140367393057e-01,6.454972243679027999e-01,6.454972243679029109e-01
4.004039140367393057e-01,-7.964529044912886657e-02,6.454972243679029109e-01,-6.454972243679027999e-01
2.691768018391053618e-01,3.069373161059723576e-01,8.817656065588987957e-01,2.362683821909962179e-01
3.069373161059723576e-01,-2.691768018391053618e-01,2.362683821909958570e-01,-8.817656065588989067e-01
3.865826065551012380e-01,1.312271121976339439e-01,8.817656065588989067e-01,-2.362683821909959125e-01
1.312271121976339716e-01,-3.865826065551012380e-01,-2.362683821909956627e-01,-8.817656065588990177e-01
5.340143139838603170e-02,8.147483990725419289e-01,-1.494292453613423055e-01,-5.576775358252054060e-01
8.147483990725419289e-01,-5.340143139838591374e-02,-5.576775358252054060e-01,1.494292453613420002e-01
4.536211957257252347e-01,6.788920955903301468e-01,-4.082482904638630172e-01,-4.082482904638631838e-01
6.788920955903300358e-01,-4.536211957257252902e-01,-4.082482904638627952e-01,4.082482904638633503e-01
7.322935269887161924e-01,3.611272033468166942e-01,-5.576775358252054060e-01,-1.494292453613421945e-01
3.611272033468167497e-01,-7.322935269887160814e-01,-1.494292453613422222e-01,5.576775358252054060e-01
3.776051426686697493e-02,5.761141179450778305e-01,2.113248654051871067e-01,7.886751345948128655e-01
5.761141179450778305e-01,-3.776051426686689860e-02,7.886751345948128655e-01,-2.113248654051869957e-01
3.207586235876104253e-01,4.800492044858682417e-01,5.773502691896257311e-01,5.773502691896258421e-01
4.800492044858681862e-01,-3.207586235876104808e-01,5.773502691896258421e-01,-5.773502691896257311e-01
5.178097187527352929e-01,2.553554943574673497e-01,7.886751345948128655e-01,2.113248654051871067e-01
2.553554943574674607e-01,-5.178097187527352929e-01,2.113248654051869957e-01,-7.886751345948129766e-01
6.402606702260034421e-02,9.768490139601671007e-01,1.830733817471790759e-01,-9.028180083670415967e-02
9.768490139601671007e-01,-6.402606702260020544e-02,-9.028180083670415967e-02,-1.830733817471790759e-01
5.438727075260606503e-01,8.139630282399844541e-01,1.134052989314313364e-01,-1.697230238975825922e-01
8.139630282399843431e-01,-5.438727075260607613e-01,-1.697230238975825922e-01,-1.134052989314313364e-01
8.779890952625847289e-01,4.329763064341065615e-01,1.335035784959652007e-02,-2.036870997681355100e-01
4.329763064341066725e-01,-8.779890952625847289e-01,-2.036870997681355377e-01,-1.335035784959662415e-02
3.776051426686698187e-02,5.761141179450779415e-01,-6.477702898153844258e-01,4.970516253862969913e-01
5.761141179450778305e-01,-3.776051426686689860e-02,4.970516253862969358e-01,6.477702898153843147e-01
3.207586235876104253e-01,4.800492044858682417e-01,-3.124597141037829817e-01,7.543444794845713952e-01
4.800492044858681862e-01,-3.207586235876104808e-01,7.543444794845713952e-01,3.124597141037830372e-01
5.178097187527352929e-01,2.553554943574673497e-01,1.065741896691869417e-01,8.095113394900795845e-01
2.553554943574674052e-01,-5.178097187527351819e-01,8.095113394900795845e-01,-1.065741896691869001e-01
3.776051426686697493e-02,5.761141179450778305e-01,6.477702898153844258e-01,-4.970516253862967693e-01
5.761141179450778305e-01,-3.776051426686689860e-02,-4.970516253862967693e-01,-6.477702898153844258e-01
3.207586235876104253e-01,4.800492044858682417e-01,3.124597141037829262e-01,-7.543444794845713952e-01
4.800492044858681862e-01,-3.207586235876104808e-01,-7.543444794845713952e-01,-3.124597141037829817e-01
5.178097187527352929e-01,2.553554943574673497e-01,-1.065741896691870666e-01,-8.095113394900795845e-01
2.553554943574674052e-01,-5.178097187527351819e-01,-8.095113394900795845e-01,1.065741896691870111e-01
6.402606702260034421e-02,9.768490139601671007e-01,-1.830733817471790204e-01,9.028180083670431233e-02
9.768490139601671007e-01,-6.402606702260020544e-02,9.028180083670429845e-02,1.830733817471790204e-01
5.438727075260606503e-01,8.139630282399844541e-01,-1.134052989314313364e-01,1.697230238975825922e-01
8.139630282399843431e-01,-5.438727075260607613e-01,1.697230238975825922e-01,1.134052989314313503e-01
8.779890952625847289e-01,4.329763064341065615e-01,-1.335035784959645588e-02,2.036870997681355100e-01
4.329763064341066725e-01,-8.779890952625847289e-01,2.036870997681355377e-01,1.335035784959646803e-02
3.776051426686697493e-02,5.761141179450778305e-01,7.886751345948128655e-01,-2.113248654051869957e-01
5.761141179450778305e-01,-3.776051426686689860e-02,-2.113248654051867736e-01,-7.886751345948129766e-01
3.207586235876104253e-01,4.800492044858682417e-01,5.773502691896258421e-01,-5.773502691896257311e-01
4.800492044858681862e-01,-3.207586235876104808e-01,-5.773502691896257311e-01,-5.773502691896258421e-01
5.178097187527352929e-01,2.553554943574673497e-01,2.113248654051869679e-01,-7.886751345948128655e-01
2.553554943574674607e-01,-5.178097187527352929e-01,-7.886751345948129766e-01,-2.113248654051870234e-01
5.340143139838603170e-02,8.147483990725419289e-01,-5.576775358252052950e-01,1.494292453613424720e-01
8.147483990725419289e-01,-5.340143139838591374e-02,1.494292453613419724e-01,5.576775358252054060e-01
4.536211957257252347e-01,6.788920955903301468e-01,-4.082482904638631838e-01,4.082482904638629617e-01
6.788920955903300358e-01,-4.536211957257252902e-01,4.082482904638632948e-01,4.082482904638628507e-01
7.322935269887161924e-01,3.611272033468166942e-01,-1.494292453613422222e-01,5.576775358252054060e-01
3.611272033468167497e-01,-7.322935269887160814e-01,5.576775358252054060e-01,1.494292453613422500e-01
1.335035784959651486e-02,2.036870997681355933e-01,-4.329763064341063949e-01,-8.779890952625847289e-01
2.036870997681355933e-01,-1.335035784959648537e-02,-8.779890952625848399e-01,4.329763064341063394e-01
1.134052989314313642e-01,1.697230238975826200e-01,-8.139630282399843431e-01,-5.438727075260605393e-01
1.697230238975825922e-01,-1.134052989314313920e-01,-5.438727075260605393e-01,8.139630282399843431e-01
1.830733817471791591e-01,9.028180083670422906e-02,-9.768490139601671007e-01,-6.402606702260088545e-02
9.028180083670422906e-02,-1.830733817471791314e-01,-6.402606702260094096e-02,9.768490139601671007e-01
5.340143139838603170e-02,8.147483990725419289e-01,3.514685749104461965e-01,4.580427645796334435e-01
8.147483990725419289e-01,-5.340143139838591374e-02,4.580427645796334435e-01,-3.514685749104461965e-01
4.536211957257252347e-01,6.788920955903301468e-01,5.334020967941770497e-01,2.209423826903945953e-01
6.788920955903300358e-01,-4.536211957257252902e-01,2.209423826903943733e-01,-5.334020967941771607e-01
7.322935269887161924e-01,3.611272033468166942e-01,5.724109576008407085e-01,-7.535933221454363395e-02
3.611272033468167497e-01,-7.322935269887160814e-01,-7.535933221454348130e-02,-5.724109576008408196e-01
5.340143139838603170e-02,8.147483990725419289e-01,-3.514685749104459744e-01,-4.580427645796336100e-01
8.147483990725419289e-01,-5.340143139838591374e-02,-4.580427645796334435e-01,3.514685749104460855e-01
4.536211957257252347e-01,6.788920955903301468e-01,-5.334020967941769387e-01,-2.209423826903948729e-01
6.788920955903300358e-01,-4.536211957257252902e-01,-2.209423826903949006e-01,5.334020967941769387e-01
7.322935269887161924e-01,3.611272033468166942e-01,-5.724109576008408196e-01,7.535933221454343967e-02
3.611272033468167497e-01,-7.322935269887160814e-01,7.535933221454339803e-02,5.724109576008408196e-01
1.335035784959651486e-02,2.036870997681355933e-01,4.329763064341065615e-01,8.779890952625847289e-01
2.036870997681355933e-01,-1.335035784959648537e-02,8.779890952625847289e-01,-4.329763064341064505e-01
1.134052989314313642e-01,1.697230238975826200e-01,8.139630282399843431e-01,5.438727075260606503e-01
1.697230238975825922e-01,-1.134052989314313920e-01,5.438727075260605393e-01,-8.139630282399844541e-01
1.830733817471791591e-01,9.028180083670422906e-02,9.768490139601671007e-01,6.402606702260033034e-02
9.028180083670422906e-02,-1.830733817471791314e-01,6.402606702260039973e-02,-9.768490139601671007e-01
1.855831618209497214e-01,5.467103651677664988e-01,-4.082482904638631838e-01,-7.071067811865475727e-01
5.467103651677664988e-01,-1.855831618209497214e-01,-7.071067811865475727e-01,4.082482904638631838e-01
4.340749152354640428e-01,3.806734838370779972e-01,-7.071067811865477948e-01,-4.082482904638627397e-01
3.806734838370780527e-01,-4.340749152354639873e-01,-4.082482904638627952e-01,7.071067811865477948e-01
5.662566456580276908e-01,1.126354499323024561e-01,-8.164965809277260345e-01,-1.499879886521846151e-16
1.126354499323023589e-01,-5.662566456580276908e-01,-1.999839848695794950e-16,8.164965809277260345e-01
2.624542243952678322e-01,7.731652131102026981e-01,2.886751345948129210e-01,5.000000000000000000e-01
7.731652131102026981e-01,-2.624542243952678322e-01,5.000000000000000000e-01,-2.886751345948130321e-01
6.138746322119448262e-01,5.383536036782108347e-01,5.000000000000001110e-01,2.886751345948128655e-01
5.383536036782109457e-01,-6.138746322119447152e-01,2.886751345948130876e-01,-5.000000000000000000e-01
8.008078280734787224e-01,1.592905808982578719e-01,5.773502691896258421e-01,3.535250795749690127e-17
1.592905808982577331e-01,-8.008078280734787224e-01,7.070501591499380254e-17,-5.773502691896258421e-01
2.624542243952678322e-01,7.731652131102026981e-01,3.514685749104463075e-01,-4.580427645796333880e-01
7.731652131102026981e-01,-2.624542243952678322e-01,-4.580427645796333325e-01,-3.514685749104463075e-01
6.138746322119448262e-01,5.383536036782108347e-01,7.535933221454385600e-02,-5.724109576008407085e-01
5.383536036782109457e-01,-6.138746322119447152e-01,-5.724109576008405975e-01,-7.535933221454414743e-02
8.008078280734787224e-01,1.592905808982578719e-01,-2.209423826903942345e-01,-5.334020967941771607e-01
1.592905808982577331e-01,-8.008078280734787224e-01,-5.334020967941770497e-01,2.209423826903946786e-01
6.561355609881699968e-02,1.932913032775507578e-01,-7.360098281310114565e-01,6.454632958022417100e-01
1.932913032775507578e-01,-6.561355609881699968e-02,6.454632958022417100e-01,7.360098281310115675e-01
1.534686580529862898e-01,1.345884009195527919e-01,-3.146715606953534028e-01,9.269925254406767845e-01
1.345884009195528197e-01,-1.534686580529862621e-01,9.269925254406765625e-01,3.146715606953542910e-01
2.002019570183697916e-01,3.982264522456448880e-02,1.909826973096649116e-01,9.601348564975954458e-01
3.982264522456445410e-02,-2.002019570183697916e-01,9.601348564975953348e-01,-1.909826973096656888e-01
6.561355609881699968e-02,1.932913032775507578e-01,7.360098281310116786e-01,-6.454632958022414879e-01
1.932913032775507578e-01,-6.561355609881699968e-02,-6.454632958022414879e-01,-7.360098281310117896e-01
1.534686580529862898e-01,1.345884009195527919e-01,3.146715606953541244e-01,-9.269925254406765625e-01
1.345884009195528197e-01,-1.534686580529862621e-01,-9.269925254406765625e-01,-3.146715606953541799e-01
2.002019570183697916e-01,3.982264522456448880e-02,-1.909826973096650227e-01,-9.601348564975954458e-01
3.982264522456445410e-02,-2.002019570183697916e-01,-9.601348564975954458e-01,1.909826973096649672e-01
2.624542243952678322e-01,7.731652131102026981e-01,-3.514685749104463075e-01,4.580427645796333325e-01
7.731652131102026981e-01,-2.624542243952678322e-01,4.580427645796333325e-01,3.514685749104463630e-01
6.138746322119448262e-01,5.383536036782108347e-01,-7.535933221454368947e-02,5.724109576008407085e-01
5.383536036782109457e-01,-6.138746322119447152e-01,5.724109576008405975e-01,7.535933221454423070e-02
8.008078280734787224e-01,1.592905808982578719e-01,2.209423826903941790e-01,5.334020967941772717e-01
1.592905808982577331e-01,-8.008078280734787224e-01,5.334020967941770497e-01,-2.209423826903946231e-01
2.624542243952678322e-01,7.731652131102026981e-01,5.000000000000001110e-01,-2.886751345948128100e-01
7.731652131102026981e-01,-2.624542243952678322e-01,-2.886751345948129766e-01,-5.000000000000000000e-01
6.138746322119448262e-01,5.383536036782108347e-01,2.886751345948128655e-01,-5.000000000000001110e-01
5.383536036782109457e-01,-6.138746322119447152e-01,-4.999999999999998890e-01,-2.886751345948131986e-01
8.008078280734787224e-01,1.592905808982578719e-01,7.070501591499380254e-17,-5.773502691896258421e-01
1.592905808982577331e-01,-8.008078280734787224e-01,-5.773502691896258421e-01,-1.060575238724906915e-16
1.855831618209497214e-01,5.467103651677664988e-01,-7.071067811865475727e-01,4.082482904638631838e-01
5.467103651677664988e-01,-1.855831618209497214e-01,4.082482904638630727e-01,7.071067811865475727e-01
4.340749152354640428e-01,3.806734838370779972e-01,-4.082482904638627952e-01,7.071067811865477948e-01
3.806734838370779972e-01,-4.340749152354639318e-01,7.071067811865476838e-01,4.082482904638627952e-01
5.662566456580276908e-01,1.126354499323024561e-01,-1.999839848695794950e-16,8.164965809277260345e-01
1.126354499323023589e-01,-5.662566456580276908e-01,8.164965809277260345e-01,2.499799810869743749e-16
1.855831618209496936e-01,5.467103651677663878e-01,-6.477702898153840927e-01,-4.970516253862972134e-01
5.467103651677663878e-01,-1.855831618209496936e-01,-4.970516253862972134e-01,6.477702898153840927e-01
4.340749152354640428e-01,3.806734838370779972e-01,-8.095113394900795845e-01,-1.065741896691873164e-01
3.806734838370780527e-01,-4.340749152354639873e-01,-1.065741896691880936e-01,8.095113394900794734e-01
5.662566456580276908e-01,1.126354499323024561e-01,-7.543444794845717283e-01,3.124597141037819825e-01
1.126354499323023589e-01,-5.662566456580276908e-01,3.124597141037826487e-01,7.543444794845715062e-01
3.146715606953539579e-01,9.269925254406766735e-01,1.345884009195527642e-01,1.534686580529862343e-01
9.269925254406766735e-01,-3.146715606953539579e-01,1.534686580529862343e-01,-1.345884009195527364e-01
7.360098281310117896e-01,6.454632958022415989e-01,1.932913032775507023e-01,6.561355609881701356e-02
6.454632958022417100e-01,-7.360098281310116786e-01,6.561355609881702744e-02,-1.932913032775507023e-01
9.601348564975954458e-01,1.909826973096649949e-01,2.002019570183697084e-01,-3.982264522456444023e-02
1.909826973096648561e-01,-9.601348564975955568e-01,-3.982264522456448186e-02,-2.002019570183697361e-01
3.146715606953539579e-01,9.269925254406766735e-01,-1.345884009195527364e-01,-1.534686580529862621e-01
9.269925254406766735e-01,-3.146715606953539579e-01,-1.534686580529861788e-01,1.345884009195527642e-01
7.360098281310117896e-01,6.454632958022415989e-01,-1.932913032775507023e-01,-6.561355609881702744e-02
6.454632958022417100e-01,-7.360098281310116786e-01,-6.561355609881704132e-02,1.932913032775507023e-01
9.601348564975954458e-01,1.909826973096649949e-01,-2.002019570183697084e-01,3.982264522456446104e-02
1.909826973096648561e-01,-9.601348564975955568e-01,3.982264522456446104e-02,2.002019570183697361e-01
1.855831618209496936e-01,5.467103651677663878e-01,6.477702898153843147e-01,4.970516253862970468e-01
5.467103651677663878e-01,-1.855831618209496936e-01,4.970516253862972134e-01,-6.477702898153842037e-01
4.340749152354640428e-01,3.806734838370779972e-01,8.095113394900795845e-01,1.065741896691872054e-01
3.806734838370780527e-01,-4.340749152354639873e-01,1.065741896691872748e-01,-8.095113394900795845e-01
5.662566456580278018e-01,1.126354499323024699e-01,7.543444794845716173e-01,-3.124597141037825376e-01
1.126354499323023728e-01,-5.662566456580278018e-01,-3.124597141037827597e-01,-7.543444794845715062e-01
2.624542243952678322e-01,7.731652131102026981e-01,-2.886751345948129766e-01,-5.000000000000000000e-01
7.731652131102026981e-01,-2.624542243952678322e-01,-5.000000000000000000e-01,2.886751345948129766e-01
6.138746322119448262e-01,5.383536036782108347e-01,-5.000000000000001110e-01,-2.886751345948126990e-01
5.383536036782109457e-01,-6.138746322119447152e-01,-2.886751345948127545e-01,5.000000000000001110e-01
8.008078280734787224e-01,1.592905808982578719e-01,-5.773502691896258421e-01,-1.060575238724906915e-16
1.592905808982577331e-01,-8.008078280734787224e-01,-1.414100318299876051e-16,5.773502691896258421e-01
1.855831618209497214e-01,5.467103651677664988e-01,4.082482904638630727e-01,7.071067811865475727e-01
5.467103651677664988e-01,-1.855831618209497214e-01,7.071067811865474617e-01,-4.082482904638632393e-01
4.340749152354639873e-01,3.806734838370779417e-01,7.071067811865475727e-01,4.082482904638629062e-01
3.806734838370779972e-01,-4.340749152354639318e-01,4.082482904638632948e-01,-7.071067811865473507e-01
5.662566456580276908e-01,1.126354499323024561e-01,8.164965809277260345e-01,4.999599621739487375e-17
1.126354499323023589e-01,-5.662566456580276908e-01,9.999199243478974750e-17,-8.164965809277260345e-01
3.146715606953539579e-01,9.269925254406766735e-01,1.534686580529862343e-01,-1.345884009195527364e-01
9.269925254406766735e-01,-3.146715606953539579e-01,-1.345884009195527364e-01,-1.534686580529862621e-01
7.360098281310117896e-01,6.454632958022415989e-01,6.561355609881702744e-02,-1.932913032775507023e-01
6.454632958022417100e-01,-7.360098281310116786e-01,-1.932913032775507023e-01,-6.561355609881702744e-02
9.601348564975954458e-01,1.909826973096649949e-01,-3.982264522456447492e-02,-2.002019570183697084e-01
1.909826973096648561e-01,-9.601348564975955568e-01,-2.002019570183697361e-01,3.982264522456446798e-02
1.855831618209496936e-01,5.467103651677663878e-01,-4.970516253862972134e-01,6.477702898153840927e-01
5.467103651677663878e-01,-1.855831618209496936e-01,6.477702898153840927e-01,4.970516253862973244e-01
4.340749152354640428e-01,3.806734838370779972e-01,-1.065741896691873719e-01,8.095113394900795845e-01
3.806734838370780527e-01,-4.340749152354639873e-01,8.095113394900794734e-01,1.065741896691881352e-01
5.662566456580276908e-01,1.126354499323024561e-01,3.124597141037819825e-01,7.543444794845718393e-01
1.126354499323023589e-01,-5.662566456580276908e-01,7.543444794845715062e-01,-3.124597141037825931e-01
1.855831618209496936e-01,5.467103651677663878e-01,4.970516253862972134e-01,-6.477702898153842037e-01
5.467103651677663878e-01,-1.855831618209496936e-01,-6.477702898153840927e-01,-4.970516253862972134e-01
4.340749152354640428e-01,3.806734838370779972e-01,1.065741896691876217e-01,-8.095113394900795845e-01
3.806734838370780527e-01,-4.340749152354639873e-01,-8.095113394900794734e-01,-1.065741896691880242e-01
5.662566456580276908e-01,1.126354499323024561e-01,-3.124597141037820380e-01,-7.543444794845717283e-01
1.126354499323023728e-01,-5.662566456580278018e-01,-7.543444794845715062e-01,3.124597141037827597e-01
3.146715606953539579e-01,9.269925254406766735e-01,-1.534686580529861788e-01,1.345884009195527642e-01
9.269925254406766735e-01,-3.146715606953539579e-01,1.345884009195527642e-01,1.534686580529862066e-01
7.360098281310117896e-01,6.454632958022415989e-01,-6.561355609881687478e-02,1.932913032775507300e-01
6.454632958022417100e-01,-7.360098281310116786e-01,1.932913032775507023e-01,6.561355609881705520e-02
9.601348564975954458e-01,1.909826973096649949e-01,3.982264522456445410e-02,2.002019570183697084e-01
1.909826973096648561e-01,-9.601348564975955568e-01,2.002019570183697084e-01,-3.982264522456462758e-02
1.855831618209497214e-01,5.467103651677664988e-01,7.071067811865476838e-01,-4.082482904638629062e-01
5.467103651677664988e-01,-1.855831618209497214e-01,-4.082482904638631838e-01,-7.071067811865475727e-01
4.340749152354639873e-01,3.806734838370779417e-01,4.082482904638629617e-01,-7.071067811865475727e-01
3.806734838370779972e-01,-4.340749152354639318e-01,-7.071067811865473507e-01,-4.082482904638634058e-01
5.662566456580276908e-01,1.126354499323024561e-01,9.999199243478974750e-17,-8.164965809277260345e-01
1.126354499323023589e-01,-5.662566456580276908e-01,-8.164965809277260345e-01,-1.499879886521846151e-16
2.624542243952678322e-01,7.731652131102026981e-01,-5.000000000000000000e-01,2.886751345948129766e-01
7.731652131102026981e-01,-2.624542243952678322e-01,2.886751345948129210e-01,5.000000000000000000e-01
6.138746322119448262e-01,5.383536036782108347e-01,-2.886751345948127545e-01,5.000000000000001110e-01
5.383536036782109457e-01,-6.138746322119447152e-01,5.000000000000001110e-01,2.886751345948127545e-01
8.008078280734787224e-01,1.592905808982578719e-01,-1.414100318299876051e-16,5.773502691896258421e-01
1.592905808982577331e-01,-8.008078280734787224e-01,5.773502691896258421e-01,1.767625397874845187e-16
6.561355609881699968e-02,1.932913032775507578e-01,-6.454632958022414879e-01,-7.360098281310117896e-01
1.932913032775507578e-01,-6.561355609881699968e-02,-7.360098281310114565e-01,6.454632958022417100e-01
1.534686580529862898e-01,1.345884009195527919e-01,-9.269925254406765625e-01,-3.146715606953541799e-01
1.345884009195528197e-01,-1.534686580529862621e-01,-3.146715606953542355e-01,9.269925254406765625e-01
2.002019570183697916e-01,3.982264522456448880e-02,-9.601348564975954458e-01,1.909826973096649672e-01
3.982264522456445410e-02,-2.002019570183697916e-01,1.909826973096649116e-01,9.601348564975954458e-01
2.624542243952678322e-01,7.731652131102026981e-01,4.580427645796334435e-01,3.514685749104461965e-01
7.731652131102026981e-01,-2.624542243952678322e-01,3.514685749104463075e-01,-4.580427645796333880e-01
6.138746322119448262e-01,5.383536036782108347e-01,5.724109576008407085e-01,7.535933221454357844e-02
5.383536036782109457e-01,-6.138746322119447152e-01,7.535933221454362008e-02,-5.724109576008407085e-01
8.008078280734787224e-01,1.592905808982578719e-01,5.334020967941770497e-01,-2.209423826903945398e-01
1.592905808982577331e-01,-8.008078280734787224e-01,-2.209423826903947063e-01,-5.334020967941770497e-01
2.624542243952678322e-01,7.731652131102026981e-01,-4.580427645796333325e-01,-3.514685749104463075e-01
7.731652131102026981e-01,-2.624542243952678322e-01,-3.514685749104463075e-01,4.580427645796333325e-01
6.138746322119448262e-01,5.383536036782108347e-01,-5.724109576008407085e-01,-7.535933221454364783e-02
5.383536036782109457e-01,-6.138746322119447152e-01,-7.535933221454420294e-02,5.724109576008405975e-01
8.008078280734788335e-01,1.592905808982578997e-01,-5.334020967941772717e-01,2.209423826903942345e-01
1.592905808982577331e-01,-8.008078280734787224e-01,2.209423826903946508e-01,5.334020967941770497e-01
6.561355609881699968e-02,1.932913032775507578e-01,6.454632958022415989e-01,7.360098281310116786e-01
1.932913032775507578e-01,-6.561355609881699968e-02,7.360098281310116786e-01,-6.454632958022414879e-01
1.534686580529862898e-01,1.345884009195527919e-01,9.269925254406765625e-01,3.146715606953540689e-01
1.345884009195528197e-01,-1.534686580529862621e-01,3.146715606953541244e-01,-9.269925254406765625e-01
2.002019570183697916e-01,3.982264522456448880e-02,9.601348564975954458e-01,-1.909826973096648561e-01
3.982264522456445410e-02,-2.002019570183697916e-01,-1.909826973096650227e-01,-9.601348564975954458e-01
3.776051426686697493e-02,5.761141179450778305e-01,-2.113248654051871345e-01,-7.886751345948128655e-01
5.761141179450779415e-01,-3.776051426686690554e-02,-7.886751345948130876e-01,2.113248654051867736e-01
3.207586235876104253e-01,4.800492044858682417e-01,-5.773502691896257311e-01,-5.773502691896258421e-01
4.800492044858681862e-01,-3.207586235876104808e-01,-5.773502691896253980e-01,5.773502691896261751e-01
5.178097187527352929e-01,2.553554943574673497e-01,-7.886751345948128655e-01,-2.113248654051869957e-01
2.553554943574674607e-01,-5.178097187527352929e-01,-2.113248654051870790e-01,7.886751345948129766e-01
5.340143139838603170e-02,8.147483990725419289e-01,1.494292453613422500e-01,5.576775358252054060e-01
8.147483990725419289e-01,-5.340143139838591374e-02,5.576775358252054060e-01,-1.494292453613421945e-01
4.536211957257252347e-01,6.788920955903301468e-01,4.082482904638630172e-01,4.082482904638630727e-01
6.788920955903300358e-01,-4.536211957257252902e-01,4.082482904638630727e-01,-4.082482904638630172e-01
7.322935269887161924e-01,3.611272033468166942e-01,5.576775358252054060e-01,1.494292453613422500e-01
3.611272033468167497e-01,-7.322935269887160814e-01,1.494292453613421667e-01,-5.576775358252054060e-01
5.340143139838603170e-02,8.147483990725419289e-01,4.580427645796336100e-01,-3.514685749104459744e-01
8.147483990725419289e-01,-5.340143139838591374e-02,-3.514685749104459744e-01,-4.580427645796336100e-01
4.536211957257252347e-01,6.788920955903301468e-01,2.209423826903948451e-01,-5.334020967941769387e-01
6.788920955903300358e-01,-4.536211957257252902e-01,-5.334020967941769387e-01,-2.209423826903948729e-01
7.322935269887161924e-01,3.611272033468166942e-01,-7.535933221454348130e-02,-5.724109576008408196e-01
3.611272033468167497e-01,-7.322935269887160814e-01,-5.724109576008408196e-01,7.535933221454343967e-02
1.335035784959651486e-02,2.036870997681355933e-01,-8.779890952625843958e-01,4.329763064341071166e-01
2.036870997681355933e-01,-1.335035784959648537e-02,4.329763064341070611e-01,8.779890952625843958e-01
1.134052989314313642e-01,1.697230238975826200e-01,-5.438727075260605393e-01,8.139630282399843431e-01
1.697230238975825922e-01,-1.134052989314313920e-01,8.139630282399843431e-01,5.438727075260606503e-01
1.830733817471791869e-01,9.028180083670424294e-02,-6.402606702260009441e-02,9.768490139601672118e-01
9.028180083670422906e-02,-1.830733817471791314e-01,9.768490139601671007e-01,6.402606702260013605e-02
1.335035784959651486e-02,2.036870997681355933e-01,8.779890952625847289e-01,-4.329763064341064505e-01
2.036870997681355933e-01,-1.335035784959648537e-02,-4.329763064341063949e-01,-8.779890952625847289e-01
1.134052989314313642e-01,1.697230238975826200e-01,5.438727075260605393e-01,-8.139630282399844541e-01
1.697230238975825922e-01,-1.134052989314313920e-01,-8.139630282399843431e-01,-5.438727075260605393e-01
1.830733817471791591e-01,9.028180083670422906e-02,6.402606702260039973e-02,-9.768490139601671007e-01
9.028180083670422906e-02,-1.830733817471791314e-01,-9.768490139601671007e-01,-6.402606702260088545e-02
5.340143139838603170e-02,8.147483990725419289e-01,-4.580427645796334435e-01,3.514685749104460855e-01
8.147483990725419289e-01,-5.340143139838591374e-02,3.514685749104460855e-01,4.580427645796334990e-01
4.536211957257252347e-01,6.788920955903301468e-01,-2.209423826903949006e-01,5.334020967941769387e-01
6.788920955903300358e-01,-4.536211957257252902e-01,5.334020967941769387e-01,2.209423826903949561e-01
7.322935269887161924e-01,3.611272033468166942e-01,7.535933221454339803e-02,5.724109576008408196e-01
3.611272033468167497e-01,-7.322935269887160814e-01,5.724109576008408196e-01,-7.535933221454337028e-02
5.340143139838603170e-02,8.147483990725419289e-01,5.576775358252054060e-01,-1.494292453613421945e-01
8.147483990725419289e-01,-5.340143139838591374e-02,-1.494292453613420280e-01,-5.576775358252054060e-01
4.536211957257252347e-01,6.788920955903301468e-01,4.082482904638630727e-01,-4.082482904638630172e-01
6.788920955903300358e-01,-4.536211957257252902e-01,-4.082482904638630172e-01,-4.082482904638631838e-01
7.322935269887161924e-01,3.611272033468166942e-01,1.494292453613421667e-01,-5.576775358252054060e-01
3.611272033468167497e-01,-7.322935269887160814e-01,-5.576775358252054060e-01,-1.494292453613421945e-01
3.776051426686697493e-02,5.761141179450778305e-01,-7.886751345948128655e-01,2.113248654051874120e-01
5.761141179450778305e-01,-3.776051426686689860e-02,2.113248654051866904e-01,7.886751345948129766e-01
3.207586235876104808e-01,4.800492044858682972e-01,-5.773502691896259531e-01,5.773502691896257311e-01
4.800492044858682417e-01,-3.207586235876105363e-01,5.773502691896261751e-01,5.773502691896255090e-01
5.178097187527352929e-01,2.553554943574673497e-01,-2.113248654051870512e-01,7.886751345948128655e-01
2.553554943574674052e-01,-5.178097187527351819e-01,7.886751345948128655e-01,2.113248654051871067e-01
3.776051426686697493e-02,5.761141179450778305e-01,-4.970516253862967693e-01,-6.477702898153844258e-01
5.761141179450779415e-01,-3.776051426686690554e-02,-6.477702898153844258e-01,4.970516253862969913e-01
3.207586235876104253e-01,4.800492044858682417e-01,-7.543444794845713952e-01,-3.124597141037829817e-01
4.800492044858681862e-01,-3.207586235876104808e-01,-3.124597141037829817e-01,7.543444794845713952e-01
5.178097187527352929e-01,2.553554943574673497e-01,-8.095113394900795845e-01,1.065741896691870111e-01
2.553554943574674052e-01,-5.178097187527351819e-01,1.065741896691869417e-01,8.095113394900795845e-01
6.402606702260034421e-02,9.768490139601671007e-01,9.028180083670418743e-02,1.830733817471790759e-01
9.768490139601671007e-01,-6.402606702260020544e-02,1.830733817471790759e-01,-9.028180083670415967e-02
5.438727075260606503e-01,8.139630282399844541e-01,1.697230238975825922e-01,1.134052989314313503e-01
8.139630282399843431e-01,-5.438727075260607613e-01,1.134052989314313364e-01,-1.697230238975825922e-01
8.779890952625847289e-01,4.329763064341065615e-01,2.036870997681355100e-01,1.335035784959650619e-02
4.329763064341066725e-01,-8.779890952625847289e-01,1.335035784959652180e-02,-2.036870997681355377e-01
6.402606702260034421e-02,9.768490139601671007e-01,-9.028180083670415967e-02,-1.830733817471790759e-01
9.768490139601671007e-01,-6.402606702260020544e-02,-1.830733817471791036e-01,9.028180083670414580e-02
5.438727075260606503e-01,8.139630282399844541e-01,-1.697230238975825922e-01,-1.134052989314313364e-01
8.139630282399843431e-01,-5.438727075260607613e-01,-1.134052989314313364e-01,1.697230238975825922e-01
8.779890952625847289e-01,4.329763064341065615e-01,-2.036870997681355100e-01,-1.335035784959662242e-02
4.329763064341066725e-01,-8.779890952625847289e-01,-1.335035784959663456e-02,2.036870997681355377e-01
3.776051426686697493e-02,5.761141179450778305e-01,4.970516253862970468e-01,6.477702898153843147e-01
5.761141179450778305e-01,-3.776051426686689860e-02,6.477702898153843147e-01,-4.970516253862970468e-01
3.207586235876104808e-01,4.800492044858682972e-01,7.543444794845716173e-01,3.124597141037825931e-01
4.800492044858682417e-01,-3.207586235876105363e-01,3.124597141037822601e-01,-7.543444794845717283e-01
5.178097187527354039e-01,2.553554943574674052e-01,8.095113394900795845e-01,-1.065741896691873025e-01
2.553554943574674052e-01,-5.178097187527351819e-01,-1.065741896691870666e-01,-8.095113394900795845e-01
4.624699618945427027e-02,7.055928112895232251e-01,9.229595564125754603e-02,-7.010573846499779105e-01
7.055928112895232251e-01,-4.624699618945417312e-02,-7.010573846499777995e-01,-9.229595564125790685e-02
3.928474791935510635e-01,5.879378012096794226e-01,-2.705980500730980620e-01,-6.532814824381883989e-01
5.879378012096794226e-01,-3.928474791935512300e-01,-6.532814824381881769e-01,2.705980500730986726e-01
6.341847973991336929e-01,3.127453320959720506e-01,-5.609855267969308112e-01,-4.304593345768795154e-01
3.127453320959721061e-01,-6.341847973991336929e-01,-4.304593345768795709e-01,5.609855267969309223e-01
4.624699618945427027e-02,7.055928112895232251e-01,-9.229595564125733786e-02,7.010573846499779105e-01
7.055928112895232251e-01,-4.624699618945417312e-02,7.010573846499777995e-01,9.229595564125800400e-02
3.928474791935511190e-01,5.879378012096795336e-01,2.705980500730980620e-01,6.532814824381885099e-01
5.879378012096794226e-01,-3.928474791935512300e-01,6.532814824381882879e-01,-2.705980500730986171e-01
6.341847973991336929e-01,3.127453320959720506e-01,5.609855267969308112e-01,4.304593345768796264e-01
3.127453320959721061e-01,-6.341847973991336929e-01,4.304593345768796819e-01,-5.609855267969308112e-01
5.970461535129140823e-02,9.109164024426652517e-01,2.041241452319315364e-01,-3.535533905932738974e-01
9.109164024426652517e-01,-5.970461535129128333e-02,-3.535533905932739529e-01,-2.041241452319313976e-01
5.071639148387293572e-01,7.590244375636316931e-01,4.999599621739489224e-17,-4.082482904638631283e-01
7.590244375636315821e-01,-5.071639148387294682e-01,-4.082482904638631283e-01,-7.499399432609233219e-17
8.187290529149230389e-01,4.037524876039358390e-01,-2.041241452319315919e-01,-3.535533905932737864e-01
4.037524876039358945e-01,-8.187290529149230389e-01,-3.535533905932737864e-01,2.041241452319315919e-01
2.670071569919301238e-02,4.073741995362709645e-01,-4.564354645876382288e-01,7.905694150420951027e-01
4.073741995362709090e-01,-2.670071569919295340e-02,7.905694150420949917e-01,4.564354645876381733e-01
2.268105978628625896e-01,3.394460477951650179e-01,-2.235888922898345892e-16,9.128709291752769017e-01
3.394460477951649624e-01,-2.268105978628626174e-01,9.128709291752769017e-01,2.794861153622932858e-16
3.661467634943580407e-01,1.805636016734083193e-01,4.564354645876384509e-01,7.905694150420948807e-01
1.805636016734083471e-01,-3.661467634943579852e-01,7.905694150420945476e-01,-4.564354645876391725e-01
2.670071569919300891e-02,4.073741995362709090e-01,4.564354645876383954e-01,-7.905694150420948807e-01
4.073741995362709645e-01,-2.670071569919295687e-02,-7.905694150420951027e-01,-4.564354645876381733e-01
2.268105978628625896e-01,3.394460477951650179e-01,1.117944461449172946e-16,-9.128709291752769017e-01
3.394460477951649624e-01,-2.268105978628626174e-01,-9.128709291752769017e-01,-1.676916692173759419e-16
3.661467634943580407e-01,1.805636016734083193e-01,-4.564354645876385619e-01,-7.905694150420948807e-01
1.805636016734083471e-01,-3.661467634943579852e-01,-7.905694150420948807e-01,4.564354645876385619e-01
5.970461535129140823e-02,9.109164024426652517e-01,-2.041241452319314253e-01,3.535533905932739529e-01
9.109164024426652517e-01,-5.970461535129128333e-02,3.535533905932739529e-01,2.041241452319314531e-01
5.071639148387293572e-01,7.590244375636316931e-01,-9.999199243478978447e-17,4.082482904638631283e-01
7.590244375636315821e-01,-5.071639148387294682e-01,4.082482904638631283e-01,1.249899905434872368e-16
8.187290529149231499e-01,4.037524876039358945e-01,2.041241452319315641e-01,3.535533905932738419e-01
4.037524876039358945e-01,-8.187290529149230389e-01,3.535533905932736753e-01,-2.041241452319318417e-01
4.624699618945427027e-02,7.055928112895232251e-01,7.010573846499779105e-01,9.229595564125735174e-02
7.055928112895232251e-01,-4.624699618945417312e-02,9.229595564125725460e-02,-7.010573846499779105e-01
3.928474791935511190e-01,5.879378012096795336e-01,6.532814824381882879e-01,-2.705980500730985061e-01
5.879378012096794226e-01,-3.928474791935512300e-01,-2.705980500730987282e-01,-6.532814824381881769e-01
6.341847973991336929e-01,3.127453320959720506e-01,4.304593345768795154e-01,-5.609855267969309223e-01
3.127453320959721061e-01,-6.341847973991336929e-01,-5.609855267969309223e-01,-4.304593345768795709e-01
4.624699618945427027e-02,7.055928112895232251e-01,-7.010573846499779105e-01,-9.229595564125729623e-02
7.055928112895232251e-01,-4.624699618945417312e-02,-9.229595564125796237e-02,7.010573846499777995e-01
3.928474791935511190e-01,5.879378012096795336e-01,-6.532814824381885099e-01,2.705980500730981175e-01
5.879378012096793116e-01,-3.928474791935511745e-01,2.705980500730986171e-01,6.532814824381881769e-01
6.341847973991336929e-01,3.127453320959720506e-01,-4.304593345768795154e-01,5.609855267969308112e-01
3.127453320959720506e-01,-6.341847973991335818e-01,5.609855267969308112e-01,4.304593345768796264e-01
2.670071569919301238e-02,4.073741995362709645e-01,-7.905694150420951027e-01,-4.564354645876381733e-01
4.073741995362709645e-01,-2.670071569919295687e-02,-4.564354645876382288e-01,7.905694150420951027e-01
2.268105978628625896e-01,3.394460477951650179e-01,-9.128709291752769017e-01,-1.676916692173759419e-16
3.394460477951649624e-01,-2.268105978628626174e-01,-2.235888922898345892e-16,9.128709291752769017e-01
3.661467634943580407e-01,1.805636016734083193e-01,-7.905694150420948807e-01,4.564354645876385619e-01
1.805636016734083471e-01,-3.661467634943579852e-01,4.564354645876384509e-01,7.905694150420948807e-01
5.970461535129140823e-02,9.109164024426652517e-01,3.535533905932738419e-01,2.041241452319316196e-01
9.109164024426652517e-01,-5.970461535129128333e-02,2.041241452319317029e-01,-3.535533905932737864e-01
5.071639148387293572e-01,7.590244375636316931e-01,4.082482904638631283e-01,2.499799810869744612e-17
7.590244375636315821e-01,-5.071639148387294682e-01,4.999599621739489224e-17,-4.082482904638631283e-01
8.187290529149230389e-01,4.037524876039358390e-01,3.535533905932737309e-01,-2.041241452319316196e-01
4.037524876039358945e-01,-8.187290529149230389e-01,-2.041241452319315919e-01,-3.535533905932737864e-01
5.970461535129140823e-02,9.109164024426652517e-01,-3.535533905932739529e-01,-2.041241452319313976e-01
9.109164024426652517e-01,-5.970461535129128333e-02,-2.041241452319314253e-01,3.535533905932739529e-01
5.071639148387293572e-01,7.590244375636316931e-01,-4.082482904638631283e-01,-7.499399432609233219e-17
7.590244375636315821e-01,-5.071639148387294682e-01,-9.999199243478978447e-17,4.082482904638631283e-01
8.187290529149230389e-01,4.037524876039358390e-01,-3.535533905932737864e-01,2.041241452319315919e-01
4.037524876039359500e-01,-8.187290529149231499e-01,2.041241452319315641e-01,3.535533905932738419e-01
2.670071569919300891e-02,4.073741995362709090e-01,7.905694150420948807e-01,4.564354645876385619e-01
4.073741995362709090e-01,-2.670071569919295340e-02,4.564354645876387284e-01,-7.905694150420947697e-01
2.268105978628625896e-01,3.394460477951650179e-01,9.128709291752769017e-01,5.589722307245864731e-17
3.394460477951649624e-01,-2.268105978628626174e-01,1.117944461449172946e-16,-9.128709291752769017e-01
3.661467634943580407e-01,1.805636016734083193e-01,7.905694150420947697e-01,-4.564354645876386729e-01
1.805636016734083471e-01,-3.661467634943579852e-01,-4.564354645876385619e-01,-7.905694150420948807e-01
2.272920256568435327e-01,6.695807158758448896e-01,-5.609855267969308112e-01,-4.304593345768795154e-01
6.695807158758448896e-01,-2.272920256568435327e-01,-4.304593345768795154e-01,5.609855267969308112e-01
5.316310262343734161e-01,4.662278970042302850e-01,-7.010573846499779105e-01,-9.229595564125729623e-02
4.662278970042303960e-01,-5.316310262343733051e-01,-9.229595564125796237e-02,7.010573846499777995e-01
6.935199226610737622e-01,1.379496896414715568e-01,-6.532814824381883989e-01,2.705980500730980620e-01
1.379496896414714457e-01,-6.935199226610737622e-01,2.705980500730986171e-01,6.532814824381881769e-01
2.272920256568435327e-01,6.695807158758448896e-01,5.609855267969309223e-01,4.304593345768794044e-01
6.695807158758448896e-01,-2.272920256568435327e-01,4.304593345768795154e-01,-5.609855267969309223e-01
5.316310262343734161e-01,4.662278970042302850e-01,7.010573846499779105e-01,9.229595564125719909e-02
4.662278970042303960e-01,-5.316310262343733051e-01,9.229595564125725460e-02,-7.010573846499779105e-01
6.935199226610737622e-01,1.379496896414715568e-01,6.532814824381881769e-01,-2.705980500730984506e-01
1.379496896414714735e-01,-6.935199226610738732e-01,-2.705980500730987282e-01,-6.532814824381881769e-01
2.934327433649013273e-01,8.644249871762623716e-01,3.535533905932738974e-01,-2.041241452319314809e-01
8.644249871762622606e-01,-2.934327433649012717e-01,-2.041241452319315919e-01,-3.535533905932737864e-01
6.863327036442953277e-01,6.018976268782301187e-01,2.041241452319315086e-01,-3.535533905932738419e-01
6.018976268782302297e-01,-6.863327036442952167e-01,-3.535533905932736753e-01,-2.041241452319317307e-01
8.953303702431314459e-01,1.780922835319670439e-01,4.999599621739489224e-17,-4.082482904638631283e-01
1.780922835319669051e-01,-8.953303702431314459e-01,-4.082482904638631283e-01,-7.499399432609233219e-17
1.312271121976339161e-01,3.865826065551012936e-01,-7.905694150420948807e-01,4.564354645876385619e-01
3.865826065551012936e-01,-1.312271121976339161e-01,4.564354645876384509e-01,7.905694150420948807e-01
3.069373161059724131e-01,2.691768018391054174e-01,-4.564354645876382288e-01,7.905694150420951027e-01
2.691768018391054729e-01,-3.069373161059723576e-01,7.905694150420951027e-01,4.564354645876382288e-01
4.004039140367393057e-01,7.964529044912892208e-02,-2.235888922898345892e-16,9.128709291752769017e-01
7.964529044912885269e-02,-4.004039140367393057e-01,9.128709291752769017e-01,2.794861153622932858e-16
1.312271121976339439e-01,3.865826065551013491e-01,7.905694150420949917e-01,-4.564354645876382843e-01
3.865826065551012936e-01,-1.312271121976339161e-01,-4.564354645876385619e-01,-7.905694150420948807e-01
3.069373161059723576e-01,2.691768018391053618e-01,4.564354645876383954e-01,-7.905694150420948807e-01
2.691768018391054174e-01,-3.069373161059723021e-01,-7.905694150420946587e-01,-4.564354645876388394e-01
4.004039140367393057e-01,7.964529044912892208e-02,1.117944461449172946e-16,-9.128709291752769017e-01
7.964529044912885269e-02,-4.004039140367393057e-01,-9.128709291752769017e-01,-1.676916692173759419e-16
2.934327433649012717e-01,8.644249871762622606e-01,-3.535533905932737864e-01,2.041241452319315919e-01
8.644249871762623716e-01,-2.934327433649013273e-01,2.041241452319315641e-01,3.535533905932738419e-01
6.863327036442953277e-01,6.018976268782301187e-01,-2.041241452319313976e-01,3.535533905932738974e-01
6.018976268782302297e-01,-6.863327036442952167e-01,3.535533905932738974e-01,2.041241452319314253e-01
8.953303702431314459e-01,1.780922835319670439e-01,-9.999199243478978447e-17,4.082482904638631283e-01
1.780922835319669051e-01,-8.953303702431314459e-01,4.082482904638631283e-01,1.249899905434872368e-16
2.272920256568435327e-01,6.695807158758448896e-01,4.304593345768795154e-01,-5.609855267969309223e-01
6.695807158758448896e-01,-2.272920256568435327e-01,-5.609855267969308112e-01,-4.304593345768795154e-01
5.316310262343734161e-01,4.662278970042302850e-01,9.229595564125754603e-02,-7.010573846499779105e-01
4.662278970042303960e-01,-5.316310262343733051e-01,-7.010573846499777995e-01,-9.229595564125790685e-02
6.935199226610737622e-01,1.379496896414715568e-01,-2.705980500730980620e-01,-6.532814824381883989e-01
1.379496896414714735e-01,-6.935199226610738732e-01,-6.532814824381881769e-01,2.705980500730986726e-01
2.272920256568435327e-01,6.695807158758448896e-01,-4.304593345768795154e-01,5.609855267969308112e-01
6.695807158758448896e-01,-2.272920256568435327e-01,5.609855267969308112e-01,4.304593345768796264e-01
5.316310262343734161e-01,4.662278970042302850e-01,-9.229595564125733786e-02,7.010573846499779105e-01
4.662278970042303960e-01,-5.316310262343733051e-01,7.010573846499777995e-01,9.229595564125800400e-02
6.935199226610737622e-01,1.379496896414715568e-01,2.705980500730980065e-01,6.532814824381883989e-01
1.379496896414714735e-01,-6.935199226610738732e-01,6.532814824381882879e-01,-2.705980500730986171e-01
1.312271121976339161e-01,3.865826065551012936e-01,-4.564354645876385619e-01,-7.905694150420948807e-01
3.865826065551012936e-01,-1.312271121976339161e-01,-7.905694150420948807e-01,4.564354645876385619e-01
3.069373161059724131e-01,2.691768018391054174e-01,-7.905694150420951027e-01,-4.564354645876381733e-01
2.691768018391054729e-01,-3.069373161059723576e-01,-4.564354645876382288e-01,7.905694150420951027e-01
4.004039140367393057e-01,7.964529044912892208e-02,-9.128709291752769017e-01,-1.676916692173759419e-16
7.964529044912885269e-02,-4.004039140367393057e-01,-2.235888922898345892e-16,9.128709291752769017e-01
2.934327433649013273e-01,8.644249871762623716e-01,2.041241452319315641e-01,3.535533905932738419e-01
8.644249871762622606e-01,-2.934327433649012717e-01,3.535533905932737309e-01,-2.041241452319316196e-01
6.863327036442954387e-01,6.018976268782302297e-01,3.535533905932738974e-01,2.041241452319315086e-01
6.018976268782302297e-01,-6.863327036442952167e-01,2.041241452319316751e-01,-3.535533905932737309e-01
8.953303702431314459e-01,1.780922835319670439e-01,4.082482904638631283e-01,2.499799810869744612e-17
1.780922835319669051e-01,-8.953303702431314459e-01,4.999599621739489224e-17,-4.082482904638631283e-01
2.934327433649012717e-01,8.644249871762622606e-01,-2.041241452319315919e-01,-3.535533905932737864e-01
8.644249871762622606e-01,-2.934327433649012717e-01,-3.535533905932737864e-01,2.041241452319315919e-01
6.863327036442953277e-01,6.018976268782301187e-01,-3.535533905932738974e-01,-2.041241452319313698e-01
6.018976268782302297e-01,-6.863327036442952167e-01,-2.041241452319313976e-01,3.535533905932738974e-01
8.953303702431314459e-01,1.780922835319670439e-01,-4.082482904638631283e-01,-7.499399432609233219e-17
1.780922835319669051e-01,-8.953303702431314459e-01,-9.999199243478978447e-17,4.082482904638631283e-01
1.312271121976339161e-01,3.865826065551012936e-01,4.564354645876384509e-01,7.905694150420948807e-01
3.865826065551012936e-01,-1.312271121976339161e-01,7.905694150420947697e-01,-4.564354645876386729e-01
3.069373161059723576e-01,2.691768018391053618e-01,7.905694150420948807e-01,4.564354645876383398e-01
2.691768018391054174e-01,-3.069373161059723021e-01,4.564354645876387284e-01,-7.905694150420947697e-01
4.004039140367393057e-01,7.964529044912892208e-02,9.128709291752769017e-01,5.589722307245864731e-17
7.964529044912885269e-02,-4.004039140367393057e-01,1.117944461449172946e-16,-9.128709291752769017e-01
2.272920256568435327e-01,6.695807158758448896e-01,-9.229595564125706031e-02,-7.010573846499779105e-01
6.695807158758448896e-01,-2.272920256568435327e-01,-7.010573846499779105e-01,9.229595564125703255e-02
5.316310262343733051e-01,4.662278970042302295e-01,-4.304593345768791268e-01,-5.609855267969311443e-01
4.662278970042303960e-01,-5.316310262343733051e-01,-5.609855267969310333e-01,4.304593345768793489e-01
6.935199226610737622e-01,1.379496896414715568e-01,-6.532814824381880658e-01,-2.705980500730988947e-01
1.379496896414714457e-01,-6.935199226610737622e-01,-2.705980500730988947e-01,6.532814824381880658e-01
2.272920256568435327e-01,6.695807158758448896e-01,9.229595564125696316e-02,7.010573846499779105e-01
6.695807158758448896e-01,-2.272920256568435327e-01,7.010573846499779105e-01,-9.229595564125692153e-02
5.316310262343733051e-01,4.662278970042302295e-01,4.304593345768792934e-01,5.609855267969310333e-01
4.662278970042303960e-01,-5.316310262343733051e-01,5.609855267969311443e-01,-4.304593345768793489e-01
6.935199226610737622e-01,1.379496896414715568e-01,6.532814824381880658e-01,2.705980500730989502e-01
1.379496896414714735e-01,-6.935199226610738732e-01,2.705980500730990612e-01,-6.532814824381880658e-01
2.934327433649012717e-01,8.644249871762622606e-01,1.056624327025934978e-01,-3.943375672974064883e-01
8.644249871762623716e-01,-2.934327433649013273e-01,-3.943375672974065438e-01,-1.056624327025935395e-01
6.863327036442953277e-01,6.018976268782301187e-01,-1.056624327025935811e-01,-3.943375672974064883e-01
6.018976268782302297e-01,-6.863327036442952167e-01,-3.943375672974065438e-01,1.056624327025933868e-01
8.953303702431314459e-01,1.780922835319670439e-01,-2.886751345948129766e-01,-2.886751345948130321e-01
1.780922835319669051e-01,-8.953303702431314459e-01,-2.886751345948127545e-01,2.886751345948131986e-01
1.312271121976339161e-01,3.865826065551012936e-01,-2.362683821909959681e-01,8.817656065588989067e-01
3.865826065551012936e-01,-1.312271121976339161e-01,8.817656065588989067e-01,2.362683821909959958e-01
3.069373161059723576e-01,2.691768018391053618e-01,2.362683821909963011e-01,8.817656065588987957e-01
2.691768018391054729e-01,-3.069373161059723576e-01,8.817656065588991288e-01,-2.362683821909955240e-01
4.004039140367393057e-01,7.964529044912892208e-02,6.454972243679026889e-01,6.454972243679030219e-01
7.964529044912885269e-02,-4.004039140367393057e-01,6.454972243679024668e-01,-6.454972243679032440e-01
1.312271121976339161e-01,3.865826065551012936e-01,2.362683821909958570e-01,-8.817656065588989067e-01
3.865826065551012936e-01,-1.312271121976339161e-01,-8.817656065588989067e-01,-2.362683821909959125e-01
3.069373161059723576e-01,2.691768018391053618e-01,-2.362683821909960513e-01,-8.817656065588989067e-01
2.691768018391054174e-01,-3.069373161059723021e-01,-8.817656065588990177e-01,2.362683821909956072e-01
4.004039140367393057e-01,7.964529044912892208e-02,-6.454972243679027999e-01,-6.454972243679030219e-01
7.964529044912885269e-02,-4.004039140367393057e-01,-6.454972243679023558e-01,6.454972243679032440e-01
2.934327433649012717e-01,8.644249871762622606e-01,-1.056624327025935395e-01,3.943375672974064883e-01
8.644249871762623716e-01,-2.934327433649013273e-01,3.943375672974065438e-01,1.056624327025935811e-01
6.863327036442953277e-01,6.018976268782301187e-01,1.056624327025937060e-01,3.943375672974064883e-01
6.018976268782302297e-01,-6.863327036442952167e-01,3.943375672974065438e-01,-1.056624327025933313e-01
8.953303702431314459e-01,1.780922835319670439e-01,2.886751345948129210e-01,2.886751345948130321e-01
1.780922835319669051e-01,-8.953303702431314459e-01,2.886751345948128100e-01,-2.886751345948131431e-01
2.272920256568435327e-01,6.695807158758448896e-01,7.010573846499777995e-01,-9.229595564125725460e-02
6.695807158758448896e-01,-2.272920256568435327e-01,-9.229595564125706031e-02,-7.010573846499779105e-01
5.316310262343733051e-01,4.662278970042302295e-01,5.609855267969309223e-01,-4.304593345768794044e-01
4.662278970042303405e-01,-5.316310262343731941e-01,-4.304593345768794044e-01,-5.609855267969309223e-01
6.935199226610737622e-01,1.379496896414715568e-01,2.705980500730985616e-01,-6.532814824381881769e-01
1.379496896414714457e-01,-6.935199226610737622e-01,-6.532814824381882879e-01,-2.705980500730982841e-01
2.272920256568435327e-01,6.695807158758448896e-01,-7.010573846499779105e-01,9.229595564125703255e-02
6.695807158758448896e-01,-2.272920256568435327e-01,9.229595564125696316e-02,7.010573846499779105e-01
5.316310262343734161e-01,4.662278970042302850e-01,-5.609855267969310333e-01,4.304593345768793489e-01
4.662278970042303405e-01,-5.316310262343731941e-01,4.304593345768792934e-01,5.609855267969310333e-01
6.935199226610737622e-01,1.379496896414715568e-01,-2.705980500730988947e-01,6.532814824381880658e-01
1.379496896414714457e-01,-6.935199226610737622e-01,6.532814824381880658e-01,2.705980500730989502e-01
1.312271121976339161e-01,3.865826065551012936e-01,-8.817656065588989067e-01,-2.362683821909959125e-01
3.865826065551012936e-01,-1.312271121976339161e-01,-2.362683821909959681e-01,8.817656065588989067e-01
3.069373161059723576e-01,2.691768018391053618e-01,-8.817656065588987957e-01,2.362683821909963566e-01
2.691768018391054174e-01,-3.069373161059723021e-01,2.362683821909955517e-01,8.817656065588990177e-01
4.004039140367393057e-01,7.964529044912892208e-02,-6.454972243679030219e-01,6.454972243679026889e-01
7.964529044912885269e-02,-4.004039140367393057e-01,6.454972243679032440e-01,6.454972243679024668e-01
2.934327433649013273e-01,8.644249871762623716e-01,3.943375672974065438e-01,1.056624327025935811e-01
8.644249871762622606e-01,-2.934327433649012717e-01,1.056624327025934978e-01,-3.943375672974064883e-01
6.863327036442954387e-01,6.018976268782302297e-01,3.943375672974065438e-01,-1.056624327025936227e-01
6.018976268782302297e-01,-6.863327036442952167e-01,-1.056624327025934007e-01,-3.943375672974065438e-01
8.953303702431314459e-01,1.780922835319670439e-01,2.886751345948129766e-01,-2.886751345948129766e-01
1.780922835319669051e-01,-8.953303702431314459e-01,-2.886751345948129766e-01,-2.886751345948130321e-01
2.934327433649013273e-01,8.644249871762623716e-01,-3.943375672974065438e-01,-1.056624327025935395e-01
8.644249871762622606e-01,-2.934327433649012717e-01,-1.056624327025935395e-01,3.943375672974064883e-01
6.863327036442954387e-01,6.018976268782302297e-01,-3.943375672974065438e-01,1.056624327025937338e-01
6.018976268782302297e-01,-6.863327036442952167e-01,1.056624327025933591e-01,3.943375672974065438e-01
8.953303702431314459e-01,1.780922835319670439e-01,-2.886751345948130321e-01,2.886751345948129210e-01
1.780922835319669051e-01,-8.953303702431314459e-01,2.886751345948131431e-01,2.886751345948128100e-01
1.312271121976339161e-01,3.865826065551012936e-01,8.817656065588989067e-01,2.362683821909959958e-01
3.865826065551012936e-01,-1.312271121976339161e-01,2.362683821909958570e-01,-8.817656065588989067e-01
3.069373161059723576e-01,2.691768018391053618e-01,8.817656065588989067e-01,-2.362683821909961068e-01
2.691768018391054174e-01,-3.069373161059723021e-01,-2.362683821909956627e-01,-8.817656065588990177e-01
4.004039140367393057e-01,7.964529044912892208e-02,6.454972243679029109e-01,-6.454972243679027999e-01
7.964529044912885269e-02,-4.004039140367393057e-01,-6.454972243679027999e-01,-6.454972243679030219e-01
4.624699618945427027e-02,7.055928112895232251e-01,-4.304593345768791823e-01,-5.609855267969312553e-01
7.055928112895232251e-01,-4.624699618945417312e-02,-5.609855267969310333e-01,4.304593345768793489e-01
3.928474791935510635e-01,5.879378012096794226e-01,-6.532814824381880658e-01,-2.705980500730988947e-01
5.879378012096793116e-01,-3.928474791935511745e-01,-2.705980500730988947e-01,6.532814824381880658e-01
6.341847973991336929e-01,3.127453320959720506e-01,-7.010573846499779105e-01,9.229595564125703255e-02
3.127453320959720506e-01,-6.341847973991335818e-01,9.229595564125696316e-02,7.010573846499779105e-01
4.624699618945426333e-02,7.055928112895231141e-01,4.304593345768794044e-01,5.609855267969309223e-01
7.055928112895232251e-01,-4.624699618945417312e-02,5.609855267969310333e-01,-4.304593345768794599e-01
3.928474791935511190e-01,5.879378012096795336e-01,6.532814824381882879e-01,2.705980500730985616e-01
5.879378012096793116e-01,-3.928474791935511745e-01,2.705980500730982286e-01,-6.532814824381882879e-01
6.341847973991336929e-01,3.127453320959720506e-01,7.010573846499777995e-01,-9.229595564125725460e-02
3.127453320959720506e-01,-6.341847973991335818e-01,-9.229595564125706031e-02,-7.010573846499779105e-01
5.970461535129140823e-02,9.109164024426652517e-01,3.943375672974065438e-01,-1.056624327025935395e-01
9.109164024426652517e-01,-5.970461535129128333e-02,-1.056624327025934146e-01,-3.943375672974065993e-01
5.071639148387293572e-01,7.590244375636316931e-01,2.886751345948129766e-01,-2.886751345948129766e-01
7.590244375636315821e-01,-5.071639148387294682e-01,-2.886751345948129766e-01,-2.886751345948130321e-01
8.187290529149230389e-01,4.037524876039358390e-01,1.056624327025934978e-01,-3.943375672974064883e-01
4.037524876039359500e-01,-8.187290529149231499e-01,-3.943375672974065438e-01,-1.056624327025935395e-01
2.670071569919300891e-02,4.073741995362709090e-01,-8.817656065588987957e-01,2.362683821909963566e-01
4.073741995362709090e-01,-2.670071569919295340e-02,2.362683821909955517e-01,8.817656065588990177e-01
2.268105978628625896e-01,3.394460477951650179e-01,-6.454972243679030219e-01,6.454972243679026889e-01
3.394460477951649624e-01,-2.268105978628626174e-01,6.454972243679032440e-01,6.454972243679024668e-01
3.661467634943580407e-01,1.805636016734083193e-01,-2.362683821909959681e-01,8.817656065588989067e-01
1.805636016734083471e-01,-3.661467634943579852e-01,8.817656065588989067e-01,2.362683821909959958e-01
2.670071569919300891e-02,4.073741995362709090e-01,8.817656065588989067e-01,-2.362683821909959125e-01
4.073741995362709090e-01,-2.670071569919295340e-02,-2.362683821909956627e-01,-8.817656065588990177e-01
2.268105978628625896e-01,3.394460477951650179e-01,6.454972243679029109e-01,-6.454972243679027999e-01
3.394460477951649624e-01,-2.268105978628626174e-01,-6.454972243679027999e-01,-6.454972243679030219e-01
3.661467634943580407e-01,1.805636016734083193e-01,2.362683821909958570e-01,-8.817656065588989067e-01
1.805636016734083749e-01,-3.661467634943580407e-01,-8.817656065588990177e-01,-2.362683821909959403e-01
5.970461535129140823e-02,9.109164024426652517e-01,-3.943375672974065438e-01,1.056624327025937338e-01
9.109164024426652517e-01,-5.970461535129128333e-02,1.056624327025933729e-01,3.943375672974065993e-01
5.071639148387293572e-01,7.590244375636316931e-01,-2.886751345948130321e-01,2.886751345948129210e-01
7.590244375636315821e-01,-5.071639148387294682e-01,2.886751345948131431e-01,2.886751345948128100e-01
8.187290529149230389e-01,4.037524876039358390e-01,-1.056624327025935395e-01,3.943375672974064883e-01
4.037524876039359500e-01,-8.187290529149231499e-01,3.943375672974065438e-01,1.056624327025935811e-01
4.624699618945427027e-02,7.055928112895232251e-01,5.609855267969312553e-01,-4.304593345768791823e-01
7.055928112895232251e-01,-4.624699618945417312e-02,-4.304593345768791823e-01,-5.609855267969312553e-01
3.928474791935511190e-01,5.879378012096795336e-01,2.705980500730988947e-01,-6.532814824381881769e-01
5.879378012096793116e-01,-3.928474791935511745e-01,-6.532814824381880658e-01,-2.705980500730988947e-01
6.341847973991336929e-01,3.127453320959720506e-01,-9.229595564125706031e-02,-7.010573846499779105e-01
3.127453320959721061e-01,-6.341847973991336929e-01,-7.010573846499780215e-01,9.229595564125704643e-02
4.624699618945427027e-02,7.055928112895232251e-01,-5.609855267969310333e-01,4.304593345768793489e-01
7.055928112895232251e-01,-4.624699618945417312e-02,4.304593345768793489e-01,5.609855267969311443e-01
3.928474791935510635e-01,5.879378012096794226e-01,-2.705980500730988947e-01,6.532814824381880658e-01
5.879378012096793116e-01,-3.928474791935511745e-01,6.532814824381880658e-01,2.705980500730989502e-01
6.341847973991336929e-01,3.127453320959720506e-01,9.229595564125696316e-02,7.010573846499779105e-01
3.127453320959721061e-01,-6.341847973991336929e-01,7.010573846499780215e-01,-9.229595564125693541e-02
2.670071569919300891e-02,4.073741995362709090e-01,-2.362683821909960513e-01,-8.817656065588989067e-01
4.073741995362709090e-01,-2.670071569919295340e-02,-8.817656065588990177e-01,2.362683821909956072e-01
2.268105978628625896e-01,3.394460477951650179e-01,-6.454972243679027999e-01,-6.454972243679030219e-01
3.394460477951649624e-01,-2.268105978628626174e-01,-6.454972243679023558e-01,6.454972243679032440e-01
3.661467634943580407e-01,1.805636016734083193e-01,-8.817656065588989067e-01,-2.362683821909959125e-01
1.805636016734083471e-01,-3.661467634943579852e-01,-2.362683821909959681e-01,8.817656065588989067e-01
5.970461535129140823e-02,9.109164024426652517e-01,1.056624327025935811e-01,3.943375672974065438e-01
9.109164024426653627e-01,-5.970461535129129027e-02,3.943375672974065993e-01,-1.056624327025935534e-01
5.071639148387293572e-01,7.590244375636316931e-01,2.886751345948129766e-01,2.886751345948129766e-01
7.590244375636315821e-01,-5.071639148387294682e-01,2.886751345948129766e-01,-2.886751345948129766e-01
8.187290529149231499e-01,4.037524876039358945e-01,3.943375672974065438e-01,1.056624327025935811e-01
4.037524876039358945e-01,-8.187290529149230389e-01,1.056624327025934978e-01,-3.943375672974064883e-01
5.970461535129140823e-02,9.109164024426652517e-01,-1.056624327025935950e-01,-3.943375672974065438e-01
9.109164024426652517e-01,-5.970461535129128333e-02,-3.943375672974065993e-01,1.056624327025934007e-01
5.071639148387293572e-01,7.590244375636316931e-01,-2.886751345948129766e-01,-2.886751345948130321e-01
7.590244375636315821e-01,-5.071639148387294682e-01,-2.886751345948127545e-01,2.886751345948131986e-01
8.187290529149231499e-01,4.037524876039358945e-01,-3.943375672974065438e-01,-1.056624327025935395e-01
4.037524876039358945e-01,-8.187290529149230389e-01,-1.056624327025935395e-01,3.943375672974064883e-01
2.670071569919300891e-02,4.073741995362709090e-01,2.362683821909959958e-01,8.817656065588989067e-01
4.073741995362709090e-01,-2.670071569919295340e-02,8.817656065588989067e-01,-2.362683821909959125e-01
2.268105978628625896e-01,3.394460477951650179e-01,6.454972243679027999e-01,6.454972243679029109e-01
3.394460477951649624e-01,-2.268105978628626174e-01,6.454972243679029109e-01,-6.454972243679027999e-01
3.661467634943580407e-01,1.805636016734083193e-01,8.817656065588989067e-01,2.362683821909959958e-01
1.805636016734083471e-01,-3.661467634943579852e-01,2.362683821909958570e-01,-8.817656065588989067e-01
1.940993621442298894e-02,8.895447830451364002e-01,-9.957087185675761107e-03,-4.563268453072975572e-01
8.895447830451364002e-01,-1.940993621442291261e-02,-4.563268453072975572e-01,9.957087185675530389e-03
4.615818893700940340e-01,7.606634118137935996e-01,-2.367865131041404225e-01,-3.902120968720935723e-01
7.606634118137937106e-01,-4.615818893700938674e-01,-3.902120968720936278e-01,2.367865131041403948e-01
7.800733480282165955e-01,4.279628936750422552e-01,-4.001691840577693005e-01,-2.195403322031570237e-01
4.279628936750423107e-01,-7.800733480282165955e-01,-2.195403322031570514e-01,4.001691840577693005e-01
9.957087185675828761e-03,4.563268453072976127e-01,1.940993621442298547e-02,8.895447830451362892e-01
4.563268453072976127e-01,-9.957087185675788862e-03,8.895447830451362892e-01,-1.940993621442290915e-02
2.367865131041405891e-01,3.902120968720936278e-01,4.615818893700940340e-01,7.606634118137935996e-01
3.902120968720936278e-01,-2.367865131041404503e-01,7.606634118137935996e-01,-4.615818893700937564e-01
4.001691840577694115e-01,2.195403322031569959e-01,7.800733480282165955e-01,4.279628936750421997e-01
2.195403322031570514e-01,-4.001691840577694115e-01,4.279628936750423107e-01,-7.800733480282165955e-01
2.178646171951355293e-02,9.984594049930510806e-01,3.528862785706930738e-02,-3.686298157544987825e-02
9.984594049930510806e-01,-2.178646171951346619e-02,-3.686298157544987825e-02,-3.528862785706930738e-02
5.180973318042015885e-01,8.537979785117206788e-01,1.212935740119230714e-02,-4.956859243211195892e-02
8.537979785117207898e-01,-5.180973318042013664e-01,-4.956859243211195892e-02,-1.212935740119230887e-02
8.755844402312342734e-01,4.803620731888494921e-01,-1.427996457504265501e-02,-4.899233897664217324e-02
4.803620731888496032e-01,-8.755844402312342734e-01,-4.899233897664218018e-02,1.427996457504265328e-02
1.476874698445773508e-02,6.768420919578232997e-01,-5.089398287177192559e-01,5.316454809470737564e-01
6.768420919578231887e-01,-1.476874698445767436e-02,5.316454809470736453e-01,5.089398287177192559e-01
3.512111560495168594e-01,5.787780724938491606e-01,-1.749320801937094549e-01,7.148884066662211101e-01
5.787780724938492716e-01,-3.512111560495166929e-01,7.148884066662211101e-01,1.749320801937095105e-01
5.935468194783068974e-01,3.256309359083063293e-01,2.059485779485016876e-01,7.065775611407827395e-01
3.256309359083064403e-01,-5.935468194783068974e-01,7.065775611407829615e-01,-2.059485779485010770e-01
1.476874698445773335e-02,6.768420919578231887e-01,5.089398287177193669e-01,-5.316454809470735343e-01
6.768420919578231887e-01,-1.476874698445767436e-02,-5.316454809470735343e-01,-5.089398287177193669e-01
3.512111560495168594e-01,5.787780724938491606e-01,1.749320801937093717e-01,-7.148884066662211101e-01
5.787780724938492716e-01,-3.512111560495166929e-01,-7.148884066662211101e-01,-1.749320801937094272e-01
5.935468194783068974e-01,3.256309359083063293e-01,-2.059485779485017709e-01,-7.065775611407827395e-01
3.256309359083063848e-01,-5.935468194783067863e-01,-7.065775611407827395e-01,2.059485779485017432e-01
2.178646171951355293e-02,9.984594049930510806e-01,-3.528862785706929350e-02,3.686298157544989212e-02
9.984594049930510806e-01,-2.178646171951346619e-02,3.686298157544989212e-02,3.528862785706930044e-02
5.180973318042015885e-01,8.537979785117206788e-01,-1.212935740119231234e-02,4.956859243211195892e-02
8.537979785117207898e-01,-5.180973318042013664e-01,4.956859243211195892e-02,1.212935740119231581e-02
8.755844402312342734e-01,4.803620731888494921e-01,1.427996457504264981e-02,4.899233897664217324e-02
4.803620731888496032e-01,-8.755844402312342734e-01,4.899233897664219406e-02,-1.427996457504260470e-02
9.957087185675828761e-03,4.563268453072976127e-01,8.895447830451362892e-01,-1.940993621442290915e-02
4.563268453072976127e-01,-9.957087185675788862e-03,-1.940993621442285710e-02,-8.895447830451362892e-01
2.367865131041405613e-01,3.902120968720935723e-01,7.606634118137935996e-01,-4.615818893700937564e-01
3.902120968720936278e-01,-2.367865131041404503e-01,-4.615818893700937564e-01,-7.606634118137935996e-01
4.001691840577694115e-01,2.195403322031569959e-01,4.279628936750422552e-01,-7.800733480282164845e-01
2.195403322031570237e-01,-4.001691840577693560e-01,-7.800733480282164845e-01,-4.279628936750423107e-01
1.940993621442298894e-02,8.895447830451364002e-01,-4.563268453072975572e-01,9.957087185675934579e-03
8.895447830451364002e-01,-1.940993621442291261e-02,9.957087185675500898e-03,4.563268453072975572e-01
4.615818893700940340e-01,7.606634118137935996e-01,-3.902120968720936278e-01,2.367865131041403948e-01
7.606634118137937106e-01,-4.615818893700938674e-01,2.367865131041403948e-01,3.902120968720936278e-01
7.800733480282165955e-01,4.279628936750422552e-01,-2.195403322031570514e-01,4.001691840577693005e-01
4.279628936750423107e-01,-7.800733480282165955e-01,4.001691840577693005e-01,2.195403322031570792e-01
1.113236190253167040e-03,5.101889230325768604e-02,-7.214227708300008368e-01,-6.906120611901427342e-01
5.101889230325769298e-02,-1.113236190253162920e-03,-6.906120611901425121e-01,7.214227708300011699e-01
2.647353697280029061e-02,4.362703871243694270e-02,-9.700764770024112860e-01,-2.373762037355965637e-01
4.362703871243694964e-02,-2.647353697280028020e-02,-2.373762037355966192e-01,9.700764770024112860e-01
4.474027490269011365e-02,2.454535533045739196e-02,-9.587989745655972618e-01,2.794644158122687183e-01
2.454535533045739196e-02,-4.474027490269010671e-02,2.794644158122686628e-01,9.587989745655972618e-01
1.605532066263982635e-02,7.358049288670786003e-01,4.890427141582039394e-01,4.681565518735271159e-01
7.358049288670786003e-01,-1.605532066263976390e-02,4.681565518735272269e-01,-4.890427141582039394e-01
3.818067799932906015e-01,6.291981002973719983e-01,6.576016899334600208e-01,1.609141097914998098e-01
6.291981002973721093e-01,-3.818067799932904349e-01,1.609141097915000040e-01,-6.576016899334599097e-01
6.452534209600118142e-01,3.539981488737879434e-01,6.499568239497037769e-01,-1.894451380599328771e-01
3.539981488737879989e-01,-6.452534209600118142e-01,-1.894451380599328494e-01,-6.499568239497037769e-01
1.605532066263982635e-02,7.358049288670786003e-01,-4.890427141582039394e-01,-4.681565518735272269e-01
7.358049288670786003e-01,-1.605532066263976390e-02,-4.681565518735269493e-01,4.890427141582041060e-01
3.818067799932906015e-01,6.291981002973719983e-01,-6.576016899334599097e-01,-1.609141097915000596e-01
6.291981002973721093e-01,-3.818067799932904349e-01,-1.609141097915000873e-01,6.576016899334599097e-01
6.452534209600118142e-01,3.539981488737879434e-01,-6.499568239497037769e-01,1.894451380599327939e-01
3.539981488737879989e-01,-6.452534209600118142e-01,1.894451380599327661e-01,6.499568239497037769e-01
1.113236190253167040e-03,5.101889230325768604e-02,7.214227708300008368e-01,6.906120611901426232e-01
5.101889230325768604e-02,-1.113236190253162703e-03,6.906120611901427342e-01,-7.214227708300008368e-01
2.647353697280029061e-02,4.362703871243694270e-02,9.700764770024113970e-01,2.373762037355962307e-01
4.362703871243695658e-02,-2.647353697280028367e-02,2.373762037355965360e-01,-9.700764770024113970e-01
4.474027490269011365e-02,2.454535533045739196e-02,9.587989745655972618e-01,-2.794644158122688293e-01
2.454535533045739196e-02,-4.474027490269010671e-02,-2.794644158122687738e-01,-9.587989745655972618e-01
1.894451380599328771e-01,6.499568239497037769e-01,-2.059485779485017709e-01,-7.065775611407827395e-01
6.499568239497037769e-01,-1.894451380599328771e-01,-7.065775611407827395e-01,2.059485779485017432e-01
4.890427141582039394e-01,4.681565518735271159e-01,-5.316454809470735343e-01,-5.089398287177193669e-01
4.681565518735272269e-01,-4.890427141582039394e-01,-5.089398287177191449e-01,5.316454809470736453e-01
6.576016899334600208e-01,1.609141097914998098e-01,-7.148884066662209991e-01,-1.749320801937093994e-01
1.609141097914997265e-01,-6.576016899334601318e-01,-1.749320801937094549e-01,7.148884066662211101e-01
2.059485779485018542e-01,7.065775611407828505e-01,1.894451380599328771e-01,6.499568239497037769e-01
7.065775611407828505e-01,-2.059485779485018542e-01,6.499568239497037769e-01,-1.894451380599328771e-01
5.316454809470735343e-01,5.089398287177193669e-01,4.890427141582039394e-01,4.681565518735271159e-01
5.089398287177194780e-01,-5.316454809470735343e-01,4.681565518735272269e-01,-4.890427141582039394e-01
7.148884066662212211e-01,1.749320801937091774e-01,6.576016899334600208e-01,1.609141097914998098e-01
1.749320801937090386e-01,-7.148884066662212211e-01,1.609141097914996987e-01,-6.576016899334600208e-01
2.489796899998058533e-01,8.542106184274855796e-01,2.195403322031569959e-01,-4.001691840577693005e-01
8.542106184274855796e-01,-2.489796899998058533e-01,-4.001691840577693005e-01,-2.195403322031570237e-01
6.427280457799489088e-01,6.152782507407152934e-01,-9.957087185675761107e-03,-4.563268453072975572e-01
6.152782507407154045e-01,-6.427280457799489088e-01,-4.563268453072975572e-01,9.957087185675530389e-03
8.642579407405210912e-01,2.114825726475365597e-01,-2.367865131041404225e-01,-3.902120968720935723e-01
2.114825726475364487e-01,-8.642579407405212022e-01,-3.902120968720934613e-01,2.367865131041407556e-01
9.995975202529822079e-02,3.429463728364938735e-01,-4.492537666842274513e-01,8.188814849862995349e-01
3.429463728364938735e-01,-9.995975202529822079e-02,8.188814849862995349e-01,4.492537666842274513e-01
2.580408710281481555e-01,2.470203949994841663e-01,2.037556779876115165e-02,9.337990520289745078e-01
2.470203949994842219e-01,-2.580408710281482110e-01,9.337990520289746188e-01,-2.037556779876109961e-02
3.469801470247824149e-01,8.490550180834571803e-02,4.845452853447468899e-01,7.985059171875380502e-01
8.490550180834566252e-02,-3.469801470247824149e-01,7.985059171875376061e-01,-4.845452853447475006e-01
9.995975202529823467e-02,3.429463728364939290e-01,4.492537666842273958e-01,-8.188814849862996459e-01
3.429463728364939290e-01,-9.995975202529823467e-02,-8.188814849862996459e-01,-4.492537666842274513e-01
2.580408710281481555e-01,2.470203949994841663e-01,-2.037556779876168248e-02,-9.337990520289745078e-01
2.470203949994842219e-01,-2.580408710281482110e-01,-9.337990520289746188e-01,2.037556779876121063e-02
3.469801470247824149e-01,8.490550180834571803e-02,-4.845452853447470010e-01,-7.985059171875379391e-01
8.490550180834564864e-02,-3.469801470247823594e-01,-7.985059171875374950e-01,4.845452853447475561e-01
2.489796899998058533e-01,8.542106184274855796e-01,-2.195403322031570514e-01,4.001691840577693005e-01
8.542106184274855796e-01,-2.489796899998058533e-01,4.001691840577693005e-01,2.195403322031570792e-01
6.427280457799489088e-01,6.152782507407152934e-01,9.957087185675500898e-03,4.563268453072975572e-01
6.152782507407154045e-01,-6.427280457799489088e-01,4.563268453072975572e-01,-9.957087185675474877e-03
8.642579407405210912e-01,2.114825726475365597e-01,2.367865131041403948e-01,3.902120968720936278e-01
2.114825726475364487e-01,-8.642579407405212022e-01,3.902120968720934613e-01,-2.367865131041407278e-01
2.059485779485018542e-01,7.065775611407828505e-01,6.499568239497037769e-01,-1.894451380599328771e-01
7.065775611407828505e-01,-2.059485779485018542e-01,-1.894451380599328494e-01,-6.499568239497037769e-01
5.316454809470735343e-01,5.089398287177193669e-01,4.681565518735272269e-01,-4.890427141582039394e-01
5.089398287177194780e-01,-5.316454809470735343e-01,-4.890427141582039394e-01,-4.681565518735272269e-01
7.148884066662212211e-01,1.749320801937091774e-01,1.609141097915000040e-01,-6.576016899334599097e-01
1.749320801937090664e-01,-7.148884066662213321e-01,-6.576016899334600208e-01,-1.609141097915000873e-01
1.894451380599328771e-01,6.499568239497037769e-01,-7.065775611407827395e-01,2.059485779485017432e-01
6.499568239497038880e-01,-1.894451380599329049e-01,2.059485779485017154e-01,7.065775611407828505e-01
4.890427141582039949e-01,4.681565518735271714e-01,-5.089398287177192559e-01,5.316454809470737564e-01
4.681565518735272269e-01,-4.890427141582039394e-01,5.316454809470736453e-01,5.089398287177192559e-01
6.576016899334600208e-01,1.609141097914998098e-01,-1.749320801937094272e-01,7.148884066662209991e-01
1.609141097914996987e-01,-6.576016899334600208e-01,7.148884066662209991e-01,1.749320801937094827e-01
1.277238860243367080e-01,4.382008013139361280e-01,-7.800733480282164845e-01,-4.279628936750423107e-01
4.382008013139361280e-01,-1.277238860243367080e-01,-4.279628936750423662e-01,7.800733480282164845e-01
3.297125306241118214e-01,3.156310828843977290e-01,-8.895447830451362892e-01,1.940993621442240608e-02
3.156310828843977845e-01,-3.297125306241118214e-01,1.940993621442235056e-02,8.895447830451362892e-01
4.433549689087344370e-01,1.084882706898242510e-01,-7.606634118137937106e-01,4.615818893700937009e-01
1.084882706898241955e-01,-4.433549689087344925e-01,4.615818893700944225e-01,7.606634118137933775e-01
2.613662661259062436e-01,8.967070359179386552e-01,3.131819243188290192e-01,1.718174873132007341e-01
8.967070359179386552e-01,-2.613662661259062436e-01,1.718174873132007618e-01,-3.131819243188289636e-01
6.747033441162882950e-01,6.458879397942269840e-01,3.571322461228018108e-01,-7.792653331772094252e-03
6.458879397942269840e-01,-6.747033441162881839e-01,-7.792653331772072568e-03,-3.571322461228017553e-01
9.072542059201331721e-01,2.220036918016503602e-01,3.053892709870569266e-01,-1.853147588096009102e-01
2.220036918016502214e-01,-9.072542059201331721e-01,-1.853147588096010490e-01,-3.053892709870568711e-01
2.613662661259062436e-01,8.967070359179386552e-01,-3.131819243188289636e-01,-1.718174873132007896e-01
8.967070359179386552e-01,-2.613662661259062436e-01,-1.718174873132007896e-01,3.131819243188289636e-01
6.747033441162882950e-01,6.458879397942269840e-01,-3.571322461228018108e-01,7.792653331771892157e-03
6.458879397942269840e-01,-6.747033441162881839e-01,7.792653331771868738e-03,3.571322461228017553e-01
9.072542059201331721e-01,2.220036918016503602e-01,-3.053892709870569822e-01,1.853147588096008824e-01
2.220036918016502214e-01,-9.072542059201331721e-01,1.853147588096011600e-01,3.053892709870568156e-01
1.277238860243367080e-01,4.382008013139361280e-01,7.800733480282165955e-01,4.279628936750421997e-01
4.382008013139361280e-01,-1.277238860243367080e-01,4.279628936750422552e-01,-7.800733480282164845e-01
3.297125306241118214e-01,3.156310828843977290e-01,8.895447830451362892e-01,-1.940993621442290915e-02
3.156310828843977845e-01,-3.297125306241118214e-01,-1.940993621442285710e-02,-8.895447830451362892e-01
4.433549689087344370e-01,1.084882706898242510e-01,7.606634118137935996e-01,-4.615818893700937564e-01
1.084882706898241955e-01,-4.433549689087344925e-01,-4.615818893700941450e-01,-7.606634118137934886e-01
2.489796899998058533e-01,8.542106184274855796e-01,-1.277238860243366525e-01,-4.382008013139360725e-01
8.542106184274855796e-01,-2.489796899998058533e-01,-4.382008013139360725e-01,1.277238860243366247e-01
6.427280457799489088e-01,6.152782507407152934e-01,-3.297125306241117659e-01,-3.156310828843977845e-01
6.152782507407154045e-01,-6.427280457799489088e-01,-3.156310828843976179e-01,3.297125306241118770e-01
8.642579407405210912e-01,2.114825726475365597e-01,-4.433549689087343260e-01,-1.084882706898243898e-01
2.114825726475364487e-01,-8.642579407405212022e-01,-1.084882706898244314e-01,4.433549689087343815e-01
1.277238860243367080e-01,4.382008013139361280e-01,2.489796899998058255e-01,8.542106184274854686e-01
4.382008013139361280e-01,-1.277238860243367080e-01,8.542106184274854686e-01,-2.489796899998058255e-01
3.297125306241118770e-01,3.156310828843977845e-01,6.427280457799489088e-01,6.152782507407152934e-01
3.156310828843977845e-01,-3.297125306241118214e-01,6.152782507407152934e-01,-6.427280457799487978e-01
4.433549689087344370e-01,1.084882706898242510e-01,8.642579407405209801e-01,2.114825726475365320e-01
1.084882706898241955e-01,-4.433549689087344925e-01,2.114825726475364209e-01,-8.642579407405210912e-01
2.794644158122688293e-01,9.587989745655972618e-01,2.454535533045734338e-02,-4.474027490269001650e-02
9.587989745655972618e-01,-2.794644158122688293e-01,-4.474027490269001650e-02,-2.454535533045734685e-02
7.214227708300008368e-01,6.906120611901426232e-01,-1.113236190253157282e-03,-5.101889230325758195e-02
6.906120611901427342e-01,-7.214227708300008368e-01,-5.101889230325758195e-02,1.113236190253131478e-03
9.700764770024113970e-01,2.373762037355962307e-01,-2.647353697280022816e-02,-4.362703871243685944e-02
2.373762037355960641e-01,-9.700764770024113970e-01,-4.362703871243684556e-02,2.647353697280025939e-02
1.894451380599328771e-01,6.499568239497037769e-01,-3.539981488737879989e-01,6.452534209600117032e-01
6.499568239497037769e-01,-1.894451380599328771e-01,6.452534209600117032e-01,3.539981488737880544e-01
4.890427141582039949e-01,4.681565518735271714e-01,1.605532066263930246e-02,7.358049288670786003e-01
4.681565518735272269e-01,-4.890427141582039394e-01,7.358049288670784893e-01,-1.605532066263925389e-02
6.576016899334600208e-01,1.609141097914998098e-01,3.818067799932902684e-01,6.291981002973721093e-01
1.609141097914996987e-01,-6.576016899334600208e-01,6.291981002973717763e-01,-3.818067799932907680e-01
1.894451380599329049e-01,6.499568239497038880e-01,3.539981488737879989e-01,-6.452534209600118142e-01
6.499568239497037769e-01,-1.894451380599328771e-01,-6.452534209600117032e-01,-3.539981488737879989e-01
4.890427141582039949e-01,4.681565518735271714e-01,-1.605532066263972227e-02,-7.358049288670786003e-01
4.681565518735272269e-01,-4.890427141582039394e-01,-7.358049288670784893e-01,1.605532066263934410e-02
6.576016899334600208e-01,1.609141097914998098e-01,-3.818067799932903794e-01,-6.291981002973719983e-01
1.609141097914996987e-01,-6.576016899334600208e-01,-6.291981002973717763e-01,3.818067799932908790e-01
2.794644158122688293e-01,9.587989745655972618e-01,-2.454535533045735032e-02,4.474027490269001650e-02
9.587989745655972618e-01,-2.794644158122688293e-01,4.474027490269001650e-02,2.454535533045735032e-02
7.214227708300008368e-01,6.906120611901426232e-01,1.113236190253128225e-03,5.101889230325758195e-02
6.906120611901427342e-01,-7.214227708300008368e-01,5.101889230325758195e-02,-1.113236190253125190e-03
9.700764770024113970e-01,2.373762037355962307e-01,2.647353697280022122e-02,4.362703871243686637e-02
2.373762037355960641e-01,-9.700764770024113970e-01,4.362703871243684556e-02,-2.647353697280025592e-02
1.277238860243367080e-01,4.382008013139361280e-01,8.542106184274854686e-01,-2.489796899998058255e-01
4.382008013139361280e-01,-1.277238860243367080e-01,-2.489796899998057700e-01,-8.542106184274854686e-01
3.297125306241118214e-01,3.156310828843977290e-01,6.152782507407152934e-01,-6.427280457799487978e-01
3.156310828843977845e-01,-3.297125306241118214e-01,-6.427280457799487978e-01,-6.152782507407152934e-01
4.433549689087344925e-01,1.084882706898242649e-01,2.114825726475368095e-01,-8.642579407405209801e-01
1.084882706898241955e-01,-4.433549689087344925e-01,-8.642579407405209801e-01,-2.114825726475368650e-01
2.489796899998058533e-01,8.542106184274855796e-01,-4.382008013139360725e-01,1.277238860243366247e-01
8.542106184274855796e-01,-2.489796899998058533e-01,1.277238860243365970e-01,4.382008013139360725e-01
6.427280457799489088e-01,6.152782507407152934e-01,-3.156310828843976179e-01,3.297125306241118770e-01
6.152782507407154045e-01,-6.427280457799489088e-01,3.297125306241118770e-01,3.156310828843976735e-01
8.642579407405210912e-01,2.114825726475365597e-01,-1.084882706898244176e-01,4.433549689087343260e-01
2.114825726475364487e-01,-8.642579407405212022e-01,4.433549689087343815e-01,1.084882706898244592e-01
1.427996457504268624e-02,4.899233897664227733e-02,-8.755844402312341623e-01,-4.803620731888496032e-01
4.899233897664227733e-02,-1.427996457504268624e-02,-4.803620731888496587e-01,8.755844402312341623e-01
3.686298157544995457e-02,3.528862785706937677e-02,-9.984594049930510806e-01,2.178646171951290067e-02
3.528862785706938371e-02,-3.686298157544995457e-02,2.178646171951283822e-02,9.984594049930510806e-01
4.956859243211205607e-02,1.212935740119231581e-02,-8.537979785117207898e-01,5.180973318042011444e-01
1.212935740119230714e-02,-4.956859243211205607e-02,5.180973318042019216e-01,8.537979785117203457e-01
2.059485779485018542e-01,7.065775611407828505e-01,5.935468194783068974e-01,3.256309359083063293e-01
7.065775611407828505e-01,-2.059485779485018542e-01,3.256309359083063848e-01,-5.935468194783067863e-01
5.316454809470735343e-01,5.089398287177193669e-01,6.768420919578231887e-01,-1.476874698445767436e-02
5.089398287177194780e-01,-5.316454809470735343e-01,-1.476874698445763447e-02,-6.768420919578231887e-01
7.148884066662212211e-01,1.749320801937091774e-01,5.787780724938491606e-01,-3.512111560495166374e-01
1.749320801937090386e-01,-7.148884066662212211e-01,-3.512111560495168594e-01,-5.787780724938490495e-01
2.059485779485018542e-01,7.065775611407828505e-01,-5.935468194783067863e-01,-3.256309359083063848e-01
7.065775611407828505e-01,-2.059485779485018542e-01,-3.256309359083064403e-01,5.935468194783067863e-01
5.316454809470735343e-01,5.089398287177193669e-01,-6.768420919578231887e-01,1.476874698445729273e-02
5.089398287177194780e-01,-5.316454809470735343e-01,1.476874698445724936e-02,6.768420919578231887e-01
7.148884066662212211e-01,1.749320801937091774e-01,-5.787780724938492716e-01,3.512111560495165818e-01
1.749320801937090386e-01,-7.148884066662212211e-01,3.512111560495170814e-01,5.787780724938489385e-01
1.427996457504268624e-02,4.899233897664227733e-02,8.755844402312342734e-01,4.803620731888494921e-01
4.899233897664227733e-02,-1.427996457504268624e-02,4.803620731888495476e-01,-8.755844402312341623e-01
3.686298157544995457e-02,3.528862785706937677e-02,9.984594049930510806e-01,-2.178646171951346619e-02
3.528862785706938371e-02,-3.686298157544995457e-02,-2.178646171951340721e-02,-9.984594049930510806e-01
4.956859243211205607e-02,1.212935740119231581e-02,8.537979785117206788e-01,-5.180973318042012554e-01
1.212935740119230887e-02,-4.956859243211206301e-02,-5.180973318042016995e-01,-8.537979785117205678e-01
1.476874698445773335e-02,6.768420919578231887e-01,-1.605532066263971880e-02,-7.358049288670784893e-01
6.768420919578232997e-01,-1.476874698445767610e-02,-7.358049288670786003e-01,1.605532066263934757e-02
3.512111560495168594e-01,5.787780724938491606e-01,-3.818067799932904349e-01,-6.291981002973721093e-01
5.787780724938491606e-01,-3.512111560495166374e-01,-6.291981002973721093e-01,3.818067799932902684e-01
5.935468194783068974e-01,3.256309359083063293e-01,-6.452534209600117032e-01,-3.539981488737879989e-01
3.256309359083063848e-01,-5.935468194783067863e-01,-3.539981488737879989e-01,6.452534209600117032e-01
1.605532066263982635e-02,7.358049288670786003e-01,1.476874698445773335e-02,6.768420919578231887e-01
7.358049288670786003e-01,-1.605532066263976390e-02,6.768420919578231887e-01,-1.476874698445767436e-02
3.818067799932906015e-01,6.291981002973719983e-01,3.512111560495168039e-01,5.787780724938490495e-01
6.291981002973721093e-01,-3.818067799932904349e-01,5.787780724938491606e-01,-3.512111560495166374e-01
6.452534209600118142e-01,3.539981488737879434e-01,5.935468194783068974e-01,3.256309359083063293e-01
3.539981488737879989e-01,-6.452534209600118142e-01,3.256309359083063848e-01,-5.935468194783067863e-01
1.940993621442298894e-02,8.895447830451364002e-01,3.156310828843977845e-01,-3.297125306241117659e-01
8.895447830451364002e-01,-1.940993621442291261e-02,-3.297125306241117659e-01,-3.156310828843977845e-01
4.615818893700940340e-01,7.606634118137935996e-01,1.084882706898243621e-01,-4.433549689087343260e-01
7.606634118137937106e-01,-4.615818893700938674e-01,-4.433549689087343260e-01,-1.084882706898243898e-01
7.800733480282165955e-01,4.279628936750422552e-01,-1.277238860243366525e-01,-4.382008013139360725e-01
4.279628936750423107e-01,-7.800733480282165955e-01,-4.382008013139360725e-01,1.277238860243366247e-01
7.792653331772123743e-03,3.571322461228017553e-01,-6.458879397942267619e-01,6.747033441162885170e-01
3.571322461228016998e-01,-7.792653331772092518e-03,6.747033441162884060e-01,6.458879397942267619e-01
1.853147588096009379e-01,3.053892709870568156e-01,-2.220036918016506933e-01,9.072542059201329501e-01
3.053892709870568711e-01,-1.853147588096008824e-01,9.072542059201330611e-01,2.220036918016507765e-01
3.131819243188290192e-01,1.718174873132007341e-01,2.613662661259061326e-01,8.967070359179387662e-01
1.718174873132007618e-01,-3.131819243188289636e-01,8.967070359179389882e-01,-2.613662661259052999e-01
7.792653331772122875e-03,3.571322461228016998e-01,6.458879397942269840e-01,-6.747033441162881839e-01
3.571322461228017553e-01,-7.792653331772093385e-03,-6.747033441162882950e-01,-6.458879397942270950e-01
1.853147588096009657e-01,3.053892709870568711e-01,2.220036918016506378e-01,-9.072542059201330611e-01
3.053892709870568711e-01,-1.853147588096008824e-01,-9.072542059201330611e-01,-2.220036918016506655e-01
3.131819243188290192e-01,1.718174873132007341e-01,-2.613662661259062436e-01,-8.967070359179387662e-01
1.718174873132007618e-01,-3.131819243188289636e-01,-8.967070359179387662e-01,2.613662661259061881e-01
1.940993621442298894e-02,8.895447830451364002e-01,-3.156310828843976179e-01,3.297125306241118770e-01
8.895447830451364002e-01,-1.940993621442291261e-02,3.297125306241118770e-01,3.156310828843976735e-01
4.615818893700940340e-01,7.606634118137935996e-01,-1.084882706898244176e-01,4.433549689087343260e-01
7.606634118137937106e-01,-4.615818893700938674e-01,4.433549689087343260e-01,1.084882706898244453e-01
7.800733480282165955e-01,4.279628936750422552e-01,1.277238860243365970e-01,4.382008013139360725e-01
4.279628936750423107e-01,-7.800733480282165955e-01,4.382008013139361835e-01,-1.277238860243362084e-01
1.605532066263982635e-02,7.358049288670786003e-01,6.768420919578231887e-01,-1.476874698445767436e-02
7.358049288670786003e-01,-1.605532066263976390e-02,-1.476874698445763447e-02,-6.768420919578231887e-01
3.818067799932906015e-01,6.291981002973719983e-01,5.787780724938491606e-01,-3.512111560495166374e-01
6.291981002973721093e-01,-3.818067799932904349e-01,-3.512111560495166374e-01,-5.787780724938491606e-01
6.452534209600118142e-01,3.539981488737879434e-01,3.256309359083063848e-01,-5.935468194783067863e-01
3.539981488737880544e-01,-6.452534209600119253e-01,-5.935468194783068974e-01,-3.256309359083064403e-01
1.476874698445773508e-02,6.768420919578232997e-01,-7.358049288670786003e-01,1.605532066263999982e-02
6.768420919578231887e-01,-1.476874698445767436e-02,1.605532066263929900e-02,7.358049288670784893e-01
3.512111560495168039e-01,5.787780724938490495e-01,-6.291981002973721093e-01,3.818067799932902684e-01
5.787780724938492716e-01,-3.512111560495166929e-01,3.818067799932903239e-01,6.291981002973722203e-01
5.935468194783068974e-01,3.256309359083063293e-01,-3.539981488737879989e-01,6.452534209600117032e-01
3.256309359083063848e-01,-5.935468194783067863e-01,6.452534209600117032e-01,3.539981488737880544e-01
9.957087185675828761e-03,4.563268453072976127e-01,-6.427280457799487978e-01,-6.152782507407152934e-01
4.563268453072976127e-01,-9.957087185675788862e-03,-6.152782507407150714e-01,6.427280457799490199e-01
2.367865131041405891e-01,3.902120968720936278e-01,-8.642579407405209801e-01,-2.114825726475368650e-01
3.902120968720936833e-01,-2.367865131041404780e-01,-2.114825726475368928e-01,8.642579407405209801e-01
4.001691840577694115e-01,2.195403322031569959e-01,-8.542106184274854686e-01,2.489796899998057145e-01
2.195403322031570237e-01,-4.001691840577693560e-01,2.489796899998056867e-01,8.542106184274854686e-01
2.037556779876181778e-02,9.337990520289745078e-01,2.580408710281482110e-01,2.470203949994841941e-01
9.337990520289745078e-01,-2.037556779876173799e-02,2.470203949994842496e-01,-2.580408710281482110e-01
4.845452853447472230e-01,7.985059171875378281e-01,3.469801470247824704e-01,8.490550180834573191e-02
7.985059171875379391e-01,-4.845452853447470010e-01,8.490550180834582905e-02,-3.469801470247824149e-01
8.188814849862997569e-01,4.492537666842273403e-01,3.429463728364939845e-01,-9.995975202529824855e-02
4.492537666842273958e-01,-8.188814849862996459e-01,-9.995975202529822079e-02,-3.429463728364939845e-01
2.037556779876181778e-02,9.337990520289745078e-01,-2.580408710281482110e-01,-2.470203949994842496e-01
9.337990520289745078e-01,-2.037556779876173799e-02,-2.470203949994841108e-01,2.580408710281482665e-01
4.845452853447472230e-01,7.985059171875378281e-01,-3.469801470247824149e-01,-8.490550180834585681e-02
7.985059171875379391e-01,-4.845452853447470010e-01,-8.490550180834587068e-02,3.469801470247824149e-01
8.188814849862997569e-01,4.492537666842273403e-01,-3.429463728364939845e-01,9.995975202529820691e-02
4.492537666842273958e-01,-8.188814849862996459e-01,9.995975202529817916e-02,3.429463728364939845e-01
9.957087185675830496e-03,4.563268453072976683e-01,6.427280457799489088e-01,6.152782507407152934e-01
4.563268453072976127e-01,-9.957087185675788862e-03,6.152782507407152934e-01,-6.427280457799487978e-01
2.367865131041405613e-01,3.902120968720935723e-01,8.642579407405209801e-01,2.114825726475365320e-01
3.902120968720936833e-01,-2.367865131041404780e-01,2.114825726475368095e-01,-8.642579407405209801e-01
4.001691840577694115e-01,2.195403322031569959e-01,8.542106184274854686e-01,-2.489796899998058255e-01
2.195403322031570237e-01,-4.001691840577693560e-01,-2.489796899998057700e-01,-8.542106184274854686e-01
1.724618090098353415e-02,7.903812809298628173e-01,2.219470642925960302e-01,-5.707359290003548580e-01
7.903812809298628173e-01,-1.724618090098346476e-02,-5.707359290003548580e-01,-2.219470642925960857e-01
4.101262712434451951e-01,6.758671775104545532e-01,-9.315616852741136211e-02,-6.052453455131171500e-01
6.758671775104546642e-01,-4.101262712434449731e-01,-6.052453455131171500e-01,9.315616852741133436e-02
6.931133584114380630e-01,3.802550096864175666e-01,-3.832982812205211198e-01,-4.775797604729437040e-01
3.802550096864176221e-01,-6.931133584114379520e-01,-4.775797604729438706e-01,3.832982812205208423e-01
1.335883428303792815e-02,6.122267076390888185e-01,-2.865324279149505937e-01,7.368169160335311663e-01
6.122267076390888185e-01,-1.335883428303787611e-02,7.368169160335309442e-01,2.865324279149512599e-01
3.176824436736017110e-01,5.235244645492403981e-01,1.202640964343844598e-01,7.813683811806190205e-01
5.235244645492403981e-01,-3.176824436736015445e-01,7.813683811806191315e-01,-1.202640964343837243e-01
5.368832988322783661e-01,2.945442639654869965e-01,4.948359532656682047e-01,6.165528195991464289e-01
2.945442639654870520e-01,-5.368832988322782551e-01,6.165528195991464289e-01,-4.948359532656680937e-01
2.109281485930420905e-02,9.666700194454385109e-01,3.440791359481815831e-02,-2.528245679294600645e-01
9.666700194454385109e-01,-2.109281485930412578e-02,-2.528245679294600645e-01,-3.440791359481806810e-02
5.016019232281985207e-01,8.266143864868948921e-01,-9.661415670039752435e-02,-2.361564553251460086e-01
8.266143864868950031e-01,-5.016019232281984097e-01,-2.361564553251460086e-01,9.661415670039751047e-02
8.477072013461992572e-01,4.650680962172398236e-01,-2.017485417303278294e-01,-1.562104112290624847e-01
4.650680962172399346e-01,-8.477072013461992572e-01,-1.562104112290625124e-01,2.017485417303278572e-01
1.178138443954739913e-02,5.399332048016256547e-01,-3.050370631247092401e-01,7.844015065344951410e-01
5.399332048016256547e-01,-1.178138443954735229e-02,7.844015065344948079e-01,3.050370631247100173e-01
2.801695806172115333e-01,4.617051794851801394e-01,1.280309075054513746e-01,8.318301629880128223e-01
4.617051794851801949e-01,-2.801695806172114223e-01,8.318301629880129333e-01,-1.280309075054506252e-01
4.734865639247275992e-01,2.597636241844140104e-01,5.267930998633032491e-01,6.563705990290433778e-01
2.597636241844141214e-01,-4.734865639247275437e-01,6.563705990290434888e-01,-5.267930998633032491e-01
1.178138443954739913e-02,5.399332048016256547e-01,3.050370631247091846e-01,-7.844015065344951410e-01
5.399332048016256547e-01,-1.178138443954735229e-02,-7.844015065344951410e-01,-3.050370631247091846e-01
2.801695806172115333e-01,4.617051794851801394e-01,-1.280309075054522350e-01,-8.318301629880127113e-01
4.617051794851801949e-01,-2.801695806172114223e-01,-8.318301629880127113e-01,1.280309075054521795e-01
4.734865639247275992e-01,2.597636241844140104e-01,-5.267930998633036932e-01,-6.563705990290430448e-01
2.597636241844140659e-01,-4.734865639247274882e-01,-6.563705990290433778e-01,5.267930998633032491e-01
2.109281485930420905e-02,9.666700194454385109e-01,-3.440791359481808198e-02,2.528245679294600645e-01
9.666700194454385109e-01,-2.109281485930412578e-02,2.528245679294600645e-01,3.440791359481809586e-02
5.016019232281985207e-01,8.266143864868948921e-01,9.661415670039749659e-02,2.361564553251460086e-01
8.266143864868951141e-01,-5.016019232281985207e-01,2.361564553251460641e-01,-9.661415670039749659e-02
8.477072013461992572e-01,4.650680962172398236e-01,2.017485417303278294e-01,1.562104112290625124e-01
4.650680962172399346e-01,-8.477072013461992572e-01,1.562104112290627345e-01,-2.017485417303276907e-01
1.335883428303792815e-02,6.122267076390888185e-01,7.368169160335311663e-01,2.865324279149504272e-01
6.122267076390888185e-01,-1.335883428303787611e-02,2.865324279149504827e-01,-7.368169160335311663e-01
3.176824436736017110e-01,5.235244645492403981e-01,7.813683811806189095e-01,-1.202640964343851399e-01
5.235244645492403981e-01,-3.176824436736015445e-01,-1.202640964343849178e-01,-7.813683811806190205e-01
5.368832988322783661e-01,2.945442639654869965e-01,6.165528195991460958e-01,-4.948359532656685378e-01
2.945442639654870520e-01,-5.368832988322782551e-01,-4.948359532656685378e-01,-6.165528195991460958e-01
1.724618090098353415e-02,7.903812809298628173e-01,-5.707359290003548580e-01,-2.219470642925960857e-01
7.903812809298628173e-01,-1.724618090098346476e-02,-2.219470642925966131e-01,5.707359290003547470e-01
4.101262712434451951e-01,6.758671775104545532e-01,-6.052453455131172610e-01,9.315616852741080700e-02
6.758671775104545532e-01,-4.101262712434449176e-01,9.315616852741073761e-02,6.052453455131171500e-01
6.931133584114380630e-01,3.802550096864175666e-01,-4.775797604729438706e-01,3.832982812205208423e-01
3.802550096864176221e-01,-6.931133584114379520e-01,3.832982812205208423e-01,4.775797604729438706e-01
5.566180951265804408e-03,2.550944615162870077e-01,-9.580683506178426789e-01,-1.303873800555098994e-01
2.550944615162870077e-01,-5.566180951265781857e-03,-1.303873800555099549e-01,9.580683506178426789e-01
1.323676848640007175e-01,2.181351935621834992e-01,-8.949052202246634558e-01,3.661153918479528313e-01
2.181351935621835270e-01,-1.323676848640006620e-01,3.661153918479527758e-01,8.949052202246634558e-01
2.237013745134492915e-01,1.227267766522862485e-01,-5.919529587698895146e-01,7.645178401691531400e-01
1.227267766522862624e-01,-2.237013745134492637e-01,7.645178401691531400e-01,5.919529587698896256e-01
1.835996159469591854e-02,8.414251274733687280e-01,5.033417774747853679e-01,1.957389121130242715e-01
8.414251274733687280e-01,-1.835996159469584568e-02,1.957389121130243270e-01,-5.033417774747853679e-01
4.366127568901976841e-01,7.195155549771489190e-01,5.337762221356902037e-01,-8.215601833838410972e-02
7.195155549771490300e-01,-4.366127568901974620e-01,-8.215601833838395707e-02,-5.337762221356902037e-01
7.378755165718449138e-01,4.048123705831709884e-01,4.211857591364012721e-01,-3.380373100226659600e-01
4.048123705831709884e-01,-7.378755165718448028e-01,-3.380373100226659600e-01,-4.211857591364012721e-01
1.835996159469591854e-02,8.414251274733687280e-01,-5.033417774747853679e-01,-1.957389121130243548e-01
8.414251274733687280e-01,-1.835996159469584568e-02,-1.957389121130248266e-01,5.033417774747851459e-01
4.366127568901976841e-01,7.195155549771489190e-01,-5.337762221356903147e-01,8.215601833838367951e-02
7.195155549771490300e-01,-4.366127568901974620e-01,8.215601833838363788e-02,5.337762221356903147e-01
7.378755165718449138e-01,4.048123705831709884e-01,-4.211857591364014941e-01,3.380373100226657379e-01
4.048123705831709884e-01,-7.378755165718448028e-01,3.380373100226657379e-01,4.211857591364014941e-01
5.566180951265803541e-03,2.550944615162869522e-01,9.580683506178425679e-01,1.303873800555101770e-01
2.550944615162869522e-01,-5.566180951265780989e-03,1.303873800555102325e-01,-9.580683506178425679e-01
1.323676848640006898e-01,2.181351935621834714e-01,8.949052202246633447e-01,-3.661153918479530534e-01
2.181351935621835270e-01,-1.323676848640006620e-01,-3.661153918479528868e-01,-8.949052202246634558e-01
2.237013745134492915e-01,1.227267766522862485e-01,5.919529587698895146e-01,-7.645178401691532510e-01
1.227267766522862624e-01,-2.237013745134492637e-01,-7.645178401691531400e-01,-5.919529587698895146e-01
2.212242599342875704e-01,7.589860517931320549e-01,-3.832982812205211198e-01,-4.775797604729437040e-01
7.589860517931320549e-01,-2.212242599342875704e-01,-4.775797604729438706e-01,3.832982812205208423e-01
5.710788549330709785e-01,5.466890720037602680e-01,-5.707359290003548580e-01,-2.219470642925960857e-01
5.466890720037603790e-01,-5.710788549330709785e-01,-2.219470642925961135e-01,5.707359290003548580e-01
7.679133319380477829e-01,1.879071968600610210e-01,-6.052453455131170390e-01,9.315616852741132048e-02
1.879071968600609099e-01,-7.679133319380478939e-01,9.315616852741129272e-02,6.052453455131171500e-01
1.713595749005112634e-01,5.879080677197039417e-01,4.948359532656685378e-01,6.165528195991460958e-01
5.879080677197039417e-01,-1.713595749005112634e-01,6.165528195991460958e-01,-4.948359532656685378e-01
4.423557789053970124e-01,4.234635342848301343e-01,7.368169160335312773e-01,2.865324279149504827e-01
4.234635342848301898e-01,-4.423557789053969569e-01,2.865324279149504827e-01,-7.368169160335311663e-01
5.948231091853413144e-01,1.455522888143069571e-01,7.813683811806189095e-01,-1.202640964343851399e-01
1.455522888143068738e-01,-5.948231091853413144e-01,-1.202640964343852509e-01,-7.813683811806189095e-01
2.705667059838393618e-01,9.282723150812955959e-01,2.307764168331188914e-01,-1.088412242688091142e-01
9.282723150812955959e-01,-2.705667059838393618e-01,-1.088412242688091003e-01,-2.307764168331188914e-01
6.984537983409276896e-01,6.686240534982750283e-01,1.454376274374232225e-01,-2.096474736123475069e-01
6.686240534982751393e-01,-6.984537983409276896e-01,-2.096474736123474236e-01,-1.454376274374233335e-01
9.391907594821142791e-01,2.298185167403678231e-01,2.112894322077147127e-02,-2.542788517062322673e-01
2.298185167403676843e-01,-9.391907594821143901e-01,-2.542788517062323228e-01,-2.112894322077126658e-02
1.511249399854995290e-01,5.184861803182856388e-01,-6.563705990290429337e-01,5.267930998633038042e-01
5.184861803182856388e-01,-1.511249399854995290e-01,5.267930998633038042e-01,6.563705990290429337e-01
3.901211273319840078e-01,3.734597336740448359e-01,-3.050370631247085740e-01,7.844015065344953630e-01
3.734597336740448914e-01,-3.901211273319840078e-01,7.844015065344953630e-01,3.050370631247086295e-01
5.245846736595443094e-01,1.283650529863015199e-01,1.280309075054521240e-01,8.318301629880127113e-01
1.283650529863014367e-01,-5.245846736595443094e-01,8.318301629880127113e-01,-1.280309075054520962e-01
1.511249399854995290e-01,5.184861803182856388e-01,6.563705990290430448e-01,-5.267930998633036932e-01
5.184861803182856388e-01,-1.511249399854995290e-01,-5.267930998633036932e-01,-6.563705990290430448e-01
3.901211273319840078e-01,3.734597336740448359e-01,3.050370631247091846e-01,-7.844015065344951410e-01
3.734597336740448914e-01,-3.901211273319840078e-01,-7.844015065344951410e-01,-3.050370631247091846e-01
5.245846736595443094e-01,1.283650529863015199e-01,-1.280309075054522350e-01,-8.318301629880127113e-01
1.283650529863014367e-01,-5.245846736595443094e-01,-8.318301629880127113e-01,1.280309075054521795e-01
2.705667059838393618e-01,9.282723150812955959e-01,-2.307764168331188914e-01,1.088412242688090864e-01
9.282723150812955959e-01,-2.705667059838393618e-01,1.088412242688090725e-01,2.307764168331188914e-01
6.984537983409276896e-01,6.686240534982750283e-01,-1.454376274374233335e-01,2.096474736123474236e-01
6.686240534982751393e-01,-6.984537983409276896e-01,2.096474736123474236e-01,1.454376274374233613e-01
9.391907594821142791e-01,2.298185167403678231e-01,-2.112894322077150250e-02,2.542788517062322673e-01
2.298185167403676843e-01,-9.391907594821143901e-01,2.542788517062323228e-01,2.112894322077129433e-02
1.713595749005112634e-01,5.879080677197039417e-01,6.165528195991460958e-01,-4.948359532656685378e-01
5.879080677197039417e-01,-1.713595749005112634e-01,-4.948359532656685378e-01,-6.165528195991460958e-01
4.423557789053970124e-01,4.234635342848301343e-01,2.865324279149505382e-01,-7.368169160335312773e-01
4.234635342848301898e-01,-4.423557789053969569e-01,-7.368169160335311663e-01,-2.865324279149505382e-01
5.948231091853413144e-01,1.455522888143069571e-01,-1.202640964343852509e-01,-7.813683811806189095e-01
1.455522888143068738e-01,-5.948231091853413144e-01,-7.813683811806189095e-01,1.202640964343851954e-01
2.212242599342875704e-01,7.589860517931320549e-01,-4.775797604729435375e-01,3.832982812205212308e-01
7.589860517931320549e-01,-2.212242599342875704e-01,3.832982812205212308e-01,4.775797604729435375e-01
5.710788549330709785e-01,5.466890720037602680e-01,-2.219470642925956416e-01,5.707359290003550800e-01
5.466890720037603790e-01,-5.710788549330709785e-01,5.707359290003550800e-01,2.219470642925956694e-01
7.679133319380477829e-01,1.879071968600610210e-01,9.315616852741127885e-02,6.052453455131170390e-01
1.879071968600609099e-01,-7.679133319380478939e-01,6.052453455131171500e-01,-9.315616852741126497e-02
7.139982287521304261e-02,2.449616948832100127e-01,-4.124493638748699120e-01,-8.745177845947723627e-01
2.449616948832100127e-01,-7.139982287521304261e-02,-8.745177845947723627e-01,4.124493638748698565e-01
1.843149078772487182e-01,1.764431392853458569e-01,-7.944505191877547778e-01,-5.511299355829260005e-01
1.764431392853458846e-01,-1.843149078772487182e-01,-5.511299355829260005e-01,7.944505191877547778e-01
2.478429621605588995e-01,6.064678700596123906e-02,-9.635792994577954129e-01,-8.006726540701743222e-02
6.064678700596119743e-02,-2.478429621605588995e-01,-8.006726540701664119e-02,9.635792994577954129e-01
2.355112090919163348e-01,8.080023537870401062e-01,3.380373100226659600e-01,4.211857591364012721e-01
8.080023537870401062e-01,-2.355112090919163348e-01,4.211857591364012721e-01,-3.380373100226659600e-01
6.079598668431082098e-01,5.819949601512400816e-01,5.033417774747853679e-01,1.957389121130242715e-01
5.819949601512401927e-01,-6.079598668431082098e-01,1.957389121130243270e-01,-5.033417774747853679e-01
8.175061692431564442e-01,2.000424869439318687e-01,5.337762221356902037e-01,-8.215601833838410972e-02
2.000424869439317299e-01,-8.175061692431564442e-01,-8.215601833838417911e-02,-5.337762221356902037e-01
2.355112090919163348e-01,8.080023537870401062e-01,-3.380373100226659600e-01,-4.211857591364012721e-01
8.080023537870401062e-01,-2.355112090919163348e-01,-4.211857591364014941e-01,3.380373100226657379e-01
6.079598668431082098e-01,5.819949601512400816e-01,-5.033417774747853679e-01,-1.957389121130243548e-01
5.819949601512401927e-01,-6.079598668431082098e-01,-1.957389121130243825e-01,5.033417774747853679e-01
8.175061692431564442e-01,2.000424869439318687e-01,-5.337762221356902037e-01,8.215601833838415136e-02
2.000424869439317299e-01,-8.175061692431564442e-01,8.215601833838412360e-02,5.337762221356902037e-01
7.139982287521304261e-02,2.449616948832100127e-01,4.124493638748699120e-01,8.745177845947723627e-01
2.449616948832100127e-01,-7.139982287521304261e-02,8.745177845947723627e-01,-4.124493638748699675e-01
1.843149078772487459e-01,1.764431392853458846e-01,7.944505191877552219e-01,5.511299355829256674e-01
1.764431392853459124e-01,-1.843149078772487459e-01,5.511299355829256674e-01,-7.944505191877552219e-01
2.478429621605588995e-01,6.064678700596123906e-02,9.635792994577954129e-01,8.006726540701711303e-02
6.064678700596119743e-02,-2.478429621605588995e-01,8.006726540701694650e-02,-9.635792994577954129e-01
2.212242599342875704e-01,7.589860517931320549e-01,6.666707331968678429e-02,-6.087327010560443785e-01
7.589860517931320549e-01,-2.212242599342875704e-01,-6.087327010560443785e-01,-6.666707331968654837e-02
5.710788549330709785e-01,5.466890720037602680e-01,-2.466309714372135475e-01,-5.605115198886961858e-01
5.466890720037603790e-01,-5.710788549330709785e-01,-5.605115198886961858e-01,2.466309714372135198e-01
7.679133319380477829e-01,1.879071968600610210e-01,-4.938444465690094431e-01,-3.621017296188305812e-01
1.879071968600608822e-01,-7.679133319380477829e-01,-3.621017296188306922e-01,4.938444465690093876e-01
1.713595749005112634e-01,5.879080677197039417e-01,-8.606682156917902504e-02,7.858705378273059816e-01
5.879080677197039417e-01,-1.713595749005112634e-01,7.858705378273059816e-01,8.606682156917908055e-02
4.423557789053969569e-01,4.234635342848300787e-01,3.183992150117616604e-01,7.236172606287760711e-01
4.234635342848301898e-01,-4.423557789053969569e-01,7.236172606287760711e-01,-3.183992150117616604e-01
5.948231091853413144e-01,1.455522888143069571e-01,6.375504390595969628e-01,4.674713228155447098e-01
1.455522888143068738e-01,-5.948231091853413144e-01,4.674713228155447098e-01,-6.375504390595969628e-01
2.705667059838393618e-01,9.282723150812955959e-01,-3.220032088000268633e-02,-2.531152030240212958e-01
9.282723150812955959e-01,-2.705667059838393618e-01,-2.531152030240212958e-01,3.220032088000267245e-02
6.984537983409276896e-01,6.686240534982750283e-01,-1.544438974041034418e-01,-2.031040354628569078e-01
6.686240534982751393e-01,-6.984537983409276896e-01,-2.031040354628569911e-01,1.544438974041033308e-01
9.391907594821142791e-01,2.298185167403678231e-01,-2.353043563428595109e-01,-9.867130561991789561e-02
2.298185167403676843e-01,-9.391907594821143901e-01,-9.867130561991771520e-02,2.353043563428596219e-01
1.511249399854995290e-01,5.184861803182856388e-01,-9.162512834928902838e-02,8.366230747405367651e-01
5.184861803182856388e-01,-1.511249399854995290e-01,8.366230747405367651e-01,9.162512834928907002e-02
3.901211273319840078e-01,3.734597336740448359e-01,3.389618485947745175e-01,7.703494002921963402e-01
3.734597336740448914e-01,-3.901211273319840078e-01,7.703494002921964512e-01,-3.389618485947745175e-01
5.245846736595443094e-01,1.283650529863015199e-01,6.787242719429071869e-01,4.976612261457626918e-01
1.283650529863014367e-01,-5.245846736595443094e-01,4.976612261457626918e-01,-6.787242719429071869e-01
1.511249399854995290e-01,5.184861803182856388e-01,9.162512834928854266e-02,-8.366230747405368762e-01
5.184861803182856388e-01,-1.511249399854995290e-01,-8.366230747405368762e-01,-9.162512834928823735e-02
3.901211273319840078e-01,3.734597336740448359e-01,-3.389618485947746285e-01,-7.703494002921963402e-01
3.734597336740448914e-01,-3.901211273319840078e-01,-7.703494002921963402e-01,3.389618485947745730e-01
5.245846736595443094e-01,1.283650529863015199e-01,-6.787242719429077420e-01,-4.976612261457619146e-01
1.283650529863014367e-01,-5.245846736595443094e-01,-4.976612261457620257e-01,6.787242719429077420e-01
2.705667059838393618e-01,9.282723150812955959e-01,3.220032088000265857e-02,2.531152030240212958e-01
9.282723150812955959e-01,-2.705667059838393618e-01,2.531152030240212958e-01,-3.220032088000263776e-02
6.984537983409276896e-01,6.686240534982750283e-01,1.544438974041033308e-01,2.031040354628569911e-01
6.686240534982751393e-01,-6.984537983409276896e-01,2.031040354628569911e-01,-1.544438974041033030e-01
9.391907594821142791e-01,2.298185167403678231e-01,2.353043563428595109e-01,9.867130561991792337e-02
2.298185167403676843e-01,-9.391907594821143901e-01,9.867130561991774296e-02,-2.353043563428595941e-01
1.713595749005112634e-01,5.879080677197039417e-01,7.858705378273060926e-01,8.606682156917853932e-02
5.879080677197039417e-01,-1.713595749005112634e-01,8.606682156917858095e-02,-7.858705378273060926e-01
4.423557789053969569e-01,4.234635342848300787e-01,7.236172606287760711e-01,-3.183992150117618269e-01
4.234635342848301898e-01,-4.423557789053969569e-01,-3.183992150117617714e-01,-7.236172606287760711e-01
5.948231091853413144e-01,1.455522888143069571e-01,4.674713228155440436e-01,-6.375504390595974069e-01
1.455522888143069016e-01,-5.948231091853414254e-01,-6.375504390595975179e-01,-4.674713228155440992e-01
2.212242599342875704e-01,7.589860517931320549e-01,-6.087327010560442675e-01,-6.666707331968708961e-02
7.589860517931320549e-01,-2.212242599342875704e-01,-6.666707331968713124e-02,6.087327010560442675e-01
5.710788549330709785e-01,5.466890720037602680e-01,-5.605115198886961858e-01,2.466309714372135198e-01
5.466890720037603790e-01,-5.710788549330709785e-01,2.466309714372134920e-01,5.605115198886961858e-01
7.679133319380477829e-01,1.879071968600610210e-01,-3.621017296188310808e-01,4.938444465690091101e-01
1.879071968600608822e-01,-7.679133319380477829e-01,4.938444465690090546e-01,3.621017296188311363e-01
7.139982287521304261e-02,2.449616948832100127e-01,-9.591697004113309832e-01,1.220217978320716490e-01
2.449616948832100127e-01,-7.139982287521304261e-02,1.220217978320715935e-01,9.591697004113309832e-01
1.843149078772487459e-01,1.764431392853458846e-01,-7.696544281804865717e-01,5.852588269436880264e-01
1.764431392853459124e-01,-1.843149078772487459e-01,5.852588269436880264e-01,7.696544281804865717e-01
2.478429621605588995e-01,6.064678700596123906e-02,-3.739108734676428458e-01,8.916762260125576933e-01
6.064678700596119743e-02,-2.478429621605588995e-01,8.916762260125580264e-01,3.739108734676421242e-01
2.355112090919163348e-01,8.080023537870401062e-01,5.368517806356396527e-01,5.879483221346679805e-02
8.080023537870401062e-01,-2.355112090919163348e-01,5.879483221346682581e-02,-5.368517806356396527e-01
6.079598668431082098e-01,5.819949601512400816e-01,4.943246962041081272e-01,-2.175080720097138098e-01
5.819949601512401927e-01,-6.079598668431082098e-01,-2.175080720097137821e-01,-4.943246962041081272e-01
8.175061692431564442e-01,2.000424869439318687e-01,3.193437086259256485e-01,-4.355298639906413083e-01
2.000424869439317299e-01,-8.175061692431564442e-01,-4.355298639906413083e-01,-3.193437086259256485e-01
2.355112090919163348e-01,8.080023537870401062e-01,-5.368517806356395417e-01,-5.879483221346709643e-02
8.080023537870401062e-01,-2.355112090919163348e-01,-5.879483221346713112e-02,5.368517806356395417e-01
6.079598668431082098e-01,5.819949601512400816e-01,-4.943246962041081272e-01,2.175080720097137543e-01
5.819949601512401927e-01,-6.079598668431082098e-01,2.175080720097137266e-01,4.943246962041081272e-01
8.175061692431564442e-01,2.000424869439318687e-01,-3.193437086259260926e-01,4.355298639906409752e-01
2.000424869439317577e-01,-8.175061692431565552e-01,4.355298639906409752e-01,3.193437086259262037e-01
7.139982287521304261e-02,2.449616948832100127e-01,9.591697004113309832e-01,-1.220217978320717461e-01
2.449616948832100127e-01,-7.139982287521304261e-02,-1.220217978320717045e-01,-9.591697004113309832e-01
1.843149078772487459e-01,1.764431392853458846e-01,7.696544281804862386e-01,-5.852588269436884705e-01
1.764431392853458846e-01,-1.843149078772487182e-01,-5.852588269436883595e-01,-7.696544281804862386e-01
2.478429621605588995e-01,6.064678700596123906e-02,3.739108734676427348e-01,-8.916762260125576933e-01
6.064678700596119743e-02,-2.478429621605588995e-01,-8.916762260125580264e-01,-3.739108734676420132e-01
1.724618090098353415e-02,7.903812809298628173e-01,-2.466309714372135475e-01,-5.605115198886961858e-01
7.903812809298628173e-01,-1.724618090098346476e-02,-5.605115198886961858e-01,2.466309714372135198e-01
4.101262712434451951e-01,6.758671775104545532e-01,-4.938444465690094987e-01,-3.621017296188306367e-01
6.758671775104545532e-01,-4.101262712434449176e-01,-3.621017296188310808e-01,4.938444465690091101e-01
6.931133584114380630e-01,3.802550096864175666e-01,-6.087327010560443785e-01,-6.666707331968654837e-02
3.802550096864176221e-01,-6.931133584114379520e-01,-6.666707331968657613e-02,6.087327010560443785e-01
1.335883428303792815e-02,6.122267076390888185e-01,3.183992150117618825e-01,7.236172606287760711e-01
6.122267076390888185e-01,-1.335883428303787611e-02,7.236172606287760711e-01,-3.183992150117618269e-01
3.176824436736017110e-01,5.235244645492403981e-01,6.375504390595974069e-01,4.674713228155440992e-01
5.235244645492403981e-01,-3.176824436736015445e-01,4.674713228155442657e-01,-6.375504390595972959e-01
5.368832988322783661e-01,2.945442639654869965e-01,7.858705378273060926e-01,8.606682156917853932e-02
2.945442639654870520e-01,-5.368832988322782551e-01,8.606682156917858095e-02,-7.858705378273060926e-01
2.109281485930420905e-02,9.666700194454385109e-01,2.510830828506033230e-01,-4.540321764923407194e-02
9.666700194454385109e-01,-2.109281485930412578e-02,-4.540321764923405806e-02,-2.510830828506033230e-01
5.016019232281986318e-01,8.266143864868950031e-01,1.947427193845183979e-01,-1.648618813230923463e-01
8.266143864868951141e-01,-5.016019232281985207e-01,-1.648618813230923463e-01,-1.947427193845183979e-01
8.477072013461992572e-01,4.650680962172398236e-01,8.622120152751093503e-02,-2.401459370337524490e-01
4.650680962172399346e-01,-8.477072013461992572e-01,-2.401459370337524768e-01,-8.622120152751096278e-02
1.178138443954739913e-02,5.399332048016256547e-01,-7.703494002921960071e-01,3.389618485947752946e-01
5.399332048016256547e-01,-1.178138443954735229e-02,3.389618485947745175e-01,7.703494002921963402e-01
2.801695806172115333e-01,4.617051794851801394e-01,-4.976612261457620257e-01,6.787242719429077420e-01
4.617051794851801949e-01,-2.801695806172114223e-01,6.787242719429077420e-01,4.976612261457620257e-01
4.734865639247275992e-01,2.597636241844140104e-01,-9.162512834928827898e-02,8.366230747405368762e-01
2.597636241844140659e-01,-4.734865639247274882e-01,8.366230747405368762e-01,9.162512834928832062e-02
1.178138443954739913e-02,5.399332048016256547e-01,7.703494002921963402e-01,-3.389618485947746840e-01
5.399332048016256547e-01,-1.178138443954735229e-02,-3.389618485947746285e-01,-7.703494002921963402e-01
2.801695806172115333e-01,4.617051794851801394e-01,4.976612261457619146e-01,-6.787242719429077420e-01
4.617051794851801949e-01,-2.801695806172114223e-01,-6.787242719429072979e-01,-4.976612261457625808e-01
4.734865639247275992e-01,2.597636241844140104e-01,9.162512834928854266e-02,-8.366230747405368762e-01
2.597636241844140659e-01,-4.734865639247274882e-01,-8.366230747405368762e-01,-9.162512834928823735e-02
2.109281485930420905e-02,9.666700194454385109e-01,-2.510830828506032675e-01,4.540321764923416215e-02
9.666700194454385109e-01,-2.109281485930412578e-02,4.540321764923414133e-02,2.510830828506033230e-01
5.016019232281986318e-01,8.266143864868950031e-01,-1.947427193845184257e-01,1.648618813230923186e-01
8.266143864868951141e-01,-5.016019232281985207e-01,1.648618813230923186e-01,1.947427193845184257e-01
8.477072013461992572e-01,4.650680962172398236e-01,-8.622120152751096278e-02,2.401459370337524490e-01
4.650680962172399346e-01,-8.477072013461992572e-01,2.401459370337524490e-01,8.622120152751100441e-02
1.335883428303792815e-02,6.122267076390888185e-01,7.236172606287760711e-01,-3.183992150117618269e-01
6.122267076390888185e-01,-1.335883428303787611e-02,-3.183992150117617714e-01,-7.236172606287760711e-01
3.176824436736017110e-01,5.235244645492403981e-01,4.674713228155440436e-01,-6.375504390595974069e-01
5.235244645492403981e-01,-3.176824436736015445e-01,-6.375504390595969628e-01,-4.674713228155446543e-01
5.368832988322783661e-01,2.945442639654869965e-01,8.606682156917858095e-02,-7.858705378273060926e-01
2.945442639654870520e-01,-5.368832988322782551e-01,-7.858705378273060926e-01,-8.606682156917828952e-02
1.724618090098353415e-02,7.903812809298628173e-01,-5.605115198886959638e-01,2.466309714372140194e-01
7.903812809298628173e-01,-1.724618090098346476e-02,2.466309714372134920e-01,5.605115198886961858e-01
4.101262712434451396e-01,6.758671775104544421e-01,-3.621017296188306922e-01,4.938444465690093876e-01
6.758671775104546642e-01,-4.101262712434449731e-01,4.938444465690094431e-01,3.621017296188307477e-01
6.931133584114380630e-01,3.802550096864175666e-01,-6.666707331968657613e-02,6.087327010560443785e-01
3.802550096864176221e-01,-6.931133584114379520e-01,6.087327010560443785e-01,6.666707331968661776e-02
5.566180951265804408e-03,2.550944615162870077e-01,-1.720536346692432550e-01,-9.514690642004268728e-01
2.550944615162870077e-01,-5.566180951265781857e-03,-9.514690642004267618e-01,1.720536346692436436e-01
1.323676848640007175e-01,2.181351935621834992e-01,-6.247373505372251223e-01,-7.379695631779551457e-01
2.181351935621834992e-01,-1.323676848640006343e-01,-7.379695631779551457e-01,6.247373505372249003e-01
2.237013745134492915e-01,1.227267766522862485e-01,-9.100231978471983174e-01,-3.267317136632016394e-01
1.227267766522862624e-01,-2.237013745134492637e-01,-3.267317136632016394e-01,9.100231978471983174e-01
1.835996159469591854e-02,8.414251274733687280e-01,2.175080720097138376e-01,4.943246962041081272e-01
8.414251274733687280e-01,-1.835996159469584568e-02,4.943246962041081272e-01,-2.175080720097138098e-01
4.366127568901976841e-01,7.195155549771489190e-01,4.355298639906411973e-01,3.193437086259257041e-01
7.195155549771490300e-01,-4.366127568901974620e-01,3.193437086259258151e-01,-4.355298639906411418e-01
7.378755165718449138e-01,4.048123705831709884e-01,5.368517806356396527e-01,5.879483221346679805e-02
4.048123705831709884e-01,-7.378755165718448028e-01,5.879483221346682581e-02,-5.368517806356396527e-01
1.835996159469591854e-02,8.414251274733687280e-01,-2.175080720097137821e-01,-4.943246962041081272e-01
8.414251274733687280e-01,-1.835996159469584568e-02,-4.943246962041081272e-01,2.175080720097137543e-01
4.366127568901976841e-01,7.195155549771489190e-01,-4.355298639906413083e-01,-3.193437086259256485e-01
7.195155549771490300e-01,-4.366127568901974620e-01,-3.193437086259260926e-01,4.355298639906409752e-01
7.378755165718449138e-01,4.048123705831709884e-01,-5.368517806356396527e-01,-5.879483221346662458e-02
4.048123705831709884e-01,-7.378755165718448028e-01,-5.879483221346665234e-02,5.368517806356396527e-01
5.566180951265804408e-03,2.550944615162870077e-01,1.720536346692433938e-01,9.514690642004268728e-01
2.550944615162870077e-01,-5.566180951265781857e-03,9.514690642004268728e-01,-1.720536346692433105e-01
1.323676848640006898e-01,2.181351935621834714e-01,6.247373505372252334e-01,7.379695631779548126e-01
2.181351935621835270e-01,-1.323676848640006620e-01,7.379695631779551457e-01,-6.247373505372251223e-01
2.237013745134492915e-01,1.227267766522862485e-01,9.100231978471983174e-01,3.267317136632015284e-01
1.227267766522862624e-01,-2.237013745134492637e-01,3.267317136632015839e-01,-9.100231978471983174e-01
1.202640964343851399e-01,7.813683811806189095e-01,-9.315616852741109843e-02,-6.052453455131171500e-01
7.813683811806189095e-01,-1.202640964343851399e-01,-6.052453455131170390e-01,9.315616852741132048e-02
4.948359532656685933e-01,6.165528195991462068e-01,-3.832982812205211753e-01,-4.775797604729437595e-01
6.165528195991460958e-01,-4.948359532656685378e-01,-4.775797604729438706e-01,3.832982812205208423e-01
7.368169160335311663e-01,2.865324279149504272e-01,-5.707359290003548580e-01,-2.219470642925960857e-01
2.865324279149504827e-01,-7.368169160335311663e-01,-2.219470642925961135e-01,5.707359290003548580e-01
9.315616852741126497e-02,6.052453455131170390e-01,1.202640964343851399e-01,7.813683811806189095e-01
6.052453455131170390e-01,-9.315616852741126497e-02,7.813683811806189095e-01,-1.202640964343851399e-01
3.832982812205211198e-01,4.775797604729437040e-01,4.948359532656685378e-01,6.165528195991460958e-01
4.775797604729437040e-01,-3.832982812205211198e-01,6.165528195991460958e-01,-4.948359532656685378e-01
5.707359290003549690e-01,2.219470642925960302e-01,7.368169160335312773e-01,2.865324279149504827e-01
2.219470642925960580e-01,-5.707359290003549690e-01,2.865324279149505382e-01,-7.368169160335312773e-01
1.470881196756626541e-01,9.556468586165139945e-01,1.508757206745128532e-01,-2.057685194037539023e-01
9.556468586165139945e-01,-1.470881196756626541e-01,-2.057685194037539578e-01,-1.508757206745127699e-01
6.052054775422665012e-01,7.540703967708655142e-01,2.777794721653615434e-02,-2.536386254400184725e-01
7.540703967708655142e-01,-6.052054775422665012e-01,-2.536386254400184725e-01,-2.777794721653606067e-02
9.011585164465281128e-01,3.504413810742474933e-01,-1.027629047655056471e-01,-2.335464666202901052e-01
3.504413810742475488e-01,-9.011585164465281128e-01,-2.335464666202901052e-01,1.027629047655056332e-01
8.215601833838410972e-02,5.337762221356902037e-01,-4.976612261457620257e-01,6.787242719429077420e-01
5.337762221356902037e-01,-8.215601833838410972e-02,6.787242719429077420e-01,4.976612261457620257e-01
3.380373100226659600e-01,4.211857591364012721e-01,-9.162512834928902838e-02,8.366230747405367651e-01
4.211857591364012721e-01,-3.380373100226659600e-01,8.366230747405368762e-01,9.162512834928832062e-02
5.033417774747853679e-01,1.957389121130242715e-01,3.389618485947745175e-01,7.703494002921963402e-01
1.957389121130243270e-01,-5.033417774747853679e-01,7.703494002921964512e-01,-3.389618485947745175e-01
8.215601833838410972e-02,5.337762221356902037e-01,4.976612261457621922e-01,-6.787242719429076310e-01
5.337762221356902037e-01,-8.215601833838410972e-02,-6.787242719429077420e-01,-4.976612261457619146e-01
3.380373100226659600e-01,4.211857591364012721e-01,9.162512834928854266e-02,-8.366230747405368762e-01
4.211857591364012721e-01,-3.380373100226659600e-01,-8.366230747405368762e-01,-9.162512834928823735e-02
5.033417774747853679e-01,1.957389121130242715e-01,-3.389618485947746285e-01,-7.703494002921963402e-01
1.957389121130243270e-01,-5.033417774747853679e-01,-7.703494002921963402e-01,3.389618485947745730e-01
1.470881196756626541e-01,9.556468586165139945e-01,-1.508757206745127977e-01,2.057685194037539300e-01
9.556468586165139945e-01,-1.470881196756626541e-01,2.057685194037539300e-01,1.508757206745127977e-01
6.052054775422665012e-01,7.540703967708655142e-01,-2.777794721653630006e-02,2.536386254400184170e-01
7.540703967708655142e-01,-6.052054775422665012e-01,2.536386254400184725e-01,2.777794721653608842e-02
9.011585164465281128e-01,3.504413810742474933e-01,1.027629047655056194e-01,2.335464666202901052e-01
3.504413810742475488e-01,-9.011585164465281128e-01,2.335464666202901329e-01,-1.027629047655056055e-01
9.315616852741126497e-02,6.052453455131170390e-01,7.813683811806189095e-01,-1.202640964343851399e-01
6.052453455131170390e-01,-9.315616852741126497e-02,-1.202640964343852509e-01,-7.813683811806189095e-01
3.832982812205211198e-01,4.775797604729437040e-01,6.165528195991460958e-01,-4.948359532656685378e-01
4.775797604729437040e-01,-3.832982812205211198e-01,-4.948359532656685378e-01,-6.165528195991460958e-01
5.707359290003549690e-01,2.219470642925960302e-01,2.865324279149505382e-01,-7.368169160335312773e-01
2.219470642925960580e-01,-5.707359290003549690e-01,-7.368169160335312773e-01,-2.865324279149505937e-01
1.202640964343851399e-01,7.813683811806189095e-01,-6.052453455131170390e-01,9.315616852741132048e-02
7.813683811806189095e-01,-1.202640964343851399e-01,9.315616852741127885e-02,6.052453455131170390e-01
4.948359532656685378e-01,6.165528195991460958e-01,-4.775797604729438706e-01,3.832982812205208423e-01
6.165528195991460958e-01,-4.948359532656685378e-01,3.832982812205208423e-01,4.775797604729438706e-01
7.368169160335311663e-01,2.865324279149504272e-01,-2.219470642925961135e-01,5.707359290003548580e-01
2.865324279149504827e-01,-7.368169160335311663e-01,5.707359290003548580e-01,2.219470642925961412e-01
3.881507021975470068e-02,2.521855606304654884e-01,-7.797513810019984781e-01,-5.717373672927192896e-01
2.521855606304654329e-01,-3.881507021975469374e-02,-5.717373672927192896e-01,7.797513810019982561e-01
1.597076171752171425e-01,1.989915668637265433e-01,-9.611531882300888840e-01,-1.052633938673304959e-01
1.989915668637265433e-01,-1.597076171752171425e-01,-1.052633938673297048e-01,9.611531882300889951e-01
2.378066370834812093e-01,9.247794345524834592e-02,-8.850147748693284466e-01,3.894158209373694279e-01
9.247794345524835979e-02,-2.378066370834812093e-01,3.894158209373693724e-01,8.850147748693284466e-01
1.280309075054520962e-01,8.318301629880127113e-01,4.355298639906411973e-01,3.193437086259257041e-01
8.318301629880127113e-01,-1.280309075054520962e-01,3.193437086259256485e-01,-4.355298639906413083e-01
5.267930998633036932e-01,6.563705990290430448e-01,5.368517806356396527e-01,5.879483221346679805e-02
6.563705990290430448e-01,-5.267930998633036932e-01,5.879483221346682581e-02,-5.368517806356396527e-01
7.844015065344951410e-01,3.050370631247091291e-01,4.943246962041081272e-01,-2.175080720097138098e-01
3.050370631247091846e-01,-7.844015065344951410e-01,-2.175080720097137821e-01,-4.943246962041081272e-01
1.280309075054520962e-01,8.318301629880127113e-01,-4.355298639906413083e-01,-3.193437086259256485e-01
8.318301629880127113e-01,-1.280309075054520962e-01,-3.193437086259257041e-01,4.355298639906411973e-01
5.267930998633036932e-01,6.563705990290430448e-01,-5.368517806356395417e-01,-5.879483221346709643e-02
6.563705990290430448e-01,-5.267930998633036932e-01,-5.879483221346665234e-02,5.368517806356396527e-01
7.844015065344951410e-01,3.050370631247091291e-01,-4.943246962041081272e-01,2.175080720097137543e-01
3.050370631247091846e-01,-7.844015065344951410e-01,2.175080720097137266e-01,4.943246962041081272e-01
3.881507021975469374e-02,2.521855606304654329e-01,7.797513810019982561e-01,5.717373672927192896e-01
2.521855606304654884e-01,-3.881507021975470068e-02,5.717373672927192896e-01,-7.797513810019984781e-01
1.597076171752171425e-01,1.989915668637265433e-01,9.611531882300889951e-01,1.052633938673299546e-01
1.989915668637265433e-01,-1.597076171752171425e-01,1.052633938673300101e-01,-9.611531882300889951e-01
2.378066370834812093e-01,9.247794345524834592e-02,8.850147748693284466e-01,-3.894158209373695390e-01
9.247794345524835979e-02,-2.378066370834812093e-01,-3.894158209373694834e-01,-8.850147748693284466e-01
2.175080720097138653e-01,4.943246962041080161e-01,-3.389618485947746285e-01,-7.703494002921963402e-01
4.943246962041081272e-01,-2.175080720097138098e-01,-7.703494002921963402e-01,3.389618485947745730e-01
4.355298639906411973e-01,3.193437086259257041e-01,-6.787242719429077420e-01,-4.976612261457619146e-01
3.193437086259256485e-01,-4.355298639906413083e-01,-4.976612261457620257e-01,6.787242719429077420e-01
5.368517806356396527e-01,5.879483221346679805e-02,-8.366230747405368762e-01,-9.162512834928823735e-02
5.879483221346682581e-02,-5.368517806356396527e-01,-9.162512834928827898e-02,8.366230747405368762e-01
3.389618485947747950e-01,7.703494002921962291e-01,2.175080720097138653e-01,4.943246962041080161e-01
7.703494002921963402e-01,-3.389618485947746840e-01,4.943246962041081272e-01,-2.175080720097138098e-01
6.787242719429077420e-01,4.976612261457620257e-01,4.355298639906411973e-01,3.193437086259257041e-01
4.976612261457619146e-01,-6.787242719429077420e-01,3.193437086259256485e-01,-4.355298639906413083e-01
8.366230747405368762e-01,9.162512834928850103e-02,5.368517806356396527e-01,5.879483221346679805e-02
9.162512834928854266e-02,-8.366230747405368762e-01,5.879483221346682581e-02,-5.368517806356396527e-01
3.183992150117618825e-01,7.236172606287759601e-01,2.219470642925960302e-01,-5.707359290003548580e-01
7.236172606287760711e-01,-3.183992150117618269e-01,-5.707359290003548580e-01,-2.219470642925960857e-01
6.375504390595974069e-01,4.674713228155440992e-01,-9.315616852741134823e-02,-6.052453455131170390e-01
4.674713228155440992e-01,-6.375504390595975179e-01,-6.052453455131171500e-01,9.315616852741133436e-02
7.858705378273060926e-01,8.606682156917853932e-02,-3.832982812205211198e-01,-4.775797604729437040e-01
8.606682156917858095e-02,-7.858705378273060926e-01,-4.775797604729438706e-01,3.832982812205208423e-01
6.165774285930344240e-02,1.401278799721741020e-01,-3.581655348936881866e-01,9.210211450419139023e-01
1.401278799721741297e-01,-6.165774285930342852e-02,9.210211450419139023e-01,3.581655348936882421e-01
1.234611116422524302e-01,9.052543240470772856e-02,1.503301205429814491e-01,9.767104764757735813e-01
9.052543240470771468e-02,-1.234611116422524441e-01,9.767104764757735813e-01,-1.503301205429813936e-01
1.521831752640112057e-01,1.666676832992169954e-02,6.185449415820852836e-01,7.706910244989330083e-01
1.666676832992170648e-02,-1.521831752640112057e-01,7.706910244989330083e-01,-6.185449415820851726e-01
6.165774285930344933e-02,1.401278799721741297e-01,3.581655348936881311e-01,-9.210211450419140133e-01
1.401278799721741575e-01,-6.165774285930343546e-02,-9.210211450419140133e-01,-3.581655348936881866e-01
1.234611116422524302e-01,9.052543240470772856e-02,-1.503301205429815601e-01,-9.767104764757735813e-01
9.052543240470771468e-02,-1.234611116422524441e-01,-9.767104764757735813e-01,1.503301205429815046e-01
1.521831752640111779e-01,1.666676832992169607e-02,-6.185449415820856167e-01,-7.706910244989325642e-01
1.666676832992170648e-02,-1.521831752640112057e-01,-7.706910244989330083e-01,6.185449415820852836e-01
3.183992150117618825e-01,7.236172606287759601e-01,-2.219470642925961135e-01,5.707359290003548580e-01
7.236172606287760711e-01,-3.183992150117618269e-01,5.707359290003548580e-01,2.219470642925961412e-01
6.375504390595974069e-01,4.674713228155440992e-01,9.315616852741127885e-02,6.052453455131170390e-01
4.674713228155440992e-01,-6.375504390595975179e-01,6.052453455131171500e-01,-9.315616852741126497e-02
7.858705378273060926e-01,8.606682156917853932e-02,3.832982812205208423e-01,4.775797604729438706e-01
8.606682156917858095e-02,-7.858705378273060926e-01,4.775797604729438706e-01,-3.832982812205207868e-01
3.389618485947747950e-01,7.703494002921962291e-01,4.943246962041081272e-01,-2.175080720097138098e-01
7.703494002921963402e-01,-3.389618485947746840e-01,-2.175080720097137821e-01,-4.943246962041081272e-01
6.787242719429077420e-01,4.976612261457620257e-01,3.193437086259256485e-01,-4.355298639906413083e-01
4.976612261457619146e-01,-6.787242719429077420e-01,-4.355298639906413083e-01,-3.193437086259256485e-01
8.366230747405368762e-01,9.162512834928850103e-02,5.879483221346682581e-02,-5.368517806356396527e-01
9.162512834928854266e-02,-8.366230747405368762e-01,-5.368517806356396527e-01,-5.879483221346662458e-02
2.175080720097138653e-01,4.943246962041080161e-01,-7.703494002921963402e-01,3.389618485947745730e-01
4.943246962041081272e-01,-2.175080720097138098e-01,3.389618485947745175e-01,7.703494002921963402e-01
4.355298639906411973e-01,3.193437086259257041e-01,-4.976612261457620257e-01,6.787242719429077420e-01
3.193437086259256485e-01,-4.355298639906413083e-01,6.787242719429077420e-01,4.976612261457620257e-01
5.368517806356396527e-01,5.879483221346679805e-02,-9.162512834928827898e-02,8.366230747405368762e-01
5.879483221346682581e-02,-5.368517806356396527e-01,8.366230747405368762e-01,9.162512834928832062e-02
2.466309714372136863e-01,5.605115198886962968e-01,-7.368169160335312773e-01,-2.865324279149505937e-01
5.605115198886961858e-01,-2.466309714372135753e-01,-2.865324279149505937e-01,7.368169160335311663e-01
4.938444465690093876e-01,3.621017296188306922e-01,-7.813683811806189095e-01,1.202640964343851954e-01
3.621017296188305812e-01,-4.938444465690094431e-01,1.202640964343851537e-01,7.813683811806189095e-01
6.087327010560443785e-01,6.666707331968674266e-02,-6.165528195991464289e-01,4.948359532656682047e-01
6.666707331968678429e-02,-6.087327010560443785e-01,4.948359532656682047e-01,6.165528195991464289e-01
3.979990187647023947e-01,9.045215757859699224e-01,1.426839822500887700e-01,5.548676607314902143e-02
9.045215757859699224e-01,-3.979990187647022282e-01,5.548676607314902143e-02,-1.426839822500887422e-01
7.969380488244967031e-01,5.843391535194302211e-01,1.513113363782793153e-01,-2.328904213185282318e-02
5.843391535194301101e-01,-7.969380488244968141e-01,-2.328904213185284747e-02,-1.513113363782793153e-01
9.823381722841325603e-01,1.075835269614731776e-01,1.193949401182359538e-01,-9.582457030513030771e-02
1.075835269614732331e-01,-9.823381722841325603e-01,-9.582457030513030771e-02,-1.193949401182359538e-01
3.979990187647023947e-01,9.045215757859699224e-01,-1.426839822500887700e-01,-5.548676607314903531e-02
9.045215757859699224e-01,-3.979990187647022282e-01,-5.548676607314916714e-02,1.426839822500887145e-01
7.969380488244967031e-01,5.843391535194302211e-01,-1.513113363782793430e-01,2.328904213185270522e-02
5.843391535194301101e-01,-7.969380488244968141e-01,2.328904213185283012e-02,1.513113363782793153e-01
9.823381722841325603e-01,1.075835269614731776e-01,-1.193949401182360093e-01,9.582457030513023832e-02
1.075835269614732331e-01,-9.823381722841325603e-01,9.582457030513023832e-02,1.193949401182360093e-01
2.466309714372136863e-01,5.605115198886962968e-01,7.368169160335312773e-01,2.865324279149504827e-01
5.605115198886962968e-01,-2.466309714372136030e-01,2.865324279149505382e-01,-7.368169160335312773e-01
4.938444465690093876e-01,3.621017296188306922e-01,7.813683811806189095e-01,-1.202640964343851399e-01
3.621017296188305812e-01,-4.938444465690094431e-01,-1.202640964343852509e-01,-7.813683811806189095e-01
6.087327010560443785e-01,6.666707331968674266e-02,6.165528195991460958e-01,-4.948359532656685378e-01
6.666707331968678429e-02,-6.087327010560443785e-01,-4.948359532656685378e-01,-6.165528195991460958e-01
3.183992150117618825e-01,7.236172606287759601e-01,-2.466309714372135475e-01,-5.605115198886961858e-01
7.236172606287760711e-01,-3.183992150117618269e-01,-5.605115198886961858e-01,2.466309714372135198e-01
6.375504390595974069e-01,4.674713228155440992e-01,-4.938444465690094431e-01,-3.621017296188305812e-01
4.674713228155440436e-01,-6.375504390595974069e-01,-3.621017296188306922e-01,4.938444465690093876e-01
7.858705378273060926e-01,8.606682156917853932e-02,-6.087327010560443785e-01,-6.666707331968654837e-02
8.606682156917858095e-02,-7.858705378273060926e-01,-6.666707331968657613e-02,6.087327010560443785e-01
2.466309714372136586e-01,5.605115198886961858e-01,3.183992150117618825e-01,7.236172606287759601e-01
5.605115198886961858e-01,-2.466309714372135753e-01,7.236172606287760711e-01,-3.183992150117618269e-01
4.938444465690093876e-01,3.621017296188306922e-01,6.375504390595974069e-01,4.674713228155440992e-01
3.621017296188305812e-01,-4.938444465690094431e-01,4.674713228155440436e-01,-6.375504390595974069e-01
6.087327010560443785e-01,6.666707331968674266e-02,7.858705378273060926e-01,8.606682156917853932e-02
6.666707331968678429e-02,-6.087327010560443785e-01,8.606682156917858095e-02,-7.858705378273060926e-01
3.894158209373696500e-01,8.850147748693283356e-01,9.247794345524835979e-02,-2.378066370834812093e-01
8.850147748693284466e-01,-3.894158209373695390e-01,-2.378066370834812093e-01,-9.247794345524837367e-02
7.797513810019983671e-01,5.717373672927194006e-01,-3.881507021975473537e-02,-2.521855606304654884e-01
5.717373672927192896e-01,-7.797513810019984781e-01,-2.521855606304654884e-01,3.881507021975472149e-02
9.611531882300888840e-01,1.052633938673299407e-01,-1.597076171752171148e-01,-1.989915668637265156e-01
1.052633938673300101e-01,-9.611531882300889951e-01,-1.989915668637266266e-01,1.597076171752170315e-01
2.175080720097138653e-01,4.943246962041080161e-01,-3.050370631247092401e-01,7.844015065344951410e-01
4.943246962041081272e-01,-2.175080720097138098e-01,7.844015065344951410e-01,3.050370631247092956e-01
4.355298639906411973e-01,3.193437086259257041e-01,1.280309075054521240e-01,8.318301629880127113e-01
3.193437086259256485e-01,-4.355298639906413083e-01,8.318301629880127113e-01,-1.280309075054520962e-01
5.368517806356396527e-01,5.879483221346679805e-02,5.267930998633032491e-01,6.563705990290433778e-01
5.879483221346682581e-02,-5.368517806356396527e-01,6.563705990290433778e-01,-5.267930998633031381e-01
2.175080720097138653e-01,4.943246962041080161e-01,3.050370631247091846e-01,-7.844015065344951410e-01
4.943246962041081272e-01,-2.175080720097138098e-01,-7.844015065344951410e-01,-3.050370631247091846e-01
4.355298639906411973e-01,3.193437086259257041e-01,-1.280309075054522350e-01,-8.318301629880127113e-01
3.193437086259256485e-01,-4.355298639906413083e-01,-8.318301629880127113e-01,1.280309075054521795e-01
5.368517806356396527e-01,5.879483221346679805e-02,-5.267930998633036932e-01,-6.563705990290430448e-01
5.879483221346682581e-02,-5.368517806356396527e-01,-6.563705990290433778e-01,5.267930998633032491e-01
3.894158209373696500e-01,8.850147748693283356e-01,-9.247794345524838755e-02,2.378066370834812093e-01
8.850147748693284466e-01,-3.894158209373695390e-01,2.378066370834812093e-01,9.247794345524840143e-02
7.797513810019983671e-01,5.717373672927194006e-01,3.881507021975470761e-02,2.521855606304654884e-01
5.717373672927192896e-01,-7.797513810019984781e-01,2.521855606304654884e-01,-3.881507021975469374e-02
9.611531882300889951e-01,1.052633938673299546e-01,1.597076171752170315e-01,1.989915668637266266e-01
1.052633938673300101e-01,-9.611531882300889951e-01,1.989915668637266266e-01,-1.597076171752170037e-01
2.466309714372136586e-01,5.605115198886961858e-01,7.236172606287760711e-01,-3.183992150117618269e-01
5.605115198886961858e-01,-2.466309714372135753e-01,-3.183992150117617714e-01,-7.236172606287760711e-01
4.938444465690093876e-01,3.621017296188306922e-01,4.674713228155440436e-01,-6.375504390595974069e-01
3.621017296188306367e-01,-4.938444465690094987e-01,-6.375504390595975179e-01,-4.674713228155440992e-01
6.087327010560443785e-01,6.666707331968674266e-02,8.606682156917858095e-02,-7.858705378273060926e-01
6.666707331968678429e-02,-6.087327010560443785e-01,-7.858705378273060926e-01,-8.606682156917828952e-02
3.183992150117618825e-01,7.236172606287759601e-01,-5.605115198886961858e-01,2.466309714372135198e-01
7.236172606287760711e-01,-3.183992150117618269e-01,2.466309714372134920e-01,5.605115198886961858e-01
6.375504390595974069e-01,4.674713228155440992e-01,-3.621017296188306922e-01,4.938444465690093876e-01
4.674713228155440992e-01,-6.375504390595975179e-01,4.938444465690094431e-01,3.621017296188307477e-01
7.858705378273060926e-01,8.606682156917853932e-02,-6.666707331968657613e-02,6.087327010560443785e-01
8.606682156917858095e-02,-7.858705378273060926e-01,6.087327010560443785e-01,6.666707331968661776e-02
1.027629047655056888e-01,2.335464666202900774e-01,-9.011585164465281128e-01,-3.504413810742476043e-01
2.335464666202900774e-01,-1.027629047655056471e-01,-3.504413810742476043e-01,9.011585164465280018e-01
2.057685194037539300e-01,1.508757206745127977e-01,-9.556468586165139945e-01,1.470881196756627374e-01
1.508757206745127422e-01,-2.057685194037539300e-01,1.470881196756626541e-01,9.556468586165138834e-01
2.536386254400184725e-01,2.777794721653614046e-02,-7.540703967708658473e-01,6.052054775422660571e-01
2.777794721653615434e-02,-2.536386254400184725e-01,6.052054775422660571e-01,7.540703967708658473e-01
3.389618485947748505e-01,7.703494002921963402e-01,5.033417774747854789e-01,1.957389121130242993e-01
7.703494002921963402e-01,-3.389618485947746840e-01,1.957389121130243270e-01,-5.033417774747853679e-01
6.787242719429077420e-01,4.976612261457620257e-01,5.337762221356902037e-01,-8.215601833838410972e-02
4.976612261457619146e-01,-6.787242719429077420e-01,-8.215601833838417911e-02,-5.337762221356902037e-01
8.366230747405368762e-01,9.162512834928850103e-02,4.211857591364012721e-01,-3.380373100226659600e-01
9.162512834928854266e-02,-8.366230747405368762e-01,-3.380373100226659600e-01,-4.211857591364012721e-01
3.389618485947747950e-01,7.703494002921962291e-01,-5.033417774747853679e-01,-1.957389121130243548e-01
7.703494002921963402e-01,-3.389618485947746840e-01,-1.957389121130243825e-01,5.033417774747853679e-01
6.787242719429077420e-01,4.976612261457620257e-01,-5.337762221356902037e-01,8.215601833838415136e-02
4.976612261457619146e-01,-6.787242719429077420e-01,8.215601833838412360e-02,5.337762221356902037e-01
8.366230747405368762e-01,9.162512834928850103e-02,-4.211857591364014941e-01,3.380373100226657379e-01
9.162512834928854266e-02,-8.366230747405368762e-01,3.380373100226657379e-01,4.211857591364014941e-01
1.027629047655056888e-01,2.335464666202900774e-01,9.011585164465281128e-01,3.504413810742474933e-01
2.335464666202901052e-01,-1.027629047655056610e-01,3.504413810742475488e-01,-9.011585164465281128e-01
2.057685194037539300e-01,1.508757206745127977e-01,9.556468586165139945e-01,-1.470881196756626541e-01
1.508757206745127422e-01,-2.057685194037539300e-01,-1.470881196756627374e-01,-9.556468586165138834e-01
2.536386254400184725e-01,2.777794721653614046e-02,7.540703967708655142e-01,-6.052054775422665012e-01
2.777794721653615434e-02,-2.536386254400184725e-01,-6.052054775422665012e-01,-7.540703967708655142e-01
8.215601833838410972e-02,5.337762221356902037e-01,-1.280309075054518742e-01,-8.318301629880128223e-01
5.337762221356902037e-01,-8.215601833838410972e-02,-8.318301629880127113e-01,1.280309075054521795e-01
3.380373100226659600e-01,4.211857591364012721e-01,-5.267930998633036932e-01,-6.563705990290430448e-01
4.211857591364012721e-01,-3.380373100226659600e-01,-6.563705990290433778e-01,5.267930998633032491e-01
5.033417774747853679e-01,1.957389121130242715e-01,-7.844015065344951410e-01,-3.050370631247091846e-01
1.957389121130243270e-01,-5.033417774747853679e-01,-3.050370631247092401e-01,7.844015065344951410e-01
1.280309075054520962e-01,8.318301629880127113e-01,8.215601833838410972e-02,5.337762221356902037e-01
8.318301629880127113e-01,-1.280309075054520962e-01,5.337762221356902037e-01,-8.215601833838410972e-02
5.267930998633036932e-01,6.563705990290430448e-01,3.380373100226659600e-01,4.211857591364012721e-01
6.563705990290430448e-01,-5.267930998633036932e-01,4.211857591364012721e-01,-3.380373100226659600e-01
7.844015065344951410e-01,3.050370631247091291e-01,5.033417774747853679e-01,1.957389121130242715e-01
3.050370631247091846e-01,-7.844015065344951410e-01,1.957389121130243270e-01,-5.033417774747853679e-01
1.202640964343851399e-01,7.813683811806189095e-01,3.621017296188308032e-01,-4.938444465690093321e-01
7.813683811806189095e-01,-1.202640964343851399e-01,-4.938444465690094431e-01,-3.621017296188305812e-01
4.948359532656685378e-01,6.165528195991460958e-01,6.666707331968678429e-02,-6.087327010560443785e-01
6.165528195991460958e-01,-4.948359532656685378e-01,-6.087327010560443785e-01,-6.666707331968654837e-02
7.368169160335312773e-01,2.865324279149504827e-01,-2.466309714372135753e-01,-5.605115198886962968e-01
2.865324279149505382e-01,-7.368169160335312773e-01,-5.605115198886962968e-01,2.466309714372135475e-01
2.328904213185283359e-02,1.513113363782793708e-01,-5.843391535194302211e-01,7.969380488244967031e-01
1.513113363782793708e-01,-2.328904213185283359e-02,7.969380488244967031e-01,5.843391535194302211e-01
9.582457030513034935e-02,1.193949401182359954e-01,-1.075835269614737882e-01,9.823381722841324493e-01
1.193949401182359954e-01,-9.582457030513034935e-02,9.823381722841325603e-01,1.075835269614729695e-01
1.426839822500888255e-01,5.548676607314904224e-02,3.979990187647021171e-01,9.045215757859700334e-01
5.548676607314904224e-02,-1.426839822500887978e-01,9.045215757859700334e-01,-3.979990187647020061e-01
2.328904213185283359e-02,1.513113363782793708e-01,5.843391535194304431e-01,-7.969380488244965921e-01
1.513113363782793708e-01,-2.328904213185283359e-02,-7.969380488244968141e-01,-5.843391535194301101e-01
9.582457030513034935e-02,1.193949401182359954e-01,1.075835269614732331e-01,-9.823381722841325603e-01
1.193949401182359954e-01,-9.582457030513034935e-02,-9.823381722841325603e-01,-1.075835269614728584e-01
1.426839822500887978e-01,5.548676607314903531e-02,-3.979990187647021727e-01,-9.045215757859699224e-01
5.548676607314904918e-02,-1.426839822500888255e-01,-9.045215757859700334e-01,3.979990187647021727e-01
1.202640964343851399e-01,7.813683811806189095e-01,-3.621017296188306922e-01,4.938444465690093876e-01
7.813683811806189095e-01,-1.202640964343851399e-01,4.938444465690093876e-01,3.621017296188306922e-01
4.948359532656685933e-01,6.165528195991462068e-01,-6.666707331968714512e-02,6.087327010560443785e-01
6.165528195991460958e-01,-4.948359532656685378e-01,6.087327010560443785e-01,6.666707331968661776e-02
7.368169160335312773e-01,2.865324279149504827e-01,2.466309714372135198e-01,5.605115198886962968e-01
2.865324279149504827e-01,-7.368169160335311663e-01,5.605115198886962968e-01,-2.466309714372134365e-01
1.280309075054520962e-01,8.318301629880127113e-01,5.337762221356902037e-01,-8.215601833838410972e-02
8.318301629880127113e-01,-1.280309075054520962e-01,-8.215601833838417911e-02,-5.337762221356902037e-01
5.267930998633036932e-01,6.563705990290430448e-01,4.211857591364012721e-01,-3.380373100226659600e-01
6.563705990290430448e-01,-5.267930998633036932e-01,-3.380373100226659600e-01,-4.211857591364012721e-01
7.844015065344951410e-01,3.050370631247091291e-01,1.957389121130243270e-01,-5.033417774747853679e-01
3.050370631247091846e-01,-7.844015065344951410e-01,-5.033417774747853679e-01,-1.957389121130243548e-01
8.215601833838410972e-02,5.337762221356902037e-01,-8.318301629880127113e-01,1.280309075054521795e-01
5.337762221356902037e-01,-8.215601833838410972e-02,1.280309075054521240e-01,8.318301629880127113e-01
3.380373100226659600e-01,4.211857591364012721e-01,-6.563705990290433778e-01,5.267930998633032491e-01
4.211857591364012721e-01,-3.380373100226659600e-01,5.267930998633032491e-01,6.563705990290433778e-01
5.033417774747853679e-01,1.957389121130242715e-01,-3.050370631247092401e-01,7.844015065344951410e-01
1.957389121130243270e-01,-5.033417774747853679e-01,7.844015065344951410e-01,3.050370631247092956e-01
9.315616852741127885e-02,6.052453455131171500e-01,-6.375504390595975179e-01,-4.674713228155440992e-01
6.052453455131170390e-01,-9.315616852741126497e-02,-4.674713228155440992e-01,6.375504390595974069e-01
3.832982812205211198e-01,4.775797604729437040e-01,-7.858705378273059816e-01,-8.606682156917896953e-02
4.775797604729437040e-01,-3.832982812205211198e-01,-8.606682156917833115e-02,7.858705378273060926e-01
5.707359290003549690e-01,2.219470642925960302e-01,-7.236172606287761822e-01,3.183992150117617714e-01
2.219470642925960302e-01,-5.707359290003548580e-01,3.183992150117616604e-01,7.236172606287760711e-01
1.503301205429814213e-01,9.767104764757735813e-01,1.234611116422523747e-01,9.052543240470770081e-02
9.767104764757735813e-01,-1.503301205429814213e-01,9.052543240470768693e-02,-1.234611116422524024e-01
6.185449415820856167e-01,7.706910244989325642e-01,1.521831752640111224e-01,1.666676832992168913e-02
7.706910244989325642e-01,-6.185449415820856167e-01,1.666676832992169607e-02,-1.521831752640111224e-01
9.210211450419140133e-01,3.581655348936880756e-01,1.401278799721741020e-01,-6.165774285930341464e-02
3.581655348936881311e-01,-9.210211450419140133e-01,-6.165774285930340770e-02,-1.401278799721741020e-01
1.503301205429814213e-01,9.767104764757735813e-01,-1.234611116422523053e-01,-9.052543240470779795e-02
9.767104764757735813e-01,-1.503301205429814213e-01,-9.052543240470779795e-02,1.234611116422523053e-01
6.185449415820856167e-01,7.706910244989325642e-01,-1.521831752640110946e-01,-1.666676832992177240e-02
7.706910244989325642e-01,-6.185449415820856167e-01,-1.666676832992178628e-02,1.521831752640110946e-01
9.210211450419140133e-01,3.581655348936880756e-01,-1.401278799721741020e-01,6.165774285930339382e-02
3.581655348936881311e-01,-9.210211450419140133e-01,6.165774285930338688e-02,1.401278799721741020e-01
9.315616852741127885e-02,6.052453455131171500e-01,6.375504390595975179e-01,4.674713228155441547e-01
6.052453455131170390e-01,-9.315616852741126497e-02,4.674713228155440436e-01,-6.375504390595974069e-01
3.832982812205211198e-01,4.775797604729437040e-01,7.858705378273060926e-01,8.606682156917853932e-02
4.775797604729437040e-01,-3.832982812205211198e-01,8.606682156917858095e-02,-7.858705378273060926e-01
5.707359290003548580e-01,2.219470642925960024e-01,7.236172606287760711e-01,-3.183992150117618269e-01
2.219470642925960302e-01,-5.707359290003548580e-01,-3.183992150117617714e-01,-7.236172606287760711e-01
1.029880193041792513e-01,6.691239057253413058e-01,1.749320801937093717e-01,-7.148884066662211101e-01
6.691239057253411948e-01,-1.029880193041792374e-01,-7.148884066662209991e-01,-1.749320801937093994e-01
4.237521938655319786e-01,5.279842909855196886e-01,-2.059485779485017709e-01,-7.065775611407827395e-01
5.279842909855196886e-01,-4.237521938655319786e-01,-7.065775611407827395e-01,2.059485779485017432e-01
6.309723102896989122e-01,2.453717118598092717e-01,-5.316454809470736453e-01,-5.089398287177194780e-01
2.453717118598092994e-01,-6.309723102896989122e-01,-5.089398287177192559e-01,5.316454809470737564e-01
1.119597807504486980e-01,7.274143758278208693e-01,-1.609141097915000873e-01,6.576016899334599097e-01
7.274143758278208693e-01,-1.119597807504486980e-01,6.576016899334599097e-01,1.609141097915001151e-01
4.606672022459349924e-01,5.739794381696696757e-01,1.894451380599322110e-01,6.499568239497039990e-01
5.739794381696696757e-01,-4.606672022459349924e-01,6.499568239497039990e-01,-1.894451380599321555e-01
6.859392189201183321e-01,2.667471735818859324e-01,4.890427141582036064e-01,4.681565518735275044e-01
2.667471735818859324e-01,-6.859392189201183321e-01,4.681565518735279485e-01,-4.890427141582031623e-01
1.353527748594766655e-01,8.794010990466787359e-01,1.084882706898243621e-01,-4.433549689087343260e-01
8.794010990466787359e-01,-1.353527748594766655e-01,-4.433549689087343260e-01,-1.084882706898243898e-01
5.569194910243618901e-01,6.939073044606407503e-01,-1.277238860243366525e-01,-4.382008013139360725e-01
6.939073044606407503e-01,-5.569194910243618901e-01,-4.382008013139360725e-01,1.277238860243366247e-01
8.292600793201173603e-01,3.224816080223169013e-01,-3.297125306241117659e-01,-3.156310828843977845e-01
3.224816080223169568e-01,-8.292600793201173603e-01,-3.156310828843976179e-01,3.297125306241118770e-01
5.434109830765656429e-02,3.530597848826516061e-01,-1.707842898439535517e-01,9.182747735159830782e-01
3.530597848826516061e-01,-5.434109830765656429e-02,9.182747735159830782e-01,1.707842898439536072e-01
2.235906640453039496e-01,2.785881936092171607e-01,3.112338531858425683e-01,8.806414264412201209e-01
2.785881936092171052e-01,-2.235906640453039218e-01,8.806414264412197879e-01,-3.112338531858432344e-01
3.329292919168736486e-01,1.294691208373476565e-01,7.098571365972662361e-01,6.070409203301402323e-01
1.294691208373476565e-01,-3.329292919168735931e-01,6.070409203301402323e-01,-7.098571365972661251e-01
5.434109830765655735e-02,3.530597848826515506e-01,1.707842898439538015e-01,-9.182747735159829672e-01
3.530597848826516061e-01,-5.434109830765656429e-02,-9.182747735159830782e-01,-1.707842898439534685e-01
2.235906640453039496e-01,2.785881936092171607e-01,-3.112338531858430124e-01,-8.806414264412198989e-01
2.785881936092171607e-01,-2.235906640453039496e-01,-8.806414264412197879e-01,3.112338531858434010e-01
3.329292919168735931e-01,1.294691208373476288e-01,-7.098571365972662361e-01,-6.070409203301401213e-01
1.294691208373476843e-01,-3.329292919168736486e-01,-6.070409203301402323e-01,7.098571365972662361e-01
1.353527748594766655e-01,8.794010990466787359e-01,-1.084882706898244176e-01,4.433549689087343260e-01
8.794010990466787359e-01,-1.353527748594766655e-01,4.433549689087343260e-01,1.084882706898244453e-01
5.569194910243618901e-01,6.939073044606407503e-01,1.277238860243362362e-01,4.382008013139361835e-01
6.939073044606407503e-01,-5.569194910243618901e-01,4.382008013139361835e-01,-1.277238860243362084e-01
8.292600793201173603e-01,3.224816080223169013e-01,3.297125306241115994e-01,3.156310828843979510e-01
3.224816080223169568e-01,-8.292600793201173603e-01,3.156310828843982841e-01,-3.297125306241112663e-01
1.119597807504486980e-01,7.274143758278208693e-01,6.576016899334600208e-01,1.609141097914998098e-01
7.274143758278208693e-01,-1.119597807504486980e-01,1.609141097915000040e-01,-6.576016899334599097e-01
4.606672022459349924e-01,5.739794381696696757e-01,6.499568239497037769e-01,-1.894451380599328771e-01
5.739794381696696757e-01,-4.606672022459349924e-01,-1.894451380599328494e-01,-6.499568239497037769e-01
6.859392189201183321e-01,2.667471735818859324e-01,4.681565518735272269e-01,-4.890427141582039394e-01
2.667471735818859324e-01,-6.859392189201183321e-01,-4.890427141582039394e-01,-4.681565518735272269e-01
1.029880193041792374e-01,6.691239057253411948e-01,-7.148884066662209991e-01,-1.749320801937093994e-01
6.691239057253413058e-01,-1.029880193041792513e-01,-1.749320801937094549e-01,7.148884066662211101e-01
4.237521938655320342e-01,5.279842909855197997e-01,-7.065775611407829615e-01,2.059485779485011325e-01
5.279842909855196886e-01,-4.237521938655319786e-01,2.059485779485010770e-01,7.065775611407828505e-01
6.309723102896989122e-01,2.453717118598092717e-01,-5.089398287177198110e-01,5.316454809470733123e-01
2.453717118598092994e-01,-6.309723102896989122e-01,5.316454809470733123e-01,5.089398287177198110e-01
6.943450845023939333e-02,4.511232452108925872e-01,-8.642579407405209801e-01,-2.114825726475368650e-01
4.511232452108925872e-01,-6.943450845023939333e-02,-2.114825726475368928e-01,8.642579407405209801e-01
2.856936708226388566e-01,3.559669363651898899e-01,-8.542106184274856906e-01,2.489796899998049928e-01
3.559669363651898899e-01,-2.856936708226388566e-01,2.489796899998049373e-01,8.542106184274856906e-01
4.254014448154292971e-01,1.654295743882537306e-01,-6.152782507407157375e-01,6.427280457799485758e-01
1.654295743882537306e-01,-4.254014448154292416e-01,6.427280457799484648e-01,6.152782507407157375e-01
1.420864865516919817e-01,9.231507264107683408e-01,3.511949725276594103e-01,6.531659772188998236e-02
9.231507264107683408e-01,-1.420864865516919817e-01,6.531659772188992685e-02,-3.511949725276594103e-01
5.846258700936254327e-01,7.284287373179375580e-01,3.368020667512759969e-01,-1.190316533479041927e-01
7.284287373179375580e-01,-5.846258700936254327e-01,-1.190316533479041650e-01,-3.368020667512759969e-01
8.705152238696294287e-01,3.385248563171429637e-01,2.321633191797552176e-01,-2.714854690293860284e-01
3.385248563171430192e-01,-8.705152238696294287e-01,-2.714854690293860284e-01,-2.321633191797552453e-01
1.420864865516919817e-01,9.231507264107683408e-01,-3.511949725276594103e-01,-6.531659772188994073e-02
9.231507264107683408e-01,-1.420864865516919817e-01,-6.531659772188996849e-02,3.511949725276594103e-01
5.846258700936254327e-01,7.284287373179375580e-01,-3.368020667512761079e-01,1.190316533479040123e-01
7.284287373179375580e-01,-5.846258700936254327e-01,1.190316533479042899e-01,3.368020667512759969e-01
8.705152238696294287e-01,3.385248563171429637e-01,-2.321633191797552453e-01,2.714854690293859729e-01
3.385248563171430192e-01,-8.705152238696294287e-01,2.714854690293859729e-01,2.321633191797552453e-01
6.943450845023937945e-02,4.511232452108925317e-01,8.642579407405209801e-01,2.114825726475365320e-01
4.511232452108925872e-01,-6.943450845023939333e-02,2.114825726475368095e-01,-8.642579407405209801e-01
2.856936708226388566e-01,3.559669363651898899e-01,8.542106184274854686e-01,-2.489796899998058255e-01
3.559669363651898899e-01,-2.856936708226388566e-01,-2.489796899998057700e-01,-8.542106184274854686e-01
4.254014448154292416e-01,1.654295743882537029e-01,6.152782507407152934e-01,-6.427280457799487978e-01
1.654295743882537306e-01,-4.254014448154292416e-01,-6.427280457799487978e-01,-6.152782507407152934e-01
2.726607979793657655e-01,6.196688007142111543e-01,-5.316454809470735343e-01,-5.089398287177193669e-01
6.196688007142112653e-01,-2.726607979793657099e-01,-5.089398287177191449e-01,5.316454809470736453e-01
5.459655780233731992e-01,4.003185243614607036e-01,-7.148884066662211101e-01,-1.749320801937094272e-01
4.003185243614606481e-01,-5.459655780233733102e-01,-1.749320801937094549e-01,7.148884066662211101e-01
6.729793223408264691e-01,7.370322269083803834e-02,-7.065775611407827395e-01,2.059485779485017432e-01
7.370322269083809386e-02,-6.729793223408265801e-01,2.059485779485017154e-01,7.065775611407828505e-01
2.964135378781228569e-01,6.736510084823159605e-01,4.890427141582039394e-01,4.681565518735271159e-01
6.736510084823160716e-01,-2.964135378781227459e-01,4.681565518735272269e-01,-4.890427141582039394e-01
5.935271580692332849e-01,4.351921176916305756e-01,6.576016899334600208e-01,1.609141097914998098e-01
4.351921176916305201e-01,-5.935271580692333959e-01,1.609141097914996987e-01,-6.576016899334600208e-01
7.316056555697534325e-01,8.012385041308262013e-02,6.499568239497037769e-01,-1.894451380599328771e-01
8.012385041308266176e-02,-7.316056555697534325e-01,-1.894451380599328494e-01,-6.499568239497037769e-01
3.583464936140269286e-01,8.144043572950716570e-01,3.156310828843977845e-01,-3.297125306241117659e-01
8.144043572950717680e-01,-3.583464936140268176e-01,-3.297125306241117659e-01,-3.156310828843977845e-01
7.175393454743612676e-01,5.261216155632573166e-01,1.084882706898243621e-01,-4.433549689087343260e-01
5.261216155632572056e-01,-7.175393454743613786e-01,-4.433549689087343260e-01,-1.084882706898243898e-01
8.844681091772842452e-01,9.686501182071040328e-02,-1.277238860243366525e-01,-4.382008013139360725e-01
9.686501182071044491e-02,-8.844681091772842452e-01,-4.382008013139360725e-01,1.277238860243366247e-01
1.438680666717079559e-01,3.269650532684060806e-01,-6.827027568441985661e-01,6.374266852985248644e-01
3.269650532684060806e-01,-1.438680666717079004e-01,6.374266852985248644e-01,6.827027568441985661e-01
2.880759271652554299e-01,2.112260089443178668e-01,-2.725245880114838815e-01,8.933790809407305966e-01
2.112260089443178390e-01,-2.880759271652554854e-01,8.933790809407305966e-01,2.725245880114839370e-01
3.550940756160257950e-01,3.888912610315058832e-02,2.106763240965316419e-01,9.099512733100089124e-01
3.888912610315060914e-02,-3.550940756160257950e-01,9.099512733100089124e-01,-2.106763240965315864e-01
1.438680666717079282e-01,3.269650532684060251e-01,6.827027568441984551e-01,-6.374266852985248644e-01
3.269650532684060251e-01,-1.438680666717078727e-01,-6.374266852985248644e-01,-6.827027568441984551e-01
2.880759271652554299e-01,2.112260089443178668e-01,2.725245880114837704e-01,-8.933790809407307076e-01
2.112260089443178113e-01,-2.880759271652554299e-01,-8.933790809407305966e-01,-2.725245880114837704e-01
3.550940756160257950e-01,3.888912610315058832e-02,-2.106763240965321693e-01,-9.099512733100088013e-01
3.888912610315060914e-02,-3.550940756160257950e-01,-9.099512733100089124e-01,2.106763240965316974e-01
3.583464936140269286e-01,8.144043572950716570e-01,-3.156310828843976179e-01,3.297125306241118770e-01
8.144043572950717680e-01,-3.583464936140268176e-01,3.297125306241118770e-01,3.156310828843976735e-01
7.175393454743612676e-01,5.261216155632573166e-01,-1.084882706898240290e-01,4.433549689087344370e-01
5.261216155632572056e-01,-7.175393454743613786e-01,4.433549689087344370e-01,1.084882706898240567e-01
8.844681091772842452e-01,9.686501182071040328e-02,1.277238860243370133e-01,4.382008013139359615e-01
9.686501182071044491e-02,-8.844681091772842452e-01,4.382008013139359615e-01,-1.277238860243369578e-01
2.964135378781228569e-01,6.736510084823159605e-01,4.681565518735272269e-01,-4.890427141582039394e-01
6.736510084823160716e-01,-2.964135378781227459e-01,-4.890427141582039394e-01,-4.681565518735272269e-01
5.935271580692333959e-01,4.351921176916306311e-01,1.609141097915000318e-01,-6.576016899334600208e-01
4.351921176916305756e-01,-5.935271580692335069e-01,-6.576016899334600208e-01,-1.609141097915000873e-01
7.316056555697534325e-01,8.012385041308262013e-02,-1.894451380599328494e-01,-6.499568239497037769e-01
8.012385041308266176e-02,-7.316056555697534325e-01,-6.499568239497037769e-01,1.894451380599327939e-01
2.726607979793658210e-01,6.196688007142112653e-01,-5.089398287177192559e-01,5.316454809470737564e-01
6.196688007142112653e-01,-2.726607979793657099e-01,5.316454809470736453e-01,5.089398287177192559e-01
5.459655780233730882e-01,4.003185243614606481e-01,-1.749320801937087888e-01,7.148884066662212211e-01
4.003185243614605926e-01,-5.459655780233731992e-01,7.148884066662212211e-01,1.749320801937088443e-01
6.729793223408265801e-01,7.370322269083805222e-02,2.059485779485023815e-01,7.065775611407826284e-01
7.370322269083809386e-02,-6.729793223408265801e-01,7.065775611407826284e-01,-2.059485779485022983e-01
1.838278724968063216e-01,4.177806202142834713e-01,-6.427280457799487978e-01,-6.152782507407152934e-01
4.177806202142835268e-01,-1.838278724968062661e-01,-6.152782507407150714e-01,6.427280457799490199e-01
3.680899176130227879e-01,2.698946940659849858e-01,-8.642579407405209801e-01,-2.114825726475368650e-01
2.698946940659849303e-01,-3.680899176130228434e-01,-2.114825726475368928e-01,8.642579407405209801e-01
4.537225665627912519e-01,4.969070260126073196e-02,-8.542106184274854686e-01,2.489796899998057145e-01
4.969070260126075278e-02,-4.537225665627912519e-01,2.489796899998056867e-01,8.542106184274854686e-01
3.761739964222871602e-01,8.549204394263939522e-01,2.437843809807283824e-01,2.611002532678008414e-01
8.549204394263940632e-01,-3.761739964222870491e-01,2.611002532678008414e-01,-2.437843809807283546e-01
7.532364568580142139e-01,5.522958205466690362e-01,3.416735936090751213e-01,1.042272617741022006e-01
5.522958205466689252e-01,-7.532364568580143249e-01,1.042272617741021590e-01,-3.416735936090751768e-01
9.284698169689561409e-01,1.016839825683797383e-01,3.480116427548305413e-01,-8.057334034127432154e-02
1.016839825683797938e-01,-9.284698169689561409e-01,-8.057334034127429379e-02,-3.480116427548305413e-01
3.761739964222871602e-01,8.549204394263939522e-01,-2.437843809807283546e-01,-2.611002532678008969e-01
8.549204394263940632e-01,-3.761739964222870491e-01,-2.611002532678008969e-01,2.437843809807282991e-01
7.532364568580142139e-01,5.522958205466690362e-01,-3.416735936090751768e-01,-1.042272617741021729e-01
5.522958205466689252e-01,-7.532364568580143249e-01,-1.042272617741022006e-01,3.416735936090751213e-01
9.284698169689561409e-01,1.016839825683797383e-01,-3.480116427548305968e-01,8.057334034127412725e-02
1.016839825683797938e-01,-9.284698169689561409e-01,8.057334034127409950e-02,3.480116427548305968e-01
1.838278724968063493e-01,4.177806202142835268e-01,6.427280457799489088e-01,6.152782507407152934e-01
4.177806202142835268e-01,-1.838278724968062661e-01,6.152782507407152934e-01,-6.427280457799487978e-01
3.680899176130227324e-01,2.698946940659849303e-01,8.642579407405209801e-01,2.114825726475365320e-01
2.698946940659849303e-01,-3.680899176130228434e-01,2.114825726475364209e-01,-8.642579407405210912e-01
4.537225665627912519e-01,4.969070260126073196e-02,8.542106184274854686e-01,-2.489796899998058255e-01
4.969070260126075278e-02,-4.537225665627912519e-01,-2.489796899998057700e-01,-8.542106184274854686e-01
2.726607979793658210e-01,6.196688007142112653e-01,-1.605532066263972227e-02,-7.358049288670786003e-01
6.196688007142112653e-01,-2.726607979793657099e-01,-7.358049288670784893e-01,1.605532066263934410e-02
5.459655780233731992e-01,4.003185243614607036e-01,-3.818067799932904349e-01,-6.291981002973721093e-01
4.003185243614605926e-01,-5.459655780233731992e-01,-6.291981002973717763e-01,3.818067799932908790e-01
6.729793223408264691e-01,7.370322269083803834e-02,-6.452534209600117032e-01,-3.539981488737879989e-01
7.370322269083807998e-02,-6.729793223408264691e-01,-3.539981488737879989e-01,6.452534209600117032e-01
2.964135378781228569e-01,6.736510084823159605e-01,1.476874698445724936e-02,6.768420919578231887e-01
6.736510084823160716e-01,-2.964135378781227459e-01,6.768420919578231887e-01,-1.476874698445720946e-02
5.935271580692332849e-01,4.351921176916305756e-01,3.512111560495165818e-01,5.787780724938492716e-01
4.351921176916305201e-01,-5.935271580692333959e-01,5.787780724938489385e-01,-3.512111560495170259e-01
7.316056555697534325e-01,8.012385041308262013e-02,5.935468194783067863e-01,3.256309359083064958e-01
8.012385041308266176e-02,-7.316056555697534325e-01,3.256309359083064958e-01,-5.935468194783067863e-01
3.583464936140269841e-01,8.144043572950717680e-01,-9.957087185675762842e-03,-4.563268453072976127e-01
8.144043572950717680e-01,-3.583464936140268176e-01,-4.563268453072975572e-01,9.957087185675530389e-03
7.175393454743612676e-01,5.261216155632573166e-01,-2.367865131041404225e-01,-3.902120968720935723e-01
5.261216155632572056e-01,-7.175393454743613786e-01,-3.902120968720934058e-01,2.367865131041407278e-01
8.844681091772842452e-01,9.686501182071040328e-02,-4.001691840577693005e-01,-2.195403322031570237e-01
9.686501182071044491e-02,-8.844681091772842452e-01,-2.195403322031570514e-01,4.001691840577693005e-01
1.438680666717079282e-01,3.269650532684060251e-01,7.270204373842741041e-02,9.311875461847571867e-01
3.269650532684060251e-01,-1.438680666717078727e-01,9.311875461847571867e-01,-7.270204373842736878e-02
2.880759271652553744e-01,2.112260089443178390e-01,5.285555898769043193e-01,7.700810488144810284e-01
2.112260089443178113e-01,-2.880759271652554299e-01,7.700810488144810284e-01,-5.285555898769042082e-01
3.550940756160258505e-01,3.888912610315059526e-02,8.427830925529085082e-01,4.026319563078533670e-01
3.888912610315061608e-02,-3.550940756160258505e-01,4.026319563078534225e-01,-8.427830925529085082e-01
1.438680666717079559e-01,3.269650532684060806e-01,-7.270204373842754919e-02,-9.311875461847571867e-01
3.269650532684060251e-01,-1.438680666717078727e-01,-9.311875461847571867e-01,7.270204373842746592e-02
2.880759271652553744e-01,2.112260089443178390e-01,-5.285555898769043193e-01,-7.700810488144810284e-01
2.112260089443178113e-01,-2.880759271652554299e-01,-7.700810488144810284e-01,5.285555898769043193e-01
3.550940756160258505e-01,3.888912610315059526e-02,-8.427830925529085082e-01,-4.026319563078532560e-01
3.888912610315061608e-02,-3.550940756160258505e-01,-4.026319563078533115e-01,8.427830925529085082e-01
3.583464936140269841e-01,8.144043572950717680e-01,9.957087185675502633e-03,4.563268453072976127e-01
8.144043572950717680e-01,-3.583464936140268176e-01,4.563268453072975572e-01,-9.957087185675474877e-03
7.175393454743612676e-01,5.261216155632573166e-01,2.367865131041403948e-01,3.902120968720936278e-01
5.261216155632572056e-01,-7.175393454743613786e-01,3.902120968720934058e-01,-2.367865131041407001e-01
8.844681091772842452e-01,9.686501182071040328e-02,4.001691840577693005e-01,2.195403322031570792e-01
9.686501182071044491e-02,-8.844681091772842452e-01,2.195403322031571069e-01,-4.001691840577692449e-01
2.964135378781228569e-01,6.736510084823159605e-01,6.768420919578231887e-01,-1.476874698445767436e-02
6.736510084823160716e-01,-2.964135378781227459e-01,-1.476874698445763447e-02,-6.768420919578231887e-01
5.935271580692333959e-01,4.351921176916306311e-01,5.787780724938492716e-01,-3.512111560495166929e-01
4.351921176916305201e-01,-5.935271580692333959e-01,-3.512111560495168594e-01,-5.787780724938490495e-01
7.316056555697534325e-01,8.012385041308262013e-02,3.256309359083063848e-01,-5.935468194783067863e-01
8.012385041308267564e-02,-7.316056555697535435e-01,-5.935468194783068974e-01,-3.256309359083064403e-01
2.726607979793658210e-01,6.196688007142112653e-01,-7.358049288670786003e-01,1.605532066263934757e-02
6.196688007142112653e-01,-2.726607979793657099e-01,1.605532066263929900e-02,7.358049288670784893e-01
5.459655780233730882e-01,4.003185243614606481e-01,-6.291981002973721093e-01,3.818067799932902684e-01
4.003185243614605926e-01,-5.459655780233731992e-01,3.818067799932902684e-01,6.291981002973721093e-01
6.729793223408264691e-01,7.370322269083803834e-02,-3.539981488737879989e-01,6.452534209600117032e-01
7.370322269083807998e-02,-6.729793223408264691e-01,6.452534209600117032e-01,3.539981488737880544e-01
1.838278724968063216e-01,4.177806202142834713e-01,-8.895447830451362892e-01,1.940993621442240608e-02
4.177806202142835268e-01,-1.838278724968062661e-01,1.940993621442235056e-02,8.895447830451362892e-01
3.680899176130227324e-01,2.698946940659849303e-01,-7.606634118137937106e-01,4.615818893700937009e-01
2.698946940659848748e-01,-3.680899176130227879e-01,4.615818893700937009e-01,7.606634118137937106e-01
4.537225665627912519e-01,4.969070260126073196e-02,-4.279628936750423662e-01,7.800733480282164845e-01
4.969070260126075278e-02,-4.537225665627912519e-01,7.800733480282164845e-01,4.279628936750423662e-01
3.761739964222871602e-01,8.549204394263939522e-01,3.561334734790710943e-01,-2.780495880950753854e-02
8.549204394263940632e-01,-3.761739964222870491e-01,-2.780495880950751772e-02,-3.561334734790710943e-01
7.532364568580142139e-01,5.522958205466690362e-01,2.945181557661133986e-01,-2.021465374197490839e-01
5.522958205466689252e-01,-7.532364568580143249e-01,-2.021465374197490561e-01,-2.945181557661134542e-01
9.284698169689561409e-01,1.016839825683797383e-01,1.539869360593220382e-01,-3.223231145756209615e-01
1.016839825683797938e-01,-9.284698169689561409e-01,-3.223231145756208504e-01,-1.539869360593222047e-01
3.761739964222871602e-01,8.549204394263939522e-01,-3.561334734790711498e-01,2.780495880950749343e-02
8.549204394263940632e-01,-3.761739964222870491e-01,2.780495880950747262e-02,3.561334734790711498e-01
7.532364568580142139e-01,5.522958205466690362e-01,-2.945181557661134542e-01,2.021465374197490561e-01
5.522958205466689252e-01,-7.532364568580143249e-01,2.021465374197490561e-01,2.945181557661134542e-01
9.284698169689561409e-01,1.016839825683797383e-01,-1.539869360593222325e-01,3.223231145756208504e-01
1.016839825683797938e-01,-9.284698169689561409e-01,3.223231145756208504e-01,1.539869360593222603e-01
1.838278724968063216e-01,4.177806202142834713e-01,8.895447830451362892e-01,-1.940993621442290915e-02
4.177806202142835268e-01,-1.838278724968062661e-01,-1.940993621442285710e-02,-8.895447830451362892e-01
3.680899176130227324e-01,2.698946940659849303e-01,7.606634118137935996e-01,-4.615818893700937564e-01
2.698946940659849303e-01,-3.680899176130228434e-01,-4.615818893700941450e-01,-7.606634118137934886e-01
4.537225665627912519e-01,4.969070260126073196e-02,4.279628936750422552e-01,-7.800733480282164845e-01
4.969070260126075278e-02,-4.537225665627912519e-01,-7.800733480282164845e-01,-4.279628936750423107e-01
1.029880193041792374e-01,6.691239057253411948e-01,-3.818067799932903794e-01,-6.291981002973719983e-01
6.691239057253411948e-01,-1.029880193041792374e-01,-6.291981002973721093e-01,3.818067799932902684e-01
4.237521938655319786e-01,5.279842909855196886e-01,-6.452534209600117032e-01,-3.539981488737879989e-01
5.279842909855196886e-01,-4.237521938655319786e-01,-3.539981488737879989e-01,6.452534209600117032e-01
6.309723102896989122e-01,2.453717118598092717e-01,-7.358049288670786003e-01,1.605532066263934757e-02
2.453717118598092994e-01,-6.309723102896989122e-01,1.605532066263930246e-02,7.358049288670786003e-01
1.119597807504486980e-01,7.274143758278208693e-01,3.512111560495168039e-01,5.787780724938490495e-01
7.274143758278208693e-01,-1.119597807504486980e-01,5.787780724938491606e-01,-3.512111560495166374e-01
4.606672022459349924e-01,5.739794381696696757e-01,5.935468194783068974e-01,3.256309359083063293e-01
5.739794381696696757e-01,-4.606672022459349924e-01,3.256309359083063848e-01,-5.935468194783067863e-01
6.859392189201183321e-01,2.667471735818859324e-01,6.768420919578231887e-01,-1.476874698445767436e-02
2.667471735818859324e-01,-6.859392189201183321e-01,-1.476874698445763447e-02,-6.768420919578231887e-01
1.353527748594766655e-01,8.794010990466787359e-01,3.902120968720935723e-01,-2.367865131041404225e-01
8.794010990466787359e-01,-1.353527748594766655e-01,-2.367865131041404225e-01,-3.902120968720935723e-01
5.569194910243618901e-01,6.939073044606407503e-01,2.195403322031569959e-01,-4.001691840577693005e-01
6.939073044606407503e-01,-5.569194910243618901e-01,-4.001691840577693005e-01,-2.195403322031570237e-01
8.292600793201174714e-01,3.224816080223169568e-01,-9.957087185675762842e-03,-4.563268453072976127e-01
3.224816080223169568e-01,-8.292600793201173603e-01,-4.563268453072975572e-01,9.957087185675530389e-03
5.434109830765656429e-02,3.530597848826516061e-01,-8.244183905263864354e-01,4.390104220804058599e-01
3.530597848826516061e-01,-5.434109830765656429e-02,4.390104220804058044e-01,8.244183905263864354e-01
2.235906640453039496e-01,2.785881936092171607e-01,-4.944620585027283965e-01,7.924033733109532296e-01
2.785881936092171052e-01,-2.235906640453039218e-01,7.924033733109535627e-01,4.944620585027277304e-01
3.329292919168736486e-01,1.294691208373476565e-01,-3.201501721543323353e-02,9.334724805831337013e-01
1.294691208373476843e-01,-3.329292919168736486e-01,9.334724805831338124e-01,3.201501721543328904e-02
5.434109830765656429e-02,3.530597848826516061e-01,8.244183905263865464e-01,-4.390104220804055823e-01
3.530597848826516061e-01,-5.434109830765656429e-02,-4.390104220804059154e-01,-8.244183905263864354e-01
2.235906640453039218e-01,2.785881936092171052e-01,4.944620585027279525e-01,-7.924033733109534516e-01
2.785881936092171052e-01,-2.235906640453039218e-01,-7.924033733109536737e-01,-4.944620585027276194e-01
3.329292919168736486e-01,1.294691208373476565e-01,3.201501721543312251e-02,-9.334724805831337013e-01
1.294691208373476843e-01,-3.329292919168736486e-01,-9.334724805831338124e-01,-3.201501721543317802e-02
1.353527748594766655e-01,8.794010990466787359e-01,-3.902120968720934058e-01,2.367865131041407278e-01
8.794010990466787359e-01,-1.353527748594766655e-01,2.367865131041407278e-01,3.902120968720934058e-01
5.569194910243618901e-01,6.939073044606407503e-01,-2.195403322031570514e-01,4.001691840577693005e-01
6.939073044606407503e-01,-5.569194910243618901e-01,4.001691840577693005e-01,2.195403322031570792e-01
8.292600793201174714e-01,3.224816080223169568e-01,9.957087185675908558e-03,4.563268453072976127e-01
3.224816080223169568e-01,-8.292600793201173603e-01,4.563268453072975572e-01,-9.957087185675879068e-03
1.119597807504486980e-01,7.274143758278208693e-01,5.787780724938491606e-01,-3.512111560495166374e-01
7.274143758278208693e-01,-1.119597807504486980e-01,-3.512111560495166374e-01,-5.787780724938491606e-01
4.606672022459349924e-01,5.739794381696696757e-01,3.256309359083063848e-01,-5.935468194783067863e-01
5.739794381696696757e-01,-4.606672022459349924e-01,-5.935468194783067863e-01,-3.256309359083063848e-01
6.859392189201183321e-01,2.667471735818859324e-01,-1.476874698445763447e-02,-6.768420919578231887e-01
2.667471735818859324e-01,-6.859392189201183321e-01,-6.768420919578231887e-01,1.476874698445729273e-02
1.029880193041792374e-01,6.691239057253411948e-01,-6.291981002973717763e-01,3.818067799932908790e-01
6.691239057253411948e-01,-1.029880193041792374e-01,3.818067799932908790e-01,6.291981002973717763e-01
4.237521938655319786e-01,5.279842909855196886e-01,-3.539981488737879989e-01,6.452534209600117032e-01
5.279842909855196886e-01,-4.237521938655319786e-01,6.452534209600117032e-01,3.539981488737880544e-01
6.309723102896989122e-01,2.453717118598092717e-01,1.605532066263995472e-02,7.358049288670786003e-01
2.453717118598092994e-01,-6.309723102896989122e-01,7.358049288670786003e-01,-1.605532066263991309e-02
6.943450845023939333e-02,4.511232452108925872e-01,-4.615818893700938119e-01,-7.606634118137937106e-01
4.511232452108925317e-01,-6.943450845023937945e-02,-7.606634118137937106e-01,4.615818893700937009e-01
2.856936708226388566e-01,3.559669363651898899e-01,-7.800733480282164845e-01,-4.279628936750423107e-01
3.559669363651898899e-01,-2.856936708226388566e-01,-4.279628936750423662e-01,7.800733480282164845e-01
4.254014448154292416e-01,1.654295743882537029e-01,-8.895447830451362892e-01,1.940993621442240608e-02
1.654295743882537306e-01,-4.254014448154292416e-01,1.940993621442235056e-02,8.895447830451362892e-01
1.420864865516919817e-01,9.231507264107683408e-01,1.678999114083805366e-01,3.152995185783267762e-01
9.231507264107684518e-01,-1.420864865516919817e-01,3.152995185783267207e-01,-1.678999114083806199e-01
5.846258700936254327e-01,7.284287373179375580e-01,3.030553478619775754e-01,1.891074371856442116e-01
7.284287373179375580e-01,-5.846258700936254327e-01,1.891074371856442393e-01,-3.030553478619775754e-01
8.705152238696294287e-01,3.385248563171429637e-01,3.570073485940247759e-01,1.224417071634915748e-02
3.385248563171430192e-01,-8.705152238696294287e-01,1.224417071634918003e-02,-3.570073485940247759e-01
1.420864865516919817e-01,9.231507264107683408e-01,-1.678999114083804534e-01,-3.152995185783267762e-01
9.231507264107683408e-01,-1.420864865516919817e-01,-3.152995185783267762e-01,1.678999114083805921e-01
5.846258700936254327e-01,7.284287373179375580e-01,-3.030553478619775198e-01,-1.891074371856444059e-01
7.284287373179375580e-01,-5.846258700936254327e-01,-1.891074371856441283e-01,3.030553478619776864e-01
8.705152238696294287e-01,3.385248563171429637e-01,-3.570073485940247759e-01,-1.224417071634920084e-02
3.385248563171430192e-01,-8.705152238696294287e-01,-1.224417071634922340e-02,3.570073485940247759e-01
6.943450845023939333e-02,4.511232452108925872e-01,4.615818893700940340e-01,7.606634118137935996e-01
4.511232452108925317e-01,-6.943450845023937945e-02,7.606634118137935996e-01,-4.615818893700937564e-01
2.856936708226388566e-01,3.559669363651898899e-01,7.800733480282165955e-01,4.279628936750421997e-01
3.559669363651898899e-01,-2.856936708226388566e-01,4.279628936750422552e-01,-7.800733480282164845e-01
4.254014448154292416e-01,1.654295743882537029e-01,8.895447830451362892e-01,-1.940993621442290915e-02
1.654295743882537306e-01,-4.254014448154292416e-01,-1.940993621442285710e-02,-8.895447830451362892e-01
1.353527748594766655e-01,8.794010990466787359e-01,-6.943450845023925455e-02,-4.511232452108925317e-01
8.794010990466787359e-01,-1.353527748594766655e-01,-4.511232452108924762e-01,6.943450845023942108e-02
5.569194910243618901e-01,6.939073044606407503e-01,-2.856936708226388566e-01,-3.559669363651898344e-01
6.939073044606407503e-01,-5.569194910243618901e-01,-3.559669363651900009e-01,2.856936708226386346e-01
8.292600793201173603e-01,3.224816080223169013e-01,-4.254014448154291861e-01,-1.654295743882537306e-01
3.224816080223169568e-01,-8.292600793201173603e-01,-1.654295743882537584e-01,4.254014448154291861e-01
6.943450845023939333e-02,4.511232452108925872e-01,1.353527748594766655e-01,8.794010990466787359e-01
4.511232452108925317e-01,-6.943450845023937945e-02,8.794010990466786248e-01,-1.353527748594766378e-01
2.856936708226388566e-01,3.559669363651898899e-01,5.569194910243617791e-01,6.939073044606407503e-01
3.559669363651898899e-01,-2.856936708226388566e-01,6.939073044606407503e-01,-5.569194910243617791e-01
4.254014448154292971e-01,1.654295743882537306e-01,8.292600793201173603e-01,3.224816080223169568e-01
1.654295743882537306e-01,-4.254014448154292416e-01,3.224816080223169568e-01,-8.292600793201172493e-01
1.519251797393702808e-01,9.870737424805167137e-01,3.017514413490268027e-02,-4.115370388075093033e-02
9.870737424805167137e-01,-1.519251797393702808e-01,-4.115370388075094421e-02,-3.017514413490266292e-02
6.251079363690699164e-01,7.788683465270214157e-01,5.555589443307251685e-03,-5.072772508800388325e-02
7.788683465270214157e-01,-6.251079363690699164e-01,-5.072772508800388325e-02,-5.555589443307232603e-03
9.307935262663915577e-01,3.619658061114468528e-01,-2.055258095310120298e-02,-4.670929332405818896e-02
3.619658061114469083e-01,-9.307935262663915577e-01,-4.670929332405818896e-02,2.055258095310119951e-02
1.029880193041792374e-01,6.691239057253411948e-01,-4.351921176916305201e-01,5.935271580692332849e-01
6.691239057253413058e-01,-1.029880193041792513e-01,5.935271580692333959e-01,4.351921176916305756e-01
4.237521938655319786e-01,5.279842909855196886e-01,-8.012385041308307809e-02,7.316056555697533215e-01
5.279842909855197997e-01,-4.237521938655320342e-01,7.316056555697534325e-01,8.012385041308246747e-02
6.309723102896989122e-01,2.453717118598092717e-01,2.964135378781226349e-01,6.736510084823160716e-01
2.453717118598092717e-01,-6.309723102896988012e-01,6.736510084823160716e-01,-2.964135378781225794e-01
1.029880193041792374e-01,6.691239057253411948e-01,4.351921176916306866e-01,-5.935271580692331739e-01
6.691239057253413058e-01,-1.029880193041792513e-01,-5.935271580692333959e-01,-4.351921176916305201e-01
4.237521938655320342e-01,5.279842909855197997e-01,8.012385041308266176e-02,-7.316056555697534325e-01
5.279842909855197997e-01,-4.237521938655320342e-01,-7.316056555697534325e-01,-8.012385041308239808e-02
6.309723102896989122e-01,2.453717118598092717e-01,-2.964135378781227459e-01,-6.736510084823160716e-01
2.453717118598092994e-01,-6.309723102896989122e-01,-6.736510084823160716e-01,2.964135378781226904e-01
1.519251797393702808e-01,9.870737424805167137e-01,-3.017514413490266986e-02,4.115370388075093727e-02
9.870737424805167137e-01,-1.519251797393702808e-01,4.115370388075093727e-02,3.017514413490266986e-02
6.251079363690699164e-01,7.788683465270214157e-01,-5.555589443307280308e-03,5.072772508800387631e-02
7.788683465270214157e-01,-6.251079363690699164e-01,5.072772508800388325e-02,5.555589443307237807e-03
9.307935262663915577e-01,3.619658061114468528e-01,2.055258095310119604e-02,4.670929332405818896e-02
3.619658061114469083e-01,-9.307935262663915577e-01,4.670929332405819590e-02,-2.055258095310119604e-02
6.943450845023937945e-02,4.511232452108925317e-01,8.794010990466786248e-01,-1.353527748594766378e-01
4.511232452108925317e-01,-6.943450845023937945e-02,-1.353527748594767488e-01,-8.794010990466786248e-01
2.856936708226388566e-01,3.559669363651898899e-01,6.939073044606407503e-01,-5.569194910243617791e-01
3.559669363651898899e-01,-2.856936708226388566e-01,-5.569194910243617791e-01,-6.939073044606407503e-01
4.254014448154292416e-01,1.654295743882537029e-01,3.224816080223169568e-01,-8.292600793201172493e-01
1.654295743882537306e-01,-4.254014448154292416e-01,-8.292600793201172493e-01,-3.224816080223169568e-01
1.353527748594766655e-01,8.794010990466787359e-01,-4.511232452108924762e-01,6.943450845023942108e-02
8.794010990466787359e-01,-1.353527748594766655e-01,6.943450845023939333e-02,4.511232452108924762e-01
5.569194910243618901e-01,6.939073044606407503e-01,-3.559669363651900009e-01,2.856936708226386346e-01
6.939073044606407503e-01,-5.569194910243618901e-01,2.856936708226386346e-01,3.559669363651900009e-01
8.292600793201173603e-01,3.224816080223169013e-01,-1.654295743882537584e-01,4.254014448154291861e-01
3.224816080223169568e-01,-8.292600793201173603e-01,4.254014448154291861e-01,1.654295743882537861e-01
7.763014043950982983e-03,5.043711212609337108e-02,-8.053938616658511407e-01,-5.905392120124633992e-01
5.043711212609337108e-02,-7.763014043950982983e-03,-5.905392120124635102e-01,8.053938616658510297e-01
3.194152343504360475e-02,3.979831337274553071e-02,-9.927611502609086092e-01,-1.087250287007128779e-01
3.979831337274553071e-02,-3.194152343504360475e-02,-1.087250287007120592e-01,9.927611502609087202e-01
4.756132741669651803e-02,1.849558869104977674e-02,-9.141188903665635745e-01,4.022219382484450989e-01
1.849558869104977674e-02,-4.756132741669651803e-02,4.022219382484450434e-01,9.141188903665635745e-01
1.119597807504486980e-01,7.274143758278208693e-01,5.459655780233730882e-01,4.003185243614606481e-01
7.274143758278208693e-01,-1.119597807504486980e-01,4.003185243614605926e-01,-5.459655780233731992e-01
4.606672022459349924e-01,5.739794381696696757e-01,6.729793223408264691e-01,7.370322269083803834e-02
5.739794381696696757e-01,-4.606672022459349924e-01,7.370322269083807998e-02,-6.729793223408264691e-01
6.859392189201183321e-01,2.667471735818859324e-01,6.196688007142112653e-01,-2.726607979793657099e-01
2.667471735818859324e-01,-6.859392189201183321e-01,-2.726607979793656544e-01,-6.196688007142112653e-01
1.119597807504486980e-01,7.274143758278208693e-01,-5.459655780233731992e-01,-4.003185243614605926e-01
7.274143758278208693e-01,-1.119597807504486980e-01,-4.003185243614606481e-01,5.459655780233730882e-01
4.606672022459349924e-01,5.739794381696696757e-01,-6.729793223408264691e-01,-7.370322269083841304e-02
5.739794381696696757e-01,-4.606672022459349924e-01,-7.370322269083785793e-02,6.729793223408264691e-01
6.859392189201183321e-01,2.667471735818859324e-01,-6.196688007142112653e-01,2.726607979793656544e-01
2.667471735818859324e-01,-6.859392189201183321e-01,2.726607979793655989e-01,6.196688007142112653e-01
7.763014043950982983e-03,5.043711212609337108e-02,8.053938616658510297e-01,5.905392120124635102e-01
5.043711212609337108e-02,-7.763014043950982983e-03,5.905392120124633992e-01,-8.053938616658511407e-01
3.194152343504360475e-02,3.979831337274553071e-02,9.927611502609087202e-01,1.087250287007123228e-01
3.979831337274553071e-02,-3.194152343504360475e-02,1.087250287007123783e-01,-9.927611502609087202e-01
4.756132741669651109e-02,1.849558869104977327e-02,9.141188903665634635e-01,-4.022219382484451544e-01
1.849558869104977674e-02,-4.756132741669651803e-02,-4.022219382484451544e-01,-9.141188903665635745e-01
2.726607979793658210e-01,6.196688007142112653e-01,-2.964135378781227459e-01,-6.736510084823160716e-01
6.196688007142112653e-01,-2.726607979793657099e-01,-6.736510084823159605e-01,2.964135378781226349e-01
5.459655780233731992e-01,4.003185243614607036e-01,-5.935271580692333959e-01,-4.351921176916305201e-01
4.003185243614605926e-01,-5.459655780233731992e-01,-4.351921176916305201e-01,5.935271580692332849e-01
6.729793223408265801e-01,7.370322269083805222e-02,-7.316056555697534325e-01,-8.012385041308239808e-02
7.370322269083809386e-02,-6.729793223408265801e-01,-8.012385041308243971e-02,7.316056555697534325e-01
2.964135378781228569e-01,6.736510084823159605e-01,2.726607979793657655e-01,6.196688007142111543e-01
6.736510084823160716e-01,-2.964135378781227459e-01,6.196688007142112653e-01,-2.726607979793657099e-01
5.935271580692333959e-01,4.351921176916306311e-01,5.459655780233731992e-01,4.003185243614607036e-01
4.351921176916305201e-01,-5.935271580692333959e-01,4.003185243614605926e-01,-5.459655780233731992e-01
7.316056555697534325e-01,8.012385041308262013e-02,6.729793223408264691e-01,7.370322269083803834e-02
8.012385041308266176e-02,-7.316056555697534325e-01,7.370322269083807998e-02,-6.729793223408264691e-01
3.583464936140269286e-01,8.144043572950716570e-01,1.654295743882537306e-01,-4.254014448154291861e-01
8.144043572950717680e-01,-3.583464936140268176e-01,-4.254014448154291861e-01,-1.654295743882537306e-01
7.175393454743612676e-01,5.261216155632573166e-01,-6.943450845023943496e-02,-4.511232452108924762e-01
5.261216155632572056e-01,-7.175393454743613786e-01,-4.511232452108924762e-01,6.943450845023942108e-02
8.844681091772842452e-01,9.686501182071040328e-02,-2.856936708226388566e-01,-3.559669363651898344e-01
9.686501182071041716e-02,-8.844681091772840231e-01,-3.559669363651899454e-01,2.856936708226385790e-01
1.438680666717079282e-01,3.269650532684060251e-01,-3.385248563171430747e-01,8.705152238696294287e-01
3.269650532684060251e-01,-1.438680666717078727e-01,8.705152238696294287e-01,3.385248563171431302e-01
2.880759271652554299e-01,2.112260089443178668e-01,1.420864865516920095e-01,9.231507264107683408e-01
2.112260089443178390e-01,-2.880759271652554854e-01,9.231507264107683408e-01,-1.420864865516919540e-01
3.550940756160258505e-01,3.888912610315059526e-02,5.846258700936250996e-01,7.284287373179378910e-01
3.888912610315061608e-02,-3.550940756160258505e-01,7.284287373179378910e-01,-5.846258700936249886e-01
1.438680666717079282e-01,3.269650532684060251e-01,3.385248563171430192e-01,-8.705152238696294287e-01
3.269650532684060251e-01,-1.438680666717078727e-01,-8.705152238696294287e-01,-3.385248563171430747e-01
2.880759271652554299e-01,2.112260089443178668e-01,-1.420864865516921205e-01,-9.231507264107683408e-01
2.112260089443178390e-01,-2.880759271652554854e-01,-9.231507264107683408e-01,1.420864865516920650e-01
3.550940756160257950e-01,3.888912610315058832e-02,-5.846258700936254327e-01,-7.284287373179375580e-01
3.888912610315061608e-02,-3.550940756160258505e-01,-7.284287373179378910e-01,5.846258700936250996e-01
3.583464936140269286e-01,8.144043572950716570e-01,-1.654295743882537584e-01,4.254014448154291861e-01
8.144043572950717680e-01,-3.583464936140268176e-01,4.254014448154291861e-01,1.654295743882537861e-01
7.175393454743612676e-01,5.261216155632573166e-01,6.943450845023939333e-02,4.511232452108924762e-01
5.261216155632572056e-01,-7.175393454743613786e-01,4.511232452108924762e-01,-6.943450845023936557e-02
8.844681091772842452e-01,9.686501182071040328e-02,2.856936708226386346e-01,3.559669363651900009e-01
9.686501182071044491e-02,-8.844681091772842452e-01,3.559669363651900009e-01,-2.856936708226385790e-01
2.964135378781228569e-01,6.736510084823159605e-01,6.196688007142112653e-01,-2.726607979793657099e-01
6.736510084823160716e-01,-2.964135378781227459e-01,-2.726607979793656544e-01,-6.196688007142112653e-01
5.935271580692332849e-01,4.351921176916305756e-01,4.003185243614605926e-01,-5.459655780233731992e-01
4.351921176916305201e-01,-5.935271580692333959e-01,-5.459655780233731992e-01,-4.003185243614605926e-01
7.316056555697534325e-01,8.012385041308262013e-02,7.370322269083807998e-02,-6.729793223408264691e-01
8.012385041308267564e-02,-7.316056555697535435e-01,-6.729793223408265801e-01,-7.370322269083784406e-02
2.726607979793658210e-01,6.196688007142112653e-01,-6.736510084823160716e-01,2.964135378781226904e-01
6.196688007142113763e-01,-2.726607979793657655e-01,2.964135378781226349e-01,6.736510084823160716e-01
5.459655780233731992e-01,4.003185243614607036e-01,-4.351921176916305756e-01,5.935271580692333959e-01
4.003185243614606481e-01,-5.459655780233733102e-01,5.935271580692333959e-01,4.351921176916305756e-01
6.729793223408265801e-01,7.370322269083805222e-02,-8.012385041308243971e-02,7.316056555697534325e-01
7.370322269083809386e-02,-6.729793223408265801e-01,7.316056555697534325e-01,8.012385041308246747e-02
1.838278724968063493e-01,4.177806202142835268e-01,-8.292600793201173603e-01,-3.224816080223170123e-01
4.177806202142835268e-01,-1.838278724968062661e-01,-3.224816080223170123e-01,8.292600793201172493e-01
3.680899176130227324e-01,2.698946940659849303e-01,-8.794010990466786248e-01,1.353527748594767210e-01
2.698946940659848748e-01,-3.680899176130227879e-01,1.353527748594766655e-01,8.794010990466786248e-01
4.537225665627912519e-01,4.969070260126073196e-02,-6.939073044606409724e-01,5.569194910243614460e-01
4.969070260126075278e-02,-4.537225665627912519e-01,5.569194910243614460e-01,6.939073044606409724e-01
3.761739964222871602e-01,8.549204394263939522e-01,3.329292919168737042e-01,1.294691208373476843e-01
8.549204394263940632e-01,-3.761739964222870491e-01,1.294691208373477120e-01,-3.329292919168737042e-01
7.532364568580142139e-01,5.522958205466690362e-01,3.530597848826516616e-01,-5.434109830765657123e-02
5.522958205466689252e-01,-7.532364568580143249e-01,-5.434109830765662674e-02,-3.530597848826516616e-01
9.284698169689561409e-01,1.016839825683797383e-01,2.785881936092171052e-01,-2.235906640453039496e-01
1.016839825683797938e-01,-9.284698169689561409e-01,-2.235906640453039496e-01,-2.785881936092171052e-01
3.761739964222871602e-01,8.549204394263939522e-01,-3.329292919168737042e-01,-1.294691208373477120e-01
8.549204394263940632e-01,-3.761739964222870491e-01,-1.294691208373477398e-01,3.329292919168737042e-01
7.532364568580142139e-01,5.522958205466690362e-01,-3.530597848826516616e-01,5.434109830765660593e-02
5.522958205466689252e-01,-7.532364568580143249e-01,5.434109830765658511e-02,3.530597848826516616e-01
9.284698169689561409e-01,1.016839825683797383e-01,-2.785881936092172162e-01,2.235906640453038108e-01
1.016839825683797938e-01,-9.284698169689561409e-01,2.235906640453038108e-01,2.785881936092172162e-01
1.838278724968063493e-01,4.177806202142835268e-01,8.292600793201173603e-01,3.224816080223169568e-01
4.177806202142835268e-01,-1.838278724968062661e-01,3.224816080223169568e-01,-8.292600793201172493e-01
3.680899176130227324e-01,2.698946940659849303e-01,8.794010990466786248e-01,-1.353527748594766378e-01
2.698946940659848748e-01,-3.680899176130227879e-01,-1.353527748594767488e-01,-8.794010990466786248e-01
4.537225665627912519e-01,4.969070260126073196e-02,6.939073044606407503e-01,-5.569194910243617791e-01
4.969070260126075278e-02,-4.537225665627912519e-01,-5.569194910243617791e-01,-6.939073044606407503e-01
3.583464936140269841e-01,8.144043572950717680e-01,-1.838278724968062383e-01,-4.177806202142835268e-01
8.144043572950717680e-01,-3.583464936140268176e-01,-4.177806202142834713e-01,1.838278724968061828e-01
7.175393454743612676e-01,5.261216155632573166e-01,-3.680899176130227324e-01,-2.698946940659848193e-01
5.261216155632572056e-01,-7.175393454743613786e-01,-2.698946940659848748e-01,3.680899176130226769e-01
8.844681091772842452e-01,9.686501182071040328e-02,-4.537225665627911964e-01,-4.969070260126057931e-02
9.686501182071044491e-02,-8.844681091772842452e-01,-4.969070260126060012e-02,4.537225665627911964e-01
1.838278724968063493e-01,4.177806202142835268e-01,3.583464936140269286e-01,8.144043572950716570e-01
4.177806202142835823e-01,-1.838278724968062938e-01,8.144043572950717680e-01,-3.583464936140268176e-01
3.680899176130227879e-01,2.698946940659849858e-01,7.175393454743612676e-01,5.261216155632573166e-01
2.698946940659848748e-01,-3.680899176130227879e-01,5.261216155632570945e-01,-7.175393454743612676e-01
4.537225665627912519e-01,4.969070260126073196e-02,8.844681091772841341e-01,9.686501182071038940e-02
4.969070260126075278e-02,-4.537225665627912519e-01,9.686501182071043103e-02,-8.844681091772841341e-01
4.022219382484452654e-01,9.141188903665633525e-01,1.849558869104973857e-02,-4.756132741669641395e-02
9.141188903665634635e-01,-4.022219382484451544e-01,-4.756132741669641395e-02,-1.849558869104973857e-02
8.053938616658511407e-01,5.905392120124636213e-01,-7.763014043950975177e-03,-5.043711212609328087e-02
5.905392120124633992e-01,-8.053938616658511407e-01,-5.043711212609327393e-02,7.763014043950971707e-03
9.927611502609087202e-01,1.087250287007123228e-01,-3.194152343504354230e-02,-3.979831337274545439e-02
1.087250287007123783e-01,-9.927611502609087202e-01,-3.979831337274546826e-02,3.194152343504352148e-02
2.726607979793658210e-01,6.196688007142112653e-01,-2.667471735818860434e-01,6.859392189201183321e-01
6.196688007142112653e-01,-2.726607979793657099e-01,6.859392189201182211e-01,2.667471735818860434e-01
5.459655780233731992e-01,4.003185243614607036e-01,1.119597807504487119e-01,7.274143758278208693e-01
4.003185243614605926e-01,-5.459655780233731992e-01,7.274143758278207583e-01,-1.119597807504486564e-01
6.729793223408265801e-01,7.370322269083805222e-02,4.606672022459346594e-01,5.739794381696698977e-01
7.370322269083809386e-02,-6.729793223408265801e-01,5.739794381696698977e-01,-4.606672022459346039e-01
2.726607979793658210e-01,6.196688007142112653e-01,2.667471735818859879e-01,-6.859392189201183321e-01
6.196688007142112653e-01,-2.726607979793657099e-01,-6.859392189201182211e-01,-2.667471735818859324e-01
5.459655780233731992e-01,4.003185243614607036e-01,-1.119597807504487952e-01,-7.274143758278208693e-01
4.003185243614605926e-01,-5.459655780233731992e-01,-7.274143758278207583e-01,1.119597807504487397e-01
6.729793223408264691e-01,7.370322269083803834e-02,-4.606672022459349369e-01,-5.739794381696695647e-01
7.370322269083809386e-02,-6.729793223408265801e-01,-5.739794381696698977e-01,4.606672022459346594e-01
4.022219382484452654e-01,9.141188903665633525e-01,-1.849558869104974204e-02,4.756132741669641395e-02
9.141188903665634635e-01,-4.022219382484451544e-01,4.756132741669641395e-02,1.849558869104974551e-02
8.053938616658511407e-01,5.905392120124636213e-01,7.763014043950969105e-03,5.043711212609328087e-02
5.905392120124633992e-01,-8.053938616658511407e-01,5.043711212609327393e-02,-7.763014043950965636e-03
9.927611502609087202e-01,1.087250287007123228e-01,3.194152343504352148e-02,3.979831337274546826e-02
1.087250287007123783e-01,-9.927611502609087202e-01,3.979831337274546826e-02,-3.194152343504351454e-02
1.838278724968063493e-01,4.177806202142835268e-01,8.144043572950717680e-01,-3.583464936140268176e-01
4.177806202142835823e-01,-1.838278724968062938e-01,-3.583464936140267620e-01,-8.144043572950717680e-01
3.680899176130227324e-01,2.698946940659849303e-01,5.261216155632570945e-01,-7.175393454743612676e-01
2.698946940659848748e-01,-3.680899176130227879e-01,-7.175393454743612676e-01,-5.261216155632570945e-01
4.537225665627912519e-01,4.969070260126073196e-02,9.686501182071043103e-02,-8.844681091772841341e-01
4.969070260126075278e-02,-4.537225665627912519e-01,-8.844681091772841341e-01,-9.686501182071009797e-02
3.583464936140269841e-01,8.144043572950717680e-01,-4.177806202142835268e-01,1.838278724968062106e-01
8.144043572950717680e-01,-3.583464936140268176e-01,1.838278724968061550e-01,4.177806202142834713e-01
7.175393454743612676e-01,5.261216155632573166e-01,-2.698946940659848748e-01,3.680899176130226769e-01
5.261216155632572056e-01,-7.175393454743613786e-01,3.680899176130226769e-01,2.698946940659848748e-01
8.844681091772842452e-01,9.686501182071040328e-02,-4.969070260126060012e-02,4.537225665627911964e-01
9.686501182071044491e-02,-8.844681091772842452e-01,4.537225665627911964e-01,4.969070260126062788e-02
2.055258095310125502e-02,4.670929332405827916e-02,-9.307935262663915577e-01,-3.619658061114469638e-01
4.670929332405827916e-02,-2.055258095310124808e-02,-3.619658061114470193e-01,9.307935262663915577e-01
4.115370388075102054e-02,3.017514413490272884e-02,-9.870737424805167137e-01,1.519251797393703640e-01
3.017514413490272537e-02,-4.115370388075102748e-02,1.519251797393703085e-01,9.870737424805167137e-01
5.072772508800398039e-02,5.555589443307260358e-03,-7.788683465270217487e-01,6.251079363690694723e-01
5.555589443307262960e-03,-5.072772508800398039e-02,6.251079363690694723e-01,7.788683465270217487e-01
2.964135378781229124e-01,6.736510084823160716e-01,6.309723102896989122e-01,2.453717118598092717e-01
6.736510084823160716e-01,-2.964135378781227459e-01,2.453717118598092717e-01,-6.309723102896988012e-01
5.935271580692332849e-01,4.351921176916305756e-01,6.691239057253411948e-01,-1.029880193041792374e-01
4.351921176916305201e-01,-5.935271580692333959e-01,-1.029880193041793346e-01,-6.691239057253411948e-01
7.316056555697534325e-01,8.012385041308262013e-02,5.279842909855196886e-01,-4.237521938655319786e-01
8.012385041308266176e-02,-7.316056555697534325e-01,-4.237521938655319786e-01,-5.279842909855196886e-01
2.964135378781229124e-01,6.736510084823160716e-01,-6.309723102896989122e-01,-2.453717118598093549e-01
6.736510084823160716e-01,-2.964135378781227459e-01,-2.453717118598093549e-01,6.309723102896988012e-01
5.935271580692332849e-01,4.351921176916305756e-01,-6.691239057253411948e-01,1.029880193041792930e-01
4.351921176916305201e-01,-5.935271580692333959e-01,1.029880193041792513e-01,6.691239057253411948e-01
7.316056555697534325e-01,8.012385041308262013e-02,-5.279842909855199107e-01,4.237521938655317011e-01
8.012385041308266176e-02,-7.316056555697534325e-01,4.237521938655317011e-01,5.279842909855199107e-01
2.055258095310125502e-02,4.670929332405827916e-02,9.307935262663915577e-01,3.619658061114468528e-01
4.670929332405827916e-02,-2.055258095310124808e-02,3.619658061114469083e-01,-9.307935262663915577e-01
4.115370388075102054e-02,3.017514413490272884e-02,9.870737424805167137e-01,-1.519251797393702808e-01
3.017514413490272537e-02,-4.115370388075102748e-02,-1.519251797393704195e-01,-9.870737424805167137e-01
5.072772508800398039e-02,5.555589443307260358e-03,7.788683465270214157e-01,-6.251079363690699164e-01
5.555589443307262960e-03,-5.072772508800398039e-02,-6.251079363690699164e-01,-7.788683465270214157e-01
1.029880193041792513e-01,6.691239057253413058e-01,-1.119597807504484899e-01,-7.274143758278208693e-01
6.691239057253411948e-01,-1.029880193041792374e-01,-7.274143758278207583e-01,1.119597807504487397e-01
4.237521938655319786e-01,5.279842909855196886e-01,-4.606672022459349369e-01,-5.739794381696695647e-01
5.279842909855197997e-01,-4.237521938655320342e-01,-5.739794381696698977e-01,4.606672022459346594e-01
6.309723102896989122e-01,2.453717118598092717e-01,-6.859392189201183321e-01,-2.667471735818859879e-01
2.453717118598092994e-01,-6.309723102896989122e-01,-2.667471735818860434e-01,6.859392189201183321e-01
1.119597807504486980e-01,7.274143758278208693e-01,1.029880193041792374e-01,6.691239057253411948e-01
7.274143758278208693e-01,-1.119597807504486980e-01,6.691239057253411948e-01,-1.029880193041792374e-01
4.606672022459349924e-01,5.739794381696696757e-01,4.237521938655319786e-01,5.279842909855196886e-01
5.739794381696696757e-01,-4.606672022459349924e-01,5.279842909855196886e-01,-4.237521938655319786e-01
6.859392189201183321e-01,2.667471735818859324e-01,6.309723102896988012e-01,2.453717118598092439e-01
2.667471735818859324e-01,-6.859392189201183321e-01,2.453717118598092717e-01,-6.309723102896988012e-01
1.353527748594766655e-01,8.794010990466787359e-01,2.698946940659849858e-01,-3.680899176130226214e-01
8.794010990466787359e-01,-1.353527748594766655e-01,-3.680899176130227324e-01,-2.698946940659848193e-01
5.569194910243618901e-01,6.939073044606407503e-01,4.969070260126074584e-02,-4.537225665627911964e-01
6.939073044606407503e-01,-5.569194910243618901e-01,-4.537225665627911964e-01,-4.969070260126057931e-02
8.292600793201174714e-01,3.224816080223169568e-01,-1.838278724968062383e-01,-4.177806202142835268e-01
3.224816080223169568e-01,-8.292600793201173603e-01,-4.177806202142834713e-01,1.838278724968061828e-01
5.434109830765656429e-02,3.530597848826516061e-01,-5.522958205466690362e-01,7.532364568580142139e-01
3.530597848826516061e-01,-5.434109830765656429e-02,7.532364568580142139e-01,5.522958205466690362e-01
2.235906640453039218e-01,2.785881936092171052e-01,-1.016839825683803211e-01,9.284698169689560299e-01
2.785881936092171052e-01,-2.235906640453039218e-01,9.284698169689561409e-01,1.016839825683795440e-01
3.329292919168736486e-01,1.294691208373476565e-01,3.761739964222868826e-01,8.549204394263940632e-01
1.294691208373476843e-01,-3.329292919168736486e-01,8.549204394263941742e-01,-3.761739964222868271e-01
5.434109830765655735e-02,3.530597848826515506e-01,5.522958205466691473e-01,-7.532364568580139919e-01
3.530597848826516061e-01,-5.434109830765656429e-02,-7.532364568580143249e-01,-5.522958205466689252e-01
2.235906640453039218e-01,2.785881936092171052e-01,1.016839825683797938e-01,-9.284698169689561409e-01
2.785881936092171052e-01,-2.235906640453039218e-01,-9.284698169689561409e-01,-1.016839825683794329e-01
3.329292919168736486e-01,1.294691208373476565e-01,-3.761739964222869936e-01,-8.549204394263940632e-01
1.294691208373476843e-01,-3.329292919168736486e-01,-8.549204394263940632e-01,3.761739964222869381e-01
1.353527748594766655e-01,8.794010990466787359e-01,-2.698946940659848748e-01,3.680899176130226769e-01
8.794010990466787359e-01,-1.353527748594766655e-01,3.680899176130226769e-01,2.698946940659848748e-01
5.569194910243618901e-01,6.939073044606407503e-01,-4.969070260126100952e-02,4.537225665627911408e-01
6.939073044606407503e-01,-5.569194910243618901e-01,4.537225665627911964e-01,4.969070260126062788e-02
8.292600793201174714e-01,3.224816080223169568e-01,1.838278724968061828e-01,4.177806202142835268e-01
3.224816080223169568e-01,-8.292600793201173603e-01,4.177806202142835268e-01,-1.838278724968061273e-01
1.119597807504486980e-01,7.274143758278208693e-01,6.691239057253411948e-01,-1.029880193041792374e-01
7.274143758278208693e-01,-1.119597807504486980e-01,-1.029880193041793346e-01,-6.691239057253411948e-01
4.606672022459349924e-01,5.739794381696696757e-01,5.279842909855196886e-01,-4.237521938655319786e-01
5.739794381696696757e-01,-4.606672022459349924e-01,-4.237521938655319786e-01,-5.279842909855196886e-01
6.859392189201183321e-01,2.667471735818859324e-01,2.453717118598092717e-01,-6.309723102896988012e-01
2.667471735818859324e-01,-6.859392189201183321e-01,-6.309723102896988012e-01,-2.453717118598093272e-01
1.029880193041792374e-01,6.691239057253411948e-01,-7.274143758278207583e-01,1.119597807504487397e-01
6.691239057253411948e-01,-1.029880193041792374e-01,1.119597807504486980e-01,7.274143758278207583e-01
4.237521938655320342e-01,5.279842909855197997e-01,-5.739794381696698977e-01,4.606672022459346594e-01
5.279842909855197997e-01,-4.237521938655320342e-01,4.606672022459346594e-01,5.739794381696698977e-01
6.309723102896989122e-01,2.453717118598092717e-01,-2.667471735818860434e-01,6.859392189201183321e-01
2.453717118598092717e-01,-6.309723102896988012e-01,6.859392189201182211e-01,2.667471735818860434e-01
6.943450845023937945e-02,4.511232452108925317e-01,-7.175393454743612676e-01,-5.261216155632570945e-01
4.511232452108925872e-01,-6.943450845023939333e-02,-5.261216155632573166e-01,7.175393454743612676e-01
2.856936708226389121e-01,3.559669363651899454e-01,-8.844681091772841341e-01,-9.686501182071088900e-02
3.559669363651898899e-01,-2.856936708226388566e-01,-9.686501182071015348e-02,8.844681091772841341e-01
4.254014448154292971e-01,1.654295743882537306e-01,-8.144043572950717680e-01,3.583464936140267065e-01
1.654295743882537584e-01,-4.254014448154292971e-01,3.583464936140266510e-01,8.144043572950717680e-01
1.420864865516919817e-01,9.231507264107683408e-01,2.880759271652554854e-01,2.112260089443178945e-01
9.231507264107683408e-01,-1.420864865516919817e-01,2.112260089443178668e-01,-2.880759271652555409e-01
5.846258700936254327e-01,7.284287373179375580e-01,3.550940756160258505e-01,3.888912610315059526e-02
7.284287373179375580e-01,-5.846258700936254327e-01,3.888912610315061608e-02,-3.550940756160258505e-01
8.705152238696294287e-01,3.385248563171429637e-01,3.269650532684060806e-01,-1.438680666717079004e-01
3.385248563171430192e-01,-8.705152238696294287e-01,-1.438680666717079004e-01,-3.269650532684060806e-01
1.420864865516919817e-01,9.231507264107683408e-01,-2.880759271652555409e-01,-2.112260089443178668e-01
9.231507264107683408e-01,-1.420864865516919817e-01,-2.112260089443178945e-01,2.880759271652554854e-01
5.846258700936254327e-01,7.284287373179375580e-01,-3.550940756160257950e-01,-3.888912610315079649e-02
7.284287373179375580e-01,-5.846258700936254327e-01,-3.888912610315050505e-02,3.550940756160258505e-01
8.705152238696294287e-01,3.385248563171429637e-01,-3.269650532684060806e-01,1.438680666717078727e-01
3.385248563171430192e-01,-8.705152238696294287e-01,1.438680666717078449e-01,3.269650532684060806e-01
6.943450845023939333e-02,4.511232452108925872e-01,7.175393454743612676e-01,5.261216155632573166e-01
4.511232452108925872e-01,-6.943450845023939333e-02,5.261216155632572056e-01,-7.175393454743613786e-01
2.856936708226388566e-01,3.559669363651898899e-01,8.844681091772841341e-01,9.686501182071038940e-02
3.559669363651898899e-01,-2.856936708226388566e-01,9.686501182071043103e-02,-8.844681091772841341e-01
4.254014448154292971e-01,1.654295743882537306e-01,8.144043572950717680e-01,-3.583464936140268176e-01
1.654295743882537584e-01,-4.254014448154292971e-01,-3.583464936140267620e-01,-8.144043572950717680e-01
1.202640964343851399e-01,7.813683811806189095e-01,1.455522888143071236e-01,-5.948231091853413144e-01
7.813683811806189095e-01,-1.202640964343851399e-01,-5.948231091853413144e-01,-1.455522888143071791e-01
4.948359532656685378e-01,6.165528195991460958e-01,-1.713595749005112356e-01,-5.879080677197039417e-01
6.165528195991462068e-01,-4.948359532656685933e-01,-5.879080677197040528e-01,1.713595749005112356e-01
7.368169160335311663e-01,2.865324279149504272e-01,-4.423557789053969569e-01,-4.234635342848301898e-01
2.865324279149505382e-01,-7.368169160335312773e-01,-4.234635342848300232e-01,4.423557789053971234e-01
9.315616852741127885e-02,6.052453455131171500e-01,-1.879071968600613540e-01,7.679133319380477829e-01
6.052453455131171500e-01,-9.315616852741127885e-02,7.679133319380477829e-01,1.879071968600613818e-01
3.832982812205211198e-01,4.775797604729437040e-01,2.212242599342867932e-01,7.589860517931321660e-01
4.775797604729437040e-01,-3.832982812205211198e-01,7.589860517931321660e-01,-2.212242599342867377e-01
5.707359290003549690e-01,2.219470642925960302e-01,5.710788549330706454e-01,5.466890720037608231e-01
2.219470642925960302e-01,-5.707359290003548580e-01,5.466890720037612672e-01,-5.710788549330700903e-01
1.470881196756626264e-01,9.556468586165138834e-01,1.113320972664380354e-03,-2.551527526464852369e-01
9.556468586165138834e-01,-1.470881196756626264e-01,-2.551527526464852369e-01,-1.113320972664282558e-03
6.052054775422665012e-01,7.540703967708655142e-01,-1.266122120783493288e-01,-2.215254261237155076e-01
7.540703967708655142e-01,-6.052054775422665012e-01,-2.215254261237154521e-01,1.266122120783494120e-01
9.011585164465281128e-01,3.504413810742474933e-01,-2.204121051510511964e-01,-1.285405405681359636e-01
3.504413810742475488e-01,-9.011585164465281128e-01,-1.285405405681359914e-01,2.204121051510511964e-01
8.215601833838410972e-02,5.337762221356902037e-01,-2.000424869439322018e-01,8.175061692431563332e-01
5.337762221356902037e-01,-8.215601833838410972e-02,8.175061692431563332e-01,2.000424869439322573e-01
3.380373100226659600e-01,4.211857591364012721e-01,2.355112090919155021e-01,8.080023537870403283e-01
4.211857591364012721e-01,-3.380373100226659600e-01,8.080023537870403283e-01,-2.355112090919154466e-01
5.033417774747853679e-01,1.957389121130242715e-01,6.079598668431077657e-01,5.819949601512406367e-01
1.957389121130243270e-01,-5.033417774747853679e-01,5.819949601512411919e-01,-6.079598668431072106e-01
8.215601833838410972e-02,5.337762221356902037e-01,2.000424869439321185e-01,-8.175061692431563332e-01
5.337762221356902037e-01,-8.215601833838410972e-02,-8.175061692431563332e-01,-2.000424869439321462e-01
3.380373100226659600e-01,4.211857591364012721e-01,-2.355112090919162793e-01,-8.080023537870401062e-01
4.211857591364012721e-01,-3.380373100226659600e-01,-8.080023537870401062e-01,2.355112090919162515e-01
5.033417774747853679e-01,1.957389121130242715e-01,-6.079598668431082098e-01,-5.819949601512401927e-01
1.957389121130243270e-01,-5.033417774747853679e-01,-5.819949601512399706e-01,6.079598668431083208e-01
1.470881196756626264e-01,9.556468586165138834e-01,-1.113320972664298388e-03,2.551527526464852369e-01
9.556468586165138834e-01,-1.470881196756626264e-01,2.551527526464852369e-01,1.113320972664314000e-03
6.052054775422665012e-01,7.540703967708655142e-01,1.266122120783491900e-01,2.215254261237155908e-01
7.540703967708655142e-01,-6.052054775422665012e-01,2.215254261237154798e-01,-1.266122120783493843e-01
9.011585164465281128e-01,3.504413810742474933e-01,2.204121051510511964e-01,1.285405405681359914e-01
3.504413810742475488e-01,-9.011585164465281128e-01,1.285405405681360191e-01,-2.204121051510511964e-01
9.315616852741126497e-02,6.052453455131170390e-01,7.679133319380477829e-01,1.879071968600610210e-01
6.052453455131171500e-01,-9.315616852741127885e-02,1.879071968600612708e-01,-7.679133319380477829e-01
3.832982812205211198e-01,4.775797604729437040e-01,7.589860517931320549e-01,-2.212242599342875704e-01
4.775797604729437040e-01,-3.832982812205211198e-01,-2.212242599342875427e-01,-7.589860517931320549e-01
5.707359290003548580e-01,2.219470642925960024e-01,5.466890720037603790e-01,-5.710788549330709785e-01
2.219470642925960302e-01,-5.707359290003548580e-01,-5.710788549330709785e-01,-5.466890720037603790e-01
1.202640964343851399e-01,7.813683811806189095e-01,-5.948231091853413144e-01,-1.455522888143071791e-01
7.813683811806189095e-01,-1.202640964343851399e-01,-1.455522888143072069e-01,5.948231091853413144e-01
4.948359532656685933e-01,6.165528195991462068e-01,-5.879080677197042748e-01,1.713595749005107083e-01
6.165528195991460958e-01,-4.948359532656685378e-01,1.713595749005106528e-01,5.879080677197041638e-01
7.368169160335311663e-01,2.865324279149504272e-01,-4.234635342848303563e-01,4.423557789053966793e-01
2.865324279149504827e-01,-7.368169160335311663e-01,4.423557789053966793e-01,4.234635342848304673e-01
3.881507021975469374e-02,2.521855606304654329e-01,-9.668909112971365571e-01,-4.218884251337161155e-03
2.521855606304654329e-01,-3.881507021975469374e-02,-4.218884251337220136e-03,9.668909112971365571e-01
1.597076171752171425e-01,1.989915668637265433e-01,-8.394615339972754109e-01,4.797917947112837478e-01
1.989915668637265433e-01,-1.597076171752171425e-01,4.797917947112844139e-01,8.394615339972750778e-01
2.378066370834811816e-01,9.247794345524833204e-02,-4.870991165858526428e-01,8.352426497459377597e-01
9.247794345524834592e-02,-2.378066370834811816e-01,8.352426497459377597e-01,4.870991165858526428e-01
1.280309075054520962e-01,8.318301629880127113e-01,5.245846736595443094e-01,1.283650529863015199e-01
8.318301629880127113e-01,-1.280309075054520962e-01,1.283650529863016865e-01,-5.245846736595441984e-01
5.267930998633036932e-01,6.563705990290430448e-01,5.184861803182856388e-01,-1.511249399854995290e-01
6.563705990290430448e-01,-5.267930998633036932e-01,-1.511249399854995012e-01,-5.184861803182856388e-01
7.844015065344951410e-01,3.050370631247091291e-01,3.734597336740448914e-01,-3.901211273319840078e-01
3.050370631247091846e-01,-7.844015065344951410e-01,-3.901211273319840078e-01,-3.734597336740448914e-01
1.280309075054520962e-01,8.318301629880127113e-01,-5.245846736595441984e-01,-1.283650529863017142e-01
8.318301629880127113e-01,-1.280309075054520962e-01,-1.283650529863017420e-01,5.245846736595441984e-01
5.267930998633036932e-01,6.563705990290430448e-01,-5.184861803182857498e-01,1.511249399854990294e-01
6.563705990290430448e-01,-5.267930998633036932e-01,1.511249399854990016e-01,5.184861803182857498e-01
7.844015065344951410e-01,3.050370631247091291e-01,-3.734597336740450579e-01,3.901211273319837858e-01
3.050370631247091846e-01,-7.844015065344951410e-01,3.901211273319837858e-01,3.734597336740451134e-01
3.881507021975469374e-02,2.521855606304654329e-01,9.668909112971365571e-01,4.218884251337257432e-03
2.521855606304654329e-01,-3.881507021975469374e-02,4.218884251337102174e-03,-9.668909112971365571e-01
1.597076171752171425e-01,1.989915668637265433e-01,8.394615339972751888e-01,-4.797917947112841919e-01
1.989915668637265433e-01,-1.597076171752171425e-01,-4.797917947112841919e-01,-8.394615339972751888e-01
2.378066370834811816e-01,9.247794345524833204e-02,4.870991165858525318e-01,-8.352426497459378707e-01
9.247794345524835979e-02,-2.378066370834812093e-01,-8.352426497459378707e-01,-4.870991165858525873e-01
3.183992150117618825e-01,7.236172606287759601e-01,-4.423557789053969569e-01,-4.234635342848301898e-01
7.236172606287760711e-01,-3.183992150117618269e-01,-4.234635342848299677e-01,4.423557789053970679e-01
6.375504390595974069e-01,4.674713228155440992e-01,-5.948231091853413144e-01,-1.455522888143071791e-01
4.674713228155440436e-01,-6.375504390595974069e-01,-1.455522888143072069e-01,5.948231091853413144e-01
7.858705378273060926e-01,8.606682156917853932e-02,-5.879080677197039417e-01,1.713595749005112079e-01
8.606682156917858095e-02,-7.858705378273060926e-01,1.713595749005111801e-01,5.879080677197039417e-01
2.466309714372136586e-01,5.605115198886961858e-01,5.710788549330709785e-01,5.466890720037602680e-01
5.605115198886961858e-01,-2.466309714372135753e-01,5.466890720037603790e-01,-5.710788549330709785e-01
4.938444465690093876e-01,3.621017296188306922e-01,7.679133319380477829e-01,1.879071968600610210e-01
3.621017296188305812e-01,-4.938444465690094431e-01,1.879071968600608822e-01,-7.679133319380477829e-01
6.087327010560443785e-01,6.666707331968674266e-02,7.589860517931320549e-01,-2.212242599342875704e-01
6.666707331968678429e-02,-6.087327010560443785e-01,-2.212242599342875427e-01,-7.589860517931320549e-01
3.894158209373696500e-01,8.850147748693283356e-01,2.145954620350799813e-01,-1.380324394503596730e-01
8.850147748693284466e-01,-3.894158209373695390e-01,-1.380324394503596730e-01,-2.145954620350799813e-01
7.797513810019983671e-01,5.717373672927194006e-01,1.168289019340584128e-01,-2.268373301278888421e-01
5.717373672927192896e-01,-7.797513810019984781e-01,-2.268373301278888421e-01,-1.168289019340584267e-01
9.611531882300889951e-01,1.052633938673299546e-01,-1.224186809280885906e-02,-2.548613413844181830e-01
1.052633938673300101e-01,-9.611531882300889951e-01,-2.548613413844181830e-01,1.224186809280873069e-02
2.175080720097138653e-01,4.943246962041080161e-01,-5.819949601512399706e-01,6.079598668431083208e-01
4.943246962041081272e-01,-2.175080720097138098e-01,6.079598668431083208e-01,5.819949601512400816e-01
4.355298639906411973e-01,3.193437086259257041e-01,-2.000424869439314801e-01,8.175061692431565552e-01
3.193437086259256485e-01,-4.355298639906413083e-01,8.175061692431565552e-01,2.000424869439315356e-01
5.368517806356396527e-01,5.879483221346679805e-02,2.355112090919169454e-01,8.080023537870399952e-01
5.879483221346682581e-02,-5.368517806356396527e-01,8.080023537870399952e-01,-2.355112090919168344e-01
2.175080720097138653e-01,4.943246962041080161e-01,5.819949601512401927e-01,-6.079598668431082098e-01
4.943246962041081272e-01,-2.175080720097138098e-01,-6.079598668431082098e-01,-5.819949601512401927e-01
4.355298639906411973e-01,3.193437086259257041e-01,2.000424869439321185e-01,-8.175061692431563332e-01
3.193437086259256485e-01,-4.355298639906413083e-01,-8.175061692431563332e-01,-2.000424869439321462e-01
5.368517806356396527e-01,5.879483221346679805e-02,-2.355112090919162793e-01,-8.080023537870401062e-01
5.879483221346682581e-02,-5.368517806356396527e-01,-8.080023537870401062e-01,2.355112090919162515e-01
3.894158209373696500e-01,8.850147748693283356e-01,-2.145954620350799813e-01,1.380324394503596452e-01
8.850147748693284466e-01,-3.894158209373695390e-01,1.380324394503596452e-01,2.145954620350800091e-01
7.797513810019983671e-01,5.717373672927194006e-01,-1.168289019340584406e-01,2.268373301278888143e-01
5.717373672927192896e-01,-7.797513810019984781e-01,2.268373301278888143e-01,1.168289019340584406e-01
9.611531882300889951e-01,1.052633938673299546e-01,1.224186809280871334e-02,2.548613413844181830e-01
1.052633938673300101e-01,-9.611531882300889951e-01,2.548613413844181830e-01,-1.224186809280869773e-02
2.466309714372136586e-01,5.605115198886961858e-01,5.466890720037603790e-01,-5.710788549330709785e-01
5.605115198886961858e-01,-2.466309714372135753e-01,-5.710788549330709785e-01,-5.466890720037603790e-01
4.938444465690094431e-01,3.621017296188307477e-01,1.879071968600612708e-01,-7.679133319380477829e-01
3.621017296188306367e-01,-4.938444465690094987e-01,-7.679133319380477829e-01,-1.879071968600612985e-01
6.087327010560443785e-01,6.666707331968674266e-02,-2.212242599342875427e-01,-7.589860517931320549e-01
6.666707331968678429e-02,-6.087327010560443785e-01,-7.589860517931320549e-01,2.212242599342874871e-01
3.183992150117618825e-01,7.236172606287759601e-01,-4.234635342848299677e-01,4.423557789053970679e-01
7.236172606287760711e-01,-3.183992150117618269e-01,4.423557789053970679e-01,4.234635342848300232e-01
6.375504390595974069e-01,4.674713228155440992e-01,-1.455522888143066795e-01,5.948231091853414254e-01
4.674713228155440436e-01,-6.375504390595974069e-01,5.948231091853414254e-01,1.455522888143067073e-01
7.858705378273060926e-01,8.606682156917853932e-02,1.713595749005117075e-01,5.879080677197038307e-01
8.606682156917858095e-02,-7.858705378273060926e-01,5.879080677197038307e-01,-1.713595749005116520e-01
1.027629047655056749e-01,2.335464666202900497e-01,-5.230682788425075058e-01,-8.132007187663266023e-01
2.335464666202901052e-01,-1.027629047655056610e-01,-8.132007187663267134e-01,5.230682788425075058e-01
2.057685194037539023e-01,1.508757206745127699e-01,-8.595907767745772921e-01,-4.427183414061497957e-01
1.508757206745127699e-01,-2.057685194037539578e-01,-4.427183414061499067e-01,8.595907767745772921e-01
2.536386254400184725e-01,2.777794721653614046e-02,-9.657866202486574680e-01,4.639005800825022480e-02
2.777794721653615434e-02,-2.536386254400184725e-01,4.639005800825016235e-02,9.657866202486574680e-01
3.389618485947747950e-01,7.703494002921962291e-01,3.901211273319840078e-01,3.734597336740448359e-01
7.703494002921963402e-01,-3.389618485947746840e-01,3.734597336740448914e-01,-3.901211273319840078e-01
6.787242719429077420e-01,4.976612261457620257e-01,5.245846736595443094e-01,1.283650529863015199e-01
4.976612261457619146e-01,-6.787242719429077420e-01,1.283650529863014367e-01,-5.245846736595443094e-01
8.366230747405368762e-01,9.162512834928850103e-02,5.184861803182856388e-01,-1.511249399854995290e-01
9.162512834928854266e-02,-8.366230747405368762e-01,-1.511249399854995012e-01,-5.184861803182856388e-01
3.389618485947747950e-01,7.703494002921962291e-01,-3.901211273319840078e-01,-3.734597336740448914e-01
7.703494002921963402e-01,-3.389618485947746840e-01,-3.734597336740446694e-01,3.901211273319841744e-01
6.787242719429077420e-01,4.976612261457620257e-01,-5.245846736595441984e-01,-1.283650529863017142e-01
4.976612261457619701e-01,-6.787242719429078530e-01,-1.283650529863017697e-01,5.245846736595443094e-01
8.366230747405368762e-01,9.162512834928850103e-02,-5.184861803182856388e-01,1.511249399854994735e-01
9.162512834928854266e-02,-8.366230747405368762e-01,1.511249399854994457e-01,5.184861803182856388e-01
1.027629047655056749e-01,2.335464666202900497e-01,5.230682788425076168e-01,8.132007187663266023e-01
2.335464666202900774e-01,-1.027629047655056471e-01,8.132007187663266023e-01,-5.230682788425075058e-01
2.057685194037539300e-01,1.508757206745127977e-01,8.595907767745772921e-01,4.427183414061499067e-01
1.508757206745127422e-01,-2.057685194037539300e-01,4.427183414061497402e-01,-8.595907767745772921e-01
2.536386254400184725e-01,2.777794721653614046e-02,9.657866202486574680e-01,-4.639005800825076603e-02
2.777794721653615434e-02,-2.536386254400184725e-01,-4.639005800825071052e-02,-9.657866202486574680e-01
3.183992150117618825e-01,7.236172606287759601e-01,-1.335883428303783968e-02,-6.122267076390888185e-01
7.236172606287760711e-01,-3.183992150117618269e-01,-6.122267076390888185e-01,1.335883428303752916e-02
6.375504390595974069e-01,4.674713228155440992e-01,-3.176824436736015445e-01,-5.235244645492403981e-01
4.674713228155440992e-01,-6.375504390595975179e-01,-5.235244645492402871e-01,3.176824436736020441e-01
7.858705378273060926e-01,8.606682156917853932e-02,-5.368832988322782551e-01,-2.945442639654871075e-01
8.606682156917858095e-02,-7.858705378273060926e-01,-2.945442639654871075e-01,5.368832988322782551e-01
2.466309714372136586e-01,5.605115198886961858e-01,1.724618090098296863e-02,7.903812809298628173e-01
5.605115198886961858e-01,-2.466309714372135753e-01,7.903812809298628173e-01,-1.724618090098292353e-02
4.938444465690093876e-01,3.621017296188306922e-01,4.101262712434448621e-01,6.758671775104546642e-01
3.621017296188306367e-01,-4.938444465690094987e-01,6.758671775104544421e-01,-4.101262712434454172e-01
6.087327010560443785e-01,6.666707331968674266e-02,6.931133584114379520e-01,3.802550096864177331e-01
6.666707331968678429e-02,-6.087327010560443785e-01,3.802550096864177887e-01,-6.931133584114378410e-01
3.894158209373696500e-01,8.850147748693283356e-01,-6.496300631479723364e-02,-2.467467821010241313e-01
8.850147748693284466e-01,-3.894158209373695390e-01,-2.467467821010241313e-01,6.496300631479721976e-02
7.797513810019983671e-01,5.717373672927194006e-01,-1.796330048253354239e-01,-1.812074784441516651e-01
5.717373672927192896e-01,-7.797513810019984781e-01,-1.812074784441516651e-01,1.796330048253353961e-01
9.611531882300889951e-01,1.052633938673299546e-01,-2.461704847589488987e-01,-6.711377727568884621e-02
1.052633938673300101e-01,-9.611531882300889951e-01,-6.711377727568886009e-02,2.461704847589488987e-01
2.175080720097138653e-01,4.943246962041080161e-01,1.835996159469531833e-02,8.414251274733687280e-01
4.943246962041081272e-01,-2.175080720097138098e-01,8.414251274733687280e-01,-1.835996159469526975e-02
4.355298639906411973e-01,3.193437086259257041e-01,4.366127568901973510e-01,7.195155549771491410e-01
3.193437086259256485e-01,-4.355298639906413083e-01,7.195155549771486969e-01,-4.366127568901979616e-01
5.368517806356396527e-01,5.879483221346679805e-02,7.378755165718448028e-01,4.048123705831711550e-01
5.879483221346682581e-02,-5.368517806356396527e-01,4.048123705831712105e-01,-7.378755165718446918e-01
2.175080720097138653e-01,4.943246962041080161e-01,-1.835996159469579711e-02,-8.414251274733687280e-01
4.943246962041081272e-01,-2.175080720097138098e-01,-8.414251274733687280e-01,1.835996159469537037e-02
4.355298639906411973e-01,3.193437086259257041e-01,-4.366127568901974620e-01,-7.195155549771490300e-01
3.193437086259256485e-01,-4.355298639906413083e-01,-7.195155549771486969e-01,4.366127568901980172e-01
5.368517806356396527e-01,5.879483221346679805e-02,-7.378755165718448028e-01,-4.048123705831710439e-01
5.879483221346682581e-02,-5.368517806356396527e-01,-4.048123705831710994e-01,7.378755165718448028e-01
3.894158209373696500e-01,8.850147748693283356e-01,6.496300631479720589e-02,2.467467821010241313e-01
8.850147748693284466e-01,-3.894158209373695390e-01,2.467467821010241869e-01,-6.496300631479696996e-02
7.797513810019983671e-01,5.717373672927194006e-01,1.796330048253353961e-01,1.812074784441516928e-01
5.717373672927192896e-01,-7.797513810019984781e-01,1.812074784441516928e-01,-1.796330048253353684e-01
9.611531882300889951e-01,1.052633938673299546e-01,2.461704847589488987e-01,6.711377727568887397e-02
1.052633938673300101e-01,-9.611531882300889951e-01,6.711377727568888785e-02,-2.461704847589488987e-01
2.466309714372136586e-01,5.605115198886961858e-01,7.903812809298628173e-01,-1.724618090098346476e-02
5.605115198886961858e-01,-2.466309714372135753e-01,-1.724618090098341966e-02,-7.903812809298628173e-01
4.938444465690093876e-01,3.621017296188306922e-01,6.758671775104545532e-01,-4.101262712434449176e-01
3.621017296188306367e-01,-4.938444465690094987e-01,-4.101262712434452506e-01,-6.758671775104544421e-01
6.087327010560443785e-01,6.666707331968674266e-02,3.802550096864176221e-01,-6.931133584114379520e-01
6.666707331968678429e-02,-6.087327010560443785e-01,-6.931133584114379520e-01,-3.802550096864176776e-01
3.183992150117618825e-01,7.236172606287759601e-01,-6.122267076390888185e-01,1.335883428303752916e-02
7.236172606287760711e-01,-3.183992150117618269e-01,1.335883428303749100e-02,6.122267076390888185e-01
6.375504390595974069e-01,4.674713228155440992e-01,-5.235244645492405091e-01,3.176824436736014889e-01
4.674713228155440436e-01,-6.375504390595974069e-01,3.176824436736014889e-01,5.235244645492405091e-01
7.858705378273060926e-01,8.606682156917853932e-02,-2.945442639654871075e-01,5.368832988322782551e-01
8.606682156917858095e-02,-7.858705378273060926e-01,5.368832988322782551e-01,2.945442639654871630e-01
1.027629047655056749e-01,2.335464666202900497e-01,-9.350368300194060733e-01,2.461746531237399005e-01
2.335464666202900774e-01,-1.027629047655056471e-01,2.461746531237398450e-01,9.350368300194060733e-01
2.057685194037539300e-01,1.508757206745127977e-01,-6.866783217090075553e-01,6.807119183826843001e-01
1.508757206745127422e-01,-2.057685194037539300e-01,6.807119183826841891e-01,6.866783217090075553e-01
2.536386254400184725e-01,2.777794721653614046e-02,-2.543249116367223839e-01,9.328529748327475390e-01
2.777794721653615434e-02,-2.536386254400184725e-01,9.328529748327475390e-01,2.543249116367224394e-01
3.389618485947747950e-01,7.703494002921962291e-01,5.399332048016256547e-01,-1.178138443954735229e-02
7.703494002921963402e-01,-3.389618485947746840e-01,-1.178138443954732106e-02,-5.399332048016256547e-01
6.787242719429077420e-01,4.976612261457620257e-01,4.617051794851801949e-01,-2.801695806172114223e-01
4.976612261457619146e-01,-6.787242719429077420e-01,-2.801695806172115888e-01,-4.617051794851800839e-01
8.366230747405368762e-01,9.162512834928850103e-02,2.597636241844140659e-01,-4.734865639247274882e-01
9.162512834928854266e-02,-8.366230747405368762e-01,-4.734865639247274882e-01,-2.597636241844140659e-01
3.389618485947747950e-01,7.703494002921962291e-01,-5.399332048016256547e-01,1.178138443954704698e-02
7.703494002921963402e-01,-3.389618485947746840e-01,1.178138443954701402e-02,5.399332048016256547e-01
6.787242719429077420e-01,4.976612261457620257e-01,-4.617051794851802504e-01,2.801695806172113667e-01
4.976612261457619146e-01,-6.787242719429077420e-01,2.801695806172113667e-01,4.617051794851802504e-01
8.366230747405368762e-01,9.162512834928850103e-02,-2.597636241844141214e-01,4.734865639247274882e-01
9.162512834928854266e-02,-8.366230747405368762e-01,4.734865639247274882e-01,2.597636241844141769e-01
1.027629047655056749e-01,2.335464666202900497e-01,9.350368300194060733e-01,-2.461746531237400115e-01
2.335464666202900774e-01,-1.027629047655056471e-01,-2.461746531237399560e-01,-9.350368300194060733e-01
2.057685194037539023e-01,1.508757206745127699e-01,6.866783217090074443e-01,-6.807119183826843001e-01
1.508757206745127422e-01,-2.057685194037539300e-01,-6.807119183826843001e-01,-6.866783217090074443e-01
2.536386254400184725e-01,2.777794721653614046e-02,2.543249116367218288e-01,-9.328529748327477611e-01
2.777794721653615434e-02,-2.536386254400184725e-01,-9.328529748327475390e-01,-2.543249116367223284e-01
1.202640964343851399e-01,7.813683811806189095e-01,-3.176824436736015445e-01,-5.235244645492403981e-01
7.813683811806189095e-01,-1.202640964343851399e-01,-5.235244645492405091e-01,3.176824436736014889e-01
4.948359532656685933e-01,6.165528195991462068e-01,-5.368832988322783661e-01,-2.945442639654871630e-01
6.165528195991460958e-01,-4.948359532656685378e-01,-2.945442639654871075e-01,5.368832988322782551e-01
7.368169160335311663e-01,2.865324279149504272e-01,-6.122267076390888185e-01,1.335883428303752916e-02
2.865324279149504827e-01,-7.368169160335311663e-01,1.335883428303749100e-02,6.122267076390888185e-01
9.315616852741127885e-02,6.052453455131171500e-01,4.101262712434451951e-01,6.758671775104545532e-01
6.052453455131170390e-01,-9.315616852741126497e-02,6.758671775104545532e-01,-4.101262712434449176e-01
3.832982812205211198e-01,4.775797604729437040e-01,6.931133584114380630e-01,3.802550096864175666e-01
4.775797604729437040e-01,-3.832982812205211198e-01,3.802550096864176221e-01,-6.931133584114379520e-01
5.707359290003548580e-01,2.219470642925960024e-01,7.903812809298628173e-01,-1.724618090098346476e-02
2.219470642925960302e-01,-5.707359290003548580e-01,-1.724618090098341966e-02,-7.903812809298628173e-01
1.470881196756626541e-01,9.556468586165139945e-01,2.430087231558326066e-01,-7.778770556353083176e-02
9.556468586165139945e-01,-1.470881196756626541e-01,-7.778770556353087340e-02,-2.430087231558326066e-01
6.052054775422665012e-01,7.540703967708655142e-01,1.715578748124053643e-01,-1.888704906980381015e-01
7.540703967708655142e-01,-6.052054775422665012e-01,-1.888704906980380738e-01,-1.715578748124053643e-01
9.011585164465280018e-01,3.504413810742474378e-01,5.413823245779451204e-02,-2.493455803759361822e-01
3.504413810742474933e-01,-9.011585164465280018e-01,-2.493455803759361822e-01,-5.413823245779453286e-02
8.215601833838410972e-02,5.337762221356902037e-01,-7.195155549771486969e-01,4.366127568901980172e-01
5.337762221356902037e-01,-8.215601833838410972e-02,4.366127568901980172e-01,7.195155549771486969e-01
3.380373100226659600e-01,4.211857591364012721e-01,-4.048123705831710994e-01,7.378755165718448028e-01
4.211857591364012721e-01,-3.380373100226659600e-01,7.378755165718448028e-01,4.048123705831711550e-01
5.033417774747853679e-01,1.957389121130242715e-01,1.835996159469606773e-02,8.414251274733687280e-01
1.957389121130243270e-01,-5.033417774747853679e-01,8.414251274733687280e-01,-1.835996159469601569e-02
8.215601833838410972e-02,5.337762221356902037e-01,7.195155549771490300e-01,-4.366127568901974620e-01
5.337762221356902037e-01,-8.215601833838410972e-02,-4.366127568901974620e-01,-7.195155549771490300e-01
3.380373100226659600e-01,4.211857591364012721e-01,4.048123705831709884e-01,-7.378755165718448028e-01
4.211857591364012721e-01,-3.380373100226659600e-01,-7.378755165718448028e-01,-4.048123705831710439e-01
5.033417774747853679e-01,1.957389121130242715e-01,-1.835996159469579711e-02,-8.414251274733687280e-01
1.957389121130243270e-01,-5.033417774747853679e-01,-8.414251274733687280e-01,1.835996159469537037e-02
1.470881196756626541e-01,9.556468586165139945e-01,-2.430087231558326066e-01,7.778770556353085952e-02
9.556468586165139945e-01,-1.470881196756626541e-01,7.778770556353084564e-02,2.430087231558326066e-01
6.052054775422665012e-01,7.540703967708655142e-01,-1.715578748124054753e-01,1.888704906980379905e-01
7.540703967708655142e-01,-6.052054775422665012e-01,1.888704906980381293e-01,1.715578748124053088e-01
9.011585164465280018e-01,3.504413810742474378e-01,-5.413823245779454674e-02,2.493455803759361822e-01
3.504413810742474933e-01,-9.011585164465280018e-01,2.493455803759361822e-01,5.413823245779456061e-02
9.315616852741126497e-02,6.052453455131170390e-01,6.758671775104545532e-01,-4.101262712434449176e-01
6.052453455131170390e-01,-9.315616852741126497e-02,-4.101262712434449176e-01,-6.758671775104545532e-01
3.832982812205211198e-01,4.775797604729437040e-01,3.802550096864176221e-01,-6.931133584114379520e-01
4.775797604729437040e-01,-3.832982812205211198e-01,-6.931133584114379520e-01,-3.802550096864176776e-01
5.707359290003548580e-01,2.219470642925960024e-01,-1.724618090098341966e-02,-7.903812809298628173e-01
2.219470642925960302e-01,-5.707359290003548580e-01,-7.903812809298628173e-01,1.724618090098302067e-02
1.202640964343851399e-01,7.813683811806189095e-01,-5.235244645492401760e-01,3.176824436736019885e-01
7.813683811806189095e-01,-1.202640964343851399e-01,3.176824436736019885e-01,5.235244645492401760e-01
4.948359532656685378e-01,6.165528195991460958e-01,-2.945442639654871075e-01,5.368832988322782551e-01
6.165528195991460958e-01,-4.948359532656685378e-01,5.368832988322782551e-01,2.945442639654871630e-01
7.368169160335311663e-01,2.865324279149504272e-01,1.335883428303803570e-02,6.122267076390888185e-01
2.865324279149504827e-01,-7.368169160335311663e-01,6.122267076390888185e-01,-1.335883428303799927e-02
3.881507021975469374e-02,2.521855606304654329e-01,-2.947733259387654292e-01,-9.208716086666651757e-01
2.521855606304654329e-01,-3.881507021975469374e-02,-9.208716086666650646e-01,2.947733259387658178e-01
1.597076171752171425e-01,1.989915668637265433e-01,-7.157169929543341080e-01,-6.501115437597914104e-01
1.989915668637265156e-01,-1.597076171752171148e-01,-6.501115437597910773e-01,7.157169929543343301e-01
2.378066370834812093e-01,9.247794345524834592e-02,-9.448848696985571172e-01,-2.051546157123312064e-01
9.247794345524834592e-02,-2.378066370834811816e-01,-2.051546157123312342e-01,9.448848696985570061e-01
1.280309075054520962e-01,8.318301629880127113e-01,2.801695806172115333e-01,4.617051794851801394e-01
8.318301629880127113e-01,-1.280309075054520962e-01,4.617051794851801949e-01,-2.801695806172114223e-01
5.267930998633036932e-01,6.563705990290430448e-01,4.734865639247275992e-01,2.597636241844140104e-01
6.563705990290430448e-01,-5.267930998633036932e-01,2.597636241844140659e-01,-4.734865639247274882e-01
7.844015065344951410e-01,3.050370631247091291e-01,5.399332048016256547e-01,-1.178138443954735229e-02
3.050370631247091846e-01,-7.844015065344951410e-01,-1.178138443954732106e-02,-5.399332048016256547e-01
1.280309075054520962e-01,8.318301629880127113e-01,-2.801695806172114223e-01,-4.617051794851801949e-01
8.318301629880127113e-01,-1.280309075054520962e-01,-4.617051794851802504e-01,2.801695806172113667e-01
5.267930998633036932e-01,6.563705990290430448e-01,-4.734865639247274882e-01,-2.597636241844140659e-01
6.563705990290430448e-01,-5.267930998633036932e-01,-2.597636241844141214e-01,4.734865639247274882e-01
7.844015065344951410e-01,3.050370631247091291e-01,-5.399332048016256547e-01,1.178138443954704698e-02
3.050370631247091846e-01,-7.844015065344951410e-01,1.178138443954701402e-02,5.399332048016256547e-01
3.881507021975469374e-02,2.521855606304654329e-01,2.947733259387657068e-01,9.208716086666650646e-01
2.521855606304654329e-01,-3.881507021975469374e-02,9.208716086666650646e-01,-2.947733259387657068e-01
1.597076171752171425e-01,1.989915668637265433e-01,7.157169929543341080e-01,6.501115437597914104e-01
1.989915668637265156e-01,-1.597076171752171148e-01,6.501115437597912994e-01,-7.157169929543341080e-01
2.378066370834812093e-01,9.247794345524834592e-02,9.448848696985571172e-01,2.051546157123310676e-01
9.247794345524835979e-02,-2.378066370834812093e-01,2.051546157123311231e-01,-9.448848696985571172e-01
1.724618090098353415e-02,7.903812809298628173e-01,-1.335883428303783968e-02,-6.122267076390888185e-01
7.903812809298628173e-01,-1.724618090098346476e-02,-6.122267076390888185e-01,1.335883428303752916e-02
4.101262712434451396e-01,6.758671775104544421e-01,-3.176824436736015445e-01,-5.235244645492403981e-01
6.758671775104546642e-01,-4.101262712434449731e-01,-5.235244645492406201e-01,3.176824436736015445e-01
6.931133584114380630e-01,3.802550096864175666e-01,-5.368832988322782551e-01,-2.945442639654871075e-01
3.802550096864176221e-01,-6.931133584114379520e-01,-2.945442639654871075e-01,5.368832988322782551e-01
1.335883428303792815e-02,6.122267076390888185e-01,1.724618090098353415e-02,7.903812809298628173e-01
6.122267076390888185e-01,-1.335883428303787611e-02,7.903812809298628173e-01,-1.724618090098346476e-02
3.176824436736017110e-01,5.235244645492403981e-01,4.101262712434451396e-01,6.758671775104544421e-01
5.235244645492403981e-01,-3.176824436736015445e-01,6.758671775104545532e-01,-4.101262712434449176e-01
5.368832988322783661e-01,2.945442639654869965e-01,6.931133584114380630e-01,3.802550096864175666e-01
2.945442639654870520e-01,-5.368832988322782551e-01,3.802550096864176221e-01,-6.931133584114379520e-01
2.109281485930420905e-02,9.666700194454385109e-01,1.764431392853458846e-01,-1.843149078772487182e-01
9.666700194454385109e-01,-2.109281485930412578e-02,-1.843149078772487182e-01,-1.764431392853458846e-01
5.016019232281986318e-01,8.266143864868950031e-01,6.064678700596130845e-02,-2.478429621605588717e-01
8.266143864868951141e-01,-5.016019232281985207e-01,-2.478429621605588717e-01,-6.064678700596132233e-02
8.477072013461992572e-01,4.650680962172398236e-01,-7.139982287521301485e-02,-2.449616948832099850e-01
4.650680962172399346e-01,-8.477072013461992572e-01,-2.449616948832100127e-01,7.139982287521301485e-02
1.178138443954739913e-02,5.399332048016256547e-01,-5.819949601512399706e-01,6.079598668431083208e-01
5.399332048016256547e-01,-1.178138443954735229e-02,6.079598668431083208e-01,5.819949601512400816e-01
2.801695806172115333e-01,4.617051794851801394e-01,-2.000424869439322018e-01,8.175061692431563332e-01
4.617051794851801949e-01,-2.801695806172114223e-01,8.175061692431563332e-01,2.000424869439322573e-01
4.734865639247275992e-01,2.597636241844140104e-01,2.355112090919161960e-01,8.080023537870401062e-01
2.597636241844141214e-01,-4.734865639247275437e-01,8.080023537870404393e-01,-2.355112090919154744e-01
1.178138443954739913e-02,5.399332048016256547e-01,5.819949601512401927e-01,-6.079598668431082098e-01
5.399332048016256547e-01,-1.178138443954735229e-02,-6.079598668431082098e-01,-5.819949601512401927e-01
2.801695806172115333e-01,4.617051794851801394e-01,2.000424869439321185e-01,-8.175061692431563332e-01
4.617051794851801949e-01,-2.801695806172114223e-01,-8.175061692431563332e-01,-2.000424869439321462e-01
4.734865639247275992e-01,2.597636241844140104e-01,-2.355112090919162793e-01,-8.080023537870401062e-01
2.597636241844140659e-01,-4.734865639247274882e-01,-8.080023537870401062e-01,2.355112090919162515e-01
2.109281485930420905e-02,9.666700194454385109e-01,-1.764431392853458014e-01,1.843149078772487737e-01
9.666700194454385109e-01,-2.109281485930412578e-02,1.843149078772487737e-01,1.764431392853458291e-01
5.016019232281986318e-01,8.266143864868950031e-01,-6.064678700596133620e-02,2.478429621605588717e-01
8.266143864868951141e-01,-5.016019232281985207e-01,2.478429621605588717e-01,6.064678700596135008e-02
8.477072013461992572e-01,4.650680962172398236e-01,7.139982287521298709e-02,2.449616948832099850e-01
4.650680962172398791e-01,-8.477072013461991462e-01,2.449616948832100405e-01,-7.139982287521275117e-02
1.335883428303792815e-02,6.122267076390888185e-01,7.903812809298628173e-01,-1.724618090098346476e-02
6.122267076390888185e-01,-1.335883428303787611e-02,-1.724618090098341966e-02,-7.903812809298628173e-01
3.176824436736017110e-01,5.235244645492403981e-01,6.758671775104545532e-01,-4.101262712434449176e-01
5.235244645492403981e-01,-3.176824436736015445e-01,-4.101262712434449176e-01,-6.758671775104545532e-01
5.368832988322783661e-01,2.945442639654869965e-01,3.802550096864176221e-01,-6.931133584114379520e-01
2.945442639654870520e-01,-5.368832988322782551e-01,-6.931133584114379520e-01,-3.802550096864176776e-01
1.724618090098353415e-02,7.903812809298628173e-01,-6.122267076390888185e-01,1.335883428303807387e-02
7.903812809298628173e-01,-1.724618090098346476e-02,1.335883428303749100e-02,6.122267076390888185e-01
4.101262712434451951e-01,6.758671775104545532e-01,-5.235244645492406201e-01,3.176824436736015445e-01
6.758671775104545532e-01,-4.101262712434449176e-01,3.176824436736014889e-01,5.235244645492405091e-01
6.931133584114380630e-01,3.802550096864175666e-01,-2.945442639654871075e-01,5.368832988322782551e-01
3.802550096864176221e-01,-6.931133584114379520e-01,5.368832988322782551e-01,2.945442639654871630e-01
5.566180951265804408e-03,2.550944615162870077e-01,-6.984537983409276896e-01,-6.686240534982751393e-01
2.550944615162870077e-01,-5.566180951265781857e-03,-6.686240534982748063e-01,6.984537983409279116e-01
1.323676848640007175e-01,2.181351935621834992e-01,-9.391907594821142791e-01,-2.298185167403681561e-01
2.181351935621834992e-01,-1.323676848640006343e-01,-2.298185167403681839e-01,9.391907594821141680e-01
2.237013745134492915e-01,1.227267766522862485e-01,-9.282723150812955959e-01,2.705667059838392507e-01
1.227267766522862624e-01,-2.237013745134492637e-01,2.705667059838391952e-01,9.282723150812955959e-01
1.835996159469591854e-02,8.414251274733687280e-01,3.901211273319840078e-01,3.734597336740448359e-01
8.414251274733687280e-01,-1.835996159469584568e-02,3.734597336740448914e-01,-3.901211273319840078e-01
4.366127568901976841e-01,7.195155549771489190e-01,5.245846736595443094e-01,1.283650529863015199e-01
7.195155549771490300e-01,-4.366127568901974620e-01,1.283650529863016865e-01,-5.245846736595441984e-01
7.378755165718449138e-01,4.048123705831709884e-01,5.184861803182856388e-01,-1.511249399854995290e-01
4.048123705831709884e-01,-7.378755165718448028e-01,-1.511249399854995012e-01,-5.184861803182856388e-01
1.835996159469591854e-02,8.414251274733687280e-01,-3.901211273319840078e-01,-3.734597336740448914e-01
8.414251274733687280e-01,-1.835996159469584568e-02,-3.734597336740446694e-01,3.901211273319841744e-01
4.366127568901976841e-01,7.195155549771489190e-01,-5.245846736595441984e-01,-1.283650529863017142e-01
7.195155549771490300e-01,-4.366127568901974620e-01,-1.283650529863017420e-01,5.245846736595441984e-01
7.378755165718449138e-01,4.048123705831709884e-01,-5.184861803182856388e-01,1.511249399854994735e-01
4.048123705831709884e-01,-7.378755165718448028e-01,1.511249399854994457e-01,5.184861803182856388e-01
5.566180951265804408e-03,2.550944615162870077e-01,6.984537983409276896e-01,6.686240534982750283e-01
2.550944615162870077e-01,-5.566180951265781857e-03,6.686240534982751393e-01,-6.984537983409276896e-01
1.323676848640006898e-01,2.181351935621834714e-01,9.391907594821142791e-01,2.298185167403678231e-01
2.181351935621835270e-01,-1.323676848640006620e-01,2.298185167403681006e-01,-9.391907594821142791e-01
2.237013745134492915e-01,1.227267766522862485e-01,9.282723150812955959e-01,-2.705667059838393618e-01
1.227267766522862624e-01,-2.237013745134492637e-01,-2.705667059838393063e-01,-9.282723150812955959e-01
1.511249399854995290e-01,5.184861803182856388e-01,-2.355112090919162793e-01,-8.080023537870401062e-01
5.184861803182856388e-01,-1.511249399854995290e-01,-8.080023537870401062e-01,2.355112090919162515e-01
3.901211273319840078e-01,3.734597336740448359e-01,-6.079598668431082098e-01,-5.819949601512401927e-01
3.734597336740448914e-01,-3.901211273319840078e-01,-5.819949601512399706e-01,6.079598668431083208e-01
5.245846736595443094e-01,1.283650529863015199e-01,-8.175061692431563332e-01,-2.000424869439321462e-01
1.283650529863014367e-01,-5.245846736595443094e-01,-2.000424869439322018e-01,8.175061692431563332e-01
2.355112090919163348e-01,8.080023537870401062e-01,1.511249399854995290e-01,5.184861803182856388e-01
8.080023537870401062e-01,-2.355112090919163348e-01,5.184861803182856388e-01,-1.511249399854995290e-01
6.079598668431082098e-01,5.819949601512400816e-01,3.901211273319840078e-01,3.734597336740448359e-01
5.819949601512401927e-01,-6.079598668431082098e-01,3.734597336740448914e-01,-3.901211273319840078e-01
8.175061692431564442e-01,2.000424869439318687e-01,5.245846736595443094e-01,1.283650529863015199e-01
2.000424869439317299e-01,-8.175061692431564442e-01,1.283650529863014367e-01,-5.245846736595443094e-01
2.212242599342875704e-01,7.589860517931320549e-01,2.945442639654870520e-01,-5.368832988322782551e-01
7.589860517931320549e-01,-2.212242599342875704e-01,-5.368832988322782551e-01,-2.945442639654871075e-01
5.710788549330709785e-01,5.466890720037602680e-01,-1.335883428303783968e-02,-6.122267076390888185e-01
5.466890720037603790e-01,-5.710788549330709785e-01,-6.122267076390888185e-01,1.335883428303752916e-02
7.679133319380477829e-01,1.879071968600610210e-01,-3.176824436736015445e-01,-5.235244645492403981e-01
1.879071968600609099e-01,-7.679133319380478939e-01,-5.235244645492402871e-01,3.176824436736020441e-01
4.283989372512784360e-02,1.469770169299260687e-01,-4.753187621080220970e-01,8.663916980142973845e-01
1.469770169299260687e-01,-4.283989372512784360e-02,8.663916980142973845e-01,4.753187621080221525e-01
1.105889447263492947e-01,1.058658835712075891e-01,2.155772612622871079e-02,9.879766011623284383e-01
1.058658835712076030e-01,-1.105889447263492947e-01,9.879766011623284383e-01,-2.155772612622865181e-02
1.487057772963354119e-01,3.638807220357676009e-02,5.126578390543060637e-01,8.448339718880681914e-01
3.638807220357673927e-02,-1.487057772963354396e-01,8.448339718880678584e-01,-5.126578390543068409e-01
4.283989372512785054e-02,1.469770169299260965e-01,4.753187621080220415e-01,-8.663916980142974955e-01
1.469770169299260965e-01,-4.283989372512785054e-02,-8.663916980142974955e-01,-4.753187621080220970e-01
1.105889447263492947e-01,1.058658835712075891e-01,-2.155772612622927284e-02,-9.879766011623284383e-01
1.058658835712076030e-01,-1.105889447263492947e-01,-9.879766011623284383e-01,2.155772612622877324e-02
1.487057772963354396e-01,3.638807220357676703e-02,-5.126578390543062858e-01,-8.448339718880681914e-01
3.638807220357673233e-02,-1.487057772963354119e-01,-8.448339718880677474e-01,5.126578390543068409e-01
2.212242599342875704e-01,7.589860517931320549e-01,-2.945442639654871075e-01,5.368832988322782551e-01
7.589860517931320549e-01,-2.212242599342875704e-01,5.368832988322782551e-01,2.945442639654871630e-01
5.710788549330709785e-01,5.466890720037602680e-01,1.335883428303749100e-02,6.122267076390888185e-01
5.466890720037603790e-01,-5.710788549330709785e-01,6.122267076390888185e-01,-1.335883428303745457e-02
7.679133319380477829e-01,1.879071968600610210e-01,3.176824436736014889e-01,5.235244645492405091e-01
1.879071968600609099e-01,-7.679133319380478939e-01,5.235244645492402871e-01,-3.176824436736019885e-01
2.355112090919163348e-01,8.080023537870401062e-01,5.184861803182856388e-01,-1.511249399854995290e-01
8.080023537870401062e-01,-2.355112090919163348e-01,-1.511249399854995012e-01,-5.184861803182856388e-01
6.079598668431082098e-01,5.819949601512400816e-01,3.734597336740448914e-01,-3.901211273319840078e-01
5.819949601512401927e-01,-6.079598668431082098e-01,-3.901211273319840078e-01,-3.734597336740448914e-01
8.175061692431564442e-01,2.000424869439318687e-01,1.283650529863016865e-01,-5.245846736595441984e-01
2.000424869439317577e-01,-8.175061692431565552e-01,-5.245846736595443094e-01,-1.283650529863017420e-01
1.511249399854995290e-01,5.184861803182856388e-01,-8.080023537870401062e-01,2.355112090919162515e-01
5.184861803182856388e-01,-1.511249399854995290e-01,2.355112090919161960e-01,8.080023537870401062e-01
3.901211273319840078e-01,3.734597336740448359e-01,-5.819949601512399706e-01,6.079598668431083208e-01
3.734597336740448914e-01,-3.901211273319840078e-01,6.079598668431083208e-01,5.819949601512400816e-01
5.245846736595443094e-01,1.283650529863015199e-01,-2.000424869439322018e-01,8.175061692431563332e-01
1.283650529863014367e-01,-5.245846736595443094e-01,8.175061692431563332e-01,2.000424869439322573e-01
1.713595749005112634e-01,5.879080677197039417e-01,-6.931133584114379520e-01,-3.802550096864176776e-01
5.879080677197039417e-01,-1.713595749005112634e-01,-3.802550096864177331e-01,6.931133584114379520e-01
4.423557789053969569e-01,4.234635342848300787e-01,-7.903812809298628173e-01,1.724618090098302067e-02
4.234635342848301898e-01,-4.423557789053969569e-01,1.724618090098296863e-02,7.903812809298628173e-01
5.948231091853413144e-01,1.455522888143069571e-01,-6.758671775104546642e-01,4.101262712434448621e-01
1.455522888143068738e-01,-5.948231091853413144e-01,4.101262712434454727e-01,6.758671775104543311e-01
2.765303249178594491e-01,9.487325647414149854e-01,1.342208247080696193e-01,7.363606599137176301e-02
9.487325647414149854e-01,-2.765303249178594491e-01,7.363606599137177688e-02,-1.342208247080695915e-01
7.138485686663386121e-01,6.833613400047002795e-01,1.530566769097722324e-01,-3.339708570759469461e-03
6.833613400047003905e-01,-7.138485686663386121e-01,-3.339708570759460354e-03,-1.530566769097722324e-01
9.598916649225597286e-01,2.348839960750762901e-01,1.308811161373101550e-01,-7.942061091840041387e-02
2.348839960750761235e-01,-9.598916649225597286e-01,-7.942061091840046938e-02,-1.308811161373101273e-01
2.765303249178594491e-01,9.487325647414149854e-01,-1.342208247080695083e-01,-7.363606599137190178e-02
9.487325647414149854e-01,-2.765303249178594491e-01,-7.363606599137179076e-02,1.342208247080695915e-01
7.138485686663386121e-01,6.833613400047002795e-01,-1.530566769097722324e-01,3.339708570759383158e-03
6.833613400047003905e-01,-7.138485686663386121e-01,3.339708570759373617e-03,1.530566769097722324e-01
9.598916649225597286e-01,2.348839960750762901e-01,-1.308811161373101828e-01,7.942061091840039999e-02
2.348839960750761235e-01,-9.598916649225597286e-01,7.942061091840039999e-02,1.308811161373101828e-01
1.713595749005112634e-01,5.879080677197039417e-01,6.931133584114380630e-01,3.802550096864175666e-01
5.879080677197039417e-01,-1.713595749005112634e-01,3.802550096864176221e-01,-6.931133584114379520e-01
4.423557789053969569e-01,4.234635342848300787e-01,7.903812809298628173e-01,-1.724618090098346476e-02
4.234635342848301898e-01,-4.423557789053969569e-01,-1.724618090098341966e-02,-7.903812809298628173e-01
5.948231091853413144e-01,1.455522888143069571e-01,6.758671775104545532e-01,-4.101262712434449176e-01
1.455522888143069016e-01,-5.948231091853414254e-01,-4.101262712434452506e-01,-6.758671775104544421e-01
2.212242599342875704e-01,7.589860517931320549e-01,-1.713595749005112356e-01,-5.879080677197039417e-01
7.589860517931320549e-01,-2.212242599342875704e-01,-5.879080677197039417e-01,1.713595749005112079e-01
5.710788549330709785e-01,5.466890720037602680e-01,-4.423557789053969569e-01,-4.234635342848301898e-01
5.466890720037603790e-01,-5.710788549330709785e-01,-4.234635342848299677e-01,4.423557789053970679e-01
7.679133319380477829e-01,1.879071968600610210e-01,-5.948231091853413144e-01,-1.455522888143071791e-01
1.879071968600608822e-01,-7.679133319380477829e-01,-1.455522888143072069e-01,5.948231091853413144e-01
1.713595749005112634e-01,5.879080677197039417e-01,2.212242599342875704e-01,7.589860517931320549e-01
5.879080677197039417e-01,-1.713595749005112634e-01,7.589860517931320549e-01,-2.212242599342875704e-01
4.423557789053969569e-01,4.234635342848300787e-01,5.710788549330709785e-01,5.466890720037602680e-01
4.234635342848301898e-01,-4.423557789053969569e-01,5.466890720037603790e-01,-5.710788549330709785e-01
5.948231091853413144e-01,1.455522888143069571e-01,7.679133319380477829e-01,1.879071968600610210e-01
1.455522888143068738e-01,-5.948231091853413144e-01,1.879071968600608822e-01,-7.679133319380477829e-01
2.705667059838393618e-01,9.282723150812955959e-01,1.227267766522862624e-01,-2.237013745134492637e-01
9.282723150812955959e-01,-2.705667059838393618e-01,-2.237013745134492637e-01,-1.227267766522862763e-01
6.984537983409276896e-01,6.686240534982750283e-01,-5.566180951265767111e-03,-2.550944615162870077e-01
6.686240534982751393e-01,-6.984537983409276896e-01,-2.550944615162870077e-01,5.566180951265637875e-03
9.391907594821142791e-01,2.298185167403678231e-01,-1.323676848640006343e-01,-2.181351935621834992e-01
2.298185167403676843e-01,-9.391907594821143901e-01,-2.181351935621834437e-01,1.323676848640008286e-01
1.511249399854995290e-01,5.184861803182856388e-01,-4.048123705831710994e-01,7.378755165718448028e-01
5.184861803182856388e-01,-1.511249399854995290e-01,7.378755165718448028e-01,4.048123705831711550e-01
3.901211273319840078e-01,3.734597336740448359e-01,1.835996159469531833e-02,8.414251274733687280e-01
3.734597336740448914e-01,-3.901211273319840078e-01,8.414251274733687280e-01,-1.835996159469526975e-02
5.245846736595443094e-01,1.283650529863015199e-01,4.366127568901973510e-01,7.195155549771491410e-01
1.283650529863014367e-01,-5.245846736595443094e-01,7.195155549771486969e-01,-4.366127568901979616e-01
1.511249399854995290e-01,5.184861803182856388e-01,4.048123705831709884e-01,-7.378755165718448028e-01
5.184861803182856388e-01,-1.511249399854995290e-01,-7.378755165718448028e-01,-4.048123705831710439e-01
3.901211273319840078e-01,3.734597336740448359e-01,-1.835996159469579711e-02,-8.414251274733687280e-01
3.734597336740448914e-01,-3.901211273319840078e-01,-8.414251274733687280e-01,1.835996159469537037e-02
5.245846736595443094e-01,1.283650529863015199e-01,-4.366127568901974620e-01,-7.195155549771490300e-01
1.283650529863014367e-01,-5.245846736595443094e-01,-7.195155549771486969e-01,4.366127568901980172e-01
2.705667059838393618e-01,9.282723150812955959e-01,-1.227267766522862902e-01,2.237013745134492637e-01
9.282723150812955959e-01,-2.705667059838393618e-01,2.237013745134492637e-01,1.227267766522863041e-01
6.984537983409276896e-01,6.686240534982750283e-01,5.566180951265621395e-03,2.550944615162870077e-01
6.686240534982751393e-01,-6.984537983409276896e-01,2.550944615162870077e-01,-5.566180951265606650e-03
9.391907594821142791e-01,2.298185167403678231e-01,1.323676848640006065e-01,2.181351935621835270e-01
2.298185167403676843e-01,-9.391907594821143901e-01,2.181351935621834437e-01,-1.323676848640008008e-01
1.713595749005112634e-01,5.879080677197039417e-01,7.589860517931320549e-01,-2.212242599342875704e-01
5.879080677197039417e-01,-1.713595749005112634e-01,-2.212242599342875427e-01,-7.589860517931320549e-01
4.423557789053969569e-01,4.234635342848300787e-01,5.466890720037603790e-01,-5.710788549330709785e-01
4.234635342848301898e-01,-4.423557789053969569e-01,-5.710788549330709785e-01,-5.466890720037603790e-01
5.948231091853414254e-01,1.455522888143069848e-01,1.879071968600612708e-01,-7.679133319380477829e-01
1.455522888143069016e-01,-5.948231091853414254e-01,-7.679133319380477829e-01,-1.879071968600612985e-01
2.212242599342875704e-01,7.589860517931320549e-01,-5.879080677197039417e-01,1.713595749005112079e-01
7.589860517931320549e-01,-2.212242599342875704e-01,1.713595749005111801e-01,5.879080677197039417e-01
5.710788549330709785e-01,5.466890720037602680e-01,-4.234635342848299677e-01,4.423557789053970679e-01
5.466890720037603790e-01,-5.710788549330709785e-01,4.423557789053970679e-01,4.234635342848300232e-01
7.679133319380477829e-01,1.879071968600610210e-01,-1.455522888143072069e-01,5.948231091853413144e-01
1.879071968600608822e-01,-7.679133319380477829e-01,5.948231091853413144e-01,1.455522888143072346e-01
7.139982287521302873e-02,2.449616948832099850e-01,-8.477072013461991462e-01,-4.650680962172399346e-01
2.449616948832099850e-01,-7.139982287521302873e-02,-4.650680962172399902e-01,8.477072013461991462e-01
1.843149078772487459e-01,1.764431392853458846e-01,-9.666700194454386219e-01,2.109281485930358108e-02
1.764431392853458846e-01,-1.843149078772487182e-01,2.109281485930351863e-02,9.666700194454385109e-01
2.478429621605588717e-01,6.064678700596123212e-02,-8.266143864868951141e-01,5.016019232281982987e-01
6.064678700596119743e-02,-2.478429621605588995e-01,5.016019232281990758e-01,8.266143864868947810e-01
2.355112090919163348e-01,8.080023537870401062e-01,4.734865639247275992e-01,2.597636241844140104e-01
8.080023537870401062e-01,-2.355112090919163348e-01,2.597636241844140659e-01,-4.734865639247274882e-01
6.079598668431082098e-01,5.819949601512400816e-01,5.399332048016256547e-01,-1.178138443954735229e-02
5.819949601512401927e-01,-6.079598668431082098e-01,-1.178138443954732106e-02,-5.399332048016256547e-01
8.175061692431564442e-01,2.000424869439318687e-01,4.617051794851801949e-01,-2.801695806172114223e-01
2.000424869439317299e-01,-8.175061692431564442e-01,-2.801695806172115888e-01,-4.617051794851800839e-01
2.355112090919163348e-01,8.080023537870401062e-01,-4.734865639247274882e-01,-2.597636241844140659e-01
8.080023537870401062e-01,-2.355112090919163348e-01,-2.597636241844141214e-01,4.734865639247274882e-01
6.079598668431082098e-01,5.819949601512400816e-01,-5.399332048016256547e-01,1.178138443954704698e-02
5.819949601512401927e-01,-6.079598668431082098e-01,1.178138443954701402e-02,5.399332048016256547e-01
8.175061692431564442e-01,2.000424869439318687e-01,-4.617051794851802504e-01,2.801695806172113667e-01
2.000424869439317299e-01,-8.175061692431564442e-01,2.801695806172118108e-01,4.617051794851800284e-01
7.139982287521302873e-02,2.449616948832099850e-01,8.477072013461992572e-01,4.650680962172398236e-01
2.449616948832099850e-01,-7.139982287521302873e-02,4.650680962172398791e-01,-8.477072013461991462e-01
1.843149078772487182e-01,1.764431392853458569e-01,9.666700194454385109e-01,-2.109281485930412578e-02
1.764431392853458846e-01,-1.843149078772487182e-01,-2.109281485930406680e-02,-9.666700194454385109e-01
2.478429621605588995e-01,6.064678700596123906e-02,8.266143864868951141e-01,-5.016019232281985207e-01
6.064678700596119743e-02,-2.478429621605588995e-01,-5.016019232281987428e-01,-8.266143864868948921e-01
1.178138443954739913e-02,5.399332048016256547e-01,-1.835996159469579711e-02,-8.414251274733687280e-01
5.399332048016256547e-01,-1.178138443954735229e-02,-8.414251274733687280e-01,1.835996159469537037e-02
2.801695806172115333e-01,4.617051794851801394e-01,-4.366127568901974620e-01,-7.195155549771490300e-01
4.617051794851801949e-01,-2.801695806172114223e-01,-7.195155549771491410e-01,4.366127568901973510e-01
4.734865639247275992e-01,2.597636241844140104e-01,-7.378755165718448028e-01,-4.048123705831710439e-01
2.597636241844140659e-01,-4.734865639247274882e-01,-4.048123705831710994e-01,7.378755165718448028e-01
1.835996159469591854e-02,8.414251274733687280e-01,1.178138443954739913e-02,5.399332048016256547e-01
8.414251274733687280e-01,-1.835996159469584568e-02,5.399332048016256547e-01,-1.178138443954735229e-02
4.366127568901976841e-01,7.195155549771489190e-01,2.801695806172115333e-01,4.617051794851801394e-01
7.195155549771490300e-01,-4.366127568901974620e-01,4.617051794851801949e-01,-2.801695806172114223e-01
7.378755165718449138e-01,4.048123705831709884e-01,4.734865639247275992e-01,2.597636241844140104e-01
4.048123705831709884e-01,-7.378755165718448028e-01,2.597636241844140659e-01,-4.734865639247274882e-01
1.724618090098353415e-02,7.903812809298628173e-01,4.234635342848301898e-01,-4.423557789053969569e-01
7.903812809298628173e-01,-1.724618090098346476e-02,-4.423557789053969569e-01,-4.234635342848301898e-01
4.101262712434451396e-01,6.758671775104544421e-01,1.455522888143071236e-01,-5.948231091853413144e-01
6.758671775104546642e-01,-4.101262712434449731e-01,-5.948231091853414254e-01,-1.455522888143072069e-01
6.931133584114380630e-01,3.802550096864175666e-01,-1.713595749005112356e-01,-5.879080677197039417e-01
3.802550096864176776e-01,-6.931133584114380630e-01,-5.879080677197040528e-01,1.713595749005112356e-01
3.339708570759484206e-03,1.530566769097722879e-01,-6.833613400047000574e-01,7.138485686663388341e-01
1.530566769097722879e-01,-3.339708570759470762e-03,7.138485686663388341e-01,6.833613400047001685e-01
7.942061091840048326e-02,1.308811161373101828e-01,-2.348839960750766509e-01,9.598916649225596176e-01
1.308811161373102105e-01,-7.942061091840045550e-02,9.598916649225596176e-01,2.348839960750767064e-01
1.342208247080696470e-01,7.363606599137179076e-02,2.765303249178592826e-01,9.487325647414149854e-01
7.363606599137180464e-02,-1.342208247080696470e-01,9.487325647414152074e-01,-2.765303249178583944e-01
3.339708570759484206e-03,1.530566769097722879e-01,6.833613400047003905e-01,-7.138485686663386121e-01
1.530566769097722879e-01,-3.339708570759470762e-03,-7.138485686663386121e-01,-6.833613400047003905e-01
7.942061091840048326e-02,1.308811161373101828e-01,2.348839960750765399e-01,-9.598916649225596176e-01
1.308811161373102105e-01,-7.942061091840045550e-02,-9.598916649225596176e-01,-2.348839960750765954e-01
1.342208247080696470e-01,7.363606599137179076e-02,-2.765303249178593936e-01,-9.487325647414149854e-01
7.363606599137180464e-02,-1.342208247080696470e-01,-9.487325647414149854e-01,2.765303249178593381e-01
1.724618090098353415e-02,7.903812809298628173e-01,-4.234635342848299677e-01,4.423557789053970679e-01
7.903812809298628173e-01,-1.724618090098346476e-02,4.423557789053970679e-01,4.234635342848300232e-01
4.101262712434451396e-01,6.758671775104544421e-01,-1.455522888143072069e-01,5.948231091853413144e-01
6.758671775104545532e-01,-4.101262712434449176e-01,5.948231091853413144e-01,1.455522888143072346e-01
6.931133584114380630e-01,3.802550096864175666e-01,1.713595749005111801e-01,5.879080677197039417e-01
3.802550096864176776e-01,-6.931133584114380630e-01,5.879080677197042748e-01,-1.713595749005106528e-01
1.835996159469591854e-02,8.414251274733687280e-01,5.399332048016256547e-01,-1.178138443954735229e-02
8.414251274733687280e-01,-1.835996159469584568e-02,-1.178138443954732106e-02,-5.399332048016256547e-01
4.366127568901976841e-01,7.195155549771489190e-01,4.617051794851801949e-01,-2.801695806172114223e-01
7.195155549771490300e-01,-4.366127568901974620e-01,-2.801695806172114223e-01,-4.617051794851801949e-01
7.378755165718449138e-01,4.048123705831709884e-01,2.597636241844140659e-01,-4.734865639247274882e-01
4.048123705831709884e-01,-7.378755165718448028e-01,-4.734865639247274882e-01,-2.597636241844140659e-01
1.178138443954739913e-02,5.399332048016256547e-01,-8.414251274733687280e-01,1.835996159469611977e-02
5.399332048016256547e-01,-1.178138443954735229e-02,1.835996159469531833e-02,8.414251274733687280e-01
2.801695806172115333e-01,4.617051794851801394e-01,-7.195155549771491410e-01,4.366127568901973510e-01
4.617051794851801949e-01,-2.801695806172114223e-01,4.366127568901973510e-01,7.195155549771491410e-01
4.734865639247275992e-01,2.597636241844140104e-01,-4.048123705831710994e-01,7.378755165718448028e-01
2.597636241844140659e-01,-4.734865639247274882e-01,7.378755165718448028e-01,4.048123705831711550e-01
1.335883428303792815e-02,6.122267076390888185e-01,-5.710788549330709785e-01,-5.466890720037603790e-01
6.122267076390888185e-01,-1.335883428303787611e-02,-5.466890720037600460e-01,5.710788549330710895e-01
3.176824436736017110e-01,5.235244645492403981e-01,-7.679133319380476719e-01,-1.879071968600612708e-01
5.235244645492405091e-01,-3.176824436736016000e-01,-1.879071968600613540e-01,7.679133319380477829e-01
5.368832988322783661e-01,2.945442639654869965e-01,-7.589860517931320549e-01,2.212242599342874871e-01
2.945442639654870520e-01,-5.368832988322782551e-01,2.212242599342874316e-01,7.589860517931320549e-01
2.155772612622941509e-02,9.879766011623284383e-01,1.105889447263492531e-01,1.058658835712075474e-01
9.879766011623284383e-01,-2.155772612622933182e-02,1.058658835712075613e-01,-1.105889447263492531e-01
5.126578390543065078e-01,8.448339718880680804e-01,1.487057772963353841e-01,3.638807220357675315e-02
8.448339718880681914e-01,-5.126578390543062858e-01,3.638807220357679478e-02,-1.487057772963353841e-01
8.663916980142974955e-01,4.753187621080219305e-01,1.469770169299260132e-01,-4.283989372512782279e-02
4.753187621080220415e-01,-8.663916980142974955e-01,-4.283989372512782279e-02,-1.469770169299260409e-01
2.155772612622941509e-02,9.879766011623284383e-01,-1.105889447263492115e-01,-1.058658835712076168e-01
9.879766011623284383e-01,-2.155772612622933182e-02,-1.058658835712076168e-01,1.105889447263491837e-01
5.126578390543065078e-01,8.448339718880680804e-01,-1.487057772963353841e-01,-3.638807220357680866e-02
8.448339718880681914e-01,-5.126578390543062858e-01,-3.638807220357681560e-02,1.487057772963353841e-01
8.663916980142974955e-01,4.753187621080219305e-01,-1.469770169299260409e-01,4.283989372512768401e-02
4.753187621080220415e-01,-8.663916980142974955e-01,4.283989372512767707e-02,1.469770169299260687e-01
1.335883428303792815e-02,6.122267076390888185e-01,5.710788549330709785e-01,5.466890720037602680e-01
6.122267076390888185e-01,-1.335883428303787611e-02,5.466890720037603790e-01,-5.710788549330709785e-01
3.176824436736017110e-01,5.235244645492403981e-01,7.679133319380477829e-01,1.879071968600610210e-01
5.235244645492405091e-01,-3.176824436736016000e-01,1.879071968600612708e-01,-7.679133319380477829e-01
5.368832988322783661e-01,2.945442639654869965e-01,7.589860517931320549e-01,-2.212242599342875704e-01
2.945442639654870520e-01,-5.368832988322782551e-01,-2.212242599342875427e-01,-7.589860517931320549e-01
1.476874698445773335e-02,6.768420919578231887e-01,2.667471735818859324e-01,-6.859392189201182211e-01
6.768420919578232997e-01,-1.476874698445767610e-02,-6.859392189201183321e-01,-2.667471735818859879e-01
3.512111560495168594e-01,5.787780724938491606e-01,-1.119597807504487952e-01,-7.274143758278208693e-01
5.787780724938492716e-01,-3.512111560495166929e-01,-7.274143758278208693e-01,1.119597807504487536e-01
5.935468194783068974e-01,3.256309359083063293e-01,-4.606672022459349369e-01,-5.739794381696695647e-01
3.256309359083064403e-01,-5.935468194783068974e-01,-5.739794381696698977e-01,4.606672022459346594e-01
1.605532066263982635e-02,7.358049288670786003e-01,-2.453717118598093549e-01,6.309723102896988012e-01
7.358049288670786003e-01,-1.605532066263976390e-02,6.309723102896985791e-01,2.453717118598099656e-01
3.818067799932906015e-01,6.291981002973719983e-01,1.029880193041786546e-01,6.691239057253413058e-01
6.291981002973721093e-01,-3.818067799932904349e-01,6.691239057253414169e-01,-1.029880193041780301e-01
6.452534209600118142e-01,3.539981488737879434e-01,4.237521938655317011e-01,5.279842909855199107e-01
3.539981488737879989e-01,-6.452534209600118142e-01,5.279842909855199107e-01,-4.237521938655316456e-01
1.940993621442298894e-02,8.895447830451364002e-01,1.654295743882537306e-01,-4.254014448154291861e-01
8.895447830451364002e-01,-1.940993621442291261e-02,-4.254014448154291861e-01,-1.654295743882537306e-01
4.615818893700940340e-01,7.606634118137935996e-01,-6.943450845023943496e-02,-4.511232452108924762e-01
7.606634118137937106e-01,-4.615818893700938674e-01,-4.511232452108924762e-01,6.943450845023942108e-02
7.800733480282165955e-01,4.279628936750422552e-01,-2.856936708226388566e-01,-3.559669363651898344e-01
4.279628936750423107e-01,-7.800733480282165955e-01,-3.559669363651900009e-01,2.856936708226386346e-01
7.792653331772122875e-03,3.571322461228016998e-01,-2.891821161679345442e-01,8.881269824872840557e-01
3.571322461228016998e-01,-7.792653331772092518e-03,8.881269824872840557e-01,2.891821161679345997e-01
1.853147588096009657e-01,3.053892709870568711e-01,1.936244323220675523e-01,9.137315867043727113e-01
3.053892709870568711e-01,-1.853147588096008824e-01,9.137315867043727113e-01,-1.936244323220674690e-01
3.131819243188289636e-01,1.718174873132007063e-01,6.245494705364377230e-01,6.945025501652162259e-01
1.718174873132007618e-01,-3.131819243188289636e-01,6.945025501652168920e-01,-6.245494705364371679e-01
7.792653331772122875e-03,3.571322461228016998e-01,2.891821161679348218e-01,-8.881269824872840557e-01
3.571322461228016998e-01,-7.792653331772092518e-03,-8.881269824872840557e-01,-2.891821161679344887e-01
1.853147588096009657e-01,3.053892709870568711e-01,-1.936244323220676355e-01,-9.137315867043727113e-01
3.053892709870568711e-01,-1.853147588096008824e-01,-9.137315867043727113e-01,1.936244323220676078e-01
3.131819243188289636e-01,1.718174873132007063e-01,-6.245494705364378341e-01,-6.945025501652161148e-01
1.718174873132007341e-01,-3.131819243188289081e-01,-6.945025501652162259e-01,6.245494705364377230e-01
1.940993621442298894e-02,8.895447830451364002e-01,-1.654295743882537584e-01,4.254014448154291861e-01
8.895447830451364002e-01,-1.940993621442291261e-02,4.254014448154290196e-01,1.654295743882541747e-01
4.615818893700940340e-01,7.606634118137935996e-01,6.943450845023899087e-02,4.511232452108925872e-01
7.606634118137937106e-01,-4.615818893700938674e-01,4.511232452108926427e-01,-6.943450845023856066e-02
7.800733480282165955e-01,4.279628936750422552e-01,2.856936708226386346e-01,3.559669363651900009e-01
4.279628936750423107e-01,-7.800733480282165955e-01,3.559669363651900009e-01,-2.856936708226385790e-01
1.605532066263982982e-02,7.358049288670787114e-01,6.309723102896989122e-01,2.453717118598092717e-01
7.358049288670786003e-01,-1.605532066263976390e-02,2.453717118598092717e-01,-6.309723102896988012e-01
3.818067799932906015e-01,6.291981002973719983e-01,6.691239057253411948e-01,-1.029880193041792374e-01
6.291981002973721093e-01,-3.818067799932904349e-01,-1.029880193041790432e-01,-6.691239057253411948e-01
6.452534209600118142e-01,3.539981488737879434e-01,5.279842909855196886e-01,-4.237521938655319786e-01
3.539981488737879989e-01,-6.452534209600118142e-01,-4.237521938655319786e-01,-5.279842909855196886e-01
1.476874698445773508e-02,6.768420919578232997e-01,-6.859392189201183321e-01,-2.667471735818859879e-01
6.768420919578232997e-01,-1.476874698445767610e-02,-2.667471735818866541e-01,6.859392189201179990e-01
3.512111560495168594e-01,5.787780724938491606e-01,-7.274143758278209804e-01,1.119597807504481290e-01
5.787780724938492716e-01,-3.512111560495166929e-01,1.119597807504480597e-01,7.274143758278209804e-01
5.935468194783068974e-01,3.256309359083063293e-01,-5.739794381696697867e-01,4.606672022459346039e-01
3.256309359083064403e-01,-5.935468194783068974e-01,4.606672022459346594e-01,5.739794381696698977e-01
9.957087185675828761e-03,4.563268453072976127e-01,-8.292600793201172493e-01,-3.224816080223169568e-01
4.563268453072976127e-01,-9.957087185675788862e-03,-3.224816080223177894e-01,8.292600793201169163e-01
2.367865131041405613e-01,3.902120968720935723e-01,-8.794010990466788469e-01,1.353527748594759439e-01
3.902120968720936278e-01,-2.367865131041404503e-01,1.353527748594758606e-01,8.794010990466788469e-01
4.001691840577694115e-01,2.195403322031569959e-01,-6.939073044606409724e-01,5.569194910243614460e-01
2.195403322031570237e-01,-4.001691840577693560e-01,5.569194910243614460e-01,6.939073044606409724e-01
2.037556779876181778e-02,9.337990520289745078e-01,3.396649240634572187e-01,1.105979476646491710e-01
9.337990520289745078e-01,-2.037556779876173799e-02,1.105979476646491849e-01,-3.396649240634572187e-01
4.845452853447472230e-01,7.985059171875378281e-01,3.494574268457908417e-01,-7.405182974772062110e-02
7.985059171875379391e-01,-4.845452853447470010e-01,-7.405182974772052396e-02,-3.494574268457908972e-01
8.188814849862996459e-01,4.492537666842272848e-01,2.656130943157365976e-01,-2.388594791811416429e-01
4.492537666842273958e-01,-8.188814849862996459e-01,-2.388594791811416707e-01,-2.656130943157366531e-01
2.037556779876181778e-02,9.337990520289745078e-01,-3.396649240634572187e-01,-1.105979476646490739e-01
9.337990520289745078e-01,-2.037556779876173799e-02,-1.105979476646490878e-01,3.396649240634572187e-01
4.845452853447472230e-01,7.985059171875378281e-01,-3.494574268457908972e-01,7.405182974772049620e-02
7.985059171875379391e-01,-4.845452853447470010e-01,7.405182974772048232e-02,3.494574268457908972e-01
8.188814849862996459e-01,4.492537666842272848e-01,-2.656130943157365976e-01,2.388594791811416151e-01
4.492537666842273958e-01,-8.188814849862996459e-01,2.388594791811416429e-01,2.656130943157366531e-01
9.957087185675830496e-03,4.563268453072976683e-01,8.292600793201173603e-01,3.224816080223169568e-01
4.563268453072976127e-01,-9.957087185675788862e-03,3.224816080223169568e-01,-8.292600793201172493e-01
2.367865131041405613e-01,3.902120968720935723e-01,8.794010990466786248e-01,-1.353527748594766378e-01
3.902120968720936278e-01,-2.367865131041404503e-01,-1.353527748594763880e-01,-8.794010990466787359e-01
4.001691840577694115e-01,2.195403322031569959e-01,6.939073044606407503e-01,-5.569194910243617791e-01
2.195403322031570237e-01,-4.001691840577693560e-01,-5.569194910243617791e-01,-6.939073044606407503e-01
1.894451380599328771e-01,6.499568239497037769e-01,-4.606672022459349369e-01,-5.739794381696695647e-01
6.499568239497038880e-01,-1.894451380599329049e-01,-5.739794381696698977e-01,4.606672022459346594e-01
4.890427141582039949e-01,4.681565518735271714e-01,-6.859392189201183321e-01,-2.667471735818859879e-01
4.681565518735272269e-01,-4.890427141582039394e-01,-2.667471735818859879e-01,6.859392189201182211e-01
6.576016899334600208e-01,1.609141097914998098e-01,-7.274143758278207583e-01,1.119597807504487397e-01
1.609141097914996987e-01,-6.576016899334600208e-01,1.119597807504486980e-01,7.274143758278207583e-01
2.059485779485018542e-01,7.065775611407828505e-01,4.237521938655319786e-01,5.279842909855196886e-01
7.065775611407828505e-01,-2.059485779485018542e-01,5.279842909855196886e-01,-4.237521938655319786e-01
5.316454809470736453e-01,5.089398287177194780e-01,6.309723102896989122e-01,2.453717118598092717e-01
5.089398287177194780e-01,-5.316454809470735343e-01,2.453717118598092717e-01,-6.309723102896988012e-01
7.148884066662212211e-01,1.749320801937091774e-01,6.691239057253411948e-01,-1.029880193041792374e-01
1.749320801937090386e-01,-7.148884066662212211e-01,-1.029880193041793346e-01,-6.691239057253411948e-01
2.489796899998058533e-01,8.542106184274855796e-01,3.559669363651898344e-01,-2.856936708226388566e-01
8.542106184274855796e-01,-2.489796899998058533e-01,-2.856936708226388566e-01,-3.559669363651898344e-01
6.427280457799489088e-01,6.152782507407152934e-01,1.654295743882537306e-01,-4.254014448154291861e-01
6.152782507407154045e-01,-6.427280457799489088e-01,-4.254014448154291861e-01,-1.654295743882537306e-01
8.642579407405210912e-01,2.114825726475365597e-01,-6.943450845023943496e-02,-4.511232452108924762e-01
2.114825726475364487e-01,-8.642579407405212022e-01,-4.511232452108925317e-01,6.943450845023943496e-02
9.995975202529823467e-02,3.429463728364939290e-01,-7.600630181703801336e-01,5.428628203727586810e-01
3.429463728364938735e-01,-9.995975202529822079e-02,5.428628203727584589e-01,7.600630181703801336e-01
2.580408710281481555e-01,2.470203949994841663e-01,-3.868024720262438487e-01,8.501645022980671706e-01
2.470203949994841941e-01,-2.580408710281481555e-01,8.501645022980671706e-01,3.868024720262438487e-01
3.469801470247824149e-01,8.490550180834571803e-02,9.010148412768700932e-02,9.296652923990018635e-01
8.490550180834566252e-02,-3.469801470247824149e-01,9.296652923990017525e-01,-9.010148412768777260e-02
9.995975202529823467e-02,3.429463728364939290e-01,7.600630181703801336e-01,-5.428628203727586810e-01
3.429463728364939290e-01,-9.995975202529823467e-02,-5.428628203727586810e-01,-7.600630181703801336e-01
2.580408710281481555e-01,2.470203949994841663e-01,3.868024720262433491e-01,-8.501645022980673927e-01
2.470203949994842219e-01,-2.580408710281482110e-01,-8.501645022980672817e-01,-3.868024720262438487e-01
3.469801470247824149e-01,8.490550180834571803e-02,-9.010148412768710646e-02,-9.296652923990018635e-01
8.490550180834566252e-02,-3.469801470247824149e-01,-9.296652923990017525e-01,9.010148412768789750e-02
2.489796899998058533e-01,8.542106184274855796e-01,-3.559669363651897234e-01,2.856936708226389121e-01
8.542106184274855796e-01,-2.489796899998058533e-01,2.856936708226389121e-01,3.559669363651897234e-01
6.427280457799489088e-01,6.152782507407152934e-01,-1.654295743882534253e-01,4.254014448154292971e-01
6.152782507407154045e-01,-6.427280457799489088e-01,4.254014448154292416e-01,1.654295743882534253e-01
8.642579407405210912e-01,2.114825726475365597e-01,6.943450845023939333e-02,4.511232452108924762e-01
2.114825726475364487e-01,-8.642579407405212022e-01,4.511232452108925317e-01,-6.943450845023937945e-02
2.059485779485018542e-01,7.065775611407828505e-01,5.279842909855196886e-01,-4.237521938655319786e-01
7.065775611407828505e-01,-2.059485779485018542e-01,-4.237521938655319786e-01,-5.279842909855196886e-01
5.316454809470735343e-01,5.089398287177193669e-01,2.453717118598092717e-01,-6.309723102896988012e-01
5.089398287177195890e-01,-5.316454809470736453e-01,-6.309723102896989122e-01,-2.453717118598093549e-01
7.148884066662212211e-01,1.749320801937091774e-01,-1.029880193041793346e-01,-6.691239057253411948e-01
1.749320801937090386e-01,-7.148884066662212211e-01,-6.691239057253411948e-01,1.029880193041792930e-01
1.894451380599329049e-01,6.499568239497038880e-01,-5.739794381696694536e-01,4.606672022459351590e-01
6.499568239497038880e-01,-1.894451380599329049e-01,4.606672022459351590e-01,5.739794381696694536e-01
4.890427141582039394e-01,4.681565518735271159e-01,-2.667471735818854328e-01,6.859392189201184431e-01
4.681565518735272824e-01,-4.890427141582039949e-01,6.859392189201184431e-01,2.667471735818854883e-01
6.576016899334600208e-01,1.609141097914998098e-01,1.119597807504486980e-01,7.274143758278207583e-01
1.609141097914996987e-01,-6.576016899334600208e-01,7.274143758278207583e-01,-1.119597807504486564e-01
1.277238860243367080e-01,4.382008013139361280e-01,-5.569194910243617791e-01,-6.939073044606407503e-01
4.382008013139361280e-01,-1.277238860243367080e-01,-6.939073044606409724e-01,5.569194910243614460e-01
3.297125306241118770e-01,3.156310828843977845e-01,-8.292600793201173603e-01,-3.224816080223170123e-01
3.156310828843977845e-01,-3.297125306241118214e-01,-3.224816080223170123e-01,8.292600793201172493e-01
4.433549689087344370e-01,1.084882706898242510e-01,-8.794010990466786248e-01,1.353527748594767210e-01
1.084882706898241955e-01,-4.433549689087344925e-01,1.353527748594766933e-01,8.794010990466787359e-01
2.613662661259062436e-01,8.967070359179386552e-01,2.076183499598012738e-01,2.906867513778984002e-01
8.967070359179386552e-01,-2.613662661259062436e-01,2.906867513778984002e-01,-2.076183499598012738e-01
6.747033441162882950e-01,6.458879397942269840e-01,3.251461410459450252e-01,1.479329362569305750e-01
6.458879397942269840e-01,-6.747033441162881839e-01,1.479329362569305750e-01,-3.251461410459449697e-01
9.072542059201331721e-01,2.220036918016503602e-01,3.555512862167318766e-01,-3.445938966804661802e-02
2.220036918016502214e-01,-9.072542059201331721e-01,-3.445938966804667353e-02,-3.555512862167318766e-01
2.613662661259062436e-01,8.967070359179386552e-01,-2.076183499598012738e-01,-2.906867513778984002e-01
8.967070359179386552e-01,-2.613662661259062436e-01,-2.906867513778984002e-01,2.076183499598012738e-01
6.747033441162882950e-01,6.458879397942269840e-01,-3.251461410459449142e-01,-1.479329362569307693e-01
6.458879397942269840e-01,-6.747033441162881839e-01,-1.479329362569307416e-01,3.251461410459448587e-01
9.072542059201331721e-01,2.220036918016503602e-01,-3.555512862167318766e-01,3.445938966804649312e-02
2.220036918016502214e-01,-9.072542059201331721e-01,3.445938966804678455e-02,3.555512862167318211e-01
1.277238860243367080e-01,4.382008013139361280e-01,5.569194910243617791e-01,6.939073044606407503e-01
4.382008013139361280e-01,-1.277238860243367080e-01,6.939073044606407503e-01,-5.569194910243617791e-01
3.297125306241118770e-01,3.156310828843977845e-01,8.292600793201173603e-01,3.224816080223169568e-01
3.156310828843977845e-01,-3.297125306241118214e-01,3.224816080223169568e-01,-8.292600793201172493e-01
4.433549689087344370e-01,1.084882706898242510e-01,8.794010990466786248e-01,-1.353527748594766378e-01
1.084882706898241816e-01,-4.433549689087344370e-01,-1.353527748594767488e-01,-8.794010990466786248e-01
1.894451380599329049e-01,6.499568239497038880e-01,8.012385041308266176e-02,-7.316056555697534325e-01
6.499568239497038880e-01,-1.894451380599329049e-01,-7.316056555697534325e-01,-8.012385041308239808e-02
4.890427141582039949e-01,4.681565518735271714e-01,-2.964135378781227459e-01,-6.736510084823160716e-01
4.681565518735272269e-01,-4.890427141582039394e-01,-6.736510084823159605e-01,2.964135378781226349e-01
6.576016899334600208e-01,1.609141097914998098e-01,-5.935271580692332849e-01,-4.351921176916304645e-01
1.609141097914996987e-01,-6.576016899334600208e-01,-4.351921176916305201e-01,5.935271580692332849e-01
2.059485779485018542e-01,7.065775611407828505e-01,-7.370322269083846856e-02,6.729793223408264691e-01
7.065775611407828505e-01,-2.059485779485018542e-01,6.729793223408264691e-01,7.370322269083849631e-02
5.316454809470735343e-01,5.089398287177193669e-01,2.726607979793655989e-01,6.196688007142112653e-01
5.089398287177194780e-01,-5.316454809470735343e-01,6.196688007142112653e-01,-2.726607979793655434e-01
7.148884066662212211e-01,1.749320801937091774e-01,5.459655780233727551e-01,4.003185243614612032e-01
1.749320801937090386e-01,-7.148884066662212211e-01,4.003185243614612032e-01,-5.459655780233727551e-01
2.489796899998058533e-01,8.542106184274855796e-01,4.969070260126074584e-02,-4.537225665627911964e-01
8.542106184274855796e-01,-2.489796899998058533e-01,-4.537225665627911964e-01,-4.969070260126057931e-02
6.427280457799489088e-01,6.152782507407152934e-01,-1.838278724968062106e-01,-4.177806202142834713e-01
6.152782507407154045e-01,-6.427280457799489088e-01,-4.177806202142834713e-01,1.838278724968061828e-01
8.642579407405210912e-01,2.114825726475365597e-01,-3.680899176130227324e-01,-2.698946940659848193e-01
2.114825726475364487e-01,-8.642579407405212022e-01,-2.698946940659849303e-01,3.680899176130227324e-01
9.995975202529823467e-02,3.429463728364939290e-01,-4.946429697039176482e-02,9.327106285759578785e-01
3.429463728364939290e-01,-9.995975202529823467e-02,9.327106285759578785e-01,4.946429697039182033e-02
2.580408710281481555e-01,2.470203949994841663e-01,4.235179765312814815e-01,8.324832472117276172e-01
2.470203949994841941e-01,-2.580408710281481555e-01,8.324832472117276172e-01,-4.235179765312814260e-01
3.469801470247823594e-01,8.490550180834570415e-02,7.830189502413353875e-01,5.091926520446761195e-01
8.490550180834566252e-02,-3.469801470247824149e-01,5.091926520446754534e-01,-7.830189502413358316e-01
9.995975202529823467e-02,3.429463728364939290e-01,4.946429697039165380e-02,-9.327106285759578785e-01
3.429463728364939290e-01,-9.995975202529823467e-02,-9.327106285759578785e-01,-4.946429697039170931e-02
2.580408710281482110e-01,2.470203949994841941e-01,-4.235179765312819811e-01,-8.324832472117273952e-01
2.470203949994841941e-01,-2.580408710281481555e-01,-8.324832472117275062e-01,4.235179765312815370e-01
3.469801470247824149e-01,8.490550180834571803e-02,-7.830189502413354985e-01,-5.091926520446761195e-01
8.490550180834564864e-02,-3.469801470247823594e-01,-5.091926520446753424e-01,7.830189502413358316e-01
2.489796899998058533e-01,8.542106184274855796e-01,-4.969070260126100952e-02,4.537225665627911408e-01
8.542106184274855796e-01,-2.489796899998058533e-01,4.537225665627911408e-01,4.969070260126103034e-02
6.427280457799489088e-01,6.152782507407152934e-01,1.838278724968061550e-01,4.177806202142834713e-01
6.152782507407154045e-01,-6.427280457799489088e-01,4.177806202142835268e-01,-1.838278724968061273e-01
8.642579407405210912e-01,2.114825726475365597e-01,3.680899176130223993e-01,2.698946940659852078e-01
2.114825726475364487e-01,-8.642579407405212022e-01,2.698946940659852634e-01,-3.680899176130224548e-01
2.059485779485018542e-01,7.065775611407828505e-01,6.729793223408264691e-01,7.370322269083803834e-02
7.065775611407828505e-01,-2.059485779485018542e-01,7.370322269083807998e-02,-6.729793223408264691e-01
5.316454809470735343e-01,5.089398287177193669e-01,6.196688007142112653e-01,-2.726607979793657099e-01
5.089398287177194780e-01,-5.316454809470735343e-01,-2.726607979793656544e-01,-6.196688007142112653e-01
7.148884066662212211e-01,1.749320801937091774e-01,4.003185243614605926e-01,-5.459655780233731992e-01
1.749320801937090386e-01,-7.148884066662212211e-01,-5.459655780233731992e-01,-4.003185243614605926e-01
1.894451380599329049e-01,6.499568239497038880e-01,-7.316056555697534325e-01,-8.012385041308303646e-02
6.499568239497038880e-01,-1.894451380599329049e-01,-8.012385041308309197e-02,7.316056555697534325e-01
4.890427141582039949e-01,4.681565518735271714e-01,-6.736510084823160716e-01,2.964135378781226904e-01
4.681565518735272824e-01,-4.890427141582039949e-01,2.964135378781226349e-01,6.736510084823160716e-01
6.576016899334600208e-01,1.609141097914998098e-01,-4.351921176916310197e-01,5.935271580692329518e-01
1.609141097914997265e-01,-6.576016899334601318e-01,5.935271580692329518e-01,4.351921176916311307e-01
1.277238860243367358e-01,4.382008013139361835e-01,-8.844681091772841341e-01,-9.686501182071088900e-02
4.382008013139361280e-01,-1.277238860243367080e-01,-9.686501182071094451e-02,8.844681091772840231e-01
3.297125306241118770e-01,3.156310828843977845e-01,-8.144043572950717680e-01,3.583464936140267065e-01
3.156310828843978400e-01,-3.297125306241118770e-01,3.583464936140266510e-01,8.144043572950717680e-01
4.433549689087344370e-01,1.084882706898242510e-01,-5.261216155632577607e-01,7.175393454743608235e-01
1.084882706898241955e-01,-4.433549689087344925e-01,7.175393454743608235e-01,5.261216155632579827e-01
2.613662661259062991e-01,8.967070359179387662e-01,3.567159776422716422e-01,1.891766268292711939e-02
8.967070359179386552e-01,-2.613662661259062436e-01,1.891766268292713674e-02,-3.567159776422715867e-01
6.747033441162882950e-01,6.458879397942269840e-01,3.183839299154727076e-01,-1.619748123574960008e-01
6.458879397942269840e-01,-6.747033441162881839e-01,-1.619748123574959453e-01,-3.183839299154726521e-01
9.072542059201331721e-01,2.220036918016503602e-01,1.947411652847756691e-01,-2.994662672325454911e-01
2.220036918016502214e-01,-9.072542059201331721e-01,-2.994662672325456576e-01,-1.947411652847754193e-01
2.613662661259062991e-01,8.967070359179387662e-01,-3.567159776422716422e-01,-1.891766268292716102e-02
8.967070359179386552e-01,-2.613662661259062436e-01,-1.891766268292717837e-02,3.567159776422715867e-01
6.747033441162882950e-01,6.458879397942269840e-01,-3.183839299154727631e-01,1.619748123574958343e-01
6.458879397942269840e-01,-6.747033441162881839e-01,1.619748123574957788e-01,3.183839299154727631e-01
9.072542059201331721e-01,2.220036918016503602e-01,-1.947411652847756969e-01,2.994662672325454356e-01
2.220036918016502214e-01,-9.072542059201331721e-01,2.994662672325456021e-01,1.947411652847754748e-01
1.277238860243367080e-01,4.382008013139361280e-01,8.844681091772841341e-01,9.686501182071038940e-02
4.382008013139361280e-01,-1.277238860243367080e-01,9.686501182071043103e-02,-8.844681091772841341e-01
3.297125306241118770e-01,3.156310828843977845e-01,8.144043572950717680e-01,-3.583464936140268176e-01
3.156310828843978400e-01,-3.297125306241118770e-01,-3.583464936140267620e-01,-8.144043572950717680e-01
4.433549689087344925e-01,1.084882706898242649e-01,5.261216155632572056e-01,-7.175393454743613786e-01
1.084882706898241816e-01,-4.433549689087344370e-01,-7.175393454743612676e-01,-5.261216155632570945e-01
1.476874698445773335e-02,6.768420919578231887e-01,-2.964135378781226904e-01,-6.736510084823159605e-01
6.768420919578232997e-01,-1.476874698445767610e-02,-6.736510084823160716e-01,2.964135378781226904e-01
3.512111560495168594e-01,5.787780724938491606e-01,-5.935271580692333959e-01,-4.351921176916305201e-01
5.787780724938491606e-01,-3.512111560495166374e-01,-4.351921176916310197e-01,5.935271580692329518e-01
5.935468194783070084e-01,3.256309359083063848e-01,-7.316056555697534325e-01,-8.012385041308239808e-02
3.256309359083064403e-01,-5.935468194783068974e-01,-8.012385041308243971e-02,7.316056555697534325e-01
1.605532066263982635e-02,7.358049288670786003e-01,2.726607979793657655e-01,6.196688007142112653e-01
7.358049288670786003e-01,-1.605532066263976390e-02,6.196688007142112653e-01,-2.726607979793657099e-01
3.818067799932906015e-01,6.291981002973719983e-01,5.459655780233730882e-01,4.003185243614606481e-01
6.291981002973721093e-01,-3.818067799932904349e-01,4.003185243614608146e-01,-5.459655780233729772e-01
6.452534209600118142e-01,3.539981488737879434e-01,6.729793223408264691e-01,7.370322269083803834e-02
3.539981488737879989e-01,-6.452534209600118142e-01,7.370322269083807998e-02,-6.729793223408264691e-01
1.940993621442298894e-02,8.895447830451364002e-01,4.177806202142834713e-01,-1.838278724968062383e-01
8.895447830451364002e-01,-1.940993621442291261e-02,-1.838278724968062106e-01,-4.177806202142834713e-01
4.615818893700940340e-01,7.606634118137935996e-01,2.698946940659848193e-01,-3.680899176130227324e-01
7.606634118137937106e-01,-4.615818893700938674e-01,-3.680899176130224548e-01,-2.698946940659851523e-01
7.800733480282165955e-01,4.279628936750422552e-01,4.969070260126074584e-02,-4.537225665627911964e-01
4.279628936750423107e-01,-7.800733480282165955e-01,-4.537225665627911964e-01,-4.969070260126057931e-02
7.792653331772122875e-03,3.571322461228016998e-01,-8.746677356485260679e-01,3.276464337495733625e-01
3.571322461228016998e-01,-7.792653331772092518e-03,3.276464337495733070e-01,8.746677356485260679e-01
1.853147588096009379e-01,3.053892709870568156e-01,-5.936612620674491803e-01,7.210840029107682403e-01
3.053892709870568156e-01,-1.853147588096008547e-01,7.210840029107682403e-01,5.936612620674491803e-01
3.131819243188290192e-01,1.718174873132007341e-01,-1.535837327377577166e-01,9.213076958170220987e-01
1.718174873132007618e-01,-3.131819243188289636e-01,9.213076958170220987e-01,1.535837327377577721e-01
7.792653331772122875e-03,3.571322461228016998e-01,8.746677356485261789e-01,-3.276464337495730850e-01
3.571322461228016998e-01,-7.792653331772092518e-03,-3.276464337495730850e-01,-8.746677356485261789e-01
1.853147588096009379e-01,3.053892709870568156e-01,5.936612620674490692e-01,-7.210840029107683513e-01
3.053892709870568711e-01,-1.853147588096008824e-01,-7.210840029107683513e-01,-5.936612620674491803e-01
3.131819243188290192e-01,1.718174873132007341e-01,1.535837327377576056e-01,-9.213076958170220987e-01
1.718174873132007618e-01,-3.131819243188289636e-01,-9.213076958170220987e-01,-1.535837327377576611e-01
1.940993621442298894e-02,8.895447830451364002e-01,-4.177806202142833047e-01,1.838278724968065714e-01
8.895447830451364002e-01,-1.940993621442291261e-02,1.838278724968061550e-01,4.177806202142834713e-01
4.615818893700940340e-01,7.606634118137935996e-01,-2.698946940659848748e-01,3.680899176130226769e-01
7.606634118137937106e-01,-4.615818893700938674e-01,3.680899176130226769e-01,2.698946940659848748e-01
7.800733480282165955e-01,4.279628936750422552e-01,-4.969070260126060012e-02,4.537225665627911964e-01
4.279628936750423107e-01,-7.800733480282165955e-01,4.537225665627911964e-01,4.969070260126062788e-02
1.605532066263982635e-02,7.358049288670786003e-01,6.196688007142112653e-01,-2.726607979793657099e-01
7.358049288670786003e-01,-1.605532066263976390e-02,-2.726607979793656544e-01,-6.196688007142112653e-01
3.818067799932906015e-01,6.291981002973719983e-01,4.003185243614605926e-01,-5.459655780233731992e-01
6.291981002973721093e-01,-3.818067799932904349e-01,-5.459655780233727551e-01,-4.003185243614611477e-01
6.452534209600118142e-01,3.539981488737879434e-01,7.370322269083807998e-02,-6.729793223408264691e-01
3.539981488737880544e-01,-6.452534209600119253e-01,-6.729793223408265801e-01,-7.370322269083784406e-02
1.476874698445773508e-02,6.768420919578232997e-01,-6.736510084823158495e-01,2.964135378781233010e-01
6.768420919578232997e-01,-1.476874698445767610e-02,2.964135378781226349e-01,6.736510084823160716e-01
3.512111560495168594e-01,5.787780724938491606e-01,-4.351921176916305756e-01,5.935271580692333959e-01
5.787780724938492716e-01,-3.512111560495166929e-01,5.935271580692333959e-01,4.351921176916305756e-01
5.935468194783070084e-01,3.256309359083063848e-01,-8.012385041308243971e-02,7.316056555697534325e-01
3.256309359083064403e-01,-5.935468194783068974e-01,7.316056555697534325e-01,8.012385041308246747e-02
9.957087185675830496e-03,4.563268453072976683e-01,-3.583464936140267620e-01,-8.144043572950717680e-01
4.563268453072976683e-01,-9.957087185675790597e-03,-8.144043572950717680e-01,3.583464936140267065e-01
2.367865131041405613e-01,3.902120968720935723e-01,-7.175393454743612676e-01,-5.261216155632570945e-01
3.902120968720936278e-01,-2.367865131041404503e-01,-5.261216155632577607e-01,7.175393454743608235e-01
4.001691840577694115e-01,2.195403322031569959e-01,-8.844681091772841341e-01,-9.686501182071009797e-02
2.195403322031570237e-01,-4.001691840577693560e-01,-9.686501182071015348e-02,8.844681091772841341e-01
2.037556779876181778e-02,9.337990520289745078e-01,1.253086588221124786e-01,3.345174235983381927e-01
9.337990520289745078e-01,-2.037556779876173799e-02,3.345174235983381927e-01,-1.253086588221124509e-01
4.845452853447472230e-01,7.985059171875378281e-01,2.757791936532755783e-01,2.270462574336247208e-01
7.985059171875379391e-01,-4.845452853447470010e-01,2.270462574336248041e-01,-2.757791936532755228e-01
8.188814849862996459e-01,4.492537666842272848e-01,3.523549162557371717e-01,5.873822994506264911e-02
4.492537666842273958e-01,-8.188814849862996459e-01,5.873822994506267686e-02,-3.523549162557372272e-01
2.037556779876181778e-02,9.337990520289745078e-01,-1.253086588221124231e-01,-3.345174235983381927e-01
9.337990520289745078e-01,-2.037556779876173799e-02,-3.345174235983381927e-01,1.253086588221125619e-01
4.845452853447472230e-01,7.985059171875378281e-01,-2.757791936532754673e-01,-2.270462574336248041e-01
7.985059171875379391e-01,-4.845452853447470010e-01,-2.270462574336248318e-01,2.757791936532754673e-01
8.188814849862996459e-01,4.492537666842272848e-01,-3.523549162557371717e-01,-5.873822994506269074e-02
4.492537666842273958e-01,-8.188814849862996459e-01,-5.873822994506271850e-02,3.523549162557372272e-01
9.957087185675828761e-03,4.563268453072976127e-01,3.583464936140268176e-01,8.144043572950716570e-01
4.563268453072976683e-01,-9.957087185675790597e-03,8.144043572950717680e-01,-3.583464936140268176e-01
2.367865131041405891e-01,3.902120968720936278e-01,7.175393454743612676e-01,5.261216155632573166e-01
3.902120968720936278e-01,-2.367865131041404503e-01,5.261216155632574276e-01,-7.175393454743610455e-01
4.001691840577694115e-01,2.195403322031569959e-01,8.844681091772841341e-01,9.686501182071038940e-02
2.195403322031570237e-01,-4.001691840577693560e-01,9.686501182071043103e-02,-8.844681091772841341e-01
1.835996159469591854e-02,8.414251274733687280e-01,9.378073435086971277e-02,-5.318569737544842635e-01
8.414251274733687280e-01,-1.835996159469584568e-02,-5.318569737544842635e-01,-9.378073435086951848e-02
4.366127568901976841e-01,7.195155549771489190e-01,-1.847119885438289477e-01,-5.074920176267316840e-01
7.195155549771490300e-01,-4.366127568901974620e-01,-5.074920176267316840e-01,1.847119885438288922e-01
7.378755165718449138e-01,4.048123705831709884e-01,-4.137112832758620407e-01,-3.471449852106551770e-01
4.048123705831709884e-01,-7.378755165718448028e-01,-3.471449852106552880e-01,4.137112832758619851e-01
1.178138443954739913e-02,5.399332048016256547e-01,-1.461467189903949138e-01,8.288392304070048011e-01
5.399332048016256547e-01,-1.178138443954735229e-02,8.288392304070048011e-01,1.461467189903949693e-01
2.801695806172115333e-01,4.617051794851801394e-01,2.878528438780742493e-01,7.908691886808073557e-01
4.617051794851801949e-01,-2.801695806172114223e-01,7.908691886808073557e-01,-2.878528438780741938e-01
4.734865639247275992e-01,2.597636241844140104e-01,6.447224696904120256e-01,5.409863865289302742e-01
2.597636241844140659e-01,-4.734865639247274882e-01,5.409863865289297191e-01,-6.447224696904125807e-01
2.155772612622941509e-02,9.879766011623284383e-01,3.638807220357678784e-02,-1.487057772963353564e-01
9.879766011623284383e-01,-2.155772612622933182e-02,-1.487057772963353564e-01,-3.638807220357680172e-02
5.126578390543065078e-01,8.448339718880680804e-01,-4.283989372512782279e-02,-1.469770169299260409e-01
8.448339718880681914e-01,-5.126578390543062858e-01,-1.469770169299260687e-01,4.283989372512769095e-02
8.663916980142974955e-01,4.753187621080219305e-01,-1.105889447263492531e-01,-1.058658835712075613e-01
4.753187621080220415e-01,-8.663916980142974955e-01,-1.058658835712075197e-01,1.105889447263493086e-01
1.335883428303792815e-02,6.122267076390888185e-01,-4.247726370730948720e-01,6.667594819677998830e-01
6.122267076390888185e-01,-1.335883428303787611e-02,6.667594819677994389e-01,4.247726370730955936e-01
3.176824436736017110e-01,5.235244645492403981e-01,-3.448415355390838100e-02,7.898169681348145010e-01
5.235244645492403981e-01,-3.176824436736015445e-01,7.898169681348145010e-01,3.448415355390842957e-02
5.368832988322783661e-01,2.945442639654869965e-01,3.650443310617193515e-01,7.012436355217079864e-01
2.945442639654870520e-01,-5.368832988322782551e-01,7.012436355217079864e-01,-3.650443310617192960e-01
1.335883428303792815e-02,6.122267076390888185e-01,4.247726370730951495e-01,-6.667594819677997720e-01
6.122267076390888185e-01,-1.335883428303787611e-02,-6.667594819677995499e-01,-4.247726370730954826e-01
3.176824436736017110e-01,5.235244645492403981e-01,3.448415355390828385e-02,-7.898169681348145010e-01
5.235244645492403981e-01,-3.176824436736015445e-01,-7.898169681348145010e-01,-3.448415355390833242e-02
5.368832988322783661e-01,2.945442639654869965e-01,-3.650443310617194626e-01,-7.012436355217078754e-01
2.945442639654870520e-01,-5.368832988322782551e-01,-7.012436355217078754e-01,3.650443310617194070e-01
2.155772612622941509e-02,9.879766011623284383e-01,-3.638807220357680866e-02,1.487057772963353564e-01
9.879766011623284383e-01,-2.155772612622933182e-02,1.487057772963353564e-01,3.638807220357681560e-02
5.126578390543065078e-01,8.448339718880680804e-01,4.283989372512767707e-02,1.469770169299260687e-01
8.448339718880681914e-01,-5.126578390543062858e-01,1.469770169299260687e-01,-4.283989372512767013e-02
8.663916980142974955e-01,4.753187621080219305e-01,1.105889447263491837e-01,1.058658835712076307e-01
4.753187621080220415e-01,-8.663916980142974955e-01,1.058658835712077417e-01,-1.105889447263491004e-01
1.178138443954739913e-02,5.399332048016256547e-01,8.288392304070048011e-01,1.461467189903949415e-01
5.399332048016256547e-01,-1.178138443954735229e-02,1.461467189903948305e-01,-8.288392304070048011e-01
2.801695806172115333e-01,4.617051794851801394e-01,7.908691886808072447e-01,-2.878528438780747489e-01
4.617051794851802504e-01,-2.801695806172114778e-01,-2.878528438780744159e-01,-7.908691886808073557e-01
4.734865639247275992e-01,2.597636241844140104e-01,5.409863865289301632e-01,-6.447224696904121366e-01
2.597636241844140659e-01,-4.734865639247274882e-01,-6.447224696904121366e-01,-5.409863865289301632e-01
1.835996159469591854e-02,8.414251274733687280e-01,-5.318569737544842635e-01,-9.378073435086951848e-02
8.414251274733687280e-01,-1.835996159469584568e-02,-9.378073435086954623e-02,5.318569737544842635e-01
4.366127568901976841e-01,7.195155549771489190e-01,-5.074920176267316840e-01,1.847119885438288922e-01
7.195155549771490300e-01,-4.366127568901974620e-01,1.847119885438288645e-01,5.074920176267317951e-01
7.378755165718449138e-01,4.048123705831709884e-01,-3.471449852106552880e-01,4.137112832758619851e-01
4.048123705831710439e-01,-7.378755165718449138e-01,4.137112832758620407e-01,3.471449852106553435e-01
3.339708570759484640e-03,1.530566769097723157e-01,-9.598916649225596176e-01,-2.348839960750765954e-01
1.530566769097723157e-01,-3.339708570759471196e-03,-2.348839960750766509e-01,9.598916649225596176e-01
7.942061091840046938e-02,1.308811161373101550e-01,-9.487325647414152074e-01,2.765303249178585054e-01
1.308811161373101828e-01,-7.942061091840044162e-02,2.765303249178584499e-01,9.487325647414152074e-01
1.342208247080696748e-01,7.363606599137180464e-02,-6.833613400047008346e-01,7.138485686663382790e-01
7.363606599137180464e-02,-1.342208247080696470e-01,7.138485686663381680e-01,6.833613400047008346e-01
1.724618090098353415e-02,7.903812809298628173e-01,5.164696739174344797e-01,3.290274698617409732e-01
7.903812809298628173e-01,-1.724618090098346476e-02,3.290274698617410842e-01,-5.164696739174343687e-01
4.101262712434451396e-01,6.758671775104544421e-01,6.117895928276340101e-01,2.671131048446917511e-02
6.758671775104545532e-01,-4.101262712434449176e-01,2.671131048446921327e-02,-6.117895928276340101e-01
6.931133584114380630e-01,3.802550096864175666e-01,5.431809844019035438e-01,-2.827621229658932589e-01
3.802550096864176776e-01,-6.931133584114380630e-01,-2.827621229658932589e-01,-5.431809844019036548e-01
1.724618090098353415e-02,7.903812809298628173e-01,-5.164696739174345907e-01,-3.290274698617406957e-01
7.903812809298628173e-01,-1.724618090098346476e-02,-3.290274698617411953e-01,5.164696739174343687e-01
4.101262712434451396e-01,6.758671775104544421e-01,-6.117895928276340101e-01,-2.671131048446925144e-02
6.758671775104545532e-01,-4.101262712434449176e-01,-2.671131048446928960e-02,6.117895928276340101e-01
6.931133584114380630e-01,3.802550096864175666e-01,-5.431809844019035438e-01,2.827621229658932034e-01
3.802550096864176221e-01,-6.931133584114379520e-01,2.827621229658931479e-01,5.431809844019036548e-01
3.339708570759484206e-03,1.530566769097722879e-01,9.598916649225596176e-01,2.348839960750764566e-01
1.530566769097723157e-01,-3.339708570759471196e-03,2.348839960750765399e-01,-9.598916649225596176e-01
7.942061091840046938e-02,1.308811161373101550e-01,9.487325647414149854e-01,-2.765303249178592826e-01
1.308811161373101828e-01,-7.942061091840044162e-02,-2.765303249178590050e-01,-9.487325647414150964e-01
1.342208247080696470e-01,7.363606599137179076e-02,6.833613400047003905e-01,-7.138485686663386121e-01
7.363606599137180464e-02,-1.342208247080696470e-01,-7.138485686663386121e-01,-6.833613400047003905e-01
1.713595749005112634e-01,5.879080677197039417e-01,-6.890266456157524699e-02,-7.875610597384276046e-01
5.879080677197039417e-01,-1.713595749005112634e-01,-7.875610597384276046e-01,6.890266456157520536e-02
4.423557789053969569e-01,4.234635342848300787e-01,-4.534519877679756839e-01,-6.475965524840846532e-01
4.234635342848301898e-01,-4.423557789053969569e-01,-6.475965524840848753e-01,4.534519877679752953e-01
5.948231091853413144e-01,1.455522888143069571e-01,-7.164992170456596643e-01,-3.341090719704520873e-01
1.455522888143069016e-01,-5.948231091853414254e-01,-3.341090719704515877e-01,7.164992170456599974e-01
2.212242599342875704e-01,7.589860517931320549e-01,5.337177447125929924e-02,6.100421736976788800e-01
7.589860517931320549e-01,-2.212242599342875704e-01,6.100421736976788800e-01,-5.337177447125925761e-02
5.710788549330709785e-01,5.466890720037602680e-01,3.512423993860034344e-01,5.016261325664395088e-01
5.466890720037603790e-01,-5.710788549330709785e-01,5.016261325664395088e-01,-3.512423993860034344e-01
7.679133319380477829e-01,1.879071968600610210e-01,5.549979070376985790e-01,2.587997743116752791e-01
1.879071968600608822e-01,-7.679133319380477829e-01,2.587997743116748350e-01,-5.549979070376988011e-01
2.355112090919163348e-01,8.080023537870401062e-01,1.623996927578846006e-01,-5.150660214562898798e-01
8.080023537870401062e-01,-2.355112090919163348e-01,-5.150660214562898798e-01,-1.623996927578846283e-01
6.079598668431082098e-01,5.819949601512400816e-01,-1.168907512330290555e-01,-5.272601055862701225e-01
5.819949601512403037e-01,-6.079598668431083208e-01,-5.272601055862701225e-01,1.168907512330292775e-01
8.175061692431564442e-01,2.000424869439318687e-01,-3.648604128283853276e-01,-3.981752702232608243e-01
2.000424869439317299e-01,-8.175061692431564442e-01,-3.981752702232609353e-01,3.648604128283853276e-01
7.139982287521302873e-02,2.449616948832099850e-01,-1.803501119583867385e-01,9.499314030233607653e-01
2.449616948832099850e-01,-7.139982287521302873e-02,9.499314030233607653e-01,1.803501119583867940e-01
1.843149078772487459e-01,1.764431392853458846e-01,3.187779229803492376e-01,9.128397828500179889e-01
1.764431392853458846e-01,-1.843149078772487182e-01,9.128397828500179889e-01,-3.187779229803491821e-01
2.478429621605588717e-01,6.064678700596123212e-02,7.324896708916307508e-01,6.311534800430111947e-01
6.064678700596119049e-02,-2.478429621605588717e-01,6.311534800430106396e-01,-7.324896708916313059e-01
7.139982287521304261e-02,2.449616948832100127e-01,1.803501119583866552e-01,-9.499314030233608763e-01
2.449616948832100127e-01,-7.139982287521304261e-02,-9.499314030233608763e-01,-1.803501119583867107e-01
1.843149078772487182e-01,1.764431392853458569e-01,-3.187779229803497372e-01,-9.128397828500177669e-01
1.764431392853459124e-01,-1.843149078772487459e-01,-9.128397828500179889e-01,3.187779229803492931e-01
2.478429621605588995e-01,6.064678700596123906e-02,-7.324896708916309729e-01,-6.311534800430111947e-01
6.064678700596119049e-02,-2.478429621605588717e-01,-6.311534800430105285e-01,7.324896708916314170e-01
2.355112090919163348e-01,8.080023537870401062e-01,-1.623996927578846561e-01,5.150660214562898798e-01
8.080023537870401062e-01,-2.355112090919163348e-01,5.150660214562898798e-01,1.623996927578847116e-01
6.079598668431082098e-01,5.819949601512400816e-01,1.168907512330292359e-01,5.272601055862700115e-01
5.819949601512403037e-01,-6.079598668431083208e-01,5.272601055862701225e-01,-1.168907512330292220e-01
8.175061692431564442e-01,2.000424869439318687e-01,3.648604128283853276e-01,3.981752702232609353e-01
2.000424869439317299e-01,-8.175061692431564442e-01,3.981752702232609353e-01,-3.648604128283852721e-01
2.212242599342875704e-01,7.589860517931320549e-01,6.100421736976788800e-01,-5.337177447125941027e-02
7.589860517931320549e-01,-2.212242599342875704e-01,-5.337177447125936863e-02,-6.100421736976788800e-01
5.710788549330709785e-01,5.466890720037602680e-01,5.016261325664391757e-01,-3.512423993860039895e-01
5.466890720037603790e-01,-5.710788549330709785e-01,-3.512423993860039895e-01,-5.016261325664391757e-01
7.679133319380477829e-01,1.879071968600610210e-01,2.587997743116749461e-01,-5.549979070376986900e-01
1.879071968600608822e-01,-7.679133319380477829e-01,-5.549979070376988011e-01,-2.587997743116747240e-01
1.713595749005112634e-01,5.879080677197039417e-01,-7.875610597384276046e-01,6.890266456157520536e-02
5.879080677197039417e-01,-1.713595749005112634e-01,6.890266456157514985e-02,7.875610597384276046e-01
4.423557789053969569e-01,4.234635342848300787e-01,-6.475965524840848753e-01,4.534519877679752953e-01
4.234635342848301898e-01,-4.423557789053969569e-01,4.534519877679752398e-01,6.475965524840848753e-01
5.948231091853413144e-01,1.455522888143069571e-01,-3.341090719704521428e-01,7.164992170456596643e-01
1.455522888143068738e-01,-5.948231091853413144e-01,7.164992170456598863e-01,3.341090719704515877e-01
1.511249399854995568e-01,5.184861803182857498e-01,-8.026724211567785039e-01,-2.530816422572935154e-01
5.184861803182857498e-01,-1.511249399854995568e-01,-2.530816422572935709e-01,8.026724211567785039e-01
3.901211273319840078e-01,3.734597336740448359e-01,-8.216755287675787667e-01,1.821610791520880124e-01
3.734597336740448914e-01,-3.901211273319840078e-01,1.821610791520879846e-01,8.216755287675787667e-01
5.245846736595443094e-01,1.283650529863015199e-01,-6.205113420046909356e-01,5.685938865102850848e-01
1.283650529863014367e-01,-5.245846736595443094e-01,5.685938865102850848e-01,6.205113420046909356e-01
2.705667059838393618e-01,9.282723150812955959e-01,2.506773095856135170e-01,4.759257426936618768e-02
9.282723150812955959e-01,-2.705667059838393618e-01,4.759257426936620156e-02,-2.506773095856134614e-01
6.984537983409276896e-01,6.686240534982750283e-01,2.408892053881608042e-01,-8.412227644403798277e-02
6.686240534982751393e-01,-6.984537983409276896e-01,-8.412227644403796889e-02,-2.408892053881608042e-01
9.391907594821142791e-01,2.298185167403678231e-01,1.665550331415755481e-01,-1.932966311187944985e-01
2.298185167403676565e-01,-9.391907594821142791e-01,-1.932966311187946373e-01,-1.665550331415753815e-01
2.705667059838393618e-01,9.282723150812955959e-01,-2.506773095856134614e-01,-4.759257426936621543e-02
9.282723150812955959e-01,-2.705667059838393618e-01,-4.759257426936622931e-02,2.506773095856134614e-01
6.984537983409276896e-01,6.686240534982750283e-01,-2.408892053881608319e-01,8.412227644403784399e-02
6.686240534982751393e-01,-6.984537983409276896e-01,8.412227644403783011e-02,2.408892053881608319e-01
9.391907594821142791e-01,2.298185167403678231e-01,-1.665550331415755758e-01,1.932966311187944708e-01
2.298185167403676565e-01,-9.391907594821142791e-01,1.932966311187946096e-01,1.665550331415754093e-01
1.511249399854995290e-01,5.184861803182856388e-01,8.026724211567783929e-01,2.530816422572937374e-01
5.184861803182856388e-01,-1.511249399854995290e-01,2.530816422572934599e-01,-8.026724211567785039e-01
3.901211273319840078e-01,3.734597336740448359e-01,8.216755287675788777e-01,-1.821610791520875683e-01
3.734597336740448914e-01,-3.901211273319840078e-01,-1.821610791520873462e-01,-8.216755287675789887e-01
5.245846736595443094e-01,1.283650529863015199e-01,6.205113420046908246e-01,-5.685938865102851958e-01
1.283650529863014644e-01,-5.245846736595444204e-01,-5.685938865102851958e-01,-6.205113420046909356e-01
2.355112090919163348e-01,8.080023537870401062e-01,-4.706948076039270401e-02,-5.380066269551088132e-01
8.080023537870401062e-01,-2.355112090919163348e-01,-5.380066269551088132e-01,4.706948076039267626e-02
6.079598668431082098e-01,5.819949601512400816e-01,-3.097666795589973376e-01,-4.423926659673056427e-01
5.819949601512401927e-01,-6.079598668431082098e-01,-4.423926659673058648e-01,3.097666795589970601e-01
8.175061692431564442e-01,2.000424869439318687e-01,-4.894621467276982218e-01,-2.282399473961116143e-01
2.000424869439317299e-01,-8.175061692431564442e-01,-2.282399473961112257e-01,4.894621467276984439e-01
1.511249399854995290e-01,5.184861803182856388e-01,7.335248785721543152e-02,8.384227727456420309e-01
5.184861803182856388e-01,-1.511249399854995290e-01,8.384227727456420309e-01,-7.335248785721537601e-02
3.901211273319840078e-01,3.734597336740448359e-01,4.827365042879586676e-01,6.894191763805058715e-01
3.734597336740448914e-01,-3.901211273319840078e-01,6.894191763805058715e-01,-4.827365042879586676e-01
5.245846736595443094e-01,1.283650529863015199e-01,7.627716642377209144e-01,3.556862684576831413e-01
1.283650529863014367e-01,-5.245846736595443094e-01,3.556862684576825306e-01,-7.627716642377212475e-01
2.765303249178594491e-01,9.487325647414149854e-01,-3.339708570759460354e-03,-1.530566769097722324e-01
9.487325647414149854e-01,-2.765303249178594491e-01,-1.530566769097722324e-01,3.339708570759383158e-03
7.138485686663386121e-01,6.833613400047002795e-01,-7.942061091840039999e-02,-1.308811161373101273e-01
6.833613400047003905e-01,-7.138485686663386121e-01,-1.308811161373101550e-01,7.942061091840038611e-02
9.598916649225597286e-01,2.348839960750762901e-01,-1.342208247080696193e-01,-7.363606599137180464e-02
2.348839960750761235e-01,-9.598916649225597286e-01,-7.363606599137180464e-02,1.342208247080696193e-01
1.713595749005112912e-01,5.879080677197040528e-01,-2.377288080138585946e-01,7.539794518687562563e-01
5.879080677197039417e-01,-1.713595749005112634e-01,7.539794518687561453e-01,2.377288080138586224e-01
4.423557789053969569e-01,4.234635342848300787e-01,1.711105389829831458e-01,7.718297632567385769e-01
4.234635342848301898e-01,-4.423557789053969569e-01,7.718297632567385769e-01,-1.711105389829830903e-01
5.948231091853413144e-01,1.455522888143069571e-01,5.341009552428798157e-01,5.828689128857734714e-01
1.455522888143068738e-01,-5.948231091853413144e-01,5.828689128857734714e-01,-5.341009552428798157e-01
1.713595749005112634e-01,5.879080677197039417e-01,2.377288080138584836e-01,-7.539794518687562563e-01
5.879080677197040528e-01,-1.713595749005112912e-01,-7.539794518687562563e-01,-2.377288080138585669e-01
4.423557789053970124e-01,4.234635342848301343e-01,-1.711105389829828960e-01,-7.718297632567386879e-01
4.234635342848301898e-01,-4.423557789053969569e-01,-7.718297632567385769e-01,1.711105389829832013e-01
5.948231091853414254e-01,1.455522888143069848e-01,-5.341009552428799267e-01,-5.828689128857734714e-01
1.455522888143068738e-01,-5.948231091853413144e-01,-5.828689128857734714e-01,5.341009552428798157e-01
2.765303249178594491e-01,9.487325647414149854e-01,3.339708570759373617e-03,1.530566769097722324e-01
9.487325647414149854e-01,-2.765303249178594491e-01,1.530566769097722324e-01,-3.339708570759364510e-03
7.138485686663386121e-01,6.833613400047002795e-01,7.942061091840027509e-02,1.308811161373102105e-01
6.833613400047003905e-01,-7.138485686663386121e-01,1.308811161373102105e-01,-7.942061091840024734e-02
9.598916649225597286e-01,2.348839960750762901e-01,1.342208247080695360e-01,7.363606599137192954e-02
2.348839960750761235e-01,-9.598916649225597286e-01,7.363606599137181852e-02,-1.342208247080695915e-01
1.511249399854995290e-01,5.184861803182856388e-01,8.384227727456420309e-01,-7.335248785721558418e-02
5.184861803182856388e-01,-1.511249399854995290e-01,-7.335248785721552867e-02,-8.384227727456420309e-01
3.901211273319840078e-01,3.734597336740448359e-01,6.894191763805053164e-01,-4.827365042879594448e-01
3.734597336740448914e-01,-3.901211273319840078e-01,-4.827365042879594448e-01,-6.894191763805054274e-01
5.245846736595443094e-01,1.283650529863015199e-01,3.556862684576826972e-01,-7.627716642377211365e-01
1.283650529863014367e-01,-5.245846736595443094e-01,-7.627716642377212475e-01,-3.556862684576824196e-01
2.355112090919163348e-01,8.080023537870401062e-01,-5.380066269551088132e-01,4.706948076039267626e-02
8.080023537870401062e-01,-2.355112090919163348e-01,4.706948076039264850e-02,5.380066269551088132e-01
6.079598668431082098e-01,5.819949601512400816e-01,-4.423926659673058648e-01,3.097666795589970601e-01
5.819949601512401927e-01,-6.079598668431082098e-01,3.097666795589970046e-01,4.423926659673058648e-01
8.175061692431564442e-01,2.000424869439318687e-01,-2.282399473961116421e-01,4.894621467276982218e-01
2.000424869439317299e-01,-8.175061692431564442e-01,4.894621467276984439e-01,2.282399473961112535e-01
4.283989372512784360e-02,1.469770169299260687e-01,-9.879766011623284383e-01,2.155772612622877324e-02
1.469770169299260687e-01,-4.283989372512784360e-02,2.155772612622871079e-02,9.879766011623284383e-01
1.105889447263492947e-01,1.058658835712075891e-01,-8.448339718880686355e-01,5.126578390543052866e-01
1.058658835712076030e-01,-1.105889447263492947e-01,5.126578390543052866e-01,8.448339718880686355e-01
1.487057772963354119e-01,3.638807220357676009e-02,-4.753187621080228742e-01,8.663916980142969404e-01
3.638807220357673233e-02,-1.487057772963354119e-01,8.663916980142973845e-01,4.753187621080221525e-01
2.212242599342875704e-01,7.589860517931320549e-01,5.840299720940577144e-01,1.841439428702830450e-01
7.589860517931320549e-01,-2.212242599342875704e-01,1.841439428702828229e-01,-5.840299720940578254e-01
5.710788549330709785e-01,5.466890720037602680e-01,5.978567638401123263e-01,-1.325416535683334451e-01
5.466890720037603790e-01,-5.710788549330709785e-01,-1.325416535683332508e-01,-5.978567638401123263e-01
7.679133319380477829e-01,1.879071968600610210e-01,4.514883185257242970e-01,-4.137128209698293646e-01
1.879071968600609099e-01,-7.679133319380478939e-01,-4.137128209698293091e-01,-4.514883185257243525e-01
2.212242599342875704e-01,7.589860517931320549e-01,-5.840299720940578254e-01,-1.841439428702828507e-01
7.589860517931320549e-01,-2.212242599342875704e-01,-1.841439428702828784e-01,5.840299720940578254e-01
5.710788549330709785e-01,5.466890720037602680e-01,-5.978567638401122153e-01,1.325416535683337504e-01
5.466890720037603790e-01,-5.710788549330709785e-01,1.325416535683337227e-01,5.978567638401122153e-01
7.679133319380477829e-01,1.879071968600610210e-01,-4.514883185257243525e-01,4.137128209698292536e-01
1.879071968600609099e-01,-7.679133319380478939e-01,4.137128209698293091e-01,4.514883185257244080e-01
4.283989372512784360e-02,1.469770169299260687e-01,9.879766011623284383e-01,-2.155772612622933182e-02
1.469770169299260687e-01,-4.283989372512784360e-02,-2.155772612622927284e-02,-9.879766011623284383e-01
1.105889447263493086e-01,1.058658835712076030e-01,8.448339718880681914e-01,-5.126578390543062858e-01
1.058658835712076168e-01,-1.105889447263493086e-01,-5.126578390543062858e-01,-8.448339718880681914e-01
1.487057772963354396e-01,3.638807220357676703e-02,4.753187621080220415e-01,-8.663916980142974955e-01
3.638807220357673927e-02,-1.487057772963354396e-01,-8.663916980142974955e-01,-4.753187621080220970e-01
1.335883428303792815e-02,6.122267076390888185e-01,1.372809382412711610e-01,-7.785588892277811590e-01
6.122267076390888185e-01,-1.335883428303787611e-02,-7.785588892277811590e-01,-1.372809382412708834e-01
3.176824436736017110e-01,5.235244645492403981e-01,-2.703906646415869530e-01,-7.428922455340888353e-01
5.235244645492403981e-01,-3.176824436736015445e-01,-7.428922455340888353e-01,2.703906646415869530e-01
5.368832988322783661e-01,2.945442639654869965e-01,-6.056113072928176466e-01,-5.081682245861939284e-01
2.945442639654870520e-01,-5.368832988322782551e-01,-5.081682245861940395e-01,6.056113072928176466e-01
1.724618090098353415e-02,7.903812809298628173e-01,-1.063373575120342279e-01,6.030691224041881959e-01
7.903812809298628173e-01,-1.724618090098346476e-02,6.030691224041881959e-01,1.063373575120342557e-01
4.101262712434451396e-01,6.758671775104544421e-01,2.094437082253640947e-01,5.754418589960313968e-01
6.758671775104545532e-01,-4.101262712434449176e-01,5.754418589960313968e-01,-2.094437082253640670e-01
6.931133584114380630e-01,3.802550096864175666e-01,4.691045014839969052e-01,3.936254141788239069e-01
3.802550096864176221e-01,-6.931133584114379520e-01,3.936254141788235739e-01,-4.691045014839972382e-01
1.835996159469591854e-02,8.414251274733687280e-01,2.901749532543220211e-01,-4.554834389640513015e-01
8.414251274733687280e-01,-1.835996159469584568e-02,-4.554834389640511350e-01,-2.901749532543222432e-01
4.366127568901976841e-01,7.195155549771489190e-01,2.355716157817925455e-02,-5.395477057731282722e-01
7.195155549771490300e-01,-4.366127568901974620e-01,-5.395477057731282722e-01,-2.355716157817928577e-02
7.378755165718449138e-01,4.048123705831709884e-01,-2.493727525188063066e-01,-4.790406005422304103e-01
4.048123705831710439e-01,-7.378755165718449138e-01,-4.790406005422304658e-01,2.493727525188063066e-01
5.566180951265803541e-03,2.550944615162869522e-01,-4.200651695581344436e-01,8.708852316220714318e-01
2.550944615162869522e-01,-5.566180951265780989e-03,8.708852316220714318e-01,4.200651695581344991e-01
1.323676848640006898e-01,2.181351935621834714e-01,7.165550772867305962e-02,9.642413191444760834e-01
2.181351935621834992e-01,-1.323676848640006343e-01,9.642413191444760834e-01,-7.165550772867299023e-02
2.237013745134492915e-01,1.227267766522862485e-01,5.441761495863413067e-01,7.992297238933980807e-01
1.227267766522862624e-01,-2.237013745134492637e-01,7.992297238933976367e-01,-5.441761495863419729e-01
5.566180951265803541e-03,2.550944615162869522e-01,4.200651695581347211e-01,-8.708852316220713208e-01
2.550944615162870077e-01,-5.566180951265781857e-03,-8.708852316220715428e-01,-4.200651695581344436e-01
1.323676848640006898e-01,2.181351935621834714e-01,-7.165550772867317064e-02,-9.642413191444760834e-01
2.181351935621834992e-01,-1.323676848640006343e-01,-9.642413191444760834e-01,7.165550772867311513e-02
2.237013745134492915e-01,1.227267766522862485e-01,-5.441761495863414178e-01,-7.992297238933979697e-01
1.227267766522862624e-01,-2.237013745134492637e-01,-7.992297238933979697e-01,5.441761495863414178e-01
1.835996159469591854e-02,8.414251274733687280e-01,-2.901749532543218546e-01,4.554834389640514125e-01
8.414251274733687280e-01,-1.835996159469584568e-02,4.554834389640510794e-01,2.901749532543222987e-01
4.366127568901976841e-01,7.195155549771489190e-01,-2.355716157817932047e-02,5.395477057731282722e-01
7.195155549771490300e-01,-4.366127568901974620e-01,5.395477057731282722e-01,2.355716157817935516e-02
7.378755165718449138e-01,4.048123705831709884e-01,2.493727525188062510e-01,4.790406005422305213e-01
4.048123705831709884e-01,-7.378755165718448028e-01,4.790406005422305213e-01,-2.493727525188062233e-01
1.724618090098353415e-02,7.903812809298628173e-01,6.030691224041881959e-01,1.063373575120342418e-01
7.903812809298628173e-01,-1.724618090098346476e-02,1.063373575120341585e-01,-6.030691224041881959e-01
4.101262712434451951e-01,6.758671775104545532e-01,5.754418589960313968e-01,-2.094437082253645110e-01
6.758671775104545532e-01,-4.101262712434449176e-01,-2.094437082253641780e-01,-5.754418589960313968e-01
6.931133584114380630e-01,3.802550096864175666e-01,3.936254141788238514e-01,-4.691045014839969607e-01
3.802550096864176776e-01,-6.931133584114380630e-01,-4.691045014839970162e-01,-3.936254141788239069e-01
1.335883428303792815e-02,6.122267076390888185e-01,-7.785588892277811590e-01,-1.372809382412708834e-01
6.122267076390888185e-01,-1.335883428303787611e-02,-1.372809382412709112e-01,7.785588892277811590e-01
3.176824436736017110e-01,5.235244645492403981e-01,-7.428922455340888353e-01,2.703906646415869530e-01
5.235244645492403981e-01,-3.176824436736015445e-01,2.703906646415868975e-01,7.428922455340888353e-01
5.368832988322783661e-01,2.945442639654869965e-01,-5.081682245861940395e-01,6.056113072928176466e-01
2.945442639654870520e-01,-5.368832988322782551e-01,6.056113072928176466e-01,5.081682245861940395e-01
1.178138443954739913e-02,5.399332048016256547e-01,-7.098196726632979292e-01,-4.522050039898961593e-01
5.399332048016256547e-01,-1.178138443954735229e-02,-4.522050039898968254e-01,7.098196726632975961e-01
2.801695806172115888e-01,4.617051794851801949e-01,-8.408243706273188511e-01,-3.671118484204506649e-02
4.617051794851801949e-01,-2.801695806172114223e-01,-3.671118484204511506e-02,8.408243706273187401e-01
4.734865639247275992e-01,2.597636241844140104e-01,-7.465308575053425377e-01,3.886193666374223588e-01
2.597636241844140659e-01,-4.734865639247274882e-01,3.886193666374223032e-01,7.465308575053426488e-01
2.109281485930420905e-02,9.666700194454385109e-01,2.298178227670361340e-01,1.108509585221788690e-01
9.666700194454385109e-01,-2.109281485930412578e-02,1.108509585221788829e-01,-2.298178227670361340e-01
5.016019232281986318e-01,8.266143864868950031e-01,2.544535520197724887e-01,-1.890916526945605330e-02
8.266143864868951141e-01,-5.016019232281985207e-01,-1.890916526945598392e-02,-2.544535520197724887e-01
8.477072013461992572e-01,4.650680962172398236e-01,2.109086574975800599e-01,-1.436025934975936058e-01
4.650680962172399346e-01,-8.477072013461992572e-01,-1.436025934975936058e-01,-2.109086574975800876e-01
2.109281485930420905e-02,9.666700194454385109e-01,-2.298178227670361617e-01,-1.108509585221787996e-01
9.666700194454385109e-01,-2.109281485930412578e-02,-1.108509585221788135e-01,2.298178227670361617e-01
5.016019232281986318e-01,8.266143864868950031e-01,-2.544535520197724887e-01,1.890916526945596657e-02
8.266143864868951141e-01,-5.016019232281985207e-01,1.890916526945595269e-02,2.544535520197724887e-01
8.477072013461992572e-01,4.650680962172398236e-01,-2.109086574975800599e-01,1.436025934975935781e-01
4.650680962172399346e-01,-8.477072013461992572e-01,1.436025934975935781e-01,2.109086574975801154e-01
1.178138443954739913e-02,5.399332048016256547e-01,7.098196726632977072e-01,4.522050039898965479e-01
5.399332048016256547e-01,-1.178138443954735229e-02,4.522050039898967144e-01,-7.098196726632975961e-01
2.801695806172115888e-01,4.617051794851801949e-01,8.408243706273188511e-01,3.671118484204496241e-02
4.617051794851801949e-01,-2.801695806172114223e-01,3.671118484204501098e-02,-8.408243706273187401e-01
4.734865639247275992e-01,2.597636241844140104e-01,7.465308575053425377e-01,-3.886193666374224143e-01
2.597636241844140659e-01,-4.734865639247274882e-01,-3.886193666374224143e-01,-7.465308575053425377e-01
1.605532066263982635e-02,7.358049288670786003e-01,3.637535544171213719e-01,-5.709787079937777010e-01
7.358049288670786003e-01,-1.605532066263976390e-02,-5.709787079937774790e-01,-3.637535544171216495e-01
3.818067799932906015e-01,6.291981002973719983e-01,2.953046484522356754e-02,-6.763588433511891207e-01
6.291981002973721093e-01,-3.818067799932904349e-01,-6.763588433511891207e-01,-2.953046484522360918e-02
6.452534209600118142e-01,3.539981488737879434e-01,-3.126052889340678043e-01,-6.005091728390010708e-01
3.539981488737879989e-01,-6.452534209600118142e-01,-6.005091728390010708e-01,3.126052889340677488e-01
1.476874698445773508e-02,6.768420919578232997e-01,-3.954418045408962246e-01,6.207192971771591239e-01
6.768420919578231887e-01,-1.476874698445767436e-02,6.207192971771586798e-01,3.954418045408968352e-01
3.512111560495168039e-01,5.787780724938490495e-01,-3.210299986219762591e-02,7.352795822450902685e-01
5.787780724938491606e-01,-3.512111560495166374e-01,7.352795822450902685e-01,3.210299986219767449e-02
5.935468194783068974e-01,3.256309359083063293e-01,3.398377777041938219e-01,6.528222970393563473e-01
3.256309359083064403e-01,-5.935468194783068974e-01,6.528222970393564584e-01,-3.398377777041938219e-01
2.037556779876181778e-02,9.337990520289745078e-01,3.224247007348993166e-02,-3.557591738665732972e-01
9.337990520289746188e-01,-2.037556779876174146e-02,-3.557591738665733527e-01,-3.224247007348979982e-02
4.845452853447472230e-01,7.985059171875378281e-01,-1.499567887688848244e-01,-3.242177172345624969e-01
7.985059171875379391e-01,-4.845452853447470010e-01,-3.242177172345624969e-01,1.499567887688847967e-01
8.188814849862996459e-01,4.492537666842272848e-01,-2.919752471610724820e-01,-2.058023850976884173e-01
4.492537666842273958e-01,-8.188814849862996459e-01,-2.058023850976884450e-01,2.919752471610725375e-01
9.957087185675828761e-03,4.563268453072976127e-01,-1.545045984393709493e-01,8.762391201765390436e-01
4.563268453072976127e-01,-9.957087185675788862e-03,8.762391201765390436e-01,1.545045984393710048e-01
2.367865131041405891e-01,3.902120968720936278e-01,3.043146528382602578e-01,8.360976370822942316e-01
3.902120968720936833e-01,-2.367865131041404780e-01,8.360976370822942316e-01,-3.043146528382602023e-01
4.001691840577694115e-01,2.195403322031569959e-01,6.815930386429227550e-01,5.719244673382785082e-01
2.195403322031570237e-01,-4.001691840577693560e-01,5.719244673382779531e-01,-6.815930386429233101e-01
9.957087185675828761e-03,4.563268453072976127e-01,1.545045984393712268e-01,-8.762391201765390436e-01
4.563268453072976127e-01,-9.957087185675788862e-03,-8.762391201765390436e-01,-1.545045984393708938e-01
2.367865131041405613e-01,3.902120968720935723e-01,-3.043146528382603133e-01,-8.360976370822941206e-01
3.902120968720936278e-01,-2.367865131041404503e-01,-8.360976370822941206e-01,3.043146528382602578e-01
4.001691840577694670e-01,2.195403322031570237e-01,-6.815930386429229770e-01,-5.719244673382785082e-01
2.195403322031570514e-01,-4.001691840577694115e-01,-5.719244673382786193e-01,6.815930386429228660e-01
2.037556779876181778e-02,9.337990520289745078e-01,-3.224247007348981370e-02,3.557591738665732972e-01
9.337990520289746188e-01,-2.037556779876174146e-02,3.557591738665733527e-01,3.224247007348984145e-02
4.845452853447472230e-01,7.985059171875378281e-01,1.499567887688847967e-01,3.242177172345624969e-01
7.985059171875379391e-01,-4.845452853447470010e-01,3.242177172345624969e-01,-1.499567887688847689e-01
8.188814849862996459e-01,4.492537666842272848e-01,2.919752471610724820e-01,2.058023850976884728e-01
4.492537666842273958e-01,-8.188814849862996459e-01,2.058023850976882230e-01,-2.919752471610727040e-01
1.476874698445773335e-02,6.768420919578231887e-01,6.207192971771589018e-01,3.954418045408965021e-01
6.768420919578232997e-01,-1.476874698445767610e-02,3.954418045408967242e-01,-6.207192971771587908e-01
3.512111560495168594e-01,5.787780724938491606e-01,7.352795822450903795e-01,3.210299986219749407e-02
5.787780724938491606e-01,-3.512111560495166374e-01,3.210299986219753571e-02,-7.352795822450902685e-01
5.935468194783070084e-01,3.256309359083063848e-01,6.528222970393563473e-01,-3.398377777041939884e-01
3.256309359083064403e-01,-5.935468194783068974e-01,-3.398377777041939329e-01,-6.528222970393563473e-01
1.605532066263982635e-02,7.358049288670786003e-01,-5.709787079937778120e-01,-3.637535544171211499e-01
7.358049288670786003e-01,-1.605532066263976390e-02,-3.637535544171216495e-01,5.709787079937774790e-01
3.818067799932906015e-01,6.291981002973719983e-01,-6.763588433511891207e-01,-2.953046484522360918e-02
6.291981002973721093e-01,-3.818067799932904349e-01,-2.953046484522365081e-02,6.763588433511891207e-01
6.452534209600118142e-01,3.539981488737879434e-01,-6.005091728390010708e-01,3.126052889340677488e-01
3.539981488737879989e-01,-6.452534209600118142e-01,3.126052889340677488e-01,6.005091728390011818e-01
7.792653331772123743e-03,3.571322461228017553e-01,-9.302088593618231815e-01,-8.430487114105222890e-02
3.571322461228017553e-01,-7.792653331772093385e-03,-8.430487114105229829e-02,9.302088593618231815e-01
1.853147588096009657e-01,3.053892709870568711e-01,-8.477369386032114207e-01,3.920942696099862235e-01
3.053892709870568711e-01,-1.853147588096008824e-01,3.920942696099861680e-01,8.477369386032114207e-01
3.131819243188290192e-01,1.718174873132007341e-01,-5.381145897518366805e-01,7.634320674621587477e-01
1.718174873132007618e-01,-3.131819243188289636e-01,7.634320674621587477e-01,5.381145897518367915e-01
1.940993621442298894e-02,8.895447830451364002e-01,4.495011842756355125e-01,7.925918664820218174e-02
8.895447830451364002e-01,-1.940993621442291261e-02,7.925918664820211235e-02,-4.495011842756355125e-01
4.615818893700940340e-01,7.606634118137935996e-01,4.289090379379917328e-01,-1.561101230171823007e-01
7.606634118137937106e-01,-4.615818893700938674e-01,-1.561101230171820786e-01,-4.289090379379917883e-01
7.800733480282165955e-01,4.279628936750422552e-01,2.933910612584532673e-01,-3.496498512897894817e-01
4.279628936750423107e-01,-7.800733480282165955e-01,-3.496498512897894817e-01,-2.933910612584532673e-01
1.940993621442298894e-02,8.895447830451364002e-01,-4.495011842756355125e-01,-7.925918664820214010e-02
8.895447830451364002e-01,-1.940993621442291261e-02,-7.925918664820216786e-02,4.495011842756355125e-01
4.615818893700940340e-01,7.606634118137935996e-01,-4.289090379379917883e-01,1.561101230171820509e-01
7.606634118137937106e-01,-4.615818893700938674e-01,1.561101230171820231e-01,4.289090379379918438e-01
7.800733480282165955e-01,4.279628936750422552e-01,-2.933910612584533228e-01,3.496498512897894262e-01
4.279628936750423107e-01,-7.800733480282165955e-01,3.496498512897894262e-01,2.933910612584533228e-01
7.792653331772123743e-03,3.571322461228017553e-01,9.302088593618230705e-01,8.430487114105253421e-02
3.571322461228017553e-01,-7.792653331772093385e-03,8.430487114105258972e-02,-9.302088593618230705e-01
1.853147588096009379e-01,3.053892709870568156e-01,8.477369386032113097e-01,-3.920942696099862790e-01
3.053892709870568156e-01,-1.853147588096008547e-01,-3.920942696099862235e-01,-8.477369386032113097e-01
3.131819243188289636e-01,1.718174873132007063e-01,5.381145897518364585e-01,-7.634320674621587477e-01
1.718174873132007618e-01,-3.131819243188289636e-01,-7.634320674621587477e-01,-5.381145897518366805e-01
2.059485779485018542e-01,7.065775611407828505e-01,-3.126052889340678043e-01,-6.005091728390010708e-01
7.065775611407828505e-01,-2.059485779485018542e-01,-6.005091728390010708e-01,3.126052889340677488e-01
5.316454809470735343e-01,5.089398287177193669e-01,-5.709787079937774790e-01,-3.637535544171216495e-01
5.089398287177194780e-01,-5.316454809470735343e-01,-3.637535544171216495e-01,5.709787079937774790e-01
7.148884066662212211e-01,1.749320801937091774e-01,-6.763588433511891207e-01,-2.953046484522360918e-02
1.749320801937090386e-01,-7.148884066662212211e-01,-2.953046484522305060e-02,6.763588433511891207e-01
1.894451380599329049e-01,6.499568239497038880e-01,3.398377777041937664e-01,6.528222970393564584e-01
6.499568239497038880e-01,-1.894451380599329049e-01,6.528222970393563473e-01,-3.398377777041939884e-01
4.890427141582039394e-01,4.681565518735271159e-01,6.207192971771589018e-01,3.954418045408965021e-01
4.681565518735272824e-01,-4.890427141582039949e-01,3.954418045408967242e-01,-6.207192971771587908e-01
6.576016899334600208e-01,1.609141097914998098e-01,7.352795822450902685e-01,3.210299986219748714e-02
1.609141097914996987e-01,-6.576016899334600208e-01,3.210299986219753571e-02,-7.352795822450902685e-01
2.613662661259062991e-01,8.967070359179387662e-01,2.371991984802473974e-01,-2.670968118622812359e-01
8.967070359179386552e-01,-2.613662661259062436e-01,-2.670968118622811804e-01,-2.371991984802473696e-01
6.747033441162882950e-01,6.458879397942269840e-01,7.187212571006092177e-02,-3.499122235826920280e-01
6.458879397942269840e-01,-6.747033441162881839e-01,-3.499122235826919725e-01,-7.187212571006108830e-02
9.072542059201331721e-01,2.220036918016503602e-01,-1.127130251024445196e-01,-3.389689375723421438e-01
2.220036918016502214e-01,-9.072542059201331721e-01,-3.389689375723420328e-01,1.127130251024447971e-01
1.277238860243367080e-01,4.382008013139361280e-01,-5.719244673382785082e-01,6.815930386429227550e-01
4.382008013139361280e-01,-1.277238860243367080e-01,6.815930386429227550e-01,5.719244673382785082e-01
3.297125306241118770e-01,3.156310828843977845e-01,-1.545045984393709770e-01,8.762391201765391546e-01
3.156310828843977845e-01,-3.297125306241118214e-01,8.762391201765390436e-01,1.545045984393710048e-01
4.433549689087344925e-01,1.084882706898242649e-01,3.043146528382602578e-01,8.360976370822942316e-01
1.084882706898241955e-01,-4.433549689087344925e-01,8.360976370822942316e-01,-3.043146528382602023e-01
1.277238860243367358e-01,4.382008013139361835e-01,5.719244673382785082e-01,-6.815930386429229770e-01
4.382008013139361835e-01,-1.277238860243367358e-01,-6.815930386429229770e-01,-5.719244673382785082e-01
3.297125306241118214e-01,3.156310828843977290e-01,1.545045984393712268e-01,-8.762391201765390436e-01
3.156310828843977845e-01,-3.297125306241118214e-01,-8.762391201765390436e-01,-1.545045984393708938e-01
4.433549689087344370e-01,1.084882706898242510e-01,-3.043146528382603133e-01,-8.360976370822941206e-01
1.084882706898241816e-01,-4.433549689087344370e-01,-8.360976370822941206e-01,3.043146528382602578e-01
2.613662661259062436e-01,8.967070359179386552e-01,-2.371991984802474251e-01,2.670968118622811249e-01
8.967070359179386552e-01,-2.613662661259062436e-01,2.670968118622811249e-01,2.371991984802474251e-01
6.747033441162882950e-01,6.458879397942269840e-01,-7.187212571006111606e-02,3.499122235826920280e-01
6.458879397942269840e-01,-6.747033441162881839e-01,3.499122235826919169e-01,7.187212571006111606e-02
9.072542059201331721e-01,2.220036918016503602e-01,1.127130251024444779e-01,3.389689375723421438e-01
2.220036918016502214e-01,-9.072542059201331721e-01,3.389689375723420328e-01,-1.127130251024447555e-01
1.894451380599329049e-01,6.499568239497038880e-01,6.528222970393565694e-01,-3.398377777041936554e-01
6.499568239497038880e-01,-1.894451380599329049e-01,-3.398377777041939329e-01,-6.528222970393563473e-01
4.890427141582039949e-01,4.681565518735271714e-01,3.954418045408967242e-01,-6.207192971771587908e-01
4.681565518735272269e-01,-4.890427141582039394e-01,-6.207192971771586798e-01,-3.954418045408967242e-01
6.576016899334600208e-01,1.609141097914998098e-01,3.210299986219753571e-02,-7.352795822450902685e-01
1.609141097914996987e-01,-6.576016899334600208e-01,-7.352795822450902685e-01,-3.210299986219757734e-02
2.059485779485018542e-01,7.065775611407828505e-01,-6.005091728390010708e-01,3.126052889340677488e-01
7.065775611407828505e-01,-2.059485779485018542e-01,3.126052889340677488e-01,6.005091728390011818e-01
5.316454809470735343e-01,5.089398287177193669e-01,-3.637535544171216495e-01,5.709787079937774790e-01
5.089398287177194780e-01,-5.316454809470735343e-01,5.709787079937773679e-01,3.637535544171217605e-01
7.148884066662212211e-01,1.749320801937091774e-01,-2.953046484522365081e-02,6.763588433511891207e-01
1.749320801937090386e-01,-7.148884066662212211e-01,6.763588433511891207e-01,2.953046484522309223e-02
9.995975202529823467e-02,3.429463728364939290e-01,-6.983820487360780094e-01,-6.202083096319589428e-01
3.429463728364939290e-01,-9.995975202529823467e-02,-6.202083096319590538e-01,6.983820487360778984e-01
2.580408710281481555e-01,2.470203949994841663e-01,-9.149207505684447961e-01,-1.879251274114429604e-01
2.470203949994841941e-01,-2.580408710281481555e-01,-1.879251274114430159e-01,9.149207505684447961e-01
3.469801470247824149e-01,8.490550180834571803e-02,-8.863071761475205257e-01,2.947124409364856867e-01
8.490550180834564864e-02,-3.469801470247823594e-01,2.947124409364863529e-01,8.863071761475201926e-01
2.489796899998058533e-01,8.542106184274855796e-01,3.496498512897895372e-01,2.933910612584532118e-01
8.542106184274855796e-01,-2.489796899998058533e-01,2.933910612584532673e-01,-3.496498512897894817e-01
6.427280457799489088e-01,6.152782507407152934e-01,4.495011842756355125e-01,7.925918664820218174e-02
6.152782507407154045e-01,-6.427280457799489088e-01,7.925918664820211235e-02,-4.495011842756355125e-01
8.642579407405210912e-01,2.114825726475365597e-01,4.289090379379917328e-01,-1.561101230171823007e-01
2.114825726475364487e-01,-8.642579407405212022e-01,-1.561101230171824950e-01,-4.289090379379917328e-01
2.489796899998058533e-01,8.542106184274855796e-01,-3.496498512897894817e-01,-2.933910612584532673e-01
8.542106184274855796e-01,-2.489796899998058533e-01,-2.933910612584533228e-01,3.496498512897894262e-01
6.427280457799489088e-01,6.152782507407152934e-01,-4.495011842756355125e-01,-7.925918664820214010e-02
6.152782507407154045e-01,-6.427280457799489088e-01,-7.925918664820216786e-02,4.495011842756355125e-01
8.642579407405210912e-01,2.114825726475365597e-01,-4.289090379379917883e-01,1.561101230171820509e-01
2.114825726475364209e-01,-8.642579407405210912e-01,1.561101230171820231e-01,4.289090379379918438e-01
9.995975202529823467e-02,3.429463728364939290e-01,6.983820487360780094e-01,6.202083096319589428e-01
3.429463728364939290e-01,-9.995975202529823467e-02,6.202083096319589428e-01,-6.983820487360780094e-01
2.580408710281481555e-01,2.470203949994841663e-01,9.149207505684449071e-01,1.879251274114424330e-01
2.470203949994841941e-01,-2.580408710281481555e-01,1.879251274114424886e-01,-9.149207505684449071e-01
3.469801470247824149e-01,8.490550180834571803e-02,8.863071761475204147e-01,-2.947124409364860198e-01
8.490550180834566252e-02,-3.469801470247824149e-01,-2.947124409364861863e-01,-8.863071761475203036e-01
2.059485779485018542e-01,7.065775611407828505e-01,2.035787886391228485e-01,-6.456694279192415342e-01
7.065775611407828505e-01,-2.059485779485018542e-01,-6.456694279192415342e-01,-2.035787886391228763e-01
5.316454809470735343e-01,5.089398287177193669e-01,-1.465303113264773971e-01,-6.609555213445901245e-01
5.089398287177194780e-01,-5.316454809470735343e-01,-6.609555213445900135e-01,1.465303113264776746e-01
7.148884066662212211e-01,1.749320801937091774e-01,-4.573767327054670262e-01,-4.991391165927641649e-01
1.749320801937090386e-01,-7.148884066662212211e-01,-4.991391165927642204e-01,4.573767327054670262e-01
1.894451380599329049e-01,6.499568239497038880e-01,-2.213134760283055058e-01,7.019166702643094835e-01
6.499568239497038880e-01,-1.894451380599329049e-01,7.019166702643094835e-01,2.213134760283055613e-01
4.890427141582039949e-01,4.681565518735271714e-01,1.592952426918039788e-01,7.185344058028300118e-01
4.681565518735272269e-01,-4.890427141582039394e-01,7.185344058028299008e-01,-1.592952426918039233e-01
6.576016899334600208e-01,1.609141097914998098e-01,4.972209297745243672e-01,5.426214275725058656e-01
1.609141097914997265e-01,-6.576016899334601318e-01,5.426214275725059766e-01,-4.972209297745243117e-01
2.613662661259062436e-01,8.967070359179386552e-01,-6.093341511927189563e-02,-3.519819392931533564e-01
8.967070359179386552e-01,-2.613662661259062436e-01,-3.519819392931534119e-01,6.093341511927186788e-02
6.747033441162882950e-01,6.458879397942269840e-01,-2.287608550792089024e-01,-2.743585935415470689e-01
6.458879397942269840e-01,-6.747033441162881839e-01,-2.743585935415471244e-01,2.287608550792087636e-01
9.072542059201331721e-01,2.220036918016503602e-01,-3.352920086608188743e-01,-1.232210842139445511e-01
2.220036918016502214e-01,-9.072542059201331721e-01,-1.232210842139442736e-01,3.352920086608189854e-01
1.277238860243367358e-01,4.382008013139361835e-01,7.754739045255443219e-02,8.863707288153561681e-01
4.382008013139361835e-01,-1.277238860243367358e-01,8.863707288153561681e-01,-7.754739045255436281e-02
3.297125306241118214e-01,3.156310828843977290e-01,5.103433745367805807e-01,7.288458730987490419e-01
3.156310828843977845e-01,-3.297125306241118214e-01,7.288458730987490419e-01,-5.103433745367805807e-01
4.433549689087344370e-01,1.084882706898242510e-01,8.063932635513030300e-01,3.760273542785753653e-01
1.084882706898241816e-01,-4.433549689087344370e-01,3.760273542785746992e-01,-8.063932635513033631e-01
1.277238860243367358e-01,4.382008013139361835e-01,-7.754739045255452934e-02,-8.863707288153561681e-01
4.382008013139361835e-01,-1.277238860243367358e-01,-8.863707288153561681e-01,7.754739045255447383e-02
3.297125306241118770e-01,3.156310828843977845e-01,-5.103433745367811358e-01,-7.288458730987488199e-01
3.156310828843977845e-01,-3.297125306241118214e-01,-7.288458730987490419e-01,5.103433745367805807e-01
4.433549689087344925e-01,1.084882706898242649e-01,-8.063932635513031411e-01,-3.760273542785753098e-01
1.084882706898241816e-01,-4.433549689087344370e-01,-3.760273542785746437e-01,8.063932635513033631e-01
2.613662661259062436e-01,8.967070359179386552e-01,6.093341511927184706e-02,3.519819392931534119e-01
8.967070359179386552e-01,-2.613662661259062436e-01,3.519819392931534119e-01,-6.093341511927182624e-02
6.747033441162882950e-01,6.458879397942269840e-01,2.287608550792087914e-01,2.743585935415471799e-01
6.458879397942269840e-01,-6.747033441162881839e-01,2.743585935415471799e-01,-2.287608550792087081e-01
9.072542059201331721e-01,2.220036918016503602e-01,3.352920086608188743e-01,1.232210842139445928e-01
2.220036918016502214e-01,-9.072542059201331721e-01,1.232210842139443152e-01,-3.352920086608189854e-01
1.894451380599329049e-01,6.499568239497038880e-01,7.019166702643093725e-01,2.213134760283057278e-01
6.499568239497038880e-01,-1.894451380599329049e-01,2.213134760283054225e-01,-7.019166702643095945e-01
4.890427141582039949e-01,4.681565518735271714e-01,7.185344058028301228e-01,-1.592952426918036457e-01
4.681565518735272269e-01,-4.890427141582039394e-01,-1.592952426918033959e-01,-7.185344058028301228e-01
6.576016899334600208e-01,1.609141097914998098e-01,5.426214275725057545e-01,-4.972209297745244228e-01
1.609141097914997265e-01,-6.576016899334601318e-01,-4.972209297745244228e-01,-5.426214275725058656e-01
2.059485779485018542e-01,7.065775611407828505e-01,-6.456694279192415342e-01,-2.035787886391228763e-01
7.065775611407828505e-01,-2.059485779485018542e-01,-2.035787886391229040e-01,6.456694279192415342e-01
5.316454809470735343e-01,5.089398287177193669e-01,-6.609555213445900135e-01,1.465303113264776746e-01
5.089398287177194780e-01,-5.316454809470735343e-01,1.465303113264776191e-01,6.609555213445900135e-01
7.148884066662212211e-01,1.749320801937091774e-01,-4.991391165927642204e-01,4.573767327054670262e-01
1.749320801937090386e-01,-7.148884066662212211e-01,4.573767327054670262e-01,4.991391165927642204e-01
9.995975202529823467e-02,3.429463728364939290e-01,-9.203324673466990458e-01,1.593235164088175060e-01
3.429463728364939290e-01,-9.995975202529823467e-02,1.593235164088174505e-01,9.203324673466990458e-01
2.580408710281482110e-01,2.470203949994841941e-01,-7.173695384454453761e-01,5.981444463036519332e-01
2.470203949994841941e-01,-2.580408710281481555e-01,5.981444463036518222e-01,7.173695384454452650e-01
3.469801470247823594e-01,8.490550180834570415e-02,-3.221880210430468905e-01,8.766930548542622992e-01
8.490550180834564864e-02,-3.469801470247823594e-01,8.766930548542625212e-01,3.221880210430461688e-01
2.489796899998058533e-01,8.542106184274855796e-01,4.546985898432481799e-01,-3.978097193250799274e-02
8.542106184274855796e-01,-2.489796899998058533e-01,-3.978097193250795804e-02,-4.546985898432481799e-01
6.427280457799489088e-01,6.152782507407152934e-01,3.738900439029597678e-01,-2.618006272024118175e-01
6.152782507407154045e-01,-6.427280457799489088e-01,-2.618006272024118175e-01,-3.738900439029598233e-01
8.642579407405210912e-01,2.114825726475365597e-01,1.928979626408363901e-01,-4.136710158354678368e-01
2.114825726475364487e-01,-8.642579407405212022e-01,-4.136710158354679479e-01,-1.928979626408362513e-01
2.489796899998058533e-01,8.542106184274855796e-01,-4.546985898432481799e-01,3.978097193250793029e-02
8.542106184274855796e-01,-2.489796899998058533e-01,3.978097193250790947e-02,4.546985898432481799e-01
6.427280457799489088e-01,6.152782507407152934e-01,-3.738900439029600453e-01,2.618006272024114844e-01
6.152782507407154045e-01,-6.427280457799489088e-01,2.618006272024114289e-01,3.738900439029600453e-01
8.642579407405210912e-01,2.114825726475365597e-01,-1.928979626408366121e-01,4.136710158354677258e-01
2.114825726475364487e-01,-8.642579407405212022e-01,4.136710158354679479e-01,1.928979626408363068e-01
9.995975202529824855e-02,3.429463728364939290e-01,9.203324673466990458e-01,-1.593235164088176448e-01
3.429463728364939290e-01,-9.995975202529823467e-02,-1.593235164088175893e-01,-9.203324673466989347e-01
2.580408710281481555e-01,2.470203949994841663e-01,7.173695384454449320e-01,-5.981444463036522663e-01
2.470203949994842219e-01,-2.580408710281482110e-01,-5.981444463036522663e-01,-7.173695384454450430e-01
3.469801470247824149e-01,8.490550180834571803e-02,3.221880210430468350e-01,-8.766930548542624102e-01
8.490550180834566252e-02,-3.469801470247824149e-01,-8.766930548542627433e-01,-3.221880210430461133e-01
1.605532066263982635e-02,7.358049288670786003e-01,-1.465303113264773971e-01,-6.609555213445901245e-01
7.358049288670786003e-01,-1.605532066263976390e-02,-6.609555213445900135e-01,1.465303113264776746e-01
3.818067799932906015e-01,6.291981002973719983e-01,-4.573767327054670262e-01,-4.991391165927641649e-01
6.291981002973721093e-01,-3.818067799932904349e-01,-4.991391165927642204e-01,4.573767327054670262e-01
6.452534209600118142e-01,3.539981488737879434e-01,-6.456694279192415342e-01,-2.035787886391228763e-01
3.539981488737879989e-01,-6.452534209600118142e-01,-2.035787886391229040e-01,6.456694279192415342e-01
1.476874698445773335e-02,6.768420919578231887e-01,1.592952426918036735e-01,7.185344058028300118e-01
6.768420919578231887e-01,-1.476874698445767436e-02,7.185344058028300118e-01,-1.592952426918036180e-01
3.512111560495168594e-01,5.787780724938491606e-01,4.972209297745244783e-01,5.426214275725057545e-01
5.787780724938492716e-01,-3.512111560495166929e-01,5.426214275725058656e-01,-4.972209297745244783e-01
5.935468194783068974e-01,3.256309359083063293e-01,7.019166702643093725e-01,2.213134760283055336e-01
3.256309359083064403e-01,-5.935468194783068974e-01,2.213134760283054225e-01,-7.019166702643095945e-01
2.037556779876181778e-02,9.337990520289745078e-01,2.982465735832608988e-01,-1.966040386475088053e-01
9.337990520289746188e-01,-2.037556779876174146e-02,-1.966040386475088053e-01,-2.982465735832610099e-01
4.845452853447472230e-01,7.985059171875378281e-01,1.599870899910145194e-01,-3.193873787469906911e-01
7.985059171875379391e-01,-4.845452853447470010e-01,-3.193873787469906911e-01,-1.599870899910145472e-01
8.188814849862996459e-01,4.492537666842272848e-01,-2.114080516372976448e-02,-3.565911286385232692e-01
4.492537666842273958e-01,-8.188814849862996459e-01,-3.565911286385233248e-01,2.114080516372974367e-02
9.957087185675828761e-03,4.563268453072976127e-01,-7.288458730987485978e-01,5.103433745367812469e-01
4.563268453072976127e-01,-9.957087185675788862e-03,5.103433745367805807e-01,7.288458730987490419e-01
2.367865131041405613e-01,3.902120968720935723e-01,-3.760273542785753098e-01,8.063932635513030300e-01
3.902120968720936278e-01,-2.367865131041404503e-01,8.063932635513030300e-01,3.760273542785753653e-01
4.001691840577694670e-01,2.195403322031570237e-01,7.754739045255443219e-02,8.863707288153561681e-01
2.195403322031570514e-01,-4.001691840577694115e-01,8.863707288153561681e-01,-7.754739045255436281e-02
9.957087185675828761e-03,4.563268453072976127e-01,7.288458730987487089e-01,-5.103433745367810248e-01
4.563268453072976127e-01,-9.957087185675788862e-03,-5.103433745367810248e-01,-7.288458730987487089e-01
2.367865131041405891e-01,3.902120968720936278e-01,3.760273542785752543e-01,-8.063932635513031411e-01
3.902120968720936833e-01,-2.367865131041404780e-01,-8.063932635513031411e-01,-3.760273542785753098e-01
4.001691840577694670e-01,2.195403322031570237e-01,-7.754739045255452934e-02,-8.863707288153561681e-01
2.195403322031570514e-01,-4.001691840577694115e-01,-8.863707288153561681e-01,7.754739045255447383e-02
2.037556779876181778e-02,9.337990520289745078e-01,-2.982465735832608988e-01,1.966040386475088886e-01
9.337990520289745078e-01,-2.037556779876173799e-02,1.966040386475088886e-01,2.982465735832608988e-01
4.845452853447472230e-01,7.985059171875378281e-01,-1.599870899910145750e-01,3.193873787469906911e-01
7.985059171875379391e-01,-4.845452853447470010e-01,3.193873787469906356e-01,1.599870899910146027e-01
8.188814849862996459e-01,4.492537666842272848e-01,2.114080516372971938e-02,3.565911286385232692e-01
4.492537666842273958e-01,-8.188814849862996459e-01,3.565911286385233248e-01,-2.114080516372970203e-02
1.476874698445773335e-02,6.768420919578231887e-01,7.185344058028300118e-01,-1.592952426918036180e-01
6.768420919578231887e-01,-1.476874698445767436e-02,-1.592952426918033959e-01,-7.185344058028301228e-01
3.512111560495168594e-01,5.787780724938491606e-01,5.426214275725058656e-01,-4.972209297745244783e-01
5.787780724938492716e-01,-3.512111560495166929e-01,-4.972209297745244228e-01,-5.426214275725058656e-01
5.935468194783068974e-01,3.256309359083063293e-01,2.213134760283053948e-01,-7.019166702643094835e-01
3.256309359083064403e-01,-5.935468194783068974e-01,-7.019166702643094835e-01,-2.213134760283054780e-01
1.605532066263982635e-02,7.358049288670786003e-01,-6.609555213445900135e-01,1.465303113264776746e-01
7.358049288670786003e-01,-1.605532066263976390e-02,1.465303113264776191e-01,6.609555213445900135e-01
3.818067799932906015e-01,6.291981002973719983e-01,-4.991391165927642204e-01,4.573767327054670262e-01
6.291981002973721093e-01,-3.818067799932904349e-01,4.573767327054670262e-01,4.991391165927642204e-01
6.452534209600118142e-01,3.539981488737879434e-01,-2.035787886391229040e-01,6.456694279192415342e-01
3.539981488737879989e-01,-6.452534209600118142e-01,6.456694279192415342e-01,2.035787886391229595e-01
7.792653331772122875e-03,3.571322461228016998e-01,-5.140635350272562132e-01,-7.798297989232101379e-01
3.571322461228016998e-01,-7.792653331772092518e-03,-7.798297989232099159e-01,5.140635350272564352e-01
1.853147588096009657e-01,3.053892709870568711e-01,-8.351069799544404981e-01,-4.183206489819827345e-01
3.053892709870568711e-01,-1.853147588096008824e-01,-4.183206489819827900e-01,8.351069799544404981e-01
3.131819243188289636e-01,1.718174873132007063e-01,-9.323841840092387256e-01,5.527718103123050591e-02
1.718174873132007341e-01,-3.131819243188289081e-01,5.527718103123045040e-02,9.323841840092387256e-01
1.940993621442298894e-02,8.895447830451364002e-01,2.618006272024117620e-01,3.738900439029598233e-01
8.895447830451364002e-01,-1.940993621442291261e-02,3.738900439029597678e-01,-2.618006272024118175e-01
4.615818893700940340e-01,7.606634118137935996e-01,4.136710158354678368e-01,1.928979626408363623e-01
7.606634118137937106e-01,-4.615818893700938674e-01,1.928979626408365566e-01,-4.136710158354677258e-01
7.800733480282165955e-01,4.279628936750422552e-01,4.546985898432481799e-01,-3.978097193250808988e-02
4.279628936750423107e-01,-7.800733480282165955e-01,-3.978097193250795804e-02,-4.546985898432481799e-01
1.940993621442298894e-02,8.895447830451364002e-01,-2.618006272024116510e-01,-3.738900439029599343e-01
8.895447830451364002e-01,-1.940993621442291261e-02,-3.738900439029600453e-01,2.618006272024114844e-01
4.615818893700940340e-01,7.606634118137935996e-01,-4.136710158354677258e-01,-1.928979626408365844e-01
7.606634118137937106e-01,-4.615818893700938674e-01,-1.928979626408366121e-01,4.136710158354677258e-01
7.800733480282165955e-01,4.279628936750422552e-01,-4.546985898432481799e-01,3.978097193250793029e-02
4.279628936750423107e-01,-7.800733480282165955e-01,3.978097193250790947e-02,4.546985898432481799e-01
7.792653331772123743e-03,3.571322461228017553e-01,5.140635350272563242e-01,7.798297989232101379e-01
3.571322461228017553e-01,-7.792653331772093385e-03,7.798297989232101379e-01,-5.140635350272563242e-01
1.853147588096009657e-01,3.053892709870568711e-01,8.351069799544406091e-01,4.183206489819824569e-01
3.053892709870568711e-01,-1.853147588096008824e-01,4.183206489819826790e-01,-8.351069799544404981e-01
3.131819243188289636e-01,1.718174873132007063e-01,9.323841840092387256e-01,-5.527718103123062388e-02
1.718174873132007341e-01,-3.131819243188289081e-01,-5.527718103123056143e-02,-9.323841840092387256e-01
1.280309075054520962e-01,8.318301629880127113e-01,-1.847119885438291698e-01,-5.074920176267316840e-01
8.318301629880127113e-01,-1.280309075054520962e-01,-5.074920176267315730e-01,1.847119885438293641e-01
5.267930998633036932e-01,6.563705990290430448e-01,-4.137112832758620407e-01,-3.471449852106551770e-01
6.563705990290430448e-01,-5.267930998633036932e-01,-3.471449852106548994e-01,4.137112832758623737e-01
7.844015065344951410e-01,3.050370631247091291e-01,-5.318569737544842635e-01,-9.378073435086951848e-02
3.050370631247091846e-01,-7.844015065344951410e-01,-9.378073435086954623e-02,5.318569737544842635e-01
8.215601833838410972e-02,5.337762221356902037e-01,2.878528438780747489e-01,7.908691886808072447e-01
5.337762221356902037e-01,-8.215601833838410972e-02,7.908691886808072447e-01,-2.878528438780747489e-01
3.380373100226659600e-01,4.211857591364012721e-01,6.447224696904122476e-01,5.409863865289300522e-01
4.211857591364012721e-01,-3.380373100226659600e-01,5.409863865289301632e-01,-6.447224696904121366e-01
5.033417774747853679e-01,1.957389121130242715e-01,8.288392304070048011e-01,1.461467189903949415e-01
1.957389121130243270e-01,-5.033417774747853679e-01,1.461467189903948305e-01,-8.288392304070048011e-01
1.503301205429814213e-01,9.767104764757735813e-01,1.401278799721741020e-01,-6.165774285930341464e-02
9.767104764757735813e-01,-1.503301205429814213e-01,-6.165774285930340770e-02,-1.401278799721741020e-01
6.185449415820856167e-01,7.706910244989325642e-01,9.052543240470771468e-02,-1.234611116422523469e-01
7.706910244989325642e-01,-6.185449415820856167e-01,-1.234611116422523885e-01,-9.052543240470767305e-02
9.210211450419140133e-01,3.581655348936880756e-01,1.666676832992176893e-02,-1.521831752640111224e-01
3.581655348936881311e-01,-9.210211450419140133e-01,-1.521831752640111224e-01,-1.666676832992177587e-02
9.315616852741126497e-02,6.052453455131170390e-01,-5.828689128857734714e-01,5.341009552428798157e-01
6.052453455131170390e-01,-9.315616852741126497e-02,5.341009552428798157e-01,5.828689128857734714e-01
3.832982812205211198e-01,4.775797604729437040e-01,-2.377288080138592330e-01,7.539794518687560343e-01
4.775797604729437040e-01,-3.832982812205211198e-01,7.539794518687560343e-01,2.377288080138592885e-01
5.707359290003549690e-01,2.219470642925960302e-01,1.711105389829824797e-01,7.718297632567387989e-01
2.219470642925960302e-01,-5.707359290003548580e-01,7.718297632567385769e-01,-1.711105389829830903e-01
9.315616852741126497e-02,6.052453455131170390e-01,5.828689128857735824e-01,-5.341009552428797047e-01
6.052453455131171500e-01,-9.315616852741127885e-02,-5.341009552428799267e-01,-5.828689128857734714e-01
3.832982812205211198e-01,4.775797604729437040e-01,2.377288080138588444e-01,-7.539794518687561453e-01
4.775797604729437040e-01,-3.832982812205211198e-01,-7.539794518687560343e-01,-2.377288080138591775e-01
5.707359290003548580e-01,2.219470642925960024e-01,-1.711105389829825629e-01,-7.718297632567386879e-01
2.219470642925960302e-01,-5.707359290003548580e-01,-7.718297632567386879e-01,1.711105389829825074e-01
1.503301205429814213e-01,9.767104764757735813e-01,-1.401278799721741020e-01,6.165774285930339382e-02
9.767104764757735813e-01,-1.503301205429814213e-01,6.165774285930338688e-02,1.401278799721741020e-01
6.185449415820856167e-01,7.706910244989325642e-01,-9.052543240470778407e-02,1.234611116422522914e-01
7.706910244989325642e-01,-6.185449415820856167e-01,1.234611116422522775e-01,9.052543240470779795e-02
9.210211450419140133e-01,3.581655348936880756e-01,-1.666676832992178975e-02,1.521831752640111224e-01
3.581655348936881311e-01,-9.210211450419140133e-01,1.521831752640111224e-01,1.666676832992179669e-02
8.215601833838410972e-02,5.337762221356902037e-01,7.908691886808072447e-01,-2.878528438780747489e-01
5.337762221356902037e-01,-8.215601833838410972e-02,-2.878528438780746934e-01,-7.908691886808072447e-01
3.380373100226659600e-01,4.211857591364012721e-01,5.409863865289301632e-01,-6.447224696904121366e-01
4.211857591364012721e-01,-3.380373100226659600e-01,-6.447224696904121366e-01,-5.409863865289301632e-01
5.033417774747853679e-01,1.957389121130242715e-01,1.461467189903948305e-01,-8.288392304070048011e-01
1.957389121130243270e-01,-5.033417774747853679e-01,-8.288392304070048011e-01,-1.461467189903948860e-01
1.280309075054520962e-01,8.318301629880127113e-01,-5.074920176267315730e-01,1.847119885438293641e-01
8.318301629880127113e-01,-1.280309075054520962e-01,1.847119885438293363e-01,5.074920176267315730e-01
5.267930998633036932e-01,6.563705990290430448e-01,-3.471449852106552880e-01,4.137112832758619851e-01
6.563705990290430448e-01,-5.267930998633036932e-01,4.137112832758623182e-01,3.471449852106548994e-01
7.844015065344951410e-01,3.050370631247091291e-01,-9.378073435086954623e-02,5.318569737544842635e-01
3.050370631247091846e-01,-7.844015065344951410e-01,5.318569737544842635e-01,9.378073435086957399e-02
2.328904213185283012e-02,1.513113363782793430e-01,-3.979990187647017841e-01,-9.045215757859701444e-01
1.513113363782793708e-01,-2.328904213185283359e-02,-9.045215757859700334e-01,3.979990187647021727e-01
9.582457030513033547e-02,1.193949401182359815e-01,-7.969380488244962590e-01,-5.843391535194307762e-01
1.193949401182359815e-01,-9.582457030513033547e-02,-5.843391535194307762e-01,7.969380488244962590e-01
1.426839822500888255e-01,5.548676607314904224e-02,-9.823381722841324493e-01,-1.075835269614737189e-01
5.548676607314904918e-02,-1.426839822500888255e-01,-1.075835269614737882e-01,9.823381722841324493e-01
1.202640964343851399e-01,7.813683811806189095e-01,4.137128209698293646e-01,4.514883185257242415e-01
7.813683811806189095e-01,-1.202640964343851399e-01,4.514883185257242970e-01,-4.137128209698293646e-01
