8.656024336814880371e-01,-1.562500000000000000e-02,-2.706329338252544403e-02,4.997557997703552246e-01
8.651792407035827637e-01,-3.827327862381935120e-02,-2.209708653390407562e-02,-4.995114803314208984e-01
3.415187597274780273e-01,1.851238310337066650e-02,-5.086235329508781433e-02,9.383150935173034668e-01
9.828824400901794434e-01,-3.584852814674377441e-02,5.119700357317924500e-02,1.733086854219436646e-01
6.412163972854614258e-01,6.961122155189514160e-02,6.090192589908838272e-03,-7.641719579696655273e-01
6.409016847610473633e-01,-7.625526934862136841e-02,6.671471986919641495e-03,7.637968659400939941e-01
9.814359545707702637e-01,4.742314293980598450e-02,6.772726774215698242e-02,-1.730536371469497681e-01
3.406814932823181152e-01,-8.830422163009643555e-02,-3.855445655062794685e-03,-9.360147714614868164e-01
1.155816167593002319e-01,-8.186303824186325073e-02,-4.568922519683837891e-02,9.888638854026794434e-01
9.137216210365295410e-01,-9.881072491407394409e-02,1.437245053239166737e-03,3.941410481929779053e-01
7.978032827377319336e-01,5.312222242355346680e-02,8.899559825658798218e-02,-5.939425230026245117e-01
4.461617469787597656e-01,-7.865455932915210724e-03,1.079670563340187073e-01,8.883810639381408691e-01
9.919509887695312500e-01,1.014135032892227173e-01,-4.909801110625267029e-02,5.777456611394882202e-02
5.457396507263183594e-01,6.566633284091949463e-02,-9.674610197544097900e-02,-8.297567963600158691e-01
7.220265269279479980e-01,1.104234084486961365e-01,4.954905062913894653e-02,6.811969280242919922e-01
9.504757523536682129e-01,-5.852336063981056213e-02,1.104536876082420349e-01,-2.845537662506103516e-01
2.286935597658157349e-01,1.287618875503540039e-01,-4.683978855609893799e-03,-9.649340510368347168e-01
2.285799831151962280e-01,-5.515648797154426575e-02,1.205648630857467651e-01,9.644548296928405762e-01
9.490603208541870117e-01,1.356073319911956787e-01,-1.285846717655658722e-02,2.841300070285797119e-01
7.202353477478027344e-01,-1.378039121627807617e-01,-2.326655574142932892e-02,-6.795070171356201172e-01
5.438451766967773438e-01,-1.041410490870475769e-03,-1.432017087936401367e-01,8.268764019012451172e-01
9.875259399414062500e-01,-7.420892268419265747e-02,-1.264017820358276367e-01,-5.751683562994003296e-02
4.437303245067596436e-01,-7.398902624845504761e-02,1.303324997425079346e-01,-8.835397362709045410e-01
7.926675677299499512e-01,7.789906114339828491e-03,1.528947949409484863e-01,5.901191234588623047e-01
9.069381356239318848e-01,1.311659067869186401e-01,-8.490916341543197632e-02,-3.912149369716644287e-01
1.146095991134643555e-01,7.254724949598312378e-02,-1.418714970350265503e-01,-9.805477857589721680e-01
3.826075792312622070e-02,9.538073092699050903e-02,-1.314142495393753052e-01,9.859862923622131348e-01
8.725816011428833008e-01,-1.284579634666442871e-01,1.041263714432716370e-01,4.596276581287384033e-01
8.339210748672485352e-01,1.571381092071533203e-01,6.023227795958518982e-02,-5.255999565124511719e-01
3.726186454296112061e-01,-1.680343598127365112e-01,-3.257803618907928467e-02,9.120627641677856445e-01
9.756876826286315918e-01,5.672621354460716248e-02,1.644857823848724365e-01,1.332670897245407104e-01
6.029527187347412109e-01,-1.496648192405700684e-01,9.407678991556167603e-02,-7.779447436332702637e-01
6.610909104347229004e-01,-1.204760074615478516e-01,-1.330867856740951538e-01,7.285137176513671875e-01
9.609715938568115234e-01,-1.734484285116195679e-01,-5.584592744708061218e-02,-2.081595957279205322e-01
3.000626564025878906e-01,3.892025351524353027e-02,1.807343363761901855e-01,-9.358326196670532227e-01
1.517783403396606445e-01,9.512427449226379395e-02,1.615785360336303711e-01,9.704674482345581055e-01
9.158747792243957520e-01,9.364309161901473999e-02,-1.654200255870819092e-01,3.536107540130615234e-01
7.637860774993896484e-01,-1.634366810321807861e-03,-1.926310062408447266e-01,-6.160531640052795410e-01
4.738233983516693115e-01,1.918969005346298218e-01,-3.551787510514259338e-02,8.587231636047363281e-01
9.800899028778076172e-01,-8.977043628692626953e-02,1.760788708925247192e-01,1.900882273912429810e-02
5.062496066093444824e-01,1.998259425163269043e-01,-1.042386237531900406e-02,-8.388517498970031738e-01
7.378228306770324707e-01,-1.973435282707214355e-01,4.550996050238609314e-02,6.438958644866943359e-01
9.260696768760681152e-01,1.397187411785125732e-01,1.499028354883193970e-01,-3.168638944625854492e-01
1.885264962911605835e-01,-9.727194160223007202e-02,-1.830489486455917358e-01,-9.599421620368957520e-01
2.622139453887939453e-01,-4.827100783586502075e-03,-2.095757871866226196e-01,9.419652223587036133e-01
9.463890790939331055e-01,-1.101723909378051758e-01,-1.810632944107055664e-01,2.437740862369537354e-01
6.839591860771179199e-01,-1.028189212083816528e-01,1.879540085792541504e-01,-6.973531842231750488e-01
5.676997900009155273e-01,1.320088058710098267e-01,1.716061681509017944e-01,7.942556142807006836e-01
9.711974859237670898e-01,8.346699178218841553e-02,-2.021999657154083252e-01,-9.446620196104049683e-02
4.035815000534057617e-01,-2.910799719393253326e-02,-2.190453112125396729e-01,-8.878591656684875488e-01
8.038763999938964844e-01,2.127591669559478760e-01,-6.736632436513900757e-02,5.513420701026916504e-01
8.789623975753784180e-01,-2.251203954219818115e-01,1.010235678404569626e-02,-4.202902019023895264e-01
7.546035945415496826e-02,1.224699765443801880e-01,1.917261481285095215e-01,-9.708490967750549316e-01
7.542148977518081665e-02,-2.103037685155868530e-01,9.223178774118423462e-02,9.703490138053894043e-01
8.776049017906188965e-01,1.867323070764541626e-01,1.372660994529724121e-01,4.196411073207855225e-01
8.018082976341247559e-01,-2.245902568101882935e-01,6.516685336828231812e-02,-5.499236583709716797e-01
4.021286368370056152e-01,-1.040936559438705444e-01,-2.117275893688201904e-01,8.846629261970520020e-01
9.667046666145324707e-01,-1.977234631776809692e-01,-1.324615180492401123e-01,9.402919560670852661e-02
5.644915699958801270e-01,-1.598938927054405212e-02,2.395026683807373047e-01,-7.897670865058898926e-01
6.793935298919677734e-01,-1.517406404018402100e-01,1.885962039232254028e-01,6.926981210708618164e-01
9.391034841537475586e-01,2.411845177412033081e-01,3.742115199565887451e-02,-2.418974339962005615e-01
2.599273622035980225e-01,2.294403463602066040e-01,-8.890447765588760376e-02,-9.337509870529174805e-01
1.866900026798248291e-01,2.469030171632766724e-01,2.371365204453468323e-02,9.505910873413085938e-01
9.161040186882019043e-01,6.922967731952667236e-02,2.402233332395553589e-01,3.134540319442749023e-01
7.291311025619506836e-01,1.747743040323257446e-01,-1.814676374197006226e-01,-6.363106369972229004e-01
4.997706115245819092e-01,-1.416850388050079346e-01,2.106619924306869507e-01,8.281160593032836914e-01
9.665499925613403320e-01,2.551927268505096436e-01,1.750295050442218781e-02,-1.874621585011482239e-02
4.667962193489074707e-01,-2.437662035226821899e-01,-8.357206732034683228e-02,-8.459876179695129395e-01
7.516834139823913574e-01,4.026571288704872131e-02,-2.564400136470794678e-01,6.062914133071899414e-01
9.004336595535278320e-01,-9.402289241552352905e-02,-2.439653128385543823e-01,-3.476490676403045654e-01
1.490657180547714233e-01,-1.654378920793533325e-01,2.048566341400146484e-01,-9.531230330467224121e-01
2.943962514400482178e-01,1.936442553997039795e-01,1.811474710702896118e-01,9.181603193283081055e-01
9.418532252311706543e-01,6.047179922461509705e-02,-2.600619494915008545e-01,2.040182799100875854e-01
6.472710371017456055e-01,-7.819098234176635742e-02,-2.571999132633209229e-01,-7.132843732833862305e-01
5.897399187088012695e-01,2.413289994001388550e-01,-1.224846839904785156e-01,7.608972787857055664e-01
9.533236622810363770e-01,-2.665668129920959473e-01,5.622168257832527161e-02,-1.302124261856079102e-01
3.637025654315948486e-01,1.831661015748977661e-01,2.040722817182540894e-01,-8.902388215065002441e-01
8.131281137466430664e-01,-2.172170728445053101e-01,-1.702604293823242188e-01,5.124946832656860352e-01
8.499478697776794434e-01,-3.908951207995414734e-02,2.749917209148406982e-01,-4.477054774761199951e-01
3.722991049289703369e-02,-2.735615074634552002e-01,-5.735070630908012390e-02,-9.594211578369140625e-01
1.240616012364625931e-02,-2.719150185585021973e-01,-7.185950130224227905e-02,9.595543146133422852e-01
8.367574810981750488e-01,-2.730853259563446045e-01,7.417905330657958984e-02,4.687843620777130127e-01
8.239202499389648438e-01,2.020041793584823608e-01,2.006215304136276245e-01,-4.900007843971252441e-01
3.393038809299468994e-01,5.070307105779647827e-02,2.818872928619384766e-01,8.960142731666564941e-01
9.451199769973754883e-01,2.200683802366256714e-01,-1.859508603811264038e-01,1.540793478488922119e-01
6.056738495826721191e-01,9.818186610937118530e-02,-2.726622521877288818e-01,-7.410632967948913574e-01
6.242976784706115723e-01,2.872244715690612793e-01,4.962901026010513306e-02,7.247699499130249023e-01
9.393163919448852539e-01,-2.154521793127059937e-01,1.987909823656082153e-01,-1.781775206327438354e-01
3.151834309101104736e-01,2.814698815345764160e-01,8.768557757139205933e-02,-9.020783305168151855e-01
1.231279298663139343e-01,-2.058288455009460449e-01,2.133661508560180664e-01,9.470738768577575684e-01
8.812818527221679688e-01,2.892888188362121582e-01,7.196643948554992676e-02,3.667085468769073486e-01
7.578133940696716309e-01,-2.622343301773071289e-01,-1.451788693666458130e-01,-5.795473456382751465e-01
4.389141499996185303e-01,9.796487540006637573e-02,-2.849968373775482178e-01,8.464833498001098633e-01
9.520214796066284180e-01,-5.796750634908676147e-02,-2.973829805850982666e-01,4.310770705342292786e-02
5.130670070648193359e-01,-2.297699898481369019e-01,1.999479681253433228e-01,-8.024891018867492676e-01
7.008268237113952637e-01,1.719036400318145752e-01,2.533755004405975342e-01,6.442761421203613281e-01
9.078833460807800293e-01,1.341711878776550293e-01,-2.769921720027923584e-01,-2.846423089504241943e-01
2.073222994804382324e-01,-2.241508476436138153e-02,-3.085460960865020752e-01,-9.280702471733093262e-01
2.311222851276397705e-01,1.190471574664115906e-01,-2.872411310672760010e-01,9.219017028808593750e-01
9.134572744369506836e-01,-1.902880221605300903e-01,2.478844821453094482e-01,2.606520950794219971e-01
6.820905804634094238e-01,3.113635182380676270e-01,4.105577245354652405e-02,-6.603935360908508301e-01
5.316286683082580566e-01,-3.153119087219238281e-01,1.370299980044364929e-02,7.859780788421630859e-01
9.459779262542724609e-01,1.703520715236663818e-01,2.675184309482574463e-01,-6.737830489873886108e-02
4.144124686717987061e-01,-3.174704015254974365e-01,-2.783968299627304077e-02,-8.524668812751770020e-01
7.671367526054382324e-01,-2.784432843327522278e-02,-3.190043270587921143e-01,5.558435916900634766e-01
8.644723296165466309e-01,-1.844883412122726440e-01,-2.635899782180786133e-01,-3.862278163433074951e-01
9.769980609416961670e-02,-1.366715878248214722e-01,2.929386794567108154e-01,-9.412558674812316895e-01
4.888861626386642456e-02,6.252076476812362671e-02,3.186846375465393066e-01,9.445322155952453613e-01
8.419732451438903809e-01,2.458590120077133179e-01,-2.144729793071746826e-01,4.296925961971282959e-01
7.926778197288513184e-01,1.061673313379287720e-01,-3.100812435150146484e-01,-5.140427947044372559e-01
3.683845996856689453e-01,3.252746760845184326e-01,5.093934759497642517e-02,8.694218397140502930e-01
9.366203546524047852e-01,-7.242833077907562256e-02,3.226904571056365967e-01,1.156171411275863647e-01
5.681258440017700195e-01,3.170784413814544678e-01,-9.905974566936492920e-02,-7.529153227806091309e-01
6.424699425697326660e-01,-2.963624596595764160e-01,1.532886922359466553e-01,6.898581385612487793e-01
9.181647300720214844e-01,2.821626067161560059e-01,1.808008700609207153e-01,-2.113499790430068970e-01
2.758960425853729248e-01,-2.267328500747680664e-01,-2.487437725067138672e-01,-9.003333449363708496e-01
1.574323922395706177e-01,-9.137118607759475708e-02,-3.254368007183074951e-01,9.278777837753295898e-01
8.817954659461975098e-01,-2.428795099258422852e-01,-2.371580004692077637e-01,3.274178206920623779e-01
7.240499258041381836e-01,-8.430004119873046875e-02,3.303095996379852295e-01,-5.996171832084655762e-01
4.645208120346069336e-01,1.068233177065849304e-01,3.252326548099517822e-01,8.167208433151245117e-01
9.390415549278259277e-01,2.291971445083618164e-01,-2.561888694763183594e-01,6.070220842957496643e-03
4.745147824287414551e-01,7.068640738725662231e-02,-3.378521203994750977e-01,-8.097500205039978027e-01
7.146529555320739746e-01,3.464049696922302246e-01,1.098988205194473267e-02,6.075803637504577637e-01
8.830161094665527344e-01,-3.331030011177062988e-01,-1.006783992052078247e-01,-3.149425387382507324e-01
1.686660498380661011e-01,7.968081533908843994e-02,3.401783108711242676e-01,-9.216731786727905273e-01
2.627744078636169434e-01,-3.411114215850830078e-01,-8.179158717393875122e-02,8.988341093063354492e-01
9.092936515808105469e-01,1.001170650124549866e-01,3.376388847827911377e-01,2.217241674661636353e-01
6.463050246238708496e-01,-2.615096569061279297e-01,2.379342317581176758e-01,-6.762320399284362793e-01
5.534198284149169922e-01,-2.808207273483276367e-01,-2.170628607273101807e-01,7.534918189048767090e-01
9.287337064743041992e-01,-3.530899584293365479e-01,-4.775561392307281494e-02,-1.024723872542381287e-01
3.754130303859710693e-01,1.357063651084899902e-01,3.309282064437866211e-01,-8.550645709037780762e-01
7.764493227005004883e-01,-7.894808053970336914e-02,3.502477109432220459e-01,5.178998112678527832e-01
8.362699151039123535e-01,3.440934717655181885e-01,-1.071564033627510071e-01,-4.132430553436279297e-01
6.022213399410247803e-02,2.453326135873794556e-01,-2.658407092094421387e-01,-9.303299784660339355e-01
8.420726656913757324e-02,2.845192551612854004e-01,-2.255764454603195190e-01,9.279403090476989746e-01
8.452476859092712402e-01,5.778758786618709564e-03,3.643886744976043701e-01,3.908245265483856201e-01
7.606591582298278809e-01,3.138279318809509277e-01,-1.878858655691146851e-01,-5.362914800643920898e-01
3.958336412906646729e-01,-2.774411737918853760e-01,2.403996884822845459e-01,8.417541980743408203e-01
9.263740777969360352e-01,3.481675088405609131e-01,1.205055192112922668e-01,7.803103327751159668e-02
5.304639339447021484e-01,-3.062104284763336182e-01,-2.072532922029495239e-01,-7.628166675567626953e-01
6.587407588958740234e-01,1.514698565006256104e-01,-3.387509286403656006e-01,6.544962525367736816e-01
8.956731557846069336e-01,-3.833394870162010193e-02,-3.704084157943725586e-01,-2.431003302335739136e-01
2.371709346771240234e-01,-3.026762902736663818e-01,2.191700488328933716e-01,-8.967170715332031250e-01
1.903940439224243164e-01,3.412134945392608643e-01,1.555582135915756226e-01,9.072624444961547852e-01
8.804086446762084961e-01,-3.601377457380294800e-02,-3.745725154876708984e-01,2.885810136795043945e-01
6.897301673889160156e-01,-2.192271649837493896e-01,-3.074370920658111572e-01,-6.178140640258789062e-01
4.883792996406555176e-01,2.656030058860778809e-01,-2.702031433582305908e-01,7.860858440399169922e-01
9.244324564933776855e-01,-3.275951147079467773e-01,1.929058879613876343e-01,-2.988890931010246277e-02
4.360825717449188232e-01,3.319748342037200928e-01,1.878843009471893311e-01,-8.150608539581298828e-01
7.265377640724182129e-01,-3.607617318630218506e-01,-1.278098374605178833e-01,5.706649422645568848e-01
8.569885492324829102e-01,6.992622464895248413e-02,3.775860965251922607e-01,-3.436709344387054443e-01
1.307915449142456055e-01,-3.432585895061492920e-01,-1.749601215124130249e-01,-9.134856462478637695e-01
2.929239273071289062e-01,-2.289746254682540894e-01,-3.114236295223236084e-01,8.745178580284118652e-01
9.032976627349853516e-01,-3.551646769046783447e-01,-1.557198762893676758e-01,1.834739744663238525e-01
6.101909875869750977e-01,4.286345466971397400e-02,3.866909742355346680e-01,-6.901447772979736328e-01
5.733711719512939453e-01,-1.872863918542861938e-01,3.424435257911682129e-01,7.203483581542968750e-01
9.100009202957153320e-01,3.914566338062286377e-01,-9.055871516466140747e-03,-1.363012492656707764e-01
3.367657363414764404e-01,3.355470001697540283e-01,-2.042182236909866333e-01,-8.557406067848205566e-01
7.838082909584045410e-01,2.602023482322692871e-01,2.959192097187042236e-01,4.799699485301971436e-01
8.071033358573913574e-01,-2.298224419355392456e-01,3.216079175472259521e-01,-4.385592043399810791e-01
2.373452857136726379e-02,3.946593999862670898e-01,3.834739699959754944e-02,-9.177200794219970703e-01
2.372077479958534241e-02,-5.887824296951293945e-02,3.933655917644500732e-01,9.171882271766662598e-01
8.057008981704711914e-01,3.712442517280578613e-01,-1.461417078971862793e-01,4.377971589565277100e-01
7.815396785736083984e-01,-3.976328074932098389e-01,4.521503299474716187e-02,-4.785807430744171143e-01
3.354018926620483398e-01,-1.139220744371414185e-01,-3.849085271358489990e-01,8.522750735282897949e-01
9.052653908729553223e-01,-2.919945120811462402e-01,-2.772157788276672363e-01,1.355919539928436279e-01
5.697264671325683594e-01,-9.436159580945968628e-02,3.926599323749542236e-01,-7.157693505287170410e-01
6.056095957756042480e-01,1.317850649356842041e-01,3.830080926418304443e-01,6.849631071090698242e-01
8.954767584800720215e-01,2.665921151638031006e-01,-3.065415322780609131e-01,-1.818854212760925293e-01
2.900512218475341797e-01,7.783402502536773682e-02,-3.999468684196472168e-01,-8.659414649009704590e-01
1.293587982654571533e-01,2.497822791337966919e-01,-3.234207928180694580e-01,9.034789204597473145e-01
8.466183543205261230e-01,-3.259274661540985107e-01,2.484754472970962524e-01,3.395122587680816650e-01
7.169143557548522949e-01,3.792474567890167236e-01,1.584824472665786743e-01,-5.631061196327209473e-01
4.298076629638671875e-01,-4.021633267402648926e-01,-9.047947824001312256e-02,8.033327460289001465e-01
9.100745916366577148e-01,1.230762824416160583e-01,3.946525752544403076e-01,2.942468784749507904e-02
4.802367389202117920e-01,-4.030037224292755127e-01,9.727800637483596802e-02,-7.729797363281250000e-01
6.774443984031677246e-01,-1.662512868642807007e-01,-3.810670077800750732e-01,6.068092584609985352e-01
8.637241125106811523e-01,-3.354549705982208252e-01,-2.475845068693161011e-01,-2.831121385097503662e-01
1.865693926811218262e-01,-4.681795090436935425e-02,4.154669344425201416e-01,-8.890371918678283691e-01
2.321372032165527344e-01,8.648190647363662720e-02,4.102464318275451660e-01,8.776850700378417969e-01
8.756469488143920898e-01,3.129084706306457520e-01,-2.807954847812652588e-01,2.376649081707000732e-01
6.432654261589050293e-01,1.309491693973541260e-01,-4.007326960563659668e-01,-6.391206383705139160e-01
5.174015760421752930e-01,4.185288250446319580e-01,5.953614786267280579e-02,7.440327405929565430e-01
9.025149345397949219e-01,-3.028414845466613770e-01,2.966050207614898682e-01,-7.602131366729736328e-02
3.851916193962097168e-01,4.093962013721466064e-01,1.142751649022102356e-01,-8.191235065460205078e-01
7.393503785133361816e-01,-4.241619706153869629e-01,-4.156003519892692566e-02,5.212680697441101074e-01
8.206164836883544922e-01,1.765616685152053833e-01,3.891569972038269043e-01,-3.794355690479278564e-01
8.165857940912246704e-02,-7.001068443059921265e-02,-4.227200746536254883e-01,-8.998544812202453613e-01
5.833166465163230896e-02,-3.861879464238882065e-03,-4.295991063117980957e-01,9.011254906654357910e-01
8.090784549713134766e-01,-2.187203764915466309e-01,-3.710906505584716797e-01,3.998064100742340088e-01
7.503315210342407227e-01,-2.125709354877471924e-01,3.759481906890869141e-01,-5.004789829254150391e-01
3.623641729354858398e-01,3.826023042201995850e-01,2.027695029973983765e-01,8.253436684608459473e-01
8.954120874404907227e-01,-1.573843695223331451e-02,-4.338535070419311523e-01,9.879583120346069336e-02
5.329447984695434570e-01,-2.311531603336334229e-01,-3.688107132911682129e-01,-7.256147265434265137e-01
6.216712594032287598e-01,3.238998949527740479e-01,-2.924355268478393555e-01,6.504576206207275391e-01
8.736211061477661133e-01,-3.895461857318878174e-01,1.991482526063919067e-01,-2.130256891250610352e-01
2.521724700927734375e-01,3.681761920452117920e-01,2.383885681629180908e-01,-8.625695705413818359e-01
1.616731286048889160e-01,-3.792278468608856201e-01,2.225884646177291870e-01,8.834604620933532715e-01
8.454235792160034180e-01,3.833455741405487061e-01,2.176743149757385254e-01,3.015345036983489990e-01
6.834337711334228516e-01,-4.070776104927062988e-01,1.720474213361740112e-01,-5.810385346412658691e-01
4.532589614391326904e-01,-2.407214790582656860e-01,-3.719438612461090088e-01,7.734773755073547363e-01
8.959357142448425293e-01,-3.954228162765502930e-01,-2.022533416748046875e-01,-5.791572853922843933e-03
4.426827132701873779e-01,2.261063829064369202e-02,4.446694850921630859e-01,-7.783250212669372559e-01
6.892093420028686523e-01,-2.371122539043426514e-01,3.781488239765167236e-01,5.707641839981079102e-01
8.383892774581909180e-01,4.471345245838165283e-01,1.631066016852855682e-02,-3.113007247447967529e-01
1.495089232921600342e-01,3.963483572006225586e-01,-2.099520266056060791e-01,-8.811783194541931152e-01
2.617059350013732910e-01,4.495032131671905518e-01,-9.762772358953952789e-03,8.540266752243041992e-01
8.699288964271545410e-01,-1.970447041094303131e-02,4.502629637718200684e-01,2.002466917037963867e-01
6.080102324485778809e-01,4.007512927055358887e-01,-2.085664719343185425e-01,-6.528567671775817871e-01
5.370287895202636719e-01,-3.593022823333740234e-01,2.756446897983551025e-01,7.117035984992980957e-01
8.843240737915039062e-01,4.193613827228546143e-01,1.737547963857650757e-01,-1.091616526246070862e-01
3.474114239215850830e-01,-3.609532415866851807e-01,-2.770271003246307373e-01,-8.199232220649719238e-01
7.466791868209838867e-01,2.106345891952514648e-01,-4.045255184173583984e-01,4.842131733894348145e-01
7.921916246414184570e-01,-1.989438943564891815e-02,-4.567149877548217773e-01,-4.042870402336120605e-01
4.594457894563674927e-02,-3.864794373512268066e-01,2.461596727371215820e-01,-8.876531720161437988e-01
9.170958399772644043e-02,3.309638202190399170e-01,3.184343576431274414e-01,8.835450410842895508e-01
8.105252385139465332e-01,1.105453521013259888e-01,-4.468711018562316895e-01,3.621253967285156250e-01
7.184268832206726074e-01,-1.279943734407424927e-01,-4.432922899723052979e-01,-5.205498933792114258e-01
3.876473605632781982e-01,4.152809083461761475e-01,-2.034918814897537231e-01,7.974097728729248047e-01
8.838512897491455078e-01,-4.548330307006835938e-01,8.927858620882034302e-02,6.295327097177505493e-02
4.961359500885009766e-01,3.054258227348327637e-01,3.500505387783050537e-01,-7.335044741630554199e-01
6.358115077018737793e-01,-3.623884618282318115e-01,-2.923550307750701904e-01,6.155865788459777832e-01
8.504886627197265625e-01,-7.215461879968643188e-02,4.610500633716583252e-01,-2.426841855049133301e-01
2.149393558502197266e-01,-4.664329290390014648e-01,3.450089693069458008e-02,-8.573511838912963867e-01
1.925812065601348877e-01,-4.332675635814666748e-01,-1.789015978574752808e-01,8.620823025703430176e-01
8.423481583595275879e-01,-4.657029807567596436e-01,6.183741614222526550e-02,2.640955150127410889e-01
6.494801640510559082e-01,2.870371937751770020e-01,3.732148706912994385e-01,-5.970727205276489258e-01
4.749225378036499023e-01,2.110619097948074341e-02,4.713923931121826172e-01,7.428272366523742676e-01
8.802151083946228027e-01,3.985558450222015381e-01,-2.545310556888580322e-01,-3.985630348324775696e-02
4.053358137607574463e-01,2.183692008256912231e-01,-4.206236600875854492e-01,-7.817246913909912109e-01
6.990221142768859863e-01,4.531347453594207764e-01,1.423195302486419678e-01,5.345859527587890625e-01
8.119636178016662598e-01,-3.896012008190155029e-01,2.734472751617431641e-01,-3.378646969795227051e-01
1.133108139038085938e-01,4.325420856475830078e-01,2.011129260063171387e-01,-8.715627193450927734e-01
2.897150814533233643e-01,-3.746469914913177490e-01,2.969095110893249512e-01,8.291860818862915039e-01
8.624073863029479980e-01,4.454033374786376953e-01,1.763747185468673706e-01,1.635887771844863892e-01
5.725125670433044434e-01,-3.853948414325714111e-01,-2.862508893013000488e-01,-6.646507382392883301e-01
5.547850728034973145e-01,2.154339551925659180e-01,-4.301552474498748779e-01,6.787990927696228027e-01
8.646999001502990723e-01,-2.856641635298728943e-02,-4.812544286251068115e-01,-1.409687697887420654e-01
3.100699782371520996e-01,-4.033400416374206543e-01,2.659233808517456055e-01,-8.188151121139526367e-01
7.520529031753540039e-01,8.112803846597671509e-02,4.772768914699554443e-01,4.472599327564239502e-01
7.628778815269470215e-01,3.735457062721252441e-01,-3.095402717590332031e-01,-4.273941218852996826e-01
1.129756588488817215e-02,1.690796315670013428e-01,-4.557852447032928467e-01,-8.738101720809936523e-01
3.763539949432015419e-03,1.772760152816772461e-01,-4.537377059459686279e-01,8.733161687850952148e-01
7.577102184295654297e-01,-2.892647981643676758e-01,3.932011127471923828e-01,4.331212043762207031e-01
7.534656524658203125e-01,4.861477017402648926e-01,5.402046442031860352e-02,-4.393537640571594238e-01
3.016472756862640381e-01,-4.891377985477447510e-01,3.128254041075706482e-02,8.177863955497741699e-01
8.584951162338256836e-01,2.722119688987731934e-01,4.087928235530853271e-01,1.475640535354614258e-01
5.566832423210144043e-01,-4.910202622413635254e-01,-3.296356648206710815e-02,-6.692655086517333984e-01
5.620682835578918457e-01,-5.290834605693817139e-02,-4.902701079845428467e-01,6.640143990516662598e-01
8.555350303649902344e-01,-2.915386855602264404e-01,-3.989308476448059082e-01,-1.546583473682403564e-01
2.936395704746246338e-01,-2.001139372587203979e-01,4.528483152389526367e-01,-8.177154660224914551e-01
1.045164465904235840e-01,-4.761017858982086182e-02,4.937884509563446045e-01,8.619643449783325195e-01
7.982237935066223145e-01,4.523332417011260986e-01,-2.060702443122863770e-01,3.402476906776428223e-01
6.933249831199645996e-01,2.892669439315795898e-01,-4.054275751113891602e-01,-5.208201408386230469e-01
3.922581374645233154e-01,4.503828585147857666e-01,2.148923426866531372e-01,7.727290391921997070e-01
8.647692203521728516e-01,2.079217322170734406e-02,4.995675086975097656e-01,4.662865772843360901e-02
4.724583029747009277e-01,4.230659604072570801e-01,-2.683128118515014648e-01,-7.251251935958862305e-01
6.316552162170410156e-01,-3.707658350467681885e-01,3.383575379848480225e-01,5.908117890357971191e-01
8.269453048706054688e-01,4.793353974819183350e-01,1.522079706192016602e-01,-2.514593005180358887e-01
1.955745518207550049e-01,-4.244250953197479248e-01,-2.716055512428283691e-01,-8.413348793983459473e-01
2.026858180761337280e-01,-2.578782737255096436e-01,-4.340295195579528809e-01,8.390682935714721680e-01
8.274546265602111816e-01,-4.411866366863250732e-01,-2.474140673875808716e-01,2.438431531190872192e-01
6.244915127754211426e-01,6.338518578559160233e-03,5.067501664161682129e-01,-5.942848324775695801e-01
4.765011072158813477e-01,2.781498432159423828e-01,4.247883856296539307e-01,7.177284955978393555e-01
8.592557907104492188e-01,2.292355448007583618e-01,-4.541366696357727051e-01,-5.376239493489265442e-02
3.828158676624298096e-01,-2.859834581613540649e-02,-5.088691115379333496e-01,-7.705104947090148926e-01
6.918725967407226562e-01,4.971039593219757080e-01,-1.167468950152397156e-01,5.104607343673706055e-01
7.874875664710998535e-01,-5.113367438316345215e-01,-1.592086255550384521e-02,-3.437215983867645264e-01
9.600859135389328003e-02,2.423313558101654053e-01,4.516313076019287109e-01,-8.532801866531372070e-01
3.696779906749725342e-02,-4.845500290393829346e-01,1.699504107236862183e-01,8.572989702224731445e-01
7.604218125343322754e-01,3.901769518852233887e-01,3.352766036987304688e-01,3.963713049888610840e-01
7.229979634284973145e-01,-3.607412576675415039e-01,3.680906593799591064e-01,-4.600531756877899170e-01
3.272988200187683105e-01,-4.259213805198669434e-01,-2.918775975704193115e-01,7.913746833801269531e-01
8.484345674514770508e-01,-5.157395601272583008e-01,-3.988556563854217529e-02,1.121635213494300842e-01
5.210060477256774902e-01,2.237350195646286011e-01,4.674369692802429199e-01,-6.782315373420715332e-01
5.770702958106994629e-01,-8.499195426702499390e-02,5.121597647666931152e-01,6.304432153701782227e-01
8.339569568634033203e-01,4.869190454483032227e-01,-1.828049570322036743e-01,-1.844125390052795410e-01
2.571002542972564697e-01,3.308774232864379883e-01,-4.024978280067443848e-01,-8.138888478279113770e-01
1.354286074638366699e-01,4.771794974803924561e-01,-2.115671783685684204e-01,8.421390652656555176e-01
7.964929938316345215e-01,-1.228605285286903381e-01,5.082743167877197266e-01,3.035809695720672607e-01
6.607108712196350098e-01,5.025036931037902832e-01,-1.480004042387008667e-01,-5.376310348510742188e-01
4.144527614116668701e-01,-4.700036048889160156e-01,2.334250360727310181e-01,7.435309290885925293e-01
8.505693674087524414e-01,4.379282295703887939e-01,2.908368408679962158e-01,1.283018849790096283e-02
4.361013770103454590e-01,-3.483458757400512695e-01,-3.949669599533081055e-01,-7.297067046165466309e-01
6.424580812454223633e-01,3.290546834468841553e-01,-4.123631119728088379e-01,5.558122992515563965e-01
8.020334243774414062e-01,7.892627269029617310e-02,-5.225586295127868652e-01,-2.782903611660003662e-01
1.599017530679702759e-01,-4.928715825080871582e-01,1.932641565799713135e-01,-8.331614732742309570e-01
2.308719605207443237e-01,4.912593960762023926e-01,1.997853964567184448e-01,8.157500624656677246e-01
8.213376998901367188e-01,-7.273642718791961670e-02,-5.262470841407775879e-01,2.077927291393280029e-01
5.902206897735595703e-01,-3.266788423061370850e-01,-4.201000630855560303e-01,-6.069896221160888672e-01
4.949398338794708252e-01,3.576055765151977539e-01,-3.953453600406646729e-01,6.861886382102966309e-01
8.411523699760437012e-01,-4.485120177268981934e-01,2.898158431053161621e-01,-8.547776192426681519e-02
3.463134765625000000e-01,4.760569632053375244e-01,2.439315021038055420e-01,-7.706712484359741211e-01
6.983481645584106445e-01,-5.120544433593750000e-01,-1.578278541564941406e-01,4.745529294013977051e-01
7.596281170845031738e-01,1.195470765233039856e-01,5.232536792755126953e-01,-3.672589659690856934e-01
6.171609088778495789e-02,-4.887269735336303711e-01,-2.240724265575408936e-01,-8.409094214439392090e-01
6.891405582427978516e-02,-4.489904046058654785e-01,-2.973998785018920898e-01,8.397688865661621094e-01
7.611941695213317871e-01,-5.384412407875061035e-01,-3.311625868082046509e-02,3.599553108215332031e-01
6.918505430221557617e-01,2.409443408250808716e-01,4.836713969707489014e-01,-4.789056479930877686e-01
3.512489199638366699e-01,-8.018621802330017090e-02,5.352932810783386230e-01,7.639734745025634766e-01
8.366664648056030273e-01,5.045094490051269531e-01,-1.985334157943725586e-01,7.774248719215393066e-02
4.853242337703704834e-01,3.382117152214050293e-01,-4.248937666416168213e-01,-6.852288246154785156e-01
5.901338458061218262e-01,4.779578745365142822e-01,2.597204446792602539e-01,5.965262651443481445e-01
8.111107349395751953e-01,-2.909031510353088379e-01,4.607063829898834229e-01,-2.126601636409759521e-01
2.212324738502502441e-01,5.453296899795532227e-01,2.161178737878799438e-02,-8.082107305526733398e-01
1.649089604616165161e-01,-2.644890546798706055e-01,4.784074425697326660e-01,8.209609389305114746e-01
7.928748130798339844e-01,5.474498271942138672e-01,-1.016604807227849960e-02,2.674786746501922607e-01
6.276425719261169434e-01,-5.322919487953186035e-01,-1.320853978395462036e-01,-5.525246858596801758e-01
4.348376393318176270e-01,3.770826756954193115e-02,-5.480291247367858887e-01,7.135533690452575684e-01
8.347898125648498535e-01,-2.417484670877456665e-01,-4.942590892314910889e-01,-1.978989504277706146e-02
3.999759554862976074e-01,-3.076617419719696045e-01,4.572255313396453857e-01,-7.323307394981384277e-01
6.512926816940307617e-01,-1.383435539901256561e-02,5.518116354942321777e-01,5.207017660140991211e-01
7.760417461395263672e-01,4.855763912200927734e-01,-2.643475532531738281e-01,-3.034717738628387451e-01
1.251185238361358643e-01,2.888079881668090820e-01,-4.724728465080261230e-01,-8.232282400131225586e-01
2.574726343154907227e-01,4.708816707134246826e-01,-2.930659055709838867e-01,7.912589311599731445e-01
8.134123682975769043e-01,-5.315294861793518066e-01,1.614624708890914917e-01,1.725298017263412476e-01
5.557284951210021973e-01,4.062366187572479248e-01,3.801869451999664307e-01,-6.177341938018798828e-01
5.114860534667968750e-01,-4.668183028697967529e-01,-3.043477237224578857e-01,6.540910601615905762e-01
8.216199874877929688e-01,-3.021109849214553833e-02,5.573245882987976074e-01,-1.158322542905807495e-01
3.102760612964630127e-01,-5.302537083625793457e-01,1.770056188106536865e-01,-7.689140439033508301e-01
7.028539180755615234e-01,-2.668100297451019287e-01,-4.922285676002502441e-01,4.387708306312561035e-01
7.308932542800903320e-01,-4.779212474822998047e-01,-2.933332920074462891e-01,-3.890269398689270020e-01
2.851906791329383850e-02,-1.509684696793556213e-02,5.614283084869384766e-01,-8.268960118293762207e-01
1.425147708505392075e-02,3.652900457382202148e-01,4.277492761611938477e-01,8.266744613647460938e-01
7.225301861763000488e-01,1.880862861871719360e-01,-5.310426950454711914e-01,4.007085561752319336e-01
7.077820301055908203e-01,-1.027916222810745239e-01,-5.547912120819091797e-01,-4.250708222389221191e-01
2.954960763454437256e-01,5.293230414390563965e-01,-1.978712528944015503e-01,7.702896595001220703e-01
8.142536878585815430e-01,-1.655021309852600098e-01,5.412222743034362793e-01,1.291449666023254395e-01
5.185967087745666504e-01,5.523033142089843750e-01,-1.274759620428085327e-01,-6.401315331459045410e-01
5.399642586708068848e-01,-5.225690007209777832e-01,2.217820733785629272e-01,6.214281916618347168e-01
8.075722455978393555e-01,4.540397822856903076e-01,3.421842455863952637e-01,-1.567955762147903442e-01
2.678037583827972412e-01,-3.505332469940185547e-01,-4.487150311470031738e-01,-7.772145271301269531e-01
1.094159185886383057e-01,-1.120333597064018250e-01,-5.591456294059753418e-01,8.141454458236694336e-01
7.592286467552185059e-01,-3.771615922451019287e-01,-4.288601279258728027e-01,3.120897114276885986e-01
6.494208574295043945e-01,-1.830964535474777222e-01,5.418709516525268555e-01,-5.011029243469238281e-01
3.804429173469543457e-01,4.228689372539520264e-01,3.864024579524993896e-01,7.260428071022033691e-01
8.183975815773010254e-01,1.233830600976943970e-01,-5.602483153343200684e-01,3.352378308773040771e-02
4.379121661186218262e-01,-1.735281795263290405e-01,-5.476915836334228516e-01,-6.914873719215393066e-01
6.044983863830566406e-01,5.099908113479614258e-01,-2.663907408714294434e-01,5.509328246116638184e-01
7.788019180297851562e-01,-5.623879432678222656e-01,1.255030632019042969e-01,-2.478634417057037354e-01
1.746171563863754272e-01,3.904557526111602783e-01,4.249142408370971680e-01,-7.978101372718811035e-01
2.018650174140930176e-01,-5.557665824890136719e-01,1.584546715021133423e-01,7.907377481460571289e-01
7.851551771163940430e-01,4.157155156135559082e-01,4.026680588722229004e-01,2.203868776559829712e-01
5.830097198486328125e-01,-5.733636021614074707e-01,8.480386435985565186e-02,-5.693524479866027832e-01
4.591261446475982666e-01,-1.833449602127075195e-01,-5.507255792617797852e-01,6.725244522094726562e-01
8.113881945610046387e-01,-4.347729384899139404e-01,-3.858278393745422363e-01,-6.130748614668846130e-02
3.523401319980621338e-01,-1.169188395142555237e-01,5.702606439590454102e-01,-7.327954769134521484e-01
6.599915027618408203e-01,-4.234712421894073486e-01,4.006443023681640625e-01,4.738855063915252686e-01
7.398447990417480469e-01,5.595059394836425781e-01,1.666536182165145874e-01,-3.343790471553802490e-01
8.028211444616317749e-02,5.686861276626586914e-01,-1.356205791234970093e-01,-8.073152303695678711e-01
4.539375007152557373e-02,5.836440920829772949e-01,-4.618489369750022888e-02,8.094232082366943359e-01
7.231401205062866211e-01,1.777628064155578613e-01,5.587041974067687988e-01,3.651278913021087646e-01
6.772755980491638184e-01,3.955312669277191162e-01,-4.339142441749572754e-01,-4.433634877204895020e-01
3.187823295593261719e-01,-3.146185278892517090e-01,4.967074692249298096e-01,7.434209585189819336e-01
8.026129603385925293e-01,5.882997512817382812e-01,2.414795011281967163e-02,9.556548297405242920e-02
4.837066829204559326e-01,-5.627949237823486328e-01,-1.758354306221008301e-01,-6.468164920806884766e-01
5.525810718536376953e-01,7.554166018962860107e-02,-5.855990648269653320e-01,5.882357954978942871e-01
7.851284742355346680e-01,-2.276967763900756836e-01,-5.456771254539489746e-01,-1.842930167913436890e-01
2.327868491411209106e-01,-3.592225611209869385e-01,4.706857800483703613e-01,-7.715078592300415039e-01
1.381222009658813477e-01,4.439583718776702881e-01,3.930183947086334229e-01,7.933219671249389648e-01
7.555285096168518066e-01,1.185490489006042480e-01,-5.817947983741760254e-01,2.768349647521972656e-01
6.170445084571838379e-01,-1.884914338588714600e-01,-5.639030337333679199e-01,-5.155001878738403320e-01
4.002173244953155518e-01,5.233262181282043457e-01,-2.839399278163909912e-01,6.966590881347656250e-01
8.028251528739929199e-01,-5.797802805900573730e-01,1.390092074871063232e-01,1.729872077703475952e-03
4.026053547859191895e-01,4.108388423919677734e-01,4.331936836242675781e-01,-6.938757896423339844e-01
6.129570007324218750e-01,-4.804773926734924316e-01,-3.557574152946472168e-01,5.165867209434509277e-01
7.532826662063598633e-01,-6.794890016317367554e-02,5.947952270507812500e-01,-2.723357677459716797e-01
1.406844556331634521e-01,-5.898796916007995605e-01,-1.068501621484756470e-01,-7.879294753074645996e-01
2.277281135320663452e-01,-4.798320829868316650e-01,-3.607114255428314209e-01,7.666735649108886719e-01
7.772288322448730469e-01,-5.967093706130981445e-01,-7.256732881069183350e-02,1.859763115644454956e-01
5.492542386054992676e-01,2.358275949954986572e-01,5.537960529327392578e-01,-5.796681046485900879e-01
4.751204252243041992e-01,-1.246333271265029907e-01,5.897014141082763672e-01,6.410766839981079102e-01
7.921407222747802734e-01,5.737827420234680176e-01,-1.871661543846130371e-01,-9.085824340581893921e-02
3.171409666538238525e-01,4.038676619529724121e-01,-4.495834708213806152e-01,-7.308811545372009277e-01
6.641949415206909180e-01,5.135693550109863281e-01,3.200897276401519775e-01,4.389010667800903320e-01
7.116480469703674316e-01,-5.673404335975646973e-01,2.128669619560241699e-01,-3.554849922657012939e-01
4.792797192931175232e-02,4.686403572559356689e-01,3.854092359542846680e-01,-7.934348583221435547e-01
7.519007474184036255e-02,-4.537948071956634521e-01,4.039936959743499756e-01,7.906996011734008789e-01
7.218016386032104492e-01,5.775285959243774414e-01,1.912534683942794800e-01,3.299775719642639160e-01
6.461682915687561035e-01,-5.090199708938598633e-01,-3.346526920795440674e-01,-4.597529470920562744e-01
3.402978181838989258e-01,2.414952963590621948e-01,-5.601342320442199707e-01,7.156305313110351562e-01
7.892886996269226074e-01,-7.101905345916748047e-02,-6.066326498985290527e-01,6.305963546037673950e-02
4.489055573940277100e-01,-4.904904961585998535e-01,3.652978241443634033e-01,-6.515062451362609863e-01
5.632169246673583984e-01,4.133858978748321533e-01,4.517876803874969482e-01,5.547853112220764160e-01
7.614710330963134766e-01,1.848068088293075562e-01,-5.846562981605529785e-01,-2.102030962705612183e-01
1.985387504100799561e-01,-1.324524432420730591e-01,-5.995076894760131836e-01,-7.639563083648681641e-01
1.653125435113906860e-01,1.508898138999938965e-01,-5.959546566009521484e-01,7.711952328681945801e-01
7.499415874481201172e-01,-3.003801107406616211e-01,5.372876524925231934e-01,2.422423809766769409e-01
5.842989683151245117e-01,6.162874698638916016e-01,-8.517978712916374207e-03,-5.279317498207092285e-01
4.181192219257354736e-01,-6.062232851982116699e-01,1.155540123581886292e-01,6.665710210800170898e-01
7.857066988945007324e-01,4.037009179592132568e-01,4.678263664245605469e-01,-2.879360318183898926e-02
3.676266074180603027e-01,-6.176975369453430176e-01,3.552816435694694519e-02,-6.942896842956542969e-01
6.194135546684265137e-01,-1.424317955970764160e-01,-6.029114723205566406e-01,4.822217226028442383e-01
7.267464995384216309e-01,-4.253454208374023438e-01,-4.514940977096557617e-01,-2.950828969478607178e-01
1.077383458614349365e-01,-1.785588115453720093e-01,5.948604345321655273e-01,-7.763054966926574707e-01
2.519262731075286865e-01,1.763687655329704285e-02,6.216170191764831543e-01,7.414947152137756348e-01
7.675045728683471680e-01,5.301858186721801758e-01,-3.264939486980438232e-01,1.524512618780136108e-01
5.153675079345703125e-01,2.962798774242401123e-01,-5.485345125198364258e-01,-5.879833698272705078e-01
4.891667962074279785e-01,5.923923254013061523e-01,1.967734396457672119e-01,6.091530323028564453e-01
7.715074419975280762e-01,-2.353908568620681763e-01,5.789785385131835938e-01,-1.189590841531753540e-01
2.825054824352264404e-01,6.198789477348327637e-01,-8.574177324771881104e-02,-7.270413041114807129e-01
6.664038896560668945e-01,-5.963148474693298340e-01,1.923193633556365967e-01,4.041382670402526855e-01
6.826465129852294922e-01,4.652885198593139648e-01,4.207864999771118164e-01,-3.747519552707672119e-01
1.676504127681255341e-02,-3.409488499164581299e-01,-5.275273919105529785e-01,-7.779380679130554199e-01
2.345037832856178284e-02,-3.136123716831207275e-01,-5.451193451881408691e-01,7.771372199058532715e-01
6.841924190521240234e-01,-5.448273420333862305e-01,-3.156700134277343750e-01,3.679624199867248535e-01
6.602262258529663086e-01,-9.657635819166898727e-04,6.304442882537841797e-01,-4.082161486148834229e-01
2.871343791484832764e-01,3.383378386497497559e-01,5.328836441040039062e-01,7.204973101615905762e-01
7.669128775596618652e-01,2.926799058914184570e-01,-5.601361989974975586e-01,1.114923581480979919e-01
4.796212613582611084e-01,-2.663236297667026520e-02,-6.322035789489746094e-01,-6.079249978065490723e-01
5.149840116500854492e-01,6.187274456024169922e-01,-1.361745148897171021e-01,5.774289965629577637e-01
7.569420337677001953e-01,-6.336588859558105469e-01,-2.863874658942222595e-02,-1.571464240550994873e-01
2.421801239252090454e-01,2.923817336559295654e-01,5.637670159339904785e-01,-7.335042357444763184e-01
1.126837134361267090e-01,-6.357896327972412109e-01,8.273701183497905731e-03,7.635479569435119629e-01
7.170053720474243164e-01,3.254523873329162598e-01,5.471326708793640137e-01,2.839539945125579834e-01
6.039175987243652344e-01,-4.594900310039520264e-01,4.417226612567901611e-01,-4.785744547843933105e-01
3.661331832408905029e-01,-5.154199004173278809e-01,-3.762564063072204590e-01,6.772886514663696289e-01
7.689815759658813477e-01,-6.352552771568298340e-01,-6.821931898593902588e-02,2.154592983424663544e-02
4.028173387050628662e-01,2.588570415973663330e-01,5.849553346633911133e-01,-6.546437740325927734e-01
5.742745995521545410e-01,-1.236205548048019409e-01,6.283901929855346680e-01,5.099533796310424805e-01
7.281663417816162109e-01,6.067331433296203613e-01,-2.073829919099807739e-01,-2.421589940786361694e-01
1.542392671108245850e-01,4.222554266452789307e-01,-4.835387468338012695e-01,-7.510665059089660645e-01
1.990792155265808105e-01,5.950568318367004395e-01,-2.428853958845138550e-01,7.397847771644592285e-01
7.395959496498107910e-01,-1.697539985179901123e-01,6.206819415092468262e-01,1.973203569650650024e-01
5.402316451072692871e-01,6.231368780136108398e-01,-1.635221987962722778e-01,-5.413969755172729492e-01
4.389947950839996338e-01,-5.859628319740295410e-01,2.695610821247100830e-01,6.255141496658325195e-01
7.605718374252319336e-01,5.270456671714782715e-01,3.731153309345245361e-01,-6.736717373132705688e-02
3.216744661331176758e-01,-4.130004346370697021e-01,-4.973925948143005371e-01,-6.917780041694641113e-01
6.248852610588073730e-01,4.186074733734130859e-01,-4.936730563640594482e-01,4.365468025207519531e-01
6.899227499961853027e-01,1.158229410648345947e-01,-6.375789642333984375e-01,-3.226216435432434082e-01
6.550762802362442017e-02,-6.107800006866455078e-01,2.187377661466598511e-01,-7.581624388694763184e-01
5.238524824380874634e-02,5.981730222702026367e-01,2.531087994575500488e-01,7.585386037826538086e-01
6.825290918350219727e-01,-7.998026907444000244e-02,-6.453330516815185547e-01,3.336201906204223633e-01
6.296547651290893555e-01,-3.923837840557098389e-01,-5.194835066795349121e-01,-4.239183664321899414e-01
3.078784346580505371e-01,4.439652264118194580e-01,-4.771787524223327637e-01,6.931133866310119629e-01
7.535524964332580566e-01,-5.529749393463134766e-01,3.464100956916809082e-01,7.985827326774597168e-02
4.455561935901641846e-01,5.771481394767761230e-01,3.060356676578521729e-01,-6.121453046798706055e-01
5.250276327133178711e-01,-6.222332119941711426e-01,-2.013956010341644287e-01,5.446206331253051758e-01
7.335423827171325684e-01,1.368588656187057495e-01,6.402972936630249023e-01,-1.822212785482406616e-01
2.087842822074890137e-01,-5.919694304466247559e-01,-2.815309464931488037e-01,-7.257558703422546387e-01
1.390230208635330200e-01,-4.031096696853637695e-01,-5.178480744361877441e-01,7.416256070137023926e-01
7.111673951148986816e-01,-6.087162494659423828e-01,-2.471945732831954956e-01,2.502004802227020264e-01
5.717718005180358887e-01,9.038341790437698364e-02,6.514967679977416992e-01,-4.903669953346252441e-01
3.832997977733612061e-01,-2.999834418296813965e-01,5.861771702766418457e-01,6.476785540580749512e-01
7.519069314002990723e-01,6.583762168884277344e-01,-3.333278745412826538e-02,-8.101086132228374481e-03
3.686189949512481689e-01,5.541257262229919434e-01,-3.584572374820709229e-01,-6.546549797058105469e-01
5.801967382431030273e-01,4.497377276420593262e-01,4.840035438537597656e-01,4.762859344482421875e-01
7.019650340080261230e-01,-2.851642966270446777e-01,5.968092679977416992e-01,-2.640930116176605225e-01
1.221650764346122742e-01,6.601697206497192383e-01,-5.150251835584640503e-02,-7.393234372138977051e-01
2.224433720111846924e-01,-2.505378127098083496e-01,6.137458086013793945e-01,7.148886919021606445e-01
7.296969890594482422e-01,6.575177311897277832e-01,-9.000062197446823120e-02,1.646591126918792725e-01
5.070044994354248047e-01,-6.591367721557617188e-01,-8.333642780780792236e-02,-5.491268038749694824e-01
4.523479640483856201e-01,-3.242334723472595215e-02,-6.643278598785400391e-01,5.941367745399475098e-01
7.400626540184020996e-01,-3.606407940387725830e-01,-5.597299337387084961e-01,-9.459351003170013428e-02
2.878580987453460693e-01,-3.047550320625305176e-01,5.928409099578857422e-01,-6.876058578491210938e-01
6.266221404075622559e-01,6.157293915748596191e-02,6.644706726074218750e-01,4.025321900844573975e-01
6.613312363624572754e-01,5.452588796615600586e-01,-3.859815895557403564e-01,-3.411039412021636963e-01
3.522983565926551819e-02,2.795225977897644043e-01,-6.075629591941833496e-01,-7.426258921623229980e-01
7.987228780984878540e-02,3.704491257667541504e-01,-5.576823949813842773e-01,7.384972572326660156e-01
6.788919568061828613e-01,-5.027119517326354980e-01,4.432826042175292969e-01,2.998115420341491699e-01
5.985590219497680664e-01,6.359400749206542969e-01,2.139521688222885132e-01,-4.376434087753295898e-01
3.267653584480285645e-01,-6.641502976417541504e-01,-1.003806218504905701e-01,6.648703217506408691e-01
7.385193109512329102e-01,2.454081475734710693e-01,6.260377764701843262e-01,4.940404370427131653e-02
4.116774201393127441e-01,-6.414394378662109375e-01,2.041579931974411011e-01,-6.143262386322021484e-01
5.330296158790588379e-01,-3.127776682376861572e-01,-5.968850255012512207e-01,5.116422772407531738e-01
7.089750766754150391e-01,-5.699277520179748535e-01,-3.609161972999572754e-01,-2.056118994951248169e-01
1.762642413377761841e-01,-2.762832678854465485e-02,6.747528314590454102e-01,-7.161538004875183105e-01
1.637465506792068481e-01,1.862130314111709595e-01,6.498891711235046387e-01,7.184398770332336426e-01
7.034270167350769043e-01,4.702155888080596924e-01,-4.867289960384368896e-01,2.172156423330307007e-01
5.393412113189697266e-01,1.640287488698959351e-01,-6.573271155357360840e-01,-5.001266598701477051e-01
3.985128402709960938e-01,6.765426993370056152e-01,4.744352400302886963e-02,6.174355149269104004e-01
7.333073019981384277e-01,-4.499695003032684326e-01,5.083944797515869141e-01,-3.637156262993812561e-02
3.348512351512908936e-01,6.659716367721557617e-01,1.356312334537506104e-01,-6.526565551757812500e-01
5.840641856193542480e-01,-6.801239848136901855e-01,-1.794486492872238159e-02,4.426944553852081299e-01
6.748024225234985352e-01,3.248634040355682373e-01,5.986074805259704590e-01,-2.842085063457489014e-01
9.118629246950149536e-02,-1.590300798416137695e-01,-6.629880666732788086e-01,-7.258383631706237793e-01
2.440456300973892212e-01,1.555972248315811157e-01,-6.645373106002807617e-01,6.889277100563049316e-01
7.179945111274719238e-01,-1.977244317531585693e-01,-6.539892554283142090e-01,1.329924166202545166e-01
4.737376570701599121e-01,-4.679978489875793457e-01,4.987498819828033447e-01,-5.547965168952941895e-01
4.636782705783843994e-01,4.396008253097534180e-01,5.248820185661315918e-01,5.623632669448852539e-01
7.181990146636962891e-01,2.350051701068878174e-01,-6.438160538673400879e-01,-1.202648356556892395e-01
2.547122240066528320e-01,-1.185105964541435242e-01,-6.757650375366210938e-01,-6.814826130867004395e-01
6.263204813003540039e-01,6.455881595611572266e-01,-2.342981845140457153e-01,3.688400685787200928e-01
6.320002079010009766e-01,-6.849390268325805664e-01,5.928543955087661743e-02,-3.576583862304687500e-01
6.253042258322238922e-03,3.942188322544097900e-01,5.641137361526489258e-01,-7.254847288131713867e-01
6.247239187359809875e-03,-5.714132785797119141e-01,3.848327696323394775e-01,7.248114347457885742e-01
6.302421689033508301e-01,6.196180582046508789e-01,3.027530014514923096e-01,3.566634953022003174e-01
6.234194636344909668e-01,-6.180232167243957520e-01,3.075870275497436523e-01,-3.671316802501678467e-01
2.530620694160461426e-01,-4.106528162956237793e-01,-5.557907223701477051e-01,6.770675778388977051e-01
7.122222185134887695e-01,-6.341785788536071777e-01,-2.762845456600189209e-01,1.192640066146850586e-01
4.589664041996002197e-01,7.789922505617141724e-02,6.880580782890319824e-01,-5.566486120223999023e-01
4.680534601211547852e-01,-3.311793208122253418e-01,6.089244484901428223e-01,5.481397509574890137e-01
7.080633044242858887e-01,6.936375498771667480e-01,-1.767045818269252777e-02,-1.311528682708740234e-01
2.402234077453613281e-01,5.924724936485290527e-01,-3.624889254570007324e-01,-6.781377792358398438e-01
8.959156274795532227e-02,6.928376555442810059e-01,-5.808947235345840454e-02,7.131443619728088379e-01
6.617705821990966797e-01,1.266411878168582916e-02,6.958553194999694824e-01,2.787198126316070557e-01
5.717215538024902344e-01,5.968971252441406250e-01,-3.592567145824432373e-01,-4.333392679691314697e-01
3.271666169166564941e-01,-5.259730219841003418e-01,4.579088687896728516e-01,6.376785039901733398e-01
7.151483297348022461e-01,6.602090597152709961e-01,2.267788797616958618e-01,3.547088801860809326e-02
3.879228830337524414e-01,-5.795981884002685547e-01,-3.903167843818664551e-01,-6.010279655456542969e-01
5.240341424942016602e-01,2.840244174003601074e-01,-6.392088532447814941e-01,4.859325289726257324e-01
6.821938157081604004e-01,-7.370550930500030518e-02,-6.962771415710449219e-01,-2.106589227914810181e-01
1.585088968276977539e-01,-5.667045712471008301e-01,4.123795330524444580e-01,-6.954595446586608887e-01
1.703092753887176514e-01,3.704816997051239014e-01,5.957607030868530273e-01,6.919590234756469727e-01
6.837503314018249512e-01,3.310309648513793945e-01,-6.193404197692871094e-01,1.982963979244232178e-01
5.131098031997680664e-01,-2.301175147294998169e-02,-7.025746107101440430e-01,-4.925217628479003906e-01
3.955563008785247803e-01,6.885843873023986816e-01,-1.448058336973190308e-01,5.902694463729858398e-01
7.082805037498474121e-01,-7.032924890518188477e-01,-3.838486224412918091e-02,-4.738118499517440796e-02
3.128033876419067383e-01,3.187172114849090576e-01,6.288796663284301758e-01,-6.364618539810180664e-01
5.719187855720520020e-01,-4.234943985939025879e-01,-5.645346641540527344e-01,4.181650876998901367e-01
6.474702358245849609e-01,-2.774257361888885498e-01,6.496602296829223633e-01,-2.859351038932800293e-01
7.603383064270019531e-02,-7.034603357315063477e-01,7.171883434057235718e-02,-7.030069828033447266e-01
3.347440436482429504e-02,-7.067827582359313965e-01,-3.787729516625404358e-02,7.056223750114440918e-01
6.272094845771789551e-01,-6.316452026367187500e-01,3.209010064601898193e-01,3.235044777393341064e-01
5.931854248046875000e-01,5.943083167076110840e-01,3.869461715221405029e-01,-3.810529708862304688e-01
2.719907760620117188e-01,2.651427090167999268e-01,6.584873795509338379e-01,6.497036218643188477e-01
6.979672312736511230e-01,4.381193518638610840e-01,-5.594052672386169434e-01,8.921295404434204102e-02
4.258237183094024658e-01,9.981624782085418701e-02,-7.041988968849182129e-01,-5.592984557151794434e-01
4.763865172863006592e-01,7.115192413330078125e-01,-2.400618232786655426e-02,5.159650444984436035e-01
6.843535304069519043e-01,-4.144988358020782471e-01,5.796578526496887207e-01,-1.544271707534790039e-01
2.082320153713226318e-01,7.099294662475585938e-01,6.920404732227325439e-02,-6.692162156105041504e-01
1.141471266746520996e-01,-3.808237016201019287e-01,6.039361953735351562e-01,6.908001303672790527e-01
6.546709537506103516e-01,7.141189575195312500e-01,2.786156348884105682e-02,2.463000565767288208e-01
5.400977730751037598e-01,-6.832271218299865723e-01,-2.119421213865280151e-01,-4.433685243129730225e-01
3.425027430057525635e-01,9.016702324151992798e-02,-7.103275656700134277e-01,6.082734465599060059e-01
6.973318457603454590e-01,-2.773405909538269043e-01,-6.608737111091613770e-01,7.513090968132019043e-03
3.548156619071960449e-01,-4.340751469135284424e-01,5.711629986763000488e-01,-5.995476841926574707e-01
5.282937884330749512e-01,3.482997119426727295e-01,6.279429197311401367e-01,4.530790746212005615e-01
6.558627486228942871e-01,3.700145483016967773e-01,-6.161905527114868164e-01,-2.307433634996414185e-01
1.279722899198532104e-01,1.235839258879423141e-02,-7.193228602409362793e-01,-6.826748847961425781e-01
1.918292492628097534e-01,3.341902196407318115e-01,-6.378648877143859863e-01,6.668184399604797363e-01
6.727130413055419922e-01,-4.883537292480468750e-01,5.301338434219360352e-01,1.671104878187179565e-01
4.805893003940582275e-01,7.039468884468078613e-01,1.580080986022949219e-01,-4.985239505767822266e-01
4.070816040039062500e-01,-7.213659286499023438e-01,-3.339979425072669983e-02,5.592854022979736328e-01
6.871938705444335938e-01,3.320683836936950684e-01,6.420214176177978516e-01,-7.282587140798568726e-02
2.802409231662750244e-01,-7.121649384498596191e-01,-1.275093257427215576e-01,-6.308942437171936035e-01
5.720591545104980469e-01,1.907802419736981392e-03,-7.241618633270263672e-01,3.851418197154998779e-01
6.189357638359069824e-01,-3.607641756534576416e-01,-6.286810040473937988e-01,-3.025357723236083984e-01
4.741535708308219910e-02,-3.644098639488220215e-01,6.273536682128906250e-01,-6.865745186805725098e-01
5.918166786432266235e-02,7.540481537580490112e-02,7.222588658332824707e-01,6.849480271339416504e-01
6.221294999122619629e-01,5.883361101150512695e-01,-4.268265664577484131e-01,2.909201681613922119e-01
5.624259114265441895e-01,2.963742613792419434e-01,-6.644239425659179688e-01,-3.929125070571899414e-01
2.889788150787353516e-01,7.064455151557922363e-01,1.766584068536758423e-01,6.214642524719238281e-01
6.819831728935241699e-01,-1.163726020604372025e-02,7.287760972976684570e-01,6.040623784065246582e-02
3.928950428962707520e-01,6.375424265861511230e-01,-3.546353876590728760e-01,-5.598275661468505859e-01
4.825924932956695557e-01,-5.667942166328430176e-01,4.603775441646575928e-01,4.836334884166717529e-01
6.594442725181579590e-01,6.827200651168823242e-01,2.609080076217651367e-01,-1.759363114833831787e-01
1.771708130836486816e-01,-5.924698114395141602e-01,-4.291104376316070557e-01,-6.583724021911621094e-01
1.370072364807128906e-01,-3.371731638908386230e-01,-6.499592661857604980e-01,6.671553254127502441e-01
6.455964446067810059e-01,-6.175418496131896973e-01,-3.946535885334014893e-01,2.146995365619659424e-01
5.081965327262878418e-01,-3.303912281990051270e-02,7.327989935874938965e-01,-4.512763321399688721e-01
3.557963371276855469e-01,3.661995530128479004e-01,6.363649964332580566e-01,5.782269835472106934e-01
6.779381632804870605e-01,3.683416545391082764e-01,-6.358957886695861816e-01,-1.899500377476215363e-02
3.221763670444488525e-01,1.046270132064819336e-03,-7.355368733406066895e-01,-5.959754586219787598e-01
5.304107666015625000e-01,7.251977324485778809e-01,-1.268085539340972900e-01,4.203239679336547852e-01
6.285454630851745605e-01,-7.339680194854736328e-01,-6.526604294776916504e-02,-2.489214092493057251e-01
9.859494864940643311e-02,3.107410371303558350e-01,6.688686609268188477e-01,-6.680821180343627930e-01
2.115002423524856567e-01,-7.378446459770202637e-01,-2.251957170665264130e-02,6.405823826789855957e-01
6.598016619682312012e-01,3.497327566146850586e-01,6.508343815803527832e-01,1.369794011116027832e-01
4.480459094047546387e-01,-6.729156374931335449e-01,3.066913187503814697e-01,-5.023742318153381348e-01
4.164901375770568848e-01,-4.192563891410827637e-01,-6.099800467491149902e-01,5.279056429862976074e-01
6.647058129310607910e-01,-6.686718463897705078e-01,-3.189138770103454590e-01,-9.663368016481399536e-02
2.483964115381240845e-01,5.820013210177421570e-02,7.392005324363708496e-01,-6.232932806015014648e-01
5.700711607933044434e-01,-3.766472935676574707e-01,6.394670009613037109e-01,3.524735569953918457e-01
5.896446704864501953e-01,7.427759170532226562e-01,6.458348594605922699e-03,-3.171141147613525391e-01
2.017145790159702301e-02,6.470638513565063477e-01,-3.661184608936309814e-01,-6.684749126434326172e-01
1.439351495355367661e-02,6.657109856605529785e-01,-3.324753344058990479e-01,6.678936481475830078e-01
5.849685668945312500e-01,-1.416134685277938843e-01,7.311860918998718262e-01,3.211297392845153809e-01
5.699647665023803711e-01,7.046519517898559570e-01,-2.431659698486328125e-01,-3.456531167030334473e-01
2.411630749702453613e-01,-6.522938013076782227e-01,3.621510565280914307e-01,6.206446290016174316e-01
6.573504209518432617e-01,6.403399109840393066e-01,3.841640353202819824e-01,1.013571545481681824e-01
4.159931540489196777e-01,-5.195462107658386230e-01,-5.372759699821472168e-01,-5.180308222770690918e-01
4.374396204948425293e-01,4.392787516117095947e-01,-6.054787039756774902e-01,4.990754127502441406e-01
6.502097249031066895e-01,7.775497436523437500e-02,-7.446482777595520020e-01,-1.291527152061462402e-01
2.130182534456253052e-01,-6.843571662902832031e-01,3.052518963813781738e-01,-6.269767284393310547e-01
9.092514216899871826e-02,7.360568046569824219e-01,1.439456790685653687e-01,6.551584601402282715e-01
6.121621131896972656e-01,-2.435789555311203003e-01,-7.100322842597961426e-01,2.485578805208206177e-01
5.207549929618835449e-01,-5.664519071578979492e-01,-4.935436546802520752e-01,-4.054147303104400635e-01
3.084810078144073486e-01,3.880174756050109863e-01,-6.441056728363037109e-01,5.825888514518737793e-01
6.580366492271423340e-01,-5.419703722000122070e-01,5.221823453903198242e-01,2.411491051316261292e-02
3.495081961154937744e-01,7.238315343856811523e-01,2.084483802318572998e-01,-5.571904778480529785e-01
4.874828755855560303e-01,-7.496759295463562012e-01,-7.965802401304244995e-02,4.404555261135101318e-01
6.244794726371765137e-01,3.061147332191467285e-01,6.896591186523437500e-01,-2.017162293195724487e-01
1.373923122882843018e-01,-7.341229915618896484e-01,-1.771324425935745239e-01,-6.409452557563781738e-01
1.646899878978729248e-01,-5.770328044891357422e-01,-4.881825745105743408e-01,6.337098479270935059e-01
6.304345130920410156e-01,-7.444518208503723145e-01,-1.343768239021301270e-01,1.740306466817855835e-01
4.654000401496887207e-01,2.560703754425048828e-01,7.125097513198852539e-01,-4.584327936172485352e-01
3.702279627323150635e-01,-1.990876048803329468e-01,7.311517596244812012e-01,5.373197197914123535e-01
6.497001647949218750e-01,7.333626151084899902e-01,-1.933251321315765381e-01,-5.190731585025787354e-02
2.795751392841339111e-01,5.389049649238586426e-01,-5.345590114593505859e-01,-5.879335403442382812e-01
5.298423171043395996e-01,6.205429434776306152e-01,4.382635354995727539e-01,3.769862651824951172e-01
5.907175540924072266e-01,-4.783147871494293213e-01,5.910499095916748047e-01,-2.700514197349548340e-01
6.141619011759757996e-02,7.516556382179260254e-01,1.188080236315727234e-01,-6.458532810211181641e-01
3.907249495387077332e-02,-2.337228655815124512e-01,7.248805165290832520e-01,6.468347907066345215e-01
5.790371298789978027e-01,7.452529072761535645e-01,-1.601649671792984009e-01,2.892426848411560059e-01
5.393803119659423828e-01,-7.619522213935852051e-01,-3.821023181080818176e-02,-3.564233481884002686e-01
2.570452690124511719e-01,-9.476128220558166504e-02,-7.576464414596557617e-01,5.923849344253540039e-01
6.407913565635681152e-01,-4.612747430801391602e-01,-6.092700362205505371e-01,7.349852472543716431e-02
3.835962414741516113e-01,-2.972542047500610352e-01,7.046991586685180664e-01,-5.175837874412536621e-01
4.425881206989288330e-01,1.280396729707717896e-01,7.546809315681457520e-01,4.670955538749694824e-01
6.250722408294677734e-01,5.900441408157348633e-01,-4.886327683925628662e-01,-1.495680958032608032e-01
1.827899217605590820e-01,2.668986022472381592e-01,-7.187877297401428223e-01,-6.153838038444519043e-01
1.127029359340667725e-01,5.615664720535278320e-01,-5.229821205139160156e-01,6.312137842178344727e-01
6.022821068763732910e-01,-6.783510446548461914e-01,3.601160645484924316e-01,2.177442312240600586e-01
4.891297221183776855e-01,6.515839099884033203e-01,4.077483415603637695e-01,-4.122278392314910889e-01
3.206453621387481689e-01,-7.130782604217529297e-01,-2.886456251144409180e-01,5.526207089424133301e-01
6.381415724754333496e-01,1.066525653004646301e-01,7.624950408935546875e-01,-1.375023275613784790e-03
3.174985945224761963e-01,-7.189495563507080078e-01,2.772390842437744141e-01,-5.526704788208007812e-01
4.885528385639190674e-01,-3.981985449790954590e-01,-6.604275107383728027e-01,4.081538617610931396e-01
5.970274209976196289e-01,-6.756178140640258789e-01,-3.731537163257598877e-01,-2.187581956386566162e-01
1.089317426085472107e-01,1.466032117605209351e-02,7.723113298416137695e-01,-6.256629824638366699e-01
1.832298487424850464e-01,2.570527791976928711e-01,7.290953993797302246e-01,6.072648167610168457e-01
6.167718172073364258e-01,5.032994747161865234e-01,-5.876414775848388672e-01,1.447746902704238892e-01
4.332364499568939209e-01,1.421651989221572876e-01,-7.611822485923767090e-01,-4.611906409263610840e-01
3.784909546375274658e-01,7.749351859092712402e-01,7.833856157958507538e-03,5.061211585998535156e-01
6.267916560173034668e-01,-4.783540964126586914e-01,6.105242371559143066e-01,-7.463079690933227539e-02
2.484586089849472046e-01,7.685295939445495605e-01,1.090931296348571777e-01,-5.794214606285095215e-01
5.268259644508361816e-01,-7.764261364936828613e-01,2.603907696902751923e-02,3.448749780654907227e-01
5.613908171653747559e-01,4.110957980155944824e-01,6.599184870719909668e-01,-2.834574580192565918e-01
3.517055511474609375e-02,-2.264712750911712646e-01,-7.444323301315307617e-01,-6.271318197250366211e-01
6.207852438092231750e-02,-1.088101714849472046e-01,-7.711067795753479004e-01,6.242603063583374023e-01
5.709548592567443848e-01,-4.801719188690185547e-01,-6.138866543769836426e-01,2.580478191375732422e-01
5.083199739456176758e-01,-2.917897403240203857e-01,7.233651876449584961e-01,-3.649826943874359131e-01
2.708306312561035156e-01,5.450239777565002441e-01,5.588594079017639160e-01,5.632723569869995117e-01
6.224439740180969238e-01,2.116438448429107666e-01,-7.520362138748168945e-01,4.703109711408615112e-02
3.515107929706573486e-01,-1.928832679986953735e-01,-7.577098011970520020e-01,-5.148903131484985352e-01
4.454680681228637695e-01,7.132737040519714355e-01,-3.217845857143402100e-01,4.350327551364898682e-01
5.987280011177062988e-01,-7.728690505027770996e-01,1.263118237257003784e-01,-1.680582165718078613e-01
1.536269485950469971e-01,4.962183833122253418e-01,6.066507697105407715e-01,-6.017814874649047852e-01
1.326247751712799072e-01,-7.654330134391784668e-01,1.713085919618606567e-01,6.059507131576538086e-01
5.903305411338806152e-01,5.314954519271850586e-01,5.776880979537963867e-01,1.878800690174102783e-01
4.572912752628326416e-01,-7.824839949607849121e-01,7.004488259553909302e-02,-4.167699515819549561e-01
3.306079804897308350e-01,-2.050196677446365356e-01,-7.590329051017761230e-01,5.220481753349304199e-01
6.166209578514099121e-01,-5.575085878372192383e-01,-5.552700757980346680e-01,-2.525846473872661591e-02
2.860685288906097412e-01,-2.022830247879028320e-01,7.610511183738708496e-01,-5.459373593330383301e-01
4.873404502868652344e-01,-6.026955246925354004e-01,5.077911615371704102e-01,3.760392665863037109e-01
5.685956478118896484e-01,7.416902184486389160e-01,2.682647109031677246e-01,-2.337277978658676147e-01
8.177774399518966675e-02,7.770641446113586426e-01,-1.386297196149826050e-01,-6.084944605827331543e-01
1.997533142566680908e-01,7.572194933891296387e-01,2.250378578901290894e-01,5.797199010848999023e-01
6.011465787887573242e-01,1.268036216497421265e-01,7.803338170051574707e-01,1.167166382074356079e-01
4.011295437812805176e-01,6.128653287887573242e-01,-5.003725290298461914e-01,-4.616476297378540039e-01
3.844758272171020508e-01,-5.170686244964599609e-01,5.996608734130859375e-01,4.745789766311645508e-01
6.024453043937683105e-01,7.784614562988281250e-01,1.480792909860610962e-01,-9.555102884769439697e-02
2.181861251592636108e-01,-7.141649723052978516e-01,-3.447820544242858887e-01,-5.687605738639831543e-01
5.215445756912231445e-01,2.156978696584701538e-01,-7.637782692909240723e-01,3.132226765155792236e-01
5.313287377357482910e-01,-1.952404677867889404e-01,-7.698964476585388184e-01,-2.946700155735015869e-01
1.045879162847995758e-02,-5.695699453353881836e-01,5.544601082801818848e-01,-6.066750884056091309e-01
2.088671922683715820e-02,7.135615348815917969e-01,3.516283035278320312e-01,6.055998802185058594e-01
5.341964960098266602e-01,-5.230202153325080872e-02,-7.943887710571289062e-01,2.843326628208160400e-01
5.126526355743408203e-01,-4.428300559520721436e-01,-6.623195409774780273e-01,-3.200338184833526611e-01
2.258480489253997803e-01,5.758032202720642090e-01,-5.515367984771728516e-01,5.596878528594970703e-01
5.968262553215026855e-01,-6.994680166244506836e-01,3.840094208717346191e-01,8.414075523614883423e-02
3.707817792892456055e-01,6.828189492225646973e-01,4.140695333480834961e-01,-4.741577208042144775e-01
4.020256996154785156e-01,-7.449175715446472168e-01,-2.894299924373626709e-01,4.468819200992584229e-01
5.872287750244140625e-01,1.218981370329856873e-01,7.904361486434936523e-01,-1.245548576116561890e-01
1.854948550462722778e-01,-7.973242402076721191e-01,6.999351829290390015e-02,-5.700584650039672852e-01
8.995503932237625122e-02,-7.444947957992553711e-01,-2.955149412155151367e-01,5.918669700622558594e-01
5.567892193794250488e-01,-7.931117415428161621e-01,1.164124310016632080e-01,2.177328914403915405e-01
4.663184881210327148e-01,4.977498054504394531e-01,6.291262507438659668e-01,-3.728168308734893799e-01
2.857852578163146973e-01,4.691634327173233032e-02,8.014550209045410156e-01,5.232547521591186523e-01
5.952252149581909180e-01,6.711300611495971680e-01,-4.416924715042114258e-01,1.411067228764295578e-02
3.094057440757751465e-01,3.606419265270233154e-01,-7.186248898506164551e-01,-5.077240467071533203e-01
4.456659853458404541e-01,7.709137797355651855e-01,2.305490076541900635e-01,3.923275172710418701e-01
5.618188381195068359e-01,-6.527010798454284668e-01,4.716129601001739502e-01,-1.895312517881393433e-01
1.166082471609115601e-01,7.353324294090270996e-01,3.296972215175628662e-01,-5.805070400238037109e-01
1.561082899570465088e-01,-6.251142621040344238e-01,5.095319151878356934e-01,5.702977776527404785e-01
5.711471438407897949e-01,7.543904185295104980e-01,2.868139743804931641e-01,1.497455835342407227e-01
4.146750569343566895e-01,-6.549426913261413574e-01,-4.726455509662628174e-01,-4.191668629646301270e-01
3.403122127056121826e-01,3.519985675811767578e-01,-7.276107072830200195e-01,4.804865121841430664e-01
5.854433178901672363e-01,-5.900968983769416809e-02,-8.067308664321899414e-01,-5.439899861812591553e-02
2.452635914087295532e-01,-6.696437597274780273e-01,4.548083543777465820e-01,-5.334532260894775391e-01
4.820750057697296143e-01,3.716559708118438721e-01,7.198067903518676758e-01,3.336969912052154541e-01
5.292741656303405762e-01,4.378684461116790771e-01,-6.822739839553833008e-01,-2.502844333648681641e-01
4.781614989042282104e-02,3.809646144509315491e-02,-8.104022145271301270e-01,-5.826752781867980957e-01
4.273123666644096375e-02,1.629820615053176880e-01,-7.953719496726989746e-01,5.822322368621826172e-01
5.248399972915649414e-01,-3.635549843311309814e-01,7.266250848770141602e-01,2.537454664707183838e-01
4.814767241477966309e-01,8.116529583930969238e-01,-4.850051552057266235e-02,-3.271809220314025879e-01
2.382586896419525146e-01,-7.914839982986450195e-01,1.888450533151626587e-01,5.302107334136962891e-01
5.774689912796020508e-01,5.596989393234252930e-01,5.914584398269653320e-01,5.868230387568473816e-02
3.390623927116394043e-01,-8.105548620223999023e-01,8.404375612735748291e-02,-4.700789153575897217e-01
4.034720659255981445e-01,-2.236825972795486450e-01,-7.842226624488830566e-01,4.149352014064788818e-01
5.602619647979736328e-01,-5.862560868263244629e-01,-5.677317976951599121e-01,-1.417423784732818604e-01
1.571482270956039429e-01,-1.986876279115676880e-01,7.921587228775024414e-01,-5.552587509155273438e-01
1.086072772741317749e-01,6.061092391610145569e-02,8.150429725646972656e-01,5.658937096595764160e-01
5.435808300971984863e-01,6.760361194610595703e-01,-4.603482484817504883e-01,1.886122226715087891e-01
4.344911277294158936e-01,3.555495738983154297e-01,-7.372288703918457031e-01,-3.758930563926696777e-01
2.942974865436553955e-01,7.883431911468505859e-01,2.222913652658462524e-01,4.924333095550537109e-01
5.727568268775939941e-01,-2.735744118690490723e-01,7.726784944534301758e-01,-8.639599196612834930e-03
2.784809470176696777e-01,8.065319061279296875e-01,-1.495253890752792358e-01,-4.995966255664825439e-01
4.429862797260284424e-01,-7.688714265823364258e-01,2.875149846076965332e-01,3.604650497436523438e-01
5.328655242919921875e-01,6.338898539543151855e-01,5.224828720092773438e-01,-2.031001150608062744e-01
9.040684252977371216e-02,-4.774070978164672852e-01,-6.692262291908264160e-01,-5.621790885925292969e-01
1.712565124034881592e-01,-1.263696104288101196e-01,-8.128889799118041992e-01,5.421378016471862793e-01
5.542941689491271973e-01,-5.162558555603027344e-01,-6.412599086761474609e-01,1.225708276033401489e-01
3.827153444290161133e-01,-2.974334955215454102e-01,7.682735323905944824e-01,-4.181124567985534668e-01
3.447774052619934082e-01,1.620566844940185547e-01,8.083471655845642090e-01,4.488218426704406738e-01
5.602238774299621582e-01,6.194653511047363281e-01,-5.449098348617553711e-01,-7.406190782785415649e-02
2.156419456005096436e-01,2.642071545124053955e-01,-7.821989655494689941e-01,-5.213999748229980469e-01
4.753022193908691406e-01,8.167791366577148438e-01,1.244548931717872620e-01,3.024410903453826904e-01
4.988036155700683594e-01,-7.572779059410095215e-01,-3.318493068218231201e-01,-2.600023150444030762e-01
2.419575676321983337e-02,9.131415933370590210e-02,8.223332762718200684e-01,-5.611098408699035645e-01
6.269957125186920166e-02,-8.271560668945312500e-01,-3.687475994229316711e-02,5.572448968887329102e-01
5.131393671035766602e-01,3.819152712821960449e-01,7.352986931800842285e-01,2.239744365215301514e-01
4.498349130153656006e-01,-5.438668727874755859e-01,6.258664131164550781e-01,-3.318863511085510254e-01
2.483422905206680298e-01,-7.113042473793029785e-01,-4.272268712520599365e-01,4.998495280742645264e-01
5.561797022819519043e-01,-8.302091956138610840e-01,-1.434736326336860657e-02,3.479935973882675171e-02
3.077419698238372803e-01,4.029645025730133057e-01,7.266700267791748047e-01,-4.635355174541473389e-01
4.024183154106140137e-01,-8.677291125059127808e-02,8.269683718681335449e-01,3.829533159732818604e-01
5.320126414299011230e-01,7.600983381271362305e-01,-3.385755121707916260e-01,-1.567791700363159180e-01
1.300247162580490112e-01,4.893214106559753418e-01,-6.737387776374816895e-01,-5.382696390151977539e-01
1.251808404922485352e-01,7.401676774024963379e-01,-3.827371597290039062e-01,5.385107398033142090e-01
5.281087756156921387e-01,-1.470430344343185425e-01,8.207867145538330078e-01,1.605884432792663574e-01
4.024814963340759277e-01,7.848942875862121582e-01,-2.832490503787994385e-01,-3.764566183090209961e-01
3.003631532192230225e-01,-7.242916822433471680e-01,4.155324101448059082e-01,4.609949588775634766e-01
5.485280752182006836e-01,7.225129008293151855e-01,4.197824299335479736e-01,-2.957682497799396515e-02
2.482470721006393433e-01,-5.896580815315246582e-01,-5.928929448127746582e-01,-4.890343844890594482e-01
4.377847909927368164e-01,4.818286597728729248e-01,-6.841319203376770020e-01,3.288604021072387695e-01
5.028728246688842773e-01,7.526233792304992676e-02,-8.339709043502807617e-01,-2.143525779247283936e-01
6.569403409957885742e-02,-7.604001164436340332e-01,3.520512580871582031e-01,-5.417894721031188965e-01
1.841457337141036987e-01,6.820322871208190918e-01,4.878083467483520508e-01,5.128014683723449707e-01
5.352894067764282227e-01,8.149482309818267822e-02,-8.351408243179321289e-01,9.676630795001983643e-02
3.508663475513458252e-01,-3.472343683242797852e-01,-7.645301818847656250e-01,-4.145053327083587646e-01
3.467053174972534180e-01,6.930981278419494629e-01,-4.750469923019409180e-01,4.168221652507781982e-01
5.334429144859313965e-01,-7.929804325103759766e-01,2.796663939952850342e-01,-9.169184416532516479e-02
1.870015412569046021e-01,6.391293406486511230e-01,5.472855567932128906e-01,-5.069739818572998047e-01
4.660181701183319092e-01,-7.249541282653808594e-01,-4.282824993133544922e-01,2.717401087284088135e-01
4.675564467906951904e-01,-8.432264439761638641e-03,8.425496220588684082e-01,-2.672639489173889160e-01
2.316951053217053413e-03,-6.637623310089111328e-01,-5.199586749076843262e-01,-5.376403331756591797e-01
7.710134959779679775e-04,-6.612173914909362793e-01,-5.241236686706542969e-01,5.367358326911926270e-01
4.644232094287872314e-01,-8.352652192115783691e-01,-1.233802139759063721e-01,2.672460675239562988e-01
4.628643095493316650e-01,3.109949827194213867e-01,7.855885028839111328e-01,-2.681221067905426025e-01
1.833594739437103271e-01,-1.959767937660217285e-01,8.224577903747558594e-01,5.015332102775573730e-01
5.251187682151794434e-01,8.108110427856445312e-01,-2.416729331016540527e-01,9.181501716375350952e-02
3.414852619171142578e-01,5.817428827285766602e-01,-6.151195764541625977e-01,-4.081555604934692383e-01
3.420651555061340332e-01,7.072744369506835938e-01,4.664078950881958008e-01,4.064701497554779053e-01
5.221403837203979492e-01,-2.938183546066284180e-01,7.952488660812377930e-01,-9.284099191427230835e-02
1.803535819053649902e-01,8.361824154853820801e-01,-1.432674974203109741e-01,-4.977409243583679199e-01
6.210738047957420349e-02,-2.474171370267868042e-01,8.120886087417602539e-01,5.248233675956726074e-01
4.847144186496734619e-01,8.275580406188964844e-01,-1.919046491384506226e-01,2.082600593566894531e-01
4.219734370708465576e-01,-8.496025204658508301e-01,-2.884161286056041718e-02,-3.150907158851623535e-01
2.366111874580383301e-01,-1.192089468240737915e-01,-8.422719240188598633e-01,4.694489538669586182e-01
5.239322185516357422e-01,-5.247276425361633301e-01,-6.702762246131896973e-01,2.976046316325664520e-02
2.872287929058074951e-01,-3.183267116546630859e-01,7.900974750518798828e-01,-4.380795359611511230e-01
3.808678686618804932e-01,1.561500132083892822e-01,8.379616141319274902e-01,3.582975864410400391e-01
4.998337924480438232e-01,6.480561494827270508e-01,-5.545830130577087402e-01,-1.504231095314025879e-01
1.194320544600486755e-01,2.841320633888244629e-01,-8.048506379127502441e-01,-5.071689486503601074e-01
1.206710189580917358e-01,6.155381202697753906e-01,-5.921190381050109863e-01,5.059113502502441406e-01
4.975670278072357178e-01,-7.483162879943847656e-01,4.129061996936798096e-01,1.481833159923553467e-01
3.764302432537078857e-01,7.322343587875366211e-01,4.419029057025909424e-01,-3.561670482158660889e-01
2.848702669143676758e-01,-7.983781099319458008e-01,-3.082438111305236816e-01,4.317719936370849609e-01
5.154175162315368652e-01,1.323302388191223145e-01,8.461011648178100586e-01,-3.076261654496192932e-02
2.306439727544784546e-01,-8.535120487213134766e-01,7.676029950380325317e-02,-4.608995020389556885e-01
4.130850732326507568e-01,-2.239537090063095093e-01,-8.277658224105834961e-01,3.066091537475585938e-01
4.712020456790924072e-01,-6.082360148429870605e-01,-6.052908897399902344e-01,-2.040600478649139404e-01
5.877070501446723938e-02,-2.202252000570297241e-01,8.299431204795837402e-01,-5.091574788093566895e-01
2.057119086384773254e-02,3.114209473133087158e-01,8.008109927177429199e-01,5.111708045005798340e-01
4.521265923976898193e-01,5.381677746772766113e-01,-6.705470085144042969e-01,2.373262047767639160e-01
4.307848215103149414e-01,1.308798193931579590e-01,-8.503557443618774414e-01,-2.723785042762756348e-01
1.930715143680572510e-01,8.607311248779296875e-01,-1.878363639116287231e-02,4.706510901451110840e-01
5.031794905662536621e-01,-5.094131231307983398e-01,6.947559118270874023e-01,6.799205392599105835e-02
3.098840117454528809e-01,8.569460511207580566e-01,9.384842216968536377e-02,-4.010085165500640869e-01
3.404563963413238525e-01,-8.607887029647827148e-01,5.642149969935417175e-02,3.740973174571990967e-01
4.932619631290435791e-01,4.795711934566497803e-01,7.177246212959289551e-01,-1.075893193483352661e-01
1.531616300344467163e-01,-2.776511609554290771e-01,-8.179264068603515625e-01,-4.800497591495513916e-01
7.842445373535156250e-02,1.190443933010101318e-01,-8.560950756072998047e-01,4.967688620090484619e-01
4.685195684432983398e-01,-3.251643776893615723e-01,-8.014455437660217285e-01,1.801181286573410034e-01
3.894896209239959717e-01,-5.318368673324584961e-01,6.827686429023742676e-01,-3.150783777236938477e-01
2.421849071979522705e-01,7.498043179512023926e-01,4.333514273166656494e-01,4.374316632747650146e-01
4.989420473575592041e-01,3.914444823749363422e-04,-8.665889501571655273e-01,8.959997445344924927e-03
2.567257285118103027e-01,-4.332368969917297363e-01,-7.511717081069946289e-01,-4.267771840095520020e-01
3.749732077121734619e-01,6.649602651596069336e-01,-5.574562549591064453e-01,3.262903690338134766e-01
4.691324532032012939e-01,-7.870925664901733398e-01,3.665945231914520264e-01,-1.612714678049087524e-01
9.471254795789718628e-02,7.114868164062500000e-01,4.986675381660461426e-01,-4.859493076801300049e-01
1.331893056631088257e-01,-7.654349207878112793e-01,4.122726619243621826e-01,4.758163988590240479e-01
4.777054488658905029e-01,7.402337789535522461e-01,4.570447206497192383e-01,1.223175004124641418e-01
3.440897464752197266e-01,-8.137482404708862305e-01,3.092350661754608154e-01,-3.518376648426055908e-01
2.861632108688354492e-01,-4.461301863193511963e-01,-7.481690645217895508e-01,3.991510570049285889e-01
4.877661466598510742e-01,-7.609337568283081055e-01,-4.251416325569152832e-01,-4.815131798386573792e-02
2.017714530229568481e-01,1.229132432490587234e-02,8.721187710762023926e-01,-4.455851018428802490e-01
4.029535353183746338e-01,-4.904727935791015625e-01,7.219107747077941895e-01,2.755171358585357666e-01
4.391788840293884277e-01,8.709872961044311523e-01,6.384740769863128662e-02,-2.107761949300765991e-01
3.697558119893074036e-02,7.867239713668823242e-01,-3.804434835910797119e-01,-4.847276806831359863e-01
3.828868269920349121e-02,8.365953564643859863e-01,-2.544732093811035156e-01,4.836171269416809082e-01
4.370594620704650879e-01,1.993395835161209106e-01,8.519910573959350586e-01,2.082162648439407349e-01
3.980185091495513916e-01,6.385829448699951172e-01,-5.990102887153625488e-01,-2.738242149353027344e-01
2.001290321350097656e-01,-5.251985788345336914e-01,7.012450098991394043e-01,4.386003315448760986e-01
4.788942635059356689e-01,8.704484701156616211e-01,1.042791083455085754e-01,4.588663578033447266e-02
2.785965204238891602e-01,-8.143160939216613770e-01,-3.262215852737426758e-01,-3.909638524055480957e-01
3.359324634075164795e-01,1.799751222133636475e-01,-8.591372370719909668e-01,3.415282666683197021e-01
4.627506732940673828e-01,-2.738789618015289307e-01,-8.345505595207214355e-01,-1.199059784412384033e-01
1.272609084844589233e-01,-5.861731767654418945e-01,6.548755168914794922e-01,-4.597213566303253174e-01
9.239913523197174072e-02,6.109402775764465332e-01,6.326053142547607422e-01,4.669313728809356689e-01
4.496018886566162109e-01,2.425350695848464966e-01,-8.459259867668151855e-01,1.531146168708801270e-01
3.566276431083679199e-01,-2.130556851625442505e-01,-8.543991446495056152e-01,-3.121315240859985352e-01
2.449276149272918701e-01,8.049286007881164551e-01,-3.584092259407043457e-01,4.045284688472747803e-01
4.717622995376586914e-01,-8.708115816116333008e-01,1.379525661468505859e-01,-9.827773086726665497e-03
2.268708795309066772e-01,5.552246570587158203e-01,6.855989098548889160e-01,-4.125642776489257812e-01
3.660917580127716064e-01,-6.662601232528686523e-01,-5.791323781013488770e-01,2.944146096706390381e-01
4.370462596416473389e-01,-1.685187667608261108e-01,8.671071529388427734e-01,-1.694612950086593628e-01
7.160568982362747192e-02,-8.832745552062988281e-01,3.280341625213623047e-02,-4.621932804584503174e-01
1.431222409009933472e-01,-8.045474886894226074e-01,-3.673280477523803711e-01,4.441727697849273682e-01
4.552019536495208740e-01,-8.809719681739807129e-01,8.421083539724349976e-02,9.791860729455947876e-02
3.116965889930725098e-01,5.137346982955932617e-01,7.212879657745361328e-01,-3.444786667823791504e-01
2.844739258289337158e-01,7.117473520338535309e-03,8.860618472099304199e-01,3.659485280513763428e-01
4.581129550933837891e-01,7.642681598663330078e-01,-4.494740962982177734e-01,-6.324315071105957031e-02
1.738879382610321045e-01,4.374100267887115479e-01,-7.718690633773803711e-01,-4.273799359798431396e-01
3.897946476936340332e-01,8.366165757179260254e-01,2.969151735305786133e-01,2.448963075876235962e-01
4.060449004173278809e-01,-7.453199028968811035e-01,4.832812249660491943e-01,-2.146276533603668213e-01
1.710971258580684662e-02,7.916831970214843750e-01,4.040751755237579346e-01,-4.578953981399536133e-01
6.566637661308050156e-03,-4.447320401668548584e-01,7.702136635780334473e-01,4.571009278297424316e-01
3.982106447219848633e-01,8.899394273757934570e-01,4.244636511430144310e-05,2.223422676324844360e-01
3.907389044761657715e-01,-8.601343035697937012e-01,-2.305162549018859863e-01,-2.331402003765106201e-01
1.613652408123016357e-01,7.770124822854995728e-02,-8.876417279243469238e-01,4.242828488349914551e-01
4.470591843128204346e-01,-3.767611086368560791e-01,-8.080674409866333008e-01,7.222326844930648804e-02
2.853948473930358887e-01,-5.117403864860534668e-01,7.307668328285217285e-01,-3.502161502838134766e-01
2.946299016475677490e-01,4.630613625049591064e-01,7.631835937500000000e-01,3.410545885562896729e-01
4.416114687919616699e-01,4.296687245368957520e-01,-7.830941081047058105e-01,-8.442599326372146606e-02
1.473335027694702148e-01,-1.945491135120391846e-02,-8.935601115226745605e-01,-4.236327707767486572e-01
5.832192674279212952e-02,3.838779330253601074e-01,-8.077390789985656738e-01,4.436145424842834473e-01
4.123330414295196533e-01,-5.802097320556640625e-01,6.812766790390014648e-01,1.708806902170181274e-01
3.532844483852386475e-01,8.806442618370056152e-01,1.619367003440856934e-01,-2.709839344024658203e-01
2.050130367279052734e-01,-8.959304690361022949e-01,-6.558239459991455078e-03,3.939990997314453125e-01
4.426200687885284424e-01,4.425545632839202881e-01,7.796514630317687988e-01,1.940483786165714264e-02
2.375220507383346558e-01,-8.884885311126708984e-01,-1.235946044325828552e-01,-3.726872503757476807e-01
3.249645531177520752e-01,-3.258724510669708252e-02,-8.969962000846862793e-01,2.978824973106384277e-01
4.193983376026153564e-01,-4.770083129405975342e-01,-7.609886527061462402e-01,-1.321529895067214966e-01
9.501047432422637939e-02,-4.207858145236968994e-01,7.940758466720581055e-01,-4.282006919384002686e-01
1.069990396499633789e-01,-1.497458964586257935e-01,8.866622447967529297e-01,4.242139160633087158e-01
4.198045134544372559e-01,8.432537317276000977e-01,-3.138366937637329102e-01,1.191379800438880920e-01
3.122749924659729004e-01,5.737065076828002930e-01,-6.938354969024658203e-01,-3.032118976116180420e-01
2.437487989664077759e-01,7.833891510963439941e-01,4.447750449180603027e-01,3.592534959316253662e-01
4.318738579750061035e-01,-1.258160620927810669e-01,8.925638794898986816e-01,-3.138427808880805969e-02
1.882651448249816895e-01,8.363932371139526367e-01,-3.375247120857238770e-01,-3.886896967887878418e-01
3.491750359535217285e-01,-7.655350565910339355e-01,4.779217243194580078e-01,2.522373199462890625e-01
3.919957876205444336e-01,7.971373796463012695e-01,4.242660999298095703e-01,-1.758112907409667969e-01
4.362497478723526001e-02,-6.605625748634338379e-01,-6.164927482604980469e-01,-4.262518286705017090e-01
2.270226180553436279e-02,-5.577026605606079102e-01,-7.115831375122070312e-01,4.267338812351226807e-01
3.798936605453491211e-01,-8.392771482467651367e-01,-3.375991880893707275e-01,1.931875795125961304e-01
3.562905192375183105e-01,1.273450106382369995e-01,8.961691856384277344e-01,-2.317781895399093628e-01
1.659374535083770752e-01,5.892639160156250000e-01,6.878085136413574219e-01,3.900670111179351807e-01
4.196316897869110107e-01,3.012068271636962891e-01,-8.547300696372985840e-01,5.118778720498085022e-02
2.534504234790802002e-01,-1.666112393140792847e-01,-8.913508653640747070e-01,-3.368935286998748779e-01
2.869725227355957031e-01,8.493813872337341309e-01,-3.190507888793945312e-01,3.072533011436462402e-01
4.084424376487731934e-01,-9.035512804985046387e-01,8.839567750692367554e-02,-9.463632106781005859e-02
1.219236627221107483e-01,5.286414623260498047e-01,7.387378215789794922e-01,-3.999241292476654053e-01
7.033336907625198364e-02,-8.979449272155761719e-01,1.409496665000915527e-01,4.109517633914947510e-01
3.899613022804260254e-01,5.713758468627929688e-01,7.075861096382141113e-01,1.441587358713150024e-01
3.189210295677185059e-01,-7.438796162605285645e-01,5.241832733154296875e-01,-2.648855745792388916e-01
2.048967331647872925e-01,-6.457735300064086914e-01,-6.419330835342407227e-01,3.590484261512756348e-01
4.122106134891510010e-01,-8.807410597801208496e-01,-2.331807911396026611e-01,2.072487724944949150e-03
2.073018550872802734e-01,2.385702580213546753e-01,8.798516392707824707e-01,-3.549242913722991943e-01
3.126271367073059082e-01,-3.094184994697570801e-01,8.580742478370666504e-01,2.650151550769805908e-01
3.847002089023590088e-01,8.983501195907592773e-01,-1.611673533916473389e-01,-1.378330290317535400e-01
7.276948541402816772e-02,6.978189945220947266e-01,-5.890950560569763184e-01,-4.008992612361907959e-01
1.145556569099426270e-01,8.884989619255065918e-01,-2.133788019418716431e-01,3.897641003131866455e-01
3.936536014080047607e-01,-3.718163669109344482e-01,8.352784514427185059e-01,9.539046883583068848e-02
2.786044776439666748e-01,9.098114967346191406e-01,-9.569265693426132202e-02,-2.923448085784912109e-01
2.388060539960861206e-01,-8.798854947090148926e-01,2.523730993270874023e-01,3.241620659828186035e-01
3.989285528659820557e-01,6.588878631591796875e-01,6.361870169639587402e-01,-4.459614679217338562e-02
1.603547483682632446e-01,-4.720540344715118408e-01,-7.854990363121032715e-01,-3.666641712188720703e-01
3.322308361530303955e-01,6.919962167739868164e-01,-6.016324162483215332e-01,2.209125459194183350e-01
3.563331961631774902e-01,2.986433506011962891e-01,-8.675304055213928223e-01,-1.767194867134094238e-01
2.504537440836429596e-02,-9.011473059654235840e-01,1.752340346574783325e-01,-3.957262933254241943e-01
3.628934547305107117e-02,8.882489204406738281e-01,2.340168505907058716e-01,3.936153948307037354e-01
3.579019010066986084e-01,-2.415996044874191284e-01,-8.867672681808471680e-01,1.648625880479812622e-01
3.207128047943115234e-01,-6.529921293258666992e-01,-6.475371718406677246e-01,-2.268042415380477905e-01
1.671359390020370483e-01,5.246113538742065430e-01,-7.559514641761779785e-01,3.540987074375152588e-01
3.889816999435424805e-01,-7.027952075004577637e-01,5.947563648223876953e-01,3.220233321189880371e-02
2.216649800539016724e-01,8.669707179069519043e-01,3.114396035671234131e-01,-3.197371065616607666e-01
2.754948437213897705e-01,-9.084026217460632324e-01,-1.562500745058059692e-01,2.729344367980957031e-01
3.728989362716674805e-01,3.190679848194122314e-01,8.653216361999511719e-01,-1.017862185835838318e-01
9.797824919223785400e-02,-8.812475204467773438e-01,-2.737978398799896240e-01,-3.726094067096710205e-01
7.940772175788879395e-02,-6.650123000144958496e-01,-6.405448317527770996e-01,3.757064640522003174e-01
3.638643324375152588e-01,-8.967031240463256836e-01,-2.223491817712783813e-01,1.186891570687294006e-01
2.837693393230438232e-01,2.559378147125244141e-01,8.882499933242797852e-01,-2.549171745777130127e-01
2.010901719331741333e-01,-2.999985516071319580e-01,8.749111890792846680e-01,3.226360082626342773e-01
3.786702454090118408e-01,9.082125425338745117e-01,-1.777506023645401001e-01,-1.278777979314327240e-02
1.776532232761383057e-01,6.980574727058410645e-01,-6.083893775939941406e-01,-3.331928253173828125e-01
2.962618768215179443e-01,7.207731008529663086e-01,5.821379423141479492e-01,2.320139259099960327e-01
3.478551506996154785e-01,-6.283894777297973633e-01,6.815435886383056641e-01,-1.400778144598007202e-01
5.243361368775367737e-02,9.049425125122070312e-01,2.035450339317321777e-01,-3.699988424777984619e-01
1.187812834978103638e-01,-5.883656144142150879e-01,7.177423238754272461e-01,3.529346585273742676e-01
3.637534081935882568e-01,9.162848591804504395e-01,1.507537662982940674e-01,7.334011793136596680e-02
2.445193827152252197e-01,-8.465242385864257812e-01,-3.829856216907501221e-01,-2.773608267307281494e-01
2.298613786697387695e-01,2.302999645471572876e-01,-9.006773829460144043e-01,2.879338860511779785e-01
3.629760146141052246e-01,-2.510347664356231689e-01,-8.956650495529174805e-01,-5.490029230713844299e-02
1.334567666053771973e-01,-6.505181193351745605e-01,6.656103134155273438e-01,-3.405559360980987549e-01
3.110660910606384277e-01,-1.911168843507766724e-01,9.114065170288085938e-01,1.898694187402725220e-01
3.187862634658813477e-01,8.853577375411987305e-01,-2.903545200824737549e-01,-1.738138496875762939e-01
8.833020925521850586e-03,6.219145059585571289e-01,-6.945235729217529297e-01,-3.616370558738708496e-01
9.835051372647285461e-03,6.573523283004760742e-01,-6.618195772171020508e-01,3.602583706378936768e-01
3.157167732715606689e-01,-8.066973686218261719e-01,4.693965017795562744e-01,1.709654033184051514e-01
3.047577738761901855e-01,8.103117942810058594e-01,4.641821384429931641e-01,-1.872228085994720459e-01
1.309551447629928589e-01,-8.790975213050842285e-01,-3.165981173515319824e-01,3.313666880130767822e-01
3.510913252830505371e-01,1.654592156410217285e-01,9.201340675354003906e-01,5.207142606377601624e-02
2.197839915752410889e-01,-7.570033073425292969e-01,5.494961738586425781e-01,-2.769386172294616699e-01
2.336481362581253052e-01,-6.729755401611328125e-01,-6.504463553428649902e-01,2.634994983673095703e-01
3.436602950096130371e-01,-9.085431098937988281e-01,-2.269417047500610352e-01,-7.031699270009994507e-02
1.104927510023117065e-01,2.578777372837066650e-01,9.007934331893920898e-01,-3.314538598060607910e-01
4.981582611799240112e-02,5.284220576286315918e-01,7.743877768516540527e-01,3.444011211395263672e-01
3.218623101711273193e-01,4.066541790962219238e-01,-8.452900052070617676e-01,1.285373419523239136e-01
2.711387872695922852e-01,-7.051125168800354004e-02,-9.358886480331420898e-01,-2.135986387729644775e-01
1.626003235578536987e-01,9.099302291870117188e-01,-2.320839315652847290e-01,3.028616905212402344e-01
3.421633541584014893e-01,-3.700105547904968262e-01,8.636577129364013672e-01,1.057088002562522888e-02
1.794837713241577148e-01,9.334706664085388184e-01,-1.114519089460372925e-01,-2.898215353488922119e-01
2.531809210777282715e-01,-9.004328250885009766e-01,2.720043361186981201e-01,2.261278331279754639e-01
3.210538029670715332e-01,6.861574649810791016e-01,6.441507339477539062e-01,-1.057462394237518311e-01
6.865268945693969727e-02,-4.963321089744567871e-01,-8.002331852912902832e-01,-3.294966816902160645e-01
8.615378290414810181e-02,-8.444102108478546143e-02,-9.383842349052429199e-01,3.238552212715148926e-01
3.221339583396911621e-01,-5.426184535026550293e-01,-7.708677649497985840e-01,8.693578839302062988e-02
2.353166490793228149e-01,-3.964995443820953369e-01,8.558250665664672852e-01,-2.344730943441390991e-01
1.892058253288269043e-01,6.239998340606689453e-01,7.079895734786987305e-01,2.712492644786834717e-01
3.280373215675354004e-01,3.013020753860473633e-01,-8.948847055435180664e-01,-2.810610458254814148e-02
1.390474587678909302e-01,-1.866092085838317871e-01,-9.261506795883178711e-01,-2.967956960201263428e-01
2.669197618961334229e-01,8.801571130752563477e-01,-3.447870314121246338e-01,1.876143962144851685e-01
2.945780456066131592e-01,-9.399171471595764160e-01,1.052947714924812317e-01,-1.367205828428268433e-01
2.875149250030517578e-02,5.614527463912963867e-01,7.617602348327636719e-01,-3.219713270664215088e-01
2.124446444213390350e-02,-8.398239016532897949e-01,4.372415542602539062e-01,3.210362792015075684e-01
2.872830331325531006e-01,7.990090847015380859e-01,5.089650750160217285e-01,1.414479315280914307e-01
2.648686766624450684e-01,-8.906792402267456055e-01,3.242344856262207031e-01,-1.772204637527465820e-01
1.279146820306777954e-01,-4.742310047149658203e-01,-8.212910890579223633e-01,2.902133166790008545e-01
3.137551844120025635e-01,-8.217874169349670410e-01,-4.744007587432861328e-01,3.416224569082260132e-02
1.855466812849044800e-01,5.060991315986029804e-05,9.494035840034484863e-01,-2.533875405788421631e-01
2.162396609783172607e-01,-5.448089838027954102e-01,7.781561017036437988e-01,2.256028801202774048e-01
3.019763529300689697e-01,9.468193650245666504e-01,8.278510719537734985e-02,-7.409431785345077515e-02
8.638101071119308472e-02,8.618276715278625488e-01,-4.019327759742736816e-01,-2.970546185970306396e-01
5.583788827061653137e-02,9.510575532913208008e-01,2.762220799922943115e-02,3.026692867279052734e-01
2.885393202304840088e-01,1.891639083623886108e-01,9.329882264137268066e-01,1.024454236030578613e-01
2.317733317613601685e-01,7.137938141822814941e-01,-6.306543946266174316e-01,-1.976222693920135498e-01
1.535582840442657471e-01,-5.937570333480834961e-01,7.454231977462768555e-01,2.611833214759826660e-01
3.013546764850616455e-01,9.429404735565185547e-01,1.415731161832809448e-01,-2.380952704697847366e-03
1.478142142295837402e-01,-8.746380805969238281e-01,-3.810045421123504639e-01,-2.607579529285430908e-01
2.298692166805267334e-01,2.234566956758499146e-01,-9.280085563659667969e-01,1.898086667060852051e-01
2.777748107910156250e-01,-2.706300318241119385e-01,-9.158977866172790527e-01,-1.035943180322647095e-01
4.889815300703048706e-02,-6.582278013229370117e-01,6.926919221878051758e-01,-2.907284498214721680e-01
8.629278838634490967e-02,6.433793306350708008e-01,7.071955204010009766e-01,2.801625430583953857e-01
2.841459214687347412e-01,2.909149229526519775e-01,-9.112670421600341797e-01,6.497716158628463745e-02
1.972016245126724243e-01,-2.038024663925170898e-01,-9.351364374160766602e-01,-2.123579382896423340e-01
1.738682836294174194e-01,8.860116004943847656e-01,-3.632844686508178711e-01,2.297338396310806274e-01
2.842027842998504639e-01,-9.503520727157592773e-01,1.216539070010185242e-01,-3.549676015973091125e-02
1.106954589486122131e-01,5.808401107788085938e-01,7.626073956489562988e-01,-2.622998356819152832e-01
2.376481592655181885e-01,-7.048154473304748535e-01,-6.505052447319030762e-01,1.536277234554290771e-01
2.503290772438049316e-01,-2.110582590103149414e-01,9.361371994018554688e-01,-1.282065212726593018e-01
1.404692232608795166e-02,-9.208168387413024902e-01,-2.719767689704895020e-01,-2.791553139686584473e-01
2.907309681177139282e-02,-8.681916594505310059e-01,-4.112114310264587402e-01,2.762303352355957031e-01
2.521478533744812012e-01,-9.579882025718688965e-01,7.801753282546997070e-02,1.122200563549995422e-01
2.218235731124877930e-01,5.468480587005615234e-01,7.910511493682861328e-01,-1.612129509449005127e-01
1.194611415266990662e-01,-5.779621191322803497e-03,9.621579051017761230e-01,2.448423653841018677e-01
2.699764072895050049e-01,8.365839123725891113e-01,-4.763246774673461914e-01,1.883961819112300873e-02
1.502917110919952393e-01,4.865967333316802979e-01,-8.312388062477111816e-01,-2.228856831789016724e-01
1.920904517173767090e-01,9.035822749137878418e-01,3.350373208522796631e-01,1.854462772607803345e-01
2.548824846744537354e-01,-8.162978291511535645e-01,5.131717920303344727e-01,-7.312600314617156982e-02
6.366548687219619751e-02,8.530164361000061035e-01,4.505852460861206055e-01,-2.555046975612640381e-01
5.736841261386871338e-02,-7.859027385711669922e-01,5.603547692298889160e-01,2.550847828388214111e-01
2.478048652410507202e-01,8.786930441856384277e-01,4.006441831588745117e-01,7.730174064636230469e-02
1.894597113132476807e-01,-7.454479336738586426e-01,-6.147366166114807129e-01,-1.746747493743896484e-01
1.380949765443801880e-01,4.762006103992462158e-01,-8.413104414939880371e-01,2.153124809265136719e-01
2.535995841026306152e-01,-8.257728070020675659e-03,-9.672014713287353516e-01,-1.184809859842061996e-02
1.156527921557426453e-01,-8.339270949363708496e-01,4.910081923007965088e-01,-2.238325178623199463e-01
1.988019794225692749e-01,5.138323307037353516e-01,8.206560611724853516e-01,1.515842080116271973e-01
2.288675159215927124e-01,4.540290832519531250e-01,-8.557652235031127930e-01,-9.561955928802490234e-02
3.137279674410820007e-02,-3.469993174076080322e-02,-9.686325788497924805e-01,-2.440545558929443359e-01
8.083583414554595947e-02,4.039222896099090576e-01,-8.816328644752502441e-01,2.302952110767364502e-01
2.378852218389511108e-01,-6.186633110046386719e-01,7.474369406700134277e-01,4.477017745375633240e-02
1.563949137926101685e-01,9.571270942687988281e-01,1.621437072753906250e-01,-1.820928901433944702e-01
1.508737206459045410e-01,-9.712449908256530762e-01,6.526374258100986481e-03,1.840590834617614746e-01
2.328034490346908569e-01,4.915287196636199951e-01,8.382931947708129883e-01,-3.829645738005638123e-02
8.250264823436737061e-02,-9.647848606109619141e-01,-1.204268410801887512e-01,-2.188168466091156006e-01
1.993618756532669067e-01,-4.896112158894538879e-02,-9.715409874916076660e-01,1.181768998503684998e-01
2.001801133155822754e-01,-5.284445285797119141e-01,-8.173199892044067383e-01,-1.125268638134002686e-01
2.614384517073631287e-03,-4.438262283802032471e-01,8.667528033256530762e-01,-2.274884134531021118e-01
1.294822897762060165e-03,2.831817269325256348e-01,9.322161078453063965e-01,2.253432273864746094e-01
1.939085423946380615e-01,6.660743355751037598e-01,-7.117164134979248047e-01,1.104724630713462830e-01
1.907283812761306763e-01,2.210926115512847900e-01,-9.498894214630126953e-01,-1.115831807255744934e-01
7.599678635597229004e-02,9.743505716323852539e-01,5.281423404812812805e-02,2.051244825124740601e-01
2.134296298027038574e-01,-1.164864227175712585e-01,9.693069458007812500e-01,3.637018799781799316e-02
1.367650330066680908e-01,8.981474041938781738e-01,-3.839698135852813721e-01,-1.649053096771240234e-01
1.371680945158004761e-01,-8.182452917098999023e-01,5.343713760375976562e-01,1.615759581327438354e-01
2.062340229749679565e-01,8.723474740982055664e-01,4.416611492633819580e-01,-3.758772835135459900e-02
6.977662444114685059e-02,-7.286844849586486816e-01,-6.527251601219177246e-01,-1.951921433210372925e-01
2.495885081589221954e-02,-3.584164679050445557e-01,-9.107938408851623535e-01,2.033943086862564087e-01
1.864178627729415894e-01,-7.661849260330200195e-01,-6.098729968070983887e-01,7.914548367261886597e-02
1.598137170076370239e-01,-1.451468914747238159e-01,9.689650535583496094e-01,-1.204102858901023865e-01
8.971510082483291626e-02,3.984114229679107666e-01,8.956594467163085938e-01,1.761070638895034790e-01
1.948879957199096680e-01,5.767509937286376953e-01,-7.932668924331665039e-01,1.022768300026655197e-02
1.049297451972961426e-01,1.028997376561164856e-01,-9.758597612380981445e-01,-1.615522354841232300e-01
1.390110254287719727e-01,9.793989062309265137e-01,-6.815434247255325317e-02,1.296485513448715210e-01
1.793110817670822144e-01,-9.641543626785278320e-01,-1.877500861883163452e-01,-5.480681732296943665e-02
4.160132631659507751e-02,3.196424841880798340e-01,9.293271899223327637e-01,-1.801361143589019775e-01
4.304027557373046875e-02,-9.744246602058410645e-01,-1.315047442913055420e-01,1.770611703395843506e-01
1.722689568996429443e-01,3.735143542289733887e-01,9.100881814956665039e-01,5.049721524119377136e-02
1.278835386037826538e-01,-8.019019365310668945e-01,5.707041621208190918e-01,-1.220483481884002686e-01
9.644421190023422241e-02,-7.016360759735107422e-01,-6.909655332565307617e-01,1.448169648647308350e-01
1.708137094974517822e-01,-9.535972476005554199e-01,-2.477002739906311035e-01,-1.093392074108123779e-02
7.466144859790802002e-02,2.624157965183258057e-01,9.501671791076660156e-01,-1.508177071809768677e-01
1.332038491964340210e-01,-3.302008509635925293e-01,9.293135404586791992e-01,9.798206388950347900e-02
1.487277001142501831e-01,9.703963398933410645e-01,-1.787841171026229858e-01,-6.517098844051361084e-02
1.758905872702598572e-02,7.513723373413085938e-01,-6.403506398200988770e-01,-1.583706140518188477e-01
6.955674849450588226e-03,8.417158722877502441e-01,-5.168175101280212402e-01,1.560951024293899536e-01
1.358586549758911133e-01,-1.024364680051803589e-01,9.828882217407226562e-01,7.056858390569686890e-02
1.263265013694763184e-01,9.028754830360412598e-01,-4.029328525066375732e-01,-8.063840121030807495e-02
5.621356889605522156e-02,-8.195993304252624512e-01,5.538704991340637207e-01,1.353676766157150269e-01
1.419970691204071045e-01,8.899093270301818848e-01,4.330745339393615723e-01,1.856458932161331177e-02
8.497741818428039551e-02,-7.478710412979125977e-01,-6.489666104316711426e-01,-1.109508350491523743e-01
9.211605042219161987e-02,5.094944834709167480e-01,-8.496238589286804199e-01,1.003460064530372620e-01
1.294139772653579712e-01,1.643138751387596130e-02,-9.910357594490051270e-01,-2.881230972707271576e-02
3.863471373915672302e-02,-8.669083714485168457e-01,4.815270304679870605e-01,-1.229183524847030640e-01
2.002414315938949585e-02,8.471578955650329590e-01,5.164286494255065918e-01,1.233857125043869019e-01
1.131562069058418274e-01,2.367312461137771606e-02,-9.923664331436157227e-01,4.294309765100479126e-02
9.058841317892074585e-02,-4.759173393249511719e-01,-8.716827630996704102e-01,-7.392979413270950317e-02
5.499992519617080688e-02,7.761816978454589844e-01,-6.203600764274597168e-01,9.833779186010360718e-02
1.082430928945541382e-01,-9.107450246810913086e-01,3.985281884670257568e-01,1.477242680266499519e-03
5.304230377078056335e-02,8.009034395217895508e-01,5.897554159164428711e-01,-8.904325962066650391e-02
7.482754439115524292e-02,-8.915856480598449707e-01,-4.419382512569427490e-01,6.454814970493316650e-02
8.852553367614746094e-02,6.309415400028228760e-02,9.935945272445678711e-01,-3.085922636091709137e-02
1.653488539159297943e-02,-8.270879387855529785e-01,-5.550792813301086426e-01,-8.682797849178314209e-02
2.262974157929420471e-02,-4.902347326278686523e-01,-8.676600456237792969e-01,7.952252775430679321e-02
7.423540204763412476e-02,-8.588076829910278320e-01,-5.065471529960632324e-01,1.866761781275272369e-02
4.864171892404556274e-02,-9.283408522605895996e-03,9.975124001502990723e-01,-5.016767606139183044e-02
3.663481771945953369e-02,-5.800385475158691406e-01,8.121877908706665039e-01,5.063733831048011780e-02
5.384134501218795776e-02,9.938814043998718262e-01,9.628136456012725830e-02,-5.549501162022352219e-03
1.805654726922512054e-02,9.093121886253356934e-01,-4.137610495090484619e-01,-4.033715650439262390e-02
2.587222866714000702e-02,5.656520128250122070e-01,8.240516781806945801e-01,1.752684451639652252e-02
0.000000000000000000e+00,4.393208324909210205e-01,8.983302116394042969e-01,0.000000000000000000e+00
